ISO-10303-21;
HEADER;
FILE_DESCRIPTION(('STEP AP214'),'1');
FILE_NAME('SOIC14_SL_MCH','2026-09-02T04:57:28',(''),(''),'','','');
FILE_SCHEMA(('AUTOMOTIVE_DESIGN'));
ENDSEC;
DATA;
#1=SHAPE_DEFINITION_REPRESENTATION(#2,#3);
#2=PRODUCT_DEFINITION_SHAPE('',$,#4);
#3=SHAPE_REPRESENTATION('',(#164,#210,#480,#800,#1094,#1387,#1677,#1967,#2257,#2547,#2853,#3144,#3434,#3724,#4014,#4304,#19),#11);
#4=PRODUCT_DEFINITION('design','example product_definition',#6,#5);
#5=PRODUCT_DEFINITION_CONTEXT('3D Mechanical Parts',#10,'design');
#6=PRODUCT_DEFINITION_FORMATION('1.0','first version',#8);
#7=APPLICATION_PROTOCOL_DEFINITION('international standard','automotive_design',2003,#10);
#8=PRODUCT('product','part','',(#9));
#9=PRODUCT_CONTEXT('3D Mechanical Parts',#10,'mechanical');
#10=APPLICATION_CONTEXT('Core Data for Automotive Mechanical Design Process');
#11=(GEOMETRIC_REPRESENTATION_CONTEXT(3) GLOBAL_UNCERTAINTY_ASSIGNED_CONTEXT((#12)) GLOBAL_UNIT_ASSIGNED_CONTEXT((#13,#14,#18)) REPRESENTATION_CONTEXT('ID1','3D'));
#12=UNCERTAINTY_MEASURE_WITH_UNIT(LENGTH_MEASURE(1.E-005),#13,'DISTANCE_ACCURACY_VALUE','Maximum model space distance between geometric entities at asserted connectivities');
#13=(LENGTH_UNIT() NAMED_UNIT(*) SI_UNIT(.MILLI.,.METRE.));
#14=(CONVERSION_BASED_UNIT('degree',#16) NAMED_UNIT(#15) PLANE_ANGLE_UNIT());
#15=DIMENSIONAL_EXPONENTS(0.,0.,0.,0.,0.,0.,0.);
#16=MEASURE_WITH_UNIT(PLANE_ANGLE_MEASURE(0.01745329252),#17);
#17=(NAMED_UNIT(*) PLANE_ANGLE_UNIT() SI_UNIT($,.RADIAN.));
#18=(NAMED_UNIT(*) SI_UNIT($,.STERADIAN.) SOLID_ANGLE_UNIT());
#19=AXIS2_PLACEMENT_3D('',#20,#21,#22);
#20=CARTESIAN_POINT('',(0.0,0.0,0.0));
#21=DIRECTION('',(0.0,0.0,1.0));
#22=DIRECTION('',(1.0,0.0,0.0));
#23=MECHANICAL_DESIGN_GEOMETRIC_PRESENTATION_REPRESENTATION($,(#207,#208,#209,#212,#245,#271,#291,#311,#325,#348,#364,#380,#392,#418,#437,#457,#470,#482,#512,#535,#558,#591,#622,#652,#680,#694,#714,#730,#748,#764,#782,#802,#828,#849,#870,#896,#922,#949,#976,#990,#1008,#1024,#1042,#1058,#1076,#1096,#1124,#1144,#1164,#1190,#1217,#1243,#1269,#1283,#1301,#1317,#1335,#1351,#1369,#1389,#1415,#1435,#1455,#1481,#1507,#1533,#1559,#1573,#1591,#1607,#1625,#1641,#1659,#1679,#1705,#1725,#1745,#1771,#1797,#1823,#1849,#1863,#1881,#1897,#1915,#1931,#1949,#1969,#1995,#2015,#2035,#2061,#2087,#2113,#2139,#2153,#2171,#2187,#2205,#2221,#2239,#2259,#2285,#2305,#2325,#2351,#2377,#2403,#2429,#2443,#2461,#2477,#2495,#2511,#2529,#2549,#2575,#2595,#2615,#2648,#2679,#2707,#2733,#2747,#2767,#2783,#2801,#2817,#2835,#2855,#2881,#2901,#2921,#2947,#2974,#3000,#3026,#3040,#3058,#3074,#3092,#3108,#3126,#3146,#3172,#3192,#3212,#3238,#3264,#3290,#3316,#3330,#3348,#3364,#3382,#3398,#3416,#3436,#3462,#3482,#3502,#3528,#3554,#3580,#3606,#3620,#3638,#3654,#3672,#3688,#3706,#3726,#3752,#3772,#3792,#3818,#3844,#3870,#3896,#3910,#3928,#3944,#3962,#3978,#3996,#4016,#4042,#4062,#4082,#4108,#4134,#4160,#4186,#4200,#4218,#4234,#4252,#4268,#4286,#4306,#4332,#4352,#4372,#4398,#4424,#4450,#4476,#4490,#4508,#4524,#4542,#4558,#4576),#11);
#24=PRODUCT_CATEGORY_RELATIONSHIP('','',#25,#26);
#25=PRODUCT_CATEGORY('part','');
#26=PRODUCT_RELATED_PRODUCT_CATEGORY('','',(#8));
#27=PRESENTATION_STYLE_ASSIGNMENT((#28,#33));
#28=SURFACE_STYLE_USAGE(.BOTH.,#29);
#29=SURFACE_SIDE_STYLE('',(#30));
#30=SURFACE_STYLE_FILL_AREA(#31);
#31=FILL_AREA_STYLE('',(#32));
#32=FILL_AREA_STYLE_COLOUR('',#34);
#33=CURVE_STYLE('',#35,POSITIVE_LENGTH_MEASURE(0.1),#34);
#34=COLOUR_RGB('Aluminum',0.725,0.725,0.725);
#35=DRAUGHTING_PRE_DEFINED_CURVE_FONT('continuous');
#36=PRESENTATION_STYLE_ASSIGNMENT((#37,#42));
#37=SURFACE_STYLE_USAGE(.BOTH.,#38);
#38=SURFACE_SIDE_STYLE('',(#39));
#39=SURFACE_STYLE_FILL_AREA(#40);
#40=FILL_AREA_STYLE('',(#41));
#41=FILL_AREA_STYLE_COLOUR('',#43);
#42=CURVE_STYLE('',#35,POSITIVE_LENGTH_MEASURE(0.1),#43);
#43=COLOUR_RGB('Gray',0.431,0.431,0.431);
#44=PRESENTATION_STYLE_ASSIGNMENT((#45,#50));
#45=SURFACE_STYLE_USAGE(.BOTH.,#46);
#46=SURFACE_SIDE_STYLE('',(#47));
#47=SURFACE_STYLE_FILL_AREA(#48);
#48=FILL_AREA_STYLE('',(#49));
#49=FILL_AREA_STYLE_COLOUR('',#51);
#50=CURVE_STYLE('',#35,POSITIVE_LENGTH_MEASURE(0.1),#51);
#51=COLOUR_RGB('Pin1',0.588,0.588,0.588);
#52=PRESENTATION_STYLE_ASSIGNMENT((#53,#58));
#53=SURFACE_STYLE_USAGE(.BOTH.,#54);
#54=SURFACE_SIDE_STYLE('',(#55));
#55=SURFACE_STYLE_FILL_AREA(#56);
#56=FILL_AREA_STYLE('',(#57));
#57=FILL_AREA_STYLE_COLOUR('',#59);
#58=CURVE_STYLE('',#35,POSITIVE_LENGTH_MEASURE(0.1),#59);
#59=COLOUR_RGB('HeatTab',0.588,0.588,0.588);
#60=PRESENTATION_STYLE_ASSIGNMENT((#61,#66));
#61=SURFACE_STYLE_USAGE(.BOTH.,#62);
#62=SURFACE_SIDE_STYLE('',(#63));
#63=SURFACE_STYLE_FILL_AREA(#64);
#64=FILL_AREA_STYLE('',(#65));
#65=FILL_AREA_STYLE_COLOUR('',#67);
#66=CURVE_STYLE('',#35,POSITIVE_LENGTH_MEASURE(0.1),#67);
#67=COLOUR_RGB('Black',0.196,0.196,0.196);
#68=PRESENTATION_STYLE_ASSIGNMENT((#69,#74));
#69=SURFACE_STYLE_USAGE(.BOTH.,#70);
#70=SURFACE_SIDE_STYLE('',(#71));
#71=SURFACE_STYLE_FILL_AREA(#72);
#72=FILL_AREA_STYLE('',(#73));
#73=FILL_AREA_STYLE_COLOUR('',#75);
#74=CURVE_STYLE('',#35,POSITIVE_LENGTH_MEASURE(0.1),#75);
#75=COLOUR_RGB('Gold',0.843,0.686,0.0);
#76=PRESENTATION_STYLE_ASSIGNMENT((#77,#82));
#77=SURFACE_STYLE_USAGE(.BOTH.,#78);
#78=SURFACE_SIDE_STYLE('',(#79));
#79=SURFACE_STYLE_FILL_AREA(#80);
#80=FILL_AREA_STYLE('',(#81));
#81=FILL_AREA_STYLE_COLOUR('',#83);
#82=CURVE_STYLE('',#35,POSITIVE_LENGTH_MEASURE(0.1),#83);
#83=COLOUR_RGB('Brown',0.459,0.345,0.176);
#84=PRESENTATION_STYLE_ASSIGNMENT((#85,#90));
#85=SURFACE_STYLE_USAGE(.BOTH.,#86);
#86=SURFACE_SIDE_STYLE('',(#87));
#87=SURFACE_STYLE_FILL_AREA(#88);
#88=FILL_AREA_STYLE('',(#89));
#89=FILL_AREA_STYLE_COLOUR('',#91);
#90=CURVE_STYLE('',#35,POSITIVE_LENGTH_MEASURE(0.1),#91);
#91=COLOUR_RGB('Tan',0.784,0.686,0.51);
#92=PRESENTATION_STYLE_ASSIGNMENT((#93,#98));
#93=SURFACE_STYLE_USAGE(.BOTH.,#94);
#94=SURFACE_SIDE_STYLE('',(#95));
#95=SURFACE_STYLE_FILL_AREA(#96);
#96=FILL_AREA_STYLE('',(#97));
#97=FILL_AREA_STYLE_COLOUR('',#99);
#98=CURVE_STYLE('',#35,POSITIVE_LENGTH_MEASURE(0.1),#99);
#99=COLOUR_RGB('Red',0.6,0.0,0.0);
#100=PRESENTATION_STYLE_ASSIGNMENT((#101,#106));
#101=SURFACE_STYLE_USAGE(.BOTH.,#102);
#102=SURFACE_SIDE_STYLE('',(#103));
#103=SURFACE_STYLE_FILL_AREA(#104);
#104=FILL_AREA_STYLE('',(#105));
#105=FILL_AREA_STYLE_COLOUR('',#107);
#106=CURVE_STYLE('',#35,POSITIVE_LENGTH_MEASURE(0.1),#107);
#107=COLOUR_RGB('Blue',0.157,0.157,0.588);
#108=PRESENTATION_STYLE_ASSIGNMENT((#109,#114));
#109=SURFACE_STYLE_USAGE(.BOTH.,#110);
#110=SURFACE_SIDE_STYLE('',(#111));
#111=SURFACE_STYLE_FILL_AREA(#112);
#112=FILL_AREA_STYLE('',(#113));
#113=FILL_AREA_STYLE_COLOUR('',#115);
#114=CURVE_STYLE('',#35,POSITIVE_LENGTH_MEASURE(0.1),#115);
#115=COLOUR_RGB('Maroon',0.294,0.0,0.0);
#116=PRESENTATION_STYLE_ASSIGNMENT((#117,#122));
#117=SURFACE_STYLE_USAGE(.BOTH.,#118);
#118=SURFACE_SIDE_STYLE('',(#119));
#119=SURFACE_STYLE_FILL_AREA(#120);
#120=FILL_AREA_STYLE('',(#121));
#121=FILL_AREA_STYLE_COLOUR('',#123);
#122=CURVE_STYLE('',#35,POSITIVE_LENGTH_MEASURE(0.1),#123);
#123=COLOUR_RGB('Green',0.0,0.294,0.0);
#124=PRESENTATION_STYLE_ASSIGNMENT((#125,#130));
#125=SURFACE_STYLE_USAGE(.BOTH.,#126);
#126=SURFACE_SIDE_STYLE('',(#127));
#127=SURFACE_STYLE_FILL_AREA(#128);
#128=FILL_AREA_STYLE('',(#129));
#129=FILL_AREA_STYLE_COLOUR('',#131);
#130=CURVE_STYLE('',#35,POSITIVE_LENGTH_MEASURE(0.1),#131);
#131=COLOUR_RGB('Pin1Wrap',0.98,0.706,0.176);
#132=PRESENTATION_STYLE_ASSIGNMENT((#133,#138));
#133=SURFACE_STYLE_USAGE(.BOTH.,#134);
#134=SURFACE_SIDE_STYLE('',(#135));
#135=SURFACE_STYLE_FILL_AREA(#136);
#136=FILL_AREA_STYLE('',(#137));
#137=FILL_AREA_STYLE_COLOUR('',#139);
#138=CURVE_STYLE('',#35,POSITIVE_LENGTH_MEASURE(0.1),#139);
#139=COLOUR_RGB('Pin1Rad',0.588,0.588,0.588);
#140=PRESENTATION_STYLE_ASSIGNMENT((#141,#146));
#141=SURFACE_STYLE_USAGE(.BOTH.,#142);
#142=SURFACE_SIDE_STYLE('',(#143));
#143=SURFACE_STYLE_FILL_AREA(#144);
#144=FILL_AREA_STYLE('',(#145));
#145=FILL_AREA_STYLE_COLOUR('',#147);
#146=CURVE_STYLE('',#35,POSITIVE_LENGTH_MEASURE(0.1),#147);
#147=COLOUR_RGB('Pin1Axial',0.98,0.706,0.176);
#148=PRESENTATION_STYLE_ASSIGNMENT((#149,#154));
#149=SURFACE_STYLE_USAGE(.BOTH.,#150);
#150=SURFACE_SIDE_STYLE('',(#151));
#151=SURFACE_STYLE_FILL_AREA(#152);
#152=FILL_AREA_STYLE('',(#153));
#153=FILL_AREA_STYLE_COLOUR('',#155);
#154=CURVE_STYLE('',#35,POSITIVE_LENGTH_MEASURE(0.1),#155);
#155=COLOUR_RGB('Pin1Tant',0.459,0.345,0.176);
#156=PRESENTATION_STYLE_ASSIGNMENT((#157,#162));
#157=SURFACE_STYLE_USAGE(.BOTH.,#158);
#158=SURFACE_SIDE_STYLE('',(#159));
#159=SURFACE_STYLE_FILL_AREA(#160);
#160=FILL_AREA_STYLE('',(#161));
#161=FILL_AREA_STYLE_COLOUR('',#163);
#162=CURVE_STYLE('',#35,POSITIVE_LENGTH_MEASURE(0.1),#163);
#163=COLOUR_RGB('Shroud',0.235,0.235,0.235);
#164=MANIFOLD_SOLID_BREP($,#165);
#165=CLOSED_SHELL('',(#166,#167,#168));
#166=ADVANCED_FACE($,(#172,#171),#189,.T.);
#167=ADVANCED_FACE($,(#173),#169,.F.);
#168=ADVANCED_FACE($,(#174),#170,.T.);
#169=PLANE($,#194);
#170=PLANE($,#195);
#171=FACE_BOUND($,#176,.T.);
#172=FACE_OUTER_BOUND($,#175,.T.);
#173=FACE_OUTER_BOUND($,#177,.T.);
#174=FACE_OUTER_BOUND($,#178,.T.);
#175=EDGE_LOOP($,(#185));
#176=EDGE_LOOP($,(#186));
#177=EDGE_LOOP($,(#187));
#178=EDGE_LOOP($,(#188));
#179=CIRCLE($,#192,0.09779);
#180=CIRCLE($,#193,0.09779);
#181=VERTEX_POINT('',#204);
#182=VERTEX_POINT('',#206);
#183=EDGE_CURVE($,#181,#181,#179,.T.);
#184=EDGE_CURVE($,#182,#182,#180,.T.);
#185=ORIENTED_EDGE($,*,*,#183,.F.);
#186=ORIENTED_EDGE($,*,*,#184,.F.);
#187=ORIENTED_EDGE($,*,*,#184,.T.);
#188=ORIENTED_EDGE($,*,*,#183,.T.);
#189=CYLINDRICAL_SURFACE($,#191,0.09779);
#190=AXIS2_PLACEMENT_3D('placement',#202,#196,#197);
#191=AXIS2_PLACEMENT_3D($,#203,#198,#199);
#192=AXIS2_PLACEMENT_3D($,#205,#198,#199);
#193=AXIS2_PLACEMENT_3D($,#203,#200,#199);
#194=AXIS2_PLACEMENT_3D($,#203,#198,#201);
#195=AXIS2_PLACEMENT_3D($,#205,#198,#201);
#196=DIRECTION('axis',(0.,1.,0.));
#197=DIRECTION('refdir',(1.,0.,0.));
#198=DIRECTION('',(0.,0.,1.));
#199=DIRECTION('',(1.,0.,0.));
#200=DIRECTION('',(0.,0.,-1.));
#201=DIRECTION('',(0.,1.,0.));
#202=CARTESIAN_POINT('',(0.,0.,0.));
#203=CARTESIAN_POINT('',(-1.269,3.602,1.753));
#204=CARTESIAN_POINT('',(-1.367,3.602,1.755));
#205=CARTESIAN_POINT('',(-1.269,3.602,1.755));
#206=CARTESIAN_POINT('',(-1.367,3.602,1.753));
#207=STYLED_ITEM('color',(#44),#166);
#208=STYLED_ITEM('color',(#44),#167);
#209=STYLED_ITEM('color',(#44),#168);
#210=MANIFOLD_SOLID_BREP($,#211);
#211=CLOSED_SHELL('',(#213,#246,#272,#292,#312,#326,#349,#365,#381,#393,#419,#438,#458,#471));
#212=STYLED_ITEM('',(#36),#213);
#213=ADVANCED_FACE('',(#217),#214,.T.);
#214=PLANE('',#215);
#215=AXIS2_PLACEMENT_3D('',#216,#21,#201);
#216=CARTESIAN_POINT('',(-1.702,-4.28,1.753));
#217=FACE_OUTER_BOUND('',#218,.T.);
#218=EDGE_LOOP('',(#219,#227,#234,#240));
#219=ORIENTED_EDGE('',*,*,#220,.F.);
#220=EDGE_CURVE('',#221,#223,#224,.T.);
#221=VERTEX_POINT('',#222);
#222=CARTESIAN_POINT('',(1.702,-4.28,1.753));
#223=VERTEX_POINT('',#216);
#224=LINE('',#222,#225);
#225=VECTOR('',#226,3.4036);
#226=DIRECTION('',(-1.0,0.0,0.0));
#227=ORIENTED_EDGE('',*,*,#228,.F.);
#228=EDGE_CURVE('',#229,#221,#231,.T.);
#229=VERTEX_POINT('',#230);
#230=CARTESIAN_POINT('',(1.702,4.28,1.753));
#231=LINE('',#230,#232);
#232=VECTOR('',#233,8.5598);
#233=DIRECTION('',(0.0,-1.0,0.0));
#234=ORIENTED_EDGE('',*,*,#235,.F.);
#235=EDGE_CURVE('',#236,#229,#238,.T.);
#236=VERTEX_POINT('',#237);
#237=CARTESIAN_POINT('',(-1.702,4.28,1.753));
#238=LINE('',#237,#239);
#239=VECTOR('',#22,3.4036);
#240=ORIENTED_EDGE('',*,*,#241,.F.);
#241=EDGE_CURVE('',#223,#236,#242,.T.);
#242=LINE('',#216,#243);
#243=VECTOR('',#244,8.5598);
#244=DIRECTION('',(0.0,1.0,0.0));
#245=STYLED_ITEM('',(#36),#246);
#246=ADVANCED_FACE('',(#251),#247,.T.);
#247=PLANE('',#248);
#248=AXIS2_PLACEMENT_3D('',#249,#250,#198);
#249=CARTESIAN_POINT('',(-1.956,-4.331,1.069));
#250=DIRECTION('',(0.0,-0.997,0.074));
#251=FACE_OUTER_BOUND('',#252,.T.);
#252=EDGE_LOOP('',(#253,#260,#265,#266));
#253=ORIENTED_EDGE('',*,*,#254,.F.);
#254=EDGE_CURVE('',#255,#257,#258,.T.);
#255=VERTEX_POINT('',#256);
#256=CARTESIAN_POINT('',(1.956,-4.331,1.069));
#257=VERTEX_POINT('',#249);
#258=LINE('',#256,#259);
#259=VECTOR('',#226,3.9116);
#260=ORIENTED_EDGE('',*,*,#261,.F.);
#261=EDGE_CURVE('',#221,#255,#262,.T.);
#262=LINE('',#222,#263);
#263=VECTOR('',#264,0.730712575230507);
#264=DIRECTION('',(0.348,-0.07,-0.935));
#265=ORIENTED_EDGE('',*,*,#220,.T.);
#266=ORIENTED_EDGE('',*,*,#267,.F.);
#267=EDGE_CURVE('',#257,#223,#268,.T.);
#268=LINE('',#249,#269);
#269=VECTOR('',#270,0.730712575230507);
#270=DIRECTION('',(0.348,0.07,0.935));
#271=STYLED_ITEM('',(#36),#272);
#272=ADVANCED_FACE('',(#276),#273,.T.);
#273=PLANE('',#274);
#274=AXIS2_PLACEMENT_3D('',#256,#275,#198);
#275=DIRECTION('',(0.937,0.0,0.348));
#276=FACE_OUTER_BOUND('',#277,.T.);
#277=EDGE_LOOP('',(#278,#284,#289,#290));
#278=ORIENTED_EDGE('',*,*,#279,.F.);
#279=EDGE_CURVE('',#280,#255,#282,.T.);
#280=VERTEX_POINT('',#281);
#281=CARTESIAN_POINT('',(1.956,4.331,1.069));
#282=LINE('',#281,#283);
#283=VECTOR('',#233,8.6614);
#284=ORIENTED_EDGE('',*,*,#285,.F.);
#285=EDGE_CURVE('',#229,#280,#286,.T.);
#286=LINE('',#230,#287);
#287=VECTOR('',#288,0.730712575230507);
#288=DIRECTION('',(0.348,0.07,-0.935));
#289=ORIENTED_EDGE('',*,*,#228,.T.);
#290=ORIENTED_EDGE('',*,*,#261,.T.);
#291=STYLED_ITEM('',(#36),#292);
#292=ADVANCED_FACE('',(#296),#293,.T.);
#293=PLANE('',#294);
#294=AXIS2_PLACEMENT_3D('',#281,#295,#198);
#295=DIRECTION('',(0.0,0.997,0.074));
#296=FACE_OUTER_BOUND('',#297,.T.);
#297=EDGE_LOOP('',(#298,#304,#309,#310));
#298=ORIENTED_EDGE('',*,*,#299,.F.);
#299=EDGE_CURVE('',#300,#280,#302,.T.);
#300=VERTEX_POINT('',#301);
#301=CARTESIAN_POINT('',(-1.956,4.331,1.069));
#302=LINE('',#301,#303);
#303=VECTOR('',#22,3.9116);
#304=ORIENTED_EDGE('',*,*,#305,.F.);
#305=EDGE_CURVE('',#236,#300,#306,.T.);
#306=LINE('',#237,#307);
#307=VECTOR('',#308,0.730712575230507);
#308=DIRECTION('',(-0.348,0.07,-0.935));
#309=ORIENTED_EDGE('',*,*,#235,.T.);
#310=ORIENTED_EDGE('',*,*,#285,.T.);
#311=STYLED_ITEM('',(#36),#312);
#312=ADVANCED_FACE('',(#316),#313,.T.);
#313=PLANE('',#314);
#314=AXIS2_PLACEMENT_3D('',#301,#315,#198);
#315=DIRECTION('',(-0.937,0.0,0.348));
#316=FACE_OUTER_BOUND('',#317,.T.);
#317=EDGE_LOOP('',(#318,#322,#323,#324));
#318=ORIENTED_EDGE('',*,*,#319,.F.);
#319=EDGE_CURVE('',#257,#300,#320,.T.);
#320=LINE('',#249,#321);
#321=VECTOR('',#244,8.6614);
#322=ORIENTED_EDGE('',*,*,#267,.T.);
#323=ORIENTED_EDGE('',*,*,#241,.T.);
#324=ORIENTED_EDGE('',*,*,#305,.T.);
#325=STYLED_ITEM('',(#36),#326);
#326=ADVANCED_FACE('',(#330),#327,.T.);
#327=PLANE('',#328);
#328=AXIS2_PLACEMENT_3D('',#329,#233,#198);
#329=CARTESIAN_POINT('',(-1.956,-4.331,0.785));
#330=FACE_OUTER_BOUND('',#331,.T.);
#331=EDGE_LOOP('',(#332,#338,#343,#344));
#332=ORIENTED_EDGE('',*,*,#333,.F.);
#333=EDGE_CURVE('',#334,#336,#337,.T.);
#334=VERTEX_POINT('',#335);
#335=CARTESIAN_POINT('',(1.956,-4.331,0.785));
#336=VERTEX_POINT('',#329);
#337=LINE('',#335,#259);
#338=ORIENTED_EDGE('',*,*,#339,.F.);
#339=EDGE_CURVE('',#255,#334,#340,.T.);
#340=LINE('',#256,#341);
#341=VECTOR('',#342,0.28448);
#342=DIRECTION('',(0.0,0.0,-1.0));
#343=ORIENTED_EDGE('',*,*,#254,.T.);
#344=ORIENTED_EDGE('',*,*,#345,.F.);
#345=EDGE_CURVE('',#336,#257,#346,.T.);
#346=LINE('',#329,#347);
#347=VECTOR('',#21,0.28448);
#348=STYLED_ITEM('',(#36),#349);
#349=ADVANCED_FACE('',(#352),#350,.T.);
#350=PLANE('',#351);
#351=AXIS2_PLACEMENT_3D('',#335,#22,#198);
#352=FACE_OUTER_BOUND('',#353,.T.);
#353=EDGE_LOOP('',(#354,#359,#362,#363));
#354=ORIENTED_EDGE('',*,*,#355,.F.);
#355=EDGE_CURVE('',#356,#334,#358,.T.);
#356=VERTEX_POINT('',#357);
#357=CARTESIAN_POINT('',(1.956,4.331,0.785));
#358=LINE('',#357,#283);
#359=ORIENTED_EDGE('',*,*,#360,.F.);
#360=EDGE_CURVE('',#280,#356,#361,.T.);
#361=LINE('',#281,#341);
#362=ORIENTED_EDGE('',*,*,#279,.T.);
#363=ORIENTED_EDGE('',*,*,#339,.T.);
#364=STYLED_ITEM('',(#36),#365);
#365=ADVANCED_FACE('',(#368),#366,.T.);
#366=PLANE('',#367);
#367=AXIS2_PLACEMENT_3D('',#357,#244,#198);
#368=FACE_OUTER_BOUND('',#369,.T.);
#369=EDGE_LOOP('',(#370,#375,#378,#379));
#370=ORIENTED_EDGE('',*,*,#371,.F.);
#371=EDGE_CURVE('',#372,#356,#374,.T.);
#372=VERTEX_POINT('',#373);
#373=CARTESIAN_POINT('',(-1.956,4.331,0.785));
#374=LINE('',#373,#303);
#375=ORIENTED_EDGE('',*,*,#376,.F.);
#376=EDGE_CURVE('',#300,#372,#377,.T.);
#377=LINE('',#301,#341);
#378=ORIENTED_EDGE('',*,*,#299,.T.);
#379=ORIENTED_EDGE('',*,*,#360,.T.);
#380=STYLED_ITEM('',(#36),#381);
#381=ADVANCED_FACE('',(#384),#382,.T.);
#382=PLANE('',#383);
#383=AXIS2_PLACEMENT_3D('',#373,#226,#198);
#384=FACE_OUTER_BOUND('',#385,.T.);
#385=EDGE_LOOP('',(#386,#389,#390,#391));
#386=ORIENTED_EDGE('',*,*,#387,.F.);
#387=EDGE_CURVE('',#336,#372,#388,.T.);
#388=LINE('',#329,#321);
#389=ORIENTED_EDGE('',*,*,#345,.T.);
#390=ORIENTED_EDGE('',*,*,#319,.T.);
#391=ORIENTED_EDGE('',*,*,#376,.T.);
#392=STYLED_ITEM('',(#36),#393);
#393=ADVANCED_FACE('',(#398),#394,.T.);
#394=PLANE('',#395);
#395=AXIS2_PLACEMENT_3D('',#396,#397,#198);
#396=CARTESIAN_POINT('',(-1.829,-4.28,0.102));
#397=DIRECTION('',(0.0,-0.997,-0.074));
#398=FACE_OUTER_BOUND('',#399,.T.);
#399=EDGE_LOOP('',(#400,#407,#412,#413));
#400=ORIENTED_EDGE('',*,*,#401,.F.);
#401=EDGE_CURVE('',#402,#404,#405,.T.);
#402=VERTEX_POINT('',#403);
#403=CARTESIAN_POINT('',(1.829,-4.28,0.102));
#404=VERTEX_POINT('',#396);
#405=LINE('',#403,#406);
#406=VECTOR('',#226,3.6576);
#407=ORIENTED_EDGE('',*,*,#408,.F.);
#408=EDGE_CURVE('',#334,#402,#409,.T.);
#409=LINE('',#335,#410);
#410=VECTOR('',#411,0.696816954156542);
#411=DIRECTION('',(-0.182,0.073,-0.981));
#412=ORIENTED_EDGE('',*,*,#333,.T.);
#413=ORIENTED_EDGE('',*,*,#414,.F.);
#414=EDGE_CURVE('',#404,#336,#415,.T.);
#415=LINE('',#396,#416);
#416=VECTOR('',#417,0.696816954156542);
#417=DIRECTION('',(-0.182,-0.073,0.981));
#418=STYLED_ITEM('',(#36),#419);
#419=ADVANCED_FACE('',(#423),#420,.T.);
#420=PLANE('',#421);
#421=AXIS2_PLACEMENT_3D('',#403,#422,#198);
#422=DIRECTION('',(0.983,0.0,-0.183));
#423=FACE_OUTER_BOUND('',#424,.T.);
#424=EDGE_LOOP('',(#425,#430,#435,#436));
#425=ORIENTED_EDGE('',*,*,#426,.F.);
#426=EDGE_CURVE('',#427,#402,#429,.T.);
#427=VERTEX_POINT('',#428);
#428=CARTESIAN_POINT('',(1.829,4.28,0.102));
#429=LINE('',#428,#232);
#430=ORIENTED_EDGE('',*,*,#431,.F.);
#431=EDGE_CURVE('',#356,#427,#432,.T.);
#432=LINE('',#357,#433);
#433=VECTOR('',#434,0.696816954156542);
#434=DIRECTION('',(-0.182,-0.073,-0.981));
#435=ORIENTED_EDGE('',*,*,#355,.T.);
#436=ORIENTED_EDGE('',*,*,#408,.T.);
#437=STYLED_ITEM('',(#36),#438);
#438=ADVANCED_FACE('',(#442),#439,.T.);
#439=PLANE('',#440);
#440=AXIS2_PLACEMENT_3D('',#428,#441,#198);
#441=DIRECTION('',(0.0,0.997,-0.074));
#442=FACE_OUTER_BOUND('',#443,.T.);
#443=EDGE_LOOP('',(#444,#450,#455,#456));
#444=ORIENTED_EDGE('',*,*,#445,.F.);
#445=EDGE_CURVE('',#446,#427,#448,.T.);
#446=VERTEX_POINT('',#447);
#447=CARTESIAN_POINT('',(-1.829,4.28,0.102));
#448=LINE('',#447,#449);
#449=VECTOR('',#22,3.6576);
#450=ORIENTED_EDGE('',*,*,#451,.F.);
#451=EDGE_CURVE('',#372,#446,#452,.T.);
#452=LINE('',#373,#453);
#453=VECTOR('',#454,0.696816954156542);
#454=DIRECTION('',(0.182,-0.073,-0.981));
#455=ORIENTED_EDGE('',*,*,#371,.T.);
#456=ORIENTED_EDGE('',*,*,#431,.T.);
#457=STYLED_ITEM('',(#36),#458);
#458=ADVANCED_FACE('',(#462),#459,.T.);
#459=PLANE('',#460);
#460=AXIS2_PLACEMENT_3D('',#447,#461,#198);
#461=DIRECTION('',(-0.983,0.0,-0.183));
#462=FACE_OUTER_BOUND('',#463,.T.);
#463=EDGE_LOOP('',(#464,#467,#468,#469));
#464=ORIENTED_EDGE('',*,*,#465,.F.);
#465=EDGE_CURVE('',#404,#446,#466,.T.);
#466=LINE('',#396,#243);
#467=ORIENTED_EDGE('',*,*,#414,.T.);
#468=ORIENTED_EDGE('',*,*,#387,.T.);
#469=ORIENTED_EDGE('',*,*,#451,.T.);
#470=STYLED_ITEM('',(#36),#471);
#471=ADVANCED_FACE('',(#474),#472,.T.);
#472=PLANE('',#473);
#473=AXIS2_PLACEMENT_3D('',#447,#342,#201);
#474=FACE_OUTER_BOUND('',#475,.T.);
#475=EDGE_LOOP('',(#476,#477,#478,#479));
#476=ORIENTED_EDGE('',*,*,#445,.T.);
#477=ORIENTED_EDGE('',*,*,#426,.T.);
#478=ORIENTED_EDGE('',*,*,#401,.T.);
#479=ORIENTED_EDGE('',*,*,#465,.T.);
#480=MANIFOLD_SOLID_BREP($,#481);
#481=CLOSED_SHELL('',(#483,#513,#536,#559,#592,#623,#653,#681,#695,#715,#731,#749,#765,#783));
#482=STYLED_ITEM('',(#27),#483);
#483=ADVANCED_FACE('',(#487),#484,.T.);
#484=PLANE('',#485);
#485=AXIS2_PLACEMENT_3D('',#486,#22,#198);
#486=CARTESIAN_POINT('',(-1.956,3.556,0.8));
#487=FACE_OUTER_BOUND('',#488,.T.);
#488=EDGE_LOOP('',(#489,#496,#502,#508));
#489=ORIENTED_EDGE('',*,*,#490,.F.);
#490=EDGE_CURVE('',#491,#493,#494,.T.);
#491=VERTEX_POINT('',#492);
#492=CARTESIAN_POINT('',(-1.956,4.064,0.8));
#493=VERTEX_POINT('',#486);
#494=LINE('',#492,#495);
#495=VECTOR('',#233,0.5079999915083);
#496=ORIENTED_EDGE('',*,*,#497,.F.);
#497=EDGE_CURVE('',#498,#491,#500,.T.);
#498=VERTEX_POINT('',#499);
#499=CARTESIAN_POINT('',(-1.956,4.064,1.054));
#500=LINE('',#499,#501);
#501=VECTOR('',#342,0.254);
#502=ORIENTED_EDGE('',*,*,#503,.F.);
#503=EDGE_CURVE('',#504,#498,#506,.T.);
#504=VERTEX_POINT('',#505);
#505=CARTESIAN_POINT('',(-1.956,3.556,1.054));
#506=LINE('',#505,#507);
#507=VECTOR('',#244,0.5079999915083);
#508=ORIENTED_EDGE('',*,*,#509,.F.);
#509=EDGE_CURVE('',#493,#504,#510,.T.);
#510=LINE('',#486,#511);
#511=VECTOR('',#21,0.254);
#512=STYLED_ITEM('',(#27),#513);
#513=ADVANCED_FACE('',(#516),#514,.T.);
#514=PLANE('',#515);
#515=AXIS2_PLACEMENT_3D('',#505,#21,#201);
#516=FACE_OUTER_BOUND('',#517,.T.);
#517=EDGE_LOOP('',(#518,#519,#525,#531));
#518=ORIENTED_EDGE('',*,*,#503,.T.);
#519=ORIENTED_EDGE('',*,*,#520,.F.);
#520=EDGE_CURVE('',#521,#498,#523,.T.);
#521=VERTEX_POINT('',#522);
#522=CARTESIAN_POINT('',(-2.077,4.064,1.054));
#523=LINE('',#522,#524);
#524=VECTOR('',#22,0.121155729031695);
#525=ORIENTED_EDGE('',*,*,#526,.F.);
#526=EDGE_CURVE('',#527,#521,#529,.T.);
#527=VERTEX_POINT('',#528);
#528=CARTESIAN_POINT('',(-2.077,3.556,1.054));
#529=LINE('',#528,#530);
#530=VECTOR('',#244,0.507999991552825);
#531=ORIENTED_EDGE('',*,*,#532,.F.);
#532=EDGE_CURVE('',#504,#527,#533,.T.);
#533=LINE('',#505,#534);
#534=VECTOR('',#226,0.121155729031694);
#535=STYLED_ITEM('',(#27),#536);
#536=ADVANCED_FACE('',(#539),#537,.T.);
#537=PLANE('',#538);
#538=AXIS2_PLACEMENT_3D('',#492,#342,#201);
#539=FACE_OUTER_BOUND('',#540,.T.);
#540=EDGE_LOOP('',(#541,#542,#548,#554));
#541=ORIENTED_EDGE('',*,*,#490,.T.);
#542=ORIENTED_EDGE('',*,*,#543,.F.);
#543=EDGE_CURVE('',#544,#493,#546,.T.);
#544=VERTEX_POINT('',#545);
#545=CARTESIAN_POINT('',(-2.077,3.556,0.8));
#546=LINE('',#545,#547);
#547=VECTOR('',#22,0.121155729031694);
#548=ORIENTED_EDGE('',*,*,#549,.F.);
#549=EDGE_CURVE('',#550,#544,#552,.T.);
#550=VERTEX_POINT('',#551);
#551=CARTESIAN_POINT('',(-2.077,4.064,0.8));
#552=LINE('',#551,#553);
#553=VECTOR('',#233,0.507999991552825);
#554=ORIENTED_EDGE('',*,*,#555,.F.);
#555=EDGE_CURVE('',#491,#550,#556,.T.);
#556=LINE('',#492,#557);
#557=VECTOR('',#226,0.121155729031695);
#558=STYLED_ITEM('',(#27),#559);
#559=ADVANCED_FACE('',(#564),#560,.T.);
#560=PLANE('',#561);
#561=AXIS2_PLACEMENT_3D('',#562,#563,#198);
#562=CARTESIAN_POINT('',(-2.631,4.064,0.442));
#563=DIRECTION('',(-0.966,0.0,0.259));
#564=FACE_OUTER_BOUND('',#565,.T.);
#565=EDGE_LOOP('',(#566,#573,#580,#586));
#566=ORIENTED_EDGE('',*,*,#567,.F.);
#567=EDGE_CURVE('',#568,#570,#571,.T.);
#568=VERTEX_POINT('',#569);
#569=CARTESIAN_POINT('',(-2.631,3.556,0.442));
#570=VERTEX_POINT('',#562);
#571=LINE('',#569,#572);
#572=VECTOR('',#244,0.507999992429321);
#573=ORIENTED_EDGE('',*,*,#574,.F.);
#574=EDGE_CURVE('',#575,#568,#577,.T.);
#575=VERTEX_POINT('',#576);
#576=CARTESIAN_POINT('',(-2.568,3.556,0.678));
#577=LINE('',#576,#578);
#578=VECTOR('',#579,0.243618774725817);
#579=DIRECTION('',(-0.259,0.0,-0.966));
#580=ORIENTED_EDGE('',*,*,#581,.F.);
#581=EDGE_CURVE('',#582,#575,#584,.T.);
#582=VERTEX_POINT('',#583);
#583=CARTESIAN_POINT('',(-2.568,4.064,0.678));
#584=LINE('',#583,#585);
#585=VECTOR('',#233,0.50799999218152);
#586=ORIENTED_EDGE('',*,*,#587,.F.);
#587=EDGE_CURVE('',#570,#582,#588,.T.);
#588=LINE('',#562,#589);
#589=VECTOR('',#590,0.243618774725817);
#590=DIRECTION('',(0.259,0.0,0.966));
#591=STYLED_ITEM('',(#27),#592);
#592=ADVANCED_FACE('',(#597),#593,.T.);
#593=PLANE('',#594);
#594=AXIS2_PLACEMENT_3D('',#595,#596,#198);
#595=CARTESIAN_POINT('',(-2.385,3.556,0.377));
#596=DIRECTION('',(0.966,0.0,-0.259));
#597=FACE_OUTER_BOUND('',#598,.T.);
#598=EDGE_LOOP('',(#599,#606,#612,#618));
#599=ORIENTED_EDGE('',*,*,#600,.F.);
#600=EDGE_CURVE('',#601,#603,#604,.T.);
#601=VERTEX_POINT('',#602);
#602=CARTESIAN_POINT('',(-2.385,4.064,0.377));
#603=VERTEX_POINT('',#595);
#604=LINE('',#602,#605);
#605=VECTOR('',#233,0.507999991794006);
#606=ORIENTED_EDGE('',*,*,#607,.F.);
#607=EDGE_CURVE('',#608,#601,#610,.T.);
#608=VERTEX_POINT('',#609);
#609=CARTESIAN_POINT('',(-2.322,4.064,0.612));
#610=LINE('',#609,#611);
#611=VECTOR('',#579,0.243618774768953);
#612=ORIENTED_EDGE('',*,*,#613,.F.);
#613=EDGE_CURVE('',#614,#608,#616,.T.);
#614=VERTEX_POINT('',#615);
#615=CARTESIAN_POINT('',(-2.322,3.556,0.612));
#616=LINE('',#615,#617);
#617=VECTOR('',#244,0.507999991719688);
#618=ORIENTED_EDGE('',*,*,#619,.F.);
#619=EDGE_CURVE('',#603,#614,#620,.T.);
#620=LINE('',#595,#621);
#621=VECTOR('',#590,0.243618774768953);
#622=STYLED_ITEM('',(#27),#623);
#623=ADVANCED_FACE('',(#627),#624,.T.);
#624=PLANE('',#625);
#625=AXIS2_PLACEMENT_3D('',#626,#21,#201);
#626=CARTESIAN_POINT('',(-2.997,4.064,0.254));
#627=FACE_OUTER_BOUND('',#628,.T.);
#628=EDGE_LOOP('',(#629,#636,#642,#648));
#629=ORIENTED_EDGE('',*,*,#630,.F.);
#630=EDGE_CURVE('',#631,#633,#634,.T.);
#631=VERTEX_POINT('',#632);
#632=CARTESIAN_POINT('',(-2.997,3.556,0.254));
#633=VERTEX_POINT('',#626);
#634=LINE('',#632,#635);
#635=VECTOR('',#244,0.508);
#636=ORIENTED_EDGE('',*,*,#637,.F.);
#637=EDGE_CURVE('',#638,#631,#640,.T.);
#638=VERTEX_POINT('',#639);
#639=CARTESIAN_POINT('',(-2.876,3.556,0.254));
#640=LINE('',#639,#641);
#641=VECTOR('',#226,0.121155727228964);
#642=ORIENTED_EDGE('',*,*,#643,.F.);
#643=EDGE_CURVE('',#644,#638,#646,.T.);
#644=VERTEX_POINT('',#645);
#645=CARTESIAN_POINT('',(-2.876,4.064,0.254));
#646=LINE('',#645,#647);
#647=VECTOR('',#233,0.507999995351267);
#648=ORIENTED_EDGE('',*,*,#649,.F.);
#649=EDGE_CURVE('',#633,#644,#650,.T.);
#650=LINE('',#626,#651);
#651=VECTOR('',#22,0.121155727228964);
#652=STYLED_ITEM('',(#27),#653);
#653=ADVANCED_FACE('',(#657),#654,.T.);
#654=PLANE('',#655);
#655=AXIS2_PLACEMENT_3D('',#656,#342,#201);
#656=CARTESIAN_POINT('',(-2.876,4.064,0.0));
#657=FACE_OUTER_BOUND('',#658,.T.);
#658=EDGE_LOOP('',(#659,#666,#671,#677));
#659=ORIENTED_EDGE('',*,*,#660,.F.);
#660=EDGE_CURVE('',#661,#663,#664,.T.);
#661=VERTEX_POINT('',#662);
#662=CARTESIAN_POINT('',(-2.876,3.556,0.0));
#663=VERTEX_POINT('',#656);
#664=LINE('',#662,#665);
#665=VECTOR('',#244,0.507999995351267);
#666=ORIENTED_EDGE('',*,*,#667,.F.);
#667=EDGE_CURVE('',#668,#661,#670,.T.);
#668=VERTEX_POINT('',#669);
#669=CARTESIAN_POINT('',(-2.997,3.556,0.0));
#670=LINE('',#669,#651);
#671=ORIENTED_EDGE('',*,*,#672,.F.);
#672=EDGE_CURVE('',#673,#668,#675,.T.);
#673=VERTEX_POINT('',#674);
#674=CARTESIAN_POINT('',(-2.997,4.064,0.0));
#675=LINE('',#674,#676);
#676=VECTOR('',#233,0.508);
#677=ORIENTED_EDGE('',*,*,#678,.F.);
#678=EDGE_CURVE('',#663,#673,#679,.T.);
#679=LINE('',#656,#641);
#680=STYLED_ITEM('',(#27),#681);
#681=ADVANCED_FACE('',(#684),#682,.T.);
#682=PLANE('',#683);
#683=AXIS2_PLACEMENT_3D('',#674,#226,#198);
#684=FACE_OUTER_BOUND('',#685,.T.);
#685=EDGE_LOOP('',(#686,#687,#690,#691));
#686=ORIENTED_EDGE('',*,*,#672,.T.);
#687=ORIENTED_EDGE('',*,*,#688,.F.);
#688=EDGE_CURVE('',#631,#668,#689,.T.);
#689=LINE('',#632,#501);
#690=ORIENTED_EDGE('',*,*,#630,.T.);
#691=ORIENTED_EDGE('',*,*,#692,.F.);
#692=EDGE_CURVE('',#673,#633,#693,.T.);
#693=LINE('',#674,#511);
#694=STYLED_ITEM($,(#27),#695);
#695=ADVANCED_FACE($,(#699),#696,.T.);
#696=CYLINDRICAL_SURFACE($,#697,0.508);
#697=AXIS2_PLACEMENT_3D($,#698,#233,#198);
#698=CARTESIAN_POINT('',(-2.077,3.556,0.546));
#699=FACE_OUTER_BOUND($,#700,.T.);
#700=EDGE_LOOP($,(#706,#707,#713,#701));
#701=ORIENTED_EDGE('',*,*,#702,.F.);
#702=EDGE_CURVE($,#527,#575,#703,.T.);
#703=CIRCLE($,#704,0.508);
#704=AXIS2_PLACEMENT_3D($,#698,#233,#705);
#705=DIRECTION('',(-0.793,0.0,-0.609));
#706=ORIENTED_EDGE('',*,*,#526,.T.);
#707=ORIENTED_EDGE('',*,*,#708,.F.);
#708=EDGE_CURVE($,#582,#521,#709,.T.);
#709=CIRCLE($,#710,0.508);
#710=AXIS2_PLACEMENT_3D($,#711,#244,#712);
#711=CARTESIAN_POINT('',(-2.077,4.064,0.546));
#712=DIRECTION('',(0.793,0.0,0.609));
#713=ORIENTED_EDGE('',*,*,#581,.T.);
#714=STYLED_ITEM($,(#27),#715);
#715=ADVANCED_FACE($,(#718),#716,.F.);
#716=CYLINDRICAL_SURFACE($,#717,0.254);
#717=AXIS2_PLACEMENT_3D($,#711,#233,#200);
#718=FACE_OUTER_BOUND($,#719,.T.);
#719=EDGE_LOOP($,(#724,#725,#729,#720));
#720=ORIENTED_EDGE('',*,*,#721,.F.);
#721=EDGE_CURVE($,#550,#608,#722,.T.);
#722=CIRCLE($,#723,0.254);
#723=AXIS2_PLACEMENT_3D($,#711,#233,#705);
#724=ORIENTED_EDGE('',*,*,#549,.T.);
#725=ORIENTED_EDGE('',*,*,#726,.F.);
#726=EDGE_CURVE($,#614,#544,#727,.T.);
#727=CIRCLE($,#728,0.254);
#728=AXIS2_PLACEMENT_3D($,#698,#244,#712);
#729=ORIENTED_EDGE('',*,*,#613,.T.);
#730=STYLED_ITEM($,(#27),#731);
#731=ADVANCED_FACE($,(#735),#732,.F.);
#732=CYLINDRICAL_SURFACE($,#733,0.254);
#733=AXIS2_PLACEMENT_3D($,#734,#233,#198);
#734=CARTESIAN_POINT('',(-2.876,4.064,0.508));
#735=FACE_OUTER_BOUND($,#736,.T.);
#736=EDGE_LOOP($,(#741,#742,#747,#737));
#737=ORIENTED_EDGE('',*,*,#738,.F.);
#738=EDGE_CURVE($,#644,#570,#739,.T.);
#739=CIRCLE($,#740,0.254);
#740=AXIS2_PLACEMENT_3D($,#734,#233,#712);
#741=ORIENTED_EDGE('',*,*,#643,.T.);
#742=ORIENTED_EDGE('',*,*,#743,.F.);
#743=EDGE_CURVE($,#568,#638,#744,.T.);
#744=CIRCLE($,#745,0.254);
#745=AXIS2_PLACEMENT_3D($,#746,#244,#705);
#746=CARTESIAN_POINT('',(-2.876,3.556,0.508));
#747=ORIENTED_EDGE('',*,*,#567,.T.);
#748=STYLED_ITEM($,(#27),#749);
#749=ADVANCED_FACE($,(#752),#750,.T.);
#750=CYLINDRICAL_SURFACE($,#751,0.508);
#751=AXIS2_PLACEMENT_3D($,#734,#233,#200);
#752=FACE_OUTER_BOUND($,#753,.T.);
#753=EDGE_LOOP($,(#758,#759,#763,#754));
#754=ORIENTED_EDGE('',*,*,#755,.F.);
#755=EDGE_CURVE($,#661,#603,#756,.T.);
#756=CIRCLE($,#757,0.508);
#757=AXIS2_PLACEMENT_3D($,#746,#233,#712);
#758=ORIENTED_EDGE('',*,*,#660,.T.);
#759=ORIENTED_EDGE('',*,*,#760,.F.);
#760=EDGE_CURVE($,#601,#663,#761,.T.);
#761=CIRCLE($,#762,0.508);
#762=AXIS2_PLACEMENT_3D($,#734,#244,#705);
#763=ORIENTED_EDGE('',*,*,#600,.T.);
#764=STYLED_ITEM('color',(#27),#765);
#765=ADVANCED_FACE($,(#768),#766,.T.);
#766=PLANE($,#767);
#767=AXIS2_PLACEMENT_3D($,#492,#244,#199);
#768=FACE_OUTER_BOUND($,#769,.T.);
#769=EDGE_LOOP($,(#770, #771, #772, #778, #779, #773, #774, #775, #776, #777, #780, #781));
#770=ORIENTED_EDGE('',*,*,#520,.T.);
#771=ORIENTED_EDGE('',*,*,#497,.T.);
#772=ORIENTED_EDGE('',*,*,#555,.T.);
#773=ORIENTED_EDGE('',*,*,#760,.T.);
#774=ORIENTED_EDGE('',*,*,#678,.T.);
#775=ORIENTED_EDGE('',*,*,#692,.T.);
#776=ORIENTED_EDGE('',*,*,#649,.T.);
#777=ORIENTED_EDGE('',*,*,#738,.T.);
#778=ORIENTED_EDGE('',*,*,#721,.T.);
#779=ORIENTED_EDGE('',*,*,#607,.T.);
#780=ORIENTED_EDGE('',*,*,#587,.T.);
#781=ORIENTED_EDGE('',*,*,#708,.T.);
#782=STYLED_ITEM('color',(#27),#783);
#783=ADVANCED_FACE($,(#786),#784,.T.);
#784=PLANE($,#785);
#785=AXIS2_PLACEMENT_3D($,#639,#233,#199);
#786=FACE_OUTER_BOUND($,#787,.T.);
#787=EDGE_LOOP($,(#788, #789, #790, #796, #797, #791, #792, #793, #794, #795, #798, #799));
#788=ORIENTED_EDGE('',*,*,#543,.T.);
#789=ORIENTED_EDGE('',*,*,#509,.T.);
#790=ORIENTED_EDGE('',*,*,#532,.T.);
#791=ORIENTED_EDGE('',*,*,#743,.T.);
#792=ORIENTED_EDGE('',*,*,#637,.T.);
#793=ORIENTED_EDGE('',*,*,#688,.T.);
#794=ORIENTED_EDGE('',*,*,#667,.T.);
#795=ORIENTED_EDGE('',*,*,#755,.T.);
#796=ORIENTED_EDGE('',*,*,#702,.T.);
#797=ORIENTED_EDGE('',*,*,#574,.T.);
#798=ORIENTED_EDGE('',*,*,#619,.T.);
#799=ORIENTED_EDGE('',*,*,#726,.T.);
#800=MANIFOLD_SOLID_BREP($,#801);
#801=CLOSED_SHELL('',(#803,#829,#850,#871,#897,#923,#950,#977,#991,#1009,#1025,#1043,#1059,#1077));
#802=STYLED_ITEM('',(#27),#803);
#803=ADVANCED_FACE('',(#807),#804,.T.);
#804=PLANE('',#805);
#805=AXIS2_PLACEMENT_3D('',#806,#22,#198);
#806=CARTESIAN_POINT('',(-1.956,2.286,0.8));
#807=FACE_OUTER_BOUND('',#808,.T.);
#808=EDGE_LOOP('',(#809,#815,#820,#825));
#809=ORIENTED_EDGE('',*,*,#810,.F.);
#810=EDGE_CURVE('',#811,#813,#814,.T.);
#811=VERTEX_POINT('',#812);
#812=CARTESIAN_POINT('',(-1.956,2.794,0.8));
#813=VERTEX_POINT('',#806);
#814=LINE('',#812,#495);
#815=ORIENTED_EDGE('',*,*,#816,.F.);
#816=EDGE_CURVE('',#817,#811,#819,.T.);
#817=VERTEX_POINT('',#818);
#818=CARTESIAN_POINT('',(-1.956,2.794,1.054));
#819=LINE('',#818,#501);
#820=ORIENTED_EDGE('',*,*,#821,.F.);
#821=EDGE_CURVE('',#822,#817,#824,.T.);
#822=VERTEX_POINT('',#823);
#823=CARTESIAN_POINT('',(-1.956,2.286,1.054));
#824=LINE('',#823,#507);
#825=ORIENTED_EDGE('',*,*,#826,.F.);
#826=EDGE_CURVE('',#813,#822,#827,.T.);
#827=LINE('',#806,#511);
#828=STYLED_ITEM('',(#27),#829);
#829=ADVANCED_FACE('',(#832),#830,.T.);
#830=PLANE('',#831);
#831=AXIS2_PLACEMENT_3D('',#823,#21,#201);
#832=FACE_OUTER_BOUND('',#833,.T.);
#833=EDGE_LOOP('',(#834,#835,#840,#846));
#834=ORIENTED_EDGE('',*,*,#821,.T.);
#835=ORIENTED_EDGE('',*,*,#836,.F.);
#836=EDGE_CURVE('',#837,#817,#839,.T.);
#837=VERTEX_POINT('',#838);
#838=CARTESIAN_POINT('',(-2.077,2.794,1.054));
#839=LINE('',#838,#524);
#840=ORIENTED_EDGE('',*,*,#841,.F.);
#841=EDGE_CURVE('',#842,#837,#844,.T.);
#842=VERTEX_POINT('',#843);
#843=CARTESIAN_POINT('',(-2.077,2.286,1.054));
#844=LINE('',#843,#845);
#845=VECTOR('',#244,0.507999991552826);
#846=ORIENTED_EDGE('',*,*,#847,.F.);
#847=EDGE_CURVE('',#822,#842,#848,.T.);
#848=LINE('',#823,#534);
#849=STYLED_ITEM('',(#27),#850);
#850=ADVANCED_FACE('',(#853),#851,.T.);
#851=PLANE('',#852);
#852=AXIS2_PLACEMENT_3D('',#812,#342,#201);
#853=FACE_OUTER_BOUND('',#854,.T.);
#854=EDGE_LOOP('',(#855,#856,#861,#867));
#855=ORIENTED_EDGE('',*,*,#810,.T.);
#856=ORIENTED_EDGE('',*,*,#857,.F.);
#857=EDGE_CURVE('',#858,#813,#860,.T.);
#858=VERTEX_POINT('',#859);
#859=CARTESIAN_POINT('',(-2.077,2.286,0.8));
#860=LINE('',#859,#547);
#861=ORIENTED_EDGE('',*,*,#862,.F.);
#862=EDGE_CURVE('',#863,#858,#865,.T.);
#863=VERTEX_POINT('',#864);
#864=CARTESIAN_POINT('',(-2.077,2.794,0.8));
#865=LINE('',#864,#866);
#866=VECTOR('',#233,0.507999991552826);
#867=ORIENTED_EDGE('',*,*,#868,.F.);
#868=EDGE_CURVE('',#811,#863,#869,.T.);
#869=LINE('',#812,#557);
#870=STYLED_ITEM('',(#27),#871);
#871=ADVANCED_FACE('',(#875),#872,.T.);
#872=PLANE('',#873);
#873=AXIS2_PLACEMENT_3D('',#874,#563,#198);
#874=CARTESIAN_POINT('',(-2.631,2.794,0.442));
#875=FACE_OUTER_BOUND('',#876,.T.);
#876=EDGE_LOOP('',(#877,#883,#888,#893));
#877=ORIENTED_EDGE('',*,*,#878,.F.);
#878=EDGE_CURVE('',#879,#881,#882,.T.);
#879=VERTEX_POINT('',#880);
#880=CARTESIAN_POINT('',(-2.631,2.286,0.442));
#881=VERTEX_POINT('',#874);
#882=LINE('',#880,#572);
#883=ORIENTED_EDGE('',*,*,#884,.F.);
#884=EDGE_CURVE('',#885,#879,#887,.T.);
#885=VERTEX_POINT('',#886);
#886=CARTESIAN_POINT('',(-2.568,2.286,0.678));
#887=LINE('',#886,#578);
#888=ORIENTED_EDGE('',*,*,#889,.F.);
#889=EDGE_CURVE('',#890,#885,#892,.T.);
#890=VERTEX_POINT('',#891);
#891=CARTESIAN_POINT('',(-2.568,2.794,0.678));
#892=LINE('',#891,#585);
#893=ORIENTED_EDGE('',*,*,#894,.F.);
#894=EDGE_CURVE('',#881,#890,#895,.T.);
#895=LINE('',#874,#589);
#896=STYLED_ITEM('',(#27),#897);
#897=ADVANCED_FACE('',(#901),#898,.T.);
#898=PLANE('',#899);
#899=AXIS2_PLACEMENT_3D('',#900,#596,#198);
#900=CARTESIAN_POINT('',(-2.385,2.286,0.377));
#901=FACE_OUTER_BOUND('',#902,.T.);
#902=EDGE_LOOP('',(#903,#909,#914,#919));
#903=ORIENTED_EDGE('',*,*,#904,.F.);
#904=EDGE_CURVE('',#905,#907,#908,.T.);
#905=VERTEX_POINT('',#906);
#906=CARTESIAN_POINT('',(-2.385,2.794,0.377));
#907=VERTEX_POINT('',#900);
#908=LINE('',#906,#605);
#909=ORIENTED_EDGE('',*,*,#910,.F.);
#910=EDGE_CURVE('',#911,#905,#913,.T.);
#911=VERTEX_POINT('',#912);
#912=CARTESIAN_POINT('',(-2.322,2.794,0.612));
#913=LINE('',#912,#611);
#914=ORIENTED_EDGE('',*,*,#915,.F.);
#915=EDGE_CURVE('',#916,#911,#918,.T.);
#916=VERTEX_POINT('',#917);
#917=CARTESIAN_POINT('',(-2.322,2.286,0.612));
#918=LINE('',#917,#617);
#919=ORIENTED_EDGE('',*,*,#920,.F.);
#920=EDGE_CURVE('',#907,#916,#921,.T.);
#921=LINE('',#900,#621);
#922=STYLED_ITEM('',(#27),#923);
#923=ADVANCED_FACE('',(#927),#924,.T.);
#924=PLANE('',#925);
#925=AXIS2_PLACEMENT_3D('',#926,#21,#201);
#926=CARTESIAN_POINT('',(-2.997,2.794,0.254));
#927=FACE_OUTER_BOUND('',#928,.T.);
#928=EDGE_LOOP('',(#929,#935,#940,#946));
#929=ORIENTED_EDGE('',*,*,#930,.F.);
#930=EDGE_CURVE('',#931,#933,#934,.T.);
#931=VERTEX_POINT('',#932);
#932=CARTESIAN_POINT('',(-2.997,2.286,0.254));
#933=VERTEX_POINT('',#926);
#934=LINE('',#932,#635);
#935=ORIENTED_EDGE('',*,*,#936,.F.);
#936=EDGE_CURVE('',#937,#931,#939,.T.);
#937=VERTEX_POINT('',#938);
#938=CARTESIAN_POINT('',(-2.876,2.286,0.254));
#939=LINE('',#938,#641);
#940=ORIENTED_EDGE('',*,*,#941,.F.);
#941=EDGE_CURVE('',#942,#937,#944,.T.);
#942=VERTEX_POINT('',#943);
#943=CARTESIAN_POINT('',(-2.876,2.794,0.254));
#944=LINE('',#943,#945);
#945=VECTOR('',#233,0.507999995351266);
#946=ORIENTED_EDGE('',*,*,#947,.F.);
#947=EDGE_CURVE('',#933,#942,#948,.T.);
#948=LINE('',#926,#651);
#949=STYLED_ITEM('',(#27),#950);
#950=ADVANCED_FACE('',(#954),#951,.T.);
#951=PLANE('',#952);
#952=AXIS2_PLACEMENT_3D('',#953,#342,#201);
#953=CARTESIAN_POINT('',(-2.876,2.794,0.0));
#954=FACE_OUTER_BOUND('',#955,.T.);
#955=EDGE_LOOP('',(#956,#963,#968,#973));
#956=ORIENTED_EDGE('',*,*,#957,.F.);
#957=EDGE_CURVE('',#958,#960,#961,.T.);
#958=VERTEX_POINT('',#959);
#959=CARTESIAN_POINT('',(-2.876,2.286,0.0));
#960=VERTEX_POINT('',#953);
#961=LINE('',#959,#962);
#962=VECTOR('',#244,0.507999995351266);
#963=ORIENTED_EDGE('',*,*,#964,.F.);
#964=EDGE_CURVE('',#965,#958,#967,.T.);
#965=VERTEX_POINT('',#966);
#966=CARTESIAN_POINT('',(-2.997,2.286,0.0));
#967=LINE('',#966,#651);
#968=ORIENTED_EDGE('',*,*,#969,.F.);
#969=EDGE_CURVE('',#970,#965,#972,.T.);
#970=VERTEX_POINT('',#971);
#971=CARTESIAN_POINT('',(-2.997,2.794,0.0));
#972=LINE('',#971,#676);
#973=ORIENTED_EDGE('',*,*,#974,.F.);
#974=EDGE_CURVE('',#960,#970,#975,.T.);
#975=LINE('',#953,#641);
#976=STYLED_ITEM('',(#27),#977);
#977=ADVANCED_FACE('',(#980),#978,.T.);
#978=PLANE('',#979);
#979=AXIS2_PLACEMENT_3D('',#971,#226,#198);
#980=FACE_OUTER_BOUND('',#981,.T.);
#981=EDGE_LOOP('',(#982,#983,#986,#987));
#982=ORIENTED_EDGE('',*,*,#969,.T.);
#983=ORIENTED_EDGE('',*,*,#984,.F.);
#984=EDGE_CURVE('',#931,#965,#985,.T.);
#985=LINE('',#932,#501);
#986=ORIENTED_EDGE('',*,*,#930,.T.);
#987=ORIENTED_EDGE('',*,*,#988,.F.);
#988=EDGE_CURVE('',#970,#933,#989,.T.);
#989=LINE('',#971,#511);
#990=STYLED_ITEM($,(#27),#991);
#991=ADVANCED_FACE($,(#995),#992,.T.);
#992=CYLINDRICAL_SURFACE($,#993,0.508);
#993=AXIS2_PLACEMENT_3D($,#994,#233,#198);
#994=CARTESIAN_POINT('',(-2.077,2.286,0.546));
#995=FACE_OUTER_BOUND($,#996,.T.);
#996=EDGE_LOOP($,(#1001,#1002,#1007,#997));
#997=ORIENTED_EDGE('',*,*,#998,.F.);
#998=EDGE_CURVE($,#842,#885,#999,.T.);
#999=CIRCLE($,#1000,0.508);
#1000=AXIS2_PLACEMENT_3D($,#994,#233,#705);
#1001=ORIENTED_EDGE('',*,*,#841,.T.);
#1002=ORIENTED_EDGE('',*,*,#1003,.F.);
#1003=EDGE_CURVE($,#890,#837,#1004,.T.);
#1004=CIRCLE($,#1005,0.508);
#1005=AXIS2_PLACEMENT_3D($,#1006,#244,#712);
#1006=CARTESIAN_POINT('',(-2.077,2.794,0.546));
#1007=ORIENTED_EDGE('',*,*,#889,.T.);
#1008=STYLED_ITEM($,(#27),#1009);
#1009=ADVANCED_FACE($,(#1012),#1010,.F.);
#1010=CYLINDRICAL_SURFACE($,#1011,0.254);
#1011=AXIS2_PLACEMENT_3D($,#1006,#233,#200);
#1012=FACE_OUTER_BOUND($,#1013,.T.);
#1013=EDGE_LOOP($,(#1018,#1019,#1023,#1014));
#1014=ORIENTED_EDGE('',*,*,#1015,.F.);
#1015=EDGE_CURVE($,#863,#911,#1016,.T.);
#1016=CIRCLE($,#1017,0.254);
#1017=AXIS2_PLACEMENT_3D($,#1006,#233,#705);
#1018=ORIENTED_EDGE('',*,*,#862,.T.);
#1019=ORIENTED_EDGE('',*,*,#1020,.F.);
#1020=EDGE_CURVE($,#916,#858,#1021,.T.);
#1021=CIRCLE($,#1022,0.254);
#1022=AXIS2_PLACEMENT_3D($,#994,#244,#712);
#1023=ORIENTED_EDGE('',*,*,#915,.T.);
#1024=STYLED_ITEM($,(#27),#1025);
#1025=ADVANCED_FACE($,(#1029),#1026,.F.);
#1026=CYLINDRICAL_SURFACE($,#1027,0.254);
#1027=AXIS2_PLACEMENT_3D($,#1028,#233,#198);
#1028=CARTESIAN_POINT('',(-2.876,2.794,0.508));
#1029=FACE_OUTER_BOUND($,#1030,.T.);
#1030=EDGE_LOOP($,(#1035,#1036,#1041,#1031));
#1031=ORIENTED_EDGE('',*,*,#1032,.F.);
#1032=EDGE_CURVE($,#942,#881,#1033,.T.);
#1033=CIRCLE($,#1034,0.254);
#1034=AXIS2_PLACEMENT_3D($,#1028,#233,#712);
#1035=ORIENTED_EDGE('',*,*,#941,.T.);
#1036=ORIENTED_EDGE('',*,*,#1037,.F.);
#1037=EDGE_CURVE($,#879,#937,#1038,.T.);
#1038=CIRCLE($,#1039,0.254);
#1039=AXIS2_PLACEMENT_3D($,#1040,#244,#705);
#1040=CARTESIAN_POINT('',(-2.876,2.286,0.508));
#1041=ORIENTED_EDGE('',*,*,#878,.T.);
#1042=STYLED_ITEM($,(#27),#1043);
#1043=ADVANCED_FACE($,(#1046),#1044,.T.);
#1044=CYLINDRICAL_SURFACE($,#1045,0.508);
#1045=AXIS2_PLACEMENT_3D($,#1028,#233,#200);
#1046=FACE_OUTER_BOUND($,#1047,.T.);
#1047=EDGE_LOOP($,(#1052,#1053,#1057,#1048));
#1048=ORIENTED_EDGE('',*,*,#1049,.F.);
#1049=EDGE_CURVE($,#958,#907,#1050,.T.);
#1050=CIRCLE($,#1051,0.508);
#1051=AXIS2_PLACEMENT_3D($,#1040,#233,#712);
#1052=ORIENTED_EDGE('',*,*,#957,.T.);
#1053=ORIENTED_EDGE('',*,*,#1054,.F.);
#1054=EDGE_CURVE($,#905,#960,#1055,.T.);
#1055=CIRCLE($,#1056,0.508);
#1056=AXIS2_PLACEMENT_3D($,#1028,#244,#705);
#1057=ORIENTED_EDGE('',*,*,#904,.T.);
#1058=STYLED_ITEM('color',(#27),#1059);
#1059=ADVANCED_FACE($,(#1062),#1060,.T.);
#1060=PLANE($,#1061);
#1061=AXIS2_PLACEMENT_3D($,#812,#244,#199);
#1062=FACE_OUTER_BOUND($,#1063,.T.);
#1063=EDGE_LOOP($,(#1064, #1065, #1066, #1072, #1073, #1067, #1068, #1069, #1070, #1071, #1074, #1075));
#1064=ORIENTED_EDGE('',*,*,#836,.T.);
#1065=ORIENTED_EDGE('',*,*,#816,.T.);
#1066=ORIENTED_EDGE('',*,*,#868,.T.);
#1067=ORIENTED_EDGE('',*,*,#1054,.T.);
#1068=ORIENTED_EDGE('',*,*,#974,.T.);
#1069=ORIENTED_EDGE('',*,*,#988,.T.);
#1070=ORIENTED_EDGE('',*,*,#947,.T.);
#1071=ORIENTED_EDGE('',*,*,#1032,.T.);
#1072=ORIENTED_EDGE('',*,*,#1015,.T.);
#1073=ORIENTED_EDGE('',*,*,#910,.T.);
#1074=ORIENTED_EDGE('',*,*,#894,.T.);
#1075=ORIENTED_EDGE('',*,*,#1003,.T.);
#1076=STYLED_ITEM('color',(#27),#1077);
#1077=ADVANCED_FACE($,(#1080),#1078,.T.);
#1078=PLANE($,#1079);
#1079=AXIS2_PLACEMENT_3D($,#938,#233,#199);
#1080=FACE_OUTER_BOUND($,#1081,.T.);
#1081=EDGE_LOOP($,(#1082, #1083, #1084, #1090, #1091, #1085, #1086, #1087, #1088, #1089, #1092, #1093));
#1082=ORIENTED_EDGE('',*,*,#857,.T.);
#1083=ORIENTED_EDGE('',*,*,#826,.T.);
#1084=ORIENTED_EDGE('',*,*,#847,.T.);
#1085=ORIENTED_EDGE('',*,*,#1037,.T.);
#1086=ORIENTED_EDGE('',*,*,#936,.T.);
#1087=ORIENTED_EDGE('',*,*,#984,.T.);
#1088=ORIENTED_EDGE('',*,*,#964,.T.);
#1089=ORIENTED_EDGE('',*,*,#1049,.T.);
#1090=ORIENTED_EDGE('',*,*,#998,.T.);
#1091=ORIENTED_EDGE('',*,*,#884,.T.);
#1092=ORIENTED_EDGE('',*,*,#920,.T.);
#1093=ORIENTED_EDGE('',*,*,#1020,.T.);
#1094=MANIFOLD_SOLID_BREP($,#1095);
#1095=CLOSED_SHELL('',(#1097,#1125,#1145,#1165,#1191,#1218,#1244,#1270,#1284,#1302,#1318,#1336,#1352,#1370));
#1096=STYLED_ITEM('',(#27),#1097);
#1097=ADVANCED_FACE('',(#1101),#1098,.T.);
#1098=PLANE('',#1099);
#1099=AXIS2_PLACEMENT_3D('',#1100,#22,#198);
#1100=CARTESIAN_POINT('',(-1.956,1.016,0.8));
#1101=FACE_OUTER_BOUND('',#1102,.T.);
#1102=EDGE_LOOP('',(#1103,#1110,#1115,#1121));
#1103=ORIENTED_EDGE('',*,*,#1104,.F.);
#1104=EDGE_CURVE('',#1105,#1107,#1108,.T.);
#1105=VERTEX_POINT('',#1106);
#1106=CARTESIAN_POINT('',(-1.956,1.524,0.8));
#1107=VERTEX_POINT('',#1100);
#1108=LINE('',#1106,#1109);
#1109=VECTOR('',#233,0.507999991508301);
#1110=ORIENTED_EDGE('',*,*,#1111,.F.);
#1111=EDGE_CURVE('',#1112,#1105,#1114,.T.);
#1112=VERTEX_POINT('',#1113);
#1113=CARTESIAN_POINT('',(-1.956,1.524,1.054));
#1114=LINE('',#1113,#501);
#1115=ORIENTED_EDGE('',*,*,#1116,.F.);
#1116=EDGE_CURVE('',#1117,#1112,#1119,.T.);
#1117=VERTEX_POINT('',#1118);
#1118=CARTESIAN_POINT('',(-1.956,1.016,1.054));
#1119=LINE('',#1118,#1120);
#1120=VECTOR('',#244,0.507999991508301);
#1121=ORIENTED_EDGE('',*,*,#1122,.F.);
#1122=EDGE_CURVE('',#1107,#1117,#1123,.T.);
#1123=LINE('',#1100,#511);
#1124=STYLED_ITEM('',(#27),#1125);
#1125=ADVANCED_FACE('',(#1128),#1126,.T.);
#1126=PLANE('',#1127);
#1127=AXIS2_PLACEMENT_3D('',#1118,#21,#201);
#1128=FACE_OUTER_BOUND('',#1129,.T.);
#1129=EDGE_LOOP('',(#1130,#1131,#1136,#1141));
#1130=ORIENTED_EDGE('',*,*,#1116,.T.);
#1131=ORIENTED_EDGE('',*,*,#1132,.F.);
#1132=EDGE_CURVE('',#1133,#1112,#1135,.T.);
#1133=VERTEX_POINT('',#1134);
#1134=CARTESIAN_POINT('',(-2.077,1.524,1.054));
#1135=LINE('',#1134,#524);
#1136=ORIENTED_EDGE('',*,*,#1137,.F.);
#1137=EDGE_CURVE('',#1138,#1133,#1140,.T.);
#1138=VERTEX_POINT('',#1139);
#1139=CARTESIAN_POINT('',(-2.077,1.016,1.054));
#1140=LINE('',#1139,#845);
#1141=ORIENTED_EDGE('',*,*,#1142,.F.);
#1142=EDGE_CURVE('',#1117,#1138,#1143,.T.);
#1143=LINE('',#1118,#534);
#1144=STYLED_ITEM('',(#27),#1145);
#1145=ADVANCED_FACE('',(#1148),#1146,.T.);
#1146=PLANE('',#1147);
#1147=AXIS2_PLACEMENT_3D('',#1106,#342,#201);
#1148=FACE_OUTER_BOUND('',#1149,.T.);
#1149=EDGE_LOOP('',(#1150,#1151,#1156,#1161));
#1150=ORIENTED_EDGE('',*,*,#1104,.T.);
#1151=ORIENTED_EDGE('',*,*,#1152,.F.);
#1152=EDGE_CURVE('',#1153,#1107,#1155,.T.);
#1153=VERTEX_POINT('',#1154);
#1154=CARTESIAN_POINT('',(-2.077,1.016,0.8));
#1155=LINE('',#1154,#547);
#1156=ORIENTED_EDGE('',*,*,#1157,.F.);
#1157=EDGE_CURVE('',#1158,#1153,#1160,.T.);
#1158=VERTEX_POINT('',#1159);
#1159=CARTESIAN_POINT('',(-2.077,1.524,0.8));
#1160=LINE('',#1159,#866);
#1161=ORIENTED_EDGE('',*,*,#1162,.F.);
#1162=EDGE_CURVE('',#1105,#1158,#1163,.T.);
#1163=LINE('',#1106,#557);
#1164=STYLED_ITEM('',(#27),#1165);
#1165=ADVANCED_FACE('',(#1169),#1166,.T.);
#1166=PLANE('',#1167);
#1167=AXIS2_PLACEMENT_3D('',#1168,#563,#198);
#1168=CARTESIAN_POINT('',(-2.631,1.524,0.442));
#1169=FACE_OUTER_BOUND('',#1170,.T.);
#1170=EDGE_LOOP('',(#1171,#1177,#1182,#1187));
#1171=ORIENTED_EDGE('',*,*,#1172,.F.);
#1172=EDGE_CURVE('',#1173,#1175,#1176,.T.);
#1173=VERTEX_POINT('',#1174);
#1174=CARTESIAN_POINT('',(-2.631,1.016,0.442));
#1175=VERTEX_POINT('',#1168);
#1176=LINE('',#1174,#572);
#1177=ORIENTED_EDGE('',*,*,#1178,.F.);
#1178=EDGE_CURVE('',#1179,#1173,#1181,.T.);
#1179=VERTEX_POINT('',#1180);
#1180=CARTESIAN_POINT('',(-2.568,1.016,0.678));
#1181=LINE('',#1180,#578);
#1182=ORIENTED_EDGE('',*,*,#1183,.F.);
#1183=EDGE_CURVE('',#1184,#1179,#1186,.T.);
#1184=VERTEX_POINT('',#1185);
#1185=CARTESIAN_POINT('',(-2.568,1.524,0.678));
#1186=LINE('',#1185,#585);
#1187=ORIENTED_EDGE('',*,*,#1188,.F.);
#1188=EDGE_CURVE('',#1175,#1184,#1189,.T.);
#1189=LINE('',#1168,#589);
#1190=STYLED_ITEM('',(#27),#1191);
#1191=ADVANCED_FACE('',(#1195),#1192,.T.);
#1192=PLANE('',#1193);
#1193=AXIS2_PLACEMENT_3D('',#1194,#596,#198);
#1194=CARTESIAN_POINT('',(-2.385,1.016,0.377));
#1195=FACE_OUTER_BOUND('',#1196,.T.);
#1196=EDGE_LOOP('',(#1197,#1204,#1209,#1214));
#1197=ORIENTED_EDGE('',*,*,#1198,.F.);
#1198=EDGE_CURVE('',#1199,#1201,#1202,.T.);
#1199=VERTEX_POINT('',#1200);
#1200=CARTESIAN_POINT('',(-2.385,1.524,0.377));
#1201=VERTEX_POINT('',#1194);
#1202=LINE('',#1200,#1203);
#1203=VECTOR('',#233,0.507999991794007);
#1204=ORIENTED_EDGE('',*,*,#1205,.F.);
#1205=EDGE_CURVE('',#1206,#1199,#1208,.T.);
#1206=VERTEX_POINT('',#1207);
#1207=CARTESIAN_POINT('',(-2.322,1.524,0.612));
#1208=LINE('',#1207,#611);
#1209=ORIENTED_EDGE('',*,*,#1210,.F.);
#1210=EDGE_CURVE('',#1211,#1206,#1213,.T.);
#1211=VERTEX_POINT('',#1212);
#1212=CARTESIAN_POINT('',(-2.322,1.016,0.612));
#1213=LINE('',#1212,#617);
#1214=ORIENTED_EDGE('',*,*,#1215,.F.);
#1215=EDGE_CURVE('',#1201,#1211,#1216,.T.);
#1216=LINE('',#1194,#621);
#1217=STYLED_ITEM('',(#27),#1218);
#1218=ADVANCED_FACE('',(#1222),#1219,.T.);
#1219=PLANE('',#1220);
#1220=AXIS2_PLACEMENT_3D('',#1221,#21,#201);
#1221=CARTESIAN_POINT('',(-2.997,1.524,0.254));
#1222=FACE_OUTER_BOUND('',#1223,.T.);
#1223=EDGE_LOOP('',(#1224,#1230,#1235,#1240));
#1224=ORIENTED_EDGE('',*,*,#1225,.F.);
#1225=EDGE_CURVE('',#1226,#1228,#1229,.T.);
#1226=VERTEX_POINT('',#1227);
#1227=CARTESIAN_POINT('',(-2.997,1.016,0.254));
#1228=VERTEX_POINT('',#1221);
#1229=LINE('',#1227,#635);
#1230=ORIENTED_EDGE('',*,*,#1231,.F.);
#1231=EDGE_CURVE('',#1232,#1226,#1234,.T.);
#1232=VERTEX_POINT('',#1233);
#1233=CARTESIAN_POINT('',(-2.876,1.016,0.254));
#1234=LINE('',#1233,#641);
#1235=ORIENTED_EDGE('',*,*,#1236,.F.);
#1236=EDGE_CURVE('',#1237,#1232,#1239,.T.);
#1237=VERTEX_POINT('',#1238);
#1238=CARTESIAN_POINT('',(-2.876,1.524,0.254));
#1239=LINE('',#1238,#945);
#1240=ORIENTED_EDGE('',*,*,#1241,.F.);
#1241=EDGE_CURVE('',#1228,#1237,#1242,.T.);
#1242=LINE('',#1221,#651);
#1243=STYLED_ITEM('',(#27),#1244);
#1244=ADVANCED_FACE('',(#1248),#1245,.T.);
#1245=PLANE('',#1246);
#1246=AXIS2_PLACEMENT_3D('',#1247,#342,#201);
#1247=CARTESIAN_POINT('',(-2.876,1.524,0.0));
#1248=FACE_OUTER_BOUND('',#1249,.T.);
#1249=EDGE_LOOP('',(#1250,#1256,#1261,#1266));
#1250=ORIENTED_EDGE('',*,*,#1251,.F.);
#1251=EDGE_CURVE('',#1252,#1254,#1255,.T.);
#1252=VERTEX_POINT('',#1253);
#1253=CARTESIAN_POINT('',(-2.876,1.016,0.0));
#1254=VERTEX_POINT('',#1247);
#1255=LINE('',#1253,#962);
#1256=ORIENTED_EDGE('',*,*,#1257,.F.);
#1257=EDGE_CURVE('',#1258,#1252,#1260,.T.);
#1258=VERTEX_POINT('',#1259);
#1259=CARTESIAN_POINT('',(-2.997,1.016,0.0));
#1260=LINE('',#1259,#651);
#1261=ORIENTED_EDGE('',*,*,#1262,.F.);
#1262=EDGE_CURVE('',#1263,#1258,#1265,.T.);
#1263=VERTEX_POINT('',#1264);
#1264=CARTESIAN_POINT('',(-2.997,1.524,0.0));
#1265=LINE('',#1264,#676);
#1266=ORIENTED_EDGE('',*,*,#1267,.F.);
#1267=EDGE_CURVE('',#1254,#1263,#1268,.T.);
#1268=LINE('',#1247,#641);
#1269=STYLED_ITEM('',(#27),#1270);
#1270=ADVANCED_FACE('',(#1273),#1271,.T.);
#1271=PLANE('',#1272);
#1272=AXIS2_PLACEMENT_3D('',#1264,#226,#198);
#1273=FACE_OUTER_BOUND('',#1274,.T.);
#1274=EDGE_LOOP('',(#1275,#1276,#1279,#1280));
#1275=ORIENTED_EDGE('',*,*,#1262,.T.);
#1276=ORIENTED_EDGE('',*,*,#1277,.F.);
#1277=EDGE_CURVE('',#1226,#1258,#1278,.T.);
#1278=LINE('',#1227,#501);
#1279=ORIENTED_EDGE('',*,*,#1225,.T.);
#1280=ORIENTED_EDGE('',*,*,#1281,.F.);
#1281=EDGE_CURVE('',#1263,#1228,#1282,.T.);
#1282=LINE('',#1264,#511);
#1283=STYLED_ITEM($,(#27),#1284);
#1284=ADVANCED_FACE($,(#1288),#1285,.T.);
#1285=CYLINDRICAL_SURFACE($,#1286,0.508);
#1286=AXIS2_PLACEMENT_3D($,#1287,#233,#198);
#1287=CARTESIAN_POINT('',(-2.077,1.016,0.546));
#1288=FACE_OUTER_BOUND($,#1289,.T.);
#1289=EDGE_LOOP($,(#1294,#1295,#1300,#1290));
#1290=ORIENTED_EDGE('',*,*,#1291,.F.);
#1291=EDGE_CURVE($,#1138,#1179,#1292,.T.);
#1292=CIRCLE($,#1293,0.508);
#1293=AXIS2_PLACEMENT_3D($,#1287,#233,#705);
#1294=ORIENTED_EDGE('',*,*,#1137,.T.);
#1295=ORIENTED_EDGE('',*,*,#1296,.F.);
#1296=EDGE_CURVE($,#1184,#1133,#1297,.T.);
#1297=CIRCLE($,#1298,0.508);
#1298=AXIS2_PLACEMENT_3D($,#1299,#244,#712);
#1299=CARTESIAN_POINT('',(-2.077,1.524,0.546));
#1300=ORIENTED_EDGE('',*,*,#1183,.T.);
#1301=STYLED_ITEM($,(#27),#1302);
#1302=ADVANCED_FACE($,(#1305),#1303,.F.);
#1303=CYLINDRICAL_SURFACE($,#1304,0.254);
#1304=AXIS2_PLACEMENT_3D($,#1299,#233,#200);
#1305=FACE_OUTER_BOUND($,#1306,.T.);
#1306=EDGE_LOOP($,(#1311,#1312,#1316,#1307));
#1307=ORIENTED_EDGE('',*,*,#1308,.F.);
#1308=EDGE_CURVE($,#1158,#1206,#1309,.T.);
#1309=CIRCLE($,#1310,0.254);
#1310=AXIS2_PLACEMENT_3D($,#1299,#233,#705);
#1311=ORIENTED_EDGE('',*,*,#1157,.T.);
#1312=ORIENTED_EDGE('',*,*,#1313,.F.);
#1313=EDGE_CURVE($,#1211,#1153,#1314,.T.);
#1314=CIRCLE($,#1315,0.254);
#1315=AXIS2_PLACEMENT_3D($,#1287,#244,#712);
#1316=ORIENTED_EDGE('',*,*,#1210,.T.);
#1317=STYLED_ITEM($,(#27),#1318);
#1318=ADVANCED_FACE($,(#1322),#1319,.F.);
#1319=CYLINDRICAL_SURFACE($,#1320,0.254);
#1320=AXIS2_PLACEMENT_3D($,#1321,#233,#198);
#1321=CARTESIAN_POINT('',(-2.876,1.524,0.508));
#1322=FACE_OUTER_BOUND($,#1323,.T.);
#1323=EDGE_LOOP($,(#1328,#1329,#1334,#1324));
#1324=ORIENTED_EDGE('',*,*,#1325,.F.);
#1325=EDGE_CURVE($,#1237,#1175,#1326,.T.);
#1326=CIRCLE($,#1327,0.254);
#1327=AXIS2_PLACEMENT_3D($,#1321,#233,#712);
#1328=ORIENTED_EDGE('',*,*,#1236,.T.);
#1329=ORIENTED_EDGE('',*,*,#1330,.F.);
#1330=EDGE_CURVE($,#1173,#1232,#1331,.T.);
#1331=CIRCLE($,#1332,0.254);
#1332=AXIS2_PLACEMENT_3D($,#1333,#244,#705);
#1333=CARTESIAN_POINT('',(-2.876,1.016,0.508));
#1334=ORIENTED_EDGE('',*,*,#1172,.T.);
#1335=STYLED_ITEM($,(#27),#1336);
#1336=ADVANCED_FACE($,(#1339),#1337,.T.);
#1337=CYLINDRICAL_SURFACE($,#1338,0.508);
#1338=AXIS2_PLACEMENT_3D($,#1321,#233,#200);
#1339=FACE_OUTER_BOUND($,#1340,.T.);
#1340=EDGE_LOOP($,(#1345,#1346,#1350,#1341));
#1341=ORIENTED_EDGE('',*,*,#1342,.F.);
#1342=EDGE_CURVE($,#1252,#1201,#1343,.T.);
#1343=CIRCLE($,#1344,0.508);
#1344=AXIS2_PLACEMENT_3D($,#1333,#233,#712);
#1345=ORIENTED_EDGE('',*,*,#1251,.T.);
#1346=ORIENTED_EDGE('',*,*,#1347,.F.);
#1347=EDGE_CURVE($,#1199,#1254,#1348,.T.);
#1348=CIRCLE($,#1349,0.508);
#1349=AXIS2_PLACEMENT_3D($,#1321,#244,#705);
#1350=ORIENTED_EDGE('',*,*,#1198,.T.);
#1351=STYLED_ITEM('color',(#27),#1352);
#1352=ADVANCED_FACE($,(#1355),#1353,.T.);
#1353=PLANE($,#1354);
#1354=AXIS2_PLACEMENT_3D($,#1106,#244,#199);
#1355=FACE_OUTER_BOUND($,#1356,.T.);
#1356=EDGE_LOOP($,(#1357, #1358, #1359, #1365, #1366, #1360, #1361, #1362, #1363, #1364, #1367, #1368));
#1357=ORIENTED_EDGE('',*,*,#1132,.T.);
#1358=ORIENTED_EDGE('',*,*,#1111,.T.);
#1359=ORIENTED_EDGE('',*,*,#1162,.T.);
#1360=ORIENTED_EDGE('',*,*,#1347,.T.);
#1361=ORIENTED_EDGE('',*,*,#1267,.T.);
#1362=ORIENTED_EDGE('',*,*,#1281,.T.);
#1363=ORIENTED_EDGE('',*,*,#1241,.T.);
#1364=ORIENTED_EDGE('',*,*,#1325,.T.);
#1365=ORIENTED_EDGE('',*,*,#1308,.T.);
#1366=ORIENTED_EDGE('',*,*,#1205,.T.);
#1367=ORIENTED_EDGE('',*,*,#1188,.T.);
#1368=ORIENTED_EDGE('',*,*,#1296,.T.);
#1369=STYLED_ITEM('color',(#27),#1370);
#1370=ADVANCED_FACE($,(#1373),#1371,.T.);
#1371=PLANE($,#1372);
#1372=AXIS2_PLACEMENT_3D($,#1233,#233,#199);
#1373=FACE_OUTER_BOUND($,#1374,.T.);
#1374=EDGE_LOOP($,(#1375, #1376, #1377, #1383, #1384, #1378, #1379, #1380, #1381, #1382, #1385, #1386));
#1375=ORIENTED_EDGE('',*,*,#1152,.T.);
#1376=ORIENTED_EDGE('',*,*,#1122,.T.);
#1377=ORIENTED_EDGE('',*,*,#1142,.T.);
#1378=ORIENTED_EDGE('',*,*,#1330,.T.);
#1379=ORIENTED_EDGE('',*,*,#1231,.T.);
#1380=ORIENTED_EDGE('',*,*,#1277,.T.);
#1381=ORIENTED_EDGE('',*,*,#1257,.T.);
#1382=ORIENTED_EDGE('',*,*,#1342,.T.);
#1383=ORIENTED_EDGE('',*,*,#1291,.T.);
#1384=ORIENTED_EDGE('',*,*,#1178,.T.);
#1385=ORIENTED_EDGE('',*,*,#1215,.T.);
#1386=ORIENTED_EDGE('',*,*,#1313,.T.);
#1387=MANIFOLD_SOLID_BREP($,#1388);
#1388=CLOSED_SHELL('',(#1390,#1416,#1436,#1456,#1482,#1508,#1534,#1560,#1574,#1592,#1608,#1626,#1642,#1660));
#1389=STYLED_ITEM('',(#27),#1390);
#1390=ADVANCED_FACE('',(#1394),#1391,.T.);
#1391=PLANE('',#1392);
#1392=AXIS2_PLACEMENT_3D('',#1393,#22,#198);
#1393=CARTESIAN_POINT('',(-1.956,-0.254,0.8));
#1394=FACE_OUTER_BOUND('',#1395,.T.);
#1395=EDGE_LOOP('',(#1396,#1402,#1407,#1412));
#1396=ORIENTED_EDGE('',*,*,#1397,.F.);
#1397=EDGE_CURVE('',#1398,#1400,#1401,.T.);
#1398=VERTEX_POINT('',#1399);
#1399=CARTESIAN_POINT('',(-1.956,0.254,0.8));
#1400=VERTEX_POINT('',#1393);
#1401=LINE('',#1399,#1109);
#1402=ORIENTED_EDGE('',*,*,#1403,.F.);
#1403=EDGE_CURVE('',#1404,#1398,#1406,.T.);
#1404=VERTEX_POINT('',#1405);
#1405=CARTESIAN_POINT('',(-1.956,0.254,1.054));
#1406=LINE('',#1405,#501);
#1407=ORIENTED_EDGE('',*,*,#1408,.F.);
#1408=EDGE_CURVE('',#1409,#1404,#1411,.T.);
#1409=VERTEX_POINT('',#1410);
#1410=CARTESIAN_POINT('',(-1.956,-0.254,1.054));
#1411=LINE('',#1410,#1120);
#1412=ORIENTED_EDGE('',*,*,#1413,.F.);
#1413=EDGE_CURVE('',#1400,#1409,#1414,.T.);
#1414=LINE('',#1393,#511);
#1415=STYLED_ITEM('',(#27),#1416);
#1416=ADVANCED_FACE('',(#1419),#1417,.T.);
#1417=PLANE('',#1418);
#1418=AXIS2_PLACEMENT_3D('',#1410,#21,#201);
#1419=FACE_OUTER_BOUND('',#1420,.T.);
#1420=EDGE_LOOP('',(#1421,#1422,#1427,#1432));
#1421=ORIENTED_EDGE('',*,*,#1408,.T.);
#1422=ORIENTED_EDGE('',*,*,#1423,.F.);
#1423=EDGE_CURVE('',#1424,#1404,#1426,.T.);
#1424=VERTEX_POINT('',#1425);
#1425=CARTESIAN_POINT('',(-2.077,0.254,1.054));
#1426=LINE('',#1425,#524);
#1427=ORIENTED_EDGE('',*,*,#1428,.F.);
#1428=EDGE_CURVE('',#1429,#1424,#1431,.T.);
#1429=VERTEX_POINT('',#1430);
#1430=CARTESIAN_POINT('',(-2.077,-0.254,1.054));
#1431=LINE('',#1430,#845);
#1432=ORIENTED_EDGE('',*,*,#1433,.F.);
#1433=EDGE_CURVE('',#1409,#1429,#1434,.T.);
#1434=LINE('',#1410,#534);
#1435=STYLED_ITEM('',(#27),#1436);
#1436=ADVANCED_FACE('',(#1439),#1437,.T.);
#1437=PLANE('',#1438);
#1438=AXIS2_PLACEMENT_3D('',#1399,#342,#201);
#1439=FACE_OUTER_BOUND('',#1440,.T.);
#1440=EDGE_LOOP('',(#1441,#1442,#1447,#1452));
#1441=ORIENTED_EDGE('',*,*,#1397,.T.);
#1442=ORIENTED_EDGE('',*,*,#1443,.F.);
#1443=EDGE_CURVE('',#1444,#1400,#1446,.T.);
#1444=VERTEX_POINT('',#1445);
#1445=CARTESIAN_POINT('',(-2.077,-0.254,0.8));
#1446=LINE('',#1445,#547);
#1447=ORIENTED_EDGE('',*,*,#1448,.F.);
#1448=EDGE_CURVE('',#1449,#1444,#1451,.T.);
#1449=VERTEX_POINT('',#1450);
#1450=CARTESIAN_POINT('',(-2.077,0.254,0.8));
#1451=LINE('',#1450,#866);
#1452=ORIENTED_EDGE('',*,*,#1453,.F.);
#1453=EDGE_CURVE('',#1398,#1449,#1454,.T.);
#1454=LINE('',#1399,#557);
#1455=STYLED_ITEM('',(#27),#1456);
#1456=ADVANCED_FACE('',(#1460),#1457,.T.);
#1457=PLANE('',#1458);
#1458=AXIS2_PLACEMENT_3D('',#1459,#563,#198);
#1459=CARTESIAN_POINT('',(-2.631,0.254,0.442));
#1460=FACE_OUTER_BOUND('',#1461,.T.);
#1461=EDGE_LOOP('',(#1462,#1468,#1473,#1478));
#1462=ORIENTED_EDGE('',*,*,#1463,.F.);
#1463=EDGE_CURVE('',#1464,#1466,#1467,.T.);
#1464=VERTEX_POINT('',#1465);
#1465=CARTESIAN_POINT('',(-2.631,-0.254,0.442));
#1466=VERTEX_POINT('',#1459);
#1467=LINE('',#1465,#572);
#1468=ORIENTED_EDGE('',*,*,#1469,.F.);
#1469=EDGE_CURVE('',#1470,#1464,#1472,.T.);
#1470=VERTEX_POINT('',#1471);
#1471=CARTESIAN_POINT('',(-2.568,-0.254,0.678));
#1472=LINE('',#1471,#578);
#1473=ORIENTED_EDGE('',*,*,#1474,.F.);
#1474=EDGE_CURVE('',#1475,#1470,#1477,.T.);
#1475=VERTEX_POINT('',#1476);
#1476=CARTESIAN_POINT('',(-2.568,0.254,0.678));
#1477=LINE('',#1476,#585);
#1478=ORIENTED_EDGE('',*,*,#1479,.F.);
#1479=EDGE_CURVE('',#1466,#1475,#1480,.T.);
#1480=LINE('',#1459,#589);
#1481=STYLED_ITEM('',(#27),#1482);
#1482=ADVANCED_FACE('',(#1486),#1483,.T.);
#1483=PLANE('',#1484);
#1484=AXIS2_PLACEMENT_3D('',#1485,#596,#198);
#1485=CARTESIAN_POINT('',(-2.385,-0.254,0.377));
#1486=FACE_OUTER_BOUND('',#1487,.T.);
#1487=EDGE_LOOP('',(#1488,#1494,#1499,#1504));
#1488=ORIENTED_EDGE('',*,*,#1489,.F.);
#1489=EDGE_CURVE('',#1490,#1492,#1493,.T.);
#1490=VERTEX_POINT('',#1491);
#1491=CARTESIAN_POINT('',(-2.385,0.254,0.377));
#1492=VERTEX_POINT('',#1485);
#1493=LINE('',#1491,#605);
#1494=ORIENTED_EDGE('',*,*,#1495,.F.);
#1495=EDGE_CURVE('',#1496,#1490,#1498,.T.);
#1496=VERTEX_POINT('',#1497);
#1497=CARTESIAN_POINT('',(-2.322,0.254,0.612));
#1498=LINE('',#1497,#611);
#1499=ORIENTED_EDGE('',*,*,#1500,.F.);
#1500=EDGE_CURVE('',#1501,#1496,#1503,.T.);
#1501=VERTEX_POINT('',#1502);
#1502=CARTESIAN_POINT('',(-2.322,-0.254,0.612));
#1503=LINE('',#1502,#617);
#1504=ORIENTED_EDGE('',*,*,#1505,.F.);
#1505=EDGE_CURVE('',#1492,#1501,#1506,.T.);
#1506=LINE('',#1485,#621);
#1507=STYLED_ITEM('',(#27),#1508);
#1508=ADVANCED_FACE('',(#1512),#1509,.T.);
#1509=PLANE('',#1510);
#1510=AXIS2_PLACEMENT_3D('',#1511,#21,#201);
#1511=CARTESIAN_POINT('',(-2.997,0.254,0.254));
#1512=FACE_OUTER_BOUND('',#1513,.T.);
#1513=EDGE_LOOP('',(#1514,#1520,#1525,#1530));
#1514=ORIENTED_EDGE('',*,*,#1515,.F.);
#1515=EDGE_CURVE('',#1516,#1518,#1519,.T.);
#1516=VERTEX_POINT('',#1517);
#1517=CARTESIAN_POINT('',(-2.997,-0.254,0.254));
#1518=VERTEX_POINT('',#1511);
#1519=LINE('',#1517,#635);
#1520=ORIENTED_EDGE('',*,*,#1521,.F.);
#1521=EDGE_CURVE('',#1522,#1516,#1524,.T.);
#1522=VERTEX_POINT('',#1523);
#1523=CARTESIAN_POINT('',(-2.876,-0.254,0.254));
#1524=LINE('',#1523,#641);
#1525=ORIENTED_EDGE('',*,*,#1526,.F.);
#1526=EDGE_CURVE('',#1527,#1522,#1529,.T.);
#1527=VERTEX_POINT('',#1528);
#1528=CARTESIAN_POINT('',(-2.876,0.254,0.254));
#1529=LINE('',#1528,#945);
#1530=ORIENTED_EDGE('',*,*,#1531,.F.);
#1531=EDGE_CURVE('',#1518,#1527,#1532,.T.);
#1532=LINE('',#1511,#651);
#1533=STYLED_ITEM('',(#27),#1534);
#1534=ADVANCED_FACE('',(#1538),#1535,.T.);
#1535=PLANE('',#1536);
#1536=AXIS2_PLACEMENT_3D('',#1537,#342,#201);
#1537=CARTESIAN_POINT('',(-2.876,0.254,0.0));
#1538=FACE_OUTER_BOUND('',#1539,.T.);
#1539=EDGE_LOOP('',(#1540,#1546,#1551,#1556));
#1540=ORIENTED_EDGE('',*,*,#1541,.F.);
#1541=EDGE_CURVE('',#1542,#1544,#1545,.T.);
#1542=VERTEX_POINT('',#1543);
#1543=CARTESIAN_POINT('',(-2.876,-0.254,0.0));
#1544=VERTEX_POINT('',#1537);
#1545=LINE('',#1543,#962);
#1546=ORIENTED_EDGE('',*,*,#1547,.F.);
#1547=EDGE_CURVE('',#1548,#1542,#1550,.T.);
#1548=VERTEX_POINT('',#1549);
#1549=CARTESIAN_POINT('',(-2.997,-0.254,0.0));
#1550=LINE('',#1549,#651);
#1551=ORIENTED_EDGE('',*,*,#1552,.F.);
#1552=EDGE_CURVE('',#1553,#1548,#1555,.T.);
#1553=VERTEX_POINT('',#1554);
#1554=CARTESIAN_POINT('',(-2.997,0.254,0.0));
#1555=LINE('',#1554,#676);
#1556=ORIENTED_EDGE('',*,*,#1557,.F.);
#1557=EDGE_CURVE('',#1544,#1553,#1558,.T.);
#1558=LINE('',#1537,#641);
#1559=STYLED_ITEM('',(#27),#1560);
#1560=ADVANCED_FACE('',(#1563),#1561,.T.);
#1561=PLANE('',#1562);
#1562=AXIS2_PLACEMENT_3D('',#1554,#226,#198);
#1563=FACE_OUTER_BOUND('',#1564,.T.);
#1564=EDGE_LOOP('',(#1565,#1566,#1569,#1570));
#1565=ORIENTED_EDGE('',*,*,#1552,.T.);
#1566=ORIENTED_EDGE('',*,*,#1567,.F.);
#1567=EDGE_CURVE('',#1516,#1548,#1568,.T.);
#1568=LINE('',#1517,#501);
#1569=ORIENTED_EDGE('',*,*,#1515,.T.);
#1570=ORIENTED_EDGE('',*,*,#1571,.F.);
#1571=EDGE_CURVE('',#1553,#1518,#1572,.T.);
#1572=LINE('',#1554,#511);
#1573=STYLED_ITEM($,(#27),#1574);
#1574=ADVANCED_FACE($,(#1578),#1575,.T.);
#1575=CYLINDRICAL_SURFACE($,#1576,0.508);
#1576=AXIS2_PLACEMENT_3D($,#1577,#233,#198);
#1577=CARTESIAN_POINT('',(-2.077,-0.254,0.546));
#1578=FACE_OUTER_BOUND($,#1579,.T.);
#1579=EDGE_LOOP($,(#1584,#1585,#1590,#1580));
#1580=ORIENTED_EDGE('',*,*,#1581,.F.);
#1581=EDGE_CURVE($,#1429,#1470,#1582,.T.);
#1582=CIRCLE($,#1583,0.508);
#1583=AXIS2_PLACEMENT_3D($,#1577,#233,#705);
#1584=ORIENTED_EDGE('',*,*,#1428,.T.);
#1585=ORIENTED_EDGE('',*,*,#1586,.F.);
#1586=EDGE_CURVE($,#1475,#1424,#1587,.T.);
#1587=CIRCLE($,#1588,0.508);
#1588=AXIS2_PLACEMENT_3D($,#1589,#244,#712);
#1589=CARTESIAN_POINT('',(-2.077,0.254,0.546));
#1590=ORIENTED_EDGE('',*,*,#1474,.T.);
#1591=STYLED_ITEM($,(#27),#1592);
#1592=ADVANCED_FACE($,(#1595),#1593,.F.);
#1593=CYLINDRICAL_SURFACE($,#1594,0.254);
#1594=AXIS2_PLACEMENT_3D($,#1589,#233,#200);
#1595=FACE_OUTER_BOUND($,#1596,.T.);
#1596=EDGE_LOOP($,(#1601,#1602,#1606,#1597));
#1597=ORIENTED_EDGE('',*,*,#1598,.F.);
#1598=EDGE_CURVE($,#1449,#1496,#1599,.T.);
#1599=CIRCLE($,#1600,0.254);
#1600=AXIS2_PLACEMENT_3D($,#1589,#233,#705);
#1601=ORIENTED_EDGE('',*,*,#1448,.T.);
#1602=ORIENTED_EDGE('',*,*,#1603,.F.);
#1603=EDGE_CURVE($,#1501,#1444,#1604,.T.);
#1604=CIRCLE($,#1605,0.254);
#1605=AXIS2_PLACEMENT_3D($,#1577,#244,#712);
#1606=ORIENTED_EDGE('',*,*,#1500,.T.);
#1607=STYLED_ITEM($,(#27),#1608);
#1608=ADVANCED_FACE($,(#1612),#1609,.F.);
#1609=CYLINDRICAL_SURFACE($,#1610,0.254);
#1610=AXIS2_PLACEMENT_3D($,#1611,#233,#198);
#1611=CARTESIAN_POINT('',(-2.876,0.254,0.508));
#1612=FACE_OUTER_BOUND($,#1613,.T.);
#1613=EDGE_LOOP($,(#1618,#1619,#1624,#1614));
#1614=ORIENTED_EDGE('',*,*,#1615,.F.);
#1615=EDGE_CURVE($,#1527,#1466,#1616,.T.);
#1616=CIRCLE($,#1617,0.254);
#1617=AXIS2_PLACEMENT_3D($,#1611,#233,#712);
#1618=ORIENTED_EDGE('',*,*,#1526,.T.);
#1619=ORIENTED_EDGE('',*,*,#1620,.F.);
#1620=EDGE_CURVE($,#1464,#1522,#1621,.T.);
#1621=CIRCLE($,#1622,0.254);
#1622=AXIS2_PLACEMENT_3D($,#1623,#244,#705);
#1623=CARTESIAN_POINT('',(-2.876,-0.254,0.508));
#1624=ORIENTED_EDGE('',*,*,#1463,.T.);
#1625=STYLED_ITEM($,(#27),#1626);
#1626=ADVANCED_FACE($,(#1629),#1627,.T.);
#1627=CYLINDRICAL_SURFACE($,#1628,0.508);
#1628=AXIS2_PLACEMENT_3D($,#1611,#233,#200);
#1629=FACE_OUTER_BOUND($,#1630,.T.);
#1630=EDGE_LOOP($,(#1635,#1636,#1640,#1631));
#1631=ORIENTED_EDGE('',*,*,#1632,.F.);
#1632=EDGE_CURVE($,#1542,#1492,#1633,.T.);
#1633=CIRCLE($,#1634,0.508);
#1634=AXIS2_PLACEMENT_3D($,#1623,#233,#712);
#1635=ORIENTED_EDGE('',*,*,#1541,.T.);
#1636=ORIENTED_EDGE('',*,*,#1637,.F.);
#1637=EDGE_CURVE($,#1490,#1544,#1638,.T.);
#1638=CIRCLE($,#1639,0.508);
#1639=AXIS2_PLACEMENT_3D($,#1611,#244,#705);
#1640=ORIENTED_EDGE('',*,*,#1489,.T.);
#1641=STYLED_ITEM('color',(#27),#1642);
#1642=ADVANCED_FACE($,(#1645),#1643,.T.);
#1643=PLANE($,#1644);
#1644=AXIS2_PLACEMENT_3D($,#1399,#244,#199);
#1645=FACE_OUTER_BOUND($,#1646,.T.);
#1646=EDGE_LOOP($,(#1647, #1648, #1649, #1655, #1656, #1650, #1651, #1652, #1653, #1654, #1657, #1658));
#1647=ORIENTED_EDGE('',*,*,#1423,.T.);
#1648=ORIENTED_EDGE('',*,*,#1403,.T.);
#1649=ORIENTED_EDGE('',*,*,#1453,.T.);
#1650=ORIENTED_EDGE('',*,*,#1637,.T.);
#1651=ORIENTED_EDGE('',*,*,#1557,.T.);
#1652=ORIENTED_EDGE('',*,*,#1571,.T.);
#1653=ORIENTED_EDGE('',*,*,#1531,.T.);
#1654=ORIENTED_EDGE('',*,*,#1615,.T.);
#1655=ORIENTED_EDGE('',*,*,#1598,.T.);
#1656=ORIENTED_EDGE('',*,*,#1495,.T.);
#1657=ORIENTED_EDGE('',*,*,#1479,.T.);
#1658=ORIENTED_EDGE('',*,*,#1586,.T.);
#1659=STYLED_ITEM('color',(#27),#1660);
#1660=ADVANCED_FACE($,(#1663),#1661,.T.);
#1661=PLANE($,#1662);
#1662=AXIS2_PLACEMENT_3D($,#1523,#233,#199);
#1663=FACE_OUTER_BOUND($,#1664,.T.);
#1664=EDGE_LOOP($,(#1665, #1666, #1667, #1673, #1674, #1668, #1669, #1670, #1671, #1672, #1675, #1676));
#1665=ORIENTED_EDGE('',*,*,#1443,.T.);
#1666=ORIENTED_EDGE('',*,*,#1413,.T.);
#1667=ORIENTED_EDGE('',*,*,#1433,.T.);
#1668=ORIENTED_EDGE('',*,*,#1620,.T.);
#1669=ORIENTED_EDGE('',*,*,#1521,.T.);
#1670=ORIENTED_EDGE('',*,*,#1567,.T.);
#1671=ORIENTED_EDGE('',*,*,#1547,.T.);
#1672=ORIENTED_EDGE('',*,*,#1632,.T.);
#1673=ORIENTED_EDGE('',*,*,#1581,.T.);
#1674=ORIENTED_EDGE('',*,*,#1469,.T.);
#1675=ORIENTED_EDGE('',*,*,#1505,.T.);
#1676=ORIENTED_EDGE('',*,*,#1603,.T.);
#1677=MANIFOLD_SOLID_BREP($,#1678);
#1678=CLOSED_SHELL('',(#1680,#1706,#1726,#1746,#1772,#1798,#1824,#1850,#1864,#1882,#1898,#1916,#1932,#1950));
#1679=STYLED_ITEM('',(#27),#1680);
#1680=ADVANCED_FACE('',(#1684),#1681,.T.);
#1681=PLANE('',#1682);
#1682=AXIS2_PLACEMENT_3D('',#1683,#22,#198);
#1683=CARTESIAN_POINT('',(-1.956,-1.524,0.8));
#1684=FACE_OUTER_BOUND('',#1685,.T.);
#1685=EDGE_LOOP('',(#1686,#1692,#1697,#1702));
#1686=ORIENTED_EDGE('',*,*,#1687,.F.);
#1687=EDGE_CURVE('',#1688,#1690,#1691,.T.);
#1688=VERTEX_POINT('',#1689);
#1689=CARTESIAN_POINT('',(-1.956,-1.016,0.8));
#1690=VERTEX_POINT('',#1683);
#1691=LINE('',#1689,#1109);
#1692=ORIENTED_EDGE('',*,*,#1693,.F.);
#1693=EDGE_CURVE('',#1694,#1688,#1696,.T.);
#1694=VERTEX_POINT('',#1695);
#1695=CARTESIAN_POINT('',(-1.956,-1.016,1.054));
#1696=LINE('',#1695,#501);
#1697=ORIENTED_EDGE('',*,*,#1698,.F.);
#1698=EDGE_CURVE('',#1699,#1694,#1701,.T.);
#1699=VERTEX_POINT('',#1700);
#1700=CARTESIAN_POINT('',(-1.956,-1.524,1.054));
#1701=LINE('',#1700,#1120);
#1702=ORIENTED_EDGE('',*,*,#1703,.F.);
#1703=EDGE_CURVE('',#1690,#1699,#1704,.T.);
#1704=LINE('',#1683,#511);
#1705=STYLED_ITEM('',(#27),#1706);
#1706=ADVANCED_FACE('',(#1709),#1707,.T.);
#1707=PLANE('',#1708);
#1708=AXIS2_PLACEMENT_3D('',#1700,#21,#201);
#1709=FACE_OUTER_BOUND('',#1710,.T.);
#1710=EDGE_LOOP('',(#1711,#1712,#1717,#1722));
#1711=ORIENTED_EDGE('',*,*,#1698,.T.);
#1712=ORIENTED_EDGE('',*,*,#1713,.F.);
#1713=EDGE_CURVE('',#1714,#1694,#1716,.T.);
#1714=VERTEX_POINT('',#1715);
#1715=CARTESIAN_POINT('',(-2.077,-1.016,1.054));
#1716=LINE('',#1715,#524);
#1717=ORIENTED_EDGE('',*,*,#1718,.F.);
#1718=EDGE_CURVE('',#1719,#1714,#1721,.T.);
#1719=VERTEX_POINT('',#1720);
#1720=CARTESIAN_POINT('',(-2.077,-1.524,1.054));
#1721=LINE('',#1720,#845);
#1722=ORIENTED_EDGE('',*,*,#1723,.F.);
#1723=EDGE_CURVE('',#1699,#1719,#1724,.T.);
#1724=LINE('',#1700,#534);
#1725=STYLED_ITEM('',(#27),#1726);
#1726=ADVANCED_FACE('',(#1729),#1727,.T.);
#1727=PLANE('',#1728);
#1728=AXIS2_PLACEMENT_3D('',#1689,#342,#201);
#1729=FACE_OUTER_BOUND('',#1730,.T.);
#1730=EDGE_LOOP('',(#1731,#1732,#1737,#1742));
#1731=ORIENTED_EDGE('',*,*,#1687,.T.);
#1732=ORIENTED_EDGE('',*,*,#1733,.F.);
#1733=EDGE_CURVE('',#1734,#1690,#1736,.T.);
#1734=VERTEX_POINT('',#1735);
#1735=CARTESIAN_POINT('',(-2.077,-1.524,0.8));
#1736=LINE('',#1735,#547);
#1737=ORIENTED_EDGE('',*,*,#1738,.F.);
#1738=EDGE_CURVE('',#1739,#1734,#1741,.T.);
#1739=VERTEX_POINT('',#1740);
#1740=CARTESIAN_POINT('',(-2.077,-1.016,0.8));
#1741=LINE('',#1740,#866);
#1742=ORIENTED_EDGE('',*,*,#1743,.F.);
#1743=EDGE_CURVE('',#1688,#1739,#1744,.T.);
#1744=LINE('',#1689,#557);
#1745=STYLED_ITEM('',(#27),#1746);
#1746=ADVANCED_FACE('',(#1750),#1747,.T.);
#1747=PLANE('',#1748);
#1748=AXIS2_PLACEMENT_3D('',#1749,#563,#198);
#1749=CARTESIAN_POINT('',(-2.631,-1.016,0.442));
#1750=FACE_OUTER_BOUND('',#1751,.T.);
#1751=EDGE_LOOP('',(#1752,#1758,#1763,#1768));
#1752=ORIENTED_EDGE('',*,*,#1753,.F.);
#1753=EDGE_CURVE('',#1754,#1756,#1757,.T.);
#1754=VERTEX_POINT('',#1755);
#1755=CARTESIAN_POINT('',(-2.631,-1.524,0.442));
#1756=VERTEX_POINT('',#1749);
#1757=LINE('',#1755,#572);
#1758=ORIENTED_EDGE('',*,*,#1759,.F.);
#1759=EDGE_CURVE('',#1760,#1754,#1762,.T.);
#1760=VERTEX_POINT('',#1761);
#1761=CARTESIAN_POINT('',(-2.568,-1.524,0.678));
#1762=LINE('',#1761,#578);
#1763=ORIENTED_EDGE('',*,*,#1764,.F.);
#1764=EDGE_CURVE('',#1765,#1760,#1767,.T.);
#1765=VERTEX_POINT('',#1766);
#1766=CARTESIAN_POINT('',(-2.568,-1.016,0.678));
#1767=LINE('',#1766,#585);
#1768=ORIENTED_EDGE('',*,*,#1769,.F.);
#1769=EDGE_CURVE('',#1756,#1765,#1770,.T.);
#1770=LINE('',#1749,#589);
#1771=STYLED_ITEM('',(#27),#1772);
#1772=ADVANCED_FACE('',(#1776),#1773,.T.);
#1773=PLANE('',#1774);
#1774=AXIS2_PLACEMENT_3D('',#1775,#596,#198);
#1775=CARTESIAN_POINT('',(-2.385,-1.524,0.377));
#1776=FACE_OUTER_BOUND('',#1777,.T.);
#1777=EDGE_LOOP('',(#1778,#1784,#1789,#1794));
#1778=ORIENTED_EDGE('',*,*,#1779,.F.);
#1779=EDGE_CURVE('',#1780,#1782,#1783,.T.);
#1780=VERTEX_POINT('',#1781);
#1781=CARTESIAN_POINT('',(-2.385,-1.016,0.377));
#1782=VERTEX_POINT('',#1775);
#1783=LINE('',#1781,#1203);
#1784=ORIENTED_EDGE('',*,*,#1785,.F.);
#1785=EDGE_CURVE('',#1786,#1780,#1788,.T.);
#1786=VERTEX_POINT('',#1787);
#1787=CARTESIAN_POINT('',(-2.322,-1.016,0.612));
#1788=LINE('',#1787,#611);
#1789=ORIENTED_EDGE('',*,*,#1790,.F.);
#1790=EDGE_CURVE('',#1791,#1786,#1793,.T.);
#1791=VERTEX_POINT('',#1792);
#1792=CARTESIAN_POINT('',(-2.322,-1.524,0.612));
#1793=LINE('',#1792,#617);
#1794=ORIENTED_EDGE('',*,*,#1795,.F.);
#1795=EDGE_CURVE('',#1782,#1791,#1796,.T.);
#1796=LINE('',#1775,#621);
#1797=STYLED_ITEM('',(#27),#1798);
#1798=ADVANCED_FACE('',(#1802),#1799,.T.);
#1799=PLANE('',#1800);
#1800=AXIS2_PLACEMENT_3D('',#1801,#21,#201);
#1801=CARTESIAN_POINT('',(-2.997,-1.016,0.254));
#1802=FACE_OUTER_BOUND('',#1803,.T.);
#1803=EDGE_LOOP('',(#1804,#1810,#1815,#1820));
#1804=ORIENTED_EDGE('',*,*,#1805,.F.);
#1805=EDGE_CURVE('',#1806,#1808,#1809,.T.);
#1806=VERTEX_POINT('',#1807);
#1807=CARTESIAN_POINT('',(-2.997,-1.524,0.254));
#1808=VERTEX_POINT('',#1801);
#1809=LINE('',#1807,#635);
#1810=ORIENTED_EDGE('',*,*,#1811,.F.);
#1811=EDGE_CURVE('',#1812,#1806,#1814,.T.);
#1812=VERTEX_POINT('',#1813);
#1813=CARTESIAN_POINT('',(-2.876,-1.524,0.254));
#1814=LINE('',#1813,#641);
#1815=ORIENTED_EDGE('',*,*,#1816,.F.);
#1816=EDGE_CURVE('',#1817,#1812,#1819,.T.);
#1817=VERTEX_POINT('',#1818);
#1818=CARTESIAN_POINT('',(-2.876,-1.016,0.254));
#1819=LINE('',#1818,#945);
#1820=ORIENTED_EDGE('',*,*,#1821,.F.);
#1821=EDGE_CURVE('',#1808,#1817,#1822,.T.);
#1822=LINE('',#1801,#651);
#1823=STYLED_ITEM('',(#27),#1824);
#1824=ADVANCED_FACE('',(#1828),#1825,.T.);
#1825=PLANE('',#1826);
#1826=AXIS2_PLACEMENT_3D('',#1827,#342,#201);
#1827=CARTESIAN_POINT('',(-2.876,-1.016,0.0));
#1828=FACE_OUTER_BOUND('',#1829,.T.);
#1829=EDGE_LOOP('',(#1830,#1836,#1841,#1846));
#1830=ORIENTED_EDGE('',*,*,#1831,.F.);
#1831=EDGE_CURVE('',#1832,#1834,#1835,.T.);
#1832=VERTEX_POINT('',#1833);
#1833=CARTESIAN_POINT('',(-2.876,-1.524,0.0));
#1834=VERTEX_POINT('',#1827);
#1835=LINE('',#1833,#962);
#1836=ORIENTED_EDGE('',*,*,#1837,.F.);
#1837=EDGE_CURVE('',#1838,#1832,#1840,.T.);
#1838=VERTEX_POINT('',#1839);
#1839=CARTESIAN_POINT('',(-2.997,-1.524,0.0));
#1840=LINE('',#1839,#651);
#1841=ORIENTED_EDGE('',*,*,#1842,.F.);
#1842=EDGE_CURVE('',#1843,#1838,#1845,.T.);
#1843=VERTEX_POINT('',#1844);
#1844=CARTESIAN_POINT('',(-2.997,-1.016,0.0));
#1845=LINE('',#1844,#676);
#1846=ORIENTED_EDGE('',*,*,#1847,.F.);
#1847=EDGE_CURVE('',#1834,#1843,#1848,.T.);
#1848=LINE('',#1827,#641);
#1849=STYLED_ITEM('',(#27),#1850);
#1850=ADVANCED_FACE('',(#1853),#1851,.T.);
#1851=PLANE('',#1852);
#1852=AXIS2_PLACEMENT_3D('',#1844,#226,#198);
#1853=FACE_OUTER_BOUND('',#1854,.T.);
#1854=EDGE_LOOP('',(#1855,#1856,#1859,#1860));
#1855=ORIENTED_EDGE('',*,*,#1842,.T.);
#1856=ORIENTED_EDGE('',*,*,#1857,.F.);
#1857=EDGE_CURVE('',#1806,#1838,#1858,.T.);
#1858=LINE('',#1807,#501);
#1859=ORIENTED_EDGE('',*,*,#1805,.T.);
#1860=ORIENTED_EDGE('',*,*,#1861,.F.);
#1861=EDGE_CURVE('',#1843,#1808,#1862,.T.);
#1862=LINE('',#1844,#511);
#1863=STYLED_ITEM($,(#27),#1864);
#1864=ADVANCED_FACE($,(#1868),#1865,.T.);
#1865=CYLINDRICAL_SURFACE($,#1866,0.508);
#1866=AXIS2_PLACEMENT_3D($,#1867,#233,#198);
#1867=CARTESIAN_POINT('',(-2.077,-1.524,0.546));
#1868=FACE_OUTER_BOUND($,#1869,.T.);
#1869=EDGE_LOOP($,(#1874,#1875,#1880,#1870));
#1870=ORIENTED_EDGE('',*,*,#1871,.F.);
#1871=EDGE_CURVE($,#1719,#1760,#1872,.T.);
#1872=CIRCLE($,#1873,0.508);
#1873=AXIS2_PLACEMENT_3D($,#1867,#233,#705);
#1874=ORIENTED_EDGE('',*,*,#1718,.T.);
#1875=ORIENTED_EDGE('',*,*,#1876,.F.);
#1876=EDGE_CURVE($,#1765,#1714,#1877,.T.);
#1877=CIRCLE($,#1878,0.508);
#1878=AXIS2_PLACEMENT_3D($,#1879,#244,#712);
#1879=CARTESIAN_POINT('',(-2.077,-1.016,0.546));
#1880=ORIENTED_EDGE('',*,*,#1764,.T.);
#1881=STYLED_ITEM($,(#27),#1882);
#1882=ADVANCED_FACE($,(#1885),#1883,.F.);
#1883=CYLINDRICAL_SURFACE($,#1884,0.254);
#1884=AXIS2_PLACEMENT_3D($,#1879,#233,#200);
#1885=FACE_OUTER_BOUND($,#1886,.T.);
#1886=EDGE_LOOP($,(#1891,#1892,#1896,#1887));
#1887=ORIENTED_EDGE('',*,*,#1888,.F.);
#1888=EDGE_CURVE($,#1739,#1786,#1889,.T.);
#1889=CIRCLE($,#1890,0.254);
#1890=AXIS2_PLACEMENT_3D($,#1879,#233,#705);
#1891=ORIENTED_EDGE('',*,*,#1738,.T.);
#1892=ORIENTED_EDGE('',*,*,#1893,.F.);
#1893=EDGE_CURVE($,#1791,#1734,#1894,.T.);
#1894=CIRCLE($,#1895,0.254);
#1895=AXIS2_PLACEMENT_3D($,#1867,#244,#712);
#1896=ORIENTED_EDGE('',*,*,#1790,.T.);
#1897=STYLED_ITEM($,(#27),#1898);
#1898=ADVANCED_FACE($,(#1902),#1899,.F.);
#1899=CYLINDRICAL_SURFACE($,#1900,0.254);
#1900=AXIS2_PLACEMENT_3D($,#1901,#233,#198);
#1901=CARTESIAN_POINT('',(-2.876,-1.016,0.508));
#1902=FACE_OUTER_BOUND($,#1903,.T.);
#1903=EDGE_LOOP($,(#1908,#1909,#1914,#1904));
#1904=ORIENTED_EDGE('',*,*,#1905,.F.);
#1905=EDGE_CURVE($,#1817,#1756,#1906,.T.);
#1906=CIRCLE($,#1907,0.254);
#1907=AXIS2_PLACEMENT_3D($,#1901,#233,#712);
#1908=ORIENTED_EDGE('',*,*,#1816,.T.);
#1909=ORIENTED_EDGE('',*,*,#1910,.F.);
#1910=EDGE_CURVE($,#1754,#1812,#1911,.T.);
#1911=CIRCLE($,#1912,0.254);
#1912=AXIS2_PLACEMENT_3D($,#1913,#244,#705);
#1913=CARTESIAN_POINT('',(-2.876,-1.524,0.508));
#1914=ORIENTED_EDGE('',*,*,#1753,.T.);
#1915=STYLED_ITEM($,(#27),#1916);
#1916=ADVANCED_FACE($,(#1919),#1917,.T.);
#1917=CYLINDRICAL_SURFACE($,#1918,0.508);
#1918=AXIS2_PLACEMENT_3D($,#1901,#233,#200);
#1919=FACE_OUTER_BOUND($,#1920,.T.);
#1920=EDGE_LOOP($,(#1925,#1926,#1930,#1921));
#1921=ORIENTED_EDGE('',*,*,#1922,.F.);
#1922=EDGE_CURVE($,#1832,#1782,#1923,.T.);
#1923=CIRCLE($,#1924,0.508);
#1924=AXIS2_PLACEMENT_3D($,#1913,#233,#712);
#1925=ORIENTED_EDGE('',*,*,#1831,.T.);
#1926=ORIENTED_EDGE('',*,*,#1927,.F.);
#1927=EDGE_CURVE($,#1780,#1834,#1928,.T.);
#1928=CIRCLE($,#1929,0.508);
#1929=AXIS2_PLACEMENT_3D($,#1901,#244,#705);
#1930=ORIENTED_EDGE('',*,*,#1779,.T.);
#1931=STYLED_ITEM('color',(#27),#1932);
#1932=ADVANCED_FACE($,(#1935),#1933,.T.);
#1933=PLANE($,#1934);
#1934=AXIS2_PLACEMENT_3D($,#1689,#244,#199);
#1935=FACE_OUTER_BOUND($,#1936,.T.);
#1936=EDGE_LOOP($,(#1937, #1938, #1939, #1945, #1946, #1940, #1941, #1942, #1943, #1944, #1947, #1948));
#1937=ORIENTED_EDGE('',*,*,#1713,.T.);
#1938=ORIENTED_EDGE('',*,*,#1693,.T.);
#1939=ORIENTED_EDGE('',*,*,#1743,.T.);
#1940=ORIENTED_EDGE('',*,*,#1927,.T.);
#1941=ORIENTED_EDGE('',*,*,#1847,.T.);
#1942=ORIENTED_EDGE('',*,*,#1861,.T.);
#1943=ORIENTED_EDGE('',*,*,#1821,.T.);
#1944=ORIENTED_EDGE('',*,*,#1905,.T.);
#1945=ORIENTED_EDGE('',*,*,#1888,.T.);
#1946=ORIENTED_EDGE('',*,*,#1785,.T.);
#1947=ORIENTED_EDGE('',*,*,#1769,.T.);
#1948=ORIENTED_EDGE('',*,*,#1876,.T.);
#1949=STYLED_ITEM('color',(#27),#1950);
#1950=ADVANCED_FACE($,(#1953),#1951,.T.);
#1951=PLANE($,#1952);
#1952=AXIS2_PLACEMENT_3D($,#1813,#233,#199);
#1953=FACE_OUTER_BOUND($,#1954,.T.);
#1954=EDGE_LOOP($,(#1955, #1956, #1957, #1963, #1964, #1958, #1959, #1960, #1961, #1962, #1965, #1966));
#1955=ORIENTED_EDGE('',*,*,#1733,.T.);
#1956=ORIENTED_EDGE('',*,*,#1703,.T.);
#1957=ORIENTED_EDGE('',*,*,#1723,.T.);
#1958=ORIENTED_EDGE('',*,*,#1910,.T.);
#1959=ORIENTED_EDGE('',*,*,#1811,.T.);
#1960=ORIENTED_EDGE('',*,*,#1857,.T.);
#1961=ORIENTED_EDGE('',*,*,#1837,.T.);
#1962=ORIENTED_EDGE('',*,*,#1922,.T.);
#1963=ORIENTED_EDGE('',*,*,#1871,.T.);
#1964=ORIENTED_EDGE('',*,*,#1759,.T.);
#1965=ORIENTED_EDGE('',*,*,#1795,.T.);
#1966=ORIENTED_EDGE('',*,*,#1893,.T.);
#1967=MANIFOLD_SOLID_BREP($,#1968);
#1968=CLOSED_SHELL('',(#1970,#1996,#2016,#2036,#2062,#2088,#2114,#2140,#2154,#2172,#2188,#2206,#2222,#2240));
#1969=STYLED_ITEM('',(#27),#1970);
#1970=ADVANCED_FACE('',(#1974),#1971,.T.);
#1971=PLANE('',#1972);
#1972=AXIS2_PLACEMENT_3D('',#1973,#22,#198);
#1973=CARTESIAN_POINT('',(-1.956,-2.794,0.8));
#1974=FACE_OUTER_BOUND('',#1975,.T.);
#1975=EDGE_LOOP('',(#1976,#1982,#1987,#1992));
#1976=ORIENTED_EDGE('',*,*,#1977,.F.);
#1977=EDGE_CURVE('',#1978,#1980,#1981,.T.);
#1978=VERTEX_POINT('',#1979);
#1979=CARTESIAN_POINT('',(-1.956,-2.286,0.8));
#1980=VERTEX_POINT('',#1973);
#1981=LINE('',#1979,#495);
#1982=ORIENTED_EDGE('',*,*,#1983,.F.);
#1983=EDGE_CURVE('',#1984,#1978,#1986,.T.);
#1984=VERTEX_POINT('',#1985);
#1985=CARTESIAN_POINT('',(-1.956,-2.286,1.054));
#1986=LINE('',#1985,#501);
#1987=ORIENTED_EDGE('',*,*,#1988,.F.);
#1988=EDGE_CURVE('',#1989,#1984,#1991,.T.);
#1989=VERTEX_POINT('',#1990);
#1990=CARTESIAN_POINT('',(-1.956,-2.794,1.054));
#1991=LINE('',#1990,#507);
#1992=ORIENTED_EDGE('',*,*,#1993,.F.);
#1993=EDGE_CURVE('',#1980,#1989,#1994,.T.);
#1994=LINE('',#1973,#511);
#1995=STYLED_ITEM('',(#27),#1996);
#1996=ADVANCED_FACE('',(#1999),#1997,.T.);
#1997=PLANE('',#1998);
#1998=AXIS2_PLACEMENT_3D('',#1990,#21,#201);
#1999=FACE_OUTER_BOUND('',#2000,.T.);
#2000=EDGE_LOOP('',(#2001,#2002,#2007,#2012));
#2001=ORIENTED_EDGE('',*,*,#1988,.T.);
#2002=ORIENTED_EDGE('',*,*,#2003,.F.);
#2003=EDGE_CURVE('',#2004,#1984,#2006,.T.);
#2004=VERTEX_POINT('',#2005);
#2005=CARTESIAN_POINT('',(-2.077,-2.286,1.054));
#2006=LINE('',#2005,#524);
#2007=ORIENTED_EDGE('',*,*,#2008,.F.);
#2008=EDGE_CURVE('',#2009,#2004,#2011,.T.);
#2009=VERTEX_POINT('',#2010);
#2010=CARTESIAN_POINT('',(-2.077,-2.794,1.054));
#2011=LINE('',#2010,#845);
#2012=ORIENTED_EDGE('',*,*,#2013,.F.);
#2013=EDGE_CURVE('',#1989,#2009,#2014,.T.);
#2014=LINE('',#1990,#534);
#2015=STYLED_ITEM('',(#27),#2016);
#2016=ADVANCED_FACE('',(#2019),#2017,.T.);
#2017=PLANE('',#2018);
#2018=AXIS2_PLACEMENT_3D('',#1979,#342,#201);
#2019=FACE_OUTER_BOUND('',#2020,.T.);
#2020=EDGE_LOOP('',(#2021,#2022,#2027,#2032));
#2021=ORIENTED_EDGE('',*,*,#1977,.T.);
#2022=ORIENTED_EDGE('',*,*,#2023,.F.);
#2023=EDGE_CURVE('',#2024,#1980,#2026,.T.);
#2024=VERTEX_POINT('',#2025);
#2025=CARTESIAN_POINT('',(-2.077,-2.794,0.8));
#2026=LINE('',#2025,#547);
#2027=ORIENTED_EDGE('',*,*,#2028,.F.);
#2028=EDGE_CURVE('',#2029,#2024,#2031,.T.);
#2029=VERTEX_POINT('',#2030);
#2030=CARTESIAN_POINT('',(-2.077,-2.286,0.8));
#2031=LINE('',#2030,#866);
#2032=ORIENTED_EDGE('',*,*,#2033,.F.);
#2033=EDGE_CURVE('',#1978,#2029,#2034,.T.);
#2034=LINE('',#1979,#557);
#2035=STYLED_ITEM('',(#27),#2036);
#2036=ADVANCED_FACE('',(#2040),#2037,.T.);
#2037=PLANE('',#2038);
#2038=AXIS2_PLACEMENT_3D('',#2039,#563,#198);
#2039=CARTESIAN_POINT('',(-2.631,-2.286,0.442));
#2040=FACE_OUTER_BOUND('',#2041,.T.);
#2041=EDGE_LOOP('',(#2042,#2048,#2053,#2058));
#2042=ORIENTED_EDGE('',*,*,#2043,.F.);
#2043=EDGE_CURVE('',#2044,#2046,#2047,.T.);
#2044=VERTEX_POINT('',#2045);
#2045=CARTESIAN_POINT('',(-2.631,-2.794,0.442));
#2046=VERTEX_POINT('',#2039);
#2047=LINE('',#2045,#572);
#2048=ORIENTED_EDGE('',*,*,#2049,.F.);
#2049=EDGE_CURVE('',#2050,#2044,#2052,.T.);
#2050=VERTEX_POINT('',#2051);
#2051=CARTESIAN_POINT('',(-2.568,-2.794,0.678));
#2052=LINE('',#2051,#578);
#2053=ORIENTED_EDGE('',*,*,#2054,.F.);
#2054=EDGE_CURVE('',#2055,#2050,#2057,.T.);
#2055=VERTEX_POINT('',#2056);
#2056=CARTESIAN_POINT('',(-2.568,-2.286,0.678));
#2057=LINE('',#2056,#585);
#2058=ORIENTED_EDGE('',*,*,#2059,.F.);
#2059=EDGE_CURVE('',#2046,#2055,#2060,.T.);
#2060=LINE('',#2039,#589);
#2061=STYLED_ITEM('',(#27),#2062);
#2062=ADVANCED_FACE('',(#2066),#2063,.T.);
#2063=PLANE('',#2064);
#2064=AXIS2_PLACEMENT_3D('',#2065,#596,#198);
#2065=CARTESIAN_POINT('',(-2.385,-2.794,0.377));
#2066=FACE_OUTER_BOUND('',#2067,.T.);
#2067=EDGE_LOOP('',(#2068,#2074,#2079,#2084));
#2068=ORIENTED_EDGE('',*,*,#2069,.F.);
#2069=EDGE_CURVE('',#2070,#2072,#2073,.T.);
#2070=VERTEX_POINT('',#2071);
#2071=CARTESIAN_POINT('',(-2.385,-2.286,0.377));
#2072=VERTEX_POINT('',#2065);
#2073=LINE('',#2071,#605);
#2074=ORIENTED_EDGE('',*,*,#2075,.F.);
#2075=EDGE_CURVE('',#2076,#2070,#2078,.T.);
#2076=VERTEX_POINT('',#2077);
#2077=CARTESIAN_POINT('',(-2.322,-2.286,0.612));
#2078=LINE('',#2077,#611);
#2079=ORIENTED_EDGE('',*,*,#2080,.F.);
#2080=EDGE_CURVE('',#2081,#2076,#2083,.T.);
#2081=VERTEX_POINT('',#2082);
#2082=CARTESIAN_POINT('',(-2.322,-2.794,0.612));
#2083=LINE('',#2082,#617);
#2084=ORIENTED_EDGE('',*,*,#2085,.F.);
#2085=EDGE_CURVE('',#2072,#2081,#2086,.T.);
#2086=LINE('',#2065,#621);
#2087=STYLED_ITEM('',(#27),#2088);
#2088=ADVANCED_FACE('',(#2092),#2089,.T.);
#2089=PLANE('',#2090);
#2090=AXIS2_PLACEMENT_3D('',#2091,#21,#201);
#2091=CARTESIAN_POINT('',(-2.997,-2.286,0.254));
#2092=FACE_OUTER_BOUND('',#2093,.T.);
#2093=EDGE_LOOP('',(#2094,#2100,#2105,#2110));
#2094=ORIENTED_EDGE('',*,*,#2095,.F.);
#2095=EDGE_CURVE('',#2096,#2098,#2099,.T.);
#2096=VERTEX_POINT('',#2097);
#2097=CARTESIAN_POINT('',(-2.997,-2.794,0.254));
#2098=VERTEX_POINT('',#2091);
#2099=LINE('',#2097,#635);
#2100=ORIENTED_EDGE('',*,*,#2101,.F.);
#2101=EDGE_CURVE('',#2102,#2096,#2104,.T.);
#2102=VERTEX_POINT('',#2103);
#2103=CARTESIAN_POINT('',(-2.876,-2.794,0.254));
#2104=LINE('',#2103,#641);
#2105=ORIENTED_EDGE('',*,*,#2106,.F.);
#2106=EDGE_CURVE('',#2107,#2102,#2109,.T.);
#2107=VERTEX_POINT('',#2108);
#2108=CARTESIAN_POINT('',(-2.876,-2.286,0.254));
#2109=LINE('',#2108,#945);
#2110=ORIENTED_EDGE('',*,*,#2111,.F.);
#2111=EDGE_CURVE('',#2098,#2107,#2112,.T.);
#2112=LINE('',#2091,#651);
#2113=STYLED_ITEM('',(#27),#2114);
#2114=ADVANCED_FACE('',(#2118),#2115,.T.);
#2115=PLANE('',#2116);
#2116=AXIS2_PLACEMENT_3D('',#2117,#342,#201);
#2117=CARTESIAN_POINT('',(-2.876,-2.286,0.0));
#2118=FACE_OUTER_BOUND('',#2119,.T.);
#2119=EDGE_LOOP('',(#2120,#2126,#2131,#2136));
#2120=ORIENTED_EDGE('',*,*,#2121,.F.);
#2121=EDGE_CURVE('',#2122,#2124,#2125,.T.);
#2122=VERTEX_POINT('',#2123);
#2123=CARTESIAN_POINT('',(-2.876,-2.794,0.0));
#2124=VERTEX_POINT('',#2117);
#2125=LINE('',#2123,#962);
#2126=ORIENTED_EDGE('',*,*,#2127,.F.);
#2127=EDGE_CURVE('',#2128,#2122,#2130,.T.);
#2128=VERTEX_POINT('',#2129);
#2129=CARTESIAN_POINT('',(-2.997,-2.794,0.0));
#2130=LINE('',#2129,#651);
#2131=ORIENTED_EDGE('',*,*,#2132,.F.);
#2132=EDGE_CURVE('',#2133,#2128,#2135,.T.);
#2133=VERTEX_POINT('',#2134);
#2134=CARTESIAN_POINT('',(-2.997,-2.286,0.0));
#2135=LINE('',#2134,#676);
#2136=ORIENTED_EDGE('',*,*,#2137,.F.);
#2137=EDGE_CURVE('',#2124,#2133,#2138,.T.);
#2138=LINE('',#2117,#641);
#2139=STYLED_ITEM('',(#27),#2140);
#2140=ADVANCED_FACE('',(#2143),#2141,.T.);
#2141=PLANE('',#2142);
#2142=AXIS2_PLACEMENT_3D('',#2134,#226,#198);
#2143=FACE_OUTER_BOUND('',#2144,.T.);
#2144=EDGE_LOOP('',(#2145,#2146,#2149,#2150));
#2145=ORIENTED_EDGE('',*,*,#2132,.T.);
#2146=ORIENTED_EDGE('',*,*,#2147,.F.);
#2147=EDGE_CURVE('',#2096,#2128,#2148,.T.);
#2148=LINE('',#2097,#501);
#2149=ORIENTED_EDGE('',*,*,#2095,.T.);
#2150=ORIENTED_EDGE('',*,*,#2151,.F.);
#2151=EDGE_CURVE('',#2133,#2098,#2152,.T.);
#2152=LINE('',#2134,#511);
#2153=STYLED_ITEM($,(#27),#2154);
#2154=ADVANCED_FACE($,(#2158),#2155,.T.);
#2155=CYLINDRICAL_SURFACE($,#2156,0.508);
#2156=AXIS2_PLACEMENT_3D($,#2157,#233,#198);
#2157=CARTESIAN_POINT('',(-2.077,-2.794,0.546));
#2158=FACE_OUTER_BOUND($,#2159,.T.);
#2159=EDGE_LOOP($,(#2164,#2165,#2170,#2160));
#2160=ORIENTED_EDGE('',*,*,#2161,.F.);
#2161=EDGE_CURVE($,#2009,#2050,#2162,.T.);
#2162=CIRCLE($,#2163,0.508);
#2163=AXIS2_PLACEMENT_3D($,#2157,#233,#705);
#2164=ORIENTED_EDGE('',*,*,#2008,.T.);
#2165=ORIENTED_EDGE('',*,*,#2166,.F.);
#2166=EDGE_CURVE($,#2055,#2004,#2167,.T.);
#2167=CIRCLE($,#2168,0.508);
#2168=AXIS2_PLACEMENT_3D($,#2169,#244,#712);
#2169=CARTESIAN_POINT('',(-2.077,-2.286,0.546));
#2170=ORIENTED_EDGE('',*,*,#2054,.T.);
#2171=STYLED_ITEM($,(#27),#2172);
#2172=ADVANCED_FACE($,(#2175),#2173,.F.);
#2173=CYLINDRICAL_SURFACE($,#2174,0.254);
#2174=AXIS2_PLACEMENT_3D($,#2169,#233,#200);
#2175=FACE_OUTER_BOUND($,#2176,.T.);
#2176=EDGE_LOOP($,(#2181,#2182,#2186,#2177));
#2177=ORIENTED_EDGE('',*,*,#2178,.F.);
#2178=EDGE_CURVE($,#2029,#2076,#2179,.T.);
#2179=CIRCLE($,#2180,0.254);
#2180=AXIS2_PLACEMENT_3D($,#2169,#233,#705);
#2181=ORIENTED_EDGE('',*,*,#2028,.T.);
#2182=ORIENTED_EDGE('',*,*,#2183,.F.);
#2183=EDGE_CURVE($,#2081,#2024,#2184,.T.);
#2184=CIRCLE($,#2185,0.254);
#2185=AXIS2_PLACEMENT_3D($,#2157,#244,#712);
#2186=ORIENTED_EDGE('',*,*,#2080,.T.);
#2187=STYLED_ITEM($,(#27),#2188);
#2188=ADVANCED_FACE($,(#2192),#2189,.F.);
#2189=CYLINDRICAL_SURFACE($,#2190,0.254);
#2190=AXIS2_PLACEMENT_3D($,#2191,#233,#198);
#2191=CARTESIAN_POINT('',(-2.876,-2.286,0.508));
#2192=FACE_OUTER_BOUND($,#2193,.T.);
#2193=EDGE_LOOP($,(#2198,#2199,#2204,#2194));
#2194=ORIENTED_EDGE('',*,*,#2195,.F.);
#2195=EDGE_CURVE($,#2107,#2046,#2196,.T.);
#2196=CIRCLE($,#2197,0.254);
#2197=AXIS2_PLACEMENT_3D($,#2191,#233,#712);
#2198=ORIENTED_EDGE('',*,*,#2106,.T.);
#2199=ORIENTED_EDGE('',*,*,#2200,.F.);
#2200=EDGE_CURVE($,#2044,#2102,#2201,.T.);
#2201=CIRCLE($,#2202,0.254);
#2202=AXIS2_PLACEMENT_3D($,#2203,#244,#705);
#2203=CARTESIAN_POINT('',(-2.876,-2.794,0.508));
#2204=ORIENTED_EDGE('',*,*,#2043,.T.);
#2205=STYLED_ITEM($,(#27),#2206);
#2206=ADVANCED_FACE($,(#2209),#2207,.T.);
#2207=CYLINDRICAL_SURFACE($,#2208,0.508);
#2208=AXIS2_PLACEMENT_3D($,#2191,#233,#200);
#2209=FACE_OUTER_BOUND($,#2210,.T.);
#2210=EDGE_LOOP($,(#2215,#2216,#2220,#2211));
#2211=ORIENTED_EDGE('',*,*,#2212,.F.);
#2212=EDGE_CURVE($,#2122,#2072,#2213,.T.);
#2213=CIRCLE($,#2214,0.508);
#2214=AXIS2_PLACEMENT_3D($,#2203,#233,#712);
#2215=ORIENTED_EDGE('',*,*,#2121,.T.);
#2216=ORIENTED_EDGE('',*,*,#2217,.F.);
#2217=EDGE_CURVE($,#2070,#2124,#2218,.T.);
#2218=CIRCLE($,#2219,0.508);
#2219=AXIS2_PLACEMENT_3D($,#2191,#244,#705);
#2220=ORIENTED_EDGE('',*,*,#2069,.T.);
#2221=STYLED_ITEM('color',(#27),#2222);
#2222=ADVANCED_FACE($,(#2225),#2223,.T.);
#2223=PLANE($,#2224);
#2224=AXIS2_PLACEMENT_3D($,#1979,#244,#199);
#2225=FACE_OUTER_BOUND($,#2226,.T.);
#2226=EDGE_LOOP($,(#2227, #2228, #2229, #2235, #2236, #2230, #2231, #2232, #2233, #2234, #2237, #2238));
#2227=ORIENTED_EDGE('',*,*,#2003,.T.);
#2228=ORIENTED_EDGE('',*,*,#1983,.T.);
#2229=ORIENTED_EDGE('',*,*,#2033,.T.);
#2230=ORIENTED_EDGE('',*,*,#2217,.T.);
#2231=ORIENTED_EDGE('',*,*,#2137,.T.);
#2232=ORIENTED_EDGE('',*,*,#2151,.T.);
#2233=ORIENTED_EDGE('',*,*,#2111,.T.);
#2234=ORIENTED_EDGE('',*,*,#2195,.T.);
#2235=ORIENTED_EDGE('',*,*,#2178,.T.);
#2236=ORIENTED_EDGE('',*,*,#2075,.T.);
#2237=ORIENTED_EDGE('',*,*,#2059,.T.);
#2238=ORIENTED_EDGE('',*,*,#2166,.T.);
#2239=STYLED_ITEM('color',(#27),#2240);
#2240=ADVANCED_FACE($,(#2243),#2241,.T.);
#2241=PLANE($,#2242);
#2242=AXIS2_PLACEMENT_3D($,#2103,#233,#199);
#2243=FACE_OUTER_BOUND($,#2244,.T.);
#2244=EDGE_LOOP($,(#2245, #2246, #2247, #2253, #2254, #2248, #2249, #2250, #2251, #2252, #2255, #2256));
#2245=ORIENTED_EDGE('',*,*,#2023,.T.);
#2246=ORIENTED_EDGE('',*,*,#1993,.T.);
#2247=ORIENTED_EDGE('',*,*,#2013,.T.);
#2248=ORIENTED_EDGE('',*,*,#2200,.T.);
#2249=ORIENTED_EDGE('',*,*,#2101,.T.);
#2250=ORIENTED_EDGE('',*,*,#2147,.T.);
#2251=ORIENTED_EDGE('',*,*,#2127,.T.);
#2252=ORIENTED_EDGE('',*,*,#2212,.T.);
#2253=ORIENTED_EDGE('',*,*,#2161,.T.);
#2254=ORIENTED_EDGE('',*,*,#2049,.T.);
#2255=ORIENTED_EDGE('',*,*,#2085,.T.);
#2256=ORIENTED_EDGE('',*,*,#2183,.T.);
#2257=MANIFOLD_SOLID_BREP($,#2258);
#2258=CLOSED_SHELL('',(#2260,#2286,#2306,#2326,#2352,#2378,#2404,#2430,#2444,#2462,#2478,#2496,#2512,#2530));
#2259=STYLED_ITEM('',(#27),#2260);
#2260=ADVANCED_FACE('',(#2264),#2261,.T.);
#2261=PLANE('',#2262);
#2262=AXIS2_PLACEMENT_3D('',#2263,#22,#198);
#2263=CARTESIAN_POINT('',(-1.956,-4.064,0.8));
#2264=FACE_OUTER_BOUND('',#2265,.T.);
#2265=EDGE_LOOP('',(#2266,#2272,#2277,#2282));
#2266=ORIENTED_EDGE('',*,*,#2267,.F.);
#2267=EDGE_CURVE('',#2268,#2270,#2271,.T.);
#2268=VERTEX_POINT('',#2269);
#2269=CARTESIAN_POINT('',(-1.956,-3.556,0.8));
#2270=VERTEX_POINT('',#2263);
#2271=LINE('',#2269,#495);
#2272=ORIENTED_EDGE('',*,*,#2273,.F.);
#2273=EDGE_CURVE('',#2274,#2268,#2276,.T.);
#2274=VERTEX_POINT('',#2275);
#2275=CARTESIAN_POINT('',(-1.956,-3.556,1.054));
#2276=LINE('',#2275,#501);
#2277=ORIENTED_EDGE('',*,*,#2278,.F.);
#2278=EDGE_CURVE('',#2279,#2274,#2281,.T.);
#2279=VERTEX_POINT('',#2280);
#2280=CARTESIAN_POINT('',(-1.956,-4.064,1.054));
#2281=LINE('',#2280,#507);
#2282=ORIENTED_EDGE('',*,*,#2283,.F.);
#2283=EDGE_CURVE('',#2270,#2279,#2284,.T.);
#2284=LINE('',#2263,#511);
#2285=STYLED_ITEM('',(#27),#2286);
#2286=ADVANCED_FACE('',(#2289),#2287,.T.);
#2287=PLANE('',#2288);
#2288=AXIS2_PLACEMENT_3D('',#2280,#21,#201);
#2289=FACE_OUTER_BOUND('',#2290,.T.);
#2290=EDGE_LOOP('',(#2291,#2292,#2297,#2302));
#2291=ORIENTED_EDGE('',*,*,#2278,.T.);
#2292=ORIENTED_EDGE('',*,*,#2293,.F.);
#2293=EDGE_CURVE('',#2294,#2274,#2296,.T.);
#2294=VERTEX_POINT('',#2295);
#2295=CARTESIAN_POINT('',(-2.077,-3.556,1.054));
#2296=LINE('',#2295,#524);
#2297=ORIENTED_EDGE('',*,*,#2298,.F.);
#2298=EDGE_CURVE('',#2299,#2294,#2301,.T.);
#2299=VERTEX_POINT('',#2300);
#2300=CARTESIAN_POINT('',(-2.077,-4.064,1.054));
#2301=LINE('',#2300,#530);
#2302=ORIENTED_EDGE('',*,*,#2303,.F.);
#2303=EDGE_CURVE('',#2279,#2299,#2304,.T.);
#2304=LINE('',#2280,#534);
#2305=STYLED_ITEM('',(#27),#2306);
#2306=ADVANCED_FACE('',(#2309),#2307,.T.);
#2307=PLANE('',#2308);
#2308=AXIS2_PLACEMENT_3D('',#2269,#342,#201);
#2309=FACE_OUTER_BOUND('',#2310,.T.);
#2310=EDGE_LOOP('',(#2311,#2312,#2317,#2322));
#2311=ORIENTED_EDGE('',*,*,#2267,.T.);
#2312=ORIENTED_EDGE('',*,*,#2313,.F.);
#2313=EDGE_CURVE('',#2314,#2270,#2316,.T.);
#2314=VERTEX_POINT('',#2315);
#2315=CARTESIAN_POINT('',(-2.077,-4.064,0.8));
#2316=LINE('',#2315,#547);
#2317=ORIENTED_EDGE('',*,*,#2318,.F.);
#2318=EDGE_CURVE('',#2319,#2314,#2321,.T.);
#2319=VERTEX_POINT('',#2320);
#2320=CARTESIAN_POINT('',(-2.077,-3.556,0.8));
#2321=LINE('',#2320,#553);
#2322=ORIENTED_EDGE('',*,*,#2323,.F.);
#2323=EDGE_CURVE('',#2268,#2319,#2324,.T.);
#2324=LINE('',#2269,#557);
#2325=STYLED_ITEM('',(#27),#2326);
#2326=ADVANCED_FACE('',(#2330),#2327,.T.);
#2327=PLANE('',#2328);
#2328=AXIS2_PLACEMENT_3D('',#2329,#563,#198);
#2329=CARTESIAN_POINT('',(-2.631,-3.556,0.442));
#2330=FACE_OUTER_BOUND('',#2331,.T.);
#2331=EDGE_LOOP('',(#2332,#2338,#2343,#2348));
#2332=ORIENTED_EDGE('',*,*,#2333,.F.);
#2333=EDGE_CURVE('',#2334,#2336,#2337,.T.);
#2334=VERTEX_POINT('',#2335);
#2335=CARTESIAN_POINT('',(-2.631,-4.064,0.442));
#2336=VERTEX_POINT('',#2329);
#2337=LINE('',#2335,#572);
#2338=ORIENTED_EDGE('',*,*,#2339,.F.);
#2339=EDGE_CURVE('',#2340,#2334,#2342,.T.);
#2340=VERTEX_POINT('',#2341);
#2341=CARTESIAN_POINT('',(-2.568,-4.064,0.678));
#2342=LINE('',#2341,#578);
#2343=ORIENTED_EDGE('',*,*,#2344,.F.);
#2344=EDGE_CURVE('',#2345,#2340,#2347,.T.);
#2345=VERTEX_POINT('',#2346);
#2346=CARTESIAN_POINT('',(-2.568,-3.556,0.678));
#2347=LINE('',#2346,#585);
#2348=ORIENTED_EDGE('',*,*,#2349,.F.);
#2349=EDGE_CURVE('',#2336,#2345,#2350,.T.);
#2350=LINE('',#2329,#589);
#2351=STYLED_ITEM('',(#27),#2352);
#2352=ADVANCED_FACE('',(#2356),#2353,.T.);
#2353=PLANE('',#2354);
#2354=AXIS2_PLACEMENT_3D('',#2355,#596,#198);
#2355=CARTESIAN_POINT('',(-2.385,-4.064,0.377));
#2356=FACE_OUTER_BOUND('',#2357,.T.);
#2357=EDGE_LOOP('',(#2358,#2364,#2369,#2374));
#2358=ORIENTED_EDGE('',*,*,#2359,.F.);
#2359=EDGE_CURVE('',#2360,#2362,#2363,.T.);
#2360=VERTEX_POINT('',#2361);
#2361=CARTESIAN_POINT('',(-2.385,-3.556,0.377));
#2362=VERTEX_POINT('',#2355);
#2363=LINE('',#2361,#605);
#2364=ORIENTED_EDGE('',*,*,#2365,.F.);
#2365=EDGE_CURVE('',#2366,#2360,#2368,.T.);
#2366=VERTEX_POINT('',#2367);
#2367=CARTESIAN_POINT('',(-2.322,-3.556,0.612));
#2368=LINE('',#2367,#611);
#2369=ORIENTED_EDGE('',*,*,#2370,.F.);
#2370=EDGE_CURVE('',#2371,#2366,#2373,.T.);
#2371=VERTEX_POINT('',#2372);
#2372=CARTESIAN_POINT('',(-2.322,-4.064,0.612));
#2373=LINE('',#2372,#617);
#2374=ORIENTED_EDGE('',*,*,#2375,.F.);
#2375=EDGE_CURVE('',#2362,#2371,#2376,.T.);
#2376=LINE('',#2355,#621);
#2377=STYLED_ITEM('',(#27),#2378);
#2378=ADVANCED_FACE('',(#2382),#2379,.T.);
#2379=PLANE('',#2380);
#2380=AXIS2_PLACEMENT_3D('',#2381,#21,#201);
#2381=CARTESIAN_POINT('',(-2.997,-3.556,0.254));
#2382=FACE_OUTER_BOUND('',#2383,.T.);
#2383=EDGE_LOOP('',(#2384,#2390,#2395,#2400));
#2384=ORIENTED_EDGE('',*,*,#2385,.F.);
#2385=EDGE_CURVE('',#2386,#2388,#2389,.T.);
#2386=VERTEX_POINT('',#2387);
#2387=CARTESIAN_POINT('',(-2.997,-4.064,0.254));
#2388=VERTEX_POINT('',#2381);
#2389=LINE('',#2387,#635);
#2390=ORIENTED_EDGE('',*,*,#2391,.F.);
#2391=EDGE_CURVE('',#2392,#2386,#2394,.T.);
#2392=VERTEX_POINT('',#2393);
#2393=CARTESIAN_POINT('',(-2.876,-4.064,0.254));
#2394=LINE('',#2393,#641);
#2395=ORIENTED_EDGE('',*,*,#2396,.F.);
#2396=EDGE_CURVE('',#2397,#2392,#2399,.T.);
#2397=VERTEX_POINT('',#2398);
#2398=CARTESIAN_POINT('',(-2.876,-3.556,0.254));
#2399=LINE('',#2398,#647);
#2400=ORIENTED_EDGE('',*,*,#2401,.F.);
#2401=EDGE_CURVE('',#2388,#2397,#2402,.T.);
#2402=LINE('',#2381,#651);
#2403=STYLED_ITEM('',(#27),#2404);
#2404=ADVANCED_FACE('',(#2408),#2405,.T.);
#2405=PLANE('',#2406);
#2406=AXIS2_PLACEMENT_3D('',#2407,#342,#201);
#2407=CARTESIAN_POINT('',(-2.876,-3.556,0.0));
#2408=FACE_OUTER_BOUND('',#2409,.T.);
#2409=EDGE_LOOP('',(#2410,#2416,#2421,#2426));
#2410=ORIENTED_EDGE('',*,*,#2411,.F.);
#2411=EDGE_CURVE('',#2412,#2414,#2415,.T.);
#2412=VERTEX_POINT('',#2413);
#2413=CARTESIAN_POINT('',(-2.876,-4.064,0.0));
#2414=VERTEX_POINT('',#2407);
#2415=LINE('',#2413,#665);
#2416=ORIENTED_EDGE('',*,*,#2417,.F.);
#2417=EDGE_CURVE('',#2418,#2412,#2420,.T.);
#2418=VERTEX_POINT('',#2419);
#2419=CARTESIAN_POINT('',(-2.997,-4.064,0.0));
#2420=LINE('',#2419,#651);
#2421=ORIENTED_EDGE('',*,*,#2422,.F.);
#2422=EDGE_CURVE('',#2423,#2418,#2425,.T.);
#2423=VERTEX_POINT('',#2424);
#2424=CARTESIAN_POINT('',(-2.997,-3.556,0.0));
#2425=LINE('',#2424,#676);
#2426=ORIENTED_EDGE('',*,*,#2427,.F.);
#2427=EDGE_CURVE('',#2414,#2423,#2428,.T.);
#2428=LINE('',#2407,#641);
#2429=STYLED_ITEM('',(#27),#2430);
#2430=ADVANCED_FACE('',(#2433),#2431,.T.);
#2431=PLANE('',#2432);
#2432=AXIS2_PLACEMENT_3D('',#2424,#226,#198);
#2433=FACE_OUTER_BOUND('',#2434,.T.);
#2434=EDGE_LOOP('',(#2435,#2436,#2439,#2440));
#2435=ORIENTED_EDGE('',*,*,#2422,.T.);
#2436=ORIENTED_EDGE('',*,*,#2437,.F.);
#2437=EDGE_CURVE('',#2386,#2418,#2438,.T.);
#2438=LINE('',#2387,#501);
#2439=ORIENTED_EDGE('',*,*,#2385,.T.);
#2440=ORIENTED_EDGE('',*,*,#2441,.F.);
#2441=EDGE_CURVE('',#2423,#2388,#2442,.T.);
#2442=LINE('',#2424,#511);
#2443=STYLED_ITEM($,(#27),#2444);
#2444=ADVANCED_FACE($,(#2448),#2445,.T.);
#2445=CYLINDRICAL_SURFACE($,#2446,0.508);
#2446=AXIS2_PLACEMENT_3D($,#2447,#233,#198);
#2447=CARTESIAN_POINT('',(-2.077,-4.064,0.546));
#2448=FACE_OUTER_BOUND($,#2449,.T.);
#2449=EDGE_LOOP($,(#2454,#2455,#2460,#2450));
#2450=ORIENTED_EDGE('',*,*,#2451,.F.);
#2451=EDGE_CURVE($,#2299,#2340,#2452,.T.);
#2452=CIRCLE($,#2453,0.508);
#2453=AXIS2_PLACEMENT_3D($,#2447,#233,#705);
#2454=ORIENTED_EDGE('',*,*,#2298,.T.);
#2455=ORIENTED_EDGE('',*,*,#2456,.F.);
#2456=EDGE_CURVE($,#2345,#2294,#2457,.T.);
#2457=CIRCLE($,#2458,0.508);
#2458=AXIS2_PLACEMENT_3D($,#2459,#244,#712);
#2459=CARTESIAN_POINT('',(-2.077,-3.556,0.546));
#2460=ORIENTED_EDGE('',*,*,#2344,.T.);
#2461=STYLED_ITEM($,(#27),#2462);
#2462=ADVANCED_FACE($,(#2465),#2463,.F.);
#2463=CYLINDRICAL_SURFACE($,#2464,0.254);
#2464=AXIS2_PLACEMENT_3D($,#2459,#233,#200);
#2465=FACE_OUTER_BOUND($,#2466,.T.);
#2466=EDGE_LOOP($,(#2471,#2472,#2476,#2467));
#2467=ORIENTED_EDGE('',*,*,#2468,.F.);
#2468=EDGE_CURVE($,#2319,#2366,#2469,.T.);
#2469=CIRCLE($,#2470,0.254);
#2470=AXIS2_PLACEMENT_3D($,#2459,#233,#705);
#2471=ORIENTED_EDGE('',*,*,#2318,.T.);
#2472=ORIENTED_EDGE('',*,*,#2473,.F.);
#2473=EDGE_CURVE($,#2371,#2314,#2474,.T.);
#2474=CIRCLE($,#2475,0.254);
#2475=AXIS2_PLACEMENT_3D($,#2447,#244,#712);
#2476=ORIENTED_EDGE('',*,*,#2370,.T.);
#2477=STYLED_ITEM($,(#27),#2478);
#2478=ADVANCED_FACE($,(#2482),#2479,.F.);
#2479=CYLINDRICAL_SURFACE($,#2480,0.254);
#2480=AXIS2_PLACEMENT_3D($,#2481,#233,#198);
#2481=CARTESIAN_POINT('',(-2.876,-3.556,0.508));
#2482=FACE_OUTER_BOUND($,#2483,.T.);
#2483=EDGE_LOOP($,(#2488,#2489,#2494,#2484));
#2484=ORIENTED_EDGE('',*,*,#2485,.F.);
#2485=EDGE_CURVE($,#2397,#2336,#2486,.T.);
#2486=CIRCLE($,#2487,0.254);
#2487=AXIS2_PLACEMENT_3D($,#2481,#233,#712);
#2488=ORIENTED_EDGE('',*,*,#2396,.T.);
#2489=ORIENTED_EDGE('',*,*,#2490,.F.);
#2490=EDGE_CURVE($,#2334,#2392,#2491,.T.);
#2491=CIRCLE($,#2492,0.254);
#2492=AXIS2_PLACEMENT_3D($,#2493,#244,#705);
#2493=CARTESIAN_POINT('',(-2.876,-4.064,0.508));
#2494=ORIENTED_EDGE('',*,*,#2333,.T.);
#2495=STYLED_ITEM($,(#27),#2496);
#2496=ADVANCED_FACE($,(#2499),#2497,.T.);
#2497=CYLINDRICAL_SURFACE($,#2498,0.508);
#2498=AXIS2_PLACEMENT_3D($,#2481,#233,#200);
#2499=FACE_OUTER_BOUND($,#2500,.T.);
#2500=EDGE_LOOP($,(#2505,#2506,#2510,#2501));
#2501=ORIENTED_EDGE('',*,*,#2502,.F.);
#2502=EDGE_CURVE($,#2412,#2362,#2503,.T.);
#2503=CIRCLE($,#2504,0.508);
#2504=AXIS2_PLACEMENT_3D($,#2493,#233,#712);
#2505=ORIENTED_EDGE('',*,*,#2411,.T.);
#2506=ORIENTED_EDGE('',*,*,#2507,.F.);
#2507=EDGE_CURVE($,#2360,#2414,#2508,.T.);
#2508=CIRCLE($,#2509,0.508);
#2509=AXIS2_PLACEMENT_3D($,#2481,#244,#705);
#2510=ORIENTED_EDGE('',*,*,#2359,.T.);
#2511=STYLED_ITEM('color',(#27),#2512);
#2512=ADVANCED_FACE($,(#2515),#2513,.T.);
#2513=PLANE($,#2514);
#2514=AXIS2_PLACEMENT_3D($,#2269,#244,#199);
#2515=FACE_OUTER_BOUND($,#2516,.T.);
#2516=EDGE_LOOP($,(#2517, #2518, #2519, #2525, #2526, #2520, #2521, #2522, #2523, #2524, #2527, #2528));
#2517=ORIENTED_EDGE('',*,*,#2293,.T.);
#2518=ORIENTED_EDGE('',*,*,#2273,.T.);
#2519=ORIENTED_EDGE('',*,*,#2323,.T.);
#2520=ORIENTED_EDGE('',*,*,#2507,.T.);
#2521=ORIENTED_EDGE('',*,*,#2427,.T.);
#2522=ORIENTED_EDGE('',*,*,#2441,.T.);
#2523=ORIENTED_EDGE('',*,*,#2401,.T.);
#2524=ORIENTED_EDGE('',*,*,#2485,.T.);
#2525=ORIENTED_EDGE('',*,*,#2468,.T.);
#2526=ORIENTED_EDGE('',*,*,#2365,.T.);
#2527=ORIENTED_EDGE('',*,*,#2349,.T.);
#2528=ORIENTED_EDGE('',*,*,#2456,.T.);
#2529=STYLED_ITEM('color',(#27),#2530);
#2530=ADVANCED_FACE($,(#2533),#2531,.T.);
#2531=PLANE($,#2532);
#2532=AXIS2_PLACEMENT_3D($,#2393,#233,#199);
#2533=FACE_OUTER_BOUND($,#2534,.T.);
#2534=EDGE_LOOP($,(#2535, #2536, #2537, #2543, #2544, #2538, #2539, #2540, #2541, #2542, #2545, #2546));
#2535=ORIENTED_EDGE('',*,*,#2313,.T.);
#2536=ORIENTED_EDGE('',*,*,#2283,.T.);
#2537=ORIENTED_EDGE('',*,*,#2303,.T.);
#2538=ORIENTED_EDGE('',*,*,#2490,.T.);
#2539=ORIENTED_EDGE('',*,*,#2391,.T.);
#2540=ORIENTED_EDGE('',*,*,#2437,.T.);
#2541=ORIENTED_EDGE('',*,*,#2417,.T.);
#2542=ORIENTED_EDGE('',*,*,#2502,.T.);
#2543=ORIENTED_EDGE('',*,*,#2451,.T.);
#2544=ORIENTED_EDGE('',*,*,#2339,.T.);
#2545=ORIENTED_EDGE('',*,*,#2375,.T.);
#2546=ORIENTED_EDGE('',*,*,#2473,.T.);
#2547=MANIFOLD_SOLID_BREP($,#2548);
#2548=CLOSED_SHELL('',(#2550,#2576,#2596,#2616,#2649,#2680,#2708,#2734,#2748,#2768,#2784,#2802,#2818,#2836));
#2549=STYLED_ITEM('',(#27),#2550);
#2550=ADVANCED_FACE('',(#2554),#2551,.T.);
#2551=PLANE('',#2552);
#2552=AXIS2_PLACEMENT_3D('',#2553,#226,#198);
#2553=CARTESIAN_POINT('',(1.956,-3.556,0.8));
#2554=FACE_OUTER_BOUND('',#2555,.T.);
#2555=EDGE_LOOP('',(#2556,#2562,#2567,#2572));
#2556=ORIENTED_EDGE('',*,*,#2557,.F.);
#2557=EDGE_CURVE('',#2558,#2560,#2561,.T.);
#2558=VERTEX_POINT('',#2559);
#2559=CARTESIAN_POINT('',(1.956,-4.064,0.8));
#2560=VERTEX_POINT('',#2553);
#2561=LINE('',#2559,#507);
#2562=ORIENTED_EDGE('',*,*,#2563,.F.);
#2563=EDGE_CURVE('',#2564,#2558,#2566,.T.);
#2564=VERTEX_POINT('',#2565);
#2565=CARTESIAN_POINT('',(1.956,-4.064,1.054));
#2566=LINE('',#2565,#501);
#2567=ORIENTED_EDGE('',*,*,#2568,.F.);
#2568=EDGE_CURVE('',#2569,#2564,#2571,.T.);
#2569=VERTEX_POINT('',#2570);
#2570=CARTESIAN_POINT('',(1.956,-3.556,1.054));
#2571=LINE('',#2570,#495);
#2572=ORIENTED_EDGE('',*,*,#2573,.F.);
#2573=EDGE_CURVE('',#2560,#2569,#2574,.T.);
#2574=LINE('',#2553,#511);
#2575=STYLED_ITEM('',(#27),#2576);
#2576=ADVANCED_FACE('',(#2579),#2577,.T.);
#2577=PLANE('',#2578);
#2578=AXIS2_PLACEMENT_3D('',#2570,#21,#201);
#2579=FACE_OUTER_BOUND('',#2580,.T.);
#2580=EDGE_LOOP('',(#2581,#2582,#2587,#2592));
#2581=ORIENTED_EDGE('',*,*,#2568,.T.);
#2582=ORIENTED_EDGE('',*,*,#2583,.F.);
#2583=EDGE_CURVE('',#2584,#2564,#2586,.T.);
#2584=VERTEX_POINT('',#2585);
#2585=CARTESIAN_POINT('',(2.077,-4.064,1.054));
#2586=LINE('',#2585,#557);
#2587=ORIENTED_EDGE('',*,*,#2588,.F.);
#2588=EDGE_CURVE('',#2589,#2584,#2591,.T.);
#2589=VERTEX_POINT('',#2590);
#2590=CARTESIAN_POINT('',(2.077,-3.556,1.054));
#2591=LINE('',#2590,#866);
#2592=ORIENTED_EDGE('',*,*,#2593,.F.);
#2593=EDGE_CURVE('',#2569,#2589,#2594,.T.);
#2594=LINE('',#2570,#524);
#2595=STYLED_ITEM('',(#27),#2596);
#2596=ADVANCED_FACE('',(#2599),#2597,.T.);
#2597=PLANE('',#2598);
#2598=AXIS2_PLACEMENT_3D('',#2559,#342,#201);
#2599=FACE_OUTER_BOUND('',#2600,.T.);
#2600=EDGE_LOOP('',(#2601,#2602,#2607,#2612));
#2601=ORIENTED_EDGE('',*,*,#2557,.T.);
#2602=ORIENTED_EDGE('',*,*,#2603,.F.);
#2603=EDGE_CURVE('',#2604,#2560,#2606,.T.);
#2604=VERTEX_POINT('',#2605);
#2605=CARTESIAN_POINT('',(2.077,-3.556,0.8));
#2606=LINE('',#2605,#557);
#2607=ORIENTED_EDGE('',*,*,#2608,.F.);
#2608=EDGE_CURVE('',#2609,#2604,#2611,.T.);
#2609=VERTEX_POINT('',#2610);
#2610=CARTESIAN_POINT('',(2.077,-4.064,0.8));
#2611=LINE('',#2610,#845);
#2612=ORIENTED_EDGE('',*,*,#2613,.F.);
#2613=EDGE_CURVE('',#2558,#2609,#2614,.T.);
#2614=LINE('',#2559,#524);
#2615=STYLED_ITEM('',(#27),#2616);
#2616=ADVANCED_FACE('',(#2621),#2617,.T.);
#2617=PLANE('',#2618);
#2618=AXIS2_PLACEMENT_3D('',#2619,#2620,#198);
#2619=CARTESIAN_POINT('',(2.631,-4.064,0.442));
#2620=DIRECTION('',(0.966,0.0,0.259));
#2621=FACE_OUTER_BOUND('',#2622,.T.);
#2622=EDGE_LOOP('',(#2623,#2630,#2637,#2643));
#2623=ORIENTED_EDGE('',*,*,#2624,.F.);
#2624=EDGE_CURVE('',#2625,#2627,#2628,.T.);
#2625=VERTEX_POINT('',#2626);
#2626=CARTESIAN_POINT('',(2.631,-3.556,0.442));
#2627=VERTEX_POINT('',#2619);
#2628=LINE('',#2626,#2629);
#2629=VECTOR('',#233,0.507999992429321);
#2630=ORIENTED_EDGE('',*,*,#2631,.F.);
#2631=EDGE_CURVE('',#2632,#2625,#2634,.T.);
#2632=VERTEX_POINT('',#2633);
#2633=CARTESIAN_POINT('',(2.568,-3.556,0.678));
#2634=LINE('',#2633,#2635);
#2635=VECTOR('',#2636,0.243618774725817);
#2636=DIRECTION('',(0.259,0.0,-0.966));
#2637=ORIENTED_EDGE('',*,*,#2638,.F.);
#2638=EDGE_CURVE('',#2639,#2632,#2641,.T.);
#2639=VERTEX_POINT('',#2640);
#2640=CARTESIAN_POINT('',(2.568,-4.064,0.678));
#2641=LINE('',#2640,#2642);
#2642=VECTOR('',#244,0.50799999218152);
#2643=ORIENTED_EDGE('',*,*,#2644,.F.);
#2644=EDGE_CURVE('',#2627,#2639,#2645,.T.);
#2645=LINE('',#2619,#2646);
#2646=VECTOR('',#2647,0.243618774725817);
#2647=DIRECTION('',(-0.259,0.0,0.966));
#2648=STYLED_ITEM('',(#27),#2649);
#2649=ADVANCED_FACE('',(#2654),#2650,.T.);
#2650=PLANE('',#2651);
#2651=AXIS2_PLACEMENT_3D('',#2652,#2653,#198);
#2652=CARTESIAN_POINT('',(2.385,-3.556,0.377));
#2653=DIRECTION('',(-0.966,0.0,-0.259));
#2654=FACE_OUTER_BOUND('',#2655,.T.);
#2655=EDGE_LOOP('',(#2656,#2663,#2669,#2675));
#2656=ORIENTED_EDGE('',*,*,#2657,.F.);
#2657=EDGE_CURVE('',#2658,#2660,#2661,.T.);
#2658=VERTEX_POINT('',#2659);
#2659=CARTESIAN_POINT('',(2.385,-4.064,0.377));
#2660=VERTEX_POINT('',#2652);
#2661=LINE('',#2659,#2662);
#2662=VECTOR('',#244,0.507999991794006);
#2663=ORIENTED_EDGE('',*,*,#2664,.F.);
#2664=EDGE_CURVE('',#2665,#2658,#2667,.T.);
#2665=VERTEX_POINT('',#2666);
#2666=CARTESIAN_POINT('',(2.322,-4.064,0.612));
#2667=LINE('',#2666,#2668);
#2668=VECTOR('',#2636,0.243618774768953);
#2669=ORIENTED_EDGE('',*,*,#2670,.F.);
#2670=EDGE_CURVE('',#2671,#2665,#2673,.T.);
#2671=VERTEX_POINT('',#2672);
#2672=CARTESIAN_POINT('',(2.322,-3.556,0.612));
#2673=LINE('',#2672,#2674);
#2674=VECTOR('',#233,0.507999991719689);
#2675=ORIENTED_EDGE('',*,*,#2676,.F.);
#2676=EDGE_CURVE('',#2660,#2671,#2677,.T.);
#2677=LINE('',#2652,#2678);
#2678=VECTOR('',#2647,0.243618774768953);
#2679=STYLED_ITEM('',(#27),#2680);
#2680=ADVANCED_FACE('',(#2684),#2681,.T.);
#2681=PLANE('',#2682);
#2682=AXIS2_PLACEMENT_3D('',#2683,#21,#201);
#2683=CARTESIAN_POINT('',(2.997,-4.064,0.254));
#2684=FACE_OUTER_BOUND('',#2685,.T.);
#2685=EDGE_LOOP('',(#2686,#2692,#2698,#2703));
#2686=ORIENTED_EDGE('',*,*,#2687,.F.);
#2687=EDGE_CURVE('',#2688,#2690,#2691,.T.);
#2688=VERTEX_POINT('',#2689);
#2689=CARTESIAN_POINT('',(2.997,-3.556,0.254));
#2690=VERTEX_POINT('',#2683);
#2691=LINE('',#2689,#676);
#2692=ORIENTED_EDGE('',*,*,#2693,.F.);
#2693=EDGE_CURVE('',#2694,#2688,#2696,.T.);
#2694=VERTEX_POINT('',#2695);
#2695=CARTESIAN_POINT('',(2.876,-3.556,0.254));
#2696=LINE('',#2695,#2697);
#2697=VECTOR('',#22,0.121155727228963);
#2698=ORIENTED_EDGE('',*,*,#2699,.F.);
#2699=EDGE_CURVE('',#2700,#2694,#2702,.T.);
#2700=VERTEX_POINT('',#2701);
#2701=CARTESIAN_POINT('',(2.876,-4.064,0.254));
#2702=LINE('',#2701,#665);
#2703=ORIENTED_EDGE('',*,*,#2704,.F.);
#2704=EDGE_CURVE('',#2690,#2700,#2705,.T.);
#2705=LINE('',#2683,#2706);
#2706=VECTOR('',#226,0.121155727228963);
#2707=STYLED_ITEM('',(#27),#2708);
#2708=ADVANCED_FACE('',(#2712),#2709,.T.);
#2709=PLANE('',#2710);
#2710=AXIS2_PLACEMENT_3D('',#2711,#342,#201);
#2711=CARTESIAN_POINT('',(2.876,-4.064,0.0));
#2712=FACE_OUTER_BOUND('',#2713,.T.);
#2713=EDGE_LOOP('',(#2714,#2720,#2725,#2730));
#2714=ORIENTED_EDGE('',*,*,#2715,.F.);
#2715=EDGE_CURVE('',#2716,#2718,#2719,.T.);
#2716=VERTEX_POINT('',#2717);
#2717=CARTESIAN_POINT('',(2.876,-3.556,0.0));
#2718=VERTEX_POINT('',#2711);
#2719=LINE('',#2717,#647);
#2720=ORIENTED_EDGE('',*,*,#2721,.F.);
#2721=EDGE_CURVE('',#2722,#2716,#2724,.T.);
#2722=VERTEX_POINT('',#2723);
#2723=CARTESIAN_POINT('',(2.997,-3.556,0.0));
#2724=LINE('',#2723,#2706);
#2725=ORIENTED_EDGE('',*,*,#2726,.F.);
#2726=EDGE_CURVE('',#2727,#2722,#2729,.T.);
#2727=VERTEX_POINT('',#2728);
#2728=CARTESIAN_POINT('',(2.997,-4.064,0.0));
#2729=LINE('',#2728,#635);
#2730=ORIENTED_EDGE('',*,*,#2731,.F.);
#2731=EDGE_CURVE('',#2718,#2727,#2732,.T.);
#2732=LINE('',#2711,#2697);
#2733=STYLED_ITEM('',(#27),#2734);
#2734=ADVANCED_FACE('',(#2737),#2735,.T.);
#2735=PLANE('',#2736);
#2736=AXIS2_PLACEMENT_3D('',#2728,#22,#198);
#2737=FACE_OUTER_BOUND('',#2738,.T.);
#2738=EDGE_LOOP('',(#2739,#2740,#2743,#2744));
#2739=ORIENTED_EDGE('',*,*,#2726,.T.);
#2740=ORIENTED_EDGE('',*,*,#2741,.F.);
#2741=EDGE_CURVE('',#2688,#2722,#2742,.T.);
#2742=LINE('',#2689,#501);
#2743=ORIENTED_EDGE('',*,*,#2687,.T.);
#2744=ORIENTED_EDGE('',*,*,#2745,.F.);
#2745=EDGE_CURVE('',#2727,#2690,#2746,.T.);
#2746=LINE('',#2728,#511);
#2747=STYLED_ITEM($,(#27),#2748);
#2748=ADVANCED_FACE($,(#2752),#2749,.T.);
#2749=CYLINDRICAL_SURFACE($,#2750,0.508);
#2750=AXIS2_PLACEMENT_3D($,#2751,#244,#198);
#2751=CARTESIAN_POINT('',(2.077,-3.556,0.546));
#2752=FACE_OUTER_BOUND($,#2753,.T.);
#2753=EDGE_LOOP($,(#2759,#2760,#2766,#2754));
#2754=ORIENTED_EDGE('',*,*,#2755,.F.);
#2755=EDGE_CURVE($,#2589,#2632,#2756,.T.);
#2756=CIRCLE($,#2757,0.508);
#2757=AXIS2_PLACEMENT_3D($,#2751,#244,#2758);
#2758=DIRECTION('',(0.793,0.0,-0.609));
#2759=ORIENTED_EDGE('',*,*,#2588,.T.);
#2760=ORIENTED_EDGE('',*,*,#2761,.F.);
#2761=EDGE_CURVE($,#2639,#2584,#2762,.T.);
#2762=CIRCLE($,#2763,0.508);
#2763=AXIS2_PLACEMENT_3D($,#2764,#233,#2765);
#2764=CARTESIAN_POINT('',(2.077,-4.064,0.546));
#2765=DIRECTION('',(-0.793,0.0,0.609));
#2766=ORIENTED_EDGE('',*,*,#2638,.T.);
#2767=STYLED_ITEM($,(#27),#2768);
#2768=ADVANCED_FACE($,(#2771),#2769,.F.);
#2769=CYLINDRICAL_SURFACE($,#2770,0.254);
#2770=AXIS2_PLACEMENT_3D($,#2764,#244,#200);
#2771=FACE_OUTER_BOUND($,#2772,.T.);
#2772=EDGE_LOOP($,(#2777,#2778,#2782,#2773));
#2773=ORIENTED_EDGE('',*,*,#2774,.F.);
#2774=EDGE_CURVE($,#2609,#2665,#2775,.T.);
#2775=CIRCLE($,#2776,0.254);
#2776=AXIS2_PLACEMENT_3D($,#2764,#244,#2758);
#2777=ORIENTED_EDGE('',*,*,#2608,.T.);
#2778=ORIENTED_EDGE('',*,*,#2779,.F.);
#2779=EDGE_CURVE($,#2671,#2604,#2780,.T.);
#2780=CIRCLE($,#2781,0.254);
#2781=AXIS2_PLACEMENT_3D($,#2751,#233,#2765);
#2782=ORIENTED_EDGE('',*,*,#2670,.T.);
#2783=STYLED_ITEM($,(#27),#2784);
#2784=ADVANCED_FACE($,(#2788),#2785,.F.);
#2785=CYLINDRICAL_SURFACE($,#2786,0.254);
#2786=AXIS2_PLACEMENT_3D($,#2787,#244,#198);
#2787=CARTESIAN_POINT('',(2.876,-4.064,0.508));
#2788=FACE_OUTER_BOUND($,#2789,.T.);
#2789=EDGE_LOOP($,(#2794,#2795,#2800,#2790));
#2790=ORIENTED_EDGE('',*,*,#2791,.F.);
#2791=EDGE_CURVE($,#2700,#2627,#2792,.T.);
#2792=CIRCLE($,#2793,0.254);
#2793=AXIS2_PLACEMENT_3D($,#2787,#244,#2765);
#2794=ORIENTED_EDGE('',*,*,#2699,.T.);
#2795=ORIENTED_EDGE('',*,*,#2796,.F.);
#2796=EDGE_CURVE($,#2625,#2694,#2797,.T.);
#2797=CIRCLE($,#2798,0.254);
#2798=AXIS2_PLACEMENT_3D($,#2799,#233,#2758);
#2799=CARTESIAN_POINT('',(2.876,-3.556,0.508));
#2800=ORIENTED_EDGE('',*,*,#2624,.T.);
#2801=STYLED_ITEM($,(#27),#2802);
#2802=ADVANCED_FACE($,(#2805),#2803,.T.);
#2803=CYLINDRICAL_SURFACE($,#2804,0.508);
#2804=AXIS2_PLACEMENT_3D($,#2787,#244,#200);
#2805=FACE_OUTER_BOUND($,#2806,.T.);
#2806=EDGE_LOOP($,(#2811,#2812,#2816,#2807));
#2807=ORIENTED_EDGE('',*,*,#2808,.F.);
#2808=EDGE_CURVE($,#2716,#2660,#2809,.T.);
#2809=CIRCLE($,#2810,0.508);
#2810=AXIS2_PLACEMENT_3D($,#2799,#244,#2765);
#2811=ORIENTED_EDGE('',*,*,#2715,.T.);
#2812=ORIENTED_EDGE('',*,*,#2813,.F.);
#2813=EDGE_CURVE($,#2658,#2718,#2814,.T.);
#2814=CIRCLE($,#2815,0.508);
#2815=AXIS2_PLACEMENT_3D($,#2787,#233,#2758);
#2816=ORIENTED_EDGE('',*,*,#2657,.T.);
#2817=STYLED_ITEM('color',(#27),#2818);
#2818=ADVANCED_FACE($,(#2821),#2819,.T.);
#2819=PLANE($,#2820);
#2820=AXIS2_PLACEMENT_3D($,#2559,#233,#199);
#2821=FACE_OUTER_BOUND($,#2822,.T.);
#2822=EDGE_LOOP($,(#2823, #2824, #2825, #2831, #2832, #2826, #2827, #2828, #2829, #2830, #2833, #2834));
#2823=ORIENTED_EDGE('',*,*,#2583,.T.);
#2824=ORIENTED_EDGE('',*,*,#2563,.T.);
#2825=ORIENTED_EDGE('',*,*,#2613,.T.);
#2826=ORIENTED_EDGE('',*,*,#2813,.T.);
#2827=ORIENTED_EDGE('',*,*,#2731,.T.);
#2828=ORIENTED_EDGE('',*,*,#2745,.T.);
#2829=ORIENTED_EDGE('',*,*,#2704,.T.);
#2830=ORIENTED_EDGE('',*,*,#2791,.T.);
#2831=ORIENTED_EDGE('',*,*,#2774,.T.);
#2832=ORIENTED_EDGE('',*,*,#2664,.T.);
#2833=ORIENTED_EDGE('',*,*,#2644,.T.);
#2834=ORIENTED_EDGE('',*,*,#2761,.T.);
#2835=STYLED_ITEM('color',(#27),#2836);
#2836=ADVANCED_FACE($,(#2839),#2837,.T.);
#2837=PLANE($,#2838);
#2838=AXIS2_PLACEMENT_3D($,#2695,#244,#199);
#2839=FACE_OUTER_BOUND($,#2840,.T.);
#2840=EDGE_LOOP($,(#2841, #2842, #2843, #2849, #2850, #2844, #2845, #2846, #2847, #2848, #2851, #2852));
#2841=ORIENTED_EDGE('',*,*,#2603,.T.);
#2842=ORIENTED_EDGE('',*,*,#2573,.T.);
#2843=ORIENTED_EDGE('',*,*,#2593,.T.);
#2844=ORIENTED_EDGE('',*,*,#2796,.T.);
#2845=ORIENTED_EDGE('',*,*,#2693,.T.);
#2846=ORIENTED_EDGE('',*,*,#2741,.T.);
#2847=ORIENTED_EDGE('',*,*,#2721,.T.);
#2848=ORIENTED_EDGE('',*,*,#2808,.T.);
#2849=ORIENTED_EDGE('',*,*,#2755,.T.);
#2850=ORIENTED_EDGE('',*,*,#2631,.T.);
#2851=ORIENTED_EDGE('',*,*,#2676,.T.);
#2852=ORIENTED_EDGE('',*,*,#2779,.T.);
#2853=MANIFOLD_SOLID_BREP($,#2854);
#2854=CLOSED_SHELL('',(#2856,#2882,#2902,#2922,#2948,#2975,#3001,#3027,#3041,#3059,#3075,#3093,#3109,#3127));
#2855=STYLED_ITEM('',(#27),#2856);
#2856=ADVANCED_FACE('',(#2860),#2857,.T.);
#2857=PLANE('',#2858);
#2858=AXIS2_PLACEMENT_3D('',#2859,#226,#198);
#2859=CARTESIAN_POINT('',(1.956,-2.286,0.8));
#2860=FACE_OUTER_BOUND('',#2861,.T.);
#2861=EDGE_LOOP('',(#2862,#2868,#2873,#2878));
#2862=ORIENTED_EDGE('',*,*,#2863,.F.);
#2863=EDGE_CURVE('',#2864,#2866,#2867,.T.);
#2864=VERTEX_POINT('',#2865);
#2865=CARTESIAN_POINT('',(1.956,-2.794,0.8));
#2866=VERTEX_POINT('',#2859);
#2867=LINE('',#2865,#1120);
#2868=ORIENTED_EDGE('',*,*,#2869,.F.);
#2869=EDGE_CURVE('',#2870,#2864,#2872,.T.);
#2870=VERTEX_POINT('',#2871);
#2871=CARTESIAN_POINT('',(1.956,-2.794,1.054));
#2872=LINE('',#2871,#501);
#2873=ORIENTED_EDGE('',*,*,#2874,.F.);
#2874=EDGE_CURVE('',#2875,#2870,#2877,.T.);
#2875=VERTEX_POINT('',#2876);
#2876=CARTESIAN_POINT('',(1.956,-2.286,1.054));
#2877=LINE('',#2876,#1109);
#2878=ORIENTED_EDGE('',*,*,#2879,.F.);
#2879=EDGE_CURVE('',#2866,#2875,#2880,.T.);
#2880=LINE('',#2859,#511);
#2881=STYLED_ITEM('',(#27),#2882);
#2882=ADVANCED_FACE('',(#2885),#2883,.T.);
#2883=PLANE('',#2884);
#2884=AXIS2_PLACEMENT_3D('',#2876,#21,#201);
#2885=FACE_OUTER_BOUND('',#2886,.T.);
#2886=EDGE_LOOP('',(#2887,#2888,#2893,#2898));
#2887=ORIENTED_EDGE('',*,*,#2874,.T.);
#2888=ORIENTED_EDGE('',*,*,#2889,.F.);
#2889=EDGE_CURVE('',#2890,#2870,#2892,.T.);
#2890=VERTEX_POINT('',#2891);
#2891=CARTESIAN_POINT('',(2.077,-2.794,1.054));
#2892=LINE('',#2891,#557);
#2893=ORIENTED_EDGE('',*,*,#2894,.F.);
#2894=EDGE_CURVE('',#2895,#2890,#2897,.T.);
#2895=VERTEX_POINT('',#2896);
#2896=CARTESIAN_POINT('',(2.077,-2.286,1.054));
#2897=LINE('',#2896,#866);
#2898=ORIENTED_EDGE('',*,*,#2899,.F.);
#2899=EDGE_CURVE('',#2875,#2895,#2900,.T.);
#2900=LINE('',#2876,#524);
#2901=STYLED_ITEM('',(#27),#2902);
#2902=ADVANCED_FACE('',(#2905),#2903,.T.);
#2903=PLANE('',#2904);
#2904=AXIS2_PLACEMENT_3D('',#2865,#342,#201);
#2905=FACE_OUTER_BOUND('',#2906,.T.);
#2906=EDGE_LOOP('',(#2907,#2908,#2913,#2918));
#2907=ORIENTED_EDGE('',*,*,#2863,.T.);
#2908=ORIENTED_EDGE('',*,*,#2909,.F.);
#2909=EDGE_CURVE('',#2910,#2866,#2912,.T.);
#2910=VERTEX_POINT('',#2911);
#2911=CARTESIAN_POINT('',(2.077,-2.286,0.8));
#2912=LINE('',#2911,#557);
#2913=ORIENTED_EDGE('',*,*,#2914,.F.);
#2914=EDGE_CURVE('',#2915,#2910,#2917,.T.);
#2915=VERTEX_POINT('',#2916);
#2916=CARTESIAN_POINT('',(2.077,-2.794,0.8));
#2917=LINE('',#2916,#845);
#2918=ORIENTED_EDGE('',*,*,#2919,.F.);
#2919=EDGE_CURVE('',#2864,#2915,#2920,.T.);
#2920=LINE('',#2865,#524);
#2921=STYLED_ITEM('',(#27),#2922);
#2922=ADVANCED_FACE('',(#2926),#2923,.T.);
#2923=PLANE('',#2924);
#2924=AXIS2_PLACEMENT_3D('',#2925,#2620,#198);
#2925=CARTESIAN_POINT('',(2.631,-2.794,0.442));
#2926=FACE_OUTER_BOUND('',#2927,.T.);
#2927=EDGE_LOOP('',(#2928,#2934,#2939,#2944));
#2928=ORIENTED_EDGE('',*,*,#2929,.F.);
#2929=EDGE_CURVE('',#2930,#2932,#2933,.T.);
#2930=VERTEX_POINT('',#2931);
#2931=CARTESIAN_POINT('',(2.631,-2.286,0.442));
#2932=VERTEX_POINT('',#2925);
#2933=LINE('',#2931,#2629);
#2934=ORIENTED_EDGE('',*,*,#2935,.F.);
#2935=EDGE_CURVE('',#2936,#2930,#2938,.T.);
#2936=VERTEX_POINT('',#2937);
#2937=CARTESIAN_POINT('',(2.568,-2.286,0.678));
#2938=LINE('',#2937,#2635);
#2939=ORIENTED_EDGE('',*,*,#2940,.F.);
#2940=EDGE_CURVE('',#2941,#2936,#2943,.T.);
#2941=VERTEX_POINT('',#2942);
#2942=CARTESIAN_POINT('',(2.568,-2.794,0.678));
#2943=LINE('',#2942,#2642);
#2944=ORIENTED_EDGE('',*,*,#2945,.F.);
#2945=EDGE_CURVE('',#2932,#2941,#2946,.T.);
#2946=LINE('',#2925,#2646);
#2947=STYLED_ITEM('',(#27),#2948);
#2948=ADVANCED_FACE('',(#2952),#2949,.T.);
#2949=PLANE('',#2950);
#2950=AXIS2_PLACEMENT_3D('',#2951,#2653,#198);
#2951=CARTESIAN_POINT('',(2.385,-2.286,0.377));
#2952=FACE_OUTER_BOUND('',#2953,.T.);
#2953=EDGE_LOOP('',(#2954,#2960,#2965,#2971));
#2954=ORIENTED_EDGE('',*,*,#2955,.F.);
#2955=EDGE_CURVE('',#2956,#2958,#2959,.T.);
#2956=VERTEX_POINT('',#2957);
#2957=CARTESIAN_POINT('',(2.385,-2.794,0.377));
#2958=VERTEX_POINT('',#2951);
#2959=LINE('',#2957,#2662);
#2960=ORIENTED_EDGE('',*,*,#2961,.F.);
#2961=EDGE_CURVE('',#2962,#2956,#2964,.T.);
#2962=VERTEX_POINT('',#2963);
#2963=CARTESIAN_POINT('',(2.322,-2.794,0.612));
#2964=LINE('',#2963,#2668);
#2965=ORIENTED_EDGE('',*,*,#2966,.F.);
#2966=EDGE_CURVE('',#2967,#2962,#2969,.T.);
#2967=VERTEX_POINT('',#2968);
#2968=CARTESIAN_POINT('',(2.322,-2.286,0.612));
#2969=LINE('',#2968,#2970);
#2970=VECTOR('',#233,0.507999991719688);
#2971=ORIENTED_EDGE('',*,*,#2972,.F.);
#2972=EDGE_CURVE('',#2958,#2967,#2973,.T.);
#2973=LINE('',#2951,#2678);
#2974=STYLED_ITEM('',(#27),#2975);
#2975=ADVANCED_FACE('',(#2979),#2976,.T.);
#2976=PLANE('',#2977);
#2977=AXIS2_PLACEMENT_3D('',#2978,#21,#201);
#2978=CARTESIAN_POINT('',(2.997,-2.794,0.254));
#2979=FACE_OUTER_BOUND('',#2980,.T.);
#2980=EDGE_LOOP('',(#2981,#2987,#2992,#2997));
#2981=ORIENTED_EDGE('',*,*,#2982,.F.);
#2982=EDGE_CURVE('',#2983,#2985,#2986,.T.);
#2983=VERTEX_POINT('',#2984);
#2984=CARTESIAN_POINT('',(2.997,-2.286,0.254));
#2985=VERTEX_POINT('',#2978);
#2986=LINE('',#2984,#676);
#2987=ORIENTED_EDGE('',*,*,#2988,.F.);
#2988=EDGE_CURVE('',#2989,#2983,#2991,.T.);
#2989=VERTEX_POINT('',#2990);
#2990=CARTESIAN_POINT('',(2.876,-2.286,0.254));
#2991=LINE('',#2990,#2697);
#2992=ORIENTED_EDGE('',*,*,#2993,.F.);
#2993=EDGE_CURVE('',#2994,#2989,#2996,.T.);
#2994=VERTEX_POINT('',#2995);
#2995=CARTESIAN_POINT('',(2.876,-2.794,0.254));
#2996=LINE('',#2995,#665);
#2997=ORIENTED_EDGE('',*,*,#2998,.F.);
#2998=EDGE_CURVE('',#2985,#2994,#2999,.T.);
#2999=LINE('',#2978,#2706);
#3000=STYLED_ITEM('',(#27),#3001);
#3001=ADVANCED_FACE('',(#3005),#3002,.T.);
#3002=PLANE('',#3003);
#3003=AXIS2_PLACEMENT_3D('',#3004,#342,#201);
#3004=CARTESIAN_POINT('',(2.876,-2.794,0.0));
#3005=FACE_OUTER_BOUND('',#3006,.T.);
#3006=EDGE_LOOP('',(#3007,#3013,#3018,#3023));
#3007=ORIENTED_EDGE('',*,*,#3008,.F.);
#3008=EDGE_CURVE('',#3009,#3011,#3012,.T.);
#3009=VERTEX_POINT('',#3010);
#3010=CARTESIAN_POINT('',(2.876,-2.286,0.0));
#3011=VERTEX_POINT('',#3004);
#3012=LINE('',#3010,#647);
#3013=ORIENTED_EDGE('',*,*,#3014,.F.);
#3014=EDGE_CURVE('',#3015,#3009,#3017,.T.);
#3015=VERTEX_POINT('',#3016);
#3016=CARTESIAN_POINT('',(2.997,-2.286,0.0));
#3017=LINE('',#3016,#2706);
#3018=ORIENTED_EDGE('',*,*,#3019,.F.);
#3019=EDGE_CURVE('',#3020,#3015,#3022,.T.);
#3020=VERTEX_POINT('',#3021);
#3021=CARTESIAN_POINT('',(2.997,-2.794,0.0));
#3022=LINE('',#3021,#635);
#3023=ORIENTED_EDGE('',*,*,#3024,.F.);
#3024=EDGE_CURVE('',#3011,#3020,#3025,.T.);
#3025=LINE('',#3004,#2697);
#3026=STYLED_ITEM('',(#27),#3027);
#3027=ADVANCED_FACE('',(#3030),#3028,.T.);
#3028=PLANE('',#3029);
#3029=AXIS2_PLACEMENT_3D('',#3021,#22,#198);
#3030=FACE_OUTER_BOUND('',#3031,.T.);
#3031=EDGE_LOOP('',(#3032,#3033,#3036,#3037));
#3032=ORIENTED_EDGE('',*,*,#3019,.T.);
#3033=ORIENTED_EDGE('',*,*,#3034,.F.);
#3034=EDGE_CURVE('',#2983,#3015,#3035,.T.);
#3035=LINE('',#2984,#501);
#3036=ORIENTED_EDGE('',*,*,#2982,.T.);
#3037=ORIENTED_EDGE('',*,*,#3038,.F.);
#3038=EDGE_CURVE('',#3020,#2985,#3039,.T.);
#3039=LINE('',#3021,#511);
#3040=STYLED_ITEM($,(#27),#3041);
#3041=ADVANCED_FACE($,(#3045),#3042,.T.);
#3042=CYLINDRICAL_SURFACE($,#3043,0.508);
#3043=AXIS2_PLACEMENT_3D($,#3044,#244,#198);
#3044=CARTESIAN_POINT('',(2.077,-2.286,0.546));
#3045=FACE_OUTER_BOUND($,#3046,.T.);
#3046=EDGE_LOOP($,(#3051,#3052,#3057,#3047));
#3047=ORIENTED_EDGE('',*,*,#3048,.F.);
#3048=EDGE_CURVE($,#2895,#2936,#3049,.T.);
#3049=CIRCLE($,#3050,0.508);
#3050=AXIS2_PLACEMENT_3D($,#3044,#244,#2758);
#3051=ORIENTED_EDGE('',*,*,#2894,.T.);
#3052=ORIENTED_EDGE('',*,*,#3053,.F.);
#3053=EDGE_CURVE($,#2941,#2890,#3054,.T.);
#3054=CIRCLE($,#3055,0.508);
#3055=AXIS2_PLACEMENT_3D($,#3056,#233,#2765);
#3056=CARTESIAN_POINT('',(2.077,-2.794,0.546));
#3057=ORIENTED_EDGE('',*,*,#2940,.T.);
#3058=STYLED_ITEM($,(#27),#3059);
#3059=ADVANCED_FACE($,(#3062),#3060,.F.);
#3060=CYLINDRICAL_SURFACE($,#3061,0.254);
#3061=AXIS2_PLACEMENT_3D($,#3056,#244,#200);
#3062=FACE_OUTER_BOUND($,#3063,.T.);
#3063=EDGE_LOOP($,(#3068,#3069,#3073,#3064));
#3064=ORIENTED_EDGE('',*,*,#3065,.F.);
#3065=EDGE_CURVE($,#2915,#2962,#3066,.T.);
#3066=CIRCLE($,#3067,0.254);
#3067=AXIS2_PLACEMENT_3D($,#3056,#244,#2758);
#3068=ORIENTED_EDGE('',*,*,#2914,.T.);
#3069=ORIENTED_EDGE('',*,*,#3070,.F.);
#3070=EDGE_CURVE($,#2967,#2910,#3071,.T.);
#3071=CIRCLE($,#3072,0.254);
#3072=AXIS2_PLACEMENT_3D($,#3044,#233,#2765);
#3073=ORIENTED_EDGE('',*,*,#2966,.T.);
#3074=STYLED_ITEM($,(#27),#3075);
#3075=ADVANCED_FACE($,(#3079),#3076,.F.);
#3076=CYLINDRICAL_SURFACE($,#3077,0.254);
#3077=AXIS2_PLACEMENT_3D($,#3078,#244,#198);
#3078=CARTESIAN_POINT('',(2.876,-2.794,0.508));
#3079=FACE_OUTER_BOUND($,#3080,.T.);
#3080=EDGE_LOOP($,(#3085,#3086,#3091,#3081));
#3081=ORIENTED_EDGE('',*,*,#3082,.F.);
#3082=EDGE_CURVE($,#2994,#2932,#3083,.T.);
#3083=CIRCLE($,#3084,0.254);
#3084=AXIS2_PLACEMENT_3D($,#3078,#244,#2765);
#3085=ORIENTED_EDGE('',*,*,#2993,.T.);
#3086=ORIENTED_EDGE('',*,*,#3087,.F.);
#3087=EDGE_CURVE($,#2930,#2989,#3088,.T.);
#3088=CIRCLE($,#3089,0.254);
#3089=AXIS2_PLACEMENT_3D($,#3090,#233,#2758);
#3090=CARTESIAN_POINT('',(2.876,-2.286,0.508));
#3091=ORIENTED_EDGE('',*,*,#2929,.T.);
#3092=STYLED_ITEM($,(#27),#3093);
#3093=ADVANCED_FACE($,(#3096),#3094,.T.);
#3094=CYLINDRICAL_SURFACE($,#3095,0.508);
#3095=AXIS2_PLACEMENT_3D($,#3078,#244,#200);
#3096=FACE_OUTER_BOUND($,#3097,.T.);
#3097=EDGE_LOOP($,(#3102,#3103,#3107,#3098));
#3098=ORIENTED_EDGE('',*,*,#3099,.F.);
#3099=EDGE_CURVE($,#3009,#2958,#3100,.T.);
#3100=CIRCLE($,#3101,0.508);
#3101=AXIS2_PLACEMENT_3D($,#3090,#244,#2765);
#3102=ORIENTED_EDGE('',*,*,#3008,.T.);
#3103=ORIENTED_EDGE('',*,*,#3104,.F.);
#3104=EDGE_CURVE($,#2956,#3011,#3105,.T.);
#3105=CIRCLE($,#3106,0.508);
#3106=AXIS2_PLACEMENT_3D($,#3078,#233,#2758);
#3107=ORIENTED_EDGE('',*,*,#2955,.T.);
#3108=STYLED_ITEM('color',(#27),#3109);
#3109=ADVANCED_FACE($,(#3112),#3110,.T.);
#3110=PLANE($,#3111);
#3111=AXIS2_PLACEMENT_3D($,#2865,#233,#199);
#3112=FACE_OUTER_BOUND($,#3113,.T.);
#3113=EDGE_LOOP($,(#3114, #3115, #3116, #3122, #3123, #3117, #3118, #3119, #3120, #3121, #3124, #3125));
#3114=ORIENTED_EDGE('',*,*,#2889,.T.);
#3115=ORIENTED_EDGE('',*,*,#2869,.T.);
#3116=ORIENTED_EDGE('',*,*,#2919,.T.);
#3117=ORIENTED_EDGE('',*,*,#3104,.T.);
#3118=ORIENTED_EDGE('',*,*,#3024,.T.);
#3119=ORIENTED_EDGE('',*,*,#3038,.T.);
#3120=ORIENTED_EDGE('',*,*,#2998,.T.);
#3121=ORIENTED_EDGE('',*,*,#3082,.T.);
#3122=ORIENTED_EDGE('',*,*,#3065,.T.);
#3123=ORIENTED_EDGE('',*,*,#2961,.T.);
#3124=ORIENTED_EDGE('',*,*,#2945,.T.);
#3125=ORIENTED_EDGE('',*,*,#3053,.T.);
#3126=STYLED_ITEM('color',(#27),#3127);
#3127=ADVANCED_FACE($,(#3130),#3128,.T.);
#3128=PLANE($,#3129);
#3129=AXIS2_PLACEMENT_3D($,#2990,#244,#199);
#3130=FACE_OUTER_BOUND($,#3131,.T.);
#3131=EDGE_LOOP($,(#3132, #3133, #3134, #3140, #3141, #3135, #3136, #3137, #3138, #3139, #3142, #3143));
#3132=ORIENTED_EDGE('',*,*,#2909,.T.);
#3133=ORIENTED_EDGE('',*,*,#2879,.T.);
#3134=ORIENTED_EDGE('',*,*,#2899,.T.);
#3135=ORIENTED_EDGE('',*,*,#3087,.T.);
#3136=ORIENTED_EDGE('',*,*,#2988,.T.);
#3137=ORIENTED_EDGE('',*,*,#3034,.T.);
#3138=ORIENTED_EDGE('',*,*,#3014,.T.);
#3139=ORIENTED_EDGE('',*,*,#3099,.T.);
#3140=ORIENTED_EDGE('',*,*,#3048,.T.);
#3141=ORIENTED_EDGE('',*,*,#2935,.T.);
#3142=ORIENTED_EDGE('',*,*,#2972,.T.);
#3143=ORIENTED_EDGE('',*,*,#3070,.T.);
#3144=MANIFOLD_SOLID_BREP($,#3145);
#3145=CLOSED_SHELL('',(#3147,#3173,#3193,#3213,#3239,#3265,#3291,#3317,#3331,#3349,#3365,#3383,#3399,#3417));
#3146=STYLED_ITEM('',(#27),#3147);
#3147=ADVANCED_FACE('',(#3151),#3148,.T.);
#3148=PLANE('',#3149);
#3149=AXIS2_PLACEMENT_3D('',#3150,#226,#198);
#3150=CARTESIAN_POINT('',(1.956,-1.016,0.8));
#3151=FACE_OUTER_BOUND('',#3152,.T.);
#3152=EDGE_LOOP('',(#3153,#3159,#3164,#3169));
#3153=ORIENTED_EDGE('',*,*,#3154,.F.);
#3154=EDGE_CURVE('',#3155,#3157,#3158,.T.);
#3155=VERTEX_POINT('',#3156);
#3156=CARTESIAN_POINT('',(1.956,-1.524,0.8));
#3157=VERTEX_POINT('',#3150);
#3158=LINE('',#3156,#1120);
#3159=ORIENTED_EDGE('',*,*,#3160,.F.);
#3160=EDGE_CURVE('',#3161,#3155,#3163,.T.);
#3161=VERTEX_POINT('',#3162);
#3162=CARTESIAN_POINT('',(1.956,-1.524,1.054));
#3163=LINE('',#3162,#501);
#3164=ORIENTED_EDGE('',*,*,#3165,.F.);
#3165=EDGE_CURVE('',#3166,#3161,#3168,.T.);
#3166=VERTEX_POINT('',#3167);
#3167=CARTESIAN_POINT('',(1.956,-1.016,1.054));
#3168=LINE('',#3167,#1109);
#3169=ORIENTED_EDGE('',*,*,#3170,.F.);
#3170=EDGE_CURVE('',#3157,#3166,#3171,.T.);
#3171=LINE('',#3150,#511);
#3172=STYLED_ITEM('',(#27),#3173);
#3173=ADVANCED_FACE('',(#3176),#3174,.T.);
#3174=PLANE('',#3175);
#3175=AXIS2_PLACEMENT_3D('',#3167,#21,#201);
#3176=FACE_OUTER_BOUND('',#3177,.T.);
#3177=EDGE_LOOP('',(#3178,#3179,#3184,#3189));
#3178=ORIENTED_EDGE('',*,*,#3165,.T.);
#3179=ORIENTED_EDGE('',*,*,#3180,.F.);
#3180=EDGE_CURVE('',#3181,#3161,#3183,.T.);
#3181=VERTEX_POINT('',#3182);
#3182=CARTESIAN_POINT('',(2.077,-1.524,1.054));
#3183=LINE('',#3182,#557);
#3184=ORIENTED_EDGE('',*,*,#3185,.F.);
#3185=EDGE_CURVE('',#3186,#3181,#3188,.T.);
#3186=VERTEX_POINT('',#3187);
#3187=CARTESIAN_POINT('',(2.077,-1.016,1.054));
#3188=LINE('',#3187,#866);
#3189=ORIENTED_EDGE('',*,*,#3190,.F.);
#3190=EDGE_CURVE('',#3166,#3186,#3191,.T.);
#3191=LINE('',#3167,#524);
#3192=STYLED_ITEM('',(#27),#3193);
#3193=ADVANCED_FACE('',(#3196),#3194,.T.);
#3194=PLANE('',#3195);
#3195=AXIS2_PLACEMENT_3D('',#3156,#342,#201);
#3196=FACE_OUTER_BOUND('',#3197,.T.);
#3197=EDGE_LOOP('',(#3198,#3199,#3204,#3209));
#3198=ORIENTED_EDGE('',*,*,#3154,.T.);
#3199=ORIENTED_EDGE('',*,*,#3200,.F.);
#3200=EDGE_CURVE('',#3201,#3157,#3203,.T.);
#3201=VERTEX_POINT('',#3202);
#3202=CARTESIAN_POINT('',(2.077,-1.016,0.8));
#3203=LINE('',#3202,#557);
#3204=ORIENTED_EDGE('',*,*,#3205,.F.);
#3205=EDGE_CURVE('',#3206,#3201,#3208,.T.);
#3206=VERTEX_POINT('',#3207);
#3207=CARTESIAN_POINT('',(2.077,-1.524,0.8));
#3208=LINE('',#3207,#845);
#3209=ORIENTED_EDGE('',*,*,#3210,.F.);
#3210=EDGE_CURVE('',#3155,#3206,#3211,.T.);
#3211=LINE('',#3156,#524);
#3212=STYLED_ITEM('',(#27),#3213);
#3213=ADVANCED_FACE('',(#3217),#3214,.T.);
#3214=PLANE('',#3215);
#3215=AXIS2_PLACEMENT_3D('',#3216,#2620,#198);
#3216=CARTESIAN_POINT('',(2.631,-1.524,0.442));
#3217=FACE_OUTER_BOUND('',#3218,.T.);
#3218=EDGE_LOOP('',(#3219,#3225,#3230,#3235));
#3219=ORIENTED_EDGE('',*,*,#3220,.F.);
#3220=EDGE_CURVE('',#3221,#3223,#3224,.T.);
#3221=VERTEX_POINT('',#3222);
#3222=CARTESIAN_POINT('',(2.631,-1.016,0.442));
#3223=VERTEX_POINT('',#3216);
#3224=LINE('',#3222,#2629);
#3225=ORIENTED_EDGE('',*,*,#3226,.F.);
#3226=EDGE_CURVE('',#3227,#3221,#3229,.T.);
#3227=VERTEX_POINT('',#3228);
#3228=CARTESIAN_POINT('',(2.568,-1.016,0.678));
#3229=LINE('',#3228,#2635);
#3230=ORIENTED_EDGE('',*,*,#3231,.F.);
#3231=EDGE_CURVE('',#3232,#3227,#3234,.T.);
#3232=VERTEX_POINT('',#3233);
#3233=CARTESIAN_POINT('',(2.568,-1.524,0.678));
#3234=LINE('',#3233,#2642);
#3235=ORIENTED_EDGE('',*,*,#3236,.F.);
#3236=EDGE_CURVE('',#3223,#3232,#3237,.T.);
#3237=LINE('',#3216,#2646);
#3238=STYLED_ITEM('',(#27),#3239);
#3239=ADVANCED_FACE('',(#3243),#3240,.T.);
#3240=PLANE('',#3241);
#3241=AXIS2_PLACEMENT_3D('',#3242,#2653,#198);
#3242=CARTESIAN_POINT('',(2.385,-1.016,0.377));
#3243=FACE_OUTER_BOUND('',#3244,.T.);
#3244=EDGE_LOOP('',(#3245,#3251,#3256,#3261));
#3245=ORIENTED_EDGE('',*,*,#3246,.F.);
#3246=EDGE_CURVE('',#3247,#3249,#3250,.T.);
#3247=VERTEX_POINT('',#3248);
#3248=CARTESIAN_POINT('',(2.385,-1.524,0.377));
#3249=VERTEX_POINT('',#3242);
#3250=LINE('',#3248,#2662);
#3251=ORIENTED_EDGE('',*,*,#3252,.F.);
#3252=EDGE_CURVE('',#3253,#3247,#3255,.T.);
#3253=VERTEX_POINT('',#3254);
#3254=CARTESIAN_POINT('',(2.322,-1.524,0.612));
#3255=LINE('',#3254,#2668);
#3256=ORIENTED_EDGE('',*,*,#3257,.F.);
#3257=EDGE_CURVE('',#3258,#3253,#3260,.T.);
#3258=VERTEX_POINT('',#3259);
#3259=CARTESIAN_POINT('',(2.322,-1.016,0.612));
#3260=LINE('',#3259,#2970);
#3261=ORIENTED_EDGE('',*,*,#3262,.F.);
#3262=EDGE_CURVE('',#3249,#3258,#3263,.T.);
#3263=LINE('',#3242,#2678);
#3264=STYLED_ITEM('',(#27),#3265);
#3265=ADVANCED_FACE('',(#3269),#3266,.T.);
#3266=PLANE('',#3267);
#3267=AXIS2_PLACEMENT_3D('',#3268,#21,#201);
#3268=CARTESIAN_POINT('',(2.997,-1.524,0.254));
#3269=FACE_OUTER_BOUND('',#3270,.T.);
#3270=EDGE_LOOP('',(#3271,#3277,#3282,#3287));
#3271=ORIENTED_EDGE('',*,*,#3272,.F.);
#3272=EDGE_CURVE('',#3273,#3275,#3276,.T.);
#3273=VERTEX_POINT('',#3274);
#3274=CARTESIAN_POINT('',(2.997,-1.016,0.254));
#3275=VERTEX_POINT('',#3268);
#3276=LINE('',#3274,#676);
#3277=ORIENTED_EDGE('',*,*,#3278,.F.);
#3278=EDGE_CURVE('',#3279,#3273,#3281,.T.);
#3279=VERTEX_POINT('',#3280);
#3280=CARTESIAN_POINT('',(2.876,-1.016,0.254));
#3281=LINE('',#3280,#2697);
#3282=ORIENTED_EDGE('',*,*,#3283,.F.);
#3283=EDGE_CURVE('',#3284,#3279,#3286,.T.);
#3284=VERTEX_POINT('',#3285);
#3285=CARTESIAN_POINT('',(2.876,-1.524,0.254));
#3286=LINE('',#3285,#962);
#3287=ORIENTED_EDGE('',*,*,#3288,.F.);
#3288=EDGE_CURVE('',#3275,#3284,#3289,.T.);
#3289=LINE('',#3268,#2706);
#3290=STYLED_ITEM('',(#27),#3291);
#3291=ADVANCED_FACE('',(#3295),#3292,.T.);
#3292=PLANE('',#3293);
#3293=AXIS2_PLACEMENT_3D('',#3294,#342,#201);
#3294=CARTESIAN_POINT('',(2.876,-1.524,0.0));
#3295=FACE_OUTER_BOUND('',#3296,.T.);
#3296=EDGE_LOOP('',(#3297,#3303,#3308,#3313));
#3297=ORIENTED_EDGE('',*,*,#3298,.F.);
#3298=EDGE_CURVE('',#3299,#3301,#3302,.T.);
#3299=VERTEX_POINT('',#3300);
#3300=CARTESIAN_POINT('',(2.876,-1.016,0.0));
#3301=VERTEX_POINT('',#3294);
#3302=LINE('',#3300,#945);
#3303=ORIENTED_EDGE('',*,*,#3304,.F.);
#3304=EDGE_CURVE('',#3305,#3299,#3307,.T.);
#3305=VERTEX_POINT('',#3306);
#3306=CARTESIAN_POINT('',(2.997,-1.016,0.0));
#3307=LINE('',#3306,#2706);
#3308=ORIENTED_EDGE('',*,*,#3309,.F.);
#3309=EDGE_CURVE('',#3310,#3305,#3312,.T.);
#3310=VERTEX_POINT('',#3311);
#3311=CARTESIAN_POINT('',(2.997,-1.524,0.0));
#3312=LINE('',#3311,#635);
#3313=ORIENTED_EDGE('',*,*,#3314,.F.);
#3314=EDGE_CURVE('',#3301,#3310,#3315,.T.);
#3315=LINE('',#3294,#2697);
#3316=STYLED_ITEM('',(#27),#3317);
#3317=ADVANCED_FACE('',(#3320),#3318,.T.);
#3318=PLANE('',#3319);
#3319=AXIS2_PLACEMENT_3D('',#3311,#22,#198);
#3320=FACE_OUTER_BOUND('',#3321,.T.);
#3321=EDGE_LOOP('',(#3322,#3323,#3326,#3327));
#3322=ORIENTED_EDGE('',*,*,#3309,.T.);
#3323=ORIENTED_EDGE('',*,*,#3324,.F.);
#3324=EDGE_CURVE('',#3273,#3305,#3325,.T.);
#3325=LINE('',#3274,#501);
#3326=ORIENTED_EDGE('',*,*,#3272,.T.);
#3327=ORIENTED_EDGE('',*,*,#3328,.F.);
#3328=EDGE_CURVE('',#3310,#3275,#3329,.T.);
#3329=LINE('',#3311,#511);
#3330=STYLED_ITEM($,(#27),#3331);
#3331=ADVANCED_FACE($,(#3335),#3332,.T.);
#3332=CYLINDRICAL_SURFACE($,#3333,0.508);
#3333=AXIS2_PLACEMENT_3D($,#3334,#244,#198);
#3334=CARTESIAN_POINT('',(2.077,-1.016,0.546));
#3335=FACE_OUTER_BOUND($,#3336,.T.);
#3336=EDGE_LOOP($,(#3341,#3342,#3347,#3337));
#3337=ORIENTED_EDGE('',*,*,#3338,.F.);
#3338=EDGE_CURVE($,#3186,#3227,#3339,.T.);
#3339=CIRCLE($,#3340,0.508);
#3340=AXIS2_PLACEMENT_3D($,#3334,#244,#2758);
#3341=ORIENTED_EDGE('',*,*,#3185,.T.);
#3342=ORIENTED_EDGE('',*,*,#3343,.F.);
#3343=EDGE_CURVE($,#3232,#3181,#3344,.T.);
#3344=CIRCLE($,#3345,0.508);
#3345=AXIS2_PLACEMENT_3D($,#3346,#233,#2765);
#3346=CARTESIAN_POINT('',(2.077,-1.524,0.546));
#3347=ORIENTED_EDGE('',*,*,#3231,.T.);
#3348=STYLED_ITEM($,(#27),#3349);
#3349=ADVANCED_FACE($,(#3352),#3350,.F.);
#3350=CYLINDRICAL_SURFACE($,#3351,0.254);
#3351=AXIS2_PLACEMENT_3D($,#3346,#244,#200);
#3352=FACE_OUTER_BOUND($,#3353,.T.);
#3353=EDGE_LOOP($,(#3358,#3359,#3363,#3354));
#3354=ORIENTED_EDGE('',*,*,#3355,.F.);
#3355=EDGE_CURVE($,#3206,#3253,#3356,.T.);
#3356=CIRCLE($,#3357,0.254);
#3357=AXIS2_PLACEMENT_3D($,#3346,#244,#2758);
#3358=ORIENTED_EDGE('',*,*,#3205,.T.);
#3359=ORIENTED_EDGE('',*,*,#3360,.F.);
#3360=EDGE_CURVE($,#3258,#3201,#3361,.T.);
#3361=CIRCLE($,#3362,0.254);
#3362=AXIS2_PLACEMENT_3D($,#3334,#233,#2765);
#3363=ORIENTED_EDGE('',*,*,#3257,.T.);
#3364=STYLED_ITEM($,(#27),#3365);
#3365=ADVANCED_FACE($,(#3369),#3366,.F.);
#3366=CYLINDRICAL_SURFACE($,#3367,0.254);
#3367=AXIS2_PLACEMENT_3D($,#3368,#244,#198);
#3368=CARTESIAN_POINT('',(2.876,-1.524,0.508));
#3369=FACE_OUTER_BOUND($,#3370,.T.);
#3370=EDGE_LOOP($,(#3375,#3376,#3381,#3371));
#3371=ORIENTED_EDGE('',*,*,#3372,.F.);
#3372=EDGE_CURVE($,#3284,#3223,#3373,.T.);
#3373=CIRCLE($,#3374,0.254);
#3374=AXIS2_PLACEMENT_3D($,#3368,#244,#2765);
#3375=ORIENTED_EDGE('',*,*,#3283,.T.);
#3376=ORIENTED_EDGE('',*,*,#3377,.F.);
#3377=EDGE_CURVE($,#3221,#3279,#3378,.T.);
#3378=CIRCLE($,#3379,0.254);
#3379=AXIS2_PLACEMENT_3D($,#3380,#233,#2758);
#3380=CARTESIAN_POINT('',(2.876,-1.016,0.508));
#3381=ORIENTED_EDGE('',*,*,#3220,.T.);
#3382=STYLED_ITEM($,(#27),#3383);
#3383=ADVANCED_FACE($,(#3386),#3384,.T.);
#3384=CYLINDRICAL_SURFACE($,#3385,0.508);
#3385=AXIS2_PLACEMENT_3D($,#3368,#244,#200);
#3386=FACE_OUTER_BOUND($,#3387,.T.);
#3387=EDGE_LOOP($,(#3392,#3393,#3397,#3388));
#3388=ORIENTED_EDGE('',*,*,#3389,.F.);
#3389=EDGE_CURVE($,#3299,#3249,#3390,.T.);
#3390=CIRCLE($,#3391,0.508);
#3391=AXIS2_PLACEMENT_3D($,#3380,#244,#2765);
#3392=ORIENTED_EDGE('',*,*,#3298,.T.);
#3393=ORIENTED_EDGE('',*,*,#3394,.F.);
#3394=EDGE_CURVE($,#3247,#3301,#3395,.T.);
#3395=CIRCLE($,#3396,0.508);
#3396=AXIS2_PLACEMENT_3D($,#3368,#233,#2758);
#3397=ORIENTED_EDGE('',*,*,#3246,.T.);
#3398=STYLED_ITEM('color',(#27),#3399);
#3399=ADVANCED_FACE($,(#3402),#3400,.T.);
#3400=PLANE($,#3401);
#3401=AXIS2_PLACEMENT_3D($,#3156,#233,#199);
#3402=FACE_OUTER_BOUND($,#3403,.T.);
#3403=EDGE_LOOP($,(#3404, #3405, #3406, #3412, #3413, #3407, #3408, #3409, #3410, #3411, #3414, #3415));
#3404=ORIENTED_EDGE('',*,*,#3180,.T.);
#3405=ORIENTED_EDGE('',*,*,#3160,.T.);
#3406=ORIENTED_EDGE('',*,*,#3210,.T.);
#3407=ORIENTED_EDGE('',*,*,#3394,.T.);
#3408=ORIENTED_EDGE('',*,*,#3314,.T.);
#3409=ORIENTED_EDGE('',*,*,#3328,.T.);
#3410=ORIENTED_EDGE('',*,*,#3288,.T.);
#3411=ORIENTED_EDGE('',*,*,#3372,.T.);
#3412=ORIENTED_EDGE('',*,*,#3355,.T.);
#3413=ORIENTED_EDGE('',*,*,#3252,.T.);
#3414=ORIENTED_EDGE('',*,*,#3236,.T.);
#3415=ORIENTED_EDGE('',*,*,#3343,.T.);
#3416=STYLED_ITEM('color',(#27),#3417);
#3417=ADVANCED_FACE($,(#3420),#3418,.T.);
#3418=PLANE($,#3419);
#3419=AXIS2_PLACEMENT_3D($,#3280,#244,#199);
#3420=FACE_OUTER_BOUND($,#3421,.T.);
#3421=EDGE_LOOP($,(#3422, #3423, #3424, #3430, #3431, #3425, #3426, #3427, #3428, #3429, #3432, #3433));
#3422=ORIENTED_EDGE('',*,*,#3200,.T.);
#3423=ORIENTED_EDGE('',*,*,#3170,.T.);
#3424=ORIENTED_EDGE('',*,*,#3190,.T.);
#3425=ORIENTED_EDGE('',*,*,#3377,.T.);
#3426=ORIENTED_EDGE('',*,*,#3278,.T.);
#3427=ORIENTED_EDGE('',*,*,#3324,.T.);
#3428=ORIENTED_EDGE('',*,*,#3304,.T.);
#3429=ORIENTED_EDGE('',*,*,#3389,.T.);
#3430=ORIENTED_EDGE('',*,*,#3338,.T.);
#3431=ORIENTED_EDGE('',*,*,#3226,.T.);
#3432=ORIENTED_EDGE('',*,*,#3262,.T.);
#3433=ORIENTED_EDGE('',*,*,#3360,.T.);
#3434=MANIFOLD_SOLID_BREP($,#3435);
#3435=CLOSED_SHELL('',(#3437,#3463,#3483,#3503,#3529,#3555,#3581,#3607,#3621,#3639,#3655,#3673,#3689,#3707));
#3436=STYLED_ITEM('',(#27),#3437);
#3437=ADVANCED_FACE('',(#3441),#3438,.T.);
#3438=PLANE('',#3439);
#3439=AXIS2_PLACEMENT_3D('',#3440,#226,#198);
#3440=CARTESIAN_POINT('',(1.956,0.254,0.8));
#3441=FACE_OUTER_BOUND('',#3442,.T.);
#3442=EDGE_LOOP('',(#3443,#3449,#3454,#3459));
#3443=ORIENTED_EDGE('',*,*,#3444,.F.);
#3444=EDGE_CURVE('',#3445,#3447,#3448,.T.);
#3445=VERTEX_POINT('',#3446);
#3446=CARTESIAN_POINT('',(1.956,-0.254,0.8));
#3447=VERTEX_POINT('',#3440);
#3448=LINE('',#3446,#1120);
#3449=ORIENTED_EDGE('',*,*,#3450,.F.);
#3450=EDGE_CURVE('',#3451,#3445,#3453,.T.);
#3451=VERTEX_POINT('',#3452);
#3452=CARTESIAN_POINT('',(1.956,-0.254,1.054));
#3453=LINE('',#3452,#501);
#3454=ORIENTED_EDGE('',*,*,#3455,.F.);
#3455=EDGE_CURVE('',#3456,#3451,#3458,.T.);
#3456=VERTEX_POINT('',#3457);
#3457=CARTESIAN_POINT('',(1.956,0.254,1.054));
#3458=LINE('',#3457,#1109);
#3459=ORIENTED_EDGE('',*,*,#3460,.F.);
#3460=EDGE_CURVE('',#3447,#3456,#3461,.T.);
#3461=LINE('',#3440,#511);
#3462=STYLED_ITEM('',(#27),#3463);
#3463=ADVANCED_FACE('',(#3466),#3464,.T.);
#3464=PLANE('',#3465);
#3465=AXIS2_PLACEMENT_3D('',#3457,#21,#201);
#3466=FACE_OUTER_BOUND('',#3467,.T.);
#3467=EDGE_LOOP('',(#3468,#3469,#3474,#3479));
#3468=ORIENTED_EDGE('',*,*,#3455,.T.);
#3469=ORIENTED_EDGE('',*,*,#3470,.F.);
#3470=EDGE_CURVE('',#3471,#3451,#3473,.T.);
#3471=VERTEX_POINT('',#3472);
#3472=CARTESIAN_POINT('',(2.077,-0.254,1.054));
#3473=LINE('',#3472,#557);
#3474=ORIENTED_EDGE('',*,*,#3475,.F.);
#3475=EDGE_CURVE('',#3476,#3471,#3478,.T.);
#3476=VERTEX_POINT('',#3477);
#3477=CARTESIAN_POINT('',(2.077,0.254,1.054));
#3478=LINE('',#3477,#866);
#3479=ORIENTED_EDGE('',*,*,#3480,.F.);
#3480=EDGE_CURVE('',#3456,#3476,#3481,.T.);
#3481=LINE('',#3457,#524);
#3482=STYLED_ITEM('',(#27),#3483);
#3483=ADVANCED_FACE('',(#3486),#3484,.T.);
#3484=PLANE('',#3485);
#3485=AXIS2_PLACEMENT_3D('',#3446,#342,#201);
#3486=FACE_OUTER_BOUND('',#3487,.T.);
#3487=EDGE_LOOP('',(#3488,#3489,#3494,#3499));
#3488=ORIENTED_EDGE('',*,*,#3444,.T.);
#3489=ORIENTED_EDGE('',*,*,#3490,.F.);
#3490=EDGE_CURVE('',#3491,#3447,#3493,.T.);
#3491=VERTEX_POINT('',#3492);
#3492=CARTESIAN_POINT('',(2.077,0.254,0.8));
#3493=LINE('',#3492,#557);
#3494=ORIENTED_EDGE('',*,*,#3495,.F.);
#3495=EDGE_CURVE('',#3496,#3491,#3498,.T.);
#3496=VERTEX_POINT('',#3497);
#3497=CARTESIAN_POINT('',(2.077,-0.254,0.8));
#3498=LINE('',#3497,#845);
#3499=ORIENTED_EDGE('',*,*,#3500,.F.);
#3500=EDGE_CURVE('',#3445,#3496,#3501,.T.);
#3501=LINE('',#3446,#524);
#3502=STYLED_ITEM('',(#27),#3503);
#3503=ADVANCED_FACE('',(#3507),#3504,.T.);
#3504=PLANE('',#3505);
#3505=AXIS2_PLACEMENT_3D('',#3506,#2620,#198);
#3506=CARTESIAN_POINT('',(2.631,-0.254,0.442));
#3507=FACE_OUTER_BOUND('',#3508,.T.);
#3508=EDGE_LOOP('',(#3509,#3515,#3520,#3525));
#3509=ORIENTED_EDGE('',*,*,#3510,.F.);
#3510=EDGE_CURVE('',#3511,#3513,#3514,.T.);
#3511=VERTEX_POINT('',#3512);
#3512=CARTESIAN_POINT('',(2.631,0.254,0.442));
#3513=VERTEX_POINT('',#3506);
#3514=LINE('',#3512,#2629);
#3515=ORIENTED_EDGE('',*,*,#3516,.F.);
#3516=EDGE_CURVE('',#3517,#3511,#3519,.T.);
#3517=VERTEX_POINT('',#3518);
#3518=CARTESIAN_POINT('',(2.568,0.254,0.678));
#3519=LINE('',#3518,#2635);
#3520=ORIENTED_EDGE('',*,*,#3521,.F.);
#3521=EDGE_CURVE('',#3522,#3517,#3524,.T.);
#3522=VERTEX_POINT('',#3523);
#3523=CARTESIAN_POINT('',(2.568,-0.254,0.678));
#3524=LINE('',#3523,#2642);
#3525=ORIENTED_EDGE('',*,*,#3526,.F.);
#3526=EDGE_CURVE('',#3513,#3522,#3527,.T.);
#3527=LINE('',#3506,#2646);
#3528=STYLED_ITEM('',(#27),#3529);
#3529=ADVANCED_FACE('',(#3533),#3530,.T.);
#3530=PLANE('',#3531);
#3531=AXIS2_PLACEMENT_3D('',#3532,#2653,#198);
#3532=CARTESIAN_POINT('',(2.385,0.254,0.377));
#3533=FACE_OUTER_BOUND('',#3534,.T.);
#3534=EDGE_LOOP('',(#3535,#3541,#3546,#3551));
#3535=ORIENTED_EDGE('',*,*,#3536,.F.);
#3536=EDGE_CURVE('',#3537,#3539,#3540,.T.);
#3537=VERTEX_POINT('',#3538);
#3538=CARTESIAN_POINT('',(2.385,-0.254,0.377));
#3539=VERTEX_POINT('',#3532);
#3540=LINE('',#3538,#2662);
#3541=ORIENTED_EDGE('',*,*,#3542,.F.);
#3542=EDGE_CURVE('',#3543,#3537,#3545,.T.);
#3543=VERTEX_POINT('',#3544);
#3544=CARTESIAN_POINT('',(2.322,-0.254,0.612));
#3545=LINE('',#3544,#2668);
#3546=ORIENTED_EDGE('',*,*,#3547,.F.);
#3547=EDGE_CURVE('',#3548,#3543,#3550,.T.);
#3548=VERTEX_POINT('',#3549);
#3549=CARTESIAN_POINT('',(2.322,0.254,0.612));
#3550=LINE('',#3549,#2970);
#3551=ORIENTED_EDGE('',*,*,#3552,.F.);
#3552=EDGE_CURVE('',#3539,#3548,#3553,.T.);
#3553=LINE('',#3532,#2678);
#3554=STYLED_ITEM('',(#27),#3555);
#3555=ADVANCED_FACE('',(#3559),#3556,.T.);
#3556=PLANE('',#3557);
#3557=AXIS2_PLACEMENT_3D('',#3558,#21,#201);
#3558=CARTESIAN_POINT('',(2.997,-0.254,0.254));
#3559=FACE_OUTER_BOUND('',#3560,.T.);
#3560=EDGE_LOOP('',(#3561,#3567,#3572,#3577));
#3561=ORIENTED_EDGE('',*,*,#3562,.F.);
#3562=EDGE_CURVE('',#3563,#3565,#3566,.T.);
#3563=VERTEX_POINT('',#3564);
#3564=CARTESIAN_POINT('',(2.997,0.254,0.254));
#3565=VERTEX_POINT('',#3558);
#3566=LINE('',#3564,#676);
#3567=ORIENTED_EDGE('',*,*,#3568,.F.);
#3568=EDGE_CURVE('',#3569,#3563,#3571,.T.);
#3569=VERTEX_POINT('',#3570);
#3570=CARTESIAN_POINT('',(2.876,0.254,0.254));
#3571=LINE('',#3570,#2697);
#3572=ORIENTED_EDGE('',*,*,#3573,.F.);
#3573=EDGE_CURVE('',#3574,#3569,#3576,.T.);
#3574=VERTEX_POINT('',#3575);
#3575=CARTESIAN_POINT('',(2.876,-0.254,0.254));
#3576=LINE('',#3575,#962);
#3577=ORIENTED_EDGE('',*,*,#3578,.F.);
#3578=EDGE_CURVE('',#3565,#3574,#3579,.T.);
#3579=LINE('',#3558,#2706);
#3580=STYLED_ITEM('',(#27),#3581);
#3581=ADVANCED_FACE('',(#3585),#3582,.T.);
#3582=PLANE('',#3583);
#3583=AXIS2_PLACEMENT_3D('',#3584,#342,#201);
#3584=CARTESIAN_POINT('',(2.876,-0.254,0.0));
#3585=FACE_OUTER_BOUND('',#3586,.T.);
#3586=EDGE_LOOP('',(#3587,#3593,#3598,#3603));
#3587=ORIENTED_EDGE('',*,*,#3588,.F.);
#3588=EDGE_CURVE('',#3589,#3591,#3592,.T.);
#3589=VERTEX_POINT('',#3590);
#3590=CARTESIAN_POINT('',(2.876,0.254,0.0));
#3591=VERTEX_POINT('',#3584);
#3592=LINE('',#3590,#945);
#3593=ORIENTED_EDGE('',*,*,#3594,.F.);
#3594=EDGE_CURVE('',#3595,#3589,#3597,.T.);
#3595=VERTEX_POINT('',#3596);
#3596=CARTESIAN_POINT('',(2.997,0.254,0.0));
#3597=LINE('',#3596,#2706);
#3598=ORIENTED_EDGE('',*,*,#3599,.F.);
#3599=EDGE_CURVE('',#3600,#3595,#3602,.T.);
#3600=VERTEX_POINT('',#3601);
#3601=CARTESIAN_POINT('',(2.997,-0.254,0.0));
#3602=LINE('',#3601,#635);
#3603=ORIENTED_EDGE('',*,*,#3604,.F.);
#3604=EDGE_CURVE('',#3591,#3600,#3605,.T.);
#3605=LINE('',#3584,#2697);
#3606=STYLED_ITEM('',(#27),#3607);
#3607=ADVANCED_FACE('',(#3610),#3608,.T.);
#3608=PLANE('',#3609);
#3609=AXIS2_PLACEMENT_3D('',#3601,#22,#198);
#3610=FACE_OUTER_BOUND('',#3611,.T.);
#3611=EDGE_LOOP('',(#3612,#3613,#3616,#3617));
#3612=ORIENTED_EDGE('',*,*,#3599,.T.);
#3613=ORIENTED_EDGE('',*,*,#3614,.F.);
#3614=EDGE_CURVE('',#3563,#3595,#3615,.T.);
#3615=LINE('',#3564,#501);
#3616=ORIENTED_EDGE('',*,*,#3562,.T.);
#3617=ORIENTED_EDGE('',*,*,#3618,.F.);
#3618=EDGE_CURVE('',#3600,#3565,#3619,.T.);
#3619=LINE('',#3601,#511);
#3620=STYLED_ITEM($,(#27),#3621);
#3621=ADVANCED_FACE($,(#3625),#3622,.T.);
#3622=CYLINDRICAL_SURFACE($,#3623,0.508);
#3623=AXIS2_PLACEMENT_3D($,#3624,#244,#198);
#3624=CARTESIAN_POINT('',(2.077,0.254,0.546));
#3625=FACE_OUTER_BOUND($,#3626,.T.);
#3626=EDGE_LOOP($,(#3631,#3632,#3637,#3627));
#3627=ORIENTED_EDGE('',*,*,#3628,.F.);
#3628=EDGE_CURVE($,#3476,#3517,#3629,.T.);
#3629=CIRCLE($,#3630,0.508);
#3630=AXIS2_PLACEMENT_3D($,#3624,#244,#2758);
#3631=ORIENTED_EDGE('',*,*,#3475,.T.);
#3632=ORIENTED_EDGE('',*,*,#3633,.F.);
#3633=EDGE_CURVE($,#3522,#3471,#3634,.T.);
#3634=CIRCLE($,#3635,0.508);
#3635=AXIS2_PLACEMENT_3D($,#3636,#233,#2765);
#3636=CARTESIAN_POINT('',(2.077,-0.254,0.546));
#3637=ORIENTED_EDGE('',*,*,#3521,.T.);
#3638=STYLED_ITEM($,(#27),#3639);
#3639=ADVANCED_FACE($,(#3642),#3640,.F.);
#3640=CYLINDRICAL_SURFACE($,#3641,0.254);
#3641=AXIS2_PLACEMENT_3D($,#3636,#244,#200);
#3642=FACE_OUTER_BOUND($,#3643,.T.);
#3643=EDGE_LOOP($,(#3648,#3649,#3653,#3644));
#3644=ORIENTED_EDGE('',*,*,#3645,.F.);
#3645=EDGE_CURVE($,#3496,#3543,#3646,.T.);
#3646=CIRCLE($,#3647,0.254);
#3647=AXIS2_PLACEMENT_3D($,#3636,#244,#2758);
#3648=ORIENTED_EDGE('',*,*,#3495,.T.);
#3649=ORIENTED_EDGE('',*,*,#3650,.F.);
#3650=EDGE_CURVE($,#3548,#3491,#3651,.T.);
#3651=CIRCLE($,#3652,0.254);
#3652=AXIS2_PLACEMENT_3D($,#3624,#233,#2765);
#3653=ORIENTED_EDGE('',*,*,#3547,.T.);
#3654=STYLED_ITEM($,(#27),#3655);
#3655=ADVANCED_FACE($,(#3659),#3656,.F.);
#3656=CYLINDRICAL_SURFACE($,#3657,0.254);
#3657=AXIS2_PLACEMENT_3D($,#3658,#244,#198);
#3658=CARTESIAN_POINT('',(2.876,-0.254,0.508));
#3659=FACE_OUTER_BOUND($,#3660,.T.);
#3660=EDGE_LOOP($,(#3665,#3666,#3671,#3661));
#3661=ORIENTED_EDGE('',*,*,#3662,.F.);
#3662=EDGE_CURVE($,#3574,#3513,#3663,.T.);
#3663=CIRCLE($,#3664,0.254);
#3664=AXIS2_PLACEMENT_3D($,#3658,#244,#2765);
#3665=ORIENTED_EDGE('',*,*,#3573,.T.);
#3666=ORIENTED_EDGE('',*,*,#3667,.F.);
#3667=EDGE_CURVE($,#3511,#3569,#3668,.T.);
#3668=CIRCLE($,#3669,0.254);
#3669=AXIS2_PLACEMENT_3D($,#3670,#233,#2758);
#3670=CARTESIAN_POINT('',(2.876,0.254,0.508));
#3671=ORIENTED_EDGE('',*,*,#3510,.T.);
#3672=STYLED_ITEM($,(#27),#3673);
#3673=ADVANCED_FACE($,(#3676),#3674,.T.);
#3674=CYLINDRICAL_SURFACE($,#3675,0.508);
#3675=AXIS2_PLACEMENT_3D($,#3658,#244,#200);
#3676=FACE_OUTER_BOUND($,#3677,.T.);
#3677=EDGE_LOOP($,(#3682,#3683,#3687,#3678));
#3678=ORIENTED_EDGE('',*,*,#3679,.F.);
#3679=EDGE_CURVE($,#3589,#3539,#3680,.T.);
#3680=CIRCLE($,#3681,0.508);
#3681=AXIS2_PLACEMENT_3D($,#3670,#244,#2765);
#3682=ORIENTED_EDGE('',*,*,#3588,.T.);
#3683=ORIENTED_EDGE('',*,*,#3684,.F.);
#3684=EDGE_CURVE($,#3537,#3591,#3685,.T.);
#3685=CIRCLE($,#3686,0.508);
#3686=AXIS2_PLACEMENT_3D($,#3658,#233,#2758);
#3687=ORIENTED_EDGE('',*,*,#3536,.T.);
#3688=STYLED_ITEM('color',(#27),#3689);
#3689=ADVANCED_FACE($,(#3692),#3690,.T.);
#3690=PLANE($,#3691);
#3691=AXIS2_PLACEMENT_3D($,#3446,#233,#199);
#3692=FACE_OUTER_BOUND($,#3693,.T.);
#3693=EDGE_LOOP($,(#3694, #3695, #3696, #3702, #3703, #3697, #3698, #3699, #3700, #3701, #3704, #3705));
#3694=ORIENTED_EDGE('',*,*,#3470,.T.);
#3695=ORIENTED_EDGE('',*,*,#3450,.T.);
#3696=ORIENTED_EDGE('',*,*,#3500,.T.);
#3697=ORIENTED_EDGE('',*,*,#3684,.T.);
#3698=ORIENTED_EDGE('',*,*,#3604,.T.);
#3699=ORIENTED_EDGE('',*,*,#3618,.T.);
#3700=ORIENTED_EDGE('',*,*,#3578,.T.);
#3701=ORIENTED_EDGE('',*,*,#3662,.T.);
#3702=ORIENTED_EDGE('',*,*,#3645,.T.);
#3703=ORIENTED_EDGE('',*,*,#3542,.T.);
#3704=ORIENTED_EDGE('',*,*,#3526,.T.);
#3705=ORIENTED_EDGE('',*,*,#3633,.T.);
#3706=STYLED_ITEM('color',(#27),#3707);
#3707=ADVANCED_FACE($,(#3710),#3708,.T.);
#3708=PLANE($,#3709);
#3709=AXIS2_PLACEMENT_3D($,#3570,#244,#199);
#3710=FACE_OUTER_BOUND($,#3711,.T.);
#3711=EDGE_LOOP($,(#3712, #3713, #3714, #3720, #3721, #3715, #3716, #3717, #3718, #3719, #3722, #3723));
#3712=ORIENTED_EDGE('',*,*,#3490,.T.);
#3713=ORIENTED_EDGE('',*,*,#3460,.T.);
#3714=ORIENTED_EDGE('',*,*,#3480,.T.);
#3715=ORIENTED_EDGE('',*,*,#3667,.T.);
#3716=ORIENTED_EDGE('',*,*,#3568,.T.);
#3717=ORIENTED_EDGE('',*,*,#3614,.T.);
#3718=ORIENTED_EDGE('',*,*,#3594,.T.);
#3719=ORIENTED_EDGE('',*,*,#3679,.T.);
#3720=ORIENTED_EDGE('',*,*,#3628,.T.);
#3721=ORIENTED_EDGE('',*,*,#3516,.T.);
#3722=ORIENTED_EDGE('',*,*,#3552,.T.);
#3723=ORIENTED_EDGE('',*,*,#3650,.T.);
#3724=MANIFOLD_SOLID_BREP($,#3725);
#3725=CLOSED_SHELL('',(#3727,#3753,#3773,#3793,#3819,#3845,#3871,#3897,#3911,#3929,#3945,#3963,#3979,#3997));
#3726=STYLED_ITEM('',(#27),#3727);
#3727=ADVANCED_FACE('',(#3731),#3728,.T.);
#3728=PLANE('',#3729);
#3729=AXIS2_PLACEMENT_3D('',#3730,#226,#198);
#3730=CARTESIAN_POINT('',(1.956,1.524,0.8));
#3731=FACE_OUTER_BOUND('',#3732,.T.);
#3732=EDGE_LOOP('',(#3733,#3739,#3744,#3749));
#3733=ORIENTED_EDGE('',*,*,#3734,.F.);
#3734=EDGE_CURVE('',#3735,#3737,#3738,.T.);
#3735=VERTEX_POINT('',#3736);
#3736=CARTESIAN_POINT('',(1.956,1.016,0.8));
#3737=VERTEX_POINT('',#3730);
#3738=LINE('',#3736,#1120);
#3739=ORIENTED_EDGE('',*,*,#3740,.F.);
#3740=EDGE_CURVE('',#3741,#3735,#3743,.T.);
#3741=VERTEX_POINT('',#3742);
#3742=CARTESIAN_POINT('',(1.956,1.016,1.054));
#3743=LINE('',#3742,#501);
#3744=ORIENTED_EDGE('',*,*,#3745,.F.);
#3745=EDGE_CURVE('',#3746,#3741,#3748,.T.);
#3746=VERTEX_POINT('',#3747);
#3747=CARTESIAN_POINT('',(1.956,1.524,1.054));
#3748=LINE('',#3747,#1109);
#3749=ORIENTED_EDGE('',*,*,#3750,.F.);
#3750=EDGE_CURVE('',#3737,#3746,#3751,.T.);
#3751=LINE('',#3730,#511);
#3752=STYLED_ITEM('',(#27),#3753);
#3753=ADVANCED_FACE('',(#3756),#3754,.T.);
#3754=PLANE('',#3755);
#3755=AXIS2_PLACEMENT_3D('',#3747,#21,#201);
#3756=FACE_OUTER_BOUND('',#3757,.T.);
#3757=EDGE_LOOP('',(#3758,#3759,#3764,#3769));
#3758=ORIENTED_EDGE('',*,*,#3745,.T.);
#3759=ORIENTED_EDGE('',*,*,#3760,.F.);
#3760=EDGE_CURVE('',#3761,#3741,#3763,.T.);
#3761=VERTEX_POINT('',#3762);
#3762=CARTESIAN_POINT('',(2.077,1.016,1.054));
#3763=LINE('',#3762,#557);
#3764=ORIENTED_EDGE('',*,*,#3765,.F.);
#3765=EDGE_CURVE('',#3766,#3761,#3768,.T.);
#3766=VERTEX_POINT('',#3767);
#3767=CARTESIAN_POINT('',(2.077,1.524,1.054));
#3768=LINE('',#3767,#866);
#3769=ORIENTED_EDGE('',*,*,#3770,.F.);
#3770=EDGE_CURVE('',#3746,#3766,#3771,.T.);
#3771=LINE('',#3747,#524);
#3772=STYLED_ITEM('',(#27),#3773);
#3773=ADVANCED_FACE('',(#3776),#3774,.T.);
#3774=PLANE('',#3775);
#3775=AXIS2_PLACEMENT_3D('',#3736,#342,#201);
#3776=FACE_OUTER_BOUND('',#3777,.T.);
#3777=EDGE_LOOP('',(#3778,#3779,#3784,#3789));
#3778=ORIENTED_EDGE('',*,*,#3734,.T.);
#3779=ORIENTED_EDGE('',*,*,#3780,.F.);
#3780=EDGE_CURVE('',#3781,#3737,#3783,.T.);
#3781=VERTEX_POINT('',#3782);
#3782=CARTESIAN_POINT('',(2.077,1.524,0.8));
#3783=LINE('',#3782,#557);
#3784=ORIENTED_EDGE('',*,*,#3785,.F.);
#3785=EDGE_CURVE('',#3786,#3781,#3788,.T.);
#3786=VERTEX_POINT('',#3787);
#3787=CARTESIAN_POINT('',(2.077,1.016,0.8));
#3788=LINE('',#3787,#845);
#3789=ORIENTED_EDGE('',*,*,#3790,.F.);
#3790=EDGE_CURVE('',#3735,#3786,#3791,.T.);
#3791=LINE('',#3736,#524);
#3792=STYLED_ITEM('',(#27),#3793);
#3793=ADVANCED_FACE('',(#3797),#3794,.T.);
#3794=PLANE('',#3795);
#3795=AXIS2_PLACEMENT_3D('',#3796,#2620,#198);
#3796=CARTESIAN_POINT('',(2.631,1.016,0.442));
#3797=FACE_OUTER_BOUND('',#3798,.T.);
#3798=EDGE_LOOP('',(#3799,#3805,#3810,#3815));
#3799=ORIENTED_EDGE('',*,*,#3800,.F.);
#3800=EDGE_CURVE('',#3801,#3803,#3804,.T.);
#3801=VERTEX_POINT('',#3802);
#3802=CARTESIAN_POINT('',(2.631,1.524,0.442));
#3803=VERTEX_POINT('',#3796);
#3804=LINE('',#3802,#2629);
#3805=ORIENTED_EDGE('',*,*,#3806,.F.);
#3806=EDGE_CURVE('',#3807,#3801,#3809,.T.);
#3807=VERTEX_POINT('',#3808);
#3808=CARTESIAN_POINT('',(2.568,1.524,0.678));
#3809=LINE('',#3808,#2635);
#3810=ORIENTED_EDGE('',*,*,#3811,.F.);
#3811=EDGE_CURVE('',#3812,#3807,#3814,.T.);
#3812=VERTEX_POINT('',#3813);
#3813=CARTESIAN_POINT('',(2.568,1.016,0.678));
#3814=LINE('',#3813,#2642);
#3815=ORIENTED_EDGE('',*,*,#3816,.F.);
#3816=EDGE_CURVE('',#3803,#3812,#3817,.T.);
#3817=LINE('',#3796,#2646);
#3818=STYLED_ITEM('',(#27),#3819);
#3819=ADVANCED_FACE('',(#3823),#3820,.T.);
#3820=PLANE('',#3821);
#3821=AXIS2_PLACEMENT_3D('',#3822,#2653,#198);
#3822=CARTESIAN_POINT('',(2.385,1.524,0.377));
#3823=FACE_OUTER_BOUND('',#3824,.T.);
#3824=EDGE_LOOP('',(#3825,#3831,#3836,#3841));
#3825=ORIENTED_EDGE('',*,*,#3826,.F.);
#3826=EDGE_CURVE('',#3827,#3829,#3830,.T.);
#3827=VERTEX_POINT('',#3828);
#3828=CARTESIAN_POINT('',(2.385,1.016,0.377));
#3829=VERTEX_POINT('',#3822);
#3830=LINE('',#3828,#2662);
#3831=ORIENTED_EDGE('',*,*,#3832,.F.);
#3832=EDGE_CURVE('',#3833,#3827,#3835,.T.);
#3833=VERTEX_POINT('',#3834);
#3834=CARTESIAN_POINT('',(2.322,1.016,0.612));
#3835=LINE('',#3834,#2668);
#3836=ORIENTED_EDGE('',*,*,#3837,.F.);
#3837=EDGE_CURVE('',#3838,#3833,#3840,.T.);
#3838=VERTEX_POINT('',#3839);
#3839=CARTESIAN_POINT('',(2.322,1.524,0.612));
#3840=LINE('',#3839,#2970);
#3841=ORIENTED_EDGE('',*,*,#3842,.F.);
#3842=EDGE_CURVE('',#3829,#3838,#3843,.T.);
#3843=LINE('',#3822,#2678);
#3844=STYLED_ITEM('',(#27),#3845);
#3845=ADVANCED_FACE('',(#3849),#3846,.T.);
#3846=PLANE('',#3847);
#3847=AXIS2_PLACEMENT_3D('',#3848,#21,#201);
#3848=CARTESIAN_POINT('',(2.997,1.016,0.254));
#3849=FACE_OUTER_BOUND('',#3850,.T.);
#3850=EDGE_LOOP('',(#3851,#3857,#3862,#3867));
#3851=ORIENTED_EDGE('',*,*,#3852,.F.);
#3852=EDGE_CURVE('',#3853,#3855,#3856,.T.);
#3853=VERTEX_POINT('',#3854);
#3854=CARTESIAN_POINT('',(2.997,1.524,0.254));
#3855=VERTEX_POINT('',#3848);
#3856=LINE('',#3854,#676);
#3857=ORIENTED_EDGE('',*,*,#3858,.F.);
#3858=EDGE_CURVE('',#3859,#3853,#3861,.T.);
#3859=VERTEX_POINT('',#3860);
#3860=CARTESIAN_POINT('',(2.876,1.524,0.254));
#3861=LINE('',#3860,#2697);
#3862=ORIENTED_EDGE('',*,*,#3863,.F.);
#3863=EDGE_CURVE('',#3864,#3859,#3866,.T.);
#3864=VERTEX_POINT('',#3865);
#3865=CARTESIAN_POINT('',(2.876,1.016,0.254));
#3866=LINE('',#3865,#962);
#3867=ORIENTED_EDGE('',*,*,#3868,.F.);
#3868=EDGE_CURVE('',#3855,#3864,#3869,.T.);
#3869=LINE('',#3848,#2706);
#3870=STYLED_ITEM('',(#27),#3871);
#3871=ADVANCED_FACE('',(#3875),#3872,.T.);
#3872=PLANE('',#3873);
#3873=AXIS2_PLACEMENT_3D('',#3874,#342,#201);
#3874=CARTESIAN_POINT('',(2.876,1.016,0.0));
#3875=FACE_OUTER_BOUND('',#3876,.T.);
#3876=EDGE_LOOP('',(#3877,#3883,#3888,#3893));
#3877=ORIENTED_EDGE('',*,*,#3878,.F.);
#3878=EDGE_CURVE('',#3879,#3881,#3882,.T.);
#3879=VERTEX_POINT('',#3880);
#3880=CARTESIAN_POINT('',(2.876,1.524,0.0));
#3881=VERTEX_POINT('',#3874);
#3882=LINE('',#3880,#945);
#3883=ORIENTED_EDGE('',*,*,#3884,.F.);
#3884=EDGE_CURVE('',#3885,#3879,#3887,.T.);
#3885=VERTEX_POINT('',#3886);
#3886=CARTESIAN_POINT('',(2.997,1.524,0.0));
#3887=LINE('',#3886,#2706);
#3888=ORIENTED_EDGE('',*,*,#3889,.F.);
#3889=EDGE_CURVE('',#3890,#3885,#3892,.T.);
#3890=VERTEX_POINT('',#3891);
#3891=CARTESIAN_POINT('',(2.997,1.016,0.0));
#3892=LINE('',#3891,#635);
#3893=ORIENTED_EDGE('',*,*,#3894,.F.);
#3894=EDGE_CURVE('',#3881,#3890,#3895,.T.);
#3895=LINE('',#3874,#2697);
#3896=STYLED_ITEM('',(#27),#3897);
#3897=ADVANCED_FACE('',(#3900),#3898,.T.);
#3898=PLANE('',#3899);
#3899=AXIS2_PLACEMENT_3D('',#3891,#22,#198);
#3900=FACE_OUTER_BOUND('',#3901,.T.);
#3901=EDGE_LOOP('',(#3902,#3903,#3906,#3907));
#3902=ORIENTED_EDGE('',*,*,#3889,.T.);
#3903=ORIENTED_EDGE('',*,*,#3904,.F.);
#3904=EDGE_CURVE('',#3853,#3885,#3905,.T.);
#3905=LINE('',#3854,#501);
#3906=ORIENTED_EDGE('',*,*,#3852,.T.);
#3907=ORIENTED_EDGE('',*,*,#3908,.F.);
#3908=EDGE_CURVE('',#3890,#3855,#3909,.T.);
#3909=LINE('',#3891,#511);
#3910=STYLED_ITEM($,(#27),#3911);
#3911=ADVANCED_FACE($,(#3915),#3912,.T.);
#3912=CYLINDRICAL_SURFACE($,#3913,0.508);
#3913=AXIS2_PLACEMENT_3D($,#3914,#244,#198);
#3914=CARTESIAN_POINT('',(2.077,1.524,0.546));
#3915=FACE_OUTER_BOUND($,#3916,.T.);
#3916=EDGE_LOOP($,(#3921,#3922,#3927,#3917));
#3917=ORIENTED_EDGE('',*,*,#3918,.F.);
#3918=EDGE_CURVE($,#3766,#3807,#3919,.T.);
#3919=CIRCLE($,#3920,0.508);
#3920=AXIS2_PLACEMENT_3D($,#3914,#244,#2758);
#3921=ORIENTED_EDGE('',*,*,#3765,.T.);
#3922=ORIENTED_EDGE('',*,*,#3923,.F.);
#3923=EDGE_CURVE($,#3812,#3761,#3924,.T.);
#3924=CIRCLE($,#3925,0.508);
#3925=AXIS2_PLACEMENT_3D($,#3926,#233,#2765);
#3926=CARTESIAN_POINT('',(2.077,1.016,0.546));
#3927=ORIENTED_EDGE('',*,*,#3811,.T.);
#3928=STYLED_ITEM($,(#27),#3929);
#3929=ADVANCED_FACE($,(#3932),#3930,.F.);
#3930=CYLINDRICAL_SURFACE($,#3931,0.254);
#3931=AXIS2_PLACEMENT_3D($,#3926,#244,#200);
#3932=FACE_OUTER_BOUND($,#3933,.T.);
#3933=EDGE_LOOP($,(#3938,#3939,#3943,#3934));
#3934=ORIENTED_EDGE('',*,*,#3935,.F.);
#3935=EDGE_CURVE($,#3786,#3833,#3936,.T.);
#3936=CIRCLE($,#3937,0.254);
#3937=AXIS2_PLACEMENT_3D($,#3926,#244,#2758);
#3938=ORIENTED_EDGE('',*,*,#3785,.T.);
#3939=ORIENTED_EDGE('',*,*,#3940,.F.);
#3940=EDGE_CURVE($,#3838,#3781,#3941,.T.);
#3941=CIRCLE($,#3942,0.254);
#3942=AXIS2_PLACEMENT_3D($,#3914,#233,#2765);
#3943=ORIENTED_EDGE('',*,*,#3837,.T.);
#3944=STYLED_ITEM($,(#27),#3945);
#3945=ADVANCED_FACE($,(#3949),#3946,.F.);
#3946=CYLINDRICAL_SURFACE($,#3947,0.254);
#3947=AXIS2_PLACEMENT_3D($,#3948,#244,#198);
#3948=CARTESIAN_POINT('',(2.876,1.016,0.508));
#3949=FACE_OUTER_BOUND($,#3950,.T.);
#3950=EDGE_LOOP($,(#3955,#3956,#3961,#3951));
#3951=ORIENTED_EDGE('',*,*,#3952,.F.);
#3952=EDGE_CURVE($,#3864,#3803,#3953,.T.);
#3953=CIRCLE($,#3954,0.254);
#3954=AXIS2_PLACEMENT_3D($,#3948,#244,#2765);
#3955=ORIENTED_EDGE('',*,*,#3863,.T.);
#3956=ORIENTED_EDGE('',*,*,#3957,.F.);
#3957=EDGE_CURVE($,#3801,#3859,#3958,.T.);
#3958=CIRCLE($,#3959,0.254);
#3959=AXIS2_PLACEMENT_3D($,#3960,#233,#2758);
#3960=CARTESIAN_POINT('',(2.876,1.524,0.508));
#3961=ORIENTED_EDGE('',*,*,#3800,.T.);
#3962=STYLED_ITEM($,(#27),#3963);
#3963=ADVANCED_FACE($,(#3966),#3964,.T.);
#3964=CYLINDRICAL_SURFACE($,#3965,0.508);
#3965=AXIS2_PLACEMENT_3D($,#3948,#244,#200);
#3966=FACE_OUTER_BOUND($,#3967,.T.);
#3967=EDGE_LOOP($,(#3972,#3973,#3977,#3968));
#3968=ORIENTED_EDGE('',*,*,#3969,.F.);
#3969=EDGE_CURVE($,#3879,#3829,#3970,.T.);
#3970=CIRCLE($,#3971,0.508);
#3971=AXIS2_PLACEMENT_3D($,#3960,#244,#2765);
#3972=ORIENTED_EDGE('',*,*,#3878,.T.);
#3973=ORIENTED_EDGE('',*,*,#3974,.F.);
#3974=EDGE_CURVE($,#3827,#3881,#3975,.T.);
#3975=CIRCLE($,#3976,0.508);
#3976=AXIS2_PLACEMENT_3D($,#3948,#233,#2758);
#3977=ORIENTED_EDGE('',*,*,#3826,.T.);
#3978=STYLED_ITEM('color',(#27),#3979);
#3979=ADVANCED_FACE($,(#3982),#3980,.T.);
#3980=PLANE($,#3981);
#3981=AXIS2_PLACEMENT_3D($,#3736,#233,#199);
#3982=FACE_OUTER_BOUND($,#3983,.T.);
#3983=EDGE_LOOP($,(#3984, #3985, #3986, #3992, #3993, #3987, #3988, #3989, #3990, #3991, #3994, #3995));
#3984=ORIENTED_EDGE('',*,*,#3760,.T.);
#3985=ORIENTED_EDGE('',*,*,#3740,.T.);
#3986=ORIENTED_EDGE('',*,*,#3790,.T.);
#3987=ORIENTED_EDGE('',*,*,#3974,.T.);
#3988=ORIENTED_EDGE('',*,*,#3894,.T.);
#3989=ORIENTED_EDGE('',*,*,#3908,.T.);
#3990=ORIENTED_EDGE('',*,*,#3868,.T.);
#3991=ORIENTED_EDGE('',*,*,#3952,.T.);
#3992=ORIENTED_EDGE('',*,*,#3935,.T.);
#3993=ORIENTED_EDGE('',*,*,#3832,.T.);
#3994=ORIENTED_EDGE('',*,*,#3816,.T.);
#3995=ORIENTED_EDGE('',*,*,#3923,.T.);
#3996=STYLED_ITEM('color',(#27),#3997);
#3997=ADVANCED_FACE($,(#4000),#3998,.T.);
#3998=PLANE($,#3999);
#3999=AXIS2_PLACEMENT_3D($,#3860,#244,#199);
#4000=FACE_OUTER_BOUND($,#4001,.T.);
#4001=EDGE_LOOP($,(#4002, #4003, #4004, #4010, #4011, #4005, #4006, #4007, #4008, #4009, #4012, #4013));
#4002=ORIENTED_EDGE('',*,*,#3780,.T.);
#4003=ORIENTED_EDGE('',*,*,#3750,.T.);
#4004=ORIENTED_EDGE('',*,*,#3770,.T.);
#4005=ORIENTED_EDGE('',*,*,#3957,.T.);
#4006=ORIENTED_EDGE('',*,*,#3858,.T.);
#4007=ORIENTED_EDGE('',*,*,#3904,.T.);
#4008=ORIENTED_EDGE('',*,*,#3884,.T.);
#4009=ORIENTED_EDGE('',*,*,#3969,.T.);
#4010=ORIENTED_EDGE('',*,*,#3918,.T.);
#4011=ORIENTED_EDGE('',*,*,#3806,.T.);
#4012=ORIENTED_EDGE('',*,*,#3842,.T.);
#4013=ORIENTED_EDGE('',*,*,#3940,.T.);
#4014=MANIFOLD_SOLID_BREP($,#4015);
#4015=CLOSED_SHELL('',(#4017,#4043,#4063,#4083,#4109,#4135,#4161,#4187,#4201,#4219,#4235,#4253,#4269,#4287));
#4016=STYLED_ITEM('',(#27),#4017);
#4017=ADVANCED_FACE('',(#4021),#4018,.T.);
#4018=PLANE('',#4019);
#4019=AXIS2_PLACEMENT_3D('',#4020,#226,#198);
#4020=CARTESIAN_POINT('',(1.956,2.794,0.8));
#4021=FACE_OUTER_BOUND('',#4022,.T.);
#4022=EDGE_LOOP('',(#4023,#4029,#4034,#4039));
#4023=ORIENTED_EDGE('',*,*,#4024,.F.);
#4024=EDGE_CURVE('',#4025,#4027,#4028,.T.);
#4025=VERTEX_POINT('',#4026);
#4026=CARTESIAN_POINT('',(1.956,2.286,0.8));
#4027=VERTEX_POINT('',#4020);
#4028=LINE('',#4026,#1120);
#4029=ORIENTED_EDGE('',*,*,#4030,.F.);
#4030=EDGE_CURVE('',#4031,#4025,#4033,.T.);
#4031=VERTEX_POINT('',#4032);
#4032=CARTESIAN_POINT('',(1.956,2.286,1.054));
#4033=LINE('',#4032,#501);
#4034=ORIENTED_EDGE('',*,*,#4035,.F.);
#4035=EDGE_CURVE('',#4036,#4031,#4038,.T.);
#4036=VERTEX_POINT('',#4037);
#4037=CARTESIAN_POINT('',(1.956,2.794,1.054));
#4038=LINE('',#4037,#1109);
#4039=ORIENTED_EDGE('',*,*,#4040,.F.);
#4040=EDGE_CURVE('',#4027,#4036,#4041,.T.);
#4041=LINE('',#4020,#511);
#4042=STYLED_ITEM('',(#27),#4043);
#4043=ADVANCED_FACE('',(#4046),#4044,.T.);
#4044=PLANE('',#4045);
#4045=AXIS2_PLACEMENT_3D('',#4037,#21,#201);
#4046=FACE_OUTER_BOUND('',#4047,.T.);
#4047=EDGE_LOOP('',(#4048,#4049,#4054,#4059));
#4048=ORIENTED_EDGE('',*,*,#4035,.T.);
#4049=ORIENTED_EDGE('',*,*,#4050,.F.);
#4050=EDGE_CURVE('',#4051,#4031,#4053,.T.);
#4051=VERTEX_POINT('',#4052);
#4052=CARTESIAN_POINT('',(2.077,2.286,1.054));
#4053=LINE('',#4052,#557);
#4054=ORIENTED_EDGE('',*,*,#4055,.F.);
#4055=EDGE_CURVE('',#4056,#4051,#4058,.T.);
#4056=VERTEX_POINT('',#4057);
#4057=CARTESIAN_POINT('',(2.077,2.794,1.054));
#4058=LINE('',#4057,#866);
#4059=ORIENTED_EDGE('',*,*,#4060,.F.);
#4060=EDGE_CURVE('',#4036,#4056,#4061,.T.);
#4061=LINE('',#4037,#524);
#4062=STYLED_ITEM('',(#27),#4063);
#4063=ADVANCED_FACE('',(#4066),#4064,.T.);
#4064=PLANE('',#4065);
#4065=AXIS2_PLACEMENT_3D('',#4026,#342,#201);
#4066=FACE_OUTER_BOUND('',#4067,.T.);
#4067=EDGE_LOOP('',(#4068,#4069,#4074,#4079));
#4068=ORIENTED_EDGE('',*,*,#4024,.T.);
#4069=ORIENTED_EDGE('',*,*,#4070,.F.);
#4070=EDGE_CURVE('',#4071,#4027,#4073,.T.);
#4071=VERTEX_POINT('',#4072);
#4072=CARTESIAN_POINT('',(2.077,2.794,0.8));
#4073=LINE('',#4072,#557);
#4074=ORIENTED_EDGE('',*,*,#4075,.F.);
#4075=EDGE_CURVE('',#4076,#4071,#4078,.T.);
#4076=VERTEX_POINT('',#4077);
#4077=CARTESIAN_POINT('',(2.077,2.286,0.8));
#4078=LINE('',#4077,#845);
#4079=ORIENTED_EDGE('',*,*,#4080,.F.);
#4080=EDGE_CURVE('',#4025,#4076,#4081,.T.);
#4081=LINE('',#4026,#524);
#4082=STYLED_ITEM('',(#27),#4083);
#4083=ADVANCED_FACE('',(#4087),#4084,.T.);
#4084=PLANE('',#4085);
#4085=AXIS2_PLACEMENT_3D('',#4086,#2620,#198);
#4086=CARTESIAN_POINT('',(2.631,2.286,0.442));
#4087=FACE_OUTER_BOUND('',#4088,.T.);
#4088=EDGE_LOOP('',(#4089,#4095,#4100,#4105));
#4089=ORIENTED_EDGE('',*,*,#4090,.F.);
#4090=EDGE_CURVE('',#4091,#4093,#4094,.T.);
#4091=VERTEX_POINT('',#4092);
#4092=CARTESIAN_POINT('',(2.631,2.794,0.442));
#4093=VERTEX_POINT('',#4086);
#4094=LINE('',#4092,#2629);
#4095=ORIENTED_EDGE('',*,*,#4096,.F.);
#4096=EDGE_CURVE('',#4097,#4091,#4099,.T.);
#4097=VERTEX_POINT('',#4098);
#4098=CARTESIAN_POINT('',(2.568,2.794,0.678));
#4099=LINE('',#4098,#2635);
#4100=ORIENTED_EDGE('',*,*,#4101,.F.);
#4101=EDGE_CURVE('',#4102,#4097,#4104,.T.);
#4102=VERTEX_POINT('',#4103);
#4103=CARTESIAN_POINT('',(2.568,2.286,0.678));
#4104=LINE('',#4103,#2642);
#4105=ORIENTED_EDGE('',*,*,#4106,.F.);
#4106=EDGE_CURVE('',#4093,#4102,#4107,.T.);
#4107=LINE('',#4086,#2646);
#4108=STYLED_ITEM('',(#27),#4109);
#4109=ADVANCED_FACE('',(#4113),#4110,.T.);
#4110=PLANE('',#4111);
#4111=AXIS2_PLACEMENT_3D('',#4112,#2653,#198);
#4112=CARTESIAN_POINT('',(2.385,2.794,0.377));
#4113=FACE_OUTER_BOUND('',#4114,.T.);
#4114=EDGE_LOOP('',(#4115,#4121,#4126,#4131));
#4115=ORIENTED_EDGE('',*,*,#4116,.F.);
#4116=EDGE_CURVE('',#4117,#4119,#4120,.T.);
#4117=VERTEX_POINT('',#4118);
#4118=CARTESIAN_POINT('',(2.385,2.286,0.377));
#4119=VERTEX_POINT('',#4112);
#4120=LINE('',#4118,#2662);
#4121=ORIENTED_EDGE('',*,*,#4122,.F.);
#4122=EDGE_CURVE('',#4123,#4117,#4125,.T.);
#4123=VERTEX_POINT('',#4124);
#4124=CARTESIAN_POINT('',(2.322,2.286,0.612));
#4125=LINE('',#4124,#2668);
#4126=ORIENTED_EDGE('',*,*,#4127,.F.);
#4127=EDGE_CURVE('',#4128,#4123,#4130,.T.);
#4128=VERTEX_POINT('',#4129);
#4129=CARTESIAN_POINT('',(2.322,2.794,0.612));
#4130=LINE('',#4129,#2970);
#4131=ORIENTED_EDGE('',*,*,#4132,.F.);
#4132=EDGE_CURVE('',#4119,#4128,#4133,.T.);
#4133=LINE('',#4112,#2678);
#4134=STYLED_ITEM('',(#27),#4135);
#4135=ADVANCED_FACE('',(#4139),#4136,.T.);
#4136=PLANE('',#4137);
#4137=AXIS2_PLACEMENT_3D('',#4138,#21,#201);
#4138=CARTESIAN_POINT('',(2.997,2.286,0.254));
#4139=FACE_OUTER_BOUND('',#4140,.T.);
#4140=EDGE_LOOP('',(#4141,#4147,#4152,#4157));
#4141=ORIENTED_EDGE('',*,*,#4142,.F.);
#4142=EDGE_CURVE('',#4143,#4145,#4146,.T.);
#4143=VERTEX_POINT('',#4144);
#4144=CARTESIAN_POINT('',(2.997,2.794,0.254));
#4145=VERTEX_POINT('',#4138);
#4146=LINE('',#4144,#676);
#4147=ORIENTED_EDGE('',*,*,#4148,.F.);
#4148=EDGE_CURVE('',#4149,#4143,#4151,.T.);
#4149=VERTEX_POINT('',#4150);
#4150=CARTESIAN_POINT('',(2.876,2.794,0.254));
#4151=LINE('',#4150,#2697);
#4152=ORIENTED_EDGE('',*,*,#4153,.F.);
#4153=EDGE_CURVE('',#4154,#4149,#4156,.T.);
#4154=VERTEX_POINT('',#4155);
#4155=CARTESIAN_POINT('',(2.876,2.286,0.254));
#4156=LINE('',#4155,#665);
#4157=ORIENTED_EDGE('',*,*,#4158,.F.);
#4158=EDGE_CURVE('',#4145,#4154,#4159,.T.);
#4159=LINE('',#4138,#2706);
#4160=STYLED_ITEM('',(#27),#4161);
#4161=ADVANCED_FACE('',(#4165),#4162,.T.);
#4162=PLANE('',#4163);
#4163=AXIS2_PLACEMENT_3D('',#4164,#342,#201);
#4164=CARTESIAN_POINT('',(2.876,2.286,0.0));
#4165=FACE_OUTER_BOUND('',#4166,.T.);
#4166=EDGE_LOOP('',(#4167,#4173,#4178,#4183));
#4167=ORIENTED_EDGE('',*,*,#4168,.F.);
#4168=EDGE_CURVE('',#4169,#4171,#4172,.T.);
#4169=VERTEX_POINT('',#4170);
#4170=CARTESIAN_POINT('',(2.876,2.794,0.0));
#4171=VERTEX_POINT('',#4164);
#4172=LINE('',#4170,#647);
#4173=ORIENTED_EDGE('',*,*,#4174,.F.);
#4174=EDGE_CURVE('',#4175,#4169,#4177,.T.);
#4175=VERTEX_POINT('',#4176);
#4176=CARTESIAN_POINT('',(2.997,2.794,0.0));
#4177=LINE('',#4176,#2706);
#4178=ORIENTED_EDGE('',*,*,#4179,.F.);
#4179=EDGE_CURVE('',#4180,#4175,#4182,.T.);
#4180=VERTEX_POINT('',#4181);
#4181=CARTESIAN_POINT('',(2.997,2.286,0.0));
#4182=LINE('',#4181,#635);
#4183=ORIENTED_EDGE('',*,*,#4184,.F.);
#4184=EDGE_CURVE('',#4171,#4180,#4185,.T.);
#4185=LINE('',#4164,#2697);
#4186=STYLED_ITEM('',(#27),#4187);
#4187=ADVANCED_FACE('',(#4190),#4188,.T.);
#4188=PLANE('',#4189);
#4189=AXIS2_PLACEMENT_3D('',#4181,#22,#198);
#4190=FACE_OUTER_BOUND('',#4191,.T.);
#4191=EDGE_LOOP('',(#4192,#4193,#4196,#4197));
#4192=ORIENTED_EDGE('',*,*,#4179,.T.);
#4193=ORIENTED_EDGE('',*,*,#4194,.F.);
#4194=EDGE_CURVE('',#4143,#4175,#4195,.T.);
#4195=LINE('',#4144,#501);
#4196=ORIENTED_EDGE('',*,*,#4142,.T.);
#4197=ORIENTED_EDGE('',*,*,#4198,.F.);
#4198=EDGE_CURVE('',#4180,#4145,#4199,.T.);
#4199=LINE('',#4181,#511);
#4200=STYLED_ITEM($,(#27),#4201);
#4201=ADVANCED_FACE($,(#4205),#4202,.T.);
#4202=CYLINDRICAL_SURFACE($,#4203,0.508);
#4203=AXIS2_PLACEMENT_3D($,#4204,#244,#198);
#4204=CARTESIAN_POINT('',(2.077,2.794,0.546));
#4205=FACE_OUTER_BOUND($,#4206,.T.);
#4206=EDGE_LOOP($,(#4211,#4212,#4217,#4207));
#4207=ORIENTED_EDGE('',*,*,#4208,.F.);
#4208=EDGE_CURVE($,#4056,#4097,#4209,.T.);
#4209=CIRCLE($,#4210,0.508);
#4210=AXIS2_PLACEMENT_3D($,#4204,#244,#2758);
#4211=ORIENTED_EDGE('',*,*,#4055,.T.);
#4212=ORIENTED_EDGE('',*,*,#4213,.F.);
#4213=EDGE_CURVE($,#4102,#4051,#4214,.T.);
#4214=CIRCLE($,#4215,0.508);
#4215=AXIS2_PLACEMENT_3D($,#4216,#233,#2765);
#4216=CARTESIAN_POINT('',(2.077,2.286,0.546));
#4217=ORIENTED_EDGE('',*,*,#4101,.T.);
#4218=STYLED_ITEM($,(#27),#4219);
#4219=ADVANCED_FACE($,(#4222),#4220,.F.);
#4220=CYLINDRICAL_SURFACE($,#4221,0.254);
#4221=AXIS2_PLACEMENT_3D($,#4216,#244,#200);
#4222=FACE_OUTER_BOUND($,#4223,.T.);
#4223=EDGE_LOOP($,(#4228,#4229,#4233,#4224));
#4224=ORIENTED_EDGE('',*,*,#4225,.F.);
#4225=EDGE_CURVE($,#4076,#4123,#4226,.T.);
#4226=CIRCLE($,#4227,0.254);
#4227=AXIS2_PLACEMENT_3D($,#4216,#244,#2758);
#4228=ORIENTED_EDGE('',*,*,#4075,.T.);
#4229=ORIENTED_EDGE('',*,*,#4230,.F.);
#4230=EDGE_CURVE($,#4128,#4071,#4231,.T.);
#4231=CIRCLE($,#4232,0.254);
#4232=AXIS2_PLACEMENT_3D($,#4204,#233,#2765);
#4233=ORIENTED_EDGE('',*,*,#4127,.T.);
#4234=STYLED_ITEM($,(#27),#4235);
#4235=ADVANCED_FACE($,(#4239),#4236,.F.);
#4236=CYLINDRICAL_SURFACE($,#4237,0.254);
#4237=AXIS2_PLACEMENT_3D($,#4238,#244,#198);
#4238=CARTESIAN_POINT('',(2.876,2.286,0.508));
#4239=FACE_OUTER_BOUND($,#4240,.T.);
#4240=EDGE_LOOP($,(#4245,#4246,#4251,#4241));
#4241=ORIENTED_EDGE('',*,*,#4242,.F.);
#4242=EDGE_CURVE($,#4154,#4093,#4243,.T.);
#4243=CIRCLE($,#4244,0.254);
#4244=AXIS2_PLACEMENT_3D($,#4238,#244,#2765);
#4245=ORIENTED_EDGE('',*,*,#4153,.T.);
#4246=ORIENTED_EDGE('',*,*,#4247,.F.);
#4247=EDGE_CURVE($,#4091,#4149,#4248,.T.);
#4248=CIRCLE($,#4249,0.254);
#4249=AXIS2_PLACEMENT_3D($,#4250,#233,#2758);
#4250=CARTESIAN_POINT('',(2.876,2.794,0.508));
#4251=ORIENTED_EDGE('',*,*,#4090,.T.);
#4252=STYLED_ITEM($,(#27),#4253);
#4253=ADVANCED_FACE($,(#4256),#4254,.T.);
#4254=CYLINDRICAL_SURFACE($,#4255,0.508);
#4255=AXIS2_PLACEMENT_3D($,#4238,#244,#200);
#4256=FACE_OUTER_BOUND($,#4257,.T.);
#4257=EDGE_LOOP($,(#4262,#4263,#4267,#4258));
#4258=ORIENTED_EDGE('',*,*,#4259,.F.);
#4259=EDGE_CURVE($,#4169,#4119,#4260,.T.);
#4260=CIRCLE($,#4261,0.508);
#4261=AXIS2_PLACEMENT_3D($,#4250,#244,#2765);
#4262=ORIENTED_EDGE('',*,*,#4168,.T.);
#4263=ORIENTED_EDGE('',*,*,#4264,.F.);
#4264=EDGE_CURVE($,#4117,#4171,#4265,.T.);
#4265=CIRCLE($,#4266,0.508);
#4266=AXIS2_PLACEMENT_3D($,#4238,#233,#2758);
#4267=ORIENTED_EDGE('',*,*,#4116,.T.);
#4268=STYLED_ITEM('color',(#27),#4269);
#4269=ADVANCED_FACE($,(#4272),#4270,.T.);
#4270=PLANE($,#4271);
#4271=AXIS2_PLACEMENT_3D($,#4026,#233,#199);
#4272=FACE_OUTER_BOUND($,#4273,.T.);
#4273=EDGE_LOOP($,(#4274, #4275, #4276, #4282, #4283, #4277, #4278, #4279, #4280, #4281, #4284, #4285));
#4274=ORIENTED_EDGE('',*,*,#4050,.T.);
#4275=ORIENTED_EDGE('',*,*,#4030,.T.);
#4276=ORIENTED_EDGE('',*,*,#4080,.T.);
#4277=ORIENTED_EDGE('',*,*,#4264,.T.);
#4278=ORIENTED_EDGE('',*,*,#4184,.T.);
#4279=ORIENTED_EDGE('',*,*,#4198,.T.);
#4280=ORIENTED_EDGE('',*,*,#4158,.T.);
#4281=ORIENTED_EDGE('',*,*,#4242,.T.);
#4282=ORIENTED_EDGE('',*,*,#4225,.T.);
#4283=ORIENTED_EDGE('',*,*,#4122,.T.);
#4284=ORIENTED_EDGE('',*,*,#4106,.T.);
#4285=ORIENTED_EDGE('',*,*,#4213,.T.);
#4286=STYLED_ITEM('color',(#27),#4287);
#4287=ADVANCED_FACE($,(#4290),#4288,.T.);
#4288=PLANE($,#4289);
#4289=AXIS2_PLACEMENT_3D($,#4150,#244,#199);
#4290=FACE_OUTER_BOUND($,#4291,.T.);
#4291=EDGE_LOOP($,(#4292, #4293, #4294, #4300, #4301, #4295, #4296, #4297, #4298, #4299, #4302, #4303));
#4292=ORIENTED_EDGE('',*,*,#4070,.T.);
#4293=ORIENTED_EDGE('',*,*,#4040,.T.);
#4294=ORIENTED_EDGE('',*,*,#4060,.T.);
#4295=ORIENTED_EDGE('',*,*,#4247,.T.);
#4296=ORIENTED_EDGE('',*,*,#4148,.T.);
#4297=ORIENTED_EDGE('',*,*,#4194,.T.);
#4298=ORIENTED_EDGE('',*,*,#4174,.T.);
#4299=ORIENTED_EDGE('',*,*,#4259,.T.);
#4300=ORIENTED_EDGE('',*,*,#4208,.T.);
#4301=ORIENTED_EDGE('',*,*,#4096,.T.);
#4302=ORIENTED_EDGE('',*,*,#4132,.T.);
#4303=ORIENTED_EDGE('',*,*,#4230,.T.);
#4304=MANIFOLD_SOLID_BREP($,#4305);
#4305=CLOSED_SHELL('',(#4307,#4333,#4353,#4373,#4399,#4425,#4451,#4477,#4491,#4509,#4525,#4543,#4559,#4577));
#4306=STYLED_ITEM('',(#27),#4307);
#4307=ADVANCED_FACE('',(#4311),#4308,.T.);
#4308=PLANE('',#4309);
#4309=AXIS2_PLACEMENT_3D('',#4310,#226,#198);
#4310=CARTESIAN_POINT('',(1.956,4.064,0.8));
#4311=FACE_OUTER_BOUND('',#4312,.T.);
#4312=EDGE_LOOP('',(#4313,#4319,#4324,#4329));
#4313=ORIENTED_EDGE('',*,*,#4314,.F.);
#4314=EDGE_CURVE('',#4315,#4317,#4318,.T.);
#4315=VERTEX_POINT('',#4316);
#4316=CARTESIAN_POINT('',(1.956,3.556,0.8));
#4317=VERTEX_POINT('',#4310);
#4318=LINE('',#4316,#507);
#4319=ORIENTED_EDGE('',*,*,#4320,.F.);
#4320=EDGE_CURVE('',#4321,#4315,#4323,.T.);
#4321=VERTEX_POINT('',#4322);
#4322=CARTESIAN_POINT('',(1.956,3.556,1.054));
#4323=LINE('',#4322,#501);
#4324=ORIENTED_EDGE('',*,*,#4325,.F.);
#4325=EDGE_CURVE('',#4326,#4321,#4328,.T.);
#4326=VERTEX_POINT('',#4327);
#4327=CARTESIAN_POINT('',(1.956,4.064,1.054));
#4328=LINE('',#4327,#495);
#4329=ORIENTED_EDGE('',*,*,#4330,.F.);
#4330=EDGE_CURVE('',#4317,#4326,#4331,.T.);
#4331=LINE('',#4310,#511);
#4332=STYLED_ITEM('',(#27),#4333);
#4333=ADVANCED_FACE('',(#4336),#4334,.T.);
#4334=PLANE('',#4335);
#4335=AXIS2_PLACEMENT_3D('',#4327,#21,#201);
#4336=FACE_OUTER_BOUND('',#4337,.T.);
#4337=EDGE_LOOP('',(#4338,#4339,#4344,#4349));
#4338=ORIENTED_EDGE('',*,*,#4325,.T.);
#4339=ORIENTED_EDGE('',*,*,#4340,.F.);
#4340=EDGE_CURVE('',#4341,#4321,#4343,.T.);
#4341=VERTEX_POINT('',#4342);
#4342=CARTESIAN_POINT('',(2.077,3.556,1.054));
#4343=LINE('',#4342,#557);
#4344=ORIENTED_EDGE('',*,*,#4345,.F.);
#4345=EDGE_CURVE('',#4346,#4341,#4348,.T.);
#4346=VERTEX_POINT('',#4347);
#4347=CARTESIAN_POINT('',(2.077,4.064,1.054));
#4348=LINE('',#4347,#866);
#4349=ORIENTED_EDGE('',*,*,#4350,.F.);
#4350=EDGE_CURVE('',#4326,#4346,#4351,.T.);
#4351=LINE('',#4327,#524);
#4352=STYLED_ITEM('',(#27),#4353);
#4353=ADVANCED_FACE('',(#4356),#4354,.T.);
#4354=PLANE('',#4355);
#4355=AXIS2_PLACEMENT_3D('',#4316,#342,#201);
#4356=FACE_OUTER_BOUND('',#4357,.T.);
#4357=EDGE_LOOP('',(#4358,#4359,#4364,#4369));
#4358=ORIENTED_EDGE('',*,*,#4314,.T.);
#4359=ORIENTED_EDGE('',*,*,#4360,.F.);
#4360=EDGE_CURVE('',#4361,#4317,#4363,.T.);
#4361=VERTEX_POINT('',#4362);
#4362=CARTESIAN_POINT('',(2.077,4.064,0.8));
#4363=LINE('',#4362,#557);
#4364=ORIENTED_EDGE('',*,*,#4365,.F.);
#4365=EDGE_CURVE('',#4366,#4361,#4368,.T.);
#4366=VERTEX_POINT('',#4367);
#4367=CARTESIAN_POINT('',(2.077,3.556,0.8));
#4368=LINE('',#4367,#845);
#4369=ORIENTED_EDGE('',*,*,#4370,.F.);
#4370=EDGE_CURVE('',#4315,#4366,#4371,.T.);
#4371=LINE('',#4316,#524);
#4372=STYLED_ITEM('',(#27),#4373);
#4373=ADVANCED_FACE('',(#4377),#4374,.T.);
#4374=PLANE('',#4375);
#4375=AXIS2_PLACEMENT_3D('',#4376,#2620,#198);
#4376=CARTESIAN_POINT('',(2.631,3.556,0.442));
#4377=FACE_OUTER_BOUND('',#4378,.T.);
#4378=EDGE_LOOP('',(#4379,#4385,#4390,#4395));
#4379=ORIENTED_EDGE('',*,*,#4380,.F.);
#4380=EDGE_CURVE('',#4381,#4383,#4384,.T.);
#4381=VERTEX_POINT('',#4382);
#4382=CARTESIAN_POINT('',(2.631,4.064,0.442));
#4383=VERTEX_POINT('',#4376);
#4384=LINE('',#4382,#2629);
#4385=ORIENTED_EDGE('',*,*,#4386,.F.);
#4386=EDGE_CURVE('',#4387,#4381,#4389,.T.);
#4387=VERTEX_POINT('',#4388);
#4388=CARTESIAN_POINT('',(2.568,4.064,0.678));
#4389=LINE('',#4388,#2635);
#4390=ORIENTED_EDGE('',*,*,#4391,.F.);
#4391=EDGE_CURVE('',#4392,#4387,#4394,.T.);
#4392=VERTEX_POINT('',#4393);
#4393=CARTESIAN_POINT('',(2.568,3.556,0.678));
#4394=LINE('',#4393,#2642);
#4395=ORIENTED_EDGE('',*,*,#4396,.F.);
#4396=EDGE_CURVE('',#4383,#4392,#4397,.T.);
#4397=LINE('',#4376,#2646);
#4398=STYLED_ITEM('',(#27),#4399);
#4399=ADVANCED_FACE('',(#4403),#4400,.T.);
#4400=PLANE('',#4401);
#4401=AXIS2_PLACEMENT_3D('',#4402,#2653,#198);
#4402=CARTESIAN_POINT('',(2.385,4.064,0.377));
#4403=FACE_OUTER_BOUND('',#4404,.T.);
#4404=EDGE_LOOP('',(#4405,#4411,#4416,#4421));
#4405=ORIENTED_EDGE('',*,*,#4406,.F.);
#4406=EDGE_CURVE('',#4407,#4409,#4410,.T.);
#4407=VERTEX_POINT('',#4408);
#4408=CARTESIAN_POINT('',(2.385,3.556,0.377));
#4409=VERTEX_POINT('',#4402);
#4410=LINE('',#4408,#2662);
#4411=ORIENTED_EDGE('',*,*,#4412,.F.);
#4412=EDGE_CURVE('',#4413,#4407,#4415,.T.);
#4413=VERTEX_POINT('',#4414);
#4414=CARTESIAN_POINT('',(2.322,3.556,0.612));
#4415=LINE('',#4414,#2668);
#4416=ORIENTED_EDGE('',*,*,#4417,.F.);
#4417=EDGE_CURVE('',#4418,#4413,#4420,.T.);
#4418=VERTEX_POINT('',#4419);
#4419=CARTESIAN_POINT('',(2.322,4.064,0.612));
#4420=LINE('',#4419,#2674);
#4421=ORIENTED_EDGE('',*,*,#4422,.F.);
#4422=EDGE_CURVE('',#4409,#4418,#4423,.T.);
#4423=LINE('',#4402,#2678);
#4424=STYLED_ITEM('',(#27),#4425);
#4425=ADVANCED_FACE('',(#4429),#4426,.T.);
#4426=PLANE('',#4427);
#4427=AXIS2_PLACEMENT_3D('',#4428,#21,#201);
#4428=CARTESIAN_POINT('',(2.997,3.556,0.254));
#4429=FACE_OUTER_BOUND('',#4430,.T.);
#4430=EDGE_LOOP('',(#4431,#4437,#4442,#4447));
#4431=ORIENTED_EDGE('',*,*,#4432,.F.);
#4432=EDGE_CURVE('',#4433,#4435,#4436,.T.);
#4433=VERTEX_POINT('',#4434);
#4434=CARTESIAN_POINT('',(2.997,4.064,0.254));
#4435=VERTEX_POINT('',#4428);
#4436=LINE('',#4434,#676);
#4437=ORIENTED_EDGE('',*,*,#4438,.F.);
#4438=EDGE_CURVE('',#4439,#4433,#4441,.T.);
#4439=VERTEX_POINT('',#4440);
#4440=CARTESIAN_POINT('',(2.876,4.064,0.254));
#4441=LINE('',#4440,#2697);
#4442=ORIENTED_EDGE('',*,*,#4443,.F.);
#4443=EDGE_CURVE('',#4444,#4439,#4446,.T.);
#4444=VERTEX_POINT('',#4445);
#4445=CARTESIAN_POINT('',(2.876,3.556,0.254));
#4446=LINE('',#4445,#665);
#4447=ORIENTED_EDGE('',*,*,#4448,.F.);
#4448=EDGE_CURVE('',#4435,#4444,#4449,.T.);
#4449=LINE('',#4428,#2706);
#4450=STYLED_ITEM('',(#27),#4451);
#4451=ADVANCED_FACE('',(#4455),#4452,.T.);
#4452=PLANE('',#4453);
#4453=AXIS2_PLACEMENT_3D('',#4454,#342,#201);
#4454=CARTESIAN_POINT('',(2.876,3.556,0.0));
#4455=FACE_OUTER_BOUND('',#4456,.T.);
#4456=EDGE_LOOP('',(#4457,#4463,#4468,#4473));
#4457=ORIENTED_EDGE('',*,*,#4458,.F.);
#4458=EDGE_CURVE('',#4459,#4461,#4462,.T.);
#4459=VERTEX_POINT('',#4460);
#4460=CARTESIAN_POINT('',(2.876,4.064,0.0));
#4461=VERTEX_POINT('',#4454);
#4462=LINE('',#4460,#647);
#4463=ORIENTED_EDGE('',*,*,#4464,.F.);
#4464=EDGE_CURVE('',#4465,#4459,#4467,.T.);
#4465=VERTEX_POINT('',#4466);
#4466=CARTESIAN_POINT('',(2.997,4.064,0.0));
#4467=LINE('',#4466,#2706);
#4468=ORIENTED_EDGE('',*,*,#4469,.F.);
#4469=EDGE_CURVE('',#4470,#4465,#4472,.T.);
#4470=VERTEX_POINT('',#4471);
#4471=CARTESIAN_POINT('',(2.997,3.556,0.0));
#4472=LINE('',#4471,#635);
#4473=ORIENTED_EDGE('',*,*,#4474,.F.);
#4474=EDGE_CURVE('',#4461,#4470,#4475,.T.);
#4475=LINE('',#4454,#2697);
#4476=STYLED_ITEM('',(#27),#4477);
#4477=ADVANCED_FACE('',(#4480),#4478,.T.);
#4478=PLANE('',#4479);
#4479=AXIS2_PLACEMENT_3D('',#4471,#22,#198);
#4480=FACE_OUTER_BOUND('',#4481,.T.);
#4481=EDGE_LOOP('',(#4482,#4483,#4486,#4487));
#4482=ORIENTED_EDGE('',*,*,#4469,.T.);
#4483=ORIENTED_EDGE('',*,*,#4484,.F.);
#4484=EDGE_CURVE('',#4433,#4465,#4485,.T.);
#4485=LINE('',#4434,#501);
#4486=ORIENTED_EDGE('',*,*,#4432,.T.);
#4487=ORIENTED_EDGE('',*,*,#4488,.F.);
#4488=EDGE_CURVE('',#4470,#4435,#4489,.T.);
#4489=LINE('',#4471,#511);
#4490=STYLED_ITEM($,(#27),#4491);
#4491=ADVANCED_FACE($,(#4495),#4492,.T.);
#4492=CYLINDRICAL_SURFACE($,#4493,0.508);
#4493=AXIS2_PLACEMENT_3D($,#4494,#244,#198);
#4494=CARTESIAN_POINT('',(2.077,4.064,0.546));
#4495=FACE_OUTER_BOUND($,#4496,.T.);
#4496=EDGE_LOOP($,(#4501,#4502,#4507,#4497));
#4497=ORIENTED_EDGE('',*,*,#4498,.F.);
#4498=EDGE_CURVE($,#4346,#4387,#4499,.T.);
#4499=CIRCLE($,#4500,0.508);
#4500=AXIS2_PLACEMENT_3D($,#4494,#244,#2758);
#4501=ORIENTED_EDGE('',*,*,#4345,.T.);
#4502=ORIENTED_EDGE('',*,*,#4503,.F.);
#4503=EDGE_CURVE($,#4392,#4341,#4504,.T.);
#4504=CIRCLE($,#4505,0.508);
#4505=AXIS2_PLACEMENT_3D($,#4506,#233,#2765);
#4506=CARTESIAN_POINT('',(2.077,3.556,0.546));
#4507=ORIENTED_EDGE('',*,*,#4391,.T.);
#4508=STYLED_ITEM($,(#27),#4509);
#4509=ADVANCED_FACE($,(#4512),#4510,.F.);
#4510=CYLINDRICAL_SURFACE($,#4511,0.254);
#4511=AXIS2_PLACEMENT_3D($,#4506,#244,#200);
#4512=FACE_OUTER_BOUND($,#4513,.T.);
#4513=EDGE_LOOP($,(#4518,#4519,#4523,#4514));
#4514=ORIENTED_EDGE('',*,*,#4515,.F.);
#4515=EDGE_CURVE($,#4366,#4413,#4516,.T.);
#4516=CIRCLE($,#4517,0.254);
#4517=AXIS2_PLACEMENT_3D($,#4506,#244,#2758);
#4518=ORIENTED_EDGE('',*,*,#4365,.T.);
#4519=ORIENTED_EDGE('',*,*,#4520,.F.);
#4520=EDGE_CURVE($,#4418,#4361,#4521,.T.);
#4521=CIRCLE($,#4522,0.254);
#4522=AXIS2_PLACEMENT_3D($,#4494,#233,#2765);
#4523=ORIENTED_EDGE('',*,*,#4417,.T.);
#4524=STYLED_ITEM($,(#27),#4525);
#4525=ADVANCED_FACE($,(#4529),#4526,.F.);
#4526=CYLINDRICAL_SURFACE($,#4527,0.254);
#4527=AXIS2_PLACEMENT_3D($,#4528,#244,#198);
#4528=CARTESIAN_POINT('',(2.876,3.556,0.508));
#4529=FACE_OUTER_BOUND($,#4530,.T.);
#4530=EDGE_LOOP($,(#4535,#4536,#4541,#4531));
#4531=ORIENTED_EDGE('',*,*,#4532,.F.);
#4532=EDGE_CURVE($,#4444,#4383,#4533,.T.);
#4533=CIRCLE($,#4534,0.254);
#4534=AXIS2_PLACEMENT_3D($,#4528,#244,#2765);
#4535=ORIENTED_EDGE('',*,*,#4443,.T.);
#4536=ORIENTED_EDGE('',*,*,#4537,.F.);
#4537=EDGE_CURVE($,#4381,#4439,#4538,.T.);
#4538=CIRCLE($,#4539,0.254);
#4539=AXIS2_PLACEMENT_3D($,#4540,#233,#2758);
#4540=CARTESIAN_POINT('',(2.876,4.064,0.508));
#4541=ORIENTED_EDGE('',*,*,#4380,.T.);
#4542=STYLED_ITEM($,(#27),#4543);
#4543=ADVANCED_FACE($,(#4546),#4544,.T.);
#4544=CYLINDRICAL_SURFACE($,#4545,0.508);
#4545=AXIS2_PLACEMENT_3D($,#4528,#244,#200);
#4546=FACE_OUTER_BOUND($,#4547,.T.);
#4547=EDGE_LOOP($,(#4552,#4553,#4557,#4548));
#4548=ORIENTED_EDGE('',*,*,#4549,.F.);
#4549=EDGE_CURVE($,#4459,#4409,#4550,.T.);
#4550=CIRCLE($,#4551,0.508);
#4551=AXIS2_PLACEMENT_3D($,#4540,#244,#2765);
#4552=ORIENTED_EDGE('',*,*,#4458,.T.);
#4553=ORIENTED_EDGE('',*,*,#4554,.F.);
#4554=EDGE_CURVE($,#4407,#4461,#4555,.T.);
#4555=CIRCLE($,#4556,0.508);
#4556=AXIS2_PLACEMENT_3D($,#4528,#233,#2758);
#4557=ORIENTED_EDGE('',*,*,#4406,.T.);
#4558=STYLED_ITEM('color',(#27),#4559);
#4559=ADVANCED_FACE($,(#4562),#4560,.T.);
#4560=PLANE($,#4561);
#4561=AXIS2_PLACEMENT_3D($,#4316,#233,#199);
#4562=FACE_OUTER_BOUND($,#4563,.T.);
#4563=EDGE_LOOP($,(#4564, #4565, #4566, #4572, #4573, #4567, #4568, #4569, #4570, #4571, #4574, #4575));
#4564=ORIENTED_EDGE('',*,*,#4340,.T.);
#4565=ORIENTED_EDGE('',*,*,#4320,.T.);
#4566=ORIENTED_EDGE('',*,*,#4370,.T.);
#4567=ORIENTED_EDGE('',*,*,#4554,.T.);
#4568=ORIENTED_EDGE('',*,*,#4474,.T.);
#4569=ORIENTED_EDGE('',*,*,#4488,.T.);
#4570=ORIENTED_EDGE('',*,*,#4448,.T.);
#4571=ORIENTED_EDGE('',*,*,#4532,.T.);
#4572=ORIENTED_EDGE('',*,*,#4515,.T.);
#4573=ORIENTED_EDGE('',*,*,#4412,.T.);
#4574=ORIENTED_EDGE('',*,*,#4396,.T.);
#4575=ORIENTED_EDGE('',*,*,#4503,.T.);
#4576=STYLED_ITEM('color',(#27),#4577);
#4577=ADVANCED_FACE($,(#4580),#4578,.T.);
#4578=PLANE($,#4579);
#4579=AXIS2_PLACEMENT_3D($,#4440,#244,#199);
#4580=FACE_OUTER_BOUND($,#4581,.T.);
#4581=EDGE_LOOP($,(#4582, #4583, #4584, #4590, #4591, #4585, #4586, #4587, #4588, #4589, #4592, #4593));
#4582=ORIENTED_EDGE('',*,*,#4360,.T.);
#4583=ORIENTED_EDGE('',*,*,#4330,.T.);
#4584=ORIENTED_EDGE('',*,*,#4350,.T.);
#4585=ORIENTED_EDGE('',*,*,#4537,.T.);
#4586=ORIENTED_EDGE('',*,*,#4438,.T.);
#4587=ORIENTED_EDGE('',*,*,#4484,.T.);
#4588=ORIENTED_EDGE('',*,*,#4464,.T.);
#4589=ORIENTED_EDGE('',*,*,#4549,.T.);
#4590=ORIENTED_EDGE('',*,*,#4498,.T.);
#4591=ORIENTED_EDGE('',*,*,#4386,.T.);
#4592=ORIENTED_EDGE('',*,*,#4422,.T.);
#4593=ORIENTED_EDGE('',*,*,#4520,.T.);
ENDSEC;
END-ISO-10303-21;
