ISO-10303-21;
HEADER;
FILE_DESCRIPTION (( 'STEP AP214' ),
'1' );
FILE_NAME ('ESP32-S3-WROOM-1-N8R2.STEP',
'2022-03-08T16:59:42',
( '' ),
( '' ),
'SwSTEP 2.0',
'SolidWorks 2017',
'' );
FILE_SCHEMA (( 'AUTOMOTIVE_DESIGN' ));
ENDSEC;
DATA;
#1=EDGE_LOOP ( 'NONE', ( #13785, #10684, #9086, #13735 ) );
#2=DIRECTION ( 'NONE',  ( 0.0000000000000000000, -0.0000000000000000000, -1.000000000000000000 ) );
#3=CARTESIAN_POINT ( 'NONE',  ( -9.000000000000000000, 0.0000000000000000000, 12.74999999999999800 ) );
#4=VECTOR ( 'NONE', #12, 1000.000000000000000 );
#5=LINE ( 'NONE', #886, #205 );
#6=CARTESIAN_POINT ( 'NONE',  ( 8.150000000000170900, 0.05000000000000000300, 1.909999999999995000 ) );
#7=( LENGTH_UNIT ( ) NAMED_UNIT ( * ) SI_UNIT ( .MILLI., .METRE. ) );
#8=CARTESIAN_POINT ( 'NONE',  ( 8.150000000000170900, 0.05000000000000000300, 10.42999999999999600 ) );
#9=CARTESIAN_POINT ( 'NONE',  ( 0.0000000000000000000, 0.8000000000000000400, 10.42999999999999400 ) );
#10=VECTOR ( 'NONE', #14, 1000.000000000000000 );
#11=CARTESIAN_POINT ( 'NONE',  ( 0.3499999999999998100, 0.05000000000000000300, 2.010000000000018000 ) );
#12=DIRECTION ( 'NONE',  ( -0.0000000000000000000, -1.000000000000000000, -0.0000000000000000000 ) );
#13=PLANE ( 'NONE',  #1488 );
#14=DIRECTION ( 'NONE',  ( -0.0000000000000000000, -0.0000000000000000000, 1.000000000000000000 ) );
#15=DIRECTION ( 'NONE',  ( 0.0000000000000000000, 0.0000000000000000000, -1.000000000000000000 ) );
#16=( NAMED_UNIT ( * ) SI_UNIT ( $, .STERADIAN. ) SOLID_ANGLE_UNIT ( ) );
#17=ORIENTED_EDGE ( 'NONE', *, *, #9058, .T. );
#18=CARTESIAN_POINT ( 'NONE',  ( 9.000000000000145700, 0.8000000000000000400, 9.159999999999998400 ) );
#19=DIRECTION ( 'NONE',  ( -0.0000000000000000000, 0.0000000000000000000, 1.000000000000000000 ) );
#20=EDGE_LOOP ( 'NONE', ( #7197, #9506, #1158, #10992 ) );
#21=DIRECTION ( 'NONE',  ( 0.0000000000000000000, 1.000000000000000000, -0.0000000000000000000 ) );
#22=LINE ( 'NONE', #7680, #209 );
#23=DIRECTION ( 'NONE',  ( 1.107270303814983500E-015, 0.0000000000000000000, -1.000000000000000000 ) );
#24=EDGE_CURVE ( 'NONE', #7544, #12745, #11040, .T. );
#25=VERTEX_POINT ( 'NONE', #3298 );
#26=EDGE_CURVE ( 'NONE', #13920, #6530, #13762, .T. );
#27=CIRCLE ( 'NONE', #1597, 0.05080000000000015100 );
#28=EDGE_CURVE ( 'NONE', #7478, #3104, #605, .T. );
#29=FACE_OUTER_BOUND ( 'NONE', #5155, .T. );
#30=PLANE ( 'NONE',  #7001 );
#31=DIRECTION ( 'NONE',  ( 0.0000000000000000000, 0.0000000000000000000, 1.000000000000000000 ) );
#32=AXIS2_PLACEMENT_3D ( 'NONE', #475, #65, #2 );
#33=LINE ( 'NONE', #12886, #327 );
#34=CARTESIAN_POINT ( 'NONE',  ( -5.264999999999997900, -1.006230589874914900, 12.74999999999999800 ) );
#35=PLANE ( 'NONE',  #2350 );
#36=VECTOR ( 'NONE', #250, 1000.000000000000000 );
#37=ORIENTED_EDGE ( 'NONE', *, *, #1596, .T. );
#38=EDGE_CURVE ( 'NONE', #10651, #5086, #2145, .T. );
#39=ORIENTED_EDGE ( 'NONE', *, *, #11319, .T. );
#40=PLANE ( 'NONE',  #482 );
#41=FACE_OUTER_BOUND ( 'NONE', #2232, .T. );
#42=ORIENTED_EDGE ( 'NONE', *, *, #5597, .F. );
#43=PLANE ( 'NONE',  #9924 );
#44=LINE ( 'NONE', #10615, #45 );
#45=VECTOR ( 'NONE', #15, 1000.000000000000000 );
#46=ORIENTED_EDGE ( 'NONE', *, *, #5279, .F. );
#47=CARTESIAN_POINT ( 'NONE',  ( -8.999999999999934300, 0.0000000000000000000, 1.364999999999992400 ) );
#48=ADVANCED_FACE ( 'NONE', ( #9106 ), #3190, .F. );
#49=PLANE ( 'NONE',  #166 );
#50=EDGE_CURVE ( 'NONE', #2277, #12310, #8432, .T. );
#51=FACE_OUTER_BOUND ( 'NONE', #8576, .T. );
#52=CARTESIAN_POINT ( 'NONE',  ( -8.549999999999892400, 0.0000000000000000000, 4.449999999999995700 ) );
#53=ADVANCED_FACE ( 'NONE', ( #1317 ), #49, .T. );
#54=LINE ( 'NONE', #7034, #209 );
#55=ORIENTED_EDGE ( 'NONE', *, *, #7799, .F. );
#56=CARTESIAN_POINT ( 'NONE',  ( 8.150000000000170900, 0.05000000000000000300, 5.349999999999997000 ) );
#57=ORIENTED_EDGE ( 'NONE', *, *, #10509, .T. );
#58=EDGE_CURVE ( 'NONE', #9608, #3945, #5846, .T. );
#59=CARTESIAN_POINT ( 'NONE',  ( 0.0000000000000000000, 0.8000000000000000400, 12.74999999999999800 ) );
#60=CARTESIAN_POINT ( 'NONE',  ( 0.0000000000000000000, 0.0000000000000000000, 1.539999999999997100 ) );
#61=FACE_OUTER_BOUND ( 'NONE', #12874, .T. );
#62=DIRECTION ( 'NONE',  ( -1.000000000000000000, -0.0000000000000000000, -0.0000000000000000000 ) );
#63=EDGE_CURVE ( 'NONE', #2593, #7048, #8275, .T. );
#64=FILL_AREA_STYLE_COLOUR ( '', #138 );
#65=DIRECTION ( 'NONE',  ( 0.0000000000000000000, -1.000000000000000000, 0.0000000000000000000 ) );
#66=ORIENTED_EDGE ( 'NONE', *, *, #13960, .F. );
#67=AXIS2_PLACEMENT_3D ( 'NONE', #572, #21, #31 );
#68=VERTEX_POINT ( 'NONE', #836 );
#69=MECHANICAL_DESIGN_GEOMETRIC_PRESENTATION_REPRESENTATION (  '', ( #1955 ), #3964 );
#70=FACE_OUTER_BOUND ( 'NONE', #6620, .T. );
#71=AXIS2_PLACEMENT_3D ( 'NONE', #2849, #214, #15 );
#72=ORIENTED_EDGE ( 'NONE', *, *, #14057, .F. );
#73=VERTEX_POINT ( 'NONE', #714 );
#74=DIRECTION ( 'NONE',  ( -0.0000000000000000000, -0.0000000000000000000, -1.000000000000000000 ) );
#75=ORIENTED_EDGE ( 'NONE', *, *, #948, .T. );
#76=CARTESIAN_POINT ( 'NONE',  ( 1.455000000000000500, 0.05000000000000000300, 12.29999999999999700 ) );
#77=PRESENTATION_STYLE_ASSIGNMENT (( #338 ) );
#78=EDGE_LOOP ( 'NONE', ( #4349, #7096, #564, #8752 ) );
#79=ORIENTED_EDGE ( 'NONE', *, *, #5500, .T. );
#80=CARTESIAN_POINT ( 'NONE',  ( -2.449999999999998800, 0.05000000000000000300, 2.009999999999998500 ) );
#81=LINE ( 'NONE', #159, #10 );
#82=CARTESIAN_POINT ( 'NONE',  ( 2.599999999999999600, 0.7500000000000000000, -11.44999999999999900 ) );
#83=VERTEX_POINT ( 'NONE', #3525 );
#84=ADVANCED_FACE ( 'NONE', ( #5045 ), #49, .T. );
#85=ORIENTED_EDGE ( 'NONE', *, *, #3633, .T. );
#86=CARTESIAN_POINT ( 'NONE',  ( -8.549999999999824900, 0.0000000000000000000, 10.79999999999999500 ) );
#87=ORIENTED_EDGE ( 'NONE', *, *, #154, .F. );
#88=CARTESIAN_POINT ( 'NONE',  ( -7.434999999999999600, 0.0000000000000000000, 12.74999999999999800 ) );
#89=LINE ( 'NONE', #1645, #10 );
#90=FILL_AREA_STYLE_COLOUR ( '', #6925 );
#91=PRESENTATION_LAYER_ASSIGNMENT (  '', '', ( #7867 ) );
#92=EDGE_CURVE ( 'NONE', #5712, #6272, #10547, .T. );
#93=VECTOR ( 'NONE', #95, 1000.000000000000000 );
#94=EDGE_CURVE ( 'NONE', #9386, #6593, #12162, .T. );
#95=DIRECTION ( 'NONE',  ( -1.000000000000000000, 0.0000000000000000000, 0.0000000000000000000 ) );
#96=ORIENTED_EDGE ( 'NONE', *, *, #7345, .F. );
#97=EDGE_CURVE ( 'NONE', #5831, #7549, #1934, .T. );
#98=VERTEX_POINT ( 'NONE', #2244 );
#99=CLOSED_SHELL ( 'NONE', ( #11931, #12940, #6237, #6062, #8303, #12774, #10679, #7011, #3371, #8919 ) );
#100=FACE_OUTER_BOUND ( 'NONE', #14465, .T. );
#101=LINE ( 'NONE', #1453, #1671 );
#102=ORIENTED_EDGE ( 'NONE', *, *, #929, .F. );
#103=FACE_OUTER_BOUND ( 'NONE', #7704, .T. );
#104=ORIENTED_EDGE ( 'NONE', *, *, #2995, .F. );
#105=VERTEX_POINT ( 'NONE', #8302 );
#106=ORIENTED_EDGE ( 'NONE', *, *, #13844, .F. );
#107=ORIENTED_EDGE ( 'NONE', *, *, #13386, .T. );
#108=ADVANCED_FACE ( 'NONE', ( #1516 ), #9226, .T. );
#109=LINE ( 'NONE', #1339, #327 );
#110=VECTOR ( 'NONE', #62, 1000.000000000000000 );
#111=CARTESIAN_POINT ( 'NONE',  ( 9.000000000000158100, -1.006230589874914900, 10.25500000000010200 ) );
#112=CARTESIAN_POINT ( 'NONE',  ( 0.3499999999999998100, 0.05000000000000000300, 3.410000000000016600 ) );
#113=ORIENTED_EDGE ( 'NONE', *, *, #5354, .T. );
#114=ORIENTED_EDGE ( 'NONE', *, *, #1001, .F. );
#115=LINE ( 'NONE', #277, #416 );
#116=LINE ( 'NONE', #8486, #209 );
#117=PLANE ( 'NONE',  #11956 );
#118=EDGE_LOOP ( 'NONE', ( #3119, #5648, #10155, #10720, #13044, #2877 ) );
#119=EDGE_CURVE ( 'NONE', #5304, #3601, #12721, .T. );
#120=CARTESIAN_POINT ( 'NONE',  ( -0.5500000000000018200, 0.05000000000000000300, 3.410000000000008600 ) );
#121=EDGE_CURVE ( 'NONE', #4873, #7309, #648, .T. );
#122=ORIENTED_EDGE ( 'NONE', *, *, #947, .T. );
#123=ORIENTED_EDGE ( 'NONE', *, *, #330, .T. );
#124=EDGE_CURVE ( 'NONE', #1672, #7475, #2126, .T. );
#125=ORIENTED_EDGE ( 'NONE', *, *, #12780, .F. );
#126=VERTEX_POINT ( 'NONE', #9501 );
#127=EDGE_CURVE ( 'NONE', #4422, #11343, #9420, .T. );
#128=CARTESIAN_POINT ( 'NONE',  ( -8.999999999999973400, 0.8000000000000000400, -3.170000000000003900 ) );
#129=CARTESIAN_POINT ( 'NONE',  ( -1.950000000000001300, 0.0000000000000000000, 0.6100000000000009900 ) );
#130=LINE ( 'NONE', #9932, #184 );
#131=CARTESIAN_POINT ( 'NONE',  ( 0.0000000000000000000, 0.8000000000000000400, 1.539999999999997100 ) );
#132=CARTESIAN_POINT ( 'NONE',  ( -8.150000000000057200, 0.0000000000000000000, 10.79999999999999500 ) );
#133=CARTESIAN_POINT ( 'NONE',  ( 0.0000000000000000000, -1.006230589874914900, 12.74999999999999800 ) );
#134=CARTESIAN_POINT ( 'NONE',  ( -1.950000000000001300, 0.05000000000000000300, 3.409999999999998400 ) );
#135=DIRECTION ( 'NONE',  ( 1.000000000000000000, 0.0000000000000000000, 0.0000000000000000000 ) );
#136=CARTESIAN_POINT ( 'NONE',  ( -8.550000000000007800, 0.05000000000000000300, -3.170000000000004800 ) );
#137=ORIENTED_EDGE ( 'NONE', *, *, #14261, .F. );
#138=COLOUR_RGB ( '',1.000000000000000000, 0.8117647058823529400, 0.5019607843137254800 );
#139=LINE ( 'NONE', #596, #205 );
#140=LINE ( 'NONE', #4048, #10 );
#141=VERTEX_POINT ( 'NONE', #2520 );
#142=FACE_OUTER_BOUND ( 'NONE', #12855, .T. );
#143=ORIENTED_EDGE ( 'NONE', *, *, #12303, .T. );
#144=ORIENTED_EDGE ( 'NONE', *, *, #2749, .T. );
#145=CARTESIAN_POINT ( 'NONE',  ( -0.9099999999999979200, 0.8000000000000000400, 12.74999999999999800 ) );
#146=ORIENTED_EDGE ( 'NONE', *, *, #4338, .T. );
#147=ORIENTED_EDGE ( 'NONE', *, *, #8466, .F. );
#148=VERTEX_POINT ( 'NONE', #8377 );
#149=CARTESIAN_POINT ( 'NONE',  ( 0.0000000000000000000, 0.05000000000000000300, 0.0000000000000000000 ) );
#150=LINE ( 'NONE', #10367, #205 );
#151=EDGE_CURVE ( 'NONE', #11404, #13764, #8908, .T. );
#152=LINE ( 'NONE', #2017, #10 );
#153=PLANE ( 'NONE',  #12808 );
#154=EDGE_CURVE ( 'NONE', #3493, #4718, #13024, .T. );
#155=PLANE ( 'NONE',  #1104 );
#156=CARTESIAN_POINT ( 'NONE',  ( 0.0000000000000000000, 0.8000000000000000400, -4.440000000000004800 ) );
#157=VERTEX_POINT ( 'NONE', #9542 );
#158=EDGE_CURVE ( 'NONE', #13011, #13566, #7552, .T. );
#159=CARTESIAN_POINT ( 'NONE',  ( -9.000000000000000000, 0.8000000000000000400, 12.74999999999999800 ) );
#160=PLANE ( 'NONE',  #12192 );
#161=CARTESIAN_POINT ( 'NONE',  ( 9.000000000000053300, -1.006230589874914900, -0.6300000000000046700 ) );
#162=LINE ( 'NONE', #1751, #209 );
#163=CARTESIAN_POINT ( 'NONE',  ( -8.999999999999854300, 0.8000000000000000400, 8.259999999999996200 ) );
#164=ORIENTED_EDGE ( 'NONE', *, *, #12245, .T. );
#165=SURFACE_SIDE_STYLE ('',( #1204 ) );
#166=AXIS2_PLACEMENT_3D ( 'NONE', #149, #65, #2 );
#167=ORIENTED_EDGE ( 'NONE', *, *, #7523, .F. );
#168=ADVANCED_FACE ( 'NONE', ( #9592 ), #959, .F. );
#169=ORIENTED_EDGE ( 'NONE', *, *, #13843, .T. );
#170=CARTESIAN_POINT ( 'NONE',  ( -8.999999999999920100, -1.006230589874914900, 0.0000000000000000000 ) );
#171=EDGE_CURVE ( 'NONE', #5197, #5694, #2738, .T. );
#172=ORIENTED_EDGE ( 'NONE', *, *, #3334, .T. );
#173=EDGE_LOOP ( 'NONE', ( #3237, #12391, #9467, #6406 ) );
#174=ORIENTED_EDGE ( 'NONE', *, *, #14488, .T. );
#175=EDGE_LOOP ( 'NONE', ( #12022, #10416, #595, #7769, #5887, #7985 ) );
#176=LINE ( 'NONE', #1216, #45 );
#177=ORIENTED_EDGE ( 'NONE', *, *, #1359, .T. );
#178=UNCERTAINTY_MEASURE_WITH_UNIT (LENGTH_MEASURE( 1.000000000000000100E-005 ), #7, 'distance_accuracy_value', 'NONE');
#179=PLANE ( 'NONE',  #2295 );
#180=CARTESIAN_POINT ( 'NONE',  ( 8.550000000000023800, -1.006230589874914900, -3.170000000000004800 ) );
#181=EDGE_LOOP ( 'NONE', ( #2415, #6004, #10967, #5775 ) );
#182=CARTESIAN_POINT ( 'NONE',  ( -8.999999999999934300, -1.006230589874914900, 1.539999999999997100 ) );
#183=VERTEX_POINT ( 'NONE', #3529 );
#184=VECTOR ( 'NONE', #31, 1000.000000000000000 );
#185=CARTESIAN_POINT ( 'NONE',  ( -8.999999999999879200, 0.8000000000000000400, 0.0000000000000000000 ) );
#186=ORIENTED_EDGE ( 'NONE', *, *, #3409, .T. );
#187=LINE ( 'NONE', #1157, #205 );
#188=LINE ( 'NONE', #3446, #4 );
#189=ORIENTED_EDGE ( 'NONE', *, *, #1301, .F. );
#190=CARTESIAN_POINT ( 'NONE',  ( 1.799999999999999600, 0.7500000000000000000, -9.900000000000000400 ) );
#191=ORIENTED_EDGE ( 'NONE', *, *, #6569, .F. );
#192=CARTESIAN_POINT ( 'NONE',  ( -0.1849999999999976700, 0.0000000000000000000, 12.74999999999999800 ) );
#193=ADVANCED_FACE ( 'NONE', ( #5215 ), #685, .T. );
#194=ORIENTED_EDGE ( 'NONE', *, *, #12606, .T. );
#195=( NAMED_UNIT ( * ) PLANE_ANGLE_UNIT ( ) SI_UNIT ( $, .RADIAN. ) );
#196=EDGE_CURVE ( 'NONE', #6699, #13496, #11366, .T. );
#197=ORIENTED_EDGE ( 'NONE', *, *, #1972, .F. );
#198=ORIENTED_EDGE ( 'NONE', *, *, #2169, .F. );
#199=ADVANCED_FACE ( 'NONE', ( #9256 ), #6214, .T. );
#200=FACE_BOUND ( 'NONE', #3269, .T. );
#201=VERTEX_POINT ( 'NONE', #2628 );
#202=CARTESIAN_POINT ( 'NONE',  ( 0.0000000000000000000, 0.8000000000000000400, 9.159999999999998400 ) );
#203=ORIENTED_EDGE ( 'NONE', *, *, #11348, .T. );
#204=EDGE_CURVE ( 'NONE', #4164, #1764, #8260, .T. );
#205=VECTOR ( 'NONE', #135, 1000.000000000000000 );
#206=CARTESIAN_POINT ( 'NONE',  ( -2.449999999999998800, 0.05000000000000000300, 0.6099999999999994300 ) );
#207=EDGE_LOOP ( 'NONE', ( #10657, #9807, #4947, #2146, #5240, #10625 ) );
#208=AXIS2_PLACEMENT_3D ( 'NONE', #1495, #19, #135 );
#209=VECTOR ( 'NONE', #214, 1000.000000000000000 );
#210=ORIENTED_EDGE ( 'NONE', *, *, #11835, .F. );
#211=CIRCLE ( 'NONE', #3961, 0.2749999999999996300 );
#212=FACE_OUTER_BOUND ( 'NONE', #4082, .T. );
#213=ORIENTED_EDGE ( 'NONE', *, *, #3279, .T. );
#214=DIRECTION ( 'NONE',  ( -0.0000000000000000000, 1.000000000000000000, -0.0000000000000000000 ) );
#215=DIRECTION ( 'NONE',  ( 1.000000000000000000, -0.0000000000000000000, 0.0000000000000000000 ) );
#216=ORIENTED_EDGE ( 'NONE', *, *, #3313, .F. );
#217=ORIENTED_EDGE ( 'NONE', *, *, #13457, .F. );
#218=CARTESIAN_POINT ( 'NONE',  ( 0.0000000000000000000, 0.8000000000000000400, 6.989999999999989600 ) );
#219=ADVANCED_FACE ( 'NONE', ( #7220 ), #4118, .F. );
#220=FACE_OUTER_BOUND ( 'NONE', #12939, .T. );
#221=CARTESIAN_POINT ( 'NONE',  ( -6.710000000000000900, 0.8000000000000000400, 12.74999999999999800 ) );
#222=EDGE_CURVE ( 'NONE', #8400, #4867, #2566, .T. );
#223=ORIENTED_EDGE ( 'NONE', *, *, #10546, .F. );
#224=CARTESIAN_POINT ( 'NONE',  ( 0.0000000000000000000, 0.0000000000000000000, 10.79999999999998800 ) );
#225=DIRECTION ( 'NONE',  ( 1.000000000000000000, 0.0000000000000000000, 1.927470528863115800E-015 ) );
#226=CARTESIAN_POINT ( 'NONE',  ( 0.1999999999999987900, 0.7500000000000000000, -12.25000000000000000 ) );
#227=EDGE_CURVE ( 'NONE', #8451, #8964, #9743, .T. );
#228=ORIENTED_EDGE ( 'NONE', *, *, #8434, .F. );
#229=VECTOR ( 'NONE', #225, 1000.000000000000000 );
#230=CYLINDRICAL_SURFACE ( 'NONE', #12951, 0.2750000000001067700 );
#231=VERTEX_POINT ( 'NONE', #192 );
#232=STYLED_ITEM ( 'NONE', ( #77 ), #10938 );
#233=PLANE ( 'NONE',  #32 );
#234=DIRECTION ( 'NONE',  ( 1.927470528863116600E-015, 0.0000000000000000000, -1.000000000000000000 ) );
#235=ORIENTED_EDGE ( 'NONE', *, *, #12390, .F. );
#236=CARTESIAN_POINT ( 'NONE',  ( -4.600000000000000500, 0.7500000000000000000, -12.25000000000000000 ) );
#237=CARTESIAN_POINT ( 'NONE',  ( -1.050000000000000500, 0.05000000000000000300, 1.510000000000008700 ) );
#238=PLANE ( 'NONE',  #3386 );
#239=VERTEX_POINT ( 'NONE', #11477 );
#240=CARTESIAN_POINT ( 'NONE',  ( 8.550000000000169500, 0.05000000000000000300, 9.159999999999998400 ) );
#241=PLANE ( 'NONE',  #12420 );
#242=FACE_OUTER_BOUND ( 'NONE', #3296, .T. );
#243=VERTEX_POINT ( 'NONE', #622 );
#244=LINE ( 'NONE', #5780, #36 );
#245=FACE_OUTER_BOUND ( 'NONE', #2807, .T. );
#246=VERTEX_POINT ( 'NONE', #4048 );
#247=ORIENTED_EDGE ( 'NONE', *, *, #7388, .T. );
#248=EDGE_LOOP ( 'NONE', ( #9862, #4631, #17, #8868 ) );
#249=ORIENTED_EDGE ( 'NONE', *, *, #7989, .F. );
#250=DIRECTION ( 'NONE',  ( 0.0000000000000000000, 1.000000000000000000, 0.0000000000000000000 ) );
#251=EDGE_CURVE ( 'NONE', #6702, #4302, #11668, .T. );
#252=ORIENTED_EDGE ( 'NONE', *, *, #14273, .T. );
#253=EDGE_CURVE ( 'NONE', #11217, #1936, #14324, .T. );
#254=PLANE ( 'NONE',  #4887 );
#255=LINE ( 'NONE', #13937, #205 );
#256=EDGE_CURVE ( 'NONE', #8804, #8940, #11028, .T. );
#257=CARTESIAN_POINT ( 'NONE',  ( 7.435000000000003200, 0.0000000000000000000, 12.74999999999999800 ) );
#258=FACE_OUTER_BOUND ( 'NONE', #14224, .T. );
#259=EDGE_CURVE ( 'NONE', #6704, #8659, #4623, .T. );
#260=ORIENTED_EDGE ( 'NONE', *, *, #4460, .T. );
#261=CARTESIAN_POINT ( 'NONE',  ( -8.999999999999825900, 0.0000000000000000000, 11.69999999999999600 ) );
#262=LINE ( 'NONE', #11571, #36 );
#263=VERTEX_POINT ( 'NONE', #272 );
#264=ORIENTED_EDGE ( 'NONE', *, *, #11419, .T. );
#265=ORIENTED_EDGE ( 'NONE', *, *, #2816, .F. );
#266=LINE ( 'NONE', #1069, #36 );
#267=ORIENTED_EDGE ( 'NONE', *, *, #3129, .F. );
#268=VERTEX_POINT ( 'NONE', #4055 );
#269=VERTEX_POINT ( 'NONE', #206 );
#270=DIRECTION ( 'NONE',  ( -1.000000000000000000, 0.0000000000000000000, -3.854941057726231600E-015 ) );
#271=CARTESIAN_POINT ( 'NONE',  ( 9.000000000000024900, 0.8000000000000000400, -2.270000000000004000 ) );
#272=CARTESIAN_POINT ( 'NONE',  ( -2.354999999999999500, 0.0000000000000000000, 12.74999999999999800 ) );
#273=ADVANCED_FACE ( 'NONE', ( #4112, #3716, #2342, #10699, #1094, #200, #12125, #5385, #6327, #5563 ), #233, .T. );
#274=CARTESIAN_POINT ( 'NONE',  ( -7.529289321881346800, 2.999200000000000500, -5.900000000000000400 ) );
#275=PLANE ( 'NONE',  #208 );
#276=CARTESIAN_POINT ( 'NONE',  ( 8.150000000000170900, 0.0000000000000000000, 3.179999999999995300 ) );
#277=CARTESIAN_POINT ( 'NONE',  ( -8.999999999999944900, 0.0000000000000000000, -0.6300000000000037800 ) );
#278=ORIENTED_EDGE ( 'NONE', *, *, #8250, .F. );
#279=PLANE ( 'NONE',  #13867 );
#280=FACE_OUTER_BOUND ( 'NONE', #4343, .T. );
#281=EDGE_CURVE ( 'NONE', #662, #7528, #6494, .T. );
#282=EDGE_CURVE ( 'NONE', #8503, #7561, #14199, .T. );
#283=LINE ( 'NONE', #5109, #184 );
#284=CARTESIAN_POINT ( 'NONE',  ( -8.150000000000057200, 0.0000000000000000000, 11.69999999999999800 ) );
#285=EDGE_CURVE ( 'NONE', #3656, #12154, #5557, .T. );
#286=AXIS2_PLACEMENT_3D ( 'NONE', #7224, #215, #15 );
#287=FACE_OUTER_BOUND ( 'NONE', #12267, .T. );
#288=ORIENTED_EDGE ( 'NONE', *, *, #13886, .T. );
#289=ORIENTED_EDGE ( 'NONE', *, *, #1802, .F. );
#290=CARTESIAN_POINT ( 'NONE',  ( 6.799999999999998900, 0.7500000000000000000, -6.750000000000000900 ) );
#291=CARTESIAN_POINT ( 'NONE',  ( -8.999999999999959100, -1.006230589874914900, 0.0000000000000000000 ) );
#292=AXIS2_PLACEMENT_3D ( 'NONE', #10370, #95, #31 );
#293=ADVANCED_FACE ( 'NONE', ( #5941 ), #2728, .F. );
#294=VERTEX_POINT ( 'NONE', #47 );
#295=ADVANCED_FACE ( 'NONE', ( #13610 ), #6724, .T. );
#296=CARTESIAN_POINT ( 'NONE',  ( 0.3499999999999989800, 0.05000000000000000300, 1.510000000000018400 ) );
#297=LINE ( 'NONE', #3199, #205 );
#298=CARTESIAN_POINT ( 'NONE',  ( 0.0000000000000000000, 0.8000000000000000400, -4.810000000000003200 ) );
#299=CARTESIAN_POINT ( 'NONE',  ( 8.150000000000170900, 0.0000000000000000000, 2.809999999999996500 ) );
#300=LINE ( 'NONE', #444, #4 );
#301=VECTOR ( 'NONE', #2333, 1000.000000000000000 );
#302=ORIENTED_EDGE ( 'NONE', *, *, #5138, .F. );
#303=EDGE_CURVE ( 'NONE', #10041, #3752, #2923, .T. );
#304=ORIENTED_EDGE ( 'NONE', *, *, #10621, .F. );
#305=CARTESIAN_POINT ( 'NONE',  ( 7.729289321881345200, 2.999200000000000500, -5.649200000000004000 ) );
#306=EDGE_CURVE ( 'NONE', #3532, #6503, #8420, .T. );
#307=AXIS2_PLACEMENT_3D ( 'NONE', #3398, #4097, #1533 );
#308=ORIENTED_EDGE ( 'NONE', *, *, #5886, .T. );
#309=PLANE ( 'NONE',  #1470 );
#310=CARTESIAN_POINT ( 'NONE',  ( -8.150000000000012800, -0.0000000000000000000, -1.000000000000003600 ) );
#311=ADVANCED_FACE ( 'NONE', ( #5738 ), #1836, .F. );
#312=VERTEX_POINT ( 'NONE', #4325 );
#313=EDGE_CURVE ( 'NONE', #4122, #7153, #3703, .T. );
#314=ORIENTED_EDGE ( 'NONE', *, *, #2527, .F. );
#315=CARTESIAN_POINT ( 'NONE',  ( 6.799999999999998900, 0.7500000000000000000, -12.25000000000000200 ) );
#316=ORIENTED_EDGE ( 'NONE', *, *, #1914, .T. );
#317=CARTESIAN_POINT ( 'NONE',  ( 0.1850000000000002800, 0.0000000000000000000, 11.90000000000017100 ) );
#318=AXIS2_PLACEMENT_3D ( 'NONE', #159, #15, #575 );
#319=FILL_AREA_STYLE ('',( #64 ) );
#320=ORIENTED_EDGE ( 'NONE', *, *, #607, .F. );
#321=CARTESIAN_POINT ( 'NONE',  ( 8.150000000000170900, 0.05000000000000000300, -0.6300000000000046700 ) );
#322=ORIENTED_EDGE ( 'NONE', *, *, #531, .F. );
#323=CARTESIAN_POINT ( 'NONE',  ( 4.170000000000003500, -1.006230589874914900, 12.74999999999999800 ) );
#324=LINE ( 'NONE', #2578, #327 );
#325=EDGE_LOOP ( 'NONE', ( #9389, #4617, #12482, #11932, #9053, #9460 ) );
#326=ORIENTED_EDGE ( 'NONE', *, *, #1218, .T. );
#327=VECTOR ( 'NONE', #215, 1000.000000000000000 );
#328=FACE_OUTER_BOUND ( 'NONE', #627, .T. );
#329=LINE ( 'NONE', #805, #205 );
#330=EDGE_CURVE ( 'NONE', #12193, #8451, #4477, .T. );
#331=CARTESIAN_POINT ( 'NONE',  ( 8.150000000000170900, 0.05000000000000000300, 9.159999999999998400 ) );
#332=EDGE_CURVE ( 'NONE', #7903, #12111, #618, .T. );
#333=CARTESIAN_POINT ( 'NONE',  ( 8.150000000000170900, 0.05000000000000000300, 2.809999999999996500 ) );
#334=CARTESIAN_POINT ( 'NONE',  ( 3.995000000000001000, 0.04999999999999991300, 12.29999999999999700 ) );
#335=ORIENTED_EDGE ( 'NONE', *, *, #13295, .F. );
#336=LINE ( 'NONE', #2005, #229 );
#337=EDGE_CURVE ( 'NONE', #10726, #7227, #8067, .T. );
#338=SURFACE_STYLE_USAGE ( .BOTH. , #165 );
#339=LINE ( 'NONE', #954, #110 );
#340=VERTEX_POINT ( 'NONE', #13105 );
#341=ORIENTED_EDGE ( 'NONE', *, *, #9770, .F. );
#342=AXIS2_PLACEMENT_3D ( 'NONE', #86, #891, #669 );
#343=VECTOR ( 'NONE', #7049, 1000.000000000000000 );
#344=ORIENTED_EDGE ( 'NONE', *, *, #12943, .T. );
#345=CARTESIAN_POINT ( 'NONE',  ( 9.000000000000024900, 0.8000000000000000400, -3.170000000000003900 ) );
#346=( GEOMETRIC_REPRESENTATION_CONTEXT ( 3 ) GLOBAL_UNCERTAINTY_ASSIGNED_CONTEXT ( ( #178 ) ) GLOBAL_UNIT_ASSIGNED_CONTEXT ( ( #7, #195, #16 ) ) REPRESENTATION_CONTEXT ( 'NONE', 'WORKASPACE' ) );
#347=LINE ( 'NONE', #2082, #110 );
#348=LINE ( 'NONE', #8560, #184 );
#349=CARTESIAN_POINT ( 'NONE',  ( -8.999999999999825900, -1.006230589874914900, 10.97499999999999100 ) );
#350=EDGE_LOOP ( 'NONE', ( #10602, #10190, #1212, #10641, #6694, #6013 ) );
#351=CARTESIAN_POINT ( 'NONE',  ( 8.150000000000170900, 0.0000000000000000000, 10.42999999999999600 ) );
#352=PLANE ( 'NONE',  #4429 );
#353=CARTESIAN_POINT ( 'NONE',  ( -8.550000000000023800, 0.05000000000000000300, 2.809999999999996500 ) );
#354=VERTEX_POINT ( 'NONE', #310 );
#355=VECTOR ( 'NONE', #4875, 1000.000000000000000 );
#356=ORIENTED_EDGE ( 'NONE', *, *, #1921, .F. );
#357=LINE ( 'NONE', #1966, #205 );
#358=ORIENTED_EDGE ( 'NONE', *, *, #11572, .T. );
#359=CARTESIAN_POINT ( 'NONE',  ( 9.000000000000092400, 0.0000000000000000000, 3.179999999999995300 ) );
#360=ORIENTED_EDGE ( 'NONE', *, *, #12518, .T. );
#361=ORIENTED_EDGE ( 'NONE', *, *, #4900, .T. );
#362=CARTESIAN_POINT ( 'NONE',  ( 8.550000000000103700, 0.8000000000000000400, 4.449999999999995700 ) );
#363=EDGE_CURVE ( 'NONE', #10027, #426, #176, .T. );
#364=EDGE_LOOP ( 'NONE', ( #4745, #14430, #12395, #679, #1312, #1379, #7176, #645, #5721, #11292, #7773, #8292, #4233, #10652, #2430, #1705, #909, #8258, #11112, #1785, #3281, #13625, #6519, #12918, #10054, #3020, #12302, #6199, #4812, #6151, #10719, #12655, #12754, #9682, #12970, #6243, #7758, #6404, #6582, #1860, #6186, #4944, #5333, #2475, #9782, #5980, #9292, #1583, #6663, #8054, #1200, #6090, #7239, #9011, #6792, #14327, #4035, #623, #6924, #12908, #2515, #3284, #5737, #102, #10771, #55, #12775, #9234, #11637, #11327, #6052, #9123, #13117, #1086, #9028, #6319, #10089, #7674, #3586, #5480, #4614, #7299, #14175, #6292, #10342, #900, #12605, #314, #12408, #6772, #12900, #6507, #4090, #11599, #3745, #11816, #4866, #12276, #6478, #13806, #6324, #11646, #9061, #988, #4493, #8736, #5800, #8448, #2744, #517, #6180, #2490, #1411, #8733, #14457, #9392, #4268, #12423, #5860, #3141, #3387, #5361, #13053, #9176, #12179, #8921, #1299, #7003, #10095, #9447, #12017, #197, #9370, #8720, #3251, #11356, #6418, #4393, #6802, #4927, #12975, #4142, #9833, #3083, #3569, #9190, #4487, #972, #10348, #2252, #4781, #6697, #3375, #4453, #7037, #8171, #12209, #6182, #11634, #1141, #7858, #2325, #6722, #12217 ) );
#365=EDGE_CURVE ( 'NONE', #3585, #9889, #8359, .T. );
#366=LINE ( 'NONE', #1664, #205 );
#367=LINE ( 'NONE', #159, #4 );
#368=EDGE_CURVE ( 'NONE', #3094, #7474, #12265, .T. );
#369=ORIENTED_EDGE ( 'NONE', *, *, #9055, .T. );
#370=LINE ( 'NONE', #10040, #36 );
#371=VERTEX_POINT ( 'NONE', #438 );
#372=ORIENTED_EDGE ( 'NONE', *, *, #7083, .F. );
#373=ORIENTED_EDGE ( 'NONE', *, *, #332, .T. );
#374=ORIENTED_EDGE ( 'NONE', *, *, #10621, .T. );
#375=ORIENTED_EDGE ( 'NONE', *, *, #13458, .T. );
#376=VERTEX_POINT ( 'NONE', #820 );
#377=ORIENTED_EDGE ( 'NONE', *, *, #3689, .F. );
#378=CARTESIAN_POINT ( 'NONE',  ( 4.699999999999997500, 0.7500000000000000000, -6.750000000000000900 ) );
#379=LINE ( 'NONE', #7057, #45 );
#380=LINE ( 'NONE', #2002, #45 );
#381=ADVANCED_FACE ( 'NONE', ( #8898 ), #685, .T. );
#382=ADVANCED_FACE ( 'NONE', ( #11655 ), #49, .F. );
#383=EDGE_CURVE ( 'NONE', #9015, #12991, #12112, .T. );
#384=EDGE_CURVE ( 'NONE', #13794, #10429, #7199, .T. );
#385=ORIENTED_EDGE ( 'NONE', *, *, #10864, .T. );
#386=EDGE_CURVE ( 'NONE', #2514, #13082, #9181, .T. );
#387=LINE ( 'NONE', #2720, #850 );
#388=ORIENTED_EDGE ( 'NONE', *, *, #4748, .F. );
#389=LINE ( 'NONE', #5762, #10 );
#390=LINE ( 'NONE', #12337, #327 );
#391=ORIENTED_EDGE ( 'NONE', *, *, #1485, .T. );
#392=CARTESIAN_POINT ( 'NONE',  ( 8.550000000000158800, 0.0000000000000000000, 10.42999999999999600 ) );
#393=EDGE_CURVE ( 'NONE', #2590, #2355, #10854, .T. );
#394=AXIS2_PLACEMENT_3D ( 'NONE', #6041, #15, #575 );
#395=FACE_OUTER_BOUND ( 'NONE', #9005, .T. );
#396=AXIS2_PLACEMENT_3D ( 'NONE', #206, #1353, #1025 );
#397=ORIENTED_EDGE ( 'NONE', *, *, #386, .T. );
#398=ORIENTED_EDGE ( 'NONE', *, *, #8008, .T. );
#399=VECTOR ( 'NONE', #407, 1000.000000000000000 );
#400=DIRECTION ( 'NONE',  ( -1.000000000000000000, 0.0000000000000000000, -8.432683563776131700E-015 ) );
#401=VERTEX_POINT ( 'NONE', #1055 );
#402=CARTESIAN_POINT ( 'NONE',  ( 8.550000000000052200, -1.006230589874914900, 0.2699999999999959100 ) );
#403=ORIENTED_EDGE ( 'NONE', *, *, #6684, .T. );
#404=ADVANCED_FACE ( 'NONE', ( #14188 ), #931, .T. );
#405=LINE ( 'NONE', #5865, #45 );
#406=FACE_OUTER_BOUND ( 'NONE', #7882, .T. );
#407=DIRECTION ( 'NONE',  ( 1.000000000000000000, -0.0000000000000000000, 9.155485012099795600E-015 ) );
#408=ORIENTED_EDGE ( 'NONE', *, *, #5202, .T. );
#409=CARTESIAN_POINT ( 'NONE',  ( -8.999999999999973400, 0.8000000000000000400, -2.270000000000004000 ) );
#410=VERTEX_POINT ( 'NONE', #4677 );
#411=EDGE_CURVE ( 'NONE', #8108, #141, #10057, .T. );
#412=VERTEX_POINT ( 'NONE', #12275 );
#413=VERTEX_POINT ( 'NONE', #4789 );
#414=VERTEX_POINT ( 'NONE', #439 );
#415=EDGE_CURVE ( 'NONE', #5321, #7086, #13175, .T. );
#416=VECTOR ( 'NONE', #615, 1000.000000000000000 );
#417=ORIENTED_EDGE ( 'NONE', *, *, #1469, .T. );
#418=CARTESIAN_POINT ( 'NONE',  ( 5.265000000000001500, -1.006230589874914900, 0.0000000000000000000 ) );
#419=EDGE_CURVE ( 'NONE', #10561, #4843, #862, .T. );
#420=CARTESIAN_POINT ( 'NONE',  ( 5.999999999999997300, 0.8000000000000000400, -11.44999999999999900 ) );
#421=LINE ( 'NONE', #5177, #209 );
#422=CARTESIAN_POINT ( 'NONE',  ( 7.259999999999999800, 0.8000000000000000400, 12.74999999999999800 ) );
#423=ORIENTED_EDGE ( 'NONE', *, *, #2344, .T. );
#424=ORIENTED_EDGE ( 'NONE', *, *, #3049, .T. );
#425=FACE_OUTER_BOUND ( 'NONE', #7056, .T. );
#426=VERTEX_POINT ( 'NONE', #739 );
#427=EDGE_CURVE ( 'NONE', #13794, #6458, #13883, .T. );
#428=ORIENTED_EDGE ( 'NONE', *, *, #6437, .F. );
#429=AXIS2_PLACEMENT_3D ( 'NONE', #2757, #2595, #1452 );
#430=ORIENTED_EDGE ( 'NONE', *, *, #3638, .F. );
#431=CARTESIAN_POINT ( 'NONE',  ( 9.000000000000119000, 0.0000000000000000000, 6.619999999999996600 ) );
#432=ADVANCED_FACE ( 'NONE', ( #5199 ), #10252, .F. );
#433=ORIENTED_EDGE ( 'NONE', *, *, #8860, .T. );
#434=ORIENTED_EDGE ( 'NONE', *, *, #4073, .F. );
#435=CARTESIAN_POINT ( 'NONE',  ( -6.164999999999999100, 0.8000000000000000400, 12.29999999999999700 ) );
#436=ORIENTED_EDGE ( 'NONE', *, *, #14106, .F. );
#437=LINE ( 'NONE', #840, #209 );
#438=CARTESIAN_POINT ( 'NONE',  ( -1.454999999999997900, 0.05000000000000000300, 11.90000000000017100 ) );
#439=CARTESIAN_POINT ( 'NONE',  ( -8.999999999999920100, 0.0000000000000000000, 1.909999999999995900 ) );
#440=CARTESIAN_POINT ( 'NONE',  ( -2.200000000000000600, 0.7500000000000000000, -9.099999999999999600 ) );
#441=CARTESIAN_POINT ( 'NONE',  ( 9.000000000000133200, 0.0000000000000000000, 7.889999999999997900 ) );
#442=FACE_OUTER_BOUND ( 'NONE', #10977, .T. );
#443=EDGE_LOOP ( 'NONE', ( #14372, #8455, #1408, #2507 ) );
#444=CARTESIAN_POINT ( 'NONE',  ( 9.000000000000000000, 0.8000000000000000400, 12.74999999999999800 ) );
#445=DIRECTION ( 'NONE',  ( 9.155485012099795600E-015, 0.0000000000000000000, -1.000000000000000000 ) );
#446=LINE ( 'NONE', #6902, #205 );
#447=LINE ( 'NONE', #76, #45 );
#448=LINE ( 'NONE', #5586, #1226 );
#449=EDGE_LOOP ( 'NONE', ( #12141, #2915, #5661, #12678 ) );
#450=EDGE_CURVE ( 'NONE', #14065, #883, #5924, .T. );
#451=EDGE_CURVE ( 'NONE', #10589, #9223, #1825, .T. );
#452=EDGE_LOOP ( 'NONE', ( #4892, #2692, #952, #4353, #1552, #14212 ) );
#453=MECHANICAL_DESIGN_GEOMETRIC_PRESENTATION_REPRESENTATION (  '', ( #10315 ), #11191 );
#454=EDGE_LOOP ( 'NONE', ( #4327, #9931, #11548, #7827 ) );
#455=AXIS2_PLACEMENT_3D ( 'NONE', #2668, #95, #31 );
#456=CARTESIAN_POINT ( 'NONE',  ( 0.0000000000000000000, 0.0000000000000000000, 4.449999999999990400 ) );
#457=ORIENTED_EDGE ( 'NONE', *, *, #4746, .F. );
#458=CARTESIAN_POINT ( 'NONE',  ( -3.994999999999998300, 0.05000000000000000300, 11.90000000000017100 ) );
#459=ADVANCED_FACE ( 'NONE', ( #1296 ), #13278, .F. );
#460=CARTESIAN_POINT ( 'NONE',  ( -8.999999999999944900, -1.006230589874914900, 0.0000000000000000000 ) );
#461=FACE_OUTER_BOUND ( 'NONE', #4584, .T. );
#462=MANIFOLD_SOLID_BREP ( 'Boss-Extrude6[3]', #13840 );
#463=ORIENTED_EDGE ( 'NONE', *, *, #5280, .T. );
#464=CARTESIAN_POINT ( 'NONE',  ( 7.435000000000003200, 0.8000000000000000400, 12.29999999999999700 ) );
#465=CARTESIAN_POINT ( 'NONE',  ( 5.265000000000001500, 0.05000000000000000300, 11.90000000000017100 ) );
#466=VERTEX_POINT ( 'NONE', #9574 );
#467=LINE ( 'NONE', #4957, #36 );
#468=EDGE_LOOP ( 'NONE', ( #114, #9399, #1701, #1793 ) );
#469=ORIENTED_EDGE ( 'NONE', *, *, #2503, .F. );
#470=LINE ( 'NONE', #136, #205 );
#471=ORIENTED_EDGE ( 'NONE', *, *, #7292, .T. );
#472=AXIS2_PLACEMENT_3D ( 'NONE', #1112, #135, #15 );
#473=CARTESIAN_POINT ( 'NONE',  ( 8.550000000000023800, 0.8000000000000000400, -2.270000000000003600 ) );
#474=EDGE_CURVE ( 'NONE', #14185, #14424, #4850, .T. );
#475=CARTESIAN_POINT ( 'NONE',  ( 0.0000000000000000000, 0.0000000000000000000, 0.0000000000000000000 ) );
#476=ORIENTED_EDGE ( 'NONE', *, *, #12320, .T. );
#477=EDGE_CURVE ( 'NONE', #2081, #5212, #2713, .T. );
#478=ADVANCED_FACE ( 'NONE', ( #1075 ), #10507, .T. );
#479=ORIENTED_EDGE ( 'NONE', *, *, #11995, .T. );
#480=ORIENTED_EDGE ( 'NONE', *, *, #2263, .F. );
#481=EDGE_CURVE ( 'NONE', #4415, #426, #176, .T. );
#482=AXIS2_PLACEMENT_3D ( 'NONE', #1907, #575, #19 );
#483=CARTESIAN_POINT ( 'NONE',  ( -8.999999999999973400, 0.8000000000000000400, 0.0000000000000000000 ) );
#484=ADVANCED_FACE ( 'NONE', ( #10368 ), #3893, .T. );
#485=VERTEX_POINT ( 'NONE', #2335 );
#486=ORIENTED_EDGE ( 'NONE', *, *, #4247, .T. );
#487=CARTESIAN_POINT ( 'NONE',  ( -8.150000000000025200, 0.05000000000000000300, 1.909999999999995000 ) );
#488=PLANE ( 'NONE',  #12836 );
#489=FACE_OUTER_BOUND ( 'NONE', #13899, .T. );
#490=ORIENTED_EDGE ( 'NONE', *, *, #5549, .F. );
#491=LINE ( 'NONE', #2242, #10 );
#492=CARTESIAN_POINT ( 'NONE',  ( -2.200000000000000600, 0.8000000000000000400, -9.099999999999999600 ) );
#493=VECTOR ( 'NONE', #65, 1000.000000000000000 );
#494=EDGE_LOOP ( 'NONE', ( #2286, #2225, #471, #6363, #6940, #10911 ) );
#495=FACE_OUTER_BOUND ( 'NONE', #11382, .T. );
#496=ORIENTED_EDGE ( 'NONE', *, *, #2022, .T. );
#497=LINE ( 'NONE', #865, #493 );
#498=EDGE_CURVE ( 'NONE', #4956, #201, #10036, .T. );
#499=EDGE_CURVE ( 'NONE', #2609, #8483, #10840, .T. );
#500=LINE ( 'NONE', #4845, #36 );
#501=EDGE_CURVE ( 'NONE', #6985, #12260, #6745, .T. );
#502=DIRECTION ( 'NONE',  ( -1.000000000000000000, 0.0000000000000000000, 1.927470528863116600E-015 ) );
#503=ADVANCED_FACE ( 'NONE', ( #13160 ), #2933, .T. );
#504=VERTEX_POINT ( 'NONE', #744 );
#505=ORIENTED_EDGE ( 'NONE', *, *, #5988, .F. );
#506=EDGE_CURVE ( 'NONE', #11353, #2355, #11802, .T. );
#507=CARTESIAN_POINT ( 'NONE',  ( -8.999999999999865000, -1.006230589874914900, 0.0000000000000000000 ) );
#508=AXIS2_PLACEMENT_3D ( 'NONE', #2996, #215, #15 );
#509=LINE ( 'NONE', #159, #205 );
#510=CARTESIAN_POINT ( 'NONE',  ( -8.549999999999919000, -1.006230589874914900, 2.809999999999996500 ) );
#511=CARTESIAN_POINT ( 'NONE',  ( -8.150000000000044800, 0.05000000000000000300, 6.989999999999996700 ) );
#512=ORIENTED_EDGE ( 'NONE', *, *, #2799, .T. );
#513=CARTESIAN_POINT ( 'NONE',  ( -2.449999999999999700, 0.05000000000000000300, 4.309999999999996900 ) );
#514=CARTESIAN_POINT ( 'NONE',  ( -1.050000000000000500, 0.0000000000000000000, 2.910000000000007700 ) );
#515=LINE ( 'NONE', #9919, #36 );
#516=LINE ( 'NONE', #960, #493 );
#517=ORIENTED_EDGE ( 'NONE', *, *, #11435, .F. );
#518=CARTESIAN_POINT ( 'NONE',  ( -8.150000000000039400, 0.05000000000000000300, 5.719999999999996200 ) );
#519=ORIENTED_EDGE ( 'NONE', *, *, #6026, .T. );
#520=CARTESIAN_POINT ( 'NONE',  ( 7.435000000000003200, 0.8000000000000000400, 12.74999999999999800 ) );
#521=LINE ( 'NONE', #3, #205 );
#522=ADVANCED_FACE ( 'NONE', ( #8571 ), #6724, .T. );
#523=EDGE_CURVE ( 'NONE', #14200, #4679, #10667, .T. );
#524=EDGE_CURVE ( 'NONE', #7351, #3557, #5011, .T. );
#525=EDGE_CURVE ( 'NONE', #1492, #3861, #1483, .T. );
#526=AXIS2_PLACEMENT_3D ( 'NONE', #12924, #21, #31 );
#527=CARTESIAN_POINT ( 'NONE',  ( 9.000000000000079900, -1.006230589874914900, 1.909999999999995000 ) );
#528=CARTESIAN_POINT ( 'NONE',  ( -8.150000000000012800, 0.05000000000000000300, -1.000000000000003600 ) );
#529=LINE ( 'NONE', #3198, #10 );
#530=ORIENTED_EDGE ( 'NONE', *, *, #13108, .F. );
#531=EDGE_CURVE ( 'NONE', #7566, #4666, #1717, .T. );
#532=ORIENTED_EDGE ( 'NONE', *, *, #9013, .F. );
#533=CARTESIAN_POINT ( 'NONE',  ( 8.150000000000170900, 0.0000000000000000000, 4.079999999999996500 ) );
#534=CARTESIAN_POINT ( 'NONE',  ( -6.984999999999999400, 0.0000000000000000000, 12.74999999999999800 ) );
#535=STYLED_ITEM ( 'NONE', ( #77 ), #4335 );
#536=ORIENTED_EDGE ( 'NONE', *, *, #306, .F. );
#537=CARTESIAN_POINT ( 'NONE',  ( -1.084999999999999100, 0.05000000000000000300, 12.29999999999999700 ) );
#538=PLANE ( 'NONE',  #10421 );
#539=VERTEX_POINT ( 'NONE', #10062 );
#540=LINE ( 'NONE', #994, #10 );
#541=PLANE ( 'NONE',  #12764 );
#542=LINE ( 'NONE', #2144, #45 );
#543=ADVANCED_FACE ( 'NONE', ( #10519 ), #6805, .F. );
#544=ORIENTED_EDGE ( 'NONE', *, *, #12261, .T. );
#545=EDGE_LOOP ( 'NONE', ( #2665, #9861, #2119, #7331 ) );
#546=LINE ( 'NONE', #2950, #45 );
#547=ORIENTED_EDGE ( 'NONE', *, *, #11246, .F. );
#548=EDGE_LOOP ( 'NONE', ( #6360, #4830, #2172, #10612 ) );
#549=EDGE_CURVE ( 'NONE', #7715, #1172, #8235, .T. );
#550=PLANE ( 'NONE',  #13849 );
#551=LINE ( 'NONE', #2098, #229 );
#552=CARTESIAN_POINT ( 'NONE',  ( -7.434999999999999600, 0.05000000000000000300, 11.90000000000017100 ) );
#553=VERTEX_POINT ( 'NONE', #145 );
#554=ORIENTED_EDGE ( 'NONE', *, *, #501, .T. );
#555=AXIS2_PLACEMENT_3D ( 'NONE', #5562, #250, #31 );
#556=ORIENTED_EDGE ( 'NONE', *, *, #5678, .F. );
#557=EDGE_CURVE ( 'NONE', #5662, #3086, #10206, .T. );
#558=LINE ( 'NONE', #7224, #4 );
#559=MANIFOLD_SOLID_BREP ( 'Boss-Extrude5[39]', #9945 );
#560=CARTESIAN_POINT ( 'NONE',  ( -0.5500000000000022600, 0.05000000000000000300, 1.510000000000010900 ) );
#561=CARTESIAN_POINT ( 'NONE',  ( -0.5500000000000018200, 0.05000000000000000300, 2.010000000000009600 ) );
#562=ADVANCED_FACE ( 'NONE', ( #4281 ), #4329, .T. );
#563=EDGE_LOOP ( 'NONE', ( #14483, #2061, #11762, #6449 ) );
#564=ORIENTED_EDGE ( 'NONE', *, *, #3848, .F. );
#565=EDGE_LOOP ( 'NONE', ( #9688, #4475, #2543, #8888 ) );
#566=ADVANCED_FACE ( 'NONE', ( #6295 ), #275, .F. );
#567=ORIENTED_EDGE ( 'NONE', *, *, #8462, .F. );
#568=LINE ( 'NONE', #2918, #6135 );
#569=VERTEX_POINT ( 'NONE', #3840 );
#570=EDGE_LOOP ( 'NONE', ( #4105, #2598, #1003, #2039 ) );
#571=ORIENTED_EDGE ( 'NONE', *, *, #13886, .F. );
#572=CARTESIAN_POINT ( 'NONE',  ( 0.0000000000000000000, 0.8000000000000000400, 0.0000000000000000000 ) );
#573=VERTEX_POINT ( 'NONE', #3614 );
#574=ORIENTED_EDGE ( 'NONE', *, *, #11282, .T. );
#575=DIRECTION ( 'NONE',  ( -1.000000000000000000, 0.0000000000000000000, -0.0000000000000000000 ) );
#576=LINE ( 'NONE', #7479, #36 );
#577=VECTOR ( 'NONE', #2203, 1000.000000000000000 );
#578=EDGE_CURVE ( 'NONE', #1334, #12906, #11331, .T. );
#579=EDGE_CURVE ( 'NONE', #12674, #2767, #7025, .T. );
#580=CARTESIAN_POINT ( 'NONE',  ( -8.549999999999865700, 0.8000000000000000400, 0.0000000000000000000 ) );
#581=VERTEX_POINT ( 'NONE', #3197 );
#582=VERTEX_POINT ( 'NONE', #2977 );
#583=FACE_OUTER_BOUND ( 'NONE', #7493, .T. );
#584=LINE ( 'NONE', #4652, #1226 );
#585=VERTEX_POINT ( 'NONE', #10894 );
#586=AXIS2_PLACEMENT_3D ( 'NONE', #5311, #19, #135 );
#587=VERTEX_POINT ( 'NONE', #2242 );
#588=LINE ( 'NONE', #10736, #209 );
#589=AXIS2_PLACEMENT_3D ( 'NONE', #983, #95, #31 );
#590=VERTEX_POINT ( 'NONE', #10367 );
#591=ORIENTED_EDGE ( 'NONE', *, *, #9595, .F. );
#592=ADVANCED_FACE ( 'NONE', ( #6109 ), #1693, .T. );
#593=ORIENTED_EDGE ( 'NONE', *, *, #9576, .F. );
#594=ORIENTED_EDGE ( 'NONE', *, *, #1841, .F. );
#595=ORIENTED_EDGE ( 'NONE', *, *, #2022, .F. );
#596=CARTESIAN_POINT ( 'NONE',  ( 8.150000000000170900, 0.05000000000000000300, 6.989999999999996700 ) );
#597=EDGE_LOOP ( 'NONE', ( #2394, #13487, #1502, #10617 ) );
#598=LINE ( 'NONE', #441, #1767 );
#599=LINE ( 'NONE', #1503, #1671 );
#600=ORIENTED_EDGE ( 'NONE', *, *, #9148, .T. );
#601=EDGE_CURVE ( 'NONE', #1125, #11511, #5188, .T. );
#602=CARTESIAN_POINT ( 'NONE',  ( 8.000000000000000000, 0.8000000000000000400, -5.629289321881345600 ) );
#603=CARTESIAN_POINT ( 'NONE',  ( 3.899999999999999500, 0.7500000000000000000, -6.750000000000000900 ) );
#604=EDGE_CURVE ( 'NONE', #5304, #5955, #9073, .T. );
#605=LINE ( 'NONE', #2741, #301 );
#606=VERTEX_POINT ( 'NONE', #10982 );
#607=EDGE_CURVE ( 'NONE', #13317, #7117, #5723, .T. );
#608=VERTEX_POINT ( 'NONE', #1377 );
#609=ORIENTED_EDGE ( 'NONE', *, *, #7467, .T. );
#610=EDGE_CURVE ( 'NONE', #724, #10610, #1617, .T. );
#611=EDGE_LOOP ( 'NONE', ( #4513, #1738, #1146, #4374 ) );
#612=ADVANCED_FACE ( 'NONE', ( #1903 ), #5693, .T. );
#613=AXIS2_PLACEMENT_3D ( 'NONE', #9773, #95, #31 );
#614=ORIENTED_EDGE ( 'NONE', *, *, #13187, .F. );
#615=DIRECTION ( 'NONE',  ( -1.000000000000000000, -0.0000000000000000000, 1.927470528863115800E-015 ) );
#616=LINE ( 'NONE', #9416, #1276 );
#617=ORIENTED_EDGE ( 'NONE', *, *, #8666, .T. );
#618=LINE ( 'NONE', #1907, #45 );
#619=LINE ( 'NONE', #779, #36 );
#620=EDGE_LOOP ( 'NONE', ( #11767, #3479, #1351, #5033, #10017, #12285 ) );
#621=CARTESIAN_POINT ( 'NONE',  ( 9.000000000000119000, 0.8000000000000000400, 5.719999999999996200 ) );
#622=CARTESIAN_POINT ( 'NONE',  ( -2.354999999999999500, 0.05000000000000000300, 11.90000000000017100 ) );
#623=ORIENTED_EDGE ( 'NONE', *, *, #790, .F. );
#624=VERTEX_POINT ( 'NONE', #8935 );
#625=CARTESIAN_POINT ( 'NONE',  ( 2.725000000000001000, 0.8000000000000000400, 12.29999999999999700 ) );
#626=VERTEX_POINT ( 'NONE', #6633 );
#627=EDGE_LOOP ( 'NONE', ( #4204, #14354, #3516, #1879 ) );
#628=EDGE_CURVE ( 'NONE', #10383, #8569, #6652, .T. );
#629=LINE ( 'NONE', #271, #1276 );
#630=EDGE_LOOP ( 'NONE', ( #8602, #10590, #7027, #3887 ) );
#631=EDGE_CURVE ( 'NONE', #11661, #7473, #14309, .T. );
#632=ORIENTED_EDGE ( 'NONE', *, *, #14180, .F. );
#633=EDGE_CURVE ( 'NONE', #3152, #5822, #2566, .T. );
#634=CARTESIAN_POINT ( 'NONE',  ( -8.550000000000020300, 0.05000000000000000300, 1.539999999999997100 ) );
#635=ADVANCED_FACE ( 'NONE', ( #14176 ), #233, .T. );
#636=LINE ( 'NONE', #190, #36 );
#637=EDGE_LOOP ( 'NONE', ( #1293, #9684, #8992, #14508 ) );
#638=LINE ( 'NONE', #3067, #110 );
#639=FACE_OUTER_BOUND ( 'NONE', #1450, .T. );
#640=ORIENTED_EDGE ( 'NONE', *, *, #8663, .T. );
#641=CARTESIAN_POINT ( 'NONE',  ( -7.434999999999999600, 0.8000000000000000400, 12.29999999999999700 ) );
#642=CARTESIAN_POINT ( 'NONE',  ( 7.435000000000003200, 0.0000000000000000000, 12.29999999999999700 ) );
#643=ORIENTED_EDGE ( 'NONE', *, *, #5716, .F. );
#644=AXIS2_PLACEMENT_3D ( 'NONE', #2135, #3244, #3882 );
#645=ORIENTED_EDGE ( 'NONE', *, *, #13303, .T. );
#646=EDGE_LOOP ( 'NONE', ( #1312, #829, #12098, #11407 ) );
#647=ORIENTED_EDGE ( 'NONE', *, *, #8491, .T. );
#648=LINE ( 'NONE', #7182, #45 );
#649=VECTOR ( 'NONE', #1409, 1000.000000000000000 );
#650=ORIENTED_EDGE ( 'NONE', *, *, #10273, .F. );
#651=CARTESIAN_POINT ( 'NONE',  ( 0.3499999999999998100, 0.0000000000000000000, 0.6100000000000189700 ) );
#652=EDGE_LOOP ( 'NONE', ( #1189, #11633, #6330, #1119 ) );
#653=LINE ( 'NONE', #8897, #36 );
#654=ORIENTED_EDGE ( 'NONE', *, *, #3904, .T. );
#655=CIRCLE ( 'NONE', #12328, 0.2750000000000000800 );
#656=ORIENTED_EDGE ( 'NONE', *, *, #5252, .F. );
#657=VERTEX_POINT ( 'NONE', #13985 );
#658=EDGE_CURVE ( 'NONE', #12955, #13477, #13869, .T. );
#659=ADVANCED_FACE ( 'NONE', ( #2905 ), #5595, .T. );
#660=CARTESIAN_POINT ( 'NONE',  ( -3.350000000000001000, 0.05000000000000000300, 0.6099999999999912200 ) );
#661=ADVANCED_FACE ( 'NONE', ( #13298 ), #35, .T. );
#662=VERTEX_POINT ( 'NONE', #5884 );
#663=ORIENTED_EDGE ( 'NONE', *, *, #8517, .F. );
#664=EDGE_CURVE ( 'NONE', #9417, #13011, #8405, .T. );
#665=CARTESIAN_POINT ( 'NONE',  ( 9.000000000000024900, -1.006230589874914900, 0.0000000000000000000 ) );
#666=CARTESIAN_POINT ( 'NONE',  ( 8.550000000000052200, 0.8000000000000000400, -0.0000000000000000000 ) );
#667=ORIENTED_EDGE ( 'NONE', *, *, #7024, .F. );
#668=VECTOR ( 'NONE', #2267, 1000.000000000000000 );
#669=DIRECTION ( 'NONE',  ( -0.0000000000000000000, 0.0000000000000000000, -1.000000000000000000 ) );
#670=AXIS2_PLACEMENT_3D ( 'NONE', #4047, #250, #62 );
#671=PLANE ( 'NONE',  #11983 );
#672=EDGE_CURVE ( 'NONE', #376, #9378, #1482, .T. );
#673=LINE ( 'NONE', #6706, #2548 );
#674=ORIENTED_EDGE ( 'NONE', *, *, #4902, .T. );
#675=CARTESIAN_POINT ( 'NONE',  ( 8.550000000000171200, 0.05000000000000000300, 11.69999999999999800 ) );
#676=ORIENTED_EDGE ( 'NONE', *, *, #8231, .F. );
#677=VECTOR ( 'NONE', #2079, 1000.000000000000000 );
#678=ORIENTED_EDGE ( 'NONE', *, *, #6067, .F. );
#679=ORIENTED_EDGE ( 'NONE', *, *, #12916, .T. );
#680=ORIENTED_EDGE ( 'NONE', *, *, #2354, .T. );
#681=ADVANCED_FACE ( 'NONE', ( #13144 ), #4495, .F. );
#682=ORIENTED_EDGE ( 'NONE', *, *, #9115, .F. );
#683=LINE ( 'NONE', #11097, #36 );
#684=ORIENTED_EDGE ( 'NONE', *, *, #4219, .F. );
#685=PLANE ( 'NONE',  #67 );
#686=ORIENTED_EDGE ( 'NONE', *, *, #10215, .F. );
#687=EDGE_CURVE ( 'NONE', #9268, #10873, #7443, .T. );
#688=CARTESIAN_POINT ( 'NONE',  ( 9.000000000000039100, 0.0000000000000000000, -1.725000000000096700 ) );
#689=CARTESIAN_POINT ( 'NONE',  ( 9.000000000000172300, 0.0000000000000000000, 10.79999999999999500 ) );
#690=EDGE_CURVE ( 'NONE', #7492, #7494, #5, .T. );
#691=ORIENTED_EDGE ( 'NONE', *, *, #5651, .F. );
#692=ORIENTED_EDGE ( 'NONE', *, *, #5676, .F. );
#693=EDGE_CURVE ( 'NONE', #11941, #10950, #10758, .T. );
#694=VERTEX_POINT ( 'NONE', #14103 );
#695=ORIENTED_EDGE ( 'NONE', *, *, #11064, .T. );
#696=ORIENTED_EDGE ( 'NONE', *, *, #5381, .F. );
#697=LINE ( 'NONE', #487, #4 );
#698=ORIENTED_EDGE ( 'NONE', *, *, #5052, .T. );
#699=EDGE_LOOP ( 'NONE', ( #3527, #6452, #194, #3766 ) );
#700=CARTESIAN_POINT ( 'NONE',  ( 1.455000000000000500, 0.0000000000000000000, 11.90000000000017100 ) );
#701=CARTESIAN_POINT ( 'NONE',  ( -6.164999999999999100, 0.0000000000000000000, 11.90000000000017100 ) );
#702=LINE ( 'NONE', #1171, #205 );
#703=CARTESIAN_POINT ( 'NONE',  ( 9.000000000000145700, -1.006230589874914900, 9.159999999999998400 ) );
#704=ORIENTED_EDGE ( 'NONE', *, *, #1247, .F. );
#705=CARTESIAN_POINT ( 'NONE',  ( -1.950000000000002200, 0.05000000000000000300, 2.910000000000000100 ) );
#706=ADVANCED_FACE ( 'NONE', ( #14445 ), #832, .F. );
#707=LINE ( 'NONE', #9686, #36 );
#708=ORIENTED_EDGE ( 'NONE', *, *, #5482, .T. );
#709=VERTEX_POINT ( 'NONE', #8153 );
#710=VERTEX_POINT ( 'NONE', #2227 );
#711=EDGE_LOOP ( 'NONE', ( #5620, #10655, #5577, #7219 ) );
#712=FACE_OUTER_BOUND ( 'NONE', #12662, .T. );
#713=VERTEX_POINT ( 'NONE', #5762 );
#714=CARTESIAN_POINT ( 'NONE',  ( -8.999999999999973400, 0.0000000000000000000, -3.170000000000003900 ) );
#715=ORIENTED_EDGE ( 'NONE', *, *, #7284, .F. );
#716=ORIENTED_EDGE ( 'NONE', *, *, #12875, .F. );
#717=EDGE_CURVE ( 'NONE', #6332, #12734, #6093, .T. );
#718=CARTESIAN_POINT ( 'NONE',  ( -8.550000000000016700, 0.05000000000000000300, -0.6300000000000046700 ) );
#719=LINE ( 'NONE', #1907, #493 );
#720=EDGE_CURVE ( 'NONE', #5401, #7188, #5355, .T. );
#721=PLANE ( 'NONE',  #1417 );
#722=EDGE_CURVE ( 'NONE', #7483, #1456, #12402, .T. );
#723=CARTESIAN_POINT ( 'NONE',  ( -8.999999999999825900, 0.8000000000000000400, 10.97499999999999100 ) );
#724=VERTEX_POINT ( 'NONE', #4713 );
#725=AXIS2_PLACEMENT_3D ( 'NONE', #6158, #2403, #1169 );
#726=CARTESIAN_POINT ( 'NONE',  ( 9.000000000000024900, -1.006230589874914900, -3.170000000000004800 ) );
#727=LINE ( 'NONE', #13133, #205 );
#728=CARTESIAN_POINT ( 'NONE',  ( 5.999999999999998200, 0.8000000000000000400, -6.750000000000000000 ) );
#729=CARTESIAN_POINT ( 'NONE',  ( 0.0000000000000000000, -1.006230589874914900, 1.909999999999991500 ) );
#730=CARTESIAN_POINT ( 'NONE',  ( -1.049999999999999800, 0.05000000000000000300, 3.410000000000006800 ) );
#731=LINE ( 'NONE', #4016, #1671 );
#732=LINE ( 'NONE', #444, #45 );
#733=CARTESIAN_POINT ( 'NONE',  ( 3.995000000000001000, 0.0000000000000000000, 12.74999999999999800 ) );
#734=ORIENTED_EDGE ( 'NONE', *, *, #3051, .F. );
#735=ORIENTED_EDGE ( 'NONE', *, *, #12280, .F. );
#736=LINE ( 'NONE', #2107, #10 );
#737=PLANE ( 'NONE',  #8034 );
#738=VERTEX_POINT ( 'NONE', #6902 );
#739=CARTESIAN_POINT ( 'NONE',  ( -6.164999999999999100, 0.05000000000000000300, 11.90000000000017100 ) );
#740=FACE_OUTER_BOUND ( 'NONE', #6529, .T. );
#741=EDGE_CURVE ( 'NONE', #8775, #582, #4993, .T. );
#742=EDGE_CURVE ( 'NONE', #4843, #4833, #1494, .T. );
#743=EDGE_CURVE ( 'NONE', #10360, #883, #5148, .T. );
#744=CARTESIAN_POINT ( 'NONE',  ( -2.449999999999998800, 0.05000000000000000300, 3.409999999999997000 ) );
#745=EDGE_CURVE ( 'NONE', #590, #4805, #150, .T. );
#746=PLANE ( 'NONE',  #318 );
#747=LINE ( 'NONE', #2141, #4 );
#748=VERTEX_POINT ( 'NONE', #10134 );
#749=ADVANCED_FACE ( 'NONE', ( #1054 ), #13216, .F. );
#750=EDGE_LOOP ( 'NONE', ( #8515, #8937, #600, #5448 ) );
#751=FACE_OUTER_BOUND ( 'NONE', #10714, .T. );
#752=ADVANCED_FACE ( 'NONE', ( #14020 ), #9220, .F. );
#753=ORIENTED_EDGE ( 'NONE', *, *, #10390, .T. );
#754=FACE_OUTER_BOUND ( 'NONE', #8910, .T. );
#755=ORIENTED_EDGE ( 'NONE', *, *, #4468, .F. );
#756=CARTESIAN_POINT ( 'NONE',  ( -8.550000000000055800, 0.05000000000000000300, 10.79999999999999500 ) );
#757=CARTESIAN_POINT ( 'NONE',  ( 9.000000000000000000, 0.0000000000000000000, -4.985000000000003900 ) );
#758=PLANE ( 'NONE',  #10000 );
#759=ORIENTED_EDGE ( 'NONE', *, *, #9668, .T. );
#760=ORIENTED_EDGE ( 'NONE', *, *, #10799, .T. );
#761=CARTESIAN_POINT ( 'NONE',  ( -8.999999999999934300, 0.8000000000000000400, 0.6399999999999964600 ) );
#762=ORIENTED_EDGE ( 'NONE', *, *, #7374, .T. );
#763=EDGE_CURVE ( 'NONE', #7792, #3854, #11482, .T. );
#764=CARTESIAN_POINT ( 'NONE',  ( -2.449999999999998800, 0.0000000000000000000, 0.6099999999999994300 ) );
#765=EDGE_LOOP ( 'NONE', ( #9407, #2102, #430, #716, #1688, #3359 ) );
#766=LINE ( 'NONE', #4328, #36 );
#767=EDGE_CURVE ( 'NONE', #7117, #3632, #2343, .T. );
#768=EDGE_CURVE ( 'NONE', #8043, #5124, #10506, .T. );
#769=VERTEX_POINT ( 'NONE', #11351 );
#770=ORIENTED_EDGE ( 'NONE', *, *, #14125, .F. );
#771=ADVANCED_FACE ( 'NONE', ( #12999 ), #11294, .F. );
#772=CARTESIAN_POINT ( 'NONE',  ( -8.150000000000021700, 0.05000000000000000300, 1.539999999999997100 ) );
#773=( GEOMETRIC_REPRESENTATION_CONTEXT ( 3 ) GLOBAL_UNCERTAINTY_ASSIGNED_CONTEXT ( ( #178 ) ) GLOBAL_UNIT_ASSIGNED_CONTEXT ( ( #7, #195, #16 ) ) REPRESENTATION_CONTEXT ( 'NONE', 'WORKASPACE' ) );
#774=EDGE_CURVE ( 'NONE', #11555, #12906, #12100, .T. );
#775=ORIENTED_EDGE ( 'NONE', *, *, #13588, .T. );
#776=CARTESIAN_POINT ( 'NONE',  ( 5.440000000000003100, -1.006230589874914900, 12.74999999999999800 ) );
#777=LINE ( 'NONE', #925, #209 );
#778=ORIENTED_EDGE ( 'NONE', *, *, #10328, .T. );
#779=CARTESIAN_POINT ( 'NONE',  ( 9.000000000000053300, -1.006230589874914900, 0.2699999999999959100 ) );
#780=DIRECTION ( 'NONE',  ( 9.637352644315598700E-016, 0.0000000000000000000, -1.000000000000000000 ) );
#781=LINE ( 'NONE', #5754, #1767 );
#782=CARTESIAN_POINT ( 'NONE',  ( -8.999999999999985800, 0.0000000000000000000, -3.540000000000004000 ) );
#783=ORIENTED_EDGE ( 'NONE', *, *, #4473, .T. );
#784=CARTESIAN_POINT ( 'NONE',  ( 4.895000000000002200, 0.0000000000000000000, 11.90000000000017100 ) );
#785=LINE ( 'NONE', #409, #229 );
#786=CIRCLE ( 'NONE', #1567, 0.2749999999999996300 );
#787=LINE ( 'NONE', #6972, #36 );
#788=ADVANCED_FACE ( 'NONE', ( #824 ), #13396, .T. );
#789=ORIENTED_EDGE ( 'NONE', *, *, #12457, .F. );
#790=EDGE_CURVE ( 'NONE', #2618, #9378, #7886, .T. );
#791=CARTESIAN_POINT ( 'NONE',  ( -8.549999999999933200, 0.0000000000000000000, 0.6399999999999955700 ) );
#792=VERTEX_POINT ( 'NONE', #1079 );
#793=DIRECTION ( 'NONE',  ( -5.536351519074917500E-016, 0.0000000000000000000, 1.000000000000000000 ) );
#794=EDGE_CURVE ( 'NONE', #9845, #239, #924, .T. );
#795=LINE ( 'NONE', #9980, #184 );
#796=ORIENTED_EDGE ( 'NONE', *, *, #2775, .F. );
#797=AXIS2_PLACEMENT_3D ( 'NONE', #4428, #891, #669 );
#798=LINE ( 'NONE', #5395, #4 );
#799=ORIENTED_EDGE ( 'NONE', *, *, #10137, .F. );
#800=CARTESIAN_POINT ( 'NONE',  ( -8.550000000000029100, 0.05000000000000000300, 4.079999999999996500 ) );
#801=ORIENTED_EDGE ( 'NONE', *, *, #10221, .T. );
#802=ORIENTED_EDGE ( 'NONE', *, *, #481, .F. );
#803=ORIENTED_EDGE ( 'NONE', *, *, #12336, .T. );
#804=AXIS2_PLACEMENT_3D ( 'NONE', #2524, #95, #31 );
#805=CARTESIAN_POINT ( 'NONE',  ( -8.999999999999865000, 0.0000000000000000000, 7.889999999999997900 ) );
#806=CARTESIAN_POINT ( 'NONE',  ( -1.950000000000001300, 0.05000000000000000300, 2.009999999999999800 ) );
#807=CARTESIAN_POINT ( 'NONE',  ( 9.000000000000053300, -1.006230589874914900, -0.4550000000001277500 ) );
#808=ORIENTED_EDGE ( 'NONE', *, *, #3012, .T. );
#809=LINE ( 'NONE', #4500, #10 );
#810=CARTESIAN_POINT ( 'NONE',  ( 0.0000000000000000000, 0.0000000000000000000, -4.440000000000004800 ) );
#811=ORIENTED_EDGE ( 'NONE', *, *, #9940, .T. );
#812=ORIENTED_EDGE ( 'NONE', *, *, #13515, .T. );
#813=ORIENTED_EDGE ( 'NONE', *, *, #823, .F. );
#814=CARTESIAN_POINT ( 'NONE',  ( 0.0000000000000000000, 0.8000000000000000400, 12.29999999999999700 ) );
#815=ORIENTED_EDGE ( 'NONE', *, *, #12371, .T. );
#816=VERTEX_POINT ( 'NONE', #2854 );
#817=ORIENTED_EDGE ( 'NONE', *, *, #774, .T. );
#818=VERTEX_POINT ( 'NONE', #1201 );
#819=EDGE_CURVE ( 'NONE', #1843, #2029, #2496, .T. );
#820=CARTESIAN_POINT ( 'NONE',  ( -8.150000000000016300, 0.05000000000000000300, 0.2699999999999968000 ) );
#821=ORIENTED_EDGE ( 'NONE', *, *, #10642, .F. );
#822=PLANE ( 'NONE',  #2706 );
#823=EDGE_CURVE ( 'NONE', #10222, #3176, #9723, .T. );
#824=FACE_OUTER_BOUND ( 'NONE', #5334, .T. );
#825=FACE_OUTER_BOUND ( 'NONE', #2730, .T. );
#826=EDGE_CURVE ( 'NONE', #10984, #9667, #5968, .T. );
#827=CARTESIAN_POINT ( 'NONE',  ( 9.000000000000145700, -1.006230589874914900, 0.0000000000000000000 ) );
#828=VERTEX_POINT ( 'NONE', #1145 );
#829=ORIENTED_EDGE ( 'NONE', *, *, #10925, .F. );
#830=LINE ( 'NONE', #345, #577 );
#831=LINE ( 'NONE', #3959, #205 );
#832=PLANE ( 'NONE',  #12032 );
#833=ORIENTED_EDGE ( 'NONE', *, *, #2797, .T. );
#834=EDGE_LOOP ( 'NONE', ( #2541, #10150, #12398, #11048 ) );
#835=ORIENTED_EDGE ( 'NONE', *, *, #3763, .T. );
#836=CARTESIAN_POINT ( 'NONE',  ( -3.994999999999998300, 0.05000000000000000300, 12.29999999999999700 ) );
#837=ADVANCED_FACE ( 'NONE', ( #4074 ), #685, .T. );
#838=ORIENTED_EDGE ( 'NONE', *, *, #6871, .T. );
#839=ORIENTED_EDGE ( 'NONE', *, *, #92, .T. );
#840=CARTESIAN_POINT ( 'NONE',  ( -8.999999999999840100, 0.0000000000000000000, 9.529999999999997600 ) );
#841=ADVANCED_FACE ( 'NONE', ( #6839 ), #1252, .F. );
#842=CARTESIAN_POINT ( 'NONE',  ( 8.150000000000170900, 0.05000000000000000300, 10.79999999999999500 ) );
#843=PLANE ( 'NONE',  #5120 );
#844=EDGE_LOOP ( 'NONE', ( #838, #8853, #223, #8534, #12219, #7900, #3312, #3091, #7600, #11843, #7465, #2696 ) );
#845=CARTESIAN_POINT ( 'NONE',  ( -3.000000000000000900, 0.7500000000000000000, -12.25000000000000000 ) );
#846=EDGE_CURVE ( 'NONE', #2454, #3859, #11165, .T. );
#847=EDGE_CURVE ( 'NONE', #13941, #12061, #2096, .T. );
#848=EDGE_LOOP ( 'NONE', ( #7536, #11578, #6120, #12941 ) );
#849=EDGE_CURVE ( 'NONE', #10011, #713, #7362, .T. );
#850=VECTOR ( 'NONE', #2865, 1000.000000000000000 );
#851=( GEOMETRIC_REPRESENTATION_CONTEXT ( 3 ) GLOBAL_UNCERTAINTY_ASSIGNED_CONTEXT ( ( #178 ) ) GLOBAL_UNIT_ASSIGNED_CONTEXT ( ( #7, #195, #16 ) ) REPRESENTATION_CONTEXT ( 'NONE', 'WORKASPACE' ) );
#852=ORIENTED_EDGE ( 'NONE', *, *, #13064, .F. );
#853=LINE ( 'NONE', #420, #4255 );
#854=VERTEX_POINT ( 'NONE', #3778 );
#855=EDGE_CURVE ( 'NONE', #1388, #1984, #8353, .T. );
#856=MECHANICAL_DESIGN_GEOMETRIC_PRESENTATION_REPRESENTATION (  '', ( #2095 ), #9152 );
#857=ORIENTED_EDGE ( 'NONE', *, *, #1413, .T. );
#858=CARTESIAN_POINT ( 'NONE',  ( -1.950000000000002200, 0.05000000000000000300, 1.510000000000001100 ) );
#859=AXIS2_PLACEMENT_3D ( 'NONE', #10538, #95, #31 );
#860=EDGE_LOOP ( 'NONE', ( #4110, #8085, #8077, #11615 ) );
#861=ORIENTED_EDGE ( 'NONE', *, *, #1437, .F. );
#862=LINE ( 'NONE', #5793, #36 );
#863=LINE ( 'NONE', #1201, #1107 );
#864=VERTEX_POINT ( 'NONE', #4624 );
#865=CARTESIAN_POINT ( 'NONE',  ( -1.050000000000000500, 0.05000000000000000300, 2.910000000000007700 ) );
#866=ADVANCED_FACE ( 'NONE', ( #4638 ), #685, .T. );
#867=LINE ( 'NONE', #7673, #327 );
#868=EDGE_LOOP ( 'NONE', ( #14056, #9760, #12504, #1105, #8374, #12583 ) );
#869=ORIENTED_EDGE ( 'NONE', *, *, #664, .T. );
#870=LINE ( 'NONE', #514, #8751 );
#871=LINE ( 'NONE', #2135, #5450 );
#872=ORIENTED_EDGE ( 'NONE', *, *, #3033, .F. );
#873=CARTESIAN_POINT ( 'NONE',  ( 9.000000000000158100, -1.006230589874914900, 10.42999999999999400 ) );
#874=CARTESIAN_POINT ( 'NONE',  ( 9.000000000000000000, 0.0000000000000000000, 12.74999999999999800 ) );
#875=EDGE_LOOP ( 'NONE', ( #7248, #12728, #8626, #5154 ) );
#876=EDGE_CURVE ( 'NONE', #4640, #6236, #12558, .T. );
#877=ORIENTED_EDGE ( 'NONE', *, *, #3076, .T. );
#878=ORIENTED_EDGE ( 'NONE', *, *, #13474, .T. );
#879=ORIENTED_EDGE ( 'NONE', *, *, #7425, .T. );
#880=EDGE_CURVE ( 'NONE', #3805, #14133, #1261, .T. );
#881=EDGE_CURVE ( 'NONE', #6874, #2609, #12241, .T. );
#882=LINE ( 'NONE', #8407, #1319 );
#883=VERTEX_POINT ( 'NONE', #9270 );
#884=CARTESIAN_POINT ( 'NONE',  ( -1.950000000000001300, 0.05000000000000000300, 0.6100000000000009900 ) );
#885=DIRECTION ( 'NONE',  ( -1.000000000000000000, 0.0000000000000000000, -1.927470528863116600E-015 ) );
#886=CARTESIAN_POINT ( 'NONE',  ( 0.0000000000000000000, 0.0000000000000000000, 12.74999999999999800 ) );
#887=ADVANCED_FACE ( 'NONE', ( #8393 ), #43, .F. );
#888=ORIENTED_EDGE ( 'NONE', *, *, #3453, .F. );
#889=LINE ( 'NONE', #744, #493 );
#890=ORIENTED_EDGE ( 'NONE', *, *, #7292, .F. );
#891=DIRECTION ( 'NONE',  ( 1.000000000000000000, 0.0000000000000000000, -0.0000000000000000000 ) );
#892=ORIENTED_EDGE ( 'NONE', *, *, #7975, .T. );
#893=EDGE_LOOP ( 'NONE', ( #6476, #6536, #6513, #4222, #10712, #13650 ) );
#894=ORIENTED_EDGE ( 'NONE', *, *, #2215, .F. );
#895=EDGE_CURVE ( 'NONE', #5086, #1140, #1036, .T. );
#896=CARTESIAN_POINT ( 'NONE',  ( 8.150000000000170900, 0.0000000000000000000, 10.79999999999999500 ) );
#897=VERTEX_POINT ( 'NONE', #7506 );
#898=CARTESIAN_POINT ( 'NONE',  ( -8.549999999999865700, 0.8000000000000000400, 6.989999999999989600 ) );
#899=VERTEX_POINT ( 'NONE', #4637 );
#900=ORIENTED_EDGE ( 'NONE', *, *, #8536, .F. );
#901=VERTEX_POINT ( 'NONE', #8091 );
#902=EDGE_CURVE ( 'NONE', #3705, #6332, #1468, .T. );
#903=CARTESIAN_POINT ( 'NONE',  ( -3.994999999999998300, 0.0000000000000000000, 12.29999999999999700 ) );
#904=CARTESIAN_POINT ( 'NONE',  ( 8.550000000000171200, 0.8000000000000000400, 11.69999999999999800 ) );
#905=VERTEX_POINT ( 'NONE', #782 );
#906=CARTESIAN_POINT ( 'NONE',  ( 9.000000000000065700, 0.0000000000000000000, 1.539999999999996300 ) );
#907=VERTEX_POINT ( 'NONE', #2387 );
#908=VECTOR ( 'NONE', #74, 1000.000000000000000 );
#909=ORIENTED_EDGE ( 'NONE', *, *, #7088, .F. );
#910=ORIENTED_EDGE ( 'NONE', *, *, #1844, .F. );
#911=ORIENTED_EDGE ( 'NONE', *, *, #13679, .F. );
#912=AXIS2_PLACEMENT_3D ( 'NONE', #4713, #15, #575 );
#913=CARTESIAN_POINT ( 'NONE',  ( -7.800000000000001600, 2.999200000000000500, 11.69999999999999800 ) );
#914=FACE_OUTER_BOUND ( 'NONE', #1748, .T. );
#915=VERTEX_POINT ( 'NONE', #1645 );
#916=VERTEX_POINT ( 'NONE', #6270 );
#917=DIRECTION ( 'NONE',  ( -3.854941057726233200E-015, 0.0000000000000000000, -1.000000000000000000 ) );
#918=ORIENTED_EDGE ( 'NONE', *, *, #9110, .T. );
#919=EDGE_LOOP ( 'NONE', ( #9538, #2015, #8314, #10112 ) );
#920=ORIENTED_EDGE ( 'NONE', *, *, #14104, .F. );
#921=VERTEX_POINT ( 'NONE', #2790 );
#922=CARTESIAN_POINT ( 'NONE',  ( 8.150000000000170900, 0.0000000000000000000, 6.989999999999996700 ) );
#923=CARTESIAN_POINT ( 'NONE',  ( 9.000000000000104800, 0.0000000000000000000, 4.449999999999996600 ) );
#924=LINE ( 'NONE', #7415, #184 );
#925=CARTESIAN_POINT ( 'NONE',  ( -6.164999999999999100, 0.0000000000000000000, 12.74999999999999800 ) );
#926=ADVANCED_FACE ( 'NONE', ( #12986 ), #5244, .F. );
#927=EDGE_CURVE ( 'NONE', #7255, #4813, #11471, .T. );
#928=ORIENTED_EDGE ( 'NONE', *, *, #3867, .F. );
#929=EDGE_CURVE ( 'NONE', #7748, #11884, #961, .T. );
#930=ADVANCED_FACE ( 'NONE', ( #6078 ), #2729, .F. );
#931=PLANE ( 'NONE',  #6621 );
#932=LINE ( 'NONE', #1347, #209 );
#933=FACE_OUTER_BOUND ( 'NONE', #10510, .T. );
#934=CARTESIAN_POINT ( 'NONE',  ( -7.800000000000001600, 0.8000000000000000400, 11.69999999999999800 ) );
#935=CARTESIAN_POINT ( 'NONE',  ( -8.150000000000048300, 0.0000000000000000000, 8.259999999999996200 ) );
#936=CARTESIAN_POINT ( 'NONE',  ( -8.549999999999945600, 0.8000000000000000400, -0.6300000000000073300 ) );
#937=ORIENTED_EDGE ( 'NONE', *, *, #6356, .F. );
#938=FACE_OUTER_BOUND ( 'NONE', #5900, .T. );
#939=EDGE_LOOP ( 'NONE', ( #4696, #10379, #12148, #7039 ) );
#940=EDGE_LOOP ( 'NONE', ( #9352, #2787, #14434, #2791, #839, #14285 ) );
#941=CARTESIAN_POINT ( 'NONE',  ( 9.000000000000065700, 0.0000000000000000000, 0.8149999999998413000 ) );
#942=CARTESIAN_POINT ( 'NONE',  ( 8.150000000000170900, 0.0000000000000000000, 5.349999999999997000 ) );
#943=CARTESIAN_POINT ( 'NONE',  ( 8.150000000000170900, 0.0000000000000000000, 9.529999999999995800 ) );
#944=ORIENTED_EDGE ( 'NONE', *, *, #3591, .T. );
#945=LINE ( 'NONE', #4578, #4 );
#946=ADVANCED_FACE ( 'NONE', ( #6278 ), #117, .T. );
#947=EDGE_CURVE ( 'NONE', #10364, #9859, #8378, .T. );
#948=EDGE_CURVE ( 'NONE', #958, #3752, #2479, .T. );
#949=AXIS2_PLACEMENT_3D ( 'NONE', #6280, #891, #669 );
#950=FACE_OUTER_BOUND ( 'NONE', #9423, .T. );
#951=ORIENTED_EDGE ( 'NONE', *, *, #7975, .F. );
#952=ORIENTED_EDGE ( 'NONE', *, *, #6905, .T. );
#953=EDGE_CURVE ( 'NONE', #8403, #12694, #13578, .T. );
#954=CARTESIAN_POINT ( 'NONE',  ( -8.550000000000013100, 0.05000000000000000300, -1.000000000000003600 ) );
#955=CARTESIAN_POINT ( 'NONE',  ( -8.150000000000057200, 0.05000000000000000300, 10.79999999999999500 ) );
#956=CARTESIAN_POINT ( 'NONE',  ( -7.000000000000000900, 0.7500000000000000000, -11.44999999999999900 ) );
#957=CARTESIAN_POINT ( 'NONE',  ( -8.999999999999879200, 0.8000000000000000400, 5.719999999999997100 ) );
#958=VERTEX_POINT ( 'NONE', #4113 );
#959=PLANE ( 'NONE',  #2026 );
#960=CARTESIAN_POINT ( 'NONE',  ( 8.150000000000170900, 0.05000000000000000300, -4.810000000000003200 ) );
#961=LINE ( 'NONE', #3, #10 );
#962=ORIENTED_EDGE ( 'NONE', *, *, #3999, .T. );
#963=ADVANCED_FACE ( 'NONE', ( #10660 ), #49, .T. );
#964=LINE ( 'NONE', #4253, #36 );
#965=ORIENTED_EDGE ( 'NONE', *, *, #6894, .F. );
#966=ORIENTED_EDGE ( 'NONE', *, *, #12606, .F. );
#967=CARTESIAN_POINT ( 'NONE',  ( -7.600000000000001400, 30.15163842104813000, 11.69999999999999800 ) );
#968=LINE ( 'NONE', #5727, #184 );
#969=CARTESIAN_POINT ( 'NONE',  ( -8.999999999999879200, 0.8000000000000000400, 6.444999999999991400 ) );
#970=EDGE_CURVE ( 'NONE', #9822, #10735, #1106, .T. );
#971=EDGE_CURVE ( 'NONE', #13256, #3836, #8218, .T. );
#972=ORIENTED_EDGE ( 'NONE', *, *, #6898, .T. );
#973=PLANE ( 'NONE',  #13627 );
#974=ORIENTED_EDGE ( 'NONE', *, *, #2890, .T. );
#975=EDGE_CURVE ( 'NONE', #9545, #2676, #13408, .T. );
#976=CARTESIAN_POINT ( 'NONE',  ( 9.000000000000104800, 0.8000000000000000400, -0.0000000000000000000 ) );
#977=CARTESIAN_POINT ( 'NONE',  ( 1.800000000000000700, 0.7500000000000000000, -12.25000000000000000 ) );
#978=PRESENTATION_LAYER_ASSIGNMENT (  '', '', ( #8540 ) );
#979=LINE ( 'NONE', #806, #493 );
#980=EDGE_CURVE ( 'NONE', #7255, #3707, #7684, .T. );
#981=CARTESIAN_POINT ( 'NONE',  ( -4.719999999999998000, 0.8000000000000000400, 12.74999999999999800 ) );
#982=EDGE_LOOP ( 'NONE', ( #13866, #8780, #2461, #12071 ) );
#983=CARTESIAN_POINT ( 'NONE',  ( 8.150000000000170900, 0.05000000000000000300, 6.619999999999997400 ) );
#984=CARTESIAN_POINT ( 'NONE',  ( -8.999999999999840100, 0.8000000000000000400, 10.42999999999999400 ) );
#985=EDGE_LOOP ( 'NONE', ( #1033, #10151, #2832, #13757 ) );
#986=FACE_OUTER_BOUND ( 'NONE', #8351, .T. );
#987=ORIENTED_EDGE ( 'NONE', *, *, #4516, .F. );
#988=ORIENTED_EDGE ( 'NONE', *, *, #4726, .F. );
#989=LINE ( 'NONE', #2741, #850 );
#990=ORIENTED_EDGE ( 'NONE', *, *, #14514, .T. );
#991=CLOSED_SHELL ( 'NONE', ( #4553, #7912, #14369, #5674, #1336, #8159, #8651, #5929, #10717, #13381 ) );
#992=CARTESIAN_POINT ( 'NONE',  ( -1.950000000000001300, 0.0000000000000000000, 3.409999999999998400 ) );
#993=ORIENTED_EDGE ( 'NONE', *, *, #1416, .T. );
#994=CARTESIAN_POINT ( 'NONE',  ( -8.150000000000039400, 0.0000000000000000000, 6.619999999999997400 ) );
#995=LINE ( 'NONE', #9139, #327 );
#996=LINE ( 'NONE', #3500, #184 );
#997=CARTESIAN_POINT ( 'NONE',  ( -5.264999999999997900, 0.0000000000000000000, 12.74999999999999800 ) );
#998=LINE ( 'NONE', #5232, #184 );
#999=DIRECTION ( 'NONE',  ( -1.000000000000000000, 0.0000000000000000000, -9.637352644315592800E-016 ) );
#1000=CARTESIAN_POINT ( 'NONE',  ( -5.264999999999997900, 0.05000000000000000300, 11.90000000000017100 ) );
#1001=EDGE_CURVE ( 'NONE', #3854, #12734, #7102, .T. );
#1002=CARTESIAN_POINT ( 'NONE',  ( -0.6000000000000007500, 0.7500000000000000000, -9.099999999999999600 ) );
#1003=ORIENTED_EDGE ( 'NONE', *, *, #3502, .T. );
#1004=ORIENTED_EDGE ( 'NONE', *, *, #3280, .F. );
#1005=EDGE_CURVE ( 'NONE', #9614, #8830, #10492, .T. );
#1006=CARTESIAN_POINT ( 'NONE',  ( -8.999999999999964500, -1.006230589874914900, 4.899999999999991500 ) );
#1007=ORIENTED_EDGE ( 'NONE', *, *, #3660, .F. );
#1008=EDGE_CURVE ( 'NONE', #7909, #4056, #968, .T. );
#1009=FACE_OUTER_BOUND ( 'NONE', #13839, .T. );
#1010=ORIENTED_EDGE ( 'NONE', *, *, #3793, .T. );
#1011=ORIENTED_EDGE ( 'NONE', *, *, #10390, .F. );
#1012=ORIENTED_EDGE ( 'NONE', *, *, #12962, .F. );
#1013=LINE ( 'NONE', #4464, #184 );
#1014=FACE_OUTER_BOUND ( 'NONE', #985, .T. );
#1015=ADVANCED_FACE ( 'NONE', ( #4058 ), #2655, .F. );
#1016=MANIFOLD_SOLID_BREP ( 'Boss-Extrude6[4]', #6537 );
#1017=CARTESIAN_POINT ( 'NONE',  ( 9.000000000000172300, 0.8000000000000000400, 10.79999999999999500 ) );
#1018=CARTESIAN_POINT ( 'NONE',  ( 8.550000000000132200, -1.006230589874914900, 7.889999999999997900 ) );
#1019=AXIS2_PLACEMENT_3D ( 'NONE', #3095, #95, #31 );
#1020=CARTESIAN_POINT ( 'NONE',  ( 8.550000000000038000, -1.006230589874914900, -1.000000000000004400 ) );
#1021=PLANE ( 'NONE',  #13520 );
#1022=ADVANCED_FACE ( 'NONE', ( #4817 ), #49, .F. );
#1023=ORIENTED_EDGE ( 'NONE', *, *, #1679, .F. );
#1024=CARTESIAN_POINT ( 'NONE',  ( 9.000000000000039100, -1.006230589874914900, -1.000000000000004400 ) );
#1025=DIRECTION ( 'NONE',  ( 9.637352644315602600E-016, 0.0000000000000000000, -1.000000000000000000 ) );
#1026=CARTESIAN_POINT ( 'NONE',  ( 6.165000000000002700, 0.05000000000000000300, 11.90000000000017100 ) );
#1027=VERTEX_POINT ( 'NONE', #8092 );
#1028=CARTESIAN_POINT ( 'NONE',  ( -1.084999999999999100, -1.006230589874914900, 12.29999999999999700 ) );
#1029=FACE_OUTER_BOUND ( 'NONE', #7585, .T. );
#1030=ORIENTED_EDGE ( 'NONE', *, *, #5444, .F. );
#1031=PLANE ( 'NONE',  #11350 );
#1032=ORIENTED_EDGE ( 'NONE', *, *, #4807, .T. );
#1033=ORIENTED_EDGE ( 'NONE', *, *, #10649, .T. );
#1034=ORIENTED_EDGE ( 'NONE', *, *, #13386, .F. );
#1035=EDGE_CURVE ( 'NONE', #4537, #7086, #1883, .T. );
#1036=LINE ( 'NONE', #1260, #5450 );
#1037=EDGE_CURVE ( 'NONE', #710, #9889, #2076, .T. );
#1038=EDGE_CURVE ( 'NONE', #243, #7720, #4978, .T. );
#1039=ORIENTED_EDGE ( 'NONE', *, *, #8620, .F. );
#1040=CARTESIAN_POINT ( 'NONE',  ( -3.350000000000001000, 0.0000000000000000000, 3.409999999999989000 ) );
#1041=AXIS2_PLACEMENT_3D ( 'NONE', #272, #575, #19 );
#1042=CARTESIAN_POINT ( 'NONE',  ( 4.699999999999997500, 0.8000000000000000400, -11.44999999999999800 ) );
#1043=ADVANCED_FACE ( 'NONE', ( #5523 ), #12987, .F. );
#1044=ORIENTED_EDGE ( 'NONE', *, *, #58, .T. );
#1045=AXIS2_PLACEMENT_3D ( 'NONE', #4234, #15, #575 );
#1046=ORIENTED_EDGE ( 'NONE', *, *, #9245, .T. );
#1047=CARTESIAN_POINT ( 'NONE',  ( -4.600000000000000500, 0.7500000000000000000, -9.899999999999998600 ) );
#1048=CARTESIAN_POINT ( 'NONE',  ( 9.000000000000065700, 0.0000000000000000000, 1.364999999999840800 ) );
#1049=LINE ( 'NONE', #730, #4810 );
#1050=( GEOMETRIC_REPRESENTATION_CONTEXT ( 3 ) GLOBAL_UNCERTAINTY_ASSIGNED_CONTEXT ( ( #178 ) ) GLOBAL_UNIT_ASSIGNED_CONTEXT ( ( #7, #195, #16 ) ) REPRESENTATION_CONTEXT ( 'NONE', 'WORKASPACE' ) );
#1051=VERTEX_POINT ( 'NONE', #14010 );
#1052=VERTEX_POINT ( 'NONE', #4418 );
#1053=VERTEX_POINT ( 'NONE', #3956 );
#1054=FACE_OUTER_BOUND ( 'NONE', #6692, .T. );
#1055=CARTESIAN_POINT ( 'NONE',  ( 0.1850000000000002800, 0.0000000000000000000, 12.74999999999999800 ) );
#1056=LINE ( 'NONE', #3529, #205 );
#1057=CARTESIAN_POINT ( 'NONE',  ( -8.550000000000055800, 0.05000000000000000300, 11.69999999999999800 ) );
#1058=ORIENTED_EDGE ( 'NONE', *, *, #5847, .F. );
#1059=LINE ( 'NONE', #842, #205 );
#1060=ORIENTED_EDGE ( 'NONE', *, *, #4837, .T. );
#1061=LINE ( 'NONE', #4146, #4 );
#1062=ORIENTED_EDGE ( 'NONE', *, *, #2263, .T. );
#1063=EDGE_CURVE ( 'NONE', #3938, #6272, #11315, .T. );
#1064=LINE ( 'NONE', #1798, #45 );
#1065=ORIENTED_EDGE ( 'NONE', *, *, #281, .F. );
#1066=EDGE_CURVE ( 'NONE', #3791, #8617, #10816, .T. );
#1067=PLANE ( 'NONE',  #2417 );
#1068=ADVANCED_FACE ( 'NONE', ( #3664 ), #233, .T. );
#1069=CARTESIAN_POINT ( 'NONE',  ( 5.999999999999998200, 0.7500000000000000000, -6.750000000000000000 ) );
#1070=ORIENTED_EDGE ( 'NONE', *, *, #13674, .T. );
#1071=EDGE_CURVE ( 'NONE', #5453, #5574, #5, .T. );
#1072=ORIENTED_EDGE ( 'NONE', *, *, #579, .T. );
#1073=PRESENTATION_LAYER_ASSIGNMENT (  '', '', ( #11131 ) );
#1074=ORIENTED_EDGE ( 'NONE', *, *, #2866, .F. );
#1075=FACE_OUTER_BOUND ( 'NONE', #8368, .T. );
#1076=AXIS2_PLACEMENT_3D ( 'NONE', #2587, #95, #31 );
#1077=LINE ( 'NONE', #3398, #2548 );
#1078=ORIENTED_EDGE ( 'NONE', *, *, #9869, .F. );
#1079=CARTESIAN_POINT ( 'NONE',  ( 8.550000000000144600, 0.8000000000000000400, 8.259999999999996200 ) );
#1080=ORIENTED_EDGE ( 'NONE', *, *, #14018, .T. );
#1081=EDGE_LOOP ( 'NONE', ( #10744, #10851, #7507, #5921 ) );
#1082=CARTESIAN_POINT ( 'NONE',  ( -4.895000000000000500, 0.05000000000000000300, 11.90000000000017100 ) );
#1083=FACE_OUTER_BOUND ( 'NONE', #1215, .T. );
#1084=ORIENTED_EDGE ( 'NONE', *, *, #4153, .T. );
#1085=LINE ( 'NONE', #8279, #184 );
#1086=ORIENTED_EDGE ( 'NONE', *, *, #365, .F. );
#1087=SURFACE_STYLE_USAGE ( .BOTH. , #11405 );
#1088=ORIENTED_EDGE ( 'NONE', *, *, #9203, .T. );
#1089=CARTESIAN_POINT ( 'NONE',  ( 8.150000000000170900, 0.0000000000000000000, 6.619999999999997400 ) );
#1090=ORIENTED_EDGE ( 'NONE', *, *, #11202, .F. );
#1091=ORIENTED_EDGE ( 'NONE', *, *, #4863, .F. );
#1092=CARTESIAN_POINT ( 'NONE',  ( 0.0000000000000000000, 0.0000000000000000000, -4.810000000000003200 ) );
#1093=ORIENTED_EDGE ( 'NONE', *, *, #763, .T. );
#1094=FACE_BOUND ( 'NONE', #4859, .T. );
#1095=EDGE_CURVE ( 'NONE', #14058, #4072, #12373, .T. );
#1096=LINE ( 'NONE', #10304, #184 );
#1097=ORIENTED_EDGE ( 'NONE', *, *, #11561, .T. );
#1098=EDGE_CURVE ( 'NONE', #13091, #2631, #8203, .T. );
#1099=ORIENTED_EDGE ( 'NONE', *, *, #5298, .F. );
#1100=EDGE_CURVE ( 'NONE', #5514, #13406, #3637, .T. );
#1101=LINE ( 'NONE', #3304, #4934 );
#1102=ORIENTED_EDGE ( 'NONE', *, *, #4746, .T. );
#1103=EDGE_CURVE ( 'NONE', #5599, #11912, #9362, .T. );
#1104=AXIS2_PLACEMENT_3D ( 'NONE', #8810, #19, #135 );
#1105=ORIENTED_EDGE ( 'NONE', *, *, #14111, .T. );
#1106=LINE ( 'NONE', #874, #45 );
#1107=VECTOR ( 'NONE', #4018, 1000.000000000000000 );
#1108=ORIENTED_EDGE ( 'NONE', *, *, #6044, .F. );
#1109=CARTESIAN_POINT ( 'NONE',  ( -7.600000000000001400, 2.999200000000007200, 11.69999999999999800 ) );
#1110=VERTEX_POINT ( 'NONE', #7784 );
#1111=CARTESIAN_POINT ( 'NONE',  ( 6.165000000000002700, 0.8000000000000000400, 12.29999999999999700 ) );
#1112=CARTESIAN_POINT ( 'NONE',  ( -3.994999999999998300, 0.0000000000000000000, 12.74999999999999800 ) );
#1113=ORIENTED_EDGE ( 'NONE', *, *, #11024, .T. );
#1114=CARTESIAN_POINT ( 'NONE',  ( 0.0000000000000000000, 0.8000000000000000400, -3.170000000000004800 ) );
#1115=CARTESIAN_POINT ( 'NONE',  ( 8.000000000000000000, 30.15163842104813000, 11.42928932188134200 ) );
#1116=ADVANCED_FACE ( 'NONE', ( #6990 ), #550, .T. );
#1117=ORIENTED_EDGE ( 'NONE', *, *, #6281, .F. );
#1118=ADVANCED_FACE ( 'NONE', ( #10972 ), #13, .T. );
#1119=ORIENTED_EDGE ( 'NONE', *, *, #2555, .T. );
#1120=FACE_OUTER_BOUND ( 'NONE', #11220, .T. );
#1121=ORIENTED_EDGE ( 'NONE', *, *, #1714, .T. );
#1122=EDGE_CURVE ( 'NONE', #1754, #6321, #6434, .T. );
#1123=EDGE_CURVE ( 'NONE', #1808, #5971, #1013, .T. );
#1124=CARTESIAN_POINT ( 'NONE',  ( -8.549999999999919000, -1.006230589874914900, 0.0000000000000000000 ) );
#1125=VERTEX_POINT ( 'NONE', #1265 );
#1126=ORIENTED_EDGE ( 'NONE', *, *, #4267, .T. );
#1127=EDGE_CURVE ( 'NONE', #3488, #11621, #9866, .T. );
#1128=AXIS2_PLACEMENT_3D ( 'NONE', #10062, #575, #19 );
#1129=FACE_OUTER_BOUND ( 'NONE', #8217, .T. );
#1130=PLANE ( 'NONE',  #8151 );
#1131=CARTESIAN_POINT ( 'NONE',  ( 8.550000000000093100, 0.04999999999999991300, 4.079999999999995600 ) );
#1132=EDGE_LOOP ( 'NONE', ( #252, #13502, #3772, #9589 ) );
#1133=ORIENTED_EDGE ( 'NONE', *, *, #12878, .F. );
#1134=AXIS2_PLACEMENT_3D ( 'NONE', #2231, #95, #31 );
#1135=VERTEX_POINT ( 'NONE', #3370 );
#1136=EDGE_CURVE ( 'NONE', #2302, #6216, #7854, .T. );
#1137=FACE_OUTER_BOUND ( 'NONE', #12530, .T. );
#1138=VERTEX_POINT ( 'NONE', #4376 );
#1139=ORIENTED_EDGE ( 'NONE', *, *, #557, .T. );
#1140=VERTEX_POINT ( 'NONE', #1605 );
#1141=ORIENTED_EDGE ( 'NONE', *, *, #9451, .T. );
#1142=LINE ( 'NONE', #185, #184 );
#1143=ADVANCED_FACE ( 'NONE', ( #3062 ), #3377, .F. );
#1144=ORIENTED_EDGE ( 'NONE', *, *, #12005, .T. );
#1145=CARTESIAN_POINT ( 'NONE',  ( -7.549200000000003500, 3.049999999999999800, -5.629289321881345600 ) );
#1146=ORIENTED_EDGE ( 'NONE', *, *, #7427, .T. );
#1147=FACE_OUTER_BOUND ( 'NONE', #1555, .T. );
#1148=FACE_OUTER_BOUND ( 'NONE', #11745, .T. );
#1149=ORIENTED_EDGE ( 'NONE', *, *, #3413, .T. );
#1150=LINE ( 'NONE', #317, #205 );
#1151=VERTEX_POINT ( 'NONE', #10152 );
#1152=LINE ( 'NONE', #2633, #184 );
#1153=EDGE_CURVE ( 'NONE', #11944, #13323, #6804, .T. );
#1154=ORIENTED_EDGE ( 'NONE', *, *, #763, .F. );
#1155=ORIENTED_EDGE ( 'NONE', *, *, #6231, .F. );
#1156=LINE ( 'NONE', #2468, #577 );
#1157=CARTESIAN_POINT ( 'NONE',  ( 8.150000000000170900, 0.05000000000000000300, -5.710000000000005300 ) );
#1158=ORIENTED_EDGE ( 'NONE', *, *, #3475, .T. );
#1159=VERTEX_POINT ( 'NONE', #80 );
#1160=CARTESIAN_POINT ( 'NONE',  ( 8.550000000000171200, 0.8000000000000000400, -0.0000000000000000000 ) );
#1161=CARTESIAN_POINT ( 'NONE',  ( 8.550000000000064700, -1.006230589874914900, 0.6399999999999955700 ) );
#1162=FACE_OUTER_BOUND ( 'NONE', #4831, .T. );
#1163=EDGE_LOOP ( 'NONE', ( #3775, #4005, #8290, #708 ) );
#1164=EDGE_CURVE ( 'NONE', #1110, #7188, #2274, .T. );
#1165=VERTEX_POINT ( 'NONE', #3136 );
#1166=ADVANCED_FACE ( 'NONE', ( #3847 ), #737, .F. );
#1167=ORIENTED_EDGE ( 'NONE', *, *, #693, .F. );
#1168=LINE ( 'NONE', #190, #209 );
#1169=DIRECTION ( 'NONE',  ( 1.000000000000000000, 0.0000000000000000000, -1.927470528863116600E-015 ) );
#1170=ORIENTED_EDGE ( 'NONE', *, *, #2110, .T. );
#1171=CARTESIAN_POINT ( 'NONE',  ( 6.535000000000001900, 0.05000000000000000300, 11.90000000000017100 ) );
#1172=VERTEX_POINT ( 'NONE', #4615 );
#1173=CARTESIAN_POINT ( 'NONE',  ( 6.799999999999998900, 0.8000000000000000400, -12.25000000000000200 ) );
#1174=EDGE_CURVE ( 'NONE', #4690, #10504, #1244, .T. );
#1175=LINE ( 'NONE', #3951, #93 );
#1176=EDGE_CURVE ( 'NONE', #14246, #5893, #12231, .T. );
#1177=EDGE_CURVE ( 'NONE', #9057, #4169, #5156, .T. );
#1178=EDGE_LOOP ( 'NONE', ( #7870, #11563, #11170, #3725 ) );
#1179=ORIENTED_EDGE ( 'NONE', *, *, #7044, .F. );
#1180=AXIS2_PLACEMENT_3D ( 'NONE', #884, #999, #5898 );
#1181=FACE_OUTER_BOUND ( 'NONE', #2976, .T. );
#1182=CYLINDRICAL_SURFACE ( 'NONE', #4708, 0.2500000000000002200 );
#1183=CARTESIAN_POINT ( 'NONE',  ( 9.000000000000092400, 0.8000000000000000400, 3.904999999999779100 ) );
#1184=PLANE ( 'NONE',  #10979 );
#1185=CARTESIAN_POINT ( 'NONE',  ( -6.164999999999999100, 0.04999999999999991300, 12.29999999999999700 ) );
#1186=FACE_OUTER_BOUND ( 'NONE', #452, .T. );
#1187=PLANE ( 'NONE',  #3261 );
#1188=CARTESIAN_POINT ( 'NONE',  ( 9.000000000000012400, 0.0000000000000000000, -4.440000000000004800 ) );
#1189=ORIENTED_EDGE ( 'NONE', *, *, #1731, .T. );
#1190=ORIENTED_EDGE ( 'NONE', *, *, #7318, .F. );
#1191=VERTEX_POINT ( 'NONE', #13258 );
#1192=EDGE_CURVE ( 'NONE', #12107, #3373, #12044, .T. );
#1193=EDGE_CURVE ( 'NONE', #7474, #3094, #9025, .T. );
#1194=CARTESIAN_POINT ( 'NONE',  ( -2.724999999999998300, 0.0000000000000000000, 12.74999999999999800 ) );
#1195=CARTESIAN_POINT ( 'NONE',  ( -8.150000000000044800, 0.05000000000000000300, 7.889999999999997900 ) );
#1196=EDGE_CURVE ( 'NONE', #590, #5435, #6263, .T. );
#1197=ADVANCED_FACE ( 'NONE', ( #6624 ), #8219, .T. );
#1198=EDGE_CURVE ( 'NONE', #12193, #8451, #11617, .T. );
#1199=ORIENTED_EDGE ( 'NONE', *, *, #14019, .T. );
#1200=ORIENTED_EDGE ( 'NONE', *, *, #4504, .T. );
#1201=CARTESIAN_POINT ( 'NONE',  ( -0.5500000000000018200, 0.0000000000000000000, 3.410000000000008600 ) );
#1202=LINE ( 'NONE', #3252, #205 );
#1203=ADVANCED_FACE ( 'NONE', ( #4798 ), #3466, .F. );
#1204=SURFACE_STYLE_FILL_AREA ( #319 );
#1205=EDGE_LOOP ( 'NONE', ( #3020, #10169, #1657, #12700 ) );
#1206=CARTESIAN_POINT ( 'NONE',  ( 8.150000000000170900, 0.05000000000000000300, 4.079999999999996500 ) );
#1207=ORIENTED_EDGE ( 'NONE', *, *, #11981, .T. );
#1208=PLANE ( 'NONE',  #9177 );
#1209=LINE ( 'NONE', #10352, #36 );
#1210=CARTESIAN_POINT ( 'NONE',  ( -8.999999999999934300, 0.0000000000000000000, 0.6399999999999964600 ) );
#1211=ORIENTED_EDGE ( 'NONE', *, *, #196, .F. );
#1212=ORIENTED_EDGE ( 'NONE', *, *, #10436, .F. );
#1213=LINE ( 'NONE', #884, #4 );
#1214=ORIENTED_EDGE ( 'NONE', *, *, #2030, .F. );
#1215=EDGE_LOOP ( 'NONE', ( #14030, #13728, #8893, #2427 ) );
#1216=CARTESIAN_POINT ( 'NONE',  ( -6.164999999999999100, 0.05000000000000000300, 12.29999999999999700 ) );
#1217=FACE_OUTER_BOUND ( 'NONE', #13285, .T. );
#1218=EDGE_CURVE ( 'NONE', #3048, #7020, #5885, .T. );
#1219=CARTESIAN_POINT ( 'NONE',  ( 0.0000000000000000000, 0.0000000000000000000, 7.889999999999997900 ) );
#1220=EDGE_CURVE ( 'NONE', #907, #8284, #2669, .T. );
#1221=ORIENTED_EDGE ( 'NONE', *, *, #4605, .T. );
#1222=CARTESIAN_POINT ( 'NONE',  ( -9.000000000000000000, 0.8000000000000000400, -5.710000000000005300 ) );
#1223=ADVANCED_FACE ( 'NONE', ( #11299 ), #2538, .F. );
#1224=EDGE_CURVE ( 'NONE', #8376, #581, #366, .T. );
#1225=CARTESIAN_POINT ( 'NONE',  ( 0.0000000000000000000, 0.8000000000000000400, -4.810000000000004100 ) );
#1226=VECTOR ( 'NONE', #1737, 1000.000000000000000 );
#1227=FACE_OUTER_BOUND ( 'NONE', #8419, .T. );
#1228=AXIS2_PLACEMENT_3D ( 'NONE', #10871, #1759, #2079 );
#1229=EDGE_LOOP ( 'NONE', ( #5706, #8066, #13560, #4249 ) );
#1230=ORIENTED_EDGE ( 'NONE', *, *, #14122, .T. );
#1231=LINE ( 'NONE', #8609, #36 );
#1232=ORIENTED_EDGE ( 'NONE', *, *, #10999, .F. );
#1233=FACE_OUTER_BOUND ( 'NONE', #8347, .T. );
#1234=EDGE_LOOP ( 'NONE', ( #13354, #11322, #7755, #13480 ) );
#1235=ORIENTED_EDGE ( 'NONE', *, *, #2338, .F. );
#1236=CARTESIAN_POINT ( 'NONE',  ( -8.150000000000025200, 0.0000000000000000000, 2.809999999999996500 ) );
#1237=ORIENTED_EDGE ( 'NONE', *, *, #12014, .F. );
#1238=VERTEX_POINT ( 'NONE', #3342 );
#1239=CARTESIAN_POINT ( 'NONE',  ( 0.0000000000000000000, 0.0000000000000000000, 9.159999999999998400 ) );
#1240=EDGE_LOOP ( 'NONE', ( #4542, #13367, #9664, #8608 ) );
#1241=CARTESIAN_POINT ( 'NONE',  ( 8.150000000000170900, 0.0000000000000000000, 8.259999999999996200 ) );
#1242=CARTESIAN_POINT ( 'NONE',  ( -0.1849999999999976700, 0.05000000000000000300, 11.90000000000017100 ) );
#1243=ADVANCED_FACE ( 'NONE', ( #12073 ), #7257, .F. );
#1244=LINE ( 'NONE', #2928, #110 );
#1245=EDGE_CURVE ( 'NONE', #10002, #1754, #6060, .T. );
#1246=ORIENTED_EDGE ( 'NONE', *, *, #6806, .F. );
#1247=EDGE_CURVE ( 'NONE', #5317, #4037, #13273, .T. );
#1248=AXIS2_PLACEMENT_3D ( 'NONE', #14077, #214, #15 );
#1249=LINE ( 'NONE', #10853, #36 );
#1250=VERTEX_POINT ( 'NONE', #955 );
#1251=LINE ( 'NONE', #8931, #209 );
#1252=PLANE ( 'NONE',  #2703 );
#1253=ORIENTED_EDGE ( 'NONE', *, *, #2217, .T. );
#1254=AXIS2_PLACEMENT_3D ( 'NONE', #11761, #21, #31 );
#1255=EDGE_LOOP ( 'NONE', ( #8134, #9804, #5019, #4778 ) );
#1256=CARTESIAN_POINT ( 'NONE',  ( -8.549999999999945600, 0.8000000000000000400, 0.0000000000000000000 ) );
#1257=EDGE_CURVE ( 'NONE', #3449, #4725, #3259, .T. );
#1258=CARTESIAN_POINT ( 'NONE',  ( -1.454999999999997900, -1.006230589874914900, 12.29999999999999700 ) );
#1259=ORIENTED_EDGE ( 'NONE', *, *, #6751, .F. );
#1260=CARTESIAN_POINT ( 'NONE',  ( -5.400000000000002100, 0.8000000000000000400, -11.44999999999999900 ) );
#1261=CIRCLE ( 'NONE', #4682, 0.2750000000000000800 );
#1262=CARTESIAN_POINT ( 'NONE',  ( -8.999999999999989300, -1.006230589874914900, -3.715000000000004700 ) );
#1263=CARTESIAN_POINT ( 'NONE',  ( -1.950000000000001300, 0.0000000000000000000, 2.009999999999999800 ) );
#1264=EDGE_LOOP ( 'NONE', ( #6654, #12084, #5546, #3696 ) );
#1265=CARTESIAN_POINT ( 'NONE',  ( -3.350000000000001000, 0.0000000000000000000, 0.6099999999999912200 ) );
#1266=ORIENTED_EDGE ( 'NONE', *, *, #13014, .F. );
#1267=VERTEX_POINT ( 'NONE', #4060 );
#1268=EDGE_CURVE ( 'NONE', #9541, #10735, #7158, .T. );
#1269=LINE ( 'NONE', #1798, #110 );
#1270=EDGE_LOOP ( 'NONE', ( #6404, #3232, #3486, #14227 ) );
#1271=ORIENTED_EDGE ( 'NONE', *, *, #12064, .T. );
#1272=ORIENTED_EDGE ( 'NONE', *, *, #7616, .F. );
#1273=EDGE_CURVE ( 'NONE', #7533, #6509, #576, .T. );
#1274=ORIENTED_EDGE ( 'NONE', *, *, #171, .T. );
#1275=EDGE_CURVE ( 'NONE', #1677, #268, #109, .T. );
#1276=VECTOR ( 'NONE', #1523, 1000.000000000000000 );
#1277=PLANE ( 'NONE',  #3624 );
#1278=ORIENTED_EDGE ( 'NONE', *, *, #11722, .T. );
#1279=( GEOMETRIC_REPRESENTATION_CONTEXT ( 3 ) GLOBAL_UNCERTAINTY_ASSIGNED_CONTEXT ( ( #178 ) ) GLOBAL_UNIT_ASSIGNED_CONTEXT ( ( #7, #195, #16 ) ) REPRESENTATION_CONTEXT ( 'NONE', 'WORKASPACE' ) );
#1280=CARTESIAN_POINT ( 'NONE',  ( 8.550000000000078900, 0.8000000000000000400, -0.0000000000000000000 ) );
#1281=PRESENTATION_LAYER_ASSIGNMENT (  '', '', ( #10170 ) );
#1282=ORIENTED_EDGE ( 'NONE', *, *, #2966, .F. );
#1283=PRESENTATION_LAYER_ASSIGNMENT (  '', '', ( #3856 ) );
#1284=LINE ( 'NONE', #7927, #416 );
#1285=ORIENTED_EDGE ( 'NONE', *, *, #12220, .F. );
#1286=FACE_OUTER_BOUND ( 'NONE', #5543, .T. );
#1287=EDGE_LOOP ( 'NONE', ( #2319, #10512, #4524, #4840 ) );
#1288=ORIENTED_EDGE ( 'NONE', *, *, #6385, .T. );
#1289=CARTESIAN_POINT ( 'NONE',  ( 4.699999999999997500, 0.7500000000000000000, -11.44999999999999800 ) );
#1290=ADVANCED_FACE ( 'NONE', ( #13401 ), #2655, .F. );
#1291=ORIENTED_EDGE ( 'NONE', *, *, #7516, .T. );
#1292=ADVANCED_FACE ( 'NONE', ( #6610 ), #2809, .F. );
#1293=ORIENTED_EDGE ( 'NONE', *, *, #14376, .F. );
#1294=ORIENTED_EDGE ( 'NONE', *, *, #1532, .F. );
#1295=ORIENTED_EDGE ( 'NONE', *, *, #4898, .F. );
#1296=FACE_OUTER_BOUND ( 'NONE', #350, .T. );
#1297=FACE_OUTER_BOUND ( 'NONE', #9569, .T. );
#1298=ORIENTED_EDGE ( 'NONE', *, *, #10329, .F. );
#1299=ORIENTED_EDGE ( 'NONE', *, *, #7004, .T. );
#1300=PRODUCT_DEFINITION_FORMATION_WITH_SPECIFIED_SOURCE ( 'ANY', '', #12159, .NOT_KNOWN. );
#1301=EDGE_CURVE ( 'NONE', #14424, #13673, #13702, .T. );
#1302=ORIENTED_EDGE ( 'NONE', *, *, #14279, .F. );
#1303=EDGE_CURVE ( 'NONE', #4084, #5017, #6246, .T. );
#1304=ORIENTED_EDGE ( 'NONE', *, *, #14279, .T. );
#1305=FACE_OUTER_BOUND ( 'NONE', #1973, .T. );
#1306=LINE ( 'NONE', #1631, #416 );
#1307=ORIENTED_EDGE ( 'NONE', *, *, #10260, .F. );
#1308=EDGE_CURVE ( 'NONE', #1477, #9231, #12822, .T. );
#1309=AXIS2_PLACEMENT_3D ( 'NONE', #8427, #215, #15 );
#1310=VERTEX_POINT ( 'NONE', #1454 );
#1311=ADVANCED_FACE ( 'NONE', ( #8687 ), #11740, .F. );
#1312=ORIENTED_EDGE ( 'NONE', *, *, #10978, .F. );
#1313=CARTESIAN_POINT ( 'NONE',  ( 8.550000000000169500, 0.05000000000000000300, -3.540000000000003100 ) );
#1314=ORIENTED_EDGE ( 'NONE', *, *, #11144, .F. );
#1315=ORIENTED_EDGE ( 'NONE', *, *, #8616, .T. );
#1316=ADVANCED_FACE ( 'NONE', ( #3043 ), #13667, .F. );
#1317=FACE_OUTER_BOUND ( 'NONE', #2698, .T. );
#1318=LINE ( 'NONE', #2781, #205 );
#1319=VECTOR ( 'NONE', #2845, 1000.000000000000000 );
#1320=CARTESIAN_POINT ( 'NONE',  ( 0.0000000000000000000, 3.250000000000000000, 11.44919999999999600 ) );
#1321=CARTESIAN_POINT ( 'NONE',  ( 8.550000000000144600, -1.006230589874914900, 9.159999999999998400 ) );
#1322=EDGE_LOOP ( 'NONE', ( #5922, #10556, #10476, #6714 ) );
#1323=CARTESIAN_POINT ( 'NONE',  ( -8.150000000000012800, 0.05000000000000000300, -1.900000000000005000 ) );
#1324=LINE ( 'NONE', #11822, #8252 );
#1325=EDGE_LOOP ( 'NONE', ( #10059, #480, #4087, #3903 ) );
#1326=CARTESIAN_POINT ( 'NONE',  ( 9.000000000000065700, -1.006230589874914900, 0.8149999999998413000 ) );
#1327=CARTESIAN_POINT ( 'NONE',  ( 8.550000000000132200, 0.0000000000000000000, 7.889999999999997900 ) );
#1328=CARTESIAN_POINT ( 'NONE',  ( 6.535000000000001900, 0.0000000000000000000, 12.74999999999999800 ) );
#1329=EDGE_CURVE ( 'NONE', #10692, #12329, #3451, .T. );
#1330=ORIENTED_EDGE ( 'NONE', *, *, #1257, .F. );
#1331=EDGE_CURVE ( 'NONE', #2120, #2632, #14138, .T. );
#1332=EDGE_CURVE ( 'NONE', #2384, #1267, #7488, .T. );
#1333=ORIENTED_EDGE ( 'NONE', *, *, #11416, .F. );
#1334=VERTEX_POINT ( 'NONE', #6636 );
#1335=EDGE_CURVE ( 'NONE', #6079, #141, #785, .T. );
#1336=ADVANCED_FACE ( 'NONE', ( #6979 ), #275, .F. );
#1337=AXIS2_PLACEMENT_3D ( 'NONE', #665, #95, #31 );
#1338=EDGE_LOOP ( 'NONE', ( #12102, #6928, #6074, #9762, #9408, #9047 ) );
#1339=CARTESIAN_POINT ( 'NONE',  ( 0.0000000000000000000, 0.8000000000000000400, -1.900000000000005000 ) );
#1340=ORIENTED_EDGE ( 'NONE', *, *, #14293, .T. );
#1341=ORIENTED_EDGE ( 'NONE', *, *, #10227, .T. );
#1342=ORIENTED_EDGE ( 'NONE', *, *, #6463, .F. );
#1343=CARTESIAN_POINT ( 'NONE',  ( -3.350000000000001000, 0.05000000000000000300, 3.409999999999989000 ) );
#1344=CARTESIAN_POINT ( 'NONE',  ( 8.550000000000158800, 0.8000000000000000400, -0.0000000000000000000 ) );
#1345=PLANE ( 'NONE',  #4138 );
#1346=LINE ( 'NONE', #14045, #36 );
#1347=CARTESIAN_POINT ( 'NONE',  ( 9.000000000000145700, 0.0000000000000000000, 9.159999999999998400 ) );
#1348=ORIENTED_EDGE ( 'NONE', *, *, #14370, .T. );
#1349=EDGE_LOOP ( 'NONE', ( #4717, #8429, #12295, #11557, #14335, #9679 ) );
#1350=ORIENTED_EDGE ( 'NONE', *, *, #11449, .T. );
#1351=ORIENTED_EDGE ( 'NONE', *, *, #1038, .T. );
#1352=CARTESIAN_POINT ( 'NONE',  ( 9.000000000000104800, 0.0000000000000000000, 4.449999999999995700 ) );
#1353=DIRECTION ( 'NONE',  ( 1.000000000000000000, 0.0000000000000000000, 9.637352644315602600E-016 ) );
#1354=VERTEX_POINT ( 'NONE', #2720 );
#1355=EDGE_CURVE ( 'NONE', #709, #626, #8014, .T. );
#1356=ORIENTED_EDGE ( 'NONE', *, *, #11976, .F. );
#1357=VERTEX_POINT ( 'NONE', #5353 );
#1358=EDGE_LOOP ( 'NONE', ( #11116, #14425, #10707, #10213 ) );
#1359=EDGE_CURVE ( 'NONE', #10727, #7733, #12973, .T. );
#1360=ORIENTED_EDGE ( 'NONE', *, *, #13454, .T. );
#1361=LINE ( 'NONE', #8244, #36 );
#1362=ORIENTED_EDGE ( 'NONE', *, *, #6975, .F. );
#1363=EDGE_CURVE ( 'NONE', #9225, #6785, #14415, .T. );
#1364=AXIS2_PLACEMENT_3D ( 'NONE', #261, #8763, #7729 );
#1365=CARTESIAN_POINT ( 'NONE',  ( 8.150000000000170900, 0.0000000000000000000, 7.889999999999997900 ) );
#1366=VECTOR ( 'NONE', #9584, 1000.000000000000000 );
#1367=CARTESIAN_POINT ( 'NONE',  ( 3.175000000000001600, -1.006230589874914900, 12.74999999999999800 ) );
#1368=ORIENTED_EDGE ( 'NONE', *, *, #7144, .T. );
#1369=CARTESIAN_POINT ( 'NONE',  ( 0.3499999999999989800, 0.05000000000000000300, 2.910000000000017500 ) );
#1370=LINE ( 'NONE', #5324, #93 );
#1371=AXIS2_PLACEMENT_3D ( 'NONE', #572, #65, #2 );
#1372=LINE ( 'NONE', #14348, #36 );
#1373=EDGE_CURVE ( 'NONE', #9951, #2759, #4785, .T. );
#1374=ORIENTED_EDGE ( 'NONE', *, *, #1974, .T. );
#1375=MANIFOLD_SOLID_BREP ( 'Boss-Extrude5[20]', #14171 );
#1376=LINE ( 'NONE', #5432, #209 );
#1377=CARTESIAN_POINT ( 'NONE',  ( 2.725000000000001000, 0.05000000000000000300, 12.29999999999999700 ) );
#1378=LINE ( 'NONE', #12796, #327 );
#1379=ORIENTED_EDGE ( 'NONE', *, *, #7391, .T. );
#1380=CARTESIAN_POINT ( 'NONE',  ( -7.800000000000001600, 30.15163842104813000, -5.629289321881345600 ) );
#1381=ADVANCED_FACE ( 'NONE', ( #10805 ), #4236, .T. );
#1382=ORIENTED_EDGE ( 'NONE', *, *, #1329, .F. );
#1383=ADVANCED_FACE ( 'NONE', ( #9854 ), #233, .T. );
#1384=CARTESIAN_POINT ( 'NONE',  ( 9.000000000000053300, 0.8000000000000000400, -0.6300000000000037800 ) );
#1385=EDGE_CURVE ( 'NONE', #3104, #1817, #4412, .T. );
#1386=CARTESIAN_POINT ( 'NONE',  ( -8.999999999999920100, 0.8000000000000000400, 2.809999999999996500 ) );
#1387=CARTESIAN_POINT ( 'NONE',  ( -4.895000000000000500, 0.0000000000000000000, 12.74999999999999800 ) );
#1388=VERTEX_POINT ( 'NONE', #4289 );
#1389=CARTESIAN_POINT ( 'NONE',  ( 9.000000000000000000, 0.8000000000000000400, -4.810000000000004100 ) );
#1390=EDGE_CURVE ( 'NONE', #7168, #11000, #1851, .T. );
#1391=CARTESIAN_POINT ( 'NONE',  ( 7.729289321881345200, 2.999200000000000500, -5.700000000000004600 ) );
#1392=FACE_OUTER_BOUND ( 'NONE', #14114, .T. );
#1393=PLANE ( 'NONE',  #2445 );
#1394=AXIS2_PLACEMENT_3D ( 'NONE', #2946, #95, #31 );
#1395=AXIS2_PLACEMENT_3D ( 'NONE', #561, #7363, #3250 );
#1396=CARTESIAN_POINT ( 'NONE',  ( 9.000000000000119000, 0.8000000000000000400, 6.619999999999996600 ) );
#1397=LINE ( 'NONE', #5868, #327 );
#1398=EDGE_LOOP ( 'NONE', ( #11748, #11101, #12386, #11576 ) );
#1399=VERTEX_POINT ( 'NONE', #8049 );
#1400=LINE ( 'NONE', #2181, #577 );
#1401=DIRECTION ( 'NONE',  ( 9.155485012099800300E-015, 0.0000000000000000000, -1.000000000000000000 ) );
#1402=ORIENTED_EDGE ( 'NONE', *, *, #5851, .F. );
#1403=CARTESIAN_POINT ( 'NONE',  ( -3.994999999999998300, 0.8000000000000000400, 12.29999999999999700 ) );
#1404=ADVANCED_FACE ( 'NONE', ( #13997 ), #12967, .F. );
#1405=LINE ( 'NONE', #3278, #184 );
#1406=DIRECTION ( 'NONE',  ( -1.000000000000000000, 0.0000000000000000000, -9.155485012099795600E-015 ) );
#1407=CARTESIAN_POINT ( 'NONE',  ( 2.355000000000002200, 0.05000000000000000300, 11.90000000000017100 ) );
#1408=ORIENTED_EDGE ( 'NONE', *, *, #5297, .F. );
#1409=DIRECTION ( 'NONE',  ( 4.818676322157796400E-016, -0.0000000000000000000, -1.000000000000000000 ) );
#1410=EDGE_CURVE ( 'NONE', #9531, #3035, #7753, .T. );
#1411=ORIENTED_EDGE ( 'NONE', *, *, #9428, .T. );
#1412=LINE ( 'NONE', #2035, #36 );
#1413=EDGE_CURVE ( 'NONE', #11884, #10847, #2462, .T. );
#1414=ORIENTED_EDGE ( 'NONE', *, *, #8349, .T. );
#1415=ORIENTED_EDGE ( 'NONE', *, *, #10549, .T. );
#1416=EDGE_CURVE ( 'NONE', #7416, #8002, #5497, .T. );
#1417=AXIS2_PLACEMENT_3D ( 'NONE', #1419, #95, #31 );
#1418=ORIENTED_EDGE ( 'NONE', *, *, #3768, .F. );
#1419=CARTESIAN_POINT ( 'NONE',  ( -8.999999999999893400, -1.006230589874914900, 0.0000000000000000000 ) );
#1420=ORIENTED_EDGE ( 'NONE', *, *, #7954, .F. );
#1421=CARTESIAN_POINT ( 'NONE',  ( 9.000000000000039100, 0.0000000000000000000, -1.900000000000004100 ) );
#1422=LINE ( 'NONE', #4560, #416 );
#1423=CIRCLE ( 'NONE', #13324, 0.2749999999999996300 );
#1424=CARTESIAN_POINT ( 'NONE',  ( 8.550000000000052200, -1.006230589874914900, -0.6300000000000046700 ) );
#1425=CARTESIAN_POINT ( 'NONE',  ( -8.999999999999973400, 0.0000000000000000000, -2.270000000000004000 ) );
#1426=ADVANCED_FACE ( 'NONE', ( #10960 ), #5641, .F. );
#1427=ORIENTED_EDGE ( 'NONE', *, *, #5203, .F. );
#1428=ORIENTED_EDGE ( 'NONE', *, *, #3722, .T. );
#1429=CARTESIAN_POINT ( 'NONE',  ( 7.749200000000000100, 2.999200000000000500, 11.69999999999999800 ) );
#1430=SURFACE_STYLE_FILL_AREA ( #4030 );
#1431=LINE ( 'NONE', #8596, #8252 );
#1432=ORIENTED_EDGE ( 'NONE', *, *, #2287, .T. );
#1433=ORIENTED_EDGE ( 'NONE', *, *, #7464, .T. );
#1434=CARTESIAN_POINT ( 'NONE',  ( 4.895000000000002200, 0.0000000000000000000, -0.0000000000000000000 ) );
#1435=ORIENTED_EDGE ( 'NONE', *, *, #12814, .T. );
#1436=EDGE_CURVE ( 'NONE', #8002, #12107, #9191, .T. );
#1437=EDGE_CURVE ( 'NONE', #10727, #10133, #8193, .T. );
#1438=ORIENTED_EDGE ( 'NONE', *, *, #12026, .T. );
#1439=EDGE_CURVE ( 'NONE', #2759, #5349, #4609, .T. );
#1440=PLANE ( 'NONE',  #10148 );
#1441=EDGE_CURVE ( 'NONE', #4295, #3791, #7337, .T. );
#1442=AXIS2_PLACEMENT_3D ( 'NONE', #11579, #214, #15 );
#1443=CARTESIAN_POINT ( 'NONE',  ( -0.1849999999999976700, -1.006230589874914900, 12.74999999999999800 ) );
#1444=ORIENTED_EDGE ( 'NONE', *, *, #11592, .T. );
#1445=CARTESIAN_POINT ( 'NONE',  ( 9.000000000000079900, -1.006230589874914900, 0.0000000000000000000 ) );
#1446=EDGE_LOOP ( 'NONE', ( #3219, #1840, #8128, #11805 ) );
#1447=FACE_OUTER_BOUND ( 'NONE', #7306, .T. );
#1448=ORIENTED_EDGE ( 'NONE', *, *, #2233, .F. );
#1449=LINE ( 'NONE', #5058, #184 );
#1450=EDGE_LOOP ( 'NONE', ( #5672, #6346, #7423, #7213 ) );
#1451=VERTEX_POINT ( 'NONE', #5747 );
#1452=DIRECTION ( 'NONE',  ( 1.000000000000000000, 0.0000000000000000000, 1.927470528863116600E-015 ) );
#1453=CARTESIAN_POINT ( 'NONE',  ( -1.049999999999999800, 0.05000000000000000300, 2.010000000000008200 ) );
#1454=CARTESIAN_POINT ( 'NONE',  ( -2.449999999999998800, 0.0000000000000000000, 3.409999999999997000 ) );
#1455=EDGE_CURVE ( 'NONE', #12172, #4668, #8923, .T. );
#1456=VERTEX_POINT ( 'NONE', #4594 );
#1457=CARTESIAN_POINT ( 'NONE',  ( 0.0000000000000000000, 0.0000000000000000000, 10.79999999999999500 ) );
#1458=EDGE_CURVE ( 'NONE', #6609, #4164, #995, .T. );
#1459=VERTEX_POINT ( 'NONE', #4500 );
#1460=EDGE_CURVE ( 'NONE', #9543, #5880, #4592, .T. );
#1461=LINE ( 'NONE', #3869, #677 );
#1462=VERTEX_POINT ( 'NONE', #11126 );
#1463=ADVANCED_FACE ( 'NONE', ( #13686 ), #6845, .F. );
#1464=ORIENTED_EDGE ( 'NONE', *, *, #10227, .F. );
#1465=DIRECTION ( 'NONE',  ( -3.469446951953616200E-016, 0.0000000000000000000, -1.000000000000000000 ) );
#1466=AXIS2_PLACEMENT_3D ( 'NONE', #11679, #250, #31 );
#1467=ADVANCED_FACE ( 'NONE', ( #1646 ), #49, .T. );
#1468=LINE ( 'NONE', #1047, #45 );
#1469=EDGE_CURVE ( 'NONE', #4815, #3705, #2980, .T. );
#1470=AXIS2_PLACEMENT_3D ( 'NONE', #4578, #6369, #11156 );
#1471=ORIENTED_EDGE ( 'NONE', *, *, #8632, .T. );
#1472=LINE ( 'NONE', #2921, #908 );
#1473=EDGE_LOOP ( 'NONE', ( #2331, #547, #5270, #167 ) );
#1474=PLANE ( 'NONE',  #3017 );
#1475=FACE_OUTER_BOUND ( 'NONE', #4590, .T. );
#1476=VERTEX_POINT ( 'NONE', #10301 );
#1477=VERTEX_POINT ( 'NONE', #5266 );
#1478=ORIENTED_EDGE ( 'NONE', *, *, #11067, .F. );
#1479=VERTEX_POINT ( 'NONE', #3411 );
#1480=CARTESIAN_POINT ( 'NONE',  ( -1.629999999999999200, 0.0000000000000000000, 12.74999999999999800 ) );
#1481=CARTESIAN_POINT ( 'NONE',  ( 0.0000000000000000000, -1.006230589874914900, 8.259999999999996200 ) );
#1482=LINE ( 'NONE', #820, #493 );
#1483=LINE ( 'NONE', #634, #110 );
#1484=ADVANCED_FACE ( 'NONE', ( #10157 ), #4645, .F. );
#1485=EDGE_CURVE ( 'NONE', #7020, #915, #89, .T. );
#1486=ADVANCED_FACE ( 'NONE', ( #11905 ), #7043, .T. );
#1487=ORIENTED_EDGE ( 'NONE', *, *, #12307, .F. );
#1488=AXIS2_PLACEMENT_3D ( 'NONE', #133, #19, #135 );
#1489=LINE ( 'NONE', #923, #577 );
#1490=ORIENTED_EDGE ( 'NONE', *, *, #1303, .F. );
#1491=EDGE_CURVE ( 'NONE', #1771, #2651, #81, .T. );
#1492=VERTEX_POINT ( 'NONE', #772 );
#1493=CARTESIAN_POINT ( 'NONE',  ( -9.000000000000000000, -1.006230589874914900, -4.440000000000005700 ) );
#1494=LINE ( 'NONE', #59, #327 );
#1495=CARTESIAN_POINT ( 'NONE',  ( 0.0000000000000000000, -1.006230589874914900, 12.29999999999999700 ) );
#1496=ORIENTED_EDGE ( 'NONE', *, *, #6759, .F. );
#1497=ORIENTED_EDGE ( 'NONE', *, *, #10163, .T. );
#1498=CARTESIAN_POINT ( 'NONE',  ( 8.550000000000118000, 0.8000000000000000400, 6.619999999999996600 ) );
#1499=CARTESIAN_POINT ( 'NONE',  ( 3.900000000000000800, 0.7500000000000000000, -11.44999999999999900 ) );
#1500=CARTESIAN_POINT ( 'NONE',  ( 8.150000000000170900, 0.0000000000000000000, -5.710000000000005300 ) );
#1501=EDGE_LOOP ( 'NONE', ( #6292, #4461, #4297, #10656 ) );
#1502=ORIENTED_EDGE ( 'NONE', *, *, #2878, .T. );
#1503=CARTESIAN_POINT ( 'NONE',  ( -2.449999999999998800, 0.0000000000000000000, 2.009999999999998500 ) );
#1504=ORIENTED_EDGE ( 'NONE', *, *, #6338, .T. );
#1505=FACE_OUTER_BOUND ( 'NONE', #13065, .T. );
#1506=ADVANCED_FACE ( 'NONE', ( #2839 ), #7132, .F. );
#1507=EDGE_LOOP ( 'NONE', ( #6687, #11055, #815, #13485, #9384, #13073 ) );
#1508=EDGE_LOOP ( 'NONE', ( #12123, #6421, #944, #5449 ) );
#1509=EDGE_CURVE ( 'NONE', #3376, #1027, #6227, .T. );
#1510=EDGE_LOOP ( 'NONE', ( #11327, #14011, #3679, #6298 ) );
#1511=EDGE_CURVE ( 'NONE', #10891, #8451, #7316, .T. );
#1512=ORIENTED_EDGE ( 'NONE', *, *, #6511, .T. );
#1513=CARTESIAN_POINT ( 'NONE',  ( -8.549999999999998900, 0.04999999999999991300, -5.710000000000005300 ) );
#1514=ORIENTED_EDGE ( 'NONE', *, *, #3616, .F. );
#1515=CARTESIAN_POINT ( 'NONE',  ( 8.150000000000170900, 0.05000000000000000300, 7.889999999999997900 ) );
#1516=FACE_OUTER_BOUND ( 'NONE', #8678, .T. );
#1517=VERTEX_POINT ( 'NONE', #3521 );
#1518=EDGE_LOOP ( 'NONE', ( #1487, #476, #5993, #14189 ) );
#1519=CARTESIAN_POINT ( 'NONE',  ( 0.0000000000000000000, -1.006230589874914900, 2.809999999999996500 ) );
#1520=AXIS2_PLACEMENT_3D ( 'NONE', #5799, #95, #31 );
#1521=CARTESIAN_POINT ( 'NONE',  ( 9.000000000000133200, -1.006230589874914900, 0.0000000000000000000 ) );
#1522=MANIFOLD_SOLID_BREP ( 'Boss-Extrude5[4]', #4871 );
#1523=DIRECTION ( 'NONE',  ( 1.000000000000000000, -0.0000000000000000000, -1.927470528863115800E-015 ) );
#1524=ORIENTED_EDGE ( 'NONE', *, *, #7067, .F. );
#1525=ORIENTED_EDGE ( 'NONE', *, *, #14352, .F. );
#1526=LINE ( 'NONE', #321, #493 );
#1527=ORIENTED_EDGE ( 'NONE', *, *, #10125, .T. );
#1528=ORIENTED_EDGE ( 'NONE', *, *, #11882, .F. );
#1529=CARTESIAN_POINT ( 'NONE',  ( -8.549999999999878100, -1.006230589874914900, 0.0000000000000000000 ) );
#1530=ORIENTED_EDGE ( 'NONE', *, *, #13186, .T. );
#1531=EDGE_CURVE ( 'NONE', #10011, #713, #6583, .T. );
#1532=EDGE_CURVE ( 'NONE', #4531, #4649, #2254, .T. );
#1533=DIRECTION ( 'NONE',  ( 1.000000000000000000, 0.0000000000000000000, 8.432683563776131700E-015 ) );
#1534=EDGE_CURVE ( 'NONE', #8477, #7077, #10790, .T. );
#1535=AXIS2_PLACEMENT_3D ( 'NONE', #2902, #250, #31 );
#1536=LINE ( 'NONE', #1799, #493 );
#1537=ORIENTED_EDGE ( 'NONE', *, *, #1929, .T. );
#1538=EDGE_CURVE ( 'NONE', #3318, #10727, #6788, .T. );
#1539=CARTESIAN_POINT ( 'NONE',  ( -8.999999999999893400, 0.0000000000000000000, 4.449999999999996600 ) );
#1540=EDGE_LOOP ( 'NONE', ( #9118, #10905, #7295, #5181 ) );
#1541=LINE ( 'NONE', #6577, #184 );
#1542=ORIENTED_EDGE ( 'NONE', *, *, #3996, .F. );
#1543=PLANE ( 'NONE',  #4383 );
#1544=ORIENTED_EDGE ( 'NONE', *, *, #7022, .F. );
#1545=EDGE_LOOP ( 'NONE', ( #7683, #326, #391, #11444 ) );
#1546=LINE ( 'NONE', #7726, #6135 );
#1547=ORIENTED_EDGE ( 'NONE', *, *, #6229, .F. );
#1548=ORIENTED_EDGE ( 'NONE', *, *, #13797, .T. );
#1549=CARTESIAN_POINT ( 'NONE',  ( 2.355000000000002200, 0.0000000000000000000, 12.74999999999999800 ) );
#1550=CARTESIAN_POINT ( 'NONE',  ( 9.000000000000133200, -1.006230589874914900, 7.889999999999997900 ) );
#1551=ADVANCED_FACE ( 'NONE', ( #12523 ), #3831, .F. );
#1552=ORIENTED_EDGE ( 'NONE', *, *, #11570, .T. );
#1553=CARTESIAN_POINT ( 'NONE',  ( -8.999999999999920100, 0.0000000000000000000, 2.809999999999995600 ) );
#1554=EDGE_LOOP ( 'NONE', ( #9186, #7737, #6409, #6491 ) );
#1555=EDGE_LOOP ( 'NONE', ( #1074, #5938, #2358, #2345 ) );
#1556=PLANE ( 'NONE',  #2114 );
#1557=CARTESIAN_POINT ( 'NONE',  ( 7.749200000000000100, 2.999200000000000500, 11.42928932188134200 ) );
#1558=PLANE ( 'NONE',  #9511 );
#1559=EDGE_LOOP ( 'NONE', ( #5759, #2446, #260, #14504 ) );
#1560=ORIENTED_EDGE ( 'NONE', *, *, #12191, .T. );
#1561=EDGE_CURVE ( 'NONE', #3571, #9225, #14269, .T. );
#1562=LINE ( 'NONE', #5288, #36 );
#1563=EDGE_CURVE ( 'NONE', #2339, #5419, #9180, .T. );
#1564=EDGE_LOOP ( 'NONE', ( #6000, #4067, #7904, #14478, #10073, #7390 ) );
#1565=ORIENTED_EDGE ( 'NONE', *, *, #2341, .F. );
#1566=EDGE_CURVE ( 'NONE', #4419, #10515, #10668, .T. );
#1567=AXIS2_PLACEMENT_3D ( 'NONE', #2424, #21, #31 );
#1568=LINE ( 'NONE', #983, #110 );
#1569=FACE_OUTER_BOUND ( 'NONE', #8240, .T. );
#1570=LINE ( 'NONE', #13602, #36 );
#1571=EDGE_LOOP ( 'NONE', ( #3191, #14162, #3679, #4439 ) );
#1572=AXIS2_PLACEMENT_3D ( 'NONE', #11682, #135, #250 );
#1573=ADVANCED_FACE ( 'NONE', ( #7147 ), #12549, .F. );
#1574=ORIENTED_EDGE ( 'NONE', *, *, #12533, .F. );
#1575=ORIENTED_EDGE ( 'NONE', *, *, #12573, .F. );
#1576=CARTESIAN_POINT ( 'NONE',  ( 9.000000000000092400, 0.8000000000000000400, 3.179999999999996200 ) );
#1577=ORIENTED_EDGE ( 'NONE', *, *, #4402, .F. );
#1578=CARTESIAN_POINT ( 'NONE',  ( -2.449999999999999700, 0.05000000000000000300, 2.909999999999997500 ) );
#1579=CARTESIAN_POINT ( 'NONE',  ( -8.999999999999840100, 0.0000000000000000000, 0.0000000000000000000 ) );
#1580=LINE ( 'NONE', #9865, #1276 );
#1581=LINE ( 'NONE', #3197, #3378 );
#1582=ADVANCED_FACE ( 'NONE', ( #8348 ), #49, .F. );
#1583=ORIENTED_EDGE ( 'NONE', *, *, #6122, .F. );
#1584=ORIENTED_EDGE ( 'NONE', *, *, #5936, .T. );
#1585=CARTESIAN_POINT ( 'NONE',  ( 9.000000000000053300, 0.8000000000000000400, 0.09499999999987177000 ) );
#1586=LINE ( 'NONE', #2781, #4 );
#1587=CARTESIAN_POINT ( 'NONE',  ( -8.150000000000053600, 0.05000000000000000300, 9.529999999999995800 ) );
#1588=ORIENTED_EDGE ( 'NONE', *, *, #4473, .F. );
#1589=CARTESIAN_POINT ( 'NONE',  ( 0.0000000000000000000, -1.006230589874914900, 6.989999999999989600 ) );
#1590=ORIENTED_EDGE ( 'NONE', *, *, #11972, .F. );
#1591=FACE_OUTER_BOUND ( 'NONE', #8656, .T. );
#1592=EDGE_CURVE ( 'NONE', #2711, #5671, #7657, .T. );
#1593=ORIENTED_EDGE ( 'NONE', *, *, #10043, .T. );
#1594=CARTESIAN_POINT ( 'NONE',  ( -0.5500000000000018200, 0.0000000000000000000, 2.010000000000009600 ) );
#1595=FACE_OUTER_BOUND ( 'NONE', #7424, .T. );
#1596=EDGE_CURVE ( 'NONE', #1462, #5349, #1494, .T. );
#1597=AXIS2_PLACEMENT_3D ( 'NONE', #4771, #135, #8280 );
#1598=VECTOR ( 'NONE', #7698, 1000.000000000000000 );
#1599=CARTESIAN_POINT ( 'NONE',  ( 9.000000000000039100, 0.0000000000000000000, -1.175000000000097300 ) );
#1600=CARTESIAN_POINT ( 'NONE',  ( -8.999999999999959100, 0.0000000000000000000, 0.0000000000000000000 ) );
#1601=ADVANCED_FACE ( 'NONE', ( #5857 ), #2655, .F. );
#1602=VERTEX_POINT ( 'NONE', #7336 );
#1603=EDGE_CURVE ( 'NONE', #11555, #98, #2640, .T. );
#1604=EDGE_LOOP ( 'NONE', ( #13772, #12650, #11735, #11230 ) );
#1605=CARTESIAN_POINT ( 'NONE',  ( -5.400000000000001200, 0.8000000000000000400, -9.099999999999999600 ) );
#1606=LINE ( 'NONE', #2388, #36 );
#1607=AXIS2_PLACEMENT_3D ( 'NONE', #11216, #250, #31 );
#1608=DIRECTION ( 'NONE',  ( -1.000000000000000000, -0.0000000000000000000, 3.854941057726231600E-015 ) );
#1609=VERTEX_POINT ( 'NONE', #1407 );
#1610=ORIENTED_EDGE ( 'NONE', *, *, #9287, .F. );
#1611=CARTESIAN_POINT ( 'NONE',  ( -8.550000000000013100, 0.05000000000000000300, -1.900000000000005000 ) );
#1612=FACE_OUTER_BOUND ( 'NONE', #6813, .T. );
#1613=ORIENTED_EDGE ( 'NONE', *, *, #3383, .F. );
#1614=CARTESIAN_POINT ( 'NONE',  ( 8.550000000000078900, 0.05000000000000000300, 1.909999999999995000 ) );
#1615=EDGE_CURVE ( 'NONE', #4465, #11940, #3160, .T. );
#1616=CARTESIAN_POINT ( 'NONE',  ( 8.550000000000038000, 0.8000000000000000400, -1.000000000000004400 ) );
#1617=LINE ( 'NONE', #4713, #205 );
#1618=EDGE_LOOP ( 'NONE', ( #5957, #2400, #13098, #8040 ) );
#1619=ORIENTED_EDGE ( 'NONE', *, *, #3406, .T. );
#1620=EDGE_CURVE ( 'NONE', #1151, #10345, #8826, .T. );
#1621=CARTESIAN_POINT ( 'NONE',  ( -7.600000000000001400, 2.999200000000000500, -5.629289321881345600 ) );
#1622=LINE ( 'NONE', #1658, #10 );
#1623=EDGE_CURVE ( 'NONE', #3094, #5971, #521, .T. );
#1624=AXIS2_PLACEMENT_3D ( 'NONE', #7680, #95, #31 );
#1625=ORIENTED_EDGE ( 'NONE', *, *, #5082, .T. );
#1626=FACE_OUTER_BOUND ( 'NONE', #7335, .T. );
#1627=DIRECTION ( 'NONE',  ( 1.000000000000000000, 0.0000000000000000000, -1.334402673828313200E-015 ) );
#1628=AXIS2_PLACEMENT_3D ( 'NONE', #5734, #95, #31 );
#1629=CARTESIAN_POINT ( 'NONE',  ( 0.0000000000000000000, 0.8000000000000000400, 8.259999999999987400 ) );
#1630=ORIENTED_EDGE ( 'NONE', *, *, #3228, .F. );
#1631=CARTESIAN_POINT ( 'NONE',  ( -8.999999999999879200, 0.0000000000000000000, 5.719999999999997100 ) );
#1632=PLANE ( 'NONE',  #3699 );
#1633=ORIENTED_EDGE ( 'NONE', *, *, #5745, .T. );
#1634=VERTEX_POINT ( 'NONE', #4783 );
#1635=ORIENTED_EDGE ( 'NONE', *, *, #14293, .F. );
#1636=ORIENTED_EDGE ( 'NONE', *, *, #6935, .T. );
#1637=FACE_OUTER_BOUND ( 'NONE', #5262, .T. );
#1638=DIRECTION ( 'NONE',  ( 3.690901012716612100E-016, 0.0000000000000000000, -1.000000000000000000 ) );
#1639=CARTESIAN_POINT ( 'NONE',  ( 8.550000000000132200, -1.006230589874914900, 0.0000000000000000000 ) );
#1640=ORIENTED_EDGE ( 'NONE', *, *, #7126, .T. );
#1641=CARTESIAN_POINT ( 'NONE',  ( -8.150000000000012800, -0.0000000000000000000, -1.900000000000005000 ) );
#1642=CARTESIAN_POINT ( 'NONE',  ( -8.999999999999893400, 0.8000000000000000400, 5.174999999999990900 ) );
#1643=ORIENTED_EDGE ( 'NONE', *, *, #6147, .T. );
#1644=CARTESIAN_POINT ( 'NONE',  ( -8.550000000000004300, 0.05000000000000000300, -4.440000000000004800 ) );
#1645=CARTESIAN_POINT ( 'NONE',  ( 6.165000000000002700, 0.05000000000000000300, 12.29999999999999700 ) );
#1646=FACE_OUTER_BOUND ( 'NONE', #3888, .T. );
#1647=CARTESIAN_POINT ( 'NONE',  ( 0.0000000000000000000, -1.006230589874914900, -2.270000000000003600 ) );
#1648=AXIS2_PLACEMENT_3D ( 'NONE', #1647, #19, #135 );
#1649=LINE ( 'NONE', #8976, #327 );
#1650=EDGE_CURVE ( 'NONE', #1357, #8449, #2658, .T. );
#1651=CARTESIAN_POINT ( 'NONE',  ( -4.895000000000000500, 0.05000000000000000300, 12.29999999999999700 ) );
#1652=EDGE_CURVE ( 'NONE', #11525, #7433, #8842, .T. );
#1653=EDGE_CURVE ( 'NONE', #3007, #4867, #3045, .T. );
#1654=ADVANCED_FACE ( 'NONE', ( #10619 ), #8329, .T. );
#1655=EDGE_CURVE ( 'NONE', #8307, #3757, #8530, .T. );
#1656=STYLED_ITEM ( 'NONE', ( #77 ), #11527 );
#1657=ORIENTED_EDGE ( 'NONE', *, *, #1749, .T. );
#1658=CARTESIAN_POINT ( 'NONE',  ( -1.084999999999999100, 0.8000000000000000400, 12.74999999999999800 ) );
#1659=FACE_OUTER_BOUND ( 'NONE', #6426, .T. );
#1660=ORIENTED_EDGE ( 'NONE', *, *, #11345, .F. );
#1661=CARTESIAN_POINT ( 'NONE',  ( -8.999999999999879200, -1.006230589874914900, 0.0000000000000000000 ) );
#1662=ORIENTED_EDGE ( 'NONE', *, *, #12075, .T. );
#1663=CARTESIAN_POINT ( 'NONE',  ( 7.435000000000003200, 0.0000000000000000000, 11.90000000000017100 ) );
#1664=CARTESIAN_POINT ( 'NONE',  ( -0.6000000000000007500, 0.8000000000000000400, -9.099999999999999600 ) );
#1665=LINE ( 'NONE', #10856, #36 );
#1666=FACE_OUTER_BOUND ( 'NONE', #207, .T. );
#1667=ADVANCED_FACE ( 'NONE', ( #1835 ), #1130, .F. );
#1668=ORIENTED_EDGE ( 'NONE', *, *, #5248, .T. );
#1669=FACE_OUTER_BOUND ( 'NONE', #13209, .T. );
#1670=ADVANCED_FACE ( 'NONE', ( #7669 ), #6253, .F. );
#1671=VECTOR ( 'NONE', #1781, 1000.000000000000000 );
#1672=VERTEX_POINT ( 'NONE', #13518 );
#1673=EDGE_CURVE ( 'NONE', #148, #3096, #4612, .T. );
#1674=EDGE_CURVE ( 'NONE', #2988, #1125, #3220, .T. );
#1675=EDGE_CURVE ( 'NONE', #4348, #5504, #11275, .T. );
#1676=ORIENTED_EDGE ( 'NONE', *, *, #8048, .T. );
#1677=VERTEX_POINT ( 'NONE', #3814 );
#1678=PLANE ( 'NONE',  #11010 );
#1679=EDGE_CURVE ( 'NONE', #6977, #8376, #4284, .T. );
#1680=ORIENTED_EDGE ( 'NONE', *, *, #5716, .T. );
#1681=STYLED_ITEM ( 'NONE', ( #77 ), #12592 );
#1682=AXIS2_PLACEMENT_3D ( 'NONE', #845, #95, #31 );
#1683=PLANE ( 'NONE',  #4400 );
#1684=CARTESIAN_POINT ( 'NONE',  ( 8.150000000000170900, 0.05000000000000000300, -1.000000000000003600 ) );
#1685=ORIENTED_EDGE ( 'NONE', *, *, #7427, .F. );
#1686=VERTEX_POINT ( 'NONE', #537 );
#1687=LINE ( 'NONE', #2812, #493 );
#1688=ORIENTED_EDGE ( 'NONE', *, *, #3313, .T. );
#1689=FACE_OUTER_BOUND ( 'NONE', #13994, .T. );
#1690=VERTEX_POINT ( 'NONE', #2913 );
#1691=VERTEX_POINT ( 'NONE', #6315 );
#1692=ADVANCED_FACE ( 'NONE', ( #7490 ), #721, .T. );
#1693=PLANE ( 'NONE',  #6344 );
#1694=ORIENTED_EDGE ( 'NONE', *, *, #6405, .F. );
#1695=VERTEX_POINT ( 'NONE', #2558 );
#1696=EDGE_CURVE ( 'NONE', #11944, #10011, #348, .T. );
#1697=CARTESIAN_POINT ( 'NONE',  ( 0.0000000000000000000, -1.006230589874914900, -3.170000000000004800 ) );
#1698=ORIENTED_EDGE ( 'NONE', *, *, #7736, .F. );
#1699=EDGE_CURVE ( 'NONE', #98, #7074, #3311, .T. );
#1700=CARTESIAN_POINT ( 'NONE',  ( 2.355000000000002200, 0.05000000000000000300, 12.29999999999999700 ) );
#1701=ORIENTED_EDGE ( 'NONE', *, *, #902, .T. );
#1702=EDGE_CURVE ( 'NONE', #2230, #3435, #81, .T. );
#1703=CARTESIAN_POINT ( 'NONE',  ( 9.000000000000024900, 0.8000000000000000400, -2.445000000000066500 ) );
#1704=DIRECTION ( 'NONE',  ( 1.000000000000000000, 0.0000000000000000000, 8.432683563776133300E-015 ) );
#1705=ORIENTED_EDGE ( 'NONE', *, *, #975, .T. );
#1706=FACE_OUTER_BOUND ( 'NONE', #12512, .T. );
#1707=FACE_OUTER_BOUND ( 'NONE', #12514, .T. );
#1708=ORIENTED_EDGE ( 'NONE', *, *, #3224, .F. );
#1709=CARTESIAN_POINT ( 'NONE',  ( 7.259999999999999800, -1.006230589874914900, 12.74999999999999800 ) );
#1710=CARTESIAN_POINT ( 'NONE',  ( 8.550000000000158800, 0.0000000000000000000, 9.529999999999995800 ) );
#1711=LINE ( 'NONE', #80, #5004 );
#1712=ORIENTED_EDGE ( 'NONE', *, *, #10218, .T. );
#1713=EDGE_LOOP ( 'NONE', ( #6121, #2884, #12168, #4156, #6650, #13774 ) );
#1714=EDGE_CURVE ( 'NONE', #8964, #8451, #998, .T. );
#1715=ORIENTED_EDGE ( 'NONE', *, *, #927, .F. );
#1716=EDGE_LOOP ( 'NONE', ( #13282, #2528, #5714, #5335 ) );
#1717=CIRCLE ( 'NONE', #9737, 0.2500000000000002200 );
#1718=LINE ( 'NONE', #3003, #205 );
#1719=ORIENTED_EDGE ( 'NONE', *, *, #5814, .T. );
#1720=ORIENTED_EDGE ( 'NONE', *, *, #8366, .T. );
#1721=PLANE ( 'NONE',  #1228 );
#1722=LINE ( 'NONE', #4711, #12131 );
#1723=FACE_OUTER_BOUND ( 'NONE', #10351, .T. );
#1724=ORIENTED_EDGE ( 'NONE', *, *, #12620, .F. );
#1725=CARTESIAN_POINT ( 'NONE',  ( -8.150000000000003900, -0.0000000000000000000, -3.540000000000003100 ) );
#1726=CARTESIAN_POINT ( 'NONE',  ( -5.440000000000000400, 0.8000000000000000400, 12.74999999999999800 ) );
#1727=ORIENTED_EDGE ( 'NONE', *, *, #12994, .T. );
#1728=EDGE_CURVE ( 'NONE', #7356, #8804, #13823, .T. );
#1729=ORIENTED_EDGE ( 'NONE', *, *, #13204, .F. );
#1730=ORIENTED_EDGE ( 'NONE', *, *, #5748, .F. );
#1731=EDGE_CURVE ( 'NONE', #4172, #958, #4091, .T. );
#1732=ORIENTED_EDGE ( 'NONE', *, *, #2552, .T. );
#1733=CARTESIAN_POINT ( 'NONE',  ( -8.999999999999959100, 0.8000000000000000400, 6.169999999999991000 ) );
#1734=STYLED_ITEM ( 'NONE', ( #77 ), #559 );
#1735=LINE ( 'NONE', #2873, #209 );
#1736=CARTESIAN_POINT ( 'NONE',  ( -8.549999999999945600, -1.006230589874914900, 0.0000000000000000000 ) );
#1737=DIRECTION ( 'NONE',  ( 1.000000000000000000, -0.0000000000000000000, 9.155485012099798700E-015 ) );
#1738=ORIENTED_EDGE ( 'NONE', *, *, #7111, .F. );
#1739=AXIS2_PLACEMENT_3D ( 'NONE', #4124, #214, #10711 );
#1740=ADVANCED_FACE ( 'NONE', ( #1227 ), #179, .F. );
#1741=ORIENTED_EDGE ( 'NONE', *, *, #7799, .T. );
#1742=CARTESIAN_POINT ( 'NONE',  ( -8.150000000000016300, -0.0000000000000000000, -0.6300000000000046700 ) );
#1743=CARTESIAN_POINT ( 'NONE',  ( 9.000000000000145700, 0.0000000000000000000, 8.259999999999996200 ) );
#1744=CARTESIAN_POINT ( 'NONE',  ( 4.170000000000003500, 0.8000000000000000400, 12.74999999999999800 ) );
#1745=DIRECTION ( 'NONE',  ( 1.000000000000000000, -0.0000000000000000000, -3.854941057726231600E-015 ) );
#1746=PLANE ( 'NONE',  #12861 );
#1747=ORIENTED_EDGE ( 'NONE', *, *, #12060, .F. );
#1748=EDGE_LOOP ( 'NONE', ( #2054, #12122, #4194, #10286, #11463, #11308 ) );
#1749=EDGE_CURVE ( 'NONE', #8188, #4690, #5005, .T. );
#1750=ORIENTED_EDGE ( 'NONE', *, *, #9036, .F. );
#1751=CARTESIAN_POINT ( 'NONE',  ( 9.000000000000172300, 0.0000000000000000000, 11.69999999999999600 ) );
#1752=EDGE_CURVE ( 'NONE', #4646, #748, #8173, .T. );
#1753=FACE_OUTER_BOUND ( 'NONE', #10834, .T. );
#1754=VERTEX_POINT ( 'NONE', #11855 );
#1755=LINE ( 'NONE', #237, #2548 );
#1756=ORIENTED_EDGE ( 'NONE', *, *, #10259, .F. );
#1757=ADVANCED_FACE ( 'NONE', ( #1854 ), #233, .T. );
#1758=EDGE_CURVE ( 'NONE', #12694, #4959, #6248, .T. );
#1759=DIRECTION ( 'NONE',  ( -1.000000000000000000, 0.0000000000000000000, 1.541976423090491400E-014 ) );
#1760=ADVANCED_FACE ( 'NONE', ( #2239 ), #4414, .F. );
#1761=MECHANICAL_DESIGN_GEOMETRIC_PRESENTATION_REPRESENTATION (  '', ( #12126 ), #3460 );
#1762=CARTESIAN_POINT ( 'NONE',  ( -9.000000000000000000, 0.0000000000000000000, -4.440000000000005700 ) );
#1763=ORIENTED_EDGE ( 'NONE', *, *, #1332, .F. );
#1764=VERTEX_POINT ( 'NONE', #8390 );
#1765=CARTESIAN_POINT ( 'NONE',  ( 3.625000000000002200, 0.8000000000000000400, 12.74999999999999800 ) );
#1766=LINE ( 'NONE', #3797, #577 );
#1767=VECTOR ( 'NONE', #2766, 1000.000000000000000 );
#1768=VERTEX_POINT ( 'NONE', #4123 );
#1769=ORIENTED_EDGE ( 'NONE', *, *, #12077, .F. );
#1770=ORIENTED_EDGE ( 'NONE', *, *, #11598, .F. );
#1771=VERTEX_POINT ( 'NONE', #2846 );
#1772=VERTEX_POINT ( 'NONE', #2950 );
#1773=EDGE_CURVE ( 'NONE', #581, #1517, #1581, .T. );
#1774=ORIENTED_EDGE ( 'NONE', *, *, #11641, .F. );
#1775=EDGE_CURVE ( 'NONE', #2649, #626, #5499, .T. );
#1776=EDGE_CURVE ( 'NONE', #157, #7454, #1269, .T. );
#1777=CARTESIAN_POINT ( 'NONE',  ( -8.150000000000003900, 0.05000000000000000300, -4.440000000000004800 ) );
#1778=ADVANCED_FACE ( 'NONE', ( #7839 ), #8978, .T. );
#1779=ORIENTED_EDGE ( 'NONE', *, *, #2863, .T. );
#1780=EDGE_CURVE ( 'NONE', #5290, #6464, #787, .T. );
#1781=DIRECTION ( 'NONE',  ( -9.637352644315602600E-016, 0.0000000000000000000, 1.000000000000000000 ) );
#1782=EDGE_LOOP ( 'NONE', ( #3855, #13919, #3838, #1680 ) );
#1783=CARTESIAN_POINT ( 'NONE',  ( 0.0000000000000000000, 0.0000000000000000000, -3.170000000000006100 ) );
#1784=ORIENTED_EDGE ( 'NONE', *, *, #2309, .T. );
#1785=ORIENTED_EDGE ( 'NONE', *, *, #2390, .F. );
#1786=ORIENTED_EDGE ( 'NONE', *, *, #1620, .F. );
#1787=LINE ( 'NONE', #2987, #4622 );
#1788=ORIENTED_EDGE ( 'NONE', *, *, #11173, .F. );
#1789=LINE ( 'NONE', #8092, #493 );
#1790=EDGE_LOOP ( 'NONE', ( #8716, #3728, #2128, #1965 ) );
#1791=DIRECTION ( 'NONE',  ( -1.000000000000000000, 0.0000000000000000000, -8.673617379884021300E-015 ) );
#1792=FACE_OUTER_BOUND ( 'NONE', #9379, .T. );
#1793=ORIENTED_EDGE ( 'NONE', *, *, #13129, .T. );
#1794=VERTEX_POINT ( 'NONE', #3275 );
#1795=LINE ( 'NONE', #1026, #493 );
#1796=CARTESIAN_POINT ( 'NONE',  ( -8.549999999999892400, 0.8000000000000000400, 5.349999999999997000 ) );
#1797=ORIENTED_EDGE ( 'NONE', *, *, #11279, .T. );
#1798=CARTESIAN_POINT ( 'NONE',  ( 8.150000000000170900, 0.05000000000000000300, -2.270000000000003600 ) );
#1799=CARTESIAN_POINT ( 'NONE',  ( 3.625000000000002200, 0.05000000000000000300, 11.90000000000017100 ) );
#1800=ADVANCED_FACE ( 'NONE', ( #13551 ), #233, .T. );
#1801=LINE ( 'NONE', #206, #399 );
#1802=EDGE_CURVE ( 'NONE', #10751, #5926, #10172, .T. );
#1803=DIRECTION ( 'NONE',  ( -2.768175759537459200E-016, 0.0000000000000000000, 1.000000000000000000 ) );
#1804=EDGE_CURVE ( 'NONE', #5477, #13471, #10948, .T. );
#1805=CARTESIAN_POINT ( 'NONE',  ( -8.999999999999920100, 0.0000000000000000000, 0.0000000000000000000 ) );
#1806=EDGE_CURVE ( 'NONE', #9921, #13537, #5129, .T. );
#1807=AXIS2_PLACEMENT_3D ( 'NONE', #3440, #95, #31 );
#1808=VERTEX_POINT ( 'NONE', #9636 );
#1809=VERTEX_POINT ( 'NONE', #4652 );
#1810=AXIS2_PLACEMENT_3D ( 'NONE', #1425, #2595, #1452 );
#1811=( GEOMETRIC_REPRESENTATION_CONTEXT ( 3 ) GLOBAL_UNCERTAINTY_ASSIGNED_CONTEXT ( ( #178 ) ) GLOBAL_UNIT_ASSIGNED_CONTEXT ( ( #7, #195, #16 ) ) REPRESENTATION_CONTEXT ( 'NONE', 'WORKASPACE' ) );
#1812=ORIENTED_EDGE ( 'NONE', *, *, #1997, .F. );
#1813=APPLICATION_CONTEXT ( 'automotive_design' );
#1814=ADVANCED_FACE ( 'NONE', ( #13122 ), #49, .T. );
#1815=ORIENTED_EDGE ( 'NONE', *, *, #7916, .T. );
#1816=EDGE_CURVE ( 'NONE', #13595, #8814, #10159, .T. );
#1817=VERTEX_POINT ( 'NONE', #2162 );
#1818=EDGE_CURVE ( 'NONE', #2501, #1479, #9856, .T. );
#1819=ORIENTED_EDGE ( 'NONE', *, *, #5988, .T. );
#1820=CYLINDRICAL_SURFACE ( 'NONE', #3183, 0.2749999999999991900 );
#1821=PLANE ( 'NONE',  #8257 );
#1822=CARTESIAN_POINT ( 'NONE',  ( -8.999999999999893400, 0.0000000000000000000, 4.624999999999991100 ) );
#1823=VERTEX_POINT ( 'NONE', #3951 );
#1824=ORIENTED_EDGE ( 'NONE', *, *, #13525, .T. );
#1825=LINE ( 'NONE', #284, #10 );
#1826=ORIENTED_EDGE ( 'NONE', *, *, #6195, .T. );
#1827=ADVANCED_FACE ( 'NONE', ( #1666 ), #10327, .T. );
#1828=VERTEX_POINT ( 'NONE', #10249 );
#1829=CARTESIAN_POINT ( 'NONE',  ( 8.550000000000023800, -1.006230589874914900, -2.270000000000004000 ) );
#1830=FACE_OUTER_BOUND ( 'NONE', #3215, .T. );
#1831=ADVANCED_FACE ( 'NONE', ( #5326 ), #2655, .F. );
#1832=ORIENTED_EDGE ( 'NONE', *, *, #6954, .F. );
#1833=ORIENTED_EDGE ( 'NONE', *, *, #9796, .F. );
#1834=DIRECTION ( 'NONE',  ( -2.270910732187823300E-013, 0.0000000000000000000, -1.000000000000000000 ) );
#1835=FACE_OUTER_BOUND ( 'NONE', #13294, .T. );
#1836=PLANE ( 'NONE',  #14314 );
#1837=CARTESIAN_POINT ( 'NONE',  ( 0.0000000000000000000, -1.006230589874914900, -5.710000000000005300 ) );
#1838=FACE_OUTER_BOUND ( 'NONE', #5026, .T. );
#1839=CARTESIAN_POINT ( 'NONE',  ( -0.5500000000000022600, 0.0000000000000000000, 1.510000000000010900 ) );
#1840=ORIENTED_EDGE ( 'NONE', *, *, #8860, .F. );
#1841=EDGE_CURVE ( 'NONE', #8333, #2381, #7320, .T. );
#1842=CARTESIAN_POINT ( 'NONE',  ( -8.549999999999839100, 0.8000000000000000400, 9.529999999999995800 ) );
#1843=VERTEX_POINT ( 'NONE', #492 );
#1844=EDGE_CURVE ( 'NONE', #3449, #8650, #13827, .T. );
#1845=EDGE_LOOP ( 'NONE', ( #5237, #12586, #2359, #9347 ) );
#1846=ORIENTED_EDGE ( 'NONE', *, *, #12878, .T. );
#1847=CIRCLE ( 'NONE', #10276, 0.2500000000000002200 );
#1848=ORIENTED_EDGE ( 'NONE', *, *, #5030, .F. );
#1849=ORIENTED_EDGE ( 'NONE', *, *, #11997, .F. );
#1850=ADVANCED_FACE ( 'NONE', ( #4951 ), #3441, .F. );
#1851=LINE ( 'NONE', #2620, #416 );
#1852=LINE ( 'NONE', #744, #1319 );
#1853=CARTESIAN_POINT ( 'NONE',  ( 9.000000000000005300, -1.006230589874914900, -3.990000000000035300 ) );
#1854=FACE_OUTER_BOUND ( 'NONE', #1991, .T. );
#1855=EDGE_LOOP ( 'NONE', ( #13045, #1797, #13793, #2666, #9257, #10539 ) );
#1856=DIRECTION ( 'NONE',  ( -8.673617379884022900E-015, 0.0000000000000000000, 1.000000000000000000 ) );
#1857=ORIENTED_EDGE ( 'NONE', *, *, #4647, .T. );
#1858=CARTESIAN_POINT ( 'NONE',  ( 8.549999999999998900, 0.8000000000000000400, -5.710000000000005300 ) );
#1859=DIRECTION ( 'NONE',  ( -1.000000000000000000, -0.0000000000000000000, 0.0000000000000000000 ) );
#1860=ORIENTED_EDGE ( 'NONE', *, *, #6793, .F. );
#1861=PLANE ( 'NONE',  #7976 );
#1862=CARTESIAN_POINT ( 'NONE',  ( -5.714999999999999000, 0.8000000000000000400, 12.74999999999999800 ) );
#1863=ORIENTED_EDGE ( 'NONE', *, *, #1174, .T. );
#1864=ORIENTED_EDGE ( 'NONE', *, *, #13263, .F. );
#1865=ORIENTED_EDGE ( 'NONE', *, *, #10126, .F. );
#1866=ORIENTED_EDGE ( 'NONE', *, *, #14035, .T. );
#1867=EDGE_CURVE ( 'NONE', #4793, #2632, #11751, .T. );
#1868=EDGE_CURVE ( 'NONE', #7411, #2029, #6228, .T. );
#1869=EDGE_CURVE ( 'NONE', #5694, #7188, #329, .T. );
#1870=ADVANCED_FACE ( 'NONE', ( #8827 ), #685, .T. );
#1871=AXIS2_PLACEMENT_3D ( 'NONE', #1124, #95, #31 );
#1872=VERTEX_POINT ( 'NONE', #5303 );
#1873=ORIENTED_EDGE ( 'NONE', *, *, #6419, .T. );
#1874=CARTESIAN_POINT ( 'NONE',  ( -8.149999999999998600, -0.0000000000000000000, -4.810000000000003200 ) );
#1875=LINE ( 'NONE', #240, #10 );
#1876=EDGE_LOOP ( 'NONE', ( #4087, #13600, #5974, #7521 ) );
#1877=ORIENTED_EDGE ( 'NONE', *, *, #13948, .T. );
#1878=EDGE_LOOP ( 'NONE', ( #4903, #6101, #1414, #682, #11814, #8409 ) );
#1879=ORIENTED_EDGE ( 'NONE', *, *, #7123, .T. );
#1880=ORIENTED_EDGE ( 'NONE', *, *, #9304, .F. );
#1881=ORIENTED_EDGE ( 'NONE', *, *, #9552, .F. );
#1882=ORIENTED_EDGE ( 'NONE', *, *, #8291, .F. );
#1883=LINE ( 'NONE', #1549, #45 );
#1884=LINE ( 'NONE', #4789, #4 );
#1885=PLANE ( 'NONE',  #3005 );
#1886=EDGE_CURVE ( 'NONE', #2888, #7880, #1213, .T. );
#1887=EDGE_CURVE ( 'NONE', #7720, #7309, #7703, .T. );
#1888=ORIENTED_EDGE ( 'NONE', *, *, #13088, .T. );
#1889=EDGE_CURVE ( 'NONE', #13253, #12099, #3239, .T. );
#1890=MECHANICAL_DESIGN_GEOMETRIC_PRESENTATION_REPRESENTATION (  '', ( #8540 ), #4425 );
#1891=ORIENTED_EDGE ( 'NONE', *, *, #6320, .T. );
#1892=ORIENTED_EDGE ( 'NONE', *, *, #9147, .F. );
#1893=EDGE_CURVE ( 'NONE', #2120, #10133, #1106, .T. );
#1894=LINE ( 'NONE', #439, #416 );
#1895=ORIENTED_EDGE ( 'NONE', *, *, #8277, .F. );
#1896=CARTESIAN_POINT ( 'NONE',  ( 8.550000000000013100, -1.006230589874914900, 0.0000000000000000000 ) );
#1897=ORIENTED_EDGE ( 'NONE', *, *, #1355, .F. );
#1898=ORIENTED_EDGE ( 'NONE', *, *, #6175, .F. );
#1899=ORIENTED_EDGE ( 'NONE', *, *, #9491, .T. );
#1900=ORIENTED_EDGE ( 'NONE', *, *, #12483, .F. );
#1901=CARTESIAN_POINT ( 'NONE',  ( 8.150000000000170900, 0.05000000000000000300, -3.540000000000003100 ) );
#1902=ORIENTED_EDGE ( 'NONE', *, *, #3768, .T. );
#1903=FACE_OUTER_BOUND ( 'NONE', #2025, .T. );
#1904=MANIFOLD_SOLID_BREP ( 'Boss-Extrude5[15]', #4054 );
#1905=PLANE ( 'NONE',  #613 );
#1906=EDGE_LOOP ( 'NONE', ( #13130, #8168, #4108, #7125, #9883, #14357 ) );
#1907=CARTESIAN_POINT ( 'NONE',  ( 8.150000000000170900, 0.05000000000000000300, 11.69999999999999800 ) );
#1908=VERTEX_POINT ( 'NONE', #1347 );
#1909=LINE ( 'NONE', #1499, #8818 );
#1910=LINE ( 'NONE', #1236, #10 );
#1911=VERTEX_POINT ( 'NONE', #2757 );
#1912=ORIENTED_EDGE ( 'NONE', *, *, #4307, .F. );
#1913=VERTEX_POINT ( 'NONE', #8357 );
#1914=EDGE_CURVE ( 'NONE', #5431, #9729, #10474, .T. );
#1915=ADVANCED_FACE ( 'NONE', ( #9349 ), #49, .T. );
#1916=ORIENTED_EDGE ( 'NONE', *, *, #7824, .T. );
#1917=ORIENTED_EDGE ( 'NONE', *, *, #687, .F. );
#1918=EDGE_CURVE ( 'NONE', #12734, #5342, #4024, .T. );
#1919=ADVANCED_FACE ( 'NONE', ( #9842 ), #3923, .F. );
#1920=LINE ( 'NONE', #1443, #36 );
#1921=EDGE_CURVE ( 'NONE', #6530, #3673, #9680, .T. );
#1922=ORIENTED_EDGE ( 'NONE', *, *, #227, .F. );
#1923=CARTESIAN_POINT ( 'NONE',  ( -8.999999999999944900, -1.006230589874914900, 0.2699999999999968000 ) );
#1924=AXIS2_PLACEMENT_3D ( 'NONE', #1453, #5171, #1025 );
#1925=CARTESIAN_POINT ( 'NONE',  ( 5.265000000000001500, 0.0000000000000000000, 12.74999999999999800 ) );
#1926=SURFACE_STYLE_USAGE ( .BOTH. , #10801 );
#1927=EDGE_LOOP ( 'NONE', ( #6151, #2617, #3293, #13604 ) );
#1928=FACE_OUTER_BOUND ( 'NONE', #13972, .T. );
#1929=EDGE_CURVE ( 'NONE', #5342, #12107, #11961, .T. );
#1930=VERTEX_POINT ( 'NONE', #88 );
#1931=ORIENTED_EDGE ( 'NONE', *, *, #3228, .T. );
#1932=ORIENTED_EDGE ( 'NONE', *, *, #1749, .F. );
#1933=CLOSED_SHELL ( 'NONE', ( #12399, #6755, #484, #6770, #5163, #12998 ) );
#1934=LINE ( 'NONE', #3676, #10 );
#1935=EDGE_LOOP ( 'NONE', ( #6183, #4651, #8065, #8765 ) );
#1936=VERTEX_POINT ( 'NONE', #5273 );
#1937=CARTESIAN_POINT ( 'NONE',  ( 2.725000000000001000, 0.0000000000000000000, 12.74999999999999800 ) );
#1938=ADVANCED_FACE ( 'NONE', ( #6971 ), #8637, .F. );
#1939=LINE ( 'NONE', #800, #45 );
#1940=ORIENTED_EDGE ( 'NONE', *, *, #10328, .F. );
#1941=CARTESIAN_POINT ( 'NONE',  ( 3.899999999999999500, 0.8000000000000000400, -6.750000000000000900 ) );
#1942=EDGE_CURVE ( 'NONE', #9970, #7915, #7148, .T. );
#1943=LINE ( 'NONE', #4578, #6331 );
#1944=CARTESIAN_POINT ( 'NONE',  ( -5.264999999999997900, -1.006230589874914900, 0.0000000000000000000 ) );
#1945=VERTEX_POINT ( 'NONE', #458 );
#1946=FACE_OUTER_BOUND ( 'NONE', #13415, .T. );
#1947=ORIENTED_EDGE ( 'NONE', *, *, #5357, .T. );
#1948=CARTESIAN_POINT ( 'NONE',  ( -8.999999999999985800, 0.0000000000000000000, -4.440000000000003900 ) );
#1949=EDGE_CURVE ( 'NONE', #7814, #2230, #12361, .T. );
#1950=EDGE_CURVE ( 'NONE', #1609, #7086, #14405, .T. );
#1951=ORIENTED_EDGE ( 'NONE', *, *, #11260, .F. );
#1952=AXIS2_PLACEMENT_3D ( 'NONE', #3081, #95, #31 );
#1953=ORIENTED_EDGE ( 'NONE', *, *, #10085, .F. );
#1954=FACE_OUTER_BOUND ( 'NONE', #10931, .T. );
#1955=STYLED_ITEM ( 'NONE', ( #77 ), #462 );
#1956=AXIS2_PLACEMENT_3D ( 'NONE', #806, #3683, #9281 );
#1957=LINE ( 'NONE', #14002, #209 );
#1958=ORIENTED_EDGE ( 'NONE', *, *, #6131, .T. );
#1959=CARTESIAN_POINT ( 'NONE',  ( -8.999999999999944900, 0.8000000000000000400, 9.979999999999989800 ) );
#1960=CARTESIAN_POINT ( 'NONE',  ( -6.534999999999998400, 0.05000000000000000300, 11.90000000000017100 ) );
#1961=ADVANCED_FACE ( 'NONE', ( #4033 ), #233, .T. );
#1962=ORIENTED_EDGE ( 'NONE', *, *, #7279, .F. );
#1963=ORIENTED_EDGE ( 'NONE', *, *, #9915, .T. );
#1964=ORIENTED_EDGE ( 'NONE', *, *, #11221, .T. );
#1965=ORIENTED_EDGE ( 'NONE', *, *, #3283, .F. );
#1966=CARTESIAN_POINT ( 'NONE',  ( 2.725000000000001000, 0.05000000000000000300, 11.90000000000017100 ) );
#1967=FACE_OUTER_BOUND ( 'NONE', #13343, .T. );
#1968=EDGE_LOOP ( 'NONE', ( #10385, #1212, #8626, #3914 ) );
#1969=CARTESIAN_POINT ( 'NONE',  ( -8.999999999999840100, -1.006230589874914900, 0.0000000000000000000 ) );
#1970=AXIS2_PLACEMENT_3D ( 'NONE', #8507, #214, #15 );
#1971=LINE ( 'NONE', #7937, #4934 );
#1972=EDGE_CURVE ( 'NONE', #5078, #5021, #9611, .T. );
#1973=EDGE_LOOP ( 'NONE', ( #1090, #14333, #1824, #10850 ) );
#1974=EDGE_CURVE ( 'NONE', #7077, #4813, #6424, .T. );
#1975=LINE ( 'NONE', #4485, #10 );
#1976=ORIENTED_EDGE ( 'NONE', *, *, #11665, .T. );
#1977=ORIENTED_EDGE ( 'NONE', *, *, #11867, .T. );
#1978=EDGE_CURVE ( 'NONE', #6863, #6695, #2843, .T. );
#1979=AXIS2_PLACEMENT_3D ( 'NONE', #8220, #19, #135 );
#1980=ORIENTED_EDGE ( 'NONE', *, *, #4225, .F. );
#1981=ORIENTED_EDGE ( 'NONE', *, *, #1918, .T. );
#1982=CARTESIAN_POINT ( 'NONE',  ( -8.999999999999973400, -1.006230589874914900, 0.0000000000000000000 ) );
#1983=LINE ( 'NONE', #12016, #1276 );
#1984=VERTEX_POINT ( 'NONE', #4326 );
#1985=CARTESIAN_POINT ( 'NONE',  ( 9.000000000000092400, 0.0000000000000000000, 4.079999999999995600 ) );
#1986=PLANE ( 'NONE',  #4749 );
#1987=EDGE_LOOP ( 'NONE', ( #7184, #2589, #6308, #12904 ) );
#1988=FACE_OUTER_BOUND ( 'NONE', #14346, .T. );
#1989=PLANE ( 'NONE',  #13252 );
#1990=ADVANCED_FACE ( 'NONE', ( #4595 ), #12849, .F. );
#1991=EDGE_LOOP ( 'NONE', ( #3894, #11431, #14003, #6946, #2986, #13930 ) );
#1992=VERTEX_POINT ( 'NONE', #359 );
#1993=ORIENTED_EDGE ( 'NONE', *, *, #1275, .F. );
#1994=ORIENTED_EDGE ( 'NONE', *, *, #12833, .T. );
#1995=EDGE_CURVE ( 'NONE', #11940, #5717, #10480, .T. );
#1996=EDGE_CURVE ( 'NONE', #5671, #354, #7646, .T. );
#1997=EDGE_CURVE ( 'NONE', #12260, #8477, #4598, .T. );
#1998=PLANE ( 'NONE',  #11065 );
#1999=ORIENTED_EDGE ( 'NONE', *, *, #4900, .F. );
#2000=EDGE_LOOP ( 'NONE', ( #9198, #10401, #8928, #5224 ) );
#2001=EDGE_CURVE ( 'NONE', #401, #6159, #5, .T. );
#2002=CARTESIAN_POINT ( 'NONE',  ( -6.534999999999998400, 0.8000000000000000400, 12.74999999999999800 ) );
#2003=PLANE ( 'NONE',  #9627 );
#2004=FACE_OUTER_BOUND ( 'NONE', #13942, .T. );
#2005=CARTESIAN_POINT ( 'NONE',  ( -8.999999999999959100, 0.0000000000000000000, -1.000000000000004400 ) );
#2006=ADVANCED_FACE ( 'NONE', ( #8176 ), #5471, .T. );
#2007=EDGE_LOOP ( 'NONE', ( #8475, #11990, #4076, #6832 ) );
#2008=ADVANCED_FACE ( 'NONE', ( #5130 ), #13378, .F. );
#2009=CYLINDRICAL_SURFACE ( 'NONE', #5506, 0.2749999999999997400 );
#2010=LINE ( 'NONE', #6599, #110 );
#2011=CIRCLE ( 'NONE', #2776, 0.2749999999999991900 );
#2012=CARTESIAN_POINT ( 'NONE',  ( -8.549999999999998900, 0.0000000000000000000, -4.810000000000003200 ) );
#2013=LINE ( 'NONE', #2405, #184 );
#2014=ORIENTED_EDGE ( 'NONE', *, *, #2438, .T. );
#2015=ORIENTED_EDGE ( 'NONE', *, *, #13569, .F. );
#2016=PLANE ( 'NONE',  #12501 );
#2017=CARTESIAN_POINT ( 'NONE',  ( -6.534999999999998400, 0.05000000000000000300, 12.29999999999999700 ) );
#2018=LINE ( 'NONE', #4143, #209 );
#2019=EDGE_CURVE ( 'NONE', #11658, #3367, #12053, .T. );
#2020=ORIENTED_EDGE ( 'NONE', *, *, #7083, .T. );
#2021=EDGE_CURVE ( 'NONE', #11039, #9417, #9330, .T. );
#2022=EDGE_CURVE ( 'NONE', #11998, #9223, #7991, .T. );
#2023=LINE ( 'NONE', #13139, #36 );
#2024=ADVANCED_FACE ( 'NONE', ( #8518 ), #13911, .F. );
#2025=EDGE_LOOP ( 'NONE', ( #10022, #10540, #5006, #10202 ) );
#2026=AXIS2_PLACEMENT_3D ( 'NONE', #159, #215, #15 );
#2027=FACE_OUTER_BOUND ( 'NONE', #3603, .T. );
#2028=FACE_OUTER_BOUND ( 'NONE', #14016, .T. );
#2029=VERTEX_POINT ( 'NONE', #4729 );
#2030=EDGE_CURVE ( 'NONE', #4649, #11094, #542, .T. );
#2031=LINE ( 'NONE', #112, #1226 );
#2032=CARTESIAN_POINT ( 'NONE',  ( -8.999999999999865000, 0.0000000000000000000, 6.989999999999989600 ) );
#2033=PLANE ( 'NONE',  #12448 );
#2034=ORIENTED_EDGE ( 'NONE', *, *, #8792, .F. );
#2035=CARTESIAN_POINT ( 'NONE',  ( 9.000000000000158100, -1.006230589874914900, 9.529999999999995800 ) );
#2036=LINE ( 'NONE', #9393, #184 );
#2037=CARTESIAN_POINT ( 'NONE',  ( 9.000000000000133200, 0.8000000000000000400, 7.889999999999997900 ) );
#2038=LINE ( 'NONE', #3364, #4 );
#2039=ORIENTED_EDGE ( 'NONE', *, *, #9264, .T. );
#2040=VERTEX_POINT ( 'NONE', #3252 );
#2041=ADVANCED_FACE ( 'NONE', ( #3222 ), #12090, .F. );
#2042=EDGE_LOOP ( 'NONE', ( #3068, #9254, #14443, #6587, #7195, #5878 ) );
#2043=ORIENTED_EDGE ( 'NONE', *, *, #10346, .F. );
#2044=EDGE_CURVE ( 'NONE', #4805, #6503, #2038, .T. );
#2045=FACE_OUTER_BOUND ( 'NONE', #6023, .T. );
#2046=ORIENTED_EDGE ( 'NONE', *, *, #13769, .T. );
#2047=EDGE_CURVE ( 'NONE', #1930, #7549, #4013, .T. );
#2048=LINE ( 'NONE', #10404, #36 );
#2049=DIRECTION ( 'NONE',  ( 1.845450506358305300E-016, 0.0000000000000000000, 1.000000000000000000 ) );
#2050=CARTESIAN_POINT ( 'NONE',  ( -7.549200000000001700, 3.250000000000000000, -5.629289321881345600 ) );
#2051=AXIS2_PLACEMENT_3D ( 'NONE', #12768, #95, #31 );
#2052=EDGE_LOOP ( 'NONE', ( #4135, #9704, #7832, #6038 ) );
#2053=DIRECTION ( 'NONE',  ( 1.000000000000000000, 0.0000000000000000000, -4.382944952600977400E-016 ) );
#2054=ORIENTED_EDGE ( 'NONE', *, *, #14399, .F. );
#2055=ORIENTED_EDGE ( 'NONE', *, *, #1650, .T. );
#2056=CYLINDRICAL_SURFACE ( 'NONE', #11643, 0.2749999999999996300 );
#2057=LINE ( 'NONE', #4337, #184 );
#2058=ORIENTED_EDGE ( 'NONE', *, *, #6397, .T. );
#2059=FACE_OUTER_BOUND ( 'NONE', #7644, .T. );
#2060=ORIENTED_EDGE ( 'NONE', *, *, #3089, .T. );
#2061=ORIENTED_EDGE ( 'NONE', *, *, #6358, .T. );
#2062=CARTESIAN_POINT ( 'NONE',  ( -8.999999999999825900, -1.006230589874914900, 11.69999999999999800 ) );
#2063=FACE_OUTER_BOUND ( 'NONE', #8124, .T. );
#2064=EDGE_CURVE ( 'NONE', #3585, #6712, #10623, .T. );
#2065=EDGE_CURVE ( 'NONE', #13082, #6157, #7823, .T. );
#2066=ORIENTED_EDGE ( 'NONE', *, *, #790, .T. );
#2067=EDGE_CURVE ( 'NONE', #2767, #13949, #10777, .T. );
#2068=( GEOMETRIC_REPRESENTATION_CONTEXT ( 3 ) GLOBAL_UNCERTAINTY_ASSIGNED_CONTEXT ( ( #178 ) ) GLOBAL_UNIT_ASSIGNED_CONTEXT ( ( #7, #195, #16 ) ) REPRESENTATION_CONTEXT ( 'NONE', 'WORKASPACE' ) );
#2069=ORIENTED_EDGE ( 'NONE', *, *, #3012, .F. );
#2070=FACE_OUTER_BOUND ( 'NONE', #6506, .T. );
#2071=AXIS2_PLACEMENT_3D ( 'NONE', #12331, #95, #31 );
#2072=CARTESIAN_POINT ( 'NONE',  ( -0.1849999999999976700, 0.8000000000000000400, 12.29999999999999700 ) );
#2073=FACE_OUTER_BOUND ( 'NONE', #3512, .T. );
#2074=ORIENTED_EDGE ( 'NONE', *, *, #12336, .F. );
#2075=EDGE_LOOP ( 'NONE', ( #14453, #4565, #7511, #11286 ) );
#2076=LINE ( 'NONE', #2227, #493 );
#2077=CYLINDRICAL_SURFACE ( 'NONE', #4134, 0.2749999999999996300 );
#2078=ADVANCED_FACE ( 'NONE', ( #1838 ), #49, .T. );
#2079=DIRECTION ( 'NONE',  ( 1.541976423090491400E-014, 0.0000000000000000000, 1.000000000000000000 ) );
#2080=ADVANCED_FACE ( 'NONE', ( #6779 ), #13951, .T. );
#2081=VERTEX_POINT ( 'NONE', #8 );
#2082=CARTESIAN_POINT ( 'NONE',  ( -9.000000000000000000, 0.8000000000000000400, -12.75000000000000200 ) );
#2083=CARTESIAN_POINT ( 'NONE',  ( -8.549999999999865700, -1.006230589874914900, 0.0000000000000000000 ) );
#2084=LINE ( 'NONE', #7803, #36 );
#2085=EDGE_CURVE ( 'NONE', #9268, #3443, #1423, .T. );
#2086=CARTESIAN_POINT ( 'NONE',  ( -7.000000000000000900, 0.8000000000000000400, -8.250000000000000000 ) );
#2087=EDGE_CURVE ( 'NONE', #10976, #3552, #6575, .T. );
#2088=VERTEX_POINT ( 'NONE', #3932 );
#2089=EDGE_CURVE ( 'NONE', #8284, #6646, #853, .T. );
#2090=AXIS2_PLACEMENT_3D ( 'NONE', #7207, #95, #250 );
#2091=ORIENTED_EDGE ( 'NONE', *, *, #525, .T. );
#2092=ORIENTED_EDGE ( 'NONE', *, *, #4247, .F. );
#2093=EDGE_CURVE ( 'NONE', #7909, #12106, #13540, .T. );
#2094=ORIENTED_EDGE ( 'NONE', *, *, #2551, .F. );
#2095=STYLED_ITEM ( 'NONE', ( #7724 ), #12472 );
#2096=CIRCLE ( 'NONE', #13464, 0.2750000000001171500 );
#2097=ORIENTED_EDGE ( 'NONE', *, *, #4291, .F. );
#2098=CARTESIAN_POINT ( 'NONE',  ( -8.999999999999944900, 0.0000000000000000000, 0.2699999999999959100 ) );
#2099=ORIENTED_EDGE ( 'NONE', *, *, #12946, .F. );
#2100=ADVANCED_FACE ( 'NONE', ( #10949 ), #5866, .T. );
#2101=ORIENTED_EDGE ( 'NONE', *, *, #10107, .T. );
#2102=ORIENTED_EDGE ( 'NONE', *, *, #4034, .T. );
#2103=PLANE ( 'NONE',  #1807 );
#2104=EDGE_LOOP ( 'NONE', ( #2978, #4918, #4562, #13450 ) );
#2105=DIRECTION ( 'NONE',  ( 1.445602896647338500E-015, 0.0000000000000000000, -1.000000000000000000 ) );
#2106=ORIENTED_EDGE ( 'NONE', *, *, #7631, .F. );
#2107=CARTESIAN_POINT ( 'NONE',  ( -8.150000000000030600, 0.0000000000000000000, 4.079999999999996500 ) );
#2108=EDGE_CURVE ( 'NONE', #792, #13486, #4399, .T. );
#2109=ORIENTED_EDGE ( 'NONE', *, *, #4095, .T. );
#2110=EDGE_CURVE ( 'NONE', #4302, #9951, #3410, .T. );
#2111=CARTESIAN_POINT ( 'NONE',  ( 9.000000000000065700, 0.0000000000000000000, -0.0000000000000000000 ) );
#2112=ORIENTED_EDGE ( 'NONE', *, *, #8912, .F. );
#2113=EDGE_CURVE ( 'NONE', #5681, #3702, #3620, .T. );
#2114=AXIS2_PLACEMENT_3D ( 'NONE', #1445, #95, #31 );
#2115=CARTESIAN_POINT ( 'NONE',  ( 8.550000000000078900, -1.006230589874914900, 1.909999999999995000 ) );
#2116=LINE ( 'NONE', #4710, #209 );
#2117=LINE ( 'NONE', #349, #36 );
#2118=ORIENTED_EDGE ( 'NONE', *, *, #3326, .F. );
#2119=ORIENTED_EDGE ( 'NONE', *, *, #628, .F. );
#2120=VERTEX_POINT ( 'NONE', #4136 );
#2121=ADVANCED_FACE ( 'NONE', ( #70 ), #8208, .T. );
#2122=CARTESIAN_POINT ( 'NONE',  ( 8.150000000000170900, 0.05000000000000000300, -1.900000000000005000 ) );
#2123=ORIENTED_EDGE ( 'NONE', *, *, #5708, .T. );
#2124=ORIENTED_EDGE ( 'NONE', *, *, #8301, .F. );
#2125=ORIENTED_EDGE ( 'NONE', *, *, #823, .T. );
#2126=LINE ( 'NONE', #6177, #36 );
#2127=ORIENTED_EDGE ( 'NONE', *, *, #8349, .F. );
#2128=ORIENTED_EDGE ( 'NONE', *, *, #4421, .F. );
#2129=CARTESIAN_POINT ( 'NONE',  ( 9.000000000000039100, 0.0000000000000000000, 6.169999999999717500 ) );
#2130=ORIENTED_EDGE ( 'NONE', *, *, #7297, .T. );
#2131=LINE ( 'NONE', #6565, #36 );
#2132=LINE ( 'NONE', #2996, #4 );
#2133=ORIENTED_EDGE ( 'NONE', *, *, #8998, .T. );
#2134=EDGE_CURVE ( 'NONE', #7383, #9844, #8661, .T. );
#2135=CARTESIAN_POINT ( 'NONE',  ( -5.400000000000002100, 0.7500000000000000000, -11.44999999999999900 ) );
#2136=CARTESIAN_POINT ( 'NONE',  ( 1.085000000000001700, -1.006230589874914900, 12.29999999999999700 ) );
#2137=CARTESIAN_POINT ( 'NONE',  ( 9.000000000000145700, 0.8000000000000000400, -0.0000000000000000000 ) );
#2138=CARTESIAN_POINT ( 'NONE',  ( -0.6000000000000003100, 0.8000000000000000400, -11.44999999999999900 ) );
#2139=VERTEX_POINT ( 'NONE', #3423 );
#2140=EDGE_CURVE ( 'NONE', #4086, #4932, #10144, .T. );
#2141=CARTESIAN_POINT ( 'NONE',  ( -8.150000000000034100, 0.05000000000000000300, 5.349999999999997000 ) );
#2142=AXIS2_PLACEMENT_3D ( 'NONE', #8207, #15, #575 );
#2143=EDGE_LOOP ( 'NONE', ( #2673, #5010, #9229, #13542, #7248, #267 ) );
#2144=CARTESIAN_POINT ( 'NONE',  ( 8.150000000000170900, 0.05000000000000000300, 0.2699999999999968000 ) );
#2145=LINE ( 'NONE', #2135, #209 );
#2146=ORIENTED_EDGE ( 'NONE', *, *, #10468, .T. );
#2147=MECHANICAL_DESIGN_GEOMETRIC_PRESENTATION_REPRESENTATION (  '', ( #13612 ), #4655 );
#2148=EDGE_CURVE ( 'NONE', #7383, #9844, #5308, .T. );
#2149=LINE ( 'NONE', #1966, #4 );
#2150=LINE ( 'NONE', #12810, #184 );
#2151=ORIENTED_EDGE ( 'NONE', *, *, #3693, .T. );
#2152=ORIENTED_EDGE ( 'NONE', *, *, #14055, .F. );
#2153=ORIENTED_EDGE ( 'NONE', *, *, #5778, .T. );
#2154=LINE ( 'NONE', #483, #184 );
#2155=PLANE ( 'NONE',  #5032 );
#2156=ORIENTED_EDGE ( 'NONE', *, *, #6457, .T. );
#2157=LINE ( 'NONE', #1578, #3827 );
#2158=CARTESIAN_POINT ( 'NONE',  ( -7.800000000000001600, 0.7500000000000000000, -8.250000000000000000 ) );
#2159=CARTESIAN_POINT ( 'NONE',  ( 8.150000000000170900, 0.0000000000000000000, -4.440000000000004800 ) );
#2160=EDGE_LOOP ( 'NONE', ( #11899, #13403, #7707, #5080 ) );
#2161=EDGE_CURVE ( 'NONE', #4723, #5831, #4212, .T. );
#2162=CARTESIAN_POINT ( 'NONE',  ( -1.950000000000002200, 0.0000000000000000000, 1.510000000000001100 ) );
#2163=CARTESIAN_POINT ( 'NONE',  ( -8.999999999999825900, 0.0000000000000000000, 11.69999999999999800 ) );
#2164=ADVANCED_FACE ( 'NONE', ( #14258 ), #746, .F. );
#2165=LINE ( 'NONE', #5715, #10 );
#2166=EDGE_CURVE ( 'NONE', #3757, #818, #863, .T. );
#2167=ORIENTED_EDGE ( 'NONE', *, *, #13336, .T. );
#2168=ORIENTED_EDGE ( 'NONE', *, *, #610, .F. );
#2169=EDGE_CURVE ( 'NONE', #5915, #4164, #2826, .T. );
#2170=ADVANCED_FACE ( 'NONE', ( #7303 ), #2469, .F. );
#2171=ORIENTED_EDGE ( 'NONE', *, *, #2784, .F. );
#2172=ORIENTED_EDGE ( 'NONE', *, *, #253, .T. );
#2173=AXIS2_PLACEMENT_3D ( 'NONE', #12049, #95, #31 );
#2174=FACE_OUTER_BOUND ( 'NONE', #8200, .T. );
#2175=ORIENTED_EDGE ( 'NONE', *, *, #13336, .F. );
#2176=VERTEX_POINT ( 'NONE', #1725 );
#2177=( GEOMETRIC_REPRESENTATION_CONTEXT ( 3 ) GLOBAL_UNCERTAINTY_ASSIGNED_CONTEXT ( ( #178 ) ) GLOBAL_UNIT_ASSIGNED_CONTEXT ( ( #7, #195, #16 ) ) REPRESENTATION_CONTEXT ( 'NONE', 'WORKASPACE' ) );
#2178=ORIENTED_EDGE ( 'NONE', *, *, #4540, .T. );
#2179=LINE ( 'NONE', #2720, #4810 );
#2180=ORIENTED_EDGE ( 'NONE', *, *, #9672, .F. );
#2181=CARTESIAN_POINT ( 'NONE',  ( 9.000000000000133200, 0.0000000000000000000, 6.989999999999996700 ) );
#2182=CARTESIAN_POINT ( 'NONE',  ( -7.434999999999999600, 0.0000000000000000000, 11.90000000000017100 ) );
#2183=ORIENTED_EDGE ( 'NONE', *, *, #10858, .F. );
#2184=FACE_OUTER_BOUND ( 'NONE', #1545, .T. );
#2185=ORIENTED_EDGE ( 'NONE', *, *, #3761, .T. );
#2186=EDGE_LOOP ( 'NONE', ( #5480, #13798, #8541, #10425 ) );
#2187=LINE ( 'NONE', #3393, #327 );
#2188=EDGE_LOOP ( 'NONE', ( #9302, #10212, #1291, #6100 ) );
#2189=ORIENTED_EDGE ( 'NONE', *, *, #4974, .F. );
#2190=ADVANCED_FACE ( 'NONE', ( #8996 ), #9463, .T. );
#2191=VERTEX_POINT ( 'NONE', #8596 );
#2192=ORIENTED_EDGE ( 'NONE', *, *, #2087, .F. );
#2193=EDGE_CURVE ( 'NONE', #7483, #2837, #12511, .T. );
#2194=EDGE_CURVE ( 'NONE', #4049, #6721, #2813, .T. );
#2195=CARTESIAN_POINT ( 'NONE',  ( 8.150000000000170900, 0.0000000000000000000, 9.159999999999998400 ) );
#2196=EDGE_CURVE ( 'NONE', #11807, #6683, #2625, .T. );
#2197=AXIS2_PLACEMENT_3D ( 'NONE', #4889, #250, #31 );
#2198=VERTEX_POINT ( 'NONE', #1157 );
#2199=LINE ( 'NONE', #9937, #36 );
#2200=CARTESIAN_POINT ( 'NONE',  ( 9.000000000000092400, 0.0000000000000000000, -0.0000000000000000000 ) );
#2201=CARTESIAN_POINT ( 'NONE',  ( 8.550000000000093100, -1.006230589874914900, 0.0000000000000000000 ) );
#2202=LINE ( 'NONE', #1858, #184 );
#2203=DIRECTION ( 'NONE',  ( -1.000000000000000000, 0.0000000000000000000, -1.927470528863115800E-015 ) );
#2204=CARTESIAN_POINT ( 'NONE',  ( 0.0000000000000000000, 0.0000000000000000000, 6.989999999999989600 ) );
#2205=LINE ( 'NONE', #10214, #36 );
#2206=EDGE_LOOP ( 'NONE', ( #11980, #3123, #2128, #4657 ) );
#2207=ORIENTED_EDGE ( 'NONE', *, *, #693, .T. );
#2208=LINE ( 'NONE', #2382, #493 );
#2209=ADVANCED_FACE ( 'NONE', ( #3209 ), #9920, .F. );
#2210=CARTESIAN_POINT ( 'NONE',  ( -0.1849999999999976700, -1.006230589874914900, 0.0000000000000000000 ) );
#2211=ORIENTED_EDGE ( 'NONE', *, *, #6107, .F. );
#2212=EDGE_CURVE ( 'NONE', #98, #3253, #5485, .T. );
#2213=EDGE_CURVE ( 'NONE', #3373, #183, #4208, .T. );
#2214=CARTESIAN_POINT ( 'NONE',  ( 2.725000000000001000, 0.0000000000000000000, 12.29999999999999700 ) );
#2215=EDGE_CURVE ( 'NONE', #269, #3415, #5472, .T. );
#2216=CARTESIAN_POINT ( 'NONE',  ( 8.150000000000170900, 0.05000000000000000300, 1.539999999999997100 ) );
#2217=EDGE_CURVE ( 'NONE', #1492, #6271, #7808, .T. );
#2218=LINE ( 'NONE', #12834, #184 );
#2219=AXIS2_PLACEMENT_3D ( 'NONE', #6641, #95, #31 );
#2220=ORIENTED_EDGE ( 'NONE', *, *, #531, .T. );
#2221=CARTESIAN_POINT ( 'NONE',  ( -9.000000000000000000, 0.0000000000000000000, -3.990000000000004700 ) );
#2222=ORIENTED_EDGE ( 'NONE', *, *, #8099, .F. );
#2223=LINE ( 'NONE', #11788, #908 );
#2224=CARTESIAN_POINT ( 'NONE',  ( 0.0000000000000000000, 0.0000000000000000000, 5.349999999999997000 ) );
#2225=ORIENTED_EDGE ( 'NONE', *, *, #4516, .T. );
#2226=CARTESIAN_POINT ( 'NONE',  ( 6.165000000000002700, -1.006230589874914900, 0.0000000000000000000 ) );
#2227=CARTESIAN_POINT ( 'NONE',  ( -8.149999999999998600, 0.05000000000000000300, -4.810000000000003200 ) );
#2228=CARTESIAN_POINT ( 'NONE',  ( -8.999999999999973400, 0.8000000000000000400, -2.270000000000003600 ) );
#2229=CARTESIAN_POINT ( 'NONE',  ( -1.950000000000002200, 0.05000000000000000300, 4.309999999999999600 ) );
#2230=VERTEX_POINT ( 'NONE', #7342 );
#2231=CARTESIAN_POINT ( 'NONE',  ( -8.549999999999998900, -1.006230589874914900, 0.0000000000000000000 ) );
#2232=EDGE_LOOP ( 'NONE', ( #6619, #11960, #9588, #10326 ) );
#2233=EDGE_CURVE ( 'NONE', #5645, #504, #2488, .T. );
#2234=EDGE_CURVE ( 'NONE', #7725, #5917, #3948, .T. );
#2235=EDGE_CURVE ( 'NONE', #11625, #9459, #12341, .T. );
#2236=EDGE_LOOP ( 'NONE', ( #11780, #2450, #4995, #9375 ) );
#2237=AXIS2_PLACEMENT_3D ( 'NONE', #6752, #19, #135 );
#2238=ORIENTED_EDGE ( 'NONE', *, *, #5352, .T. );
#2239=FACE_OUTER_BOUND ( 'NONE', #14004, .T. );
#2240=LINE ( 'NONE', #703, #36 );
#2241=VECTOR ( 'NONE', #8746, 1000.000000000000000 );
#2242=CARTESIAN_POINT ( 'NONE',  ( -2.354999999999999500, 0.8000000000000000400, 12.74999999999999800 ) );
#2243=EDGE_CURVE ( 'NONE', #2593, #9247, #10291, .T. );
#2244=CARTESIAN_POINT ( 'NONE',  ( -8.150000000000048300, 0.05000000000000000300, 8.259999999999996200 ) );
#2245=ADVANCED_FACE ( 'NONE', ( #5121 ), #6224, .F. );
#2246=VERTEX_POINT ( 'NONE', #1389 );
#2247=EDGE_LOOP ( 'NONE', ( #10703, #12311, #5031, #11852, #11162, #11453 ) );
#2248=( GEOMETRIC_REPRESENTATION_CONTEXT ( 3 ) GLOBAL_UNCERTAINTY_ASSIGNED_CONTEXT ( ( #178 ) ) GLOBAL_UNIT_ASSIGNED_CONTEXT ( ( #7, #195, #16 ) ) REPRESENTATION_CONTEXT ( 'NONE', 'WORKASPACE' ) );
#2249=PLANE ( 'NONE',  #6803 );
#2250=ADVANCED_FACE ( 'NONE', ( #6019 ), #10230, .T. );
#2251=ORIENTED_EDGE ( 'NONE', *, *, #5397, .T. );
#2252=ORIENTED_EDGE ( 'NONE', *, *, #8822, .T. );
#2253=CARTESIAN_POINT ( 'NONE',  ( -0.5500000000000018200, 0.05000000000000000300, 0.6100000000000107600 ) );
#2254=LINE ( 'NONE', #2144, #110 );
#2255=CARTESIAN_POINT ( 'NONE',  ( -8.999999999999959100, 0.0000000000000000000, -1.900000000000004100 ) );
#2256=CARTESIAN_POINT ( 'NONE',  ( -8.549999999999853300, 0.04999999999999991300, 8.259999999999987400 ) );
#2257=ORIENTED_EDGE ( 'NONE', *, *, #5296, .F. );
#2258=VECTOR ( 'NONE', #3786, 1000.000000000000000 );
#2259=ORIENTED_EDGE ( 'NONE', *, *, #499, .F. );
#2260=EDGE_CURVE ( 'NONE', #724, #485, #7466, .T. );
#2261=CARTESIAN_POINT ( 'NONE',  ( -7.800000000000001600, 0.8000000000000000400, -8.250000000000000000 ) );
#2262=ORIENTED_EDGE ( 'NONE', *, *, #6235, .T. );
#2263=EDGE_CURVE ( 'NONE', #7880, #7478, #989, .T. );
#2264=EDGE_LOOP ( 'NONE', ( #3218, #2220, #2375, #6499 ) );
#2265=CARTESIAN_POINT ( 'NONE',  ( 0.0000000000000000000, 0.0000000000000000000, 10.42999999999999400 ) );
#2266=AXIS2_PLACEMENT_3D ( 'NONE', #3276, #135, #15 );
#2267=DIRECTION ( 'NONE',  ( 9.637352644315592800E-016, -0.0000000000000000000, -1.000000000000000000 ) );
#2268=PLANE ( 'NONE',  #5918 );
#2269=ADVANCED_FACE ( 'NONE', ( #3998 ), #10795, .F. );
#2270=AXIS2_PLACEMENT_3D ( 'NONE', #12663, #250, #31 );
#2271=ORIENTED_EDGE ( 'NONE', *, *, #5889, .T. );
#2272=MECHANICAL_DESIGN_GEOMETRIC_PRESENTATION_REPRESENTATION (  '', ( #14387 ), #1050 );
#2273=PLANE ( 'NONE',  #2315 );
#2274=LINE ( 'NONE', #7408, #10 );
#2275=LINE ( 'NONE', #5367, #205 );
#2276=PLANE ( 'NONE',  #6854 );
#2277=VERTEX_POINT ( 'NONE', #9603 );
#2278=EDGE_LOOP ( 'NONE', ( #6859, #4844, #5439, #7554 ) );
#2279=FACE_OUTER_BOUND ( 'NONE', #6166, .T. );
#2280=LINE ( 'NONE', #1377, #110 );
#2281=VERTEX_POINT ( 'NONE', #13695 );
#2282=FACE_OUTER_BOUND ( 'NONE', #9082, .T. );
#2283=ORIENTED_EDGE ( 'NONE', *, *, #3934, .T. );
#2284=CARTESIAN_POINT ( 'NONE',  ( -8.999999999999959100, 0.8000000000000000400, -1.000000000000004400 ) );
#2285=AXIS2_PLACEMENT_3D ( 'NONE', #1002, #19, #135 );
#2286=ORIENTED_EDGE ( 'NONE', *, *, #12913, .F. );
#2287=EDGE_CURVE ( 'NONE', #12843, #10399, #10604, .T. );
#2288=CARTESIAN_POINT ( 'NONE',  ( 9.000000000000039100, 0.0000000000000000000, -1.000000000000004400 ) );
#2289=EDGE_CURVE ( 'NONE', #4482, #6870, #9324, .T. );
#2290=PLANE ( 'NONE',  #14112 );
#2291=ADVANCED_FACE ( 'NONE', ( #11731 ), #6533, .F. );
#2292=DIRECTION ( 'NONE',  ( -1.000000000000000000, 0.0000000000000000000, -1.845450506358306100E-016 ) );
#2293=LINE ( 'NONE', #3162, #10 );
#2294=EDGE_CURVE ( 'NONE', #3400, #6628, #6764, .T. );
#2295=AXIS2_PLACEMENT_3D ( 'NONE', #1529, #95, #31 );
#2296=ORIENTED_EDGE ( 'NONE', *, *, #251, .F. );
#2297=ORIENTED_EDGE ( 'NONE', *, *, #3931, .T. );
#2298=LINE ( 'NONE', #10079, #184 );
#2299=ORIENTED_EDGE ( 'NONE', *, *, #11129, .T. );
#2300=LINE ( 'NONE', #5567, #5640 );
#2301=ORIENTED_EDGE ( 'NONE', *, *, #7160, .F. );
#2302=VERTEX_POINT ( 'NONE', #625 );
#2303=ORIENTED_EDGE ( 'NONE', *, *, #10240, .F. );
#2304=VERTEX_POINT ( 'NONE', #1057 );
#2305=ORIENTED_EDGE ( 'NONE', *, *, #9710, .F. );
#2306=CIRCLE ( 'NONE', #9778, 0.2749999999999991900 );
#2307=PLANE ( 'NONE',  #12372 );
#2308=ORIENTED_EDGE ( 'NONE', *, *, #5429, .F. );
#2309=EDGE_CURVE ( 'NONE', #7725, #4348, #8505, .T. );
#2310=CARTESIAN_POINT ( 'NONE',  ( -8.999999999999905900, 0.0000000000000000000, 3.904999999999990500 ) );
#2311=EDGE_CURVE ( 'NONE', #5172, #5712, #3604, .T. );
#2312=VERTEX_POINT ( 'NONE', #4079 );
#2313=CARTESIAN_POINT ( 'NONE',  ( -6.164999999999999100, 0.0000000000000000000, 12.29999999999999700 ) );
#2314=EDGE_CURVE ( 'NONE', #2368, #4178, #8981, .T. );
#2315=AXIS2_PLACEMENT_3D ( 'NONE', #906, #2403, #1169 );
#2316=EDGE_LOOP ( 'NONE', ( #8107, #7468, #1613, #13083 ) );
#2317=LINE ( 'NONE', #4449, #184 );
#2318=FACE_OUTER_BOUND ( 'NONE', #10734, .T. );
#2319=ORIENTED_EDGE ( 'NONE', *, *, #11556, .F. );
#2320=EDGE_CURVE ( 'NONE', #5078, #3792, #9989, .T. );
#2321=( GEOMETRIC_REPRESENTATION_CONTEXT ( 3 ) GLOBAL_UNCERTAINTY_ASSIGNED_CONTEXT ( ( #178 ) ) GLOBAL_UNIT_ASSIGNED_CONTEXT ( ( #7, #195, #16 ) ) REPRESENTATION_CONTEXT ( 'NONE', 'WORKASPACE' ) );
#2322=VERTEX_POINT ( 'NONE', #5146 );
#2323=ORIENTED_EDGE ( 'NONE', *, *, #12781, .F. );
#2324=PRESENTATION_LAYER_ASSIGNMENT (  '', '', ( #7149 ) );
#2325=ORIENTED_EDGE ( 'NONE', *, *, #6284, .T. );
#2326=ORIENTED_EDGE ( 'NONE', *, *, #7523, .T. );
#2327=ORIENTED_EDGE ( 'NONE', *, *, #11495, .T. );
#2328=LINE ( 'NONE', #13241, #36 );
#2329=VERTEX_POINT ( 'NONE', #7442 );
#2330=PLANE ( 'NONE',  #11895 );
#2331=ORIENTED_EDGE ( 'NONE', *, *, #13828, .F. );
#2332=VECTOR ( 'NONE', #21, 1000.000000000000000 );
#2333=DIRECTION ( 'NONE',  ( -9.637352644315600700E-016, 0.0000000000000000000, 1.000000000000000000 ) );
#2334=ORIENTED_EDGE ( 'NONE', *, *, #5983, .T. );
#2335=CARTESIAN_POINT ( 'NONE',  ( -3.624999999999999600, 0.0000000000000000000, 11.90000000000017100 ) );
#2336=ADVANCED_FACE ( 'NONE', ( #8653 ), #13, .T. );
#2337=ADVANCED_FACE ( 'NONE', ( #11096 ), #685, .T. );
#2338=EDGE_CURVE ( 'NONE', #4141, #8695, #3800, .T. );
#2339=VERTEX_POINT ( 'NONE', #1194 );
#2340=ORIENTED_EDGE ( 'NONE', *, *, #2235, .T. );
#2341=EDGE_CURVE ( 'NONE', #905, #2176, #6955, .T. );
#2342=FACE_BOUND ( 'NONE', #7556, .T. );
#2343=LINE ( 'NONE', #6944, #184 );
#2344=EDGE_CURVE ( 'NONE', #4086, #4932, #12195, .T. );
#2345=ORIENTED_EDGE ( 'NONE', *, *, #9985, .T. );
#2346=LINE ( 'NONE', #11, #1319 );
#2347=ORIENTED_EDGE ( 'NONE', *, *, #8379, .T. );
#2348=CARTESIAN_POINT ( 'NONE',  ( 9.000000000000053300, -1.006230589874914900, 0.0000000000000000000 ) );
#2349=CARTESIAN_POINT ( 'NONE',  ( -8.550000000000004300, 0.05000000000000000300, -3.540000000000003100 ) );
#2350=AXIS2_PLACEMENT_3D ( 'NONE', #1969, #95, #31 );
#2351=CARTESIAN_POINT ( 'NONE',  ( 8.549999999999998900, -1.006230589874914900, -4.810000000000004100 ) );
#2352=EDGE_LOOP ( 'NONE', ( #3864, #11006, #3523, #11662, #3820, #571 ) );
#2353=FACE_OUTER_BOUND ( 'NONE', #11841, .T. );
#2354=EDGE_CURVE ( 'NONE', #1809, #2748, #8162, .T. );
#2355=VERTEX_POINT ( 'NONE', #8858 );
#2356=AXIS2_PLACEMENT_3D ( 'NONE', #8146, #95, #31 );
#2357=CARTESIAN_POINT ( 'NONE',  ( -8.999999999999985800, 0.8000000000000000400, -3.540000000000004000 ) );
#2358=ORIENTED_EDGE ( 'NONE', *, *, #3383, .T. );
#2359=ORIENTED_EDGE ( 'NONE', *, *, #6122, .T. );
#2360=ADVANCED_FACE ( 'NONE', ( #13669 ), #49, .T. );
#2361=EDGE_LOOP ( 'NONE', ( #1912, #13060, #6891, #6051, #8097, #12299 ) );
#2362=CARTESIAN_POINT ( 'NONE',  ( -8.150000000000016300, 0.0000000000000000000, 0.2699999999999968000 ) );
#2363=LINE ( 'NONE', #1206, #493 );
#2364=CARTESIAN_POINT ( 'NONE',  ( 8.550000000000013100, 0.0000000000000000000, -4.440000000000004800 ) );
#2365=FACE_OUTER_BOUND ( 'NONE', #9275, .T. );
#2366=ORIENTED_EDGE ( 'NONE', *, *, #4567, .T. );
#2367=EDGE_LOOP ( 'NONE', ( #8289, #9260, #12004, #10788 ) );
#2368=VERTEX_POINT ( 'NONE', #7841 );
#2369=VERTEX_POINT ( 'NONE', #560 );
#2370=CARTESIAN_POINT ( 'NONE',  ( 2.900000000000001700, 0.0000000000000000000, 12.74999999999999800 ) );
#2371=EDGE_CURVE ( 'NONE', #7230, #5955, #3426, .T. );
#2372=EDGE_LOOP ( 'NONE', ( #11864, #4367, #9718, #10397, #11151, #7896 ) );
#2373=CARTESIAN_POINT ( 'NONE',  ( 3.995000000000001000, -1.006230589874914900, 12.29999999999999700 ) );
#2374=ORIENTED_EDGE ( 'NONE', *, *, #5027, .T. );
#2375=ORIENTED_EDGE ( 'NONE', *, *, #10414, .T. );
#2376=ORIENTED_EDGE ( 'NONE', *, *, #5505, .T. );
#2377=EDGE_CURVE ( 'NONE', #148, #1165, #3519, .T. );
#2378=VERTEX_POINT ( 'NONE', #6717 );
#2379=ADVANCED_FACE ( 'NONE', ( #9499 ), #5841, .F. );
#2380=FACE_OUTER_BOUND ( 'NONE', #3448, .T. );
#2381=VERTEX_POINT ( 'NONE', #3797 );
#2382=CARTESIAN_POINT ( 'NONE',  ( -8.150000000000003900, 0.05000000000000000300, -3.540000000000003100 ) );
#2383=ORIENTED_EDGE ( 'NONE', *, *, #11721, .F. );
#2384=VERTEX_POINT ( 'NONE', #4251 );
#2385=CARTESIAN_POINT ( 'NONE',  ( -8.999999999999840100, 0.0000000000000000000, 10.42999999999999600 ) );
#2386=ORIENTED_EDGE ( 'NONE', *, *, #10184, .T. );
#2387=CARTESIAN_POINT ( 'NONE',  ( 5.999999999999997300, 0.7500000000000000000, -11.44999999999999900 ) );
#2388=CARTESIAN_POINT ( 'NONE',  ( -8.549999999999878100, -1.006230589874914900, 6.619999999999997400 ) );
#2389=LINE ( 'NONE', #76, #110 );
#2390=EDGE_CURVE ( 'NONE', #7814, #8551, #961, .T. );
#2391=ORIENTED_EDGE ( 'NONE', *, *, #10881, .F. );
#2392=EDGE_CURVE ( 'NONE', #9359, #9299, #1494, .T. );
#2393=ORIENTED_EDGE ( 'NONE', *, *, #2607, .T. );
#2394=ORIENTED_EDGE ( 'NONE', *, *, #4896, .F. );
#2395=FACE_OUTER_BOUND ( 'NONE', #3687, .T. );
#2396=AXIS2_PLACEMENT_3D ( 'NONE', #8586, #21, #31 );
#2397=PLANE ( 'NONE',  #912 );
#2398=LINE ( 'NONE', #11118, #36 );
#2399=ORIENTED_EDGE ( 'NONE', *, *, #7924, .T. );
#2400=ORIENTED_EDGE ( 'NONE', *, *, #3010, .F. );
#2401=CARTESIAN_POINT ( 'NONE',  ( 5.265000000000001500, -1.006230589874914900, 12.29999999999999700 ) );
#2402=FACE_OUTER_BOUND ( 'NONE', #11593, .T. );
#2403=DIRECTION ( 'NONE',  ( 1.927470528863116600E-015, 0.0000000000000000000, 1.000000000000000000 ) );
#2404=ORIENTED_EDGE ( 'NONE', *, *, #12943, .F. );
#2405=CARTESIAN_POINT ( 'NONE',  ( -8.999999999999905900, 0.0000000000000000000, 0.0000000000000000000 ) );
#2406=LINE ( 'NONE', #8158, #184 );
#2407=FACE_OUTER_BOUND ( 'NONE', #4632, .T. );
#2408=EDGE_CURVE ( 'NONE', #12722, #624, #12502, .T. );
#2409=EDGE_CURVE ( 'NONE', #7915, #2748, #10620, .T. );
#2410=EDGE_CURVE ( 'NONE', #10487, #3086, #4568, .T. );
#2411=AXIS2_PLACEMENT_3D ( 'NONE', #4184, #95, #31 );
#2412=FACE_OUTER_BOUND ( 'NONE', #11222, .T. );
#2413=CLOSED_SHELL ( 'NONE', ( #11304, #2250, #1778, #2006, #9644, #635 ) );
#2414=ADVANCED_FACE ( 'NONE', ( #3009 ), #7796, .F. );
#2415=ORIENTED_EDGE ( 'NONE', *, *, #8559, .F. );
#2416=EDGE_CURVE ( 'NONE', #4084, #9828, #3735, .T. );
#2417=AXIS2_PLACEMENT_3D ( 'NONE', #4706, #2403, #1169 );
#2418=FACE_OUTER_BOUND ( 'NONE', #454, .T. );
#2419=CARTESIAN_POINT ( 'NONE',  ( -8.549999999999878100, 0.0000000000000000000, 5.719999999999996200 ) );
#2420=CARTESIAN_POINT ( 'NONE',  ( 8.550000000000169500, 0.05000000000000000300, 1.909999999999995000 ) );
#2421=ADVANCED_FACE ( 'NONE', ( #3987 ), #6973, .T. );
#2422=AXIS2_PLACEMENT_3D ( 'NONE', #956, #19, #135 );
#2423=DIRECTION ( 'NONE',  ( -1.000000000000000000, 0.0000000000000000000, 1.845450506358305300E-016 ) );
#2424=CARTESIAN_POINT ( 'NONE',  ( 9.000000000000012400, 0.8000000000000000400, -1.450000000000097000 ) );
#2425=ORIENTED_EDGE ( 'NONE', *, *, #628, .T. );
#2426=PLANE ( 'NONE',  #9415 );
#2427=ORIENTED_EDGE ( 'NONE', *, *, #12138, .F. );
#2428=ORIENTED_EDGE ( 'NONE', *, *, #6923, .T. );
#2429=EDGE_LOOP ( 'NONE', ( #11313, #14119, #6970, #7450 ) );
#2430=ORIENTED_EDGE ( 'NONE', *, *, #5484, .F. );
#2431=FACE_OUTER_BOUND ( 'NONE', #9488, .T. );
#2432=EDGE_CURVE ( 'NONE', #5310, #8188, #4372, .T. );
#2433=CLOSED_SHELL ( 'NONE', ( #3846, #11141, #11178, #11723, #6544, #8509, #6872, #13124, #8083, #3731 ) );
#2434=EDGE_CURVE ( 'NONE', #14181, #2139, #10236, .T. );
#2435=CARTESIAN_POINT ( 'NONE',  ( -8.999999999999953800, 0.0000000000000000000, 7.439999999999989700 ) );
#2436=ADVANCED_FACE ( 'NONE', ( #7291 ), #1182, .F. );
#2437=CIRCLE ( 'NONE', #7638, 0.05080000000000015100 );
#2438=EDGE_CURVE ( 'NONE', #7181, #657, #1875, .T. );
#2439=STYLED_ITEM ( 'NONE', ( #77 ), #13228 );
#2440=CARTESIAN_POINT ( 'NONE',  ( 6.535000000000001900, 0.8000000000000000400, 12.74999999999999800 ) );
#2441=ORIENTED_EDGE ( 'NONE', *, *, #14488, .F. );
#2442=ORIENTED_EDGE ( 'NONE', *, *, #13333, .F. );
#2443=FACE_OUTER_BOUND ( 'NONE', #4409, .T. );
#2444=ORIENTED_EDGE ( 'NONE', *, *, #3743, .T. );
#2445=AXIS2_PLACEMENT_3D ( 'NONE', #9747, #95, #31 );
#2446=ORIENTED_EDGE ( 'NONE', *, *, #9996, .T. );
#2447=VERTEX_POINT ( 'NONE', #120 );
#2448=ORIENTED_EDGE ( 'NONE', *, *, #2836, .F. );
#2449=PLANE ( 'NONE',  #5704 );
#2450=ORIENTED_EDGE ( 'NONE', *, *, #7756, .F. );
#2451=PLANE ( 'NONE',  #9411 );
#2452=ADVANCED_FACE ( 'NONE', ( #1612 ), #49, .T. );
#2453=EDGE_CURVE ( 'NONE', #4006, #2660, #4199, .T. );
#2454=VERTEX_POINT ( 'NONE', #8994 );
#2455=ORIENTED_EDGE ( 'NONE', *, *, #8704, .F. );
#2456=ORIENTED_EDGE ( 'NONE', *, *, #14417, .T. );
#2457=ORIENTED_EDGE ( 'NONE', *, *, #2233, .T. );
#2458=CARTESIAN_POINT ( 'NONE',  ( 8.550000000000144600, 0.8000000000000000400, -0.0000000000000000000 ) );
#2459=ORIENTED_EDGE ( 'NONE', *, *, #14291, .F. );
#2460=VERTEX_POINT ( 'NONE', #4472 );
#2461=ORIENTED_EDGE ( 'NONE', *, *, #2194, .T. );
#2462=LINE ( 'NONE', #2255, #209 );
#2463=EDGE_CURVE ( 'NONE', #504, #1310, #11573, .T. );
#2464=LINE ( 'NONE', #1024, #36 );
#2465=AXIS2_PLACEMENT_3D ( 'NONE', #12641, #250, #31 );
#2466=VERTEX_POINT ( 'NONE', #12092 );
#2467=CARTESIAN_POINT ( 'NONE',  ( 8.550000000000132200, 0.04999999999999991300, 7.889999999999997900 ) );
#2468=CARTESIAN_POINT ( 'NONE',  ( 9.000000000000012400, 0.0000000000000000000, -4.440000000000003900 ) );
#2469=PLANE ( 'NONE',  #6055 );
#2470=CARTESIAN_POINT ( 'NONE',  ( 0.1850000000000002800, 0.8000000000000000400, 12.29999999999999700 ) );
#2471=LINE ( 'NONE', #9004, #205 );
#2472=EDGE_LOOP ( 'NONE', ( #12277, #7124, #7981, #1881 ) );
#2473=CARTESIAN_POINT ( 'NONE',  ( -8.549999999999865700, -1.006230589874914900, 7.889999999999997900 ) );
#2474=DIRECTION ( 'NONE',  ( -1.000000000000000000, 0.0000000000000000000, -9.155485012099800300E-015 ) );
#2475=ORIENTED_EDGE ( 'NONE', *, *, #4071, .F. );
#2476=VERTEX_POINT ( 'NONE', #4560 );
#2477=ORIENTED_EDGE ( 'NONE', *, *, #2289, .T. );
#2478=EDGE_CURVE ( 'NONE', #5915, #7376, #1101, .T. );
#2479=LINE ( 'NONE', #992, #6914 );
#2480=EDGE_CURVE ( 'NONE', #8775, #582, #8330, .T. );
#2481=CARTESIAN_POINT ( 'NONE',  ( 9.000000000000024900, 0.0000000000000000000, -2.270000000000004000 ) );
#2482=EDGE_CURVE ( 'NONE', #10041, #5803, #6942, .T. );
#2483=VERTEX_POINT ( 'NONE', #1263 );
#2484=LINE ( 'NONE', #4376, #110 );
#2485=ORIENTED_EDGE ( 'NONE', *, *, #7987, .T. );
#2486=LINE ( 'NONE', #836, #10 );
#2487=ORIENTED_EDGE ( 'NONE', *, *, #11738, .F. );
#2488=LINE ( 'NONE', #744, #399 );
#2489=AXIS2_PLACEMENT_3D ( 'NONE', #134, #13009, #8941 );
#2490=ORIENTED_EDGE ( 'NONE', *, *, #11947, .F. );
#2491=ADVANCED_FACE ( 'NONE', ( #11886 ), #4997, .F. );
#2492=ORIENTED_EDGE ( 'NONE', *, *, #3297, .F. );
#2493=CARTESIAN_POINT ( 'NONE',  ( 8.550000000000169500, 0.05000000000000000300, -1.000000000000003600 ) );
#2494=ORIENTED_EDGE ( 'NONE', *, *, #2065, .T. );
#2495=ADVANCED_FACE ( 'NONE', ( #9983 ), #671, .F. );
#2496=LINE ( 'NONE', #492, #4510 );
#2497=LINE ( 'NONE', #11635, #184 );
#2498=CARTESIAN_POINT ( 'NONE',  ( 0.0000000000000000000, 0.8000000000000000400, 5.349999999999997000 ) );
#2499=VERTEX_POINT ( 'NONE', #1289 );
#2500=FACE_OUTER_BOUND ( 'NONE', #5809, .T. );
#2501=VERTEX_POINT ( 'NONE', #6126 );
#2502=EDGE_CURVE ( 'NONE', #11194, #1609, #297, .T. );
#2503=EDGE_CURVE ( 'NONE', #6272, #6396, #2612, .T. );
#2504=DIRECTION ( 'NONE',  ( -1.000000000000000000, 0.0000000000000000000, -8.673617379884022900E-015 ) );
#2505=EDGE_CURVE ( 'NONE', #9247, #12348, #13519, .T. );
#2506=PLANE ( 'NONE',  #1309 );
#2507=ORIENTED_EDGE ( 'NONE', *, *, #11892, .F. );
#2508=EDGE_LOOP ( 'NONE', ( #9899, #14339, #13533, #2529 ) );
#2509=ORIENTED_EDGE ( 'NONE', *, *, #11041, .F. );
#2510=EDGE_CURVE ( 'NONE', #10345, #5600, #10928, .T. );
#2511=PRESENTATION_LAYER_ASSIGNMENT (  '', '', ( #1656 ) );
#2512=CARTESIAN_POINT ( 'NONE',  ( 8.150000000000170900, 0.0000000000000000000, 0.6399999999999955700 ) );
#2513=LINE ( 'NONE', #1684, #110 );
#2514=VERTEX_POINT ( 'NONE', #226 );
#2515=ORIENTED_EDGE ( 'NONE', *, *, #7973, .T. );
#2516=ADVANCED_FACE ( 'NONE', ( #13085 ), #1989, .F. );
#2517=VERTEX_POINT ( 'NONE', #5608 );
#2518=ORIENTED_EDGE ( 'NONE', *, *, #4127, .T. );
#2519=ORIENTED_EDGE ( 'NONE', *, *, #12733, .F. );
#2520=CARTESIAN_POINT ( 'NONE',  ( -8.549999999999972300, 0.8000000000000000400, -2.270000000000003600 ) );
#2521=ORIENTED_EDGE ( 'NONE', *, *, #9402, .T. );
#2522=CARTESIAN_POINT ( 'NONE',  ( 8.150000000000170900, 0.05000000000000000300, 8.259999999999996200 ) );
#2523=ORIENTED_EDGE ( 'NONE', *, *, #14236, .F. );
#2524=CARTESIAN_POINT ( 'NONE',  ( -8.549999999999933200, -1.006230589874914900, 0.0000000000000000000 ) );
#2525=ORIENTED_EDGE ( 'NONE', *, *, #1193, .F. );
#2526=CARTESIAN_POINT ( 'NONE',  ( 7.729289321881345200, 0.8000000000000000400, 11.69999999999999800 ) );
#2527=EDGE_CURVE ( 'NONE', #9541, #9225, #10613, .T. );
#2528=ORIENTED_EDGE ( 'NONE', *, *, #7365, .T. );
#2529=ORIENTED_EDGE ( 'NONE', *, *, #13442, .F. );
#2530=EDGE_CURVE ( 'NONE', #1677, #5494, #10769, .T. );
#2531=LINE ( 'NONE', #8407, #1226 );
#2532=ORIENTED_EDGE ( 'NONE', *, *, #11933, .T. );
#2533=EDGE_CURVE ( 'NONE', #3836, #5831, #2023, .T. );
#2534=LINE ( 'NONE', #5260, #327 );
#2535=ADVANCED_FACE ( 'NONE', ( #5110 ), #4606, .T. );
#2536=ORIENTED_EDGE ( 'NONE', *, *, #1455, .F. );
#2537=ORIENTED_EDGE ( 'NONE', *, *, #5722, .T. );
#2538=PLANE ( 'NONE',  #9478 );
#2539=ORIENTED_EDGE ( 'NONE', *, *, #7265, .F. );
#2540=EDGE_LOOP ( 'NONE', ( #75, #13923, #1108, #9647 ) );
#2541=ORIENTED_EDGE ( 'NONE', *, *, #12137, .F. );
#2542=PLANE ( 'NONE',  #13061 );
#2543=ORIENTED_EDGE ( 'NONE', *, *, #6336, .T. );
#2544=FACE_OUTER_BOUND ( 'NONE', #1358, .T. );
#2545=ORIENTED_EDGE ( 'NONE', *, *, #13262, .F. );
#2546=FACE_OUTER_BOUND ( 'NONE', #750, .T. );
#2547=ORIENTED_EDGE ( 'NONE', *, *, #5076, .T. );
#2548=VECTOR ( 'NONE', #400, 1000.000000000000000 );
#2549=CARTESIAN_POINT ( 'NONE',  ( 9.000000000000158100, -1.006230589874914900, 9.704999999999889900 ) );
#2550=VERTEX_POINT ( 'NONE', #76 );
#2551=EDGE_CURVE ( 'NONE', #10364, #6485, #10281, .T. );
#2552=EDGE_CURVE ( 'NONE', #7407, #13055, #11256, .T. );
#2553=PLANE ( 'NONE',  #6181 );
#2554=ORIENTED_EDGE ( 'NONE', *, *, #11282, .F. );
#2555=EDGE_CURVE ( 'NONE', #4973, #4172, #945, .T. );
#2556=AXIS2_PLACEMENT_3D ( 'NONE', #997, #135, #15 );
#2557=LINE ( 'NONE', #10386, #209 );
#2558=CARTESIAN_POINT ( 'NONE',  ( -8.549999999999919000, 0.8000000000000000400, 2.809999999999996500 ) );
#2559=VERTEX_POINT ( 'NONE', #7057 );
#2560=CARTESIAN_POINT ( 'NONE',  ( -2.354999999999999500, 0.0000000000000000000, 11.90000000000017100 ) );
#2561=CARTESIAN_POINT ( 'NONE',  ( 0.1850000000000002800, 0.0000000000000000000, 12.29999999999999700 ) );
#2562=AXIS2_PLACEMENT_3D ( 'NONE', #1639, #95, #31 );
#2563=PLANE ( 'NONE',  #7241 );
#2564=EDGE_CURVE ( 'NONE', #7411, #5769, #9476, .T. );
#2565=LINE ( 'NONE', #4503, #10 );
#2566=LINE ( 'NONE', #814, #327 );
#2567=ORIENTED_EDGE ( 'NONE', *, *, #9869, .T. );
#2568=ORIENTED_EDGE ( 'NONE', *, *, #2320, .F. );
#2569=MECHANICAL_DESIGN_GEOMETRIC_PRESENTATION_REPRESENTATION (  '', ( #9102 ), #11177 );
#2570=ORIENTED_EDGE ( 'NONE', *, *, #1491, .F. );
#2571=ORIENTED_EDGE ( 'NONE', *, *, #2196, .F. );
#2572=LINE ( 'NONE', #3157, #184 );
#2573=ORIENTED_EDGE ( 'NONE', *, *, #1673, .F. );
#2574=ORIENTED_EDGE ( 'NONE', *, *, #13248, .F. );
#2575=LINE ( 'NONE', #7563, #36 );
#2576=ORIENTED_EDGE ( 'NONE', *, *, #3179, .T. );
#2577=ADVANCED_FACE ( 'NONE', ( #12777 ), #8163, .F. );
#2578=CARTESIAN_POINT ( 'NONE',  ( 0.0000000000000000000, 0.8000000000000000400, 11.69999999999999600 ) );
#2579=EDGE_LOOP ( 'NONE', ( #11001, #8513, #1640, #2519 ) );
#2580=PLANE ( 'NONE',  #5785 );
#2581=ADVANCED_FACE ( 'NONE', ( #2407 ), #959, .F. );
#2582=LINE ( 'NONE', #1160, #184 );
#2583=ORIENTED_EDGE ( 'NONE', *, *, #3528, .F. );
#2584=EDGE_CURVE ( 'NONE', #1945, #68, #2486, .T. );
#2585=EDGE_LOOP ( 'NONE', ( #8790, #11176, #13229, #1575 ) );
#2586=ORIENTED_EDGE ( 'NONE', *, *, #9309, .F. );
#2587=CARTESIAN_POINT ( 'NONE',  ( -8.999999999999825900, -1.006230589874914900, 0.0000000000000000000 ) );
#2588=EDGE_CURVE ( 'NONE', #3712, #9252, #2010, .T. );
#2589=ORIENTED_EDGE ( 'NONE', *, *, #12375, .T. );
#2590=VERTEX_POINT ( 'NONE', #1985 );
#2591=CARTESIAN_POINT ( 'NONE',  ( -8.550000000000046900, 0.05000000000000000300, 8.259999999999996200 ) );
#2592=CARTESIAN_POINT ( 'NONE',  ( 9.000000000000039100, 0.0000000000000000000, -0.0000000000000000000 ) );
#2593=VERTEX_POINT ( 'NONE', #5054 );
#2594=ORIENTED_EDGE ( 'NONE', *, *, #5055, .T. );
#2595=DIRECTION ( 'NONE',  ( -1.927470528863116600E-015, 0.0000000000000000000, 1.000000000000000000 ) );
#2596=LINE ( 'NONE', #3897, #36 );
#2597=CARTESIAN_POINT ( 'NONE',  ( -8.549999999999998900, -1.006230589874914900, -4.810000000000003200 ) );
#2598=ORIENTED_EDGE ( 'NONE', *, *, #7374, .F. );
#2599=LINE ( 'NONE', #2743, #4 );
#2600=FACE_OUTER_BOUND ( 'NONE', #3936, .T. );
#2601=ADVANCED_FACE ( 'NONE', ( #6750 ), #10361, .F. );
#2602=PLANE ( 'NONE',  #3113 );
#2603=FACE_OUTER_BOUND ( 'NONE', #8166, .T. );
#2604=ORIENTED_EDGE ( 'NONE', *, *, #7192, .T. );
#2605=VERTEX_POINT ( 'NONE', #784 );
#2606=EDGE_CURVE ( 'NONE', #13429, #13727, #10759, .T. );
#2607=EDGE_CURVE ( 'NONE', #9828, #8108, #6559, .T. );
#2608=EDGE_CURVE ( 'NONE', #4037, #13963, #3395, .T. );
#2609=VERTEX_POINT ( 'NONE', #1842 );
#2610=AXIS2_PLACEMENT_3D ( 'NONE', #2158, #31, #891 );
#2611=LINE ( 'NONE', #1171, #493 );
#2612=LINE ( 'NONE', #8013, #205 );
#2613=CARTESIAN_POINT ( 'NONE',  ( -8.999999999999959100, 0.8000000000000000400, -1.000000000000003600 ) );
#2614=FACE_OUTER_BOUND ( 'NONE', #12561, .T. );
#2615=ADVANCED_FACE ( 'NONE', ( #12177 ), #959, .F. );
#2616=FACE_OUTER_BOUND ( 'NONE', #10007, .T. );
#2617=ORIENTED_EDGE ( 'NONE', *, *, #11799, .F. );
#2618=VERTEX_POINT ( 'NONE', #1742 );
#2619=LINE ( 'NONE', #5538, #5640 );
#2620=CARTESIAN_POINT ( 'NONE',  ( -8.999999999999905900, 0.0000000000000000000, 3.179999999999996200 ) );
#2621=EDGE_LOOP ( 'NONE', ( #8464, #10332, #13071, #10052, #6910, #7940 ) );
#2622=LINE ( 'NONE', #3525, #493 );
#2623=EDGE_CURVE ( 'NONE', #10027, #8804, #13364, .T. );
#2624=EDGE_CURVE ( 'NONE', #6830, #6367, #5284, .T. );
#2625=LINE ( 'NONE', #6184, #209 );
#2626=EDGE_CURVE ( 'NONE', #2139, #239, #7971, .T. );
#2627=AXIS2_PLACEMENT_3D ( 'NONE', #3442, #250, #31 );
#2628=CARTESIAN_POINT ( 'NONE',  ( 9.000000000000012400, 0.8000000000000000400, -3.540000000000004000 ) );
#2629=CARTESIAN_POINT ( 'NONE',  ( -3.624999999999999600, 0.0000000000000000000, 12.29999999999999700 ) );
#2630=EDGE_CURVE ( 'NONE', #7454, #9541, #4923, .T. );
#2631=VERTEX_POINT ( 'NONE', #7189 );
#2632=VERTEX_POINT ( 'NONE', #8501 );
#2633=CARTESIAN_POINT ( 'NONE',  ( -1.454999999999997900, 0.0000000000000000000, 0.0000000000000000000 ) );
#2634=VERTEX_POINT ( 'NONE', #3517 );
#2635=CARTESIAN_POINT ( 'NONE',  ( -8.999999999999879200, 0.0000000000000000000, 5.719999999999990900 ) );
#2636=PLANE ( 'NONE',  #7572 );
#2637=LINE ( 'NONE', #1499, #36 );
#2638=VERTEX_POINT ( 'NONE', #3788 );
#2639=ORIENTED_EDGE ( 'NONE', *, *, #7897, .F. );
#2640=LINE ( 'NONE', #2591, #205 );
#2641=LINE ( 'NONE', #3064, #209 );
#2642=ORIENTED_EDGE ( 'NONE', *, *, #11479, .T. );
#2643=ORIENTED_EDGE ( 'NONE', *, *, #2682, .F. );
#2644=LINE ( 'NONE', #236, #93 );
#2645=EDGE_CURVE ( 'NONE', #4848, #2246, #1449, .T. );
#2646=ORIENTED_EDGE ( 'NONE', *, *, #14514, .F. );
#2647=CARTESIAN_POINT ( 'NONE',  ( 7.435000000000003200, 0.05000000000000000300, 12.29999999999999700 ) );
#2648=EDGE_CURVE ( 'NONE', #12348, #7085, #2202, .T. );
#2649=VERTEX_POINT ( 'NONE', #3404 );
#2650=EDGE_CURVE ( 'NONE', #9015, #8835, #6931, .T. );
#2651=VERTEX_POINT ( 'NONE', #163 );
#2652=AXIS2_PLACEMENT_3D ( 'NONE', #5828, #250, #31 );
#2653=CARTESIAN_POINT ( 'NONE',  ( -5.999999999999999100, 0.7999999999999999300, 9.999999999999998200 ) );
#2654=CARTESIAN_POINT ( 'NONE',  ( -4.600000000000000500, 0.8000000000000000400, -12.25000000000000000 ) );
#2655=PLANE ( 'NONE',  #4386 );
#2656=FACE_OUTER_BOUND ( 'NONE', #2007, .T. );
#2657=ADVANCED_FACE ( 'NONE', ( #5627 ), #3138, .F. );
#2658=LINE ( 'NONE', #960, #110 );
#2659=ADVANCED_FACE ( 'NONE', ( #6009 ), #8978, .F. );
#2660=VERTEX_POINT ( 'NONE', #276 );
#2661=FACE_OUTER_BOUND ( 'NONE', #4229, .T. );
#2662=ORIENTED_EDGE ( 'NONE', *, *, #4695, .T. );
#2663=LINE ( 'NONE', #906, #209 );
#2664=ORIENTED_EDGE ( 'NONE', *, *, #8952, .T. );
#2665=ORIENTED_EDGE ( 'NONE', *, *, #7088, .T. );
#2666=ORIENTED_EDGE ( 'NONE', *, *, #4630, .F. );
#2667=ORIENTED_EDGE ( 'NONE', *, *, #5936, .F. );
#2668=CARTESIAN_POINT ( 'NONE',  ( -7.800000000000001600, 0.7500000000000000000, -12.25000000000000000 ) );
#2669=LINE ( 'NONE', #2387, #209 );
#2670=LINE ( 'NONE', #4637, #205 );
#2671=ORIENTED_EDGE ( 'NONE', *, *, #7842, .F. );
#2672=EDGE_CURVE ( 'NONE', #2634, #3720, #3582, .T. );
#2673=ORIENTED_EDGE ( 'NONE', *, *, #171, .F. );
#2674=LINE ( 'NONE', #5443, #36 );
#2675=ADVANCED_FACE ( 'NONE', ( #6391 ), #2426, .F. );
#2676=VERTEX_POINT ( 'NONE', #10691 );
#2677=VERTEX_POINT ( 'NONE', #858 );
#2678=STYLED_ITEM ( 'NONE', ( #77 ), #9972 );
#2679=ORIENTED_EDGE ( 'NONE', *, *, #847, .F. );
#2680=ORIENTED_EDGE ( 'NONE', *, *, #9115, .T. );
#2681=EDGE_LOOP ( 'NONE', ( #7633, #5294, #424, #2909 ) );
#2682=EDGE_CURVE ( 'NONE', #3540, #7950, #731, .T. );
#2683=ORIENTED_EDGE ( 'NONE', *, *, #11263, .T. );
#2684=VERTEX_POINT ( 'NONE', #9285 );
#2685=CARTESIAN_POINT ( 'NONE',  ( -8.149999999999998600, -0.0000000000000000000, -5.710000000000005300 ) );
#2686=ORIENTED_EDGE ( 'NONE', *, *, #5114, .T. );
#2687=CARTESIAN_POINT ( 'NONE',  ( 9.000000000000012400, -1.006230589874914900, 0.0000000000000000000 ) );
#2688=LINE ( 'NONE', #2387, #4255 );
#2689=CARTESIAN_POINT ( 'NONE',  ( -8.550000000000038000, 0.05000000000000000300, 6.619999999999997400 ) );
#2690=CARTESIAN_POINT ( 'NONE',  ( 4.170000000000003500, 0.0000000000000000000, 12.74999999999999800 ) );
#2691=ORIENTED_EDGE ( 'NONE', *, *, #2699, .T. );
#2692=ORIENTED_EDGE ( 'NONE', *, *, #3613, .T. );
#2693=LINE ( 'NONE', #3078, #209 );
#2694=EDGE_LOOP ( 'NONE', ( #5374, #13568, #11400, #4064, #5999, #2716 ) );
#2695=ORIENTED_EDGE ( 'NONE', *, *, #7990, .T. );
#2696=ORIENTED_EDGE ( 'NONE', *, *, #1005, .F. );
#2697=ADVANCED_FACE ( 'NONE', ( #8140 ), #49, .T. );
#2698=EDGE_LOOP ( 'NONE', ( #374, #2425, #10076, #9579 ) );
#2699=EDGE_CURVE ( 'NONE', #2339, #5419, #13659, .T. );
#2700=ORIENTED_EDGE ( 'NONE', *, *, #11521, .T. );
#2701=CARTESIAN_POINT ( 'NONE',  ( -1.084999999999999100, 0.0000000000000000000, 11.90000000000017100 ) );
#2702=EDGE_CURVE ( 'NONE', #2460, #7478, #3593, .T. );
#2703=AXIS2_PLACEMENT_3D ( 'NONE', #13201, #250, #15 );
#2704=CARTESIAN_POINT ( 'NONE',  ( -8.999999999999985800, 0.8000000000000000400, -4.440000000000003900 ) );
#2705=EDGE_LOOP ( 'NONE', ( #4732, #9173, #2487, #2168 ) );
#2706=AXIS2_PLACEMENT_3D ( 'NONE', #82, #19, #135 );
#2707=LINE ( 'NONE', #845, #184 );
#2708=EDGE_LOOP ( 'NONE', ( #11686, #5048, #8150, #8343 ) );
#2709=ORIENTED_EDGE ( 'NONE', *, *, #8272, .T. );
#2710=CARTESIAN_POINT ( 'NONE',  ( 8.550000000000093100, 0.8000000000000000400, 4.079999999999996500 ) );
#2711=VERTEX_POINT ( 'NONE', #9616 );
#2712=ORIENTED_EDGE ( 'NONE', *, *, #8148, .F. );
#2713=LINE ( 'NONE', #8, #493 );
#2714=LINE ( 'NONE', #5146, #110 );
#2715=ORIENTED_EDGE ( 'NONE', *, *, #6282, .F. );
#2716=ORIENTED_EDGE ( 'NONE', *, *, #5229, .T. );
#2717=EDGE_CURVE ( 'NONE', #3023, #4422, #11087, .T. );
#2718=EDGE_LOOP ( 'NONE', ( #3736, #4687, #11265, #11050 ) );
#2719=EDGE_CURVE ( 'NONE', #1911, #9303, #12492, .T. );
#2720=CARTESIAN_POINT ( 'NONE',  ( -1.049999999999999800, 0.0000000000000000000, 3.410000000000006800 ) );
#2721=FACE_OUTER_BOUND ( 'NONE', #10681, .T. );
#2722=ORIENTED_EDGE ( 'NONE', *, *, #6732, .F. );
#2723=VERTEX_POINT ( 'NONE', #8634 );
#2724=EDGE_CURVE ( 'NONE', #7549, #3859, #1494, .T. );
#2725=CARTESIAN_POINT ( 'NONE',  ( 0.0000000000000000000, 0.8000000000000000400, 5.719999999999996200 ) );
#2726=VERTEX_POINT ( 'NONE', #1513 );
#2727=ORIENTED_EDGE ( 'NONE', *, *, #3403, .T. );
#2728=CYLINDRICAL_SURFACE ( 'NONE', #2270, 0.2749999999999991900 );
#2729=PLANE ( 'NONE',  #6443 );
#2730=EDGE_LOOP ( 'NONE', ( #5577, #993, #1291, #8314, #1857, #9467, #2461, #9630, #3646, #13167, #4562, #554, #7650, #7833, #9358, #5439, #7040, #2543, #10526, #2358, #2151, #5006, #1146, #7079, #397, #7027, #417, #1701 ) );
#2731=ORIENTED_EDGE ( 'NONE', *, *, #10999, .T. );
#2732=ADVANCED_FACE ( 'NONE', ( #9314 ), #8691, .T. );
#2733=ORIENTED_EDGE ( 'NONE', *, *, #8739, .F. );
#2734=CARTESIAN_POINT ( 'NONE',  ( 8.150000000000170900, 0.0000000000000000000, -2.270000000000003600 ) );
#2735=ADVANCED_FACE ( 'NONE', ( #14097 ), #6190, .F. );
#2736=LINE ( 'NONE', #2592, #184 );
#2737=EDGE_LOOP ( 'NONE', ( #2297, #6095, #186, #12581 ) );
#2738=LINE ( 'NONE', #6275, #184 );
#2739=ORIENTED_EDGE ( 'NONE', *, *, #9615, .F. );
#2740=CARTESIAN_POINT ( 'NONE',  ( 8.549999999999998900, 0.0000000000000000000, -4.810000000000003200 ) );
#2741=CARTESIAN_POINT ( 'NONE',  ( -1.049999999999999800, 0.0000000000000000000, 0.6100000000000092000 ) );
#2742=EDGE_CURVE ( 'NONE', #2638, #5152, #8321, .T. );
#2743=CARTESIAN_POINT ( 'NONE',  ( -8.150000000000039400, 0.05000000000000000300, 6.619999999999997400 ) );
#2744=ORIENTED_EDGE ( 'NONE', *, *, #8291, .T. );
#2745=EDGE_CURVE ( 'NONE', #12843, #4286, #8799, .T. );
#2746=ORIENTED_EDGE ( 'NONE', *, *, #6956, .F. );
#2747=LINE ( 'NONE', #1684, #45 );
#2748=VERTEX_POINT ( 'NONE', #651 );
#2749=EDGE_CURVE ( 'NONE', #2081, #899, #13734, .T. );
#2750=AXIS2_PLACEMENT_3D ( 'NONE', #1901, #575, #19 );
#2751=ORIENTED_EDGE ( 'NONE', *, *, #10925, .T. );
#2752=PLANE ( 'NONE',  #13154 );
#2753=EDGE_LOOP ( 'NONE', ( #4547, #2326, #7904, #1719 ) );
#2754=FACE_OUTER_BOUND ( 'NONE', #4488, .T. );
#2755=ORIENTED_EDGE ( 'NONE', *, *, #4201, .T. );
#2756=ADVANCED_FACE ( 'NONE', ( #29 ), #685, .T. );
#2757=CARTESIAN_POINT ( 'NONE',  ( -8.999999999999879200, 0.0000000000000000000, 6.619999999999996600 ) );
#2758=ADVANCED_FACE ( 'NONE', ( #2600 ), #685, .T. );
#2759=VERTEX_POINT ( 'NONE', #1112 );
#2760=ORIENTED_EDGE ( 'NONE', *, *, #11821, .F. );
#2761=CARTESIAN_POINT ( 'NONE',  ( -8.549999999999958100, 0.8000000000000000400, 0.0000000000000000000 ) );
#2762=PLANE ( 'NONE',  #2051 );
#2763=CARTESIAN_POINT ( 'NONE',  ( -7.800000000000001600, 0.8000000000000000400, -12.25000000000000000 ) );
#2764=ORIENTED_EDGE ( 'NONE', *, *, #3134, .T. );
#2765=ORIENTED_EDGE ( 'NONE', *, *, #9084, .F. );
#2766=DIRECTION ( 'NONE',  ( 1.000000000000000000, -0.0000000000000000000, -0.0000000000000000000 ) );
#2767=VERTEX_POINT ( 'NONE', #6492 );
#2768=EDGE_CURVE ( 'NONE', #12308, #5516, #9144, .T. );
#2769=VERTEX_POINT ( 'NONE', #12763 );
#2770=VERTEX_POINT ( 'NONE', #2701 );
#2771=EDGE_CURVE ( 'NONE', #10991, #2962, #1580, .T. );
#2772=ORIENTED_EDGE ( 'NONE', *, *, #741, .T. );
#2773=FACE_OUTER_BOUND ( 'NONE', #8472, .T. );
#2774=ORIENTED_EDGE ( 'NONE', *, *, #6817, .T. );
#2775=EDGE_CURVE ( 'NONE', #2329, #1053, #1494, .T. );
#2776=AXIS2_PLACEMENT_3D ( 'NONE', #3630, #21, #31 );
#2777=CARTESIAN_POINT ( 'NONE',  ( -2.724999999999998300, 0.0000000000000000000, 12.29999999999999700 ) );
#2778=FACE_OUTER_BOUND ( 'NONE', #5806, .T. );
#2779=EDGE_LOOP ( 'NONE', ( #2043, #7274, #6097, #3813 ) );
#2780=VECTOR ( 'NONE', #270, 1000.000000000000000 );
#2781=CARTESIAN_POINT ( 'NONE',  ( 8.150000000000170900, 0.05000000000000000300, 4.449999999999995700 ) );
#2782=ADVANCED_FACE ( 'NONE', ( #12018 ), #9881, .F. );
#2783=LINE ( 'NONE', #4835, #209 );
#2784=EDGE_CURVE ( 'NONE', #8883, #201, #6740, .T. );
#2785=ORIENTED_EDGE ( 'NONE', *, *, #10349, .T. );
#2786=LINE ( 'NONE', #7342, #4373 );
#2787=ORIENTED_EDGE ( 'NONE', *, *, #3953, .T. );
#2788=LINE ( 'NONE', #5053, #4 );
#2789=FACE_OUTER_BOUND ( 'NONE', #5488, .T. );
#2790=CARTESIAN_POINT ( 'NONE',  ( 0.1999999999999998200, 0.7500000000000000000, -9.900000000000000400 ) );
#2791=ORIENTED_EDGE ( 'NONE', *, *, #13575, .F. );
#2792=ORIENTED_EDGE ( 'NONE', *, *, #2724, .F. );
#2793=CARTESIAN_POINT ( 'NONE',  ( -8.999999999999865000, 0.0000000000000000000, 7.714999999999990100 ) );
#2794=CARTESIAN_POINT ( 'NONE',  ( 9.000000000000092400, -1.006230589874914900, 3.904999999999779100 ) );
#2795=LINE ( 'NONE', #12974, #36 );
#2796=EDGE_CURVE ( 'NONE', #7947, #4056, #8959, .T. );
#2797=EDGE_CURVE ( 'NONE', #4690, #9997, #2788, .T. );
#2798=ORIENTED_EDGE ( 'NONE', *, *, #1675, .T. );
#2799=EDGE_CURVE ( 'NONE', #12906, #410, #11076, .T. );
#2800=CARTESIAN_POINT ( 'NONE',  ( -8.549999999999958100, 0.8000000000000000400, -1.900000000000005000 ) );
#2801=PRESENTATION_LAYER_ASSIGNMENT (  '', '', ( #13934 ) );
#2802=AXIS2_PLACEMENT_3D ( 'NONE', #11078, #19, #135 );
#2803=CARTESIAN_POINT ( 'NONE',  ( 0.0000000000000000000, 0.8000000000000000400, 11.69999999999999800 ) );
#2804=AXIS2_PLACEMENT_3D ( 'NONE', #4789, #15, #575 );
#2805=LINE ( 'NONE', #3958, #4 );
#2806=LINE ( 'NONE', #13808, #184 );
#2807=EDGE_LOOP ( 'NONE', ( #11889, #12866, #9810, #3230, #5509, #12698 ) );
#2808=ORIENTED_EDGE ( 'NONE', *, *, #2890, .F. );
#2809=PLANE ( 'NONE',  #586 );
#2810=EDGE_LOOP ( 'NONE', ( #3954, #6123, #7914, #12458 ) );
#2811=LINE ( 'NONE', #1805, #184 );
#2812=CARTESIAN_POINT ( 'NONE',  ( 4.895000000000002200, 0.05000000000000000300, 11.90000000000017100 ) );
#2813=LINE ( 'NONE', #3066, #205 );
#2814=AXIS2_PLACEMENT_3D ( 'NONE', #4769, #2292, #7049 );
#2815=CARTESIAN_POINT ( 'NONE',  ( -2.354999999999999500, 0.05000000000000000300, 12.29999999999999700 ) );
#2816=EDGE_CURVE ( 'NONE', #2864, #11868, #5615, .T. );
#2817=ADVANCED_FACE ( 'NONE', ( #6378 ), #233, .T. );
#2818=ORIENTED_EDGE ( 'NONE', *, *, #8683, .F. );
#2819=ORIENTED_EDGE ( 'NONE', *, *, #2606, .F. );
#2820=EDGE_CURVE ( 'NONE', #9070, #3104, #7446, .T. );
#2821=CARTESIAN_POINT ( 'NONE',  ( 1.085000000000001700, 0.8000000000000000400, 12.74999999999999800 ) );
#2822=EDGE_LOOP ( 'NONE', ( #7223, #698, #2893, #10980, #2283, #6667 ) );
#2823=ORIENTED_EDGE ( 'NONE', *, *, #12437, .F. );
#2824=PLANE ( 'NONE',  #4165 );
#2825=CARTESIAN_POINT ( 'NONE',  ( -8.999999999999959100, 0.8000000000000000400, -1.725000000000005600 ) );
#2826=LINE ( 'NONE', #7247, #209 );
#2827=CARTESIAN_POINT ( 'NONE',  ( -3.350000000000005900, 0.05000000000000000300, 2.909999999999998400 ) );
#2828=ORIENTED_EDGE ( 'NONE', *, *, #12207, .T. );
#2829=VERTEX_POINT ( 'NONE', #2072 );
#2830=LINE ( 'NONE', #4578, #493 );
#2831=ORIENTED_EDGE ( 'NONE', *, *, #4896, .T. );
#2832=ORIENTED_EDGE ( 'NONE', *, *, #1699, .F. );
#2833=ORIENTED_EDGE ( 'NONE', *, *, #6380, .T. );
#2834=ADVANCED_FACE ( 'NONE', ( #5998 ), #11361, .F. );
#2835=EDGE_CURVE ( 'NONE', #6543, #12749, #11924, .T. );
#2836=EDGE_CURVE ( 'NONE', #11585, #12905, #10745, .T. );
#2837=VERTEX_POINT ( 'NONE', #3969 );
#2838=EDGE_CURVE ( 'NONE', #6830, #5477, #11711, .T. );
#2839=FACE_OUTER_BOUND ( 'NONE', #10528, .T. );
#2840=CARTESIAN_POINT ( 'NONE',  ( 4.699999999999997500, 0.8000000000000000400, -6.750000000000000900 ) );
#2841=EDGE_CURVE ( 'NONE', #14197, #10308, #1156, .T. );
#2842=( GEOMETRIC_REPRESENTATION_CONTEXT ( 3 ) GLOBAL_UNCERTAINTY_ASSIGNED_CONTEXT ( ( #178 ) ) GLOBAL_UNIT_ASSIGNED_CONTEXT ( ( #7, #195, #16 ) ) REPRESENTATION_CONTEXT ( 'NONE', 'WORKASPACE' ) );
#2843=LINE ( 'NONE', #161, #36 );
#2844=CARTESIAN_POINT ( 'NONE',  ( 0.0000000000000000000, 0.8000000000000000400, 0.6399999999999955700 ) );
#2845=DIRECTION ( 'NONE',  ( -9.637352644315598700E-016, 0.0000000000000000000, 1.000000000000000000 ) );
#2846=CARTESIAN_POINT ( 'NONE',  ( -8.999999999999865000, 0.8000000000000000400, 7.889999999999997900 ) );
#2847=ORIENTED_EDGE ( 'NONE', *, *, #12085, .F. );
#2848=CARTESIAN_POINT ( 'NONE',  ( -8.999999999999854300, 0.8000000000000000400, 8.984999999999987000 ) );
#2849=CARTESIAN_POINT ( 'NONE',  ( 9.000000000000044400, 0.0000000000000000000, 7.439999999999996800 ) );
#2850=EDGE_LOOP ( 'NONE', ( #3106, #7273, #10993, #12234, #4542, #14454 ) );
#2851=CARTESIAN_POINT ( 'NONE',  ( -3.350000000000001400, 0.0000000000000000000, 4.309999999999989000 ) );
#2852=FACE_OUTER_BOUND ( 'NONE', #7965, .T. );
#2853=EDGE_LOOP ( 'NONE', ( #7821, #1514, #3950, #1149 ) );
#2854=CARTESIAN_POINT ( 'NONE',  ( 9.000000000000158100, 0.0000000000000000000, 9.529999999999997600 ) );
#2855=LINE ( 'NONE', #1937, #209 );
#2856=MANIFOLD_SOLID_BREP ( 'Boss-Extrude5[34]', #10658 );
#2857=ORIENTED_EDGE ( 'NONE', *, *, #506, .F. );
#2858=ORIENTED_EDGE ( 'NONE', *, *, #11064, .F. );
#2859=CARTESIAN_POINT ( 'NONE',  ( -8.999999999999893400, -1.006230589874914900, 5.174999999999990900 ) );
#2860=ADVANCED_FACE ( 'NONE', ( #4912 ), #4681, .F. );
#2861=CARTESIAN_POINT ( 'NONE',  ( -8.999999999999934300, 0.0000000000000000000, 0.6399999999999921300 ) );
#2862=PLANE ( 'NONE',  #5143 );
#2863=EDGE_CURVE ( 'NONE', #10308, #8757, #8310, .T. );
#2864=VERTEX_POINT ( 'NONE', #9076 );
#2865=DIRECTION ( 'NONE',  ( 1.000000000000000000, -0.0000000000000000000, 9.155485012099800300E-015 ) );
#2866=EDGE_CURVE ( 'NONE', #9438, #10412, #7611, .T. );
#2867=ORIENTED_EDGE ( 'NONE', *, *, #720, .F. );
#2868=EDGE_CURVE ( 'NONE', #6309, #4867, #10430, .T. );
#2869=STYLED_ITEM ( 'NONE', ( #77 ), #13607 );
#2870=CARTESIAN_POINT ( 'NONE',  ( -8.549999999999892400, 0.8000000000000000400, 4.449999999999995700 ) );
#2871=CARTESIAN_POINT ( 'NONE',  ( 0.0000000000000000000, 0.8000000000000000400, 2.809999999999996500 ) );
#2872=LINE ( 'NONE', #14241, #184 );
#2873=CARTESIAN_POINT ( 'NONE',  ( 1.455000000000000500, 0.0000000000000000000, 12.74999999999999800 ) );
#2874=ORIENTED_EDGE ( 'NONE', *, *, #6231, .T. );
#2875=PLANE ( 'NONE',  #5782 );
#2876=ORIENTED_EDGE ( 'NONE', *, *, #8145, .F. );
#2877=ORIENTED_EDGE ( 'NONE', *, *, #9817, .T. );
#2878=EDGE_CURVE ( 'NONE', #8775, #3428, #2157, .T. );
#2879=ORIENTED_EDGE ( 'NONE', *, *, #10927, .F. );
#2880=LINE ( 'NONE', #9971, #209 );
#2881=ORIENTED_EDGE ( 'NONE', *, *, #9387, .F. );
#2882=FACE_OUTER_BOUND ( 'NONE', #10243, .T. );
#2883=LINE ( 'NONE', #6836, #110 );
#2884=ORIENTED_EDGE ( 'NONE', *, *, #11317, .F. );
#2885=CARTESIAN_POINT ( 'NONE',  ( -8.549999999999998900, 0.0000000000000000000, -5.710000000000005300 ) );
#2886=ORIENTED_EDGE ( 'NONE', *, *, #256, .T. );
#2887=ORIENTED_EDGE ( 'NONE', *, *, #7261, .F. );
#2888=VERTEX_POINT ( 'NONE', #884 );
#2889=ORIENTED_EDGE ( 'NONE', *, *, #8635, .F. );
#2890=EDGE_CURVE ( 'NONE', #3712, #5822, #10738, .T. );
#2891=ORIENTED_EDGE ( 'NONE', *, *, #10126, .T. );
#2892=EDGE_CURVE ( 'NONE', #12099, #13949, #9638, .T. );
#2893=ORIENTED_EDGE ( 'NONE', *, *, #13075, .T. );
#2894=AXIS2_PLACEMENT_3D ( 'NONE', #956, #31, #891 );
#2895=ORIENTED_EDGE ( 'NONE', *, *, #9996, .F. );
#2896=EDGE_CURVE ( 'NONE', #13174, #5881, #13643, .T. );
#2897=ORIENTED_EDGE ( 'NONE', *, *, #2648, .F. );
#2898=LINE ( 'NONE', #4808, #110 );
#2899=ORIENTED_EDGE ( 'NONE', *, *, #8068, .T. );
#2900=ADVANCED_FACE ( 'NONE', ( #9457 ), #8236, .F. );
#2901=ORIENTED_EDGE ( 'NONE', *, *, #6572, .F. );
#2902=CARTESIAN_POINT ( 'NONE',  ( -8.999999999999950300, -1.006230589874914900, 8.709999999999988400 ) );
#2903=ORIENTED_EDGE ( 'NONE', *, *, #4695, .F. );
#2904=CARTESIAN_POINT ( 'NONE',  ( -7.549200000000001700, 3.250000000000000000, 0.0000000000000000000 ) );
#2905=FACE_OUTER_BOUND ( 'NONE', #11480, .T. );
#2906=CLOSED_SHELL ( 'NONE', ( #12546, #13586, #6831, #7979, #2782, #5856, #6450, #4931, #8544, #9544 ) );
#2907=ORIENTED_EDGE ( 'NONE', *, *, #13908, .F. );
#2908=LINE ( 'NONE', #10062, #10 );
#2909=ORIENTED_EDGE ( 'NONE', *, *, #10436, .T. );
#2910=LINE ( 'NONE', #206, #493 );
#2911=LINE ( 'NONE', #2481, #209 );
#2912=ORIENTED_EDGE ( 'NONE', *, *, #13609, .F. );
#2913=CARTESIAN_POINT ( 'NONE',  ( -8.550000000000043300, 0.05000000000000000300, 7.889999999999997900 ) );
#2914=EDGE_CURVE ( 'NONE', #4006, #4857, #2783, .T. );
#2915=ORIENTED_EDGE ( 'NONE', *, *, #7795, .T. );
#2916=EDGE_CURVE ( 'NONE', #3896, #8830, #4359, .T. );
#2917=ADVANCED_FACE ( 'NONE', ( #258 ), #7043, .T. );
#2918=CARTESIAN_POINT ( 'NONE',  ( 0.3499999999999989800, 0.05000000000000000300, 4.310000000000016500 ) );
#2919=EDGE_CURVE ( 'NONE', #13346, #4169, #3760, .T. );
#2920=ORIENTED_EDGE ( 'NONE', *, *, #10409, .F. );
#2921=CARTESIAN_POINT ( 'NONE',  ( -3.350000000000005900, 0.05000000000000000300, 2.009999999999998900 ) );
#2922=ADVANCED_FACE ( 'NONE', ( #5990 ), #13389, .F. );
#2923=LINE ( 'NONE', #134, #4 );
#2924=AXIS2_PLACEMENT_3D ( 'NONE', #5932, #95, #65 );
#2925=FACE_OUTER_BOUND ( 'NONE', #3545, .T. );
#2926=ORIENTED_EDGE ( 'NONE', *, *, #1775, .T. );
#2927=ORIENTED_EDGE ( 'NONE', *, *, #14094, .F. );
#2928=CARTESIAN_POINT ( 'NONE',  ( -8.550000000000052200, 0.05000000000000000300, 10.42999999999999600 ) );
#2929=LINE ( 'NONE', #7065, #184 );
#2930=ORIENTED_EDGE ( 'NONE', *, *, #2588, .F. );
#2931=PRESENTATION_STYLE_ASSIGNMENT (( #1926 ) );
#2932=ORIENTED_EDGE ( 'NONE', *, *, #5354, .F. );
#2933=PLANE ( 'NONE',  #10246 );
#2934=ORIENTED_EDGE ( 'NONE', *, *, #7500, .F. );
#2935=VERTEX_POINT ( 'NONE', #9045 );
#2936=EDGE_LOOP ( 'NONE', ( #13649, #13507, #10760, #3628, #11677, #14467 ) );
#2937=VERTEX_POINT ( 'NONE', #511 );
#2938=EDGE_CURVE ( 'NONE', #7480, #7227, #12470, .T. );
#2939=VERTEX_POINT ( 'NONE', #3985 );
#2940=EDGE_CURVE ( 'NONE', #1772, #3373, #6915, .T. );
#2941=EDGE_CURVE ( 'NONE', #5746, #4438, #7951, .T. );
#2942=ADVANCED_FACE ( 'NONE', ( #10108 ), #2553, .F. );
#2943=STYLED_ITEM ( 'NONE', ( #77 ), #7826 );
#2944=ORIENTED_EDGE ( 'NONE', *, *, #7064, .F. );
#2945=EDGE_CURVE ( 'NONE', #6509, #13496, #924, .T. );
#2946=CARTESIAN_POINT ( 'NONE',  ( 8.550000000000052200, 0.0000000000000000000, -0.6300000000000046700 ) );
#2947=ORIENTED_EDGE ( 'NONE', *, *, #7325, .T. );
#2948=FACE_OUTER_BOUND ( 'NONE', #9941, .T. );
#2949=EDGE_LOOP ( 'NONE', ( #13460, #1527, #13888, #11973 ) );
#2950=CARTESIAN_POINT ( 'NONE',  ( -7.000000000000000900, 0.7500000000000000000, -8.250000000000000000 ) );
#2951=VERTEX_POINT ( 'NONE', #10593 );
#2952=ORIENTED_EDGE ( 'NONE', *, *, #4979, .F. );
#2953=LINE ( 'NONE', #14060, #184 );
#2954=EDGE_LOOP ( 'NONE', ( #4396, #9728, #2715, #13069, #2066, #6678 ) );
#2955=CIRCLE ( 'NONE', #9943, 0.2749999999999991900 );
#2956=EDGE_LOOP ( 'NONE', ( #10724, #3270, #5974, #6974 ) );
#2957=PLANE ( 'NONE',  #10622 );
#2958=LINE ( 'NONE', #3066, #209 );
#2959=DIRECTION ( 'NONE',  ( 0.0000000000000000000, -1.000000000000000000, -0.0000000000000000000 ) );
#2960=LINE ( 'NONE', #11338, #36 );
#2961=ORIENTED_EDGE ( 'NONE', *, *, #14395, .F. );
#2962=VERTEX_POINT ( 'NONE', #9865 );
#2963=DIRECTION ( 'NONE',  ( 1.927470528863115800E-015, -0.0000000000000000000, 1.000000000000000000 ) );
#2964=ORIENTED_EDGE ( 'NONE', *, *, #11867, .F. );
#2965=ORIENTED_EDGE ( 'NONE', *, *, #1655, .T. );
#2966=EDGE_CURVE ( 'NONE', #8480, #5675, #6728, .T. );
#2967=EDGE_CURVE ( 'NONE', #3808, #9844, #2566, .T. );
#2968=ORIENTED_EDGE ( 'NONE', *, *, #3780, .F. );
#2969=CARTESIAN_POINT ( 'NONE',  ( 8.150000000000170900, 0.0000000000000000000, 1.539999999999997100 ) );
#2970=EDGE_CURVE ( 'NONE', #1476, #6903, #8629, .T. );
#2971=CIRCLE ( 'NONE', #1739, 0.2749999999999991900 );
#2972=FACE_OUTER_BOUND ( 'NONE', #6986, .T. );
#2973=ORIENTED_EDGE ( 'NONE', *, *, #12787, .F. );
#2974=ORIENTED_EDGE ( 'NONE', *, *, #3129, .T. );
#2975=LINE ( 'NONE', #1042, #3765 );
#2976=EDGE_LOOP ( 'NONE', ( #10264, #8106, #10161, #13670, #13097, #7518 ) );
#2977=CARTESIAN_POINT ( 'NONE',  ( -2.449999999999999700, 0.0000000000000000000, 2.909999999999997500 ) );
#2978=ORIENTED_EDGE ( 'NONE', *, *, #1224, .F. );
#2979=CARTESIAN_POINT ( 'NONE',  ( 9.000000000000172300, 0.8000000000000000400, 10.97499999999987900 ) );
#2980=LINE ( 'NONE', #3078, #93 );
#2981=CARTESIAN_POINT ( 'NONE',  ( -8.999999999999905900, 0.8000000000000000400, 3.179999999999989900 ) );
#2982=ORIENTED_EDGE ( 'NONE', *, *, #1308, .T. );
#2983=ORIENTED_EDGE ( 'NONE', *, *, #6046, .F. );
#2984=CARTESIAN_POINT ( 'NONE',  ( -8.999999999999959100, 0.8000000000000000400, 0.0000000000000000000 ) );
#2985=CARTESIAN_POINT ( 'NONE',  ( 8.550000000000118000, 0.8000000000000000400, 6.619999999999997400 ) );
#2986=ORIENTED_EDGE ( 'NONE', *, *, #4726, .T. );
#2987=CARTESIAN_POINT ( 'NONE',  ( 1.800000000000000700, 0.8000000000000000400, -12.25000000000000000 ) );
#2988=VERTEX_POINT ( 'NONE', #9892 );
#2989=ADVANCED_FACE ( 'NONE', ( #1569 ), #10917, .F. );
#2990=EDGE_CURVE ( 'NONE', #4511, #6222, #2736, .T. );
#2991=ORIENTED_EDGE ( 'NONE', *, *, #14275, .F. );
#2992=CARTESIAN_POINT ( 'NONE',  ( -8.999999999999941400, 0.8000000000000000400, 11.24999999999998900 ) );
#2993=LINE ( 'NONE', #11042, #184 );
#2994=LINE ( 'NONE', #561, #4 );
#2995=EDGE_CURVE ( 'NONE', #8650, #7180, #12623, .T. );
#2996=CARTESIAN_POINT ( 'NONE',  ( -8.150000000000007500, 0.05000000000000000300, -2.270000000000003600 ) );
#2997=LINE ( 'NONE', #8377, #10 );
#2998=AXIS2_PLACEMENT_3D ( 'NONE', #11513, #95, #31 );
#2999=VECTOR ( 'NONE', #2963, 1000.000000000000000 );
#3000=CARTESIAN_POINT ( 'NONE',  ( 9.000000000000172300, 0.0000000000000000000, 11.52500000000011400 ) );
#3001=ORIENTED_EDGE ( 'NONE', *, *, #4183, .T. );
#3002=EDGE_CURVE ( 'NONE', #5137, #2088, #12162, .T. );
#3003=CARTESIAN_POINT ( 'NONE',  ( -8.549999999999998900, 0.05000000000000000300, -5.710000000000005300 ) );
#3004=LINE ( 'NONE', #2629, #209 );
#3005=AXIS2_PLACEMENT_3D ( 'NONE', #513, #7902, #11278 );
#3006=ADVANCED_FACE ( 'NONE', ( #13063 ), #10772, .F. );
#3007=VERTEX_POINT ( 'NONE', #2821 );
#3008=ADVANCED_FACE ( 'NONE', ( #2972 ), #4596, .T. );
#3009=FACE_OUTER_BOUND ( 'NONE', #9080, .T. );
#3010=EDGE_CURVE ( 'NONE', #662, #11807, #5060, .T. );
#3011=EDGE_LOOP ( 'NONE', ( #1023, #302, #13167, #2664 ) );
#3012=EDGE_CURVE ( 'NONE', #5278, #6367, #8778, .T. );
#3013=CARTESIAN_POINT ( 'NONE',  ( 0.3600000000000014300, 0.0000000000000000000, 12.74999999999999800 ) );
#3014=EDGE_CURVE ( 'NONE', #1165, #724, #5085, .T. );
#3015=CARTESIAN_POINT ( 'NONE',  ( -3.350000000000001400, 0.05000000000000000300, 4.309999999999989000 ) );
#3016=AXIS2_PLACEMENT_3D ( 'NONE', #291, #95, #31 );
#3017=AXIS2_PLACEMENT_3D ( 'NONE', #2561, #15, #575 );
#3018=ADVANCED_FACE ( 'NONE', ( #9965 ), #49, .T. );
#3019=EDGE_LOOP ( 'NONE', ( #6482, #5241, #3242, #7183 ) );
#3020=ORIENTED_EDGE ( 'NONE', *, *, #11953, .F. );
#3021=ORIENTED_EDGE ( 'NONE', *, *, #929, .T. );
#3022=FACE_OUTER_BOUND ( 'NONE', #1398, .T. );
#3023=VERTEX_POINT ( 'NONE', #13218 );
#3024=ORIENTED_EDGE ( 'NONE', *, *, #9508, .F. );
#3025=FACE_OUTER_BOUND ( 'NONE', #12134, .T. );
#3026=ORIENTED_EDGE ( 'NONE', *, *, #7642, .F. );
#3027=CARTESIAN_POINT ( 'NONE',  ( 9.000000000000119000, 0.8000000000000000400, 5.719999999999997100 ) );
#3028=ORIENTED_EDGE ( 'NONE', *, *, #13550, .T. );
#3029=CARTESIAN_POINT ( 'NONE',  ( 8.150000000000170900, 0.0000000000000000000, 11.69999999999999800 ) );
#3030=EDGE_CURVE ( 'NONE', #5401, #7188, #9125, .T. );
#3031=EDGE_CURVE ( 'NONE', #6702, #4302, #3574, .T. );
#3032=EDGE_CURVE ( 'NONE', #12745, #4164, #5609, .T. );
#3033=EDGE_CURVE ( 'NONE', #12611, #4072, #7268, .T. );
#3034=AXIS2_PLACEMENT_3D ( 'NONE', #2181, #234, #885 );
#3035=VERTEX_POINT ( 'NONE', #528 );
#3036=ORIENTED_EDGE ( 'NONE', *, *, #2717, .T. );
#3037=ADVANCED_FACE ( 'NONE', ( #9297 ), #4899, .F. );
#3038=FACE_OUTER_BOUND ( 'NONE', #10205, .T. );
#3039=ORIENTED_EDGE ( 'NONE', *, *, #2416, .F. );
#3040=ORIENTED_EDGE ( 'NONE', *, *, #13929, .T. );
#3041=LINE ( 'NONE', #6317, #209 );
#3042=ORIENTED_EDGE ( 'NONE', *, *, #9774, .T. );
#3043=FACE_OUTER_BOUND ( 'NONE', #9673, .T. );
#3044=LINE ( 'NONE', #4864, #36 );
#3045=LINE ( 'NONE', #2821, #45 );
#3046=ORIENTED_EDGE ( 'NONE', *, *, #12203, .T. );
#3047=EDGE_LOOP ( 'NONE', ( #6123, #1951, #708, #9390 ) );
#3048=VERTEX_POINT ( 'NONE', #465 );
#3049=EDGE_CURVE ( 'NONE', #2937, #5401, #3175, .T. );
#3050=PLANE ( 'NONE',  #1682 );
#3051=EDGE_CURVE ( 'NONE', #9973, #11312, #12757, .T. );
#3052=LINE ( 'NONE', #82, #209 );
#3053=ORIENTED_EDGE ( 'NONE', *, *, #10775, .T. );
#3054=EDGE_CURVE ( 'NONE', #12036, #2951, #14366, .T. );
#3055=AXIS2_PLACEMENT_3D ( 'NONE', #206, #5171, #1025 );
#3056=ORIENTED_EDGE ( 'NONE', *, *, #14402, .F. );
#3057=CARTESIAN_POINT ( 'NONE',  ( 0.0000000000000000000, 0.0000000000000000000, 1.539999999999996300 ) );
#3058=EDGE_CURVE ( 'NONE', #7407, #12672, #11861, .T. );
#3059=ORIENTED_EDGE ( 'NONE', *, *, #4266, .T. );
#3060=AXIS2_PLACEMENT_3D ( 'NONE', #14287, #214, #8331 );
#3061=ADVANCED_FACE ( 'NONE', ( #6373 ), #1905, .F. );
#3062=FACE_OUTER_BOUND ( 'NONE', #6864, .T. );
#3063=VECTOR ( 'NONE', #19, 1000.000000000000000 );
#3064=CARTESIAN_POINT ( 'NONE',  ( -8.549999999999853300, 0.0000000000000000000, 9.159999999999998400 ) );
#3065=CARTESIAN_POINT ( 'NONE',  ( -7.529289321881346800, 2.999200000000007200, -5.700000000000004600 ) );
#3066=CARTESIAN_POINT ( 'NONE',  ( -5.400000000000001200, 0.7500000000000000000, -9.099999999999999600 ) );
#3067=CARTESIAN_POINT ( 'NONE',  ( -8.550000000000032700, 0.05000000000000000300, 5.349999999999997000 ) );
#3068=ORIENTED_EDGE ( 'NONE', *, *, #13515, .F. );
#3069=EDGE_LOOP ( 'NONE', ( #3464, #6649, #6322, #13655 ) );
#3070=LINE ( 'NONE', #761, #416 );
#3071=ORIENTED_EDGE ( 'NONE', *, *, #6005, .F. );
#3072=ORIENTED_EDGE ( 'NONE', *, *, #8536, .T. );
#3073=ORIENTED_EDGE ( 'NONE', *, *, #2820, .T. );
#3074=ORIENTED_EDGE ( 'NONE', *, *, #158, .F. );
#3075=ORIENTED_EDGE ( 'NONE', *, *, #3957, .F. );
#3076=EDGE_CURVE ( 'NONE', #11807, #10804, #1939, .T. );
#3077=ADVANCED_FACE ( 'NONE', ( #1954 ), #12031, .F. );
#3078=CARTESIAN_POINT ( 'NONE',  ( -3.000000000000000900, 0.7500000000000000000, -9.899999999999998600 ) );
#3079=EDGE_CURVE ( 'NONE', #2559, #2605, #379, .T. );
#3080=ADVANCED_FACE ( 'NONE', ( #11629 ), #309, .F. );
#3081=CARTESIAN_POINT ( 'NONE',  ( -8.549999999999824900, -1.006230589874914900, 0.0000000000000000000 ) );
#3082=LINE ( 'NONE', #4430, #6285 );
#3083=ORIENTED_EDGE ( 'NONE', *, *, #3079, .T. );
#3084=LINE ( 'NONE', #1040, #649 );
#3085=LINE ( 'NONE', #957, #416 );
#3086=VERTEX_POINT ( 'NONE', #9165 );
#3087=ORIENTED_EDGE ( 'NONE', *, *, #6637, .F. );
#3088=ORIENTED_EDGE ( 'NONE', *, *, #4922, .T. );
#3089=EDGE_CURVE ( 'NONE', #1809, #2748, #10485, .T. );
#3090=ORIENTED_EDGE ( 'NONE', *, *, #13352, .F. );
#3091=ORIENTED_EDGE ( 'NONE', *, *, #5682, .F. );
#3092=AXIS2_PLACEMENT_3D ( 'NONE', #2918, #1856, #3972 );
#3093=FACE_OUTER_BOUND ( 'NONE', #4358, .T. );
#3094=VERTEX_POINT ( 'NONE', #3724 );
#3095=CARTESIAN_POINT ( 'NONE',  ( 8.550000000000078900, 0.0000000000000000000, 1.909999999999995000 ) );
#3096=VERTEX_POINT ( 'NONE', #7118 );
#3097=DIRECTION ( 'NONE',  ( -1.577021341797098900E-013, 0.0000000000000000000, -1.000000000000000000 ) );
#3098=LINE ( 'NONE', #4600, #110 );
#3099=CARTESIAN_POINT ( 'NONE',  ( -6.164999999999999100, 0.8000000000000000400, 12.74999999999999800 ) );
#3100=ADVANCED_FACE ( 'NONE', ( #6585 ), #5084, .F. );
#3101=ORIENTED_EDGE ( 'NONE', *, *, #12411, .F. );
#3102=FACE_OUTER_BOUND ( 'NONE', #6256, .T. );
#3103=EDGE_LOOP ( 'NONE', ( #10097, #14323, #10867, #10815 ) );
#3104=VERTEX_POINT ( 'NONE', #10183 );
#3105=ORIENTED_EDGE ( 'NONE', *, *, #10778, .T. );
#3106=ORIENTED_EDGE ( 'NONE', *, *, #6937, .T. );
#3107=EDGE_CURVE ( 'NONE', #7825, #6274, #6840, .T. );
#3108=ORIENTED_EDGE ( 'NONE', *, *, #9228, .T. );
#3109=EDGE_LOOP ( 'NONE', ( #10348, #10592, #6421, #13761 ) );
#3110=EDGE_CURVE ( 'NONE', #10429, #11791, #8488, .T. );
#3111=LINE ( 'NONE', #3521, #205 );
#3112=VERTEX_POINT ( 'NONE', #5586 );
#3113=AXIS2_PLACEMENT_3D ( 'NONE', #206, #445, #1406 );
#3114=MECHANICAL_DESIGN_GEOMETRIC_PRESENTATION_REPRESENTATION (  '', ( #1734 ), #12920 );
#3115=AXIS2_PLACEMENT_3D ( 'NONE', #9216, #74, #135 );
#3116=LINE ( 'NONE', #2144, #4 );
#3117=ORIENTED_EDGE ( 'NONE', *, *, #5745, .F. );
#3118=CARTESIAN_POINT ( 'NONE',  ( -1.050000000000000900, 0.0000000000000000000, 4.310000000000007600 ) );
#3119=ORIENTED_EDGE ( 'NONE', *, *, #12500, .F. );
#3120=ADVANCED_FACE ( 'NONE', ( #3196 ), #4209, .F. );
#3121=MANIFOLD_SOLID_BREP ( 'Boss-Extrude5[8]', #9217 );
#3122=CARTESIAN_POINT ( 'NONE',  ( -8.999999999999840100, 0.0000000000000000000, 9.529999999999988700 ) );
#3123=ORIENTED_EDGE ( 'NONE', *, *, #1886, .F. );
#3124=LINE ( 'NONE', #1966, #493 );
#3125=EDGE_LOOP ( 'NONE', ( #1298, #12826, #4883, #3770 ) );
#3126=ORIENTED_EDGE ( 'NONE', *, *, #4733, .T. );
#3127=FACE_OUTER_BOUND ( 'NONE', #765, .T. );
#3128=VERTEX_POINT ( 'NONE', #1658 );
#3129=EDGE_CURVE ( 'NONE', #5694, #7188, #7458, .T. );
#3130=ORIENTED_EDGE ( 'NONE', *, *, #2344, .F. );
#3131=FACE_OUTER_BOUND ( 'NONE', #10793, .T. );
#3132=ORIENTED_EDGE ( 'NONE', *, *, #1538, .F. );
#3133=CARTESIAN_POINT ( 'NONE',  ( -4.719999999999998000, 0.0000000000000000000, 12.74999999999999800 ) );
#3134=EDGE_CURVE ( 'NONE', #3318, #10727, #6176, .T. );
#3135=DIRECTION ( 'NONE',  ( -2.586315000547239100E-013, 0.0000000000000000000, -1.000000000000000000 ) );
#3136=CARTESIAN_POINT ( 'NONE',  ( -3.624999999999999600, 0.05000000000000000300, 12.29999999999999700 ) );
#3137=PRESENTATION_LAYER_ASSIGNMENT (  '', '', ( #7597 ) );
#3138=PLANE ( 'NONE',  #8956 );
#3139=CARTESIAN_POINT ( 'NONE',  ( -8.549999999999933200, 0.8000000000000000400, 0.6399999999999955700 ) );
#3140=AXIS2_PLACEMENT_3D ( 'NONE', #3238, #15, #575 );
#3141=ORIENTED_EDGE ( 'NONE', *, *, #1675, .F. );
#3142=PLANE ( 'NONE',  #2173 );
#3143=CARTESIAN_POINT ( 'NONE',  ( 0.0000000000000000000, -1.006230589874914900, 0.6399999999999955700 ) );
#3144=ORIENTED_EDGE ( 'NONE', *, *, #427, .T. );
#3145=PRODUCT_CONTEXT ( 'NONE', #1813, 'mechanical' );
#3146=PLANE ( 'NONE',  #5035 );
#3147=PLANE ( 'NONE',  #12287 );
#3148=EDGE_LOOP ( 'NONE', ( #2679, #10633, #13076, #8118 ) );
#3149=ORIENTED_EDGE ( 'NONE', *, *, #13782, .F. );
#3150=LINE ( 'NONE', #3636, #36 );
#3151=EDGE_LOOP ( 'NONE', ( #12554, #2683, #7347, #12661 ) );
#3152=VERTEX_POINT ( 'NONE', #4600 );
#3153=EDGE_CURVE ( 'NONE', #12955, #8038, #11196, .T. );
#3154=ORIENTED_EDGE ( 'NONE', *, *, #4130, .F. );
#3155=EDGE_CURVE ( 'NONE', #10504, #8385, #8445, .T. );
#3156=EDGE_CURVE ( 'NONE', #6541, #2684, #12284, .T. );
#3157=CARTESIAN_POINT ( 'NONE',  ( 8.550000000000158800, 0.8000000000000000400, 9.529999999999995800 ) );
#3158=PRESENTATION_LAYER_ASSIGNMENT (  '', '', ( #2943 ) );
#3159=VERTEX_POINT ( 'NONE', #3619 );
#3160=LINE ( 'NONE', #2349, #45 );
#3161=EDGE_CURVE ( 'NONE', #8403, #14082, #10128, .T. );
#3162=CARTESIAN_POINT ( 'NONE',  ( 8.550000000000169500, 0.05000000000000000300, 4.079999999999996500 ) );
#3163=ORIENTED_EDGE ( 'NONE', *, *, #6938, .T. );
#3164=CARTESIAN_POINT ( 'NONE',  ( -5.440000000000000400, 0.0000000000000000000, 12.74999999999999800 ) );
#3165=ADVANCED_FACE ( 'NONE', ( #14345 ), #230, .F. );
#3166=VERTEX_POINT ( 'NONE', #333 );
#3167=ORIENTED_EDGE ( 'NONE', *, *, #58, .F. );
#3168=ORIENTED_EDGE ( 'NONE', *, *, #5779, .F. );
#3169=ADVANCED_FACE ( 'NONE', ( #5409 ), #12529, .T. );
#3170=ORIENTED_EDGE ( 'NONE', *, *, #11412, .T. );
#3171=LINE ( 'NONE', #934, #10 );
#3172=CYLINDRICAL_SURFACE ( 'NONE', #5743, 0.05080000000000015100 );
#3173=EDGE_LOOP ( 'NONE', ( #928, #3697, #11310, #9400 ) );
#3174=CARTESIAN_POINT ( 'NONE',  ( 9.000000000000000000, 0.0000000000000000000, -5.535000000000004600 ) );
#3175=LINE ( 'NONE', #1195, #10 );
#3176=VERTEX_POINT ( 'NONE', #12675 );
#3177=PLANE ( 'NONE',  #3690 );
#3178=LINE ( 'NONE', #8995, #184 );
#3179=EDGE_CURVE ( 'NONE', #3159, #1027, #6227, .T. );
#3180=EDGE_CURVE ( 'NONE', #3713, #8855, #7060, .T. );
#3181=LINE ( 'NONE', #112, #493 );
#3182=EDGE_CURVE ( 'NONE', #4302, #5979, #13043, .T. );
#3183=AXIS2_PLACEMENT_3D ( 'NONE', #11765, #250, #31 );
#3184=ADVANCED_FACE ( 'NONE', ( #5774 ), #352, .T. );
#3185=ORIENTED_EDGE ( 'NONE', *, *, #11081, .T. );
#3186=ORIENTED_EDGE ( 'NONE', *, *, #1566, .F. );
#3187=AXIS2_PLACEMENT_3D ( 'NONE', #13322, #250, #31 );
#3188=LINE ( 'NONE', #52, #209 );
#3189=EDGE_CURVE ( 'NONE', #4390, #4086, #6517, .T. );
#3190=PLANE ( 'NONE',  #11690 );
#3191=ORIENTED_EDGE ( 'NONE', *, *, #12101, .T. );
#3192=AXIS2_PLACEMENT_3D ( 'NONE', #11053, #19, #135 );
#3193=PLANE ( 'NONE',  #2489 );
#3194=CARTESIAN_POINT ( 'NONE',  ( 0.0000000000000000000, 0.8000000000000000400, -5.710000000000005300 ) );
#3195=CARTESIAN_POINT ( 'NONE',  ( -7.529289321881346800, 0.7999999999999999300, -5.629289321881345600 ) );
#3196=FACE_OUTER_BOUND ( 'NONE', #8622, .T. );
#3197=CARTESIAN_POINT ( 'NONE',  ( 2.599999999999997000, 0.8000000000000000400, -9.099999999999999600 ) );
#3198=CARTESIAN_POINT ( 'NONE',  ( 8.550000000000169500, 0.05000000000000000300, 0.2699999999999968000 ) );
#3199=CARTESIAN_POINT ( 'NONE',  ( 1.455000000000000500, 0.05000000000000000300, 11.90000000000017100 ) );
#3200=CARTESIAN_POINT ( 'NONE',  ( 9.000000000000000000, 0.8000000000000000400, -5.710000000000004400 ) );
#3201=LINE ( 'NONE', #756, #205 );
#3202=EDGE_LOOP ( 'NONE', ( #14271, #1947, #12740, #10435 ) );
#3203=ORIENTED_EDGE ( 'NONE', *, *, #13958, .T. );
#3204=ADVANCED_FACE ( 'NONE', ( #8756 ), #49, .T. );
#3205=EDGE_CURVE ( 'NONE', #3945, #11497, #7578, .T. );
#3206=EDGE_LOOP ( 'NONE', ( #12115, #1418, #9702, #9935 ) );
#3207=LINE ( 'NONE', #561, #649 );
#3208=CARTESIAN_POINT ( 'NONE',  ( -2.199999999999999700, 0.7500000000000000000, -11.44999999999999900 ) );
#3209=FACE_OUTER_BOUND ( 'NONE', #10025, .T. );
#3210=PLANE ( 'NONE',  #13418 );
#3211=CARTESIAN_POINT ( 'NONE',  ( 2.355000000000002200, 0.0000000000000000000, 11.90000000000017100 ) );
#3212=AXIS2_PLACEMENT_3D ( 'NONE', #2227, #215, #15 );
#3213=FACE_OUTER_BOUND ( 'NONE', #7406, .T. );
#3214=CYLINDRICAL_SURFACE ( 'NONE', #7127, 0.2749999999999991900 );
#3215=EDGE_LOOP ( 'NONE', ( #8697, #1694, #5501, #6422 ) );
#3216=CARTESIAN_POINT ( 'NONE',  ( -3.000000000000000900, 0.8000000000000000400, -12.25000000000000000 ) );
#3217=EDGE_LOOP ( 'NONE', ( #12710, #7891, #11254, #789 ) );
#3218=ORIENTED_EDGE ( 'NONE', *, *, #13585, .F. );
#3219=ORIENTED_EDGE ( 'NONE', *, *, #9730, .F. );
#3220=LINE ( 'NONE', #1265, #649 );
#3221=CARTESIAN_POINT ( 'NONE',  ( 8.550000000000093100, -1.006230589874914900, 4.079999999999995600 ) );
#3222=FACE_OUTER_BOUND ( 'NONE', #10406, .T. );
#3223=ORIENTED_EDGE ( 'NONE', *, *, #6020, .T. );
#3224=EDGE_CURVE ( 'NONE', #5256, #12674, #9261, .T. );
#3225=PLANE ( 'NONE',  #5083 );
#3226=ORIENTED_EDGE ( 'NONE', *, *, #4939, .F. );
#3227=EDGE_LOOP ( 'NONE', ( #189, #5417, #13981, #12446, #164, #11845 ) );
#3228=EDGE_CURVE ( 'NONE', #818, #3112, #448, .T. );
#3229=DIRECTION ( 'NONE',  ( 1.000000000000000000, 0.0000000000000000000, 1.445602896647338500E-015 ) );
#3230=ORIENTED_EDGE ( 'NONE', *, *, #10614, .T. );
#3231=CARTESIAN_POINT ( 'NONE',  ( -0.5500000000000022600, 0.05000000000000000300, 4.310000000000008500 ) );
#3232=ORIENTED_EDGE ( 'NONE', *, *, #14035, .F. );
#3233=PRESENTATION_LAYER_ASSIGNMENT (  '', '', ( #232 ) );
#3234=VERTEX_POINT ( 'NONE', #9276 );
#3235=ORIENTED_EDGE ( 'NONE', *, *, #6953, .T. );
#3236=ORIENTED_EDGE ( 'NONE', *, *, #11981, .F. );
#3237=ORIENTED_EDGE ( 'NONE', *, *, #895, .F. );
#3238=CARTESIAN_POINT ( 'NONE',  ( -8.999999999999854300, 0.0000000000000000000, 8.259999999999996200 ) );
#3239=LINE ( 'NONE', #1115, #493 );
#3240=ORIENTED_EDGE ( 'NONE', *, *, #2820, .F. );
#3241=ADVANCED_FACE ( 'NONE', ( #10088 ), #12430, .T. );
#3242=ORIENTED_EDGE ( 'NONE', *, *, #13295, .T. );
#3243=CARTESIAN_POINT ( 'NONE',  ( -9.000000000000000000, -1.006230589874914900, -3.990000000000004700 ) );
#3244=DIRECTION ( 'NONE',  ( -1.000000000000000000, 0.0000000000000000000, 3.690901012716612100E-016 ) );
#3245=VERTEX_POINT ( 'NONE', #7728 );
#3246=EDGE_LOOP ( 'NONE', ( #4913, #7360, #9957, #7643 ) );
#3247=ADVANCED_FACE ( 'NONE', ( #9439 ), #49, .T. );
#3248=FACE_OUTER_BOUND ( 'NONE', #14017, .T. );
#3249=ORIENTED_EDGE ( 'NONE', *, *, #9110, .F. );
#3250=DIRECTION ( 'NONE',  ( -4.818676322157796400E-016, 0.0000000000000000000, 1.000000000000000000 ) );
#3251=ORIENTED_EDGE ( 'NONE', *, *, #14122, .F. );
#3252=CARTESIAN_POINT ( 'NONE',  ( 3.995000000000001000, 0.0000000000000000000, 11.90000000000017100 ) );
#3253=VERTEX_POINT ( 'NONE', #935 );
#3254=EDGE_CURVE ( 'NONE', #6133, #5021, #14485, .T. );
#3255=CARTESIAN_POINT ( 'NONE',  ( 8.550000000000144600, 0.0000000000000000000, 8.259999999999996200 ) );
#3256=ORIENTED_EDGE ( 'NONE', *, *, #12548, .T. );
#3257=EDGE_CURVE ( 'NONE', #3273, #9729, #5050, .T. );
#3258=EDGE_CURVE ( 'NONE', #3610, #7369, #1324, .T. );
#3259=LINE ( 'NONE', #56, #45 );
#3260=EDGE_CURVE ( 'NONE', #13495, #2864, #10238, .T. );
#3261=AXIS2_PLACEMENT_3D ( 'NONE', #11560, #95, #31 );
#3262=CARTESIAN_POINT ( 'NONE',  ( 3.625000000000002200, 0.05000000000000000300, 12.29999999999999700 ) );
#3263=ORIENTED_EDGE ( 'NONE', *, *, #12500, .T. );
#3264=CARTESIAN_POINT ( 'NONE',  ( 2.725000000000001000, 0.8000000000000000400, -0.0000000000000000000 ) );
#3265=ORIENTED_EDGE ( 'NONE', *, *, #11607, .F. );
#3266=ORIENTED_EDGE ( 'NONE', *, *, #9981, .T. );
#3267=ORIENTED_EDGE ( 'NONE', *, *, #13015, .F. );
#3268=CARTESIAN_POINT ( 'NONE',  ( 0.0000000000000000000, 0.0000000000000000000, 11.69999999999999800 ) );
#3269=EDGE_LOOP ( 'NONE', ( #4588, #9213, #4576, #4105 ) );
#3270=ORIENTED_EDGE ( 'NONE', *, *, #3283, .T. );
#3271=ORIENTED_EDGE ( 'NONE', *, *, #7614, .F. );
#3272=ADVANCED_FACE ( 'NONE', ( #7747 ), #959, .F. );
#3273=VERTEX_POINT ( 'NONE', #7800 );
#3274=ORIENTED_EDGE ( 'NONE', *, *, #3845, .T. );
#3275=CARTESIAN_POINT ( 'NONE',  ( -8.999999999999893400, 0.0000000000000000000, 5.349999999999996100 ) );
#3276=CARTESIAN_POINT ( 'NONE',  ( 3.625000000000002200, 0.0000000000000000000, 12.74999999999999800 ) );
#3277=LINE ( 'NONE', #4326, #355 );
#3278=CARTESIAN_POINT ( 'NONE',  ( -8.999999999999865000, 0.8000000000000000400, 0.0000000000000000000 ) );
#3279=EDGE_CURVE ( 'NONE', #8450, #8483, #81, .T. );
#3280=EDGE_CURVE ( 'NONE', #1052, #624, #9929, .T. );
#3281=ORIENTED_EDGE ( 'NONE', *, *, #7022, .T. );
#3282=VERTEX_POINT ( 'NONE', #4503 );
#3283=EDGE_CURVE ( 'NONE', #9070, #2677, #1755, .T. );
#3284=ORIENTED_EDGE ( 'NONE', *, *, #1996, .F. );
#3285=ORIENTED_EDGE ( 'NONE', *, *, #1122, .F. );
#3286=ORIENTED_EDGE ( 'NONE', *, *, #847, .T. );
#3287=VERTEX_POINT ( 'NONE', #6347 );
#3288=CARTESIAN_POINT ( 'NONE',  ( -8.999999999999840100, 0.8000000000000000400, 10.42999999999999600 ) );
#3289=EDGE_LOOP ( 'NONE', ( #3903, #3240, #3270, #12658 ) );
#3290=ADVANCED_FACE ( 'NONE', ( #1120 ), #233, .T. );
#3291=ORIENTED_EDGE ( 'NONE', *, *, #11143, .T. );
#3292=CARTESIAN_POINT ( 'NONE',  ( 9.000000000000104800, -1.006230589874914900, 5.349999999999996100 ) );
#3293=ORIENTED_EDGE ( 'NONE', *, *, #1699, .T. );
#3294=ORIENTED_EDGE ( 'NONE', *, *, #3155, .F. );
#3295=ORIENTED_EDGE ( 'NONE', *, *, #4202, .F. );
#3296=EDGE_LOOP ( 'NONE', ( #7944, #8717, #3581, #12873, #9221, #5795 ) );
#3297=EDGE_CURVE ( 'NONE', #3707, #2499, #10293, .T. );
#3298=CARTESIAN_POINT ( 'NONE',  ( -8.549999999999972300, 0.04999999999999991300, -3.170000000000006100 ) );
#3299=ORIENTED_EDGE ( 'NONE', *, *, #2194, .F. );
#3300=ORIENTED_EDGE ( 'NONE', *, *, #8233, .T. );
#3301=ORIENTED_EDGE ( 'NONE', *, *, #384, .F. );
#3302=LINE ( 'NONE', #4234, #209 );
#3303=EDGE_CURVE ( 'NONE', #6396, #7445, #1106, .T. );
#3304=CARTESIAN_POINT ( 'NONE',  ( -8.550000000000016700, 0.05000000000000000300, 0.2699999999999968000 ) );
#3305=ORIENTED_EDGE ( 'NONE', *, *, #3784, .F. );
#3306=AXIS2_PLACEMENT_3D ( 'NONE', #5765, #95, #31 );
#3307=ORIENTED_EDGE ( 'NONE', *, *, #8297, .T. );
#3308=ADVANCED_FACE ( 'NONE', ( #2948 ), #233, .T. );
#3309=LINE ( 'NONE', #560, #493 );
#3310=VERTEX_POINT ( 'NONE', #274 );
#3311=LINE ( 'NONE', #7224, #10 );
#3312=ORIENTED_EDGE ( 'NONE', *, *, #119, .T. );
#3313=EDGE_CURVE ( 'NONE', #1936, #9359, #3539, .T. );
#3314=ORIENTED_EDGE ( 'NONE', *, *, #5937, .F. );
#3315=STYLED_ITEM ( 'NONE', ( #77 ), #5122 );
#3316=ORIENTED_EDGE ( 'NONE', *, *, #8864, .F. );
#3317=ORIENTED_EDGE ( 'NONE', *, *, #7432, .T. );
#3318=VERTEX_POINT ( 'NONE', #2216 );
#3319=FACE_OUTER_BOUND ( 'NONE', #9199, .T. );
#3320=VERTEX_POINT ( 'NONE', #4711 );
#3321=DIRECTION ( 'NONE',  ( 1.000000000000000000, 0.0000000000000000000, -1.084202172485504000E-015 ) );
#3322=FACE_OUTER_BOUND ( 'NONE', #7639, .T. );
#3323=ORIENTED_EDGE ( 'NONE', *, *, #2213, .T. );
#3324=ORIENTED_EDGE ( 'NONE', *, *, #1037, .T. );
#3325=CARTESIAN_POINT ( 'NONE',  ( -8.999999999999840100, -1.006230589874914900, 9.529999999999988700 ) );
#3326=EDGE_CURVE ( 'NONE', #5831, #7549, #1541, .T. );
#3327=CIRCLE ( 'NONE', #10807, 0.2749999999999991900 );
#3328=CARTESIAN_POINT ( 'NONE',  ( 6.710000000000003500, -1.006230589874914900, 12.74999999999999800 ) );
#3329=ORIENTED_EDGE ( 'NONE', *, *, #4675, .F. );
#3330=LINE ( 'NONE', #10611, #36 );
#3331=EDGE_LOOP ( 'NONE', ( #6812, #13392, #11792, #4865, #13927, #1528 ) );
#3332=CARTESIAN_POINT ( 'NONE',  ( 9.000000000000079900, 0.8000000000000000400, 2.809999999999995600 ) );
#3333=ADVANCED_FACE ( 'NONE', ( #4317 ), #12430, .T. );
#3334=EDGE_CURVE ( 'NONE', #9195, #9396, #4689, .T. );
#3335=EDGE_CURVE ( 'NONE', #3287, #8617, #13469, .T. );
#3336=ADVANCED_FACE ( 'NONE', ( #11206 ), #3928, .F. );
#3337=CARTESIAN_POINT ( 'NONE',  ( -8.999999999999825900, -1.006230589874914900, 10.79999999999998800 ) );
#3338=ORIENTED_EDGE ( 'NONE', *, *, #1995, .T. );
#3339=ORIENTED_EDGE ( 'NONE', *, *, #8968, .F. );
#3340=ORIENTED_EDGE ( 'NONE', *, *, #690, .T. );
#3341=AXIS2_PLACEMENT_3D ( 'NONE', #8131, #891, #669 );
#3342=CARTESIAN_POINT ( 'NONE',  ( 9.000000000000024900, 0.0000000000000000000, -3.170000000000003900 ) );
#3343=ORIENTED_EDGE ( 'NONE', *, *, #9222, .T. );
#3344=PLANE ( 'NONE',  #5299 );
#3345=ORIENTED_EDGE ( 'NONE', *, *, #12245, .F. );
#3346=CARTESIAN_POINT ( 'NONE',  ( -8.999999999999959100, 0.8000000000000000400, -1.900000000000004100 ) );
#3347=CARTESIAN_POINT ( 'NONE',  ( 8.550000000000169500, 0.05000000000000000300, 9.529999999999995800 ) );
#3348=LINE ( 'NONE', #10809, #577 );
#3349=VERTEX_POINT ( 'NONE', #518 );
#3350=ORIENTED_EDGE ( 'NONE', *, *, #5479, .T. );
#3351=EDGE_LOOP ( 'NONE', ( #9568, #13152, #4885, #10070 ) );
#3352=ORIENTED_EDGE ( 'NONE', *, *, #4206, .T. );
#3353=ADVANCED_FACE ( 'NONE', ( #10874 ), #233, .T. );
#3354=VERTEX_POINT ( 'NONE', #13807 );
#3355=EDGE_CURVE ( 'NONE', #5208, #9721, #2293, .T. );
#3356=CARTESIAN_POINT ( 'NONE',  ( 8.550000000000171200, 0.0000000000000000000, 11.69999999999999800 ) );
#3357=EDGE_LOOP ( 'NONE', ( #962, #14315, #5132, #5041, #6487, #892 ) );
#3358=EDGE_CURVE ( 'NONE', #263, #585, #5, .T. );
#3359=ORIENTED_EDGE ( 'NONE', *, *, #2392, .T. );
#3360=ORIENTED_EDGE ( 'NONE', *, *, #2234, .F. );
#3361=EDGE_CURVE ( 'NONE', #10515, #2605, #14050, .T. );
#3362=EDGE_LOOP ( 'NONE', ( #14319, #8682, #12521, #11523, #12963, #7204 ) );
#3363=ORIENTED_EDGE ( 'NONE', *, *, #4185, .F. );
#3364=CARTESIAN_POINT ( 'NONE',  ( -8.150000000000021700, 0.05000000000000000300, 0.6399999999999955700 ) );
#3365=ORIENTED_EDGE ( 'NONE', *, *, #6656, .F. );
#3366=CARTESIAN_POINT ( 'NONE',  ( -4.600000000000000500, 0.8000000000000000400, -9.899999999999998600 ) );
#3367=VERTEX_POINT ( 'NONE', #7952 );
#3368=LINE ( 'NONE', #12621, #36 );
#3369=ORIENTED_EDGE ( 'NONE', *, *, #13932, .F. );
#3370=CARTESIAN_POINT ( 'NONE',  ( -5.264999999999997900, 0.05000000000000000300, 12.29999999999999700 ) );
#3371=ADVANCED_FACE ( 'NONE', ( #5576 ), #8831, .T. );
#3372=LINE ( 'NONE', #5053, #493 );
#3373=VERTEX_POINT ( 'NONE', #2086 );
#3374=LINE ( 'NONE', #120, #493 );
#3375=ORIENTED_EDGE ( 'NONE', *, *, #415, .F. );
#3376=VERTEX_POINT ( 'NONE', #5698 );
#3377=PLANE ( 'NONE',  #6742 );
#3378=VECTOR ( 'NONE', #23, 1000.000000000000000 );
#3379=ORIENTED_EDGE ( 'NONE', *, *, #9434, .F. );
#3380=FACE_OUTER_BOUND ( 'NONE', #12965, .T. );
#3381=ORIENTED_EDGE ( 'NONE', *, *, #970, .T. );
#3382=EDGE_CURVE ( 'NONE', #10743, #4644, #11519, .T. );
#3383=EDGE_CURVE ( 'NONE', #7625, #12848, #13179, .T. );
#3384=DIRECTION ( 'NONE',  ( -1.927470528863116600E-015, 0.0000000000000000000, -1.000000000000000000 ) );
#3385=EDGE_CURVE ( 'NONE', #7715, #12567, #81, .T. );
#3386=AXIS2_PLACEMENT_3D ( 'NONE', #4826, #234, #885 );
#3387=ORIENTED_EDGE ( 'NONE', *, *, #10858, .T. );
#3388=VERTEX_POINT ( 'NONE', #3276 );
#3389=EDGE_CURVE ( 'NONE', #3444, #709, #7226, .T. );
#3390=FACE_OUTER_BOUND ( 'NONE', #9843, .T. );
#3391=LINE ( 'NONE', #1539, #416 );
#3392=STYLED_ITEM ( 'NONE', ( #77 ), #3605 );
#3393=CARTESIAN_POINT ( 'NONE',  ( 0.0000000000000000000, 0.8000000000000000400, 7.889999999999997900 ) );
#3394=ORIENTED_EDGE ( 'NONE', *, *, #5851, .T. );
#3395=LINE ( 'NONE', #13301, #4 );
#3396=FACE_OUTER_BOUND ( 'NONE', #12883, .T. );
#3397=LINE ( 'NONE', #7709, #327 );
#3398=CARTESIAN_POINT ( 'NONE',  ( -2.449999999999999700, 0.05000000000000000300, 1.509999999999998900 ) );
#3399=VERTEX_POINT ( 'NONE', #7036 );
#3400=VERTEX_POINT ( 'NONE', #1369 );
#3401=CARTESIAN_POINT ( 'NONE',  ( 8.550000000000064700, 0.8000000000000000400, 1.539999999999996300 ) );
#3402=LINE ( 'NONE', #13466, #36 );
#3403=EDGE_CURVE ( 'NONE', #340, #10589, #3721, .T. );
#3404=CARTESIAN_POINT ( 'NONE',  ( 3.995000000000001000, 0.05000000000000000300, 12.29999999999999700 ) );
#3405=ORIENTED_EDGE ( 'NONE', *, *, #3997, .T. );
#3406=EDGE_CURVE ( 'NONE', #4304, #6896, #6879, .T. );
#3407=LINE ( 'NONE', #651, #301 );
#3408=CARTESIAN_POINT ( 'NONE',  ( 7.800000000000000700, 2.999200000000007200, -5.629289321881345600 ) );
#3409=EDGE_CURVE ( 'NONE', #5863, #6309, #6617, .T. );
#3410=LINE ( 'NONE', #11181, #205 );
#3411=CARTESIAN_POINT ( 'NONE',  ( -8.999999999999920100, 0.0000000000000000000, 2.084999999999992900 ) );
#3412=ORIENTED_EDGE ( 'NONE', *, *, #14140, .T. );
#3413=EDGE_CURVE ( 'NONE', #6868, #10452, #4674, .T. );
#3414=ADVANCED_FACE ( 'NONE', ( #5956 ), #49, .F. );
#3415=VERTEX_POINT ( 'NONE', #3398 );
#3416=FACE_OUTER_BOUND ( 'NONE', #11074, .T. );
#3417=MECHANICAL_DESIGN_GEOMETRIC_PRESENTATION_REPRESENTATION (  '', ( #4849 ), #5817 );
#3418=CARTESIAN_POINT ( 'NONE',  ( -2.354999999999999500, 0.8000000000000000400, 0.0000000000000000000 ) );
#3419=ADVANCED_FACE ( 'NONE', ( #1946 ), #7624, .F. );
#3420=CARTESIAN_POINT ( 'NONE',  ( 7.749200000000001900, 3.049999999999999800, -5.629289321881345600 ) );
#3421=PLANE ( 'NONE',  #4479 );
#3422=ORIENTED_EDGE ( 'NONE', *, *, #13983, .T. );
#3423=CARTESIAN_POINT ( 'NONE',  ( -8.999999999999840100, 0.0000000000000000000, 9.704999999999989400 ) );
#3424=LINE ( 'NONE', #2950, #36 );
#3425=CARTESIAN_POINT ( 'NONE',  ( -8.150000000000016300, 0.05000000000000000300, -0.6300000000000046700 ) );
#3426=LINE ( 'NONE', #13031, #209 );
#3427=VERTEX_POINT ( 'NONE', #4825 );
#3428=VERTEX_POINT ( 'NONE', #2827 );
#3429=ORIENTED_EDGE ( 'NONE', *, *, #14166, .T. );
#3430=LINE ( 'NONE', #13753, #327 );
#3431=ORIENTED_EDGE ( 'NONE', *, *, #6504, .T. );
#3432=ORIENTED_EDGE ( 'NONE', *, *, #13889, .T. );
#3433=EDGE_CURVE ( 'NONE', #12857, #2769, #9755, .T. );
#3434=FACE_OUTER_BOUND ( 'NONE', #10951, .T. );
#3435=VERTEX_POINT ( 'NONE', #159 );
#3436=ORIENTED_EDGE ( 'NONE', *, *, #14437, .F. );
#3437=CARTESIAN_POINT ( 'NONE',  ( -8.549999999999824900, 0.8000000000000000400, 0.0000000000000000000 ) );
#3438=ADVANCED_FACE ( 'NONE', ( #12732 ), #233, .T. );
#3439=LINE ( 'NONE', #14059, #184 );
#3440=CARTESIAN_POINT ( 'NONE',  ( 8.000000000000000000, 30.15163842104813000, 11.69999999999999800 ) );
#3441=PLANE ( 'NONE',  #2924 );
#3442=CARTESIAN_POINT ( 'NONE',  ( -8.999999999999976900, -1.006230589874914900, 1.089999999999993000 ) );
#3443=VERTEX_POINT ( 'NONE', #5194 );
#3444=VERTEX_POINT ( 'NONE', #6441 );
#3445=EDGE_LOOP ( 'NONE', ( #10685, #5735, #428, #12657, #8134, #8934 ) );
#3446=CARTESIAN_POINT ( 'NONE',  ( 8.150000000000170900, 0.05000000000000000300, 3.179999999999995300 ) );
#3447=EDGE_LOOP ( 'NONE', ( #656, #4735, #2832, #14117 ) );
#3448=EDGE_LOOP ( 'NONE', ( #7609, #12956, #5173, #6335, #13741, #7354 ) );
#3449=VERTEX_POINT ( 'NONE', #56 );
#3450=ORIENTED_EDGE ( 'NONE', *, *, #1416, .F. );
#3451=LINE ( 'NONE', #9656, #209 );
#3452=LINE ( 'NONE', #321, #4 );
#3453=EDGE_CURVE ( 'NONE', #13894, #3610, #3330, .T. );
#3454=EDGE_CURVE ( 'NONE', #1817, #7880, #6885, .T. );
#3455=ADVANCED_FACE ( 'NONE', ( #11034 ), #3597, .F. );
#3456=ORIENTED_EDGE ( 'NONE', *, *, #10761, .F. );
#3457=EDGE_CURVE ( 'NONE', #371, #7309, #13905, .T. );
#3458=ORIENTED_EDGE ( 'NONE', *, *, #10722, .T. );
#3459=LINE ( 'NONE', #1587, #493 );
#3460=( GEOMETRIC_REPRESENTATION_CONTEXT ( 3 ) GLOBAL_UNCERTAINTY_ASSIGNED_CONTEXT ( ( #178 ) ) GLOBAL_UNIT_ASSIGNED_CONTEXT ( ( #7, #195, #16 ) ) REPRESENTATION_CONTEXT ( 'NONE', 'WORKASPACE' ) );
#3461=ORIENTED_EDGE ( 'NONE', *, *, #11221, .F. );
#3462=ORIENTED_EDGE ( 'NONE', *, *, #6656, .T. );
#3463=ORIENTED_EDGE ( 'NONE', *, *, #10184, .F. );
#3464=ORIENTED_EDGE ( 'NONE', *, *, #12010, .T. );
#3465=CARTESIAN_POINT ( 'NONE',  ( -9.000000000000000000, 0.8000000000000000400, -4.810000000000004100 ) );
#3466=CYLINDRICAL_SURFACE ( 'NONE', #10844, 0.05080000000000015100 );
#3467=LINE ( 'NONE', #5883, #36 );
#3468=ORIENTED_EDGE ( 'NONE', *, *, #8843, .T. );
#3469=CARTESIAN_POINT ( 'NONE',  ( 5.265000000000001500, 0.8000000000000000400, 12.29999999999999700 ) );
#3470=CARTESIAN_POINT ( 'NONE',  ( 8.550000000000118000, -1.006230589874914900, 5.719999999999996200 ) );
#3471=PLANE ( 'NONE',  #4484 );
#3472=LINE ( 'NONE', #11602, #184 );
#3473=ORIENTED_EDGE ( 'NONE', *, *, #7756, .T. );
#3474=LINE ( 'NONE', #3510, #209 );
#3475=EDGE_CURVE ( 'NONE', #8307, #2447, #8078, .T. );
#3476=EDGE_CURVE ( 'NONE', #3836, #10383, #405, .T. );
#3477=LINE ( 'NONE', #1206, #45 );
#3478=EDGE_CURVE ( 'NONE', #7907, #11108, #5751, .T. );
#3479=ORIENTED_EDGE ( 'NONE', *, *, #13828, .T. );
#3480=EDGE_CURVE ( 'NONE', #2277, #9531, #4121, .T. );
#3481=EDGE_LOOP ( 'NONE', ( #12332, #2912, #1965, #11666 ) );
#3482=CARTESIAN_POINT ( 'NONE',  ( 8.150000000000170900, 0.0000000000000000000, -3.540000000000003100 ) );
#3483=LINE ( 'NONE', #622, #205 );
#3484=ORIENTED_EDGE ( 'NONE', *, *, #5500, .F. );
#3485=LINE ( 'NONE', #10358, #184 );
#3486=ORIENTED_EDGE ( 'NONE', *, *, #5040, .T. );
#3487=FACE_OUTER_BOUND ( 'NONE', #6438, .T. );
#3488=VERTEX_POINT ( 'NONE', #977 );
#3489=ORIENTED_EDGE ( 'NONE', *, *, #6145, .F. );
#3490=ORIENTED_EDGE ( 'NONE', *, *, #3908, .F. );
#3491=ADVANCED_FACE ( 'NONE', ( #5393 ), #685, .T. );
#3492=ORIENTED_EDGE ( 'NONE', *, *, #10835, .F. );
#3493=VERTEX_POINT ( 'NONE', #4115 );
#3494=ADVANCED_FACE ( 'NONE', ( #212 ), #685, .T. );
#3495=CARTESIAN_POINT ( 'NONE',  ( 2.355000000000002200, -1.006230589874914900, 0.0000000000000000000 ) );
#3496=LINE ( 'NONE', #7224, #493 );
#3497=VERTEX_POINT ( 'NONE', #271 );
#3498=EDGE_CURVE ( 'NONE', #3354, #6720, #8142, .T. );
#3499=CARTESIAN_POINT ( 'NONE',  ( -9.000000000000000000, -1.006230589874914900, -4.985000000000000300 ) );
#3500=CARTESIAN_POINT ( 'NONE',  ( 9.000000000000092400, 0.8000000000000000400, -0.0000000000000000000 ) );
#3501=ORIENTED_EDGE ( 'NONE', *, *, #10160, .T. );
#3502=EDGE_CURVE ( 'NONE', #7110, #14200, #6218, .T. );
#3503=LINE ( 'NONE', #4354, #110 );
#3504=LINE ( 'NONE', #1289, #209 );
#3505=EDGE_LOOP ( 'NONE', ( #12305, #198, #3652, #1504, #12648, #4897 ) );
#3506=ORIENTED_EDGE ( 'NONE', *, *, #4837, .F. );
#3507=CARTESIAN_POINT ( 'NONE',  ( -9.000000000000000000, -1.006230589874914900, -5.710000000000005300 ) );
#3508=CARTESIAN_POINT ( 'NONE',  ( 8.150000000000170900, 0.05000000000000000300, -3.170000000000004800 ) );
#3509=ORIENTED_EDGE ( 'NONE', *, *, #11892, .T. );
#3510=CARTESIAN_POINT ( 'NONE',  ( 9.000000000000053300, 0.0000000000000000000, -0.6300000000000037800 ) );
#3511=VERTEX_POINT ( 'NONE', #6706 );
#3512=EDGE_LOOP ( 'NONE', ( #6748, #12397, #9630, #5127 ) );
#3513=EDGE_LOOP ( 'NONE', ( #556, #7705, #8386, #1730 ) );
#3514=ORIENTED_EDGE ( 'NONE', *, *, #3953, .F. );
#3515=AXIS2_PLACEMENT_3D ( 'NONE', #729, #19, #135 );
#3516=ORIENTED_EDGE ( 'NONE', *, *, #332, .F. );
#3517=CARTESIAN_POINT ( 'NONE',  ( -3.350000000000001400, 0.05000000000000000300, 1.509999999999991300 ) );
#3518=ADVANCED_FACE ( 'NONE', ( #5039 ), #3050, .T. );
#3519=LINE ( 'NONE', #3136, #110 );
#3520=ORIENTED_EDGE ( 'NONE', *, *, #3260, .T. );
#3521=CARTESIAN_POINT ( 'NONE',  ( 2.599999999999999600, 0.8000000000000000400, -11.44999999999999900 ) );
#3522=LINE ( 'NONE', #12948, #327 );
#3523=ORIENTED_EDGE ( 'NONE', *, *, #2434, .F. );
#3524=EDGE_LOOP ( 'NONE', ( #12805, #5330, #7966, #10302, #5168, #8011 ) );
#3525=CARTESIAN_POINT ( 'NONE',  ( 7.435000000000003200, 0.05000000000000000300, 11.90000000000017100 ) );
#3526=CARTESIAN_POINT ( 'NONE',  ( -1.084999999999999100, -1.006230589874914900, 0.0000000000000000000 ) );
#3527=ORIENTED_EDGE ( 'NONE', *, *, #9655, .F. );
#3528=EDGE_CURVE ( 'NONE', #3622, #183, #12440, .T. );
#3529=CARTESIAN_POINT ( 'NONE',  ( -7.000000000000000900, 0.8000000000000000400, -11.44999999999999900 ) );
#3530=CARTESIAN_POINT ( 'NONE',  ( -8.999999999999854300, 0.8000000000000000400, 0.0000000000000000000 ) );
#3531=DIRECTION ( 'NONE',  ( 1.000000000000000000, -0.0000000000000000000, 9.637352644315598700E-016 ) );
#3532=VERTEX_POINT ( 'NONE', #2861 );
#3533=PRESENTATION_LAYER_ASSIGNMENT (  '', '', ( #2678 ) );
#3534=EDGE_CURVE ( 'NONE', #2559, #9425, #14334, .T. );
#3535=LINE ( 'NONE', #1503, #5004 );
#3536=ORIENTED_EDGE ( 'NONE', *, *, #6152, .T. );
#3537=MECHANICAL_DESIGN_GEOMETRIC_PRESENTATION_REPRESENTATION (  '', ( #10319 ), #11195 );
#3538=ADVANCED_FACE ( 'NONE', ( #6136 ), #1632, .F. );
#3539=LINE ( 'NONE', #5535, #184 );
#3540=VERTEX_POINT ( 'NONE', #4016 );
#3541=CARTESIAN_POINT ( 'NONE',  ( 0.9100000000000007000, 0.0000000000000000000, 12.74999999999999800 ) );
#3542=ORIENTED_EDGE ( 'NONE', *, *, #11224, .T. );
#3543=ORIENTED_EDGE ( 'NONE', *, *, #6281, .T. );
#3544=CARTESIAN_POINT ( 'NONE',  ( -9.000000000000000000, -1.006230589874914900, -5.535000000000008100 ) );
#3545=EDGE_LOOP ( 'NONE', ( #4128, #6496, #2299, #7463 ) );
#3546=FACE_OUTER_BOUND ( 'NONE', #6612, .T. );
#3547=CLOSED_SHELL ( 'NONE', ( #10966, #13277, #5072, #9361, #1143, #2942, #14451, #9009, #6219, #5242 ) );
#3548=CARTESIAN_POINT ( 'NONE',  ( 8.550000000000118000, 0.05000000000000000300, 5.719999999999996200 ) );
#3549=CARTESIAN_POINT ( 'NONE',  ( -8.549999999999904800, -1.006230589874914900, 0.0000000000000000000 ) );
#3550=CARTESIAN_POINT ( 'NONE',  ( 8.550000000000064700, -1.006230589874914900, 1.539999999999996300 ) );
#3551=EDGE_CURVE ( 'NONE', #13146, #11468, #2738, .T. );
#3552=VERTEX_POINT ( 'NONE', #1453 );
#3553=EDGE_CURVE ( 'NONE', #6826, #13885, #11742, .T. );
#3554=ORIENTED_EDGE ( 'NONE', *, *, #2140, .T. );
#3555=VERTEX_POINT ( 'NONE', #4070 );
#3556=ORIENTED_EDGE ( 'NONE', *, *, #10722, .F. );
#3557=VERTEX_POINT ( 'NONE', #221 );
#3558=LINE ( 'NONE', #4583, #184 );
#3559=EDGE_LOOP ( 'NONE', ( #4303, #5620, #114, #1154, #8602, #10573, #4986, #4513, #10022, #3363, #1074, #1769, #9688, #11856, #6859, #372, #3924, #4720, #4218, #2978, #1023, #8179, #6748, #13866, #3237, #3876, #9538, #9302 ) );
#3560=ORIENTED_EDGE ( 'NONE', *, *, #6075, .F. );
#3561=LINE ( 'NONE', #2522, #205 );
#3562=CARTESIAN_POINT ( 'NONE',  ( 0.3600000000000014300, 0.8000000000000000400, 12.74999999999999800 ) );
#3563=ORIENTED_EDGE ( 'NONE', *, *, #8663, .F. );
#3564=ORIENTED_EDGE ( 'NONE', *, *, #13265, .F. );
#3565=ORIENTED_EDGE ( 'NONE', *, *, #14213, .T. );
#3566=ORIENTED_EDGE ( 'NONE', *, *, #2371, .T. );
#3567=LINE ( 'NONE', #4783, #209 );
#3568=FACE_OUTER_BOUND ( 'NONE', #11777, .T. );
#3569=ORIENTED_EDGE ( 'NONE', *, *, #4753, .F. );
#3570=CARTESIAN_POINT ( 'NONE',  ( -3.000000000000000900, 0.8000000000000000400, -9.899999999999998600 ) );
#3571=VERTEX_POINT ( 'NONE', #3508 );
#3572=EDGE_CURVE ( 'NONE', #10735, #3497, #2911, .T. );
#3573=EDGE_CURVE ( 'NONE', #10123, #354, #12585, .T. );
#3574=LINE ( 'NONE', #1082, #493 );
#3575=CARTESIAN_POINT ( 'NONE',  ( 8.550000000000158800, -1.006230589874914900, 0.0000000000000000000 ) );
#3576=ADVANCED_FACE ( 'NONE', ( #639 ), #7744, .T. );
#3577=EDGE_CURVE ( 'NONE', #6629, #6153, #9913, .T. );
#3578=AXIS2_PLACEMENT_3D ( 'NONE', #4652, #5171, #1025 );
#3579=ORIENTED_EDGE ( 'NONE', *, *, #6456, .T. );
#3580=ADVANCED_FACE ( 'NONE', ( #10226 ), #11358, .F. );
#3581=ORIENTED_EDGE ( 'NONE', *, *, #5802, .F. );
#3582=LINE ( 'NONE', #660, #649 );
#3583=CARTESIAN_POINT ( 'NONE',  ( 9.000000000000053300, 0.8000000000000000400, -0.0000000000000000000 ) );
#3584=LINE ( 'NONE', #1173, #8965 );
#3585=VERTEX_POINT ( 'NONE', #2685 );
#3586=ORIENTED_EDGE ( 'NONE', *, *, #63, .T. );
#3587=CARTESIAN_POINT ( 'NONE',  ( 6.710000000000003500, 0.0000000000000000000, 12.74999999999999800 ) );
#3588=VERTEX_POINT ( 'NONE', #473 );
#3589=LINE ( 'NONE', #1171, #4 );
#3590=EDGE_CURVE ( 'NONE', #2837, #6086, #1306, .T. );
#3591=EDGE_CURVE ( 'NONE', #10487, #3732, #9251, .T. );
#3592=PLANE ( 'NONE',  #7304 );
#3593=LINE ( 'NONE', #4472, #493 );
#3594=EDGE_CURVE ( 'NONE', #4805, #1492, #4301, .T. );
#3595=ADVANCED_FACE ( 'NONE', ( #4104 ), #13, .T. );
#3596=EDGE_CURVE ( 'NONE', #7023, #13723, #12117, .T. );
#3597=PLANE ( 'NONE',  #4004 );
#3598=LINE ( 'NONE', #134, #493 );
#3599=AXIS2_PLACEMENT_3D ( 'NONE', #1515, #575, #19 );
#3600=ORIENTED_EDGE ( 'NONE', *, *, #10198, .T. );
#3601=VERTEX_POINT ( 'NONE', #3946 );
#3602=FACE_OUTER_BOUND ( 'NONE', #8566, .T. );
#3603=EDGE_LOOP ( 'NONE', ( #4988, #9395, #2944, #10579 ) );
#3604=LINE ( 'NONE', #331, #4 );
#3605=MANIFOLD_SOLID_BREP ( 'Boss-Extrude5[13]', #14368 );
#3606=PLANE ( 'NONE',  #4964 );
#3607=LINE ( 'NONE', #333, #45 );
#3608=ADVANCED_FACE ( 'NONE', ( #8255 ), #1556, .F. );
#3609=FACE_OUTER_BOUND ( 'NONE', #12737, .T. );
#3610=VERTEX_POINT ( 'NONE', #10208 );
#3611=EDGE_CURVE ( 'NONE', #3253, #13969, #12881, .T. );
#3612=VERTEX_POINT ( 'NONE', #5794 );
#3613=EDGE_CURVE ( 'NONE', #340, #12369, #7047, .T. );
#3614=CARTESIAN_POINT ( 'NONE',  ( -8.150000000000003900, -0.0000000000000000000, -4.440000000000004800 ) );
#3615=CARTESIAN_POINT ( 'NONE',  ( 9.000000000000039100, 0.8000000000000000400, -1.725000000000096700 ) );
#3616=EDGE_CURVE ( 'NONE', #5113, #2660, #188, .T. );
#3617=ORIENTED_EDGE ( 'NONE', *, *, #5650, .T. );
#3618=ORIENTED_EDGE ( 'NONE', *, *, #4133, .T. );
#3619=CARTESIAN_POINT ( 'NONE',  ( -8.550000000000032700, 0.05000000000000000300, 4.449999999999995700 ) );
#3620=LINE ( 'NONE', #3583, #184 );
#3621=EDGE_CURVE ( 'NONE', #7718, #7528, #13315, .T. );
#3622=VERTEX_POINT ( 'NONE', #956 );
#3623=ORIENTED_EDGE ( 'NONE', *, *, #6525, .T. );
#3624=AXIS2_PLACEMENT_3D ( 'NONE', #440, #14391, #1638 );
#3625=CARTESIAN_POINT ( 'NONE',  ( -8.999999999999920100, 0.8000000000000000400, 1.909999999999995900 ) );
#3626=ORIENTED_EDGE ( 'NONE', *, *, #2768, .T. );
#3627=PLANE ( 'NONE',  #13893 );
#3628=ORIENTED_EDGE ( 'NONE', *, *, #8857, .T. );
#3629=CARTESIAN_POINT ( 'NONE',  ( -8.999999999999920100, 0.8000000000000000400, 2.809999999999995600 ) );
#3630=CARTESIAN_POINT ( 'NONE',  ( 3.175000000000001600, 0.8000000000000000400, 12.74999999999999800 ) );
#3631=CARTESIAN_POINT ( 'NONE',  ( 0.0000000000000000000, 0.8000000000000000400, 3.179999999999995300 ) );
#3632=VERTEX_POINT ( 'NONE', #11385 );
#3633=EDGE_CURVE ( 'NONE', #11057, #4072, #6117, .T. );
#3634=ORIENTED_EDGE ( 'NONE', *, *, #13168, .T. );
#3635=ORIENTED_EDGE ( 'NONE', *, *, #12370, .F. );
#3636=CARTESIAN_POINT ( 'NONE',  ( 9.000000000000119000, -1.006230589874914900, 5.894999999999717100 ) );
#3637=LINE ( 'NONE', #7901, #184 );
#3638=EDGE_CURVE ( 'NONE', #3096, #5419, #3913, .T. );
#3639=LINE ( 'NONE', #5952, #229 );
#3640=ORIENTED_EDGE ( 'NONE', *, *, #14331, .T. );
#3641=LINE ( 'NONE', #533, #45 );
#3642=ORIENTED_EDGE ( 'NONE', *, *, #11774, .T. );
#3643=ORIENTED_EDGE ( 'NONE', *, *, #11819, .T. );
#3644=ORIENTED_EDGE ( 'NONE', *, *, #6592, .T. );
#3645=CARTESIAN_POINT ( 'NONE',  ( -8.999999999999944900, -1.006230589874914900, -0.6300000000000073300 ) );
#3646=ORIENTED_EDGE ( 'NONE', *, *, #2564, .T. );
#3647=ORIENTED_EDGE ( 'NONE', *, *, #9056, .F. );
#3648=AXIS2_PLACEMENT_3D ( 'NONE', #5395, #15, #575 );
#3649=ADVANCED_FACE ( 'NONE', ( #12272 ), #233, .T. );
#3650=ADVANCED_FACE ( 'NONE', ( #7400 ), #6058, .F. );
#3651=CARTESIAN_POINT ( 'NONE',  ( 8.550000000000013100, -1.006230589874914900, -4.440000000000004800 ) );
#3652=ORIENTED_EDGE ( 'NONE', *, *, #3799, .F. );
#3653=LINE ( 'NONE', #13246, #36 );
#3654=FACE_OUTER_BOUND ( 'NONE', #8880, .T. );
#3655=CARTESIAN_POINT ( 'NONE',  ( 9.000000000000079900, -1.006230589874914900, 2.084999999999810300 ) );
#3656=VERTEX_POINT ( 'NONE', #2840 );
#3657=ORIENTED_EDGE ( 'NONE', *, *, #5961, .F. );
#3658=AXIS2_PLACEMENT_3D ( 'NONE', #9620, #214, #5218 );
#3659=ORIENTED_EDGE ( 'NONE', *, *, #151, .T. );
#3660=EDGE_CURVE ( 'NONE', #10651, #4049, #871, .T. );
#3661=VERTEX_POINT ( 'NONE', #7735 );
#3662=EDGE_CURVE ( 'NONE', #2088, #12187, #7908, .T. );
#3663=CARTESIAN_POINT ( 'NONE',  ( 6.165000000000002700, 0.0000000000000000000, 11.90000000000017100 ) );
#3664=FACE_OUTER_BOUND ( 'NONE', #8341, .T. );
#3665=LINE ( 'NONE', #2144, #493 );
#3666=EDGE_CURVE ( 'NONE', #5917, #5504, #3709, .T. );
#3667=AXIS2_PLACEMENT_3D ( 'NONE', #12434, #21, #31 );
#3668=ORIENTED_EDGE ( 'NONE', *, *, #3621, .T. );
#3669=LINE ( 'NONE', #4684, #209 );
#3670=ADVANCED_FACE ( 'NONE', ( #6674 ), #352, .F. );
#3671=VERTEX_POINT ( 'NONE', #6445 );
#3672=ORIENTED_EDGE ( 'NONE', *, *, #13307, .T. );
#3673=VERTEX_POINT ( 'NONE', #13868 );
#3674=ORIENTED_EDGE ( 'NONE', *, *, #12062, .F. );
#3675=ORIENTED_EDGE ( 'NONE', *, *, #3502, .F. );
#3676=CARTESIAN_POINT ( 'NONE',  ( -7.434999999999999600, 0.8000000000000000400, 12.74999999999999800 ) );
#3677=ORIENTED_EDGE ( 'NONE', *, *, #12859, .T. );
#3678=ORIENTED_EDGE ( 'NONE', *, *, #9100, .T. );
#3679=ORIENTED_EDGE ( 'NONE', *, *, #8164, .T. );
#3680=CARTESIAN_POINT ( 'NONE',  ( 1.630000000000001200, -1.006230589874914900, 12.74999999999999800 ) );
#3681=FACE_OUTER_BOUND ( 'NONE', #875, .T. );
#3682=CARTESIAN_POINT ( 'NONE',  ( 8.000000000000000000, 2.999200000000000500, 11.42928932188134200 ) );
#3683=DIRECTION ( 'NONE',  ( -1.000000000000000000, 0.0000000000000000000, -9.637352644315588800E-016 ) );
#3684=CARTESIAN_POINT ( 'NONE',  ( 8.550000000000118000, 0.8000000000000000400, 5.719999999999996200 ) );
#3685=EDGE_CURVE ( 'NONE', #1477, #7528, #12426, .T. );
#3686=EDGE_CURVE ( 'NONE', #901, #9725, #9587, .T. );
#3687=EDGE_LOOP ( 'NONE', ( #10627, #3271, #11115, #1340 ) );
#3688=CARTESIAN_POINT ( 'NONE',  ( -8.999999999999840100, -1.006230589874914900, 9.704999999999989400 ) );
#3689=EDGE_CURVE ( 'NONE', #7919, #13582, #11979, .T. );
#3690=AXIS2_PLACEMENT_3D ( 'NONE', #6889, #19, #135 );
#3691=LINE ( 'NONE', #1453, #493 );
#3692=ORIENTED_EDGE ( 'NONE', *, *, #5572, .F. );
#3693=EDGE_CURVE ( 'NONE', #12848, #3488, #7382, .T. );
#3694=AXIS2_PLACEMENT_3D ( 'NONE', #507, #95, #31 );
#3695=LINE ( 'NONE', #1576, #577 );
#3696=ORIENTED_EDGE ( 'NONE', *, *, #4607, .T. );
#3697=ORIENTED_EDGE ( 'NONE', *, *, #4787, .F. );
#3698=ADVANCED_FACE ( 'NONE', ( #406 ), #7619, .F. );
#3699=AXIS2_PLACEMENT_3D ( 'NONE', #11786, #95, #31 );
#3700=ORIENTED_EDGE ( 'NONE', *, *, #5158, .F. );
#3701=ORIENTED_EDGE ( 'NONE', *, *, #5200, .F. );
#3702=VERTEX_POINT ( 'NONE', #12016 );
#3703=LINE ( 'NONE', #1948, #209 );
#3704=FACE_OUTER_BOUND ( 'NONE', #11163, .T. );
#3705=VERTEX_POINT ( 'NONE', #1047 );
#3706=ORIENTED_EDGE ( 'NONE', *, *, #10775, .F. );
#3707=VERTEX_POINT ( 'NONE', #378 );
#3708=LINE ( 'NONE', #2815, #45 );
#3709=LINE ( 'NONE', #596, #493 );
#3710=ORIENTED_EDGE ( 'NONE', *, *, #13102, .F. );
#3711=EDGE_CURVE ( 'NONE', #4332, #958, #8731, .T. );
#3712=VERTEX_POINT ( 'NONE', #2647 );
#3713=VERTEX_POINT ( 'NONE', #5771 );
#3714=ORIENTED_EDGE ( 'NONE', *, *, #2552, .F. );
#3715=EDGE_CURVE ( 'NONE', #2466, #1191, #7535, .T. );
#3716=FACE_BOUND ( 'NONE', #2810, .T. );
#3717=EDGE_LOOP ( 'NONE', ( #10557, #8246, #4283, #12954, #7767, #398 ) );
#3718=ORIENTED_EDGE ( 'NONE', *, *, #2919, .T. );
#3719=AXIS2_PLACEMENT_3D ( 'NONE', #3208, #19, #135 );
#3720=VERTEX_POINT ( 'NONE', #660 );
#3721=LINE ( 'NONE', #224, #205 );
#3722=EDGE_CURVE ( 'NONE', #2384, #7048, #3886, .T. );
#3723=ORIENTED_EDGE ( 'NONE', *, *, #4381, .T. );
#3724=CARTESIAN_POINT ( 'NONE',  ( 6.165000000000002700, 0.0000000000000000000, 12.74999999999999800 ) );
#3725=ORIENTED_EDGE ( 'NONE', *, *, #11416, .T. );
#3726=DIRECTION ( 'NONE',  ( -1.000000000000000000, 0.0000000000000000000, 9.637352644315533600E-016 ) );
#3727=ORIENTED_EDGE ( 'NONE', *, *, #13498, .F. );
#3728=ORIENTED_EDGE ( 'NONE', *, *, #5873, .F. );
#3729=LINE ( 'NONE', #8504, #36 );
#3730=ORIENTED_EDGE ( 'NONE', *, *, #14143, .F. );
#3731=ADVANCED_FACE ( 'NONE', ( #5731 ), #49, .F. );
#3732=VERTEX_POINT ( 'NONE', #3262 );
#3733=ADVANCED_FACE ( 'NONE', ( #8573 ), #233, .T. );
#3734=EDGE_LOOP ( 'NONE', ( #536, #6666, #9847, #2952, #9122, #12258 ) );
#3735=LINE ( 'NONE', #2996, #10 );
#3736=ORIENTED_EDGE ( 'NONE', *, *, #768, .F. );
#3737=EDGE_CURVE ( 'NONE', #9262, #2939, #6661, .T. );
#3738=VERTEX_POINT ( 'NONE', #9021 );
#3739=PLANE ( 'NONE',  #6505 );
#3740=ORIENTED_EDGE ( 'NONE', *, *, #9306, .T. );
#3741=ORIENTED_EDGE ( 'NONE', *, *, #7658, .F. );
#3742=ORIENTED_EDGE ( 'NONE', *, *, #12390, .T. );
#3743=EDGE_CURVE ( 'NONE', #748, #2483, #6789, .T. );
#3744=FACE_OUTER_BOUND ( 'NONE', #11804, .T. );
#3745=ORIENTED_EDGE ( 'NONE', *, *, #10763, .T. );
#3746=AXIS2_PLACEMENT_3D ( 'NONE', #5884, #215, #15 );
#3747=LINE ( 'NONE', #2253, #493 );
#3748=FACE_OUTER_BOUND ( 'NONE', #8760, .T. );
#3749=ORIENTED_EDGE ( 'NONE', *, *, #9693, .T. );
#3750=VERTEX_POINT ( 'NONE', #3587 );
#3751=FACE_OUTER_BOUND ( 'NONE', #2579, .T. );
#3752=VERTEX_POINT ( 'NONE', #992 );
#3753=LINE ( 'NONE', #6814, #36 );
#3754=CARTESIAN_POINT ( 'NONE',  ( 0.0000000000000000000, 0.0000000000000000000, 5.719999999999996200 ) );
#3755=CARTESIAN_POINT ( 'NONE',  ( -8.999999999999996400, -1.006230589874914900, -4.265000000000005000 ) );
#3756=ADVANCED_FACE ( 'NONE', ( #14038 ), #2655, .F. );
#3757=VERTEX_POINT ( 'NONE', #4031 );
#3758=LINE ( 'NONE', #4136, #209 );
#3759=CARTESIAN_POINT ( 'NONE',  ( -8.999999999999959100, 0.8000000000000000400, -1.175000000000006300 ) );
#3760=LINE ( 'NONE', #2498, #327 );
#3761=EDGE_CURVE ( 'NONE', #2499, #12154, #3504, .T. );
#3762=ORIENTED_EDGE ( 'NONE', *, *, #419, .F. );
#3763=EDGE_CURVE ( 'NONE', #9956, #5147, #1910, .T. );
#3764=EDGE_LOOP ( 'NONE', ( #686, #9521, #1625, #9877 ) );
#3765=VECTOR ( 'NONE', #1627, 1000.000000000000000 );
#3766=ORIENTED_EDGE ( 'NONE', *, *, #12247, .F. );
#3767=VERTEX_POINT ( 'NONE', #3133 );
#3768=EDGE_CURVE ( 'NONE', #4873, #1451, #4842, .T. );
#3769=AXIS2_PLACEMENT_3D ( 'NONE', #9656, #891, #669 );
#3770=ORIENTED_EDGE ( 'NONE', *, *, #2392, .F. );
#3771=LINE ( 'NONE', #2854, #209 );
#3772=ORIENTED_EDGE ( 'NONE', *, *, #4442, .T. );
#3773=FACE_OUTER_BOUND ( 'NONE', #3991, .T. );
#3774=ADVANCED_FACE ( 'NONE', ( #14461 ), #49, .F. );
#3775=ORIENTED_EDGE ( 'NONE', *, *, #2215, .T. );
#3776=LINE ( 'NONE', #2984, #184 );
#3777=CARTESIAN_POINT ( 'NONE',  ( 7.435000000000003200, 0.8000000000000000400, -0.0000000000000000000 ) );
#3778=CARTESIAN_POINT ( 'NONE',  ( -5.989999999999996700, 0.8000000000000000400, 12.74999999999999800 ) );
#3779=EDGE_CURVE ( 'NONE', #11998, #9223, #1061, .T. );
#3780=EDGE_CURVE ( 'NONE', #9425, #5063, #509, .T. );
#3781=EDGE_CURVE ( 'NONE', #9262, #2939, #9901, .T. );
#3782=AXIS2_PLACEMENT_3D ( 'NONE', #1006, #250, #31 );
#3783=ORIENTED_EDGE ( 'NONE', *, *, #12483, .T. );
#3784=EDGE_CURVE ( 'NONE', #5419, #3096, #7031, .T. );
#3785=AXIS2_PLACEMENT_3D ( 'NONE', #2435, #214, #12313 );
#3786=DIRECTION ( 'NONE',  ( 9.637352644315588800E-016, -0.0000000000000000000, -1.000000000000000000 ) );
#3787=ORIENTED_EDGE ( 'NONE', *, *, #7741, .T. );
#3788=CARTESIAN_POINT ( 'NONE',  ( 1.085000000000001700, 0.0000000000000000000, 12.74999999999999800 ) );
#3789=FACE_OUTER_BOUND ( 'NONE', #13633, .T. );
#3790=FACE_OUTER_BOUND ( 'NONE', #1205, .T. );
#3791=VERTEX_POINT ( 'NONE', #4413 );
#3792=VERTEX_POINT ( 'NONE', #1751 );
#3793=EDGE_CURVE ( 'NONE', #5474, #11497, #13441, .T. );
#3794=CARTESIAN_POINT ( 'NONE',  ( -5.999999999999999100, 3.049999999999999800, 9.999999999999998200 ) );
#3795=ORIENTED_EDGE ( 'NONE', *, *, #11024, .F. );
#3796=EDGE_CURVE ( 'NONE', #12253, #6903, #2117, .T. );
#3797=CARTESIAN_POINT ( 'NONE',  ( 9.000000000000104800, 0.8000000000000000400, 4.449999999999996600 ) );
#3798=LINE ( 'NONE', #2141, #10 );
#3799=EDGE_CURVE ( 'NONE', #376, #5915, #9233, .T. );
#3800=LINE ( 'NONE', #296, #493 );
#3801=ORIENTED_EDGE ( 'NONE', *, *, #24, .F. );
#3802=ADVANCED_FACE ( 'NONE', ( #2318 ), #3344, .T. );
#3803=PLANE ( 'NONE',  #10266 );
#3804=ORIENTED_EDGE ( 'NONE', *, *, #3590, .F. );
#3805=VERTEX_POINT ( 'NONE', #9105 );
#3806=CIRCLE ( 'NONE', #13733, 0.2749999999999991900 );
#3807=ADVANCED_FACE ( 'NONE', ( #1723 ), #8806, .F. );
#3808=VERTEX_POINT ( 'NONE', #3862 );
#3809=AXIS2_PLACEMENT_3D ( 'NONE', #441, #31, #891 );
#3810=ORIENTED_EDGE ( 'NONE', *, *, #6919, .T. );
#3811=LINE ( 'NONE', #1454, #1319 );
#3812=CARTESIAN_POINT ( 'NONE',  ( 9.000000000000104800, -1.006230589874914900, 4.624999999999751300 ) );
#3813=ORIENTED_EDGE ( 'NONE', *, *, #794, .F. );
#3814=CARTESIAN_POINT ( 'NONE',  ( 8.550000000000038000, 0.8000000000000000400, -1.900000000000005000 ) );
#3815=ORIENTED_EDGE ( 'NONE', *, *, #9777, .F. );
#3816=CARTESIAN_POINT ( 'NONE',  ( -6.534999999999998400, 0.0000000000000000000, 12.74999999999999800 ) );
#3817=FACE_OUTER_BOUND ( 'NONE', #1473, .T. );
#3818=CARTESIAN_POINT ( 'NONE',  ( 2.725000000000001000, 0.8000000000000000400, 12.74999999999999800 ) );
#3819=EDGE_CURVE ( 'NONE', #7665, #3497, #732, .T. );
#3820=ORIENTED_EDGE ( 'NONE', *, *, #11953, .T. );
#3821=LINE ( 'NONE', #8058, #493 );
#3822=CARTESIAN_POINT ( 'NONE',  ( -8.999999999999944900, 0.0000000000000000000, 0.2699999999999968000 ) );
#3823=ORIENTED_EDGE ( 'NONE', *, *, #7557, .T. );
#3824=ADVANCED_FACE ( 'NONE', ( #11007 ), #685, .T. );
#3825=CLOSED_SHELL ( 'NONE', ( #5908, #13804, #6345, #6305, #5994, #3100, #13066, #7941, #10904, #11204 ) );
#3826=EDGE_CURVE ( 'NONE', #7376, #12745, #13875, .T. );
#3827=VECTOR ( 'NONE', #3726, 1000.000000000000000 );
#3828=ORIENTED_EDGE ( 'NONE', *, *, #10137, .T. );
#3829=ADVANCED_FACE ( 'NONE', ( #11339 ), #6465, .F. );
#3830=AXIS2_PLACEMENT_3D ( 'NONE', #5630, #19, #135 );
#3831=PLANE ( 'NONE',  #10768 );
#3832=EDGE_CURVE ( 'NONE', #8333, #5935, #1489, .T. );
#3833=PRESENTATION_LAYER_ASSIGNMENT (  '', '', ( #3315 ) );
#3834=CARTESIAN_POINT ( 'NONE',  ( -2.899999999999999000, 0.8000000000000000400, 12.74999999999999800 ) );
#3835=ORIENTED_EDGE ( 'NONE', *, *, #2463, .T. );
#3836=VERTEX_POINT ( 'NONE', #5647 );
#3837=FACE_OUTER_BOUND ( 'NONE', #11935, .T. );
#3838=ORIENTED_EDGE ( 'NONE', *, *, #7516, .F. );
#3839=PLANE ( 'NONE',  #10295 );
#3840=CARTESIAN_POINT ( 'NONE',  ( -8.549999999999972300, 0.8000000000000000400, -3.170000000000004800 ) );
#3841=EDGE_LOOP ( 'NONE', ( #13725, #12756, #7145, #104, #10500, #1084 ) );
#3842=ORIENTED_EDGE ( 'NONE', *, *, #12157, .F. );
#3843=VERTEX_POINT ( 'NONE', #13094 );
#3844=ORIENTED_EDGE ( 'NONE', *, *, #8363, .F. );
#3845=EDGE_CURVE ( 'NONE', #2634, #2988, #13596, .T. );
#3846=ADVANCED_FACE ( 'NONE', ( #8241 ), #233, .T. );
#3847=FACE_OUTER_BOUND ( 'NONE', #8245, .T. );
#3848=EDGE_CURVE ( 'NONE', #8503, #5863, #831, .T. );
#3849=EDGE_LOOP ( 'NONE', ( #3563, #2055, #11239, #7835, #7997, #8253 ) );
#3850=AXIS2_PLACEMENT_3D ( 'NONE', #296, #4566, #1704 );
#3851=ORIENTED_EDGE ( 'NONE', *, *, #849, .F. );
#3852=FACE_OUTER_BOUND ( 'NONE', #4971, .T. );
#3853=AXIS2_PLACEMENT_3D ( 'NONE', #1206, #575, #19 );
#3854=VERTEX_POINT ( 'NONE', #3366 );
#3855=ORIENTED_EDGE ( 'NONE', *, *, #1192, .T. );
#3856=STYLED_ITEM ( 'NONE', ( #77 ), #6245 );
#3857=ORIENTED_EDGE ( 'NONE', *, *, #11302, .T. );
#3858=ORIENTED_EDGE ( 'NONE', *, *, #4185, .T. );
#3859=VERTEX_POINT ( 'NONE', #13300 );
#3860=CARTESIAN_POINT ( 'NONE',  ( -8.149999999999998600, 0.05000000000000000300, -5.710000000000005300 ) );
#3861=VERTEX_POINT ( 'NONE', #634 );
#3862=CARTESIAN_POINT ( 'NONE',  ( 1.455000000000000500, 0.8000000000000000400, 12.29999999999999700 ) );
#3863=EDGE_LOOP ( 'NONE', ( #11447, #10294, #457, #11445, #4774, #6393 ) );
#3864=ORIENTED_EDGE ( 'NONE', *, *, #6753, .F. );
#3865=FACE_OUTER_BOUND ( 'NONE', #2236, .T. );
#3866=EDGE_LOOP ( 'NONE', ( #9660, #14167, #2691, #4278 ) );
#3867=EDGE_CURVE ( 'NONE', #5172, #3938, #4658, .T. );
#3868=EDGE_CURVE ( 'NONE', #6153, #8630, #3485, .T. );
#3869=CARTESIAN_POINT ( 'NONE',  ( -8.999999999999932500, 0.0000000000000000000, 1.387778780781431500E-013 ) );
#3870=ORIENTED_EDGE ( 'NONE', *, *, #8987, .T. );
#3871=CARTESIAN_POINT ( 'NONE',  ( -9.000000000000000000, 0.0000000000000000000, -4.810000000000004100 ) );
#3872=ORIENTED_EDGE ( 'NONE', *, *, #3433, .T. );
#3873=VERTEX_POINT ( 'NONE', #8112 );
#3874=ORIENTED_EDGE ( 'NONE', *, *, #8369, .F. );
#3875=EDGE_CURVE ( 'NONE', #6189, #13566, #8719, .T. );
#3876=ORIENTED_EDGE ( 'NONE', *, *, #3904, .F. );
#3877=AXIS2_PLACEMENT_3D ( 'NONE', #4046, #95, #31 );
#3878=AXIS2_PLACEMENT_3D ( 'NONE', #8967, #250, #31 );
#3879=LINE ( 'NONE', #5842, #327 );
#3880=CARTESIAN_POINT ( 'NONE',  ( 9.000000000000145700, 0.8000000000000000400, 8.259999999999996200 ) );
#3881=ORIENTED_EDGE ( 'NONE', *, *, #9963, .T. );
#3882=DIRECTION ( 'NONE',  ( 3.690901012716612100E-016, 0.0000000000000000000, 1.000000000000000000 ) );
#3883=ORIENTED_EDGE ( 'NONE', *, *, #9848, .F. );
#3884=FACE_OUTER_BOUND ( 'NONE', #4634, .T. );
#3885=LINE ( 'NONE', #14034, #205 );
#3886=LINE ( 'NONE', #4251, #45 );
#3887=ORIENTED_EDGE ( 'NONE', *, *, #4675, .T. );
#3888=EDGE_LOOP ( 'NONE', ( #6980, #11987, #1158, #6340 ) );
#3889=ADVANCED_FACE ( 'NONE', ( #12105 ), #3627, .F. );
#3890=CARTESIAN_POINT ( 'NONE',  ( 8.550000000000064700, 0.0000000000000000000, 1.539999999999997100 ) );
#3891=ORIENTED_EDGE ( 'NONE', *, *, #5315, .T. );
#3892=ADVANCED_FACE ( 'NONE', ( #8870 ), #10015, .T. );
#3893=PLANE ( 'NONE',  #1395 );
#3894=ORIENTED_EDGE ( 'NONE', *, *, #8028, .T. );
#3895=PLANE ( 'NONE',  #644 );
#3896=VERTEX_POINT ( 'NONE', #14198 );
#3897=CARTESIAN_POINT ( 'NONE',  ( 3.625000000000002200, -1.006230589874914900, 12.74999999999999800 ) );
#3898=ORIENTED_EDGE ( 'NONE', *, *, #7212, .F. );
#3899=EDGE_CURVE ( 'NONE', #8814, #7168, #12250, .T. );
#3900=PLANE ( 'NONE',  #9034 );
#3901=ORIENTED_EDGE ( 'NONE', *, *, #3051, .T. );
#3902=EDGE_CURVE ( 'NONE', #5926, #10969, #7368, .T. );
#3903=ORIENTED_EDGE ( 'NONE', *, *, #1385, .F. );
#3904=EDGE_CURVE ( 'NONE', #183, #5086, #1056, .T. );
#3905=AXIS2_PLACEMENT_3D ( 'NONE', #10018, #19, #135 );
#3906=FACE_OUTER_BOUND ( 'NONE', #10314, .T. );
#3907=ORIENTED_EDGE ( 'NONE', *, *, #13536, .T. );
#3908=EDGE_CURVE ( 'NONE', #3555, #8865, #3085, .T. );
#3909=AXIS2_PLACEMENT_3D ( 'NONE', #6564, #250, #31 );
#3910=LINE ( 'NONE', #4060, #1276 );
#3911=ORIENTED_EDGE ( 'NONE', *, *, #1806, .F. );
#3912=FACE_OUTER_BOUND ( 'NONE', #3513, .T. );
#3913=LINE ( 'NONE', #10427, #184 );
#3914=ORIENTED_EDGE ( 'NONE', *, *, #6570, .F. );
#3915=ADVANCED_FACE ( 'NONE', ( #6473 ), #8206, .T. );
#3916=VERTEX_POINT ( 'NONE', #1171 );
#3917=ORIENTED_EDGE ( 'NONE', *, *, #12242, .F. );
#3918=ADVANCED_FACE ( 'NONE', ( #13858 ), #13331, .T. );
#3919=VERTEX_POINT ( 'NONE', #11364 );
#3920=ORIENTED_EDGE ( 'NONE', *, *, #13719, .T. );
#3921=CARTESIAN_POINT ( 'NONE',  ( -8.549999999999865700, 0.8000000000000000400, 7.889999999999997900 ) );
#3922=CARTESIAN_POINT ( 'NONE',  ( 9.000000000000104800, 0.0000000000000000000, 4.624999999999751300 ) );
#3923=PLANE ( 'NONE',  #5283 );
#3924=ORIENTED_EDGE ( 'NONE', *, *, #1974, .F. );
#3925=LINE ( 'NONE', #4704, #209 );
#3926=ORIENTED_EDGE ( 'NONE', *, *, #1153, .F. );
#3927=LINE ( 'NONE', #1206, #110 );
#3928=CYLINDRICAL_SURFACE ( 'NONE', #12706, 0.2750000000000000800 );
#3929=VERTEX_POINT ( 'NONE', #1503 );
#3930=EDGE_CURVE ( 'NONE', #1768, #6153, #390, .T. );
#3931=EDGE_CURVE ( 'NONE', #1138, #8503, #6645, .T. );
#3932=CARTESIAN_POINT ( 'NONE',  ( 8.550000000000169500, 0.05000000000000000300, 2.809999999999996500 ) );
#3933=ORIENTED_EDGE ( 'NONE', *, *, #4952, .F. );
#3934=EDGE_CURVE ( 'NONE', #1634, #3702, #619, .T. );
#3935=MECHANICAL_DESIGN_GEOMETRIC_PRESENTATION_REPRESENTATION (  '', ( #11086 ), #6799 );
#3936=EDGE_LOOP ( 'NONE', ( #1004, #5888, #9238, #1010, #1348, #7161 ) );
#3937=VERTEX_POINT ( 'NONE', #7245 );
#3938=VERTEX_POINT ( 'NONE', #2522 );
#3939=CARTESIAN_POINT ( 'NONE',  ( 8.550000000000023800, 0.8000000000000000400, -2.270000000000004000 ) );
#3940=ADVANCED_FACE ( 'NONE', ( #12854 ), #49, .T. );
#3941=EDGE_CURVE ( 'NONE', #2631, #1172, #14028, .T. );
#3942=ORIENTED_EDGE ( 'NONE', *, *, #1177, .F. );
#3943=AXIS2_PLACEMENT_3D ( 'NONE', #190, #669, #95 );
#3944=ORIENTED_EDGE ( 'NONE', *, *, #11630, .T. );
#3945=VERTEX_POINT ( 'NONE', #2467 );
#3946=CARTESIAN_POINT ( 'NONE',  ( 7.729289321881345200, 3.250000000000000000, 11.44919999999999600 ) );
#3947=ORIENTED_EDGE ( 'NONE', *, *, #10199, .T. );
#3948=LINE ( 'NONE', #1515, #45 );
#3949=ORIENTED_EDGE ( 'NONE', *, *, #10451, .F. );
#3950=ORIENTED_EDGE ( 'NONE', *, *, #4650, .F. );
#3951=CARTESIAN_POINT ( 'NONE',  ( 0.1999999999999987900, 0.8000000000000000400, -12.25000000000000000 ) );
#3952=LINE ( 'NONE', #6888, #10 );
#3953=EDGE_CURVE ( 'NONE', #9517, #14463, #8399, .T. );
#3954=ORIENTED_EDGE ( 'NONE', *, *, #6991, .F. );
#3955=ORIENTED_EDGE ( 'NONE', *, *, #12553, .T. );
#3956=CARTESIAN_POINT ( 'NONE',  ( 2.355000000000002200, 0.8000000000000000400, 12.74999999999999800 ) );
#3957=EDGE_CURVE ( 'NONE', #12693, #9299, #12407, .T. );
#3958=CARTESIAN_POINT ( 'NONE',  ( 8.150000000000170900, 0.05000000000000000300, 5.719999999999996200 ) );
#3959=CARTESIAN_POINT ( 'NONE',  ( 0.1850000000000002800, 0.05000000000000000300, 11.90000000000017100 ) );
#3960=VERTEX_POINT ( 'NONE', #5177 );
#3961=AXIS2_PLACEMENT_3D ( 'NONE', #6876, #21, #31 );
#3962=LINE ( 'NONE', #1631, #209 );
#3963=EDGE_LOOP ( 'NONE', ( #7286, #13042, #2751, #13375, #9811, #216 ) );
#3964=( GEOMETRIC_REPRESENTATION_CONTEXT ( 3 ) GLOBAL_UNCERTAINTY_ASSIGNED_CONTEXT ( ( #178 ) ) GLOBAL_UNIT_ASSIGNED_CONTEXT ( ( #7, #195, #16 ) ) REPRESENTATION_CONTEXT ( 'NONE', 'WORKASPACE' ) );
#3965=VERTEX_POINT ( 'NONE', #14268 );
#3966=FACE_OUTER_BOUND ( 'NONE', #7550, .T. );
#3967=AXIS2_PLACEMENT_3D ( 'NONE', #1069, #13775, #3321 );
#3968=ORIENTED_EDGE ( 'NONE', *, *, #4523, .T. );
#3969=CARTESIAN_POINT ( 'NONE',  ( -8.150000000000039400, 0.0000000000000000000, 5.719999999999996200 ) );
#3970=LINE ( 'NONE', #7242, #184 );
#3971=DIRECTION ( 'NONE',  ( 1.000000000000000000, 0.0000000000000000000, -9.637352644315533600E-016 ) );
#3972=DIRECTION ( 'NONE',  ( 1.000000000000000000, 0.0000000000000000000, 8.673617379884022900E-015 ) );
#3973=LINE ( 'NONE', #14021, #36 );
#3974=PLANE ( 'NONE',  #11596 );
#3975=CARTESIAN_POINT ( 'NONE',  ( 6.985000000000001200, 0.8000000000000000400, 12.74999999999999800 ) );
#3976=CARTESIAN_POINT ( 'NONE',  ( -4.895000000000000500, -1.006230589874914900, 12.74999999999999800 ) );
#3977=ORIENTED_EDGE ( 'NONE', *, *, #9960, .T. );
#3978=ADVANCED_FACE ( 'NONE', ( #1707 ), #13492, .F. );
#3979=ORIENTED_EDGE ( 'NONE', *, *, #9994, .T. );
#3980=EDGE_CURVE ( 'NONE', #2381, #2355, #732, .T. );
#3981=LINE ( 'NONE', #603, #209 );
#3982=EDGE_CURVE ( 'NONE', #11094, #10726, #4643, .T. );
#3983=ADVANCED_FACE ( 'NONE', ( #11793 ), #1208, .T. );
#3984=VERTEX_POINT ( 'NONE', #1000 );
#3985=CARTESIAN_POINT ( 'NONE',  ( 8.150000000000170900, 0.0000000000000000000, -1.000000000000003600 ) );
#3986=LINE ( 'NONE', #9705, #209 );
#3987=FACE_OUTER_BOUND ( 'NONE', #699, .T. );
#3988=PLANE ( 'NONE',  #9808 );
#3989=LINE ( 'NONE', #5337, #209 );
#3990=ORIENTED_EDGE ( 'NONE', *, *, #9319, .F. );
#3991=EDGE_LOOP ( 'NONE', ( #11389, #8875, #2444, #13453 ) );
#3992=LINE ( 'NONE', #10762, #110 );
#3993=ADVANCED_FACE ( 'NONE', ( #7191 ), #9418, .T. );
#3994=VERTEX_POINT ( 'NONE', #3871 );
#3995=ADVANCED_FACE ( 'NONE', ( #6842 ), #3895, .T. );
#3996=EDGE_CURVE ( 'NONE', #3552, #3540, #3691, .T. );
#3997=EDGE_CURVE ( 'NONE', #8749, #8185, #8945, .T. );
#3998=FACE_OUTER_BOUND ( 'NONE', #7087, .T. );
#3999=EDGE_CURVE ( 'NONE', #13764, #11404, #6288, .T. );
#4000=EDGE_CURVE ( 'NONE', #2447, #818, #10833, .T. );
#4001=ORIENTED_EDGE ( 'NONE', *, *, #9401, .T. );
#4002=LINE ( 'NONE', #1079, #184 );
#4003=LINE ( 'NONE', #5343, #184 );
#4004=AXIS2_PLACEMENT_3D ( 'NONE', #2687, #95, #31 );
#4005=ORIENTED_EDGE ( 'NONE', *, *, #9617, .T. );
#4006=VERTEX_POINT ( 'NONE', #4835 );
#4007=CARTESIAN_POINT ( 'NONE',  ( -8.999999999999893400, 0.8000000000000000400, 5.349999999999997000 ) );
#4008=LINE ( 'NONE', #6726, #36 );
#4009=CARTESIAN_POINT ( 'NONE',  ( 4.895000000000002200, 0.8000000000000000400, 12.74999999999999800 ) );
#4010=CARTESIAN_POINT ( 'NONE',  ( -1.629999999999999200, 0.8000000000000000400, 12.74999999999999800 ) );
#4011=ORIENTED_EDGE ( 'NONE', *, *, #6713, .F. );
#4012=EDGE_LOOP ( 'NONE', ( #11890, #13906, #7250, #1121 ) );
#4013=LINE ( 'NONE', #7877, #36 );
#4014=ADVANCED_FACE ( 'NONE', ( #9062 ), #6337, .T. );
#4015=ORIENTED_EDGE ( 'NONE', *, *, #3334, .F. );
#4016=CARTESIAN_POINT ( 'NONE',  ( -1.049999999999999800, 0.0000000000000000000, 2.010000000000008200 ) );
#4017=EDGE_LOOP ( 'NONE', ( #5253, #5031, #6576, #7312 ) );
#4018=DIRECTION ( 'NONE',  ( 4.818676322157799300E-016, -0.0000000000000000000, -1.000000000000000000 ) );
#4019=ORIENTED_EDGE ( 'NONE', *, *, #2892, .F. );
#4020=CARTESIAN_POINT ( 'NONE',  ( 6.165000000000002700, 0.8000000000000000400, 12.74999999999999800 ) );
#4021=PRESENTATION_STYLE_ASSIGNMENT (( #10672 ) );
#4022=ORIENTED_EDGE ( 'NONE', *, *, #7519, .F. );
#4023=EDGE_CURVE ( 'NONE', #2198, #7048, #5365, .T. );
#4024=LINE ( 'NONE', #2654, #93 );
#4025=EDGE_CURVE ( 'NONE', #13264, #1476, #11169, .T. );
#4026=ORIENTED_EDGE ( 'NONE', *, *, #9774, .F. );
#4027=EDGE_CURVE ( 'NONE', #1140, #1843, #7209, .T. );
#4028=PLANE ( 'NONE',  #2285 );
#4029=ORIENTED_EDGE ( 'NONE', *, *, #411, .F. );
#4030=FILL_AREA_STYLE ('',( #5220 ) );
#4031=CARTESIAN_POINT ( 'NONE',  ( -0.5500000000000022600, 0.0000000000000000000, 4.310000000000008500 ) );
#4032=LINE ( 'NONE', #11410, #327 );
#4033=FACE_OUTER_BOUND ( 'NONE', #12580, .T. );
#4034=EDGE_CURVE ( 'NONE', #7473, #5419, #1494, .T. );
#4035=ORIENTED_EDGE ( 'NONE', *, *, #5099, .T. );
#4036=EDGE_LOOP ( 'NONE', ( #10470, #13715, #7510, #9310 ) );
#4037=VERTEX_POINT ( 'NONE', #1621 );
#4038=AXIS2_PLACEMENT_3D ( 'NONE', #7982, #31, #891 );
#4039=FACE_OUTER_BOUND ( 'NONE', #14210, .T. );
#4040=VERTEX_POINT ( 'NONE', #11700 );
#4041=LINE ( 'NONE', #1651, #110 );
#4042=ORIENTED_EDGE ( 'NONE', *, *, #12320, .F. );
#4043=ORIENTED_EDGE ( 'NONE', *, *, #2093, .F. );
#4044=ORIENTED_EDGE ( 'NONE', *, *, #12524, .F. );
#4045=ORIENTED_EDGE ( 'NONE', *, *, #8618, .F. );
#4046=CARTESIAN_POINT ( 'NONE',  ( 7.800000000000000700, 30.15163842104813000, 11.69999999999999800 ) );
#4047=CARTESIAN_POINT ( 'NONE',  ( -7.800000000000001600, 0.8000000000000000400, -5.900000000000003900 ) );
#4048=CARTESIAN_POINT ( 'NONE',  ( -8.150000000000025200, 0.05000000000000000300, 2.809999999999996500 ) );
#4049=VERTEX_POINT ( 'NONE', #3066 );
#4050=ORIENTED_EDGE ( 'NONE', *, *, #6152, .F. );
#4051=FACE_OUTER_BOUND ( 'NONE', #9240, .T. );
#4052=VERTEX_POINT ( 'NONE', #431 );
#4053=ORIENTED_EDGE ( 'NONE', *, *, #13845, .F. );
#4054=CLOSED_SHELL ( 'NONE', ( #4152, #13047, #7155, #1311, #5669, #6691, #7602, #5016, #9174, #12473 ) );
#4055=CARTESIAN_POINT ( 'NONE',  ( 9.000000000000039100, 0.8000000000000000400, -1.900000000000005000 ) );
#4056=VERTEX_POINT ( 'NONE', #1386 );
#4057=ADVANCED_FACE ( 'NONE', ( #4083 ), #13, .T. );
#4058=FACE_OUTER_BOUND ( 'NONE', #7860, .T. );
#4059=LINE ( 'NONE', #11, #493 );
#4060=CARTESIAN_POINT ( 'NONE',  ( 9.000000000000000000, 0.0000000000000000000, -4.810000000000004100 ) );
#4061=ORIENTED_EDGE ( 'NONE', *, *, #13690, .T. );
#4062=VERTEX_POINT ( 'NONE', #14506 );
#4063=LINE ( 'NONE', #1069, #4799 );
#4064=ORIENTED_EDGE ( 'NONE', *, *, #14298, .F. );
#4065=ORIENTED_EDGE ( 'NONE', *, *, #4748, .T. );
#4066=LINE ( 'NONE', #3530, #184 );
#4067=ORIENTED_EDGE ( 'NONE', *, *, #8345, .F. );
#4068=ORIENTED_EDGE ( 'NONE', *, *, #2940, .T. );
#4069=ORIENTED_EDGE ( 'NONE', *, *, #13204, .T. );
#4070=CARTESIAN_POINT ( 'NONE',  ( -8.549999999999878100, 0.8000000000000000400, 5.719999999999996200 ) );
#4071=EDGE_CURVE ( 'NONE', #1477, #11658, #961, .T. );
#4072=VERTEX_POINT ( 'NONE', #5343 );
#4073=EDGE_CURVE ( 'NONE', #10479, #13346, #2298, .T. );
#4074=FACE_OUTER_BOUND ( 'NONE', #6822, .T. );
#4075=CARTESIAN_POINT ( 'NONE',  ( 8.550000000000169500, 0.05000000000000000300, -4.810000000000003200 ) );
#4076=ORIENTED_EDGE ( 'NONE', *, *, #11704, .T. );
#4077=( GEOMETRIC_REPRESENTATION_CONTEXT ( 3 ) GLOBAL_UNCERTAINTY_ASSIGNED_CONTEXT ( ( #178 ) ) GLOBAL_UNIT_ASSIGNED_CONTEXT ( ( #7, #195, #16 ) ) REPRESENTATION_CONTEXT ( 'NONE', 'WORKASPACE' ) );
#4078=ADVANCED_FACE ( 'NONE', ( #8046 ), #13656, .F. );
#4079=CARTESIAN_POINT ( 'NONE',  ( -0.5500000000000022600, 0.05000000000000000300, 2.910000000000009900 ) );
#4080=ORIENTED_EDGE ( 'NONE', *, *, #8666, .F. );
#4081=AXIS2_PLACEMENT_3D ( 'NONE', #744, #6140, #780 );
#4082=EDGE_LOOP ( 'NONE', ( #4602, #37, #8269, #9104, #4853, #2828 ) );
#4083=FACE_OUTER_BOUND ( 'NONE', #6884, .T. );
#4084=VERTEX_POINT ( 'NONE', #4580 );
#4085=CARTESIAN_POINT ( 'NONE',  ( 9.000000000000007100, 0.8000000000000000400, -2.720000000000065900 ) );
#4086=VERTEX_POINT ( 'NONE', #1901 );
#4087=ORIENTED_EDGE ( 'NONE', *, *, #3454, .F. );
#4088=ORIENTED_EDGE ( 'NONE', *, *, #5425, .F. );
#4089=ORIENTED_EDGE ( 'NONE', *, *, #6817, .F. );
#4090=ORIENTED_EDGE ( 'NONE', *, *, #13861, .T. );
#4091=LINE ( 'NONE', #3118, #6331 );
#4092=EDGE_LOOP ( 'NONE', ( #14118, #4069, #12436, #3944 ) );
#4093=ORIENTED_EDGE ( 'NONE', *, *, #9263, .T. );
#4094=EDGE_CURVE ( 'NONE', #10969, #13253, #8243, .T. );
#4095=EDGE_CURVE ( 'NONE', #4719, #1310, #5174, .T. );
#4096=ORIENTED_EDGE ( 'NONE', *, *, #3058, .F. );
#4097=DIRECTION ( 'NONE',  ( -8.432683563776131700E-015, 0.0000000000000000000, 1.000000000000000000 ) );
#4098=EDGE_CURVE ( 'NONE', #5717, #573, #13304, .T. );
#4099=CARTESIAN_POINT ( 'NONE',  ( -8.549999999999984700, 0.04999999999999991300, -4.440000000000005700 ) );
#4100=CARTESIAN_POINT ( 'NONE',  ( -8.999999999999944900, 0.0000000000000000000, -0.6300000000000073300 ) );
#4101=ADVANCED_FACE ( 'NONE', ( #13581 ), #49, .F. );
#4102=STYLED_ITEM ( 'NONE', ( #77 ), #7649 );
#4103=ORIENTED_EDGE ( 'NONE', *, *, #8847, .T. );
#4104=FACE_OUTER_BOUND ( 'NONE', #1518, .T. );
#4105=ORIENTED_EDGE ( 'NONE', *, *, #10447, .F. );
#4106=AXIS2_PLACEMENT_3D ( 'NONE', #7647, #95, #31 );
#4107=ORIENTED_EDGE ( 'NONE', *, *, #11224, .F. );
#4108=ORIENTED_EDGE ( 'NONE', *, *, #5965, .F. );
#4109=PLANE ( 'NONE',  #7484 );
#4110=ORIENTED_EDGE ( 'NONE', *, *, #1731, .F. );
#4111=ORIENTED_EDGE ( 'NONE', *, *, #11541, .F. );
#4112=FACE_BOUND ( 'NONE', #1325, .T. );
#4113=CARTESIAN_POINT ( 'NONE',  ( -1.950000000000002200, 0.0000000000000000000, 4.309999999999999600 ) );
#4114=ORIENTED_EDGE ( 'NONE', *, *, #10902, .F. );
#4115=CARTESIAN_POINT ( 'NONE',  ( -1.454999999999997900, 0.05000000000000000300, 12.29999999999999700 ) );
#4116=ORIENTED_EDGE ( 'NONE', *, *, #11397, .F. );
#4117=FACE_OUTER_BOUND ( 'NONE', #9524, .T. );
#4118=PLANE ( 'NONE',  #13701 );
#4119=EDGE_LOOP ( 'NONE', ( #8016, #7476, #11259, #12188 ) );
#4120=LINE ( 'NONE', #925, #10 );
#4121=LINE ( 'NONE', #1611, #205 );
#4122=VERTEX_POINT ( 'NONE', #1948 );
#4123=CARTESIAN_POINT ( 'NONE',  ( 8.550000000000078900, 0.8000000000000000400, 1.909999999999995000 ) );
#4124=CARTESIAN_POINT ( 'NONE',  ( -8.999999999999944900, 0.0000000000000000000, 9.979999999999989800 ) );
#4125=VERTEX_POINT ( 'NONE', #3065 );
#4126=CARTESIAN_POINT ( 'NONE',  ( 9.000000000000024900, -1.006230589874914900, -2.995000000000065800 ) );
#4127=EDGE_CURVE ( 'NONE', #8492, #3555, #13722, .T. );
#4128=ORIENTED_EDGE ( 'NONE', *, *, #11190, .F. );
#4129=ORIENTED_EDGE ( 'NONE', *, *, #12298, .T. );
#4130=EDGE_CURVE ( 'NONE', #4086, #6895, #8223, .T. );
#4131=LINE ( 'NONE', #7262, #184 );
#4132=CARTESIAN_POINT ( 'NONE',  ( -8.150000000000053600, 0.0000000000000000000, 9.529999999999995800 ) );
#4133=EDGE_CURVE ( 'NONE', #5955, #8920, #12989, .T. );
#4134=AXIS2_PLACEMENT_3D ( 'NONE', #14006, #250, #31 );
#4135=ORIENTED_EDGE ( 'NONE', *, *, #9222, .F. );
#4136=CARTESIAN_POINT ( 'NONE',  ( 9.000000000000079900, 0.0000000000000000000, 1.909999999999995900 ) );
#4137=VERTEX_POINT ( 'NONE', #9416 );
#4138=AXIS2_PLACEMENT_3D ( 'NONE', #1369, #1856, #3972 );
#4139=VERTEX_POINT ( 'NONE', #12958 );
#4140=CARTESIAN_POINT ( 'NONE',  ( -2.354999999999999500, 0.8000000000000000400, 12.29999999999999700 ) );
#4141=VERTEX_POINT ( 'NONE', #296 );
#4142=ORIENTED_EDGE ( 'NONE', *, *, #9166, .T. );
#4143=CARTESIAN_POINT ( 'NONE',  ( 8.550000000000052200, 0.0000000000000000000, 0.2699999999999968000 ) );
#4144=LINE ( 'NONE', #5178, #184 );
#4145=ORIENTED_EDGE ( 'NONE', *, *, #12416, .F. );
#4146=CARTESIAN_POINT ( 'NONE',  ( -8.150000000000057200, 0.05000000000000000300, 11.69999999999999800 ) );
#4147=CARTESIAN_POINT ( 'NONE',  ( 9.000000000000079900, 0.8000000000000000400, 1.909999999999995900 ) );
#4148=ORIENTED_EDGE ( 'NONE', *, *, #14452, .F. );
#4149=CARTESIAN_POINT ( 'NONE',  ( -9.000000000000000000, 0.8000000000000000400, -4.810000000000003200 ) );
#4150=FACE_OUTER_BOUND ( 'NONE', #9450, .T. );
#4151=ORIENTED_EDGE ( 'NONE', *, *, #11591, .T. );
#4152=ADVANCED_FACE ( 'NONE', ( #7898 ), #233, .T. );
#4153=EDGE_CURVE ( 'NONE', #5935, #13794, #13291, .T. );
#4154=FACE_OUTER_BOUND ( 'NONE', #7706, .T. );
#4155=LINE ( 'NONE', #2115, #36 );
#4156=ORIENTED_EDGE ( 'NONE', *, *, #8654, .F. );
#4157=ORIENTED_EDGE ( 'NONE', *, *, #10278, .F. );
#4158=ORIENTED_EDGE ( 'NONE', *, *, #481, .T. );
#4159=LINE ( 'NONE', #6608, #36 );
#4160=VERTEX_POINT ( 'NONE', #277 );
#4161=EDGE_CURVE ( 'NONE', #3929, #582, #599, .T. );
#4162=LINE ( 'NONE', #2349, #110 );
#4163=ORIENTED_EDGE ( 'NONE', *, *, #3385, .T. );
#4164=VERTEX_POINT ( 'NONE', #12074 );
#4165=AXIS2_PLACEMENT_3D ( 'NONE', #1453, #1353, #1025 );
#4166=LINE ( 'NONE', #465, #4 );
#4167=CARTESIAN_POINT ( 'NONE',  ( -8.550000000000052200, 0.05000000000000000300, 9.529999999999995800 ) );
#4168=EDGE_CURVE ( 'NONE', #3166, #4295, #11158, .T. );
#4169=VERTEX_POINT ( 'NONE', #1796 );
#4170=( GEOMETRIC_REPRESENTATION_CONTEXT ( 3 ) GLOBAL_UNCERTAINTY_ASSIGNED_CONTEXT ( ( #178 ) ) GLOBAL_UNIT_ASSIGNED_CONTEXT ( ( #7, #195, #16 ) ) REPRESENTATION_CONTEXT ( 'NONE', 'WORKASPACE' ) );
#4171=FACE_OUTER_BOUND ( 'NONE', #3866, .T. );
#4172=VERTEX_POINT ( 'NONE', #3118 );
#4173=ORIENTED_EDGE ( 'NONE', *, *, #4378, .F. );
#4174=FACE_OUTER_BOUND ( 'NONE', #9092, .T. );
#4175=ADVANCED_FACE ( 'NONE', ( #11779 ), #8797, .T. );
#4176=ORIENTED_EDGE ( 'NONE', *, *, #6282, .T. );
#4177=FACE_OUTER_BOUND ( 'NONE', #9336, .T. );
#4178=VERTEX_POINT ( 'NONE', #1744 );
#4179=CYLINDRICAL_SURFACE ( 'NONE', #3187, 0.2749999999999996300 );
#4180=ORIENTED_EDGE ( 'NONE', *, *, #11667, .T. );
#4181=CARTESIAN_POINT ( 'NONE',  ( -6.164999999999999100, 0.8000000000000000400, 0.0000000000000000000 ) );
#4182=ORIENTED_EDGE ( 'NONE', *, *, #4423, .F. );
#4183=EDGE_CURVE ( 'NONE', #13537, #553, #10990, .T. );
#4184=CARTESIAN_POINT ( 'NONE',  ( 9.000000000000158100, -1.006230589874914900, 0.0000000000000000000 ) );
#4185=EDGE_CURVE ( 'NONE', #10412, #9329, #3584, .T. );
#4186=ORIENTED_EDGE ( 'NONE', *, *, #427, .F. );
#4187=EDGE_CURVE ( 'NONE', #8625, #4465, #4162, .T. );
#4188=CARTESIAN_POINT ( 'NONE',  ( 6.535000000000001900, -1.006230589874914900, 0.0000000000000000000 ) );
#4189=AXIS2_PLACEMENT_3D ( 'NONE', #14386, #21, #31 );
#4190=LINE ( 'NONE', #299, #45 );
#4191=ADVANCED_FACE ( 'NONE', ( #5193 ), #9916, .T. );
#4192=LINE ( 'NONE', #441, #209 );
#4193=ORIENTED_EDGE ( 'NONE', *, *, #6479, .T. );
#4194=ORIENTED_EDGE ( 'NONE', *, *, #14511, .T. );
#4195=CARTESIAN_POINT ( 'NONE',  ( 8.550000000000132200, 0.8000000000000000400, 6.989999999999996700 ) );
#4196=ORIENTED_EDGE ( 'NONE', *, *, #2482, .F. );
#4197=LINE ( 'NONE', #1783, #205 );
#4198=CARTESIAN_POINT ( 'NONE',  ( -8.999999999999944900, -1.006230589874914900, -0.4550000000000062900 ) );
#4199=LINE ( 'NONE', #4835, #577 );
#4200=AXIS2_PLACEMENT_3D ( 'NONE', #8098, #62, #15 );
#4201=EDGE_CURVE ( 'NONE', #3428, #6352, #1472, .T. );
#4202=EDGE_CURVE ( 'NONE', #5880, #7697, #6082, .T. );
#4203=FACE_OUTER_BOUND ( 'NONE', #6277, .T. );
#4204=ORIENTED_EDGE ( 'NONE', *, *, #1972, .T. );
#4205=ORIENTED_EDGE ( 'NONE', *, *, #10897, .T. );
#4206=EDGE_CURVE ( 'NONE', #6509, #239, #14013, .T. );
#4207=AXIS2_PLACEMENT_3D ( 'NONE', #2216, #95, #31 );
#4208=LINE ( 'NONE', #2086, #45 );
#4209=PLANE ( 'NONE',  #10456 );
#4210=EDGE_LOOP ( 'NONE', ( #9785, #14321, #3300, #8454 ) );
#4211=LINE ( 'NONE', #5337, #5839 );
#4212=LINE ( 'NONE', #4385, #209 );
#4213=DIRECTION ( 'NONE',  ( -9.462128050782596500E-014, 0.0000000000000000000, -1.000000000000000000 ) );
#4214=ORIENTED_EDGE ( 'NONE', *, *, #6311, .T. );
#4215=CLOSED_SHELL ( 'NONE', ( #10261, #10132, #295, #10486, #2922, #3807, #522, #8041, #8988, #12739 ) );
#4216=VERTEX_POINT ( 'NONE', #757 );
#4217=PLANE ( 'NONE',  #11694 );
#4218=ORIENTED_EDGE ( 'NONE', *, *, #1773, .F. );
#4219=EDGE_CURVE ( 'NONE', #7958, #7625, #4063, .T. );
#4220=EDGE_CURVE ( 'NONE', #14156, #1677, #4822, .T. );
#4221=ORIENTED_EDGE ( 'NONE', *, *, #8301, .T. );
#4222=ORIENTED_EDGE ( 'NONE', *, *, #5965, .T. );
#4223=EDGE_CURVE ( 'NONE', #3415, #3511, #12688, .T. );
#4224=( GEOMETRIC_REPRESENTATION_CONTEXT ( 3 ) GLOBAL_UNCERTAINTY_ASSIGNED_CONTEXT ( ( #178 ) ) GLOBAL_UNIT_ASSIGNED_CONTEXT ( ( #7, #195, #16 ) ) REPRESENTATION_CONTEXT ( 'NONE', 'WORKASPACE' ) );
#4225=EDGE_CURVE ( 'NONE', #13537, #1399, #1494, .T. );
#4226=AXIS2_PLACEMENT_3D ( 'NONE', #1896, #95, #31 );
#4227=ORIENTED_EDGE ( 'NONE', *, *, #1942, .F. );
#4228=ORIENTED_EDGE ( 'NONE', *, *, #12931, .T. );
#4229=EDGE_LOOP ( 'NONE', ( #6767, #4111, #14475, #14192, #14149, #5864 ) );
#4230=PLANE ( 'NONE',  #12639 );
#4231=ORIENTED_EDGE ( 'NONE', *, *, #5185, .T. );
#4232=LINE ( 'NONE', #4769, #343 );
#4233=ORIENTED_EDGE ( 'NONE', *, *, #8616, .F. );
#4234=CARTESIAN_POINT ( 'NONE',  ( 6.535000000000001900, 0.0000000000000000000, 12.29999999999999700 ) );
#4235=FACE_OUTER_BOUND ( 'NONE', #9283, .T. );
#4236=PLANE ( 'NONE',  #3016 );
#4237=EDGE_CURVE ( 'NONE', #11868, #13514, #9713, .T. );
#4238=ADVANCED_FACE ( 'NONE', ( #8706 ), #49, .T. );
#4239=ORIENTED_EDGE ( 'NONE', *, *, #5421, .F. );
#4240=PLANE ( 'NONE',  #8398 );
#4241=ORIENTED_EDGE ( 'NONE', *, *, #2166, .T. );
#4242=EDGE_CURVE ( 'NONE', #9164, #4304, #2883, .T. );
#4243=ADVANCED_FACE ( 'NONE', ( #13597 ), #49, .F. );
#4244=LINE ( 'NONE', #5293, #209 );
#4245=ORIENTED_EDGE ( 'NONE', *, *, #10353, .T. );
#4246=CARTESIAN_POINT ( 'NONE',  ( -9.000000000000000000, -1.006230589874914900, 0.0000000000000000000 ) );
#4247=EDGE_CURVE ( 'NONE', #8017, #246, #140, .T. );
#4248=ORIENTED_EDGE ( 'NONE', *, *, #9148, .F. );
#4249=ORIENTED_EDGE ( 'NONE', *, *, #5871, .F. );
#4250=ORIENTED_EDGE ( 'NONE', *, *, #6677, .T. );
#4251=CARTESIAN_POINT ( 'NONE',  ( 8.150000000000170900, 0.0000000000000000000, -4.810000000000003200 ) );
#4252=ORIENTED_EDGE ( 'NONE', *, *, #3257, .F. );
#4253=CARTESIAN_POINT ( 'NONE',  ( 9.000000000000000000, -1.006230589874914900, -5.535000000000004600 ) );
#4254=EDGE_CURVE ( 'NONE', #9258, #10847, #10363, .T. );
#4255=VECTOR ( 'NONE', #2049, 1000.000000000000000 );
#4256=ORIENTED_EDGE ( 'NONE', *, *, #8878, .F. );
#4257=ORIENTED_EDGE ( 'NONE', *, *, #2505, .F. );
#4258=ORIENTED_EDGE ( 'NONE', *, *, #8702, .F. );
#4259=FACE_OUTER_BOUND ( 'NONE', #860, .T. );
#4260=EDGE_LOOP ( 'NONE', ( #5545, #3314, #11170, #6325, #5729, #14207 ) );
#4261=CARTESIAN_POINT ( 'NONE',  ( -8.999999999999985800, 0.8000000000000000400, -1.450000000000006000 ) );
#4262=ADVANCED_FACE ( 'NONE', ( #6824 ), #4582, .T. );
#4263=ORIENTED_EDGE ( 'NONE', *, *, #13534, .T. );
#4264=ORIENTED_EDGE ( 'NONE', *, *, #3594, .F. );
#4265=CARTESIAN_POINT ( 'NONE',  ( 9.000000000000079900, 0.8000000000000000400, 2.634999999999809700 ) );
#4266=EDGE_CURVE ( 'NONE', #7454, #3571, #1064, .T. );
#4267=EDGE_CURVE ( 'NONE', #9726, #5831, #5347, .T. );
#4268=ORIENTED_EDGE ( 'NONE', *, *, #12080, .T. );
#4269=VERTEX_POINT ( 'NONE', #7910 );
#4270=LINE ( 'NONE', #2803, #327 );
#4271=AXIS2_PLACEMENT_3D ( 'NONE', #12083, #214, #4548 );
#4272=ORIENTED_EDGE ( 'NONE', *, *, #12572, .T. );
#4273=AXIS2_PLACEMENT_3D ( 'NONE', #13184, #21, #31 );
#4274=EDGE_LOOP ( 'NONE', ( #4250, #9185, #5790, #6335 ) );
#4275=CARTESIAN_POINT ( 'NONE',  ( -3.994999999999998300, 0.8000000000000000400, 12.74999999999999800 ) );
#4276=ORIENTED_EDGE ( 'NONE', *, *, #1176, .T. );
#4277=ORIENTED_EDGE ( 'NONE', *, *, #13758, .T. );
#4278=ORIENTED_EDGE ( 'NONE', *, *, #4034, .F. );
#4279=CARTESIAN_POINT ( 'NONE',  ( -3.174999999999998900, 0.0000000000000000000, 12.74999999999999800 ) );
#4280=ADVANCED_FACE ( 'NONE', ( #12703 ), #6747, .T. );
#4281=FACE_OUTER_BOUND ( 'NONE', #14383, .T. );
#4282=ORIENTED_EDGE ( 'NONE', *, *, #876, .F. );
#4283=ORIENTED_EDGE ( 'NONE', *, *, #3611, .F. );
#4284=LINE ( 'NONE', #2138, #343 );
#4285=EDGE_LOOP ( 'NONE', ( #3542, #2760, #8895, #833, #8102, #11228 ) );
#4286=VERTEX_POINT ( 'NONE', #941 );
#4287=ORIENTED_EDGE ( 'NONE', *, *, #285, .T. );
#4288=EDGE_CURVE ( 'NONE', #4668, #376, #11213, .T. );
#4289=CARTESIAN_POINT ( 'NONE',  ( 1.799999999999999600, 0.8000000000000000400, -9.900000000000000400 ) );
#4290=EDGE_CURVE ( 'NONE', #9070, #3104, #6846, .T. );
#4291=EDGE_CURVE ( 'NONE', #8569, #13256, #152, .T. );
#4292=EDGE_LOOP ( 'NONE', ( #4869, #1635, #7512, #13956 ) );
#4293=ORIENTED_EDGE ( 'NONE', *, *, #601, .T. );
#4294=ORIENTED_EDGE ( 'NONE', *, *, #2377, .F. );
#4295=VERTEX_POINT ( 'NONE', #299 );
#4296=LINE ( 'NONE', #8759, #184 );
#4297=ORIENTED_EDGE ( 'NONE', *, *, #4130, .T. );
#4298=ADVANCED_FACE ( 'NONE', ( #10201 ), #5950, .F. );
#4299=FACE_OUTER_BOUND ( 'NONE', #7988, .T. );
#4300=ORIENTED_EDGE ( 'NONE', *, *, #9088, .T. );
#4301=LINE ( 'NONE', #772, #10 );
#4302=VERTEX_POINT ( 'NONE', #11181 );
#4303=ORIENTED_EDGE ( 'NONE', *, *, #1929, .F. );
#4304=VERTEX_POINT ( 'NONE', #6836 );
#4305=CARTESIAN_POINT ( 'NONE',  ( 6.535000000000001900, 0.04999999999999991300, 12.29999999999999700 ) );
#4306=EDGE_CURVE ( 'NONE', #3435, #7549, #509, .T. );
#4307=EDGE_CURVE ( 'NONE', #6720, #3673, #13738, .T. );
#4308=EDGE_CURVE ( 'NONE', #4857, #13429, #3695, .T. );
#4309=CARTESIAN_POINT ( 'NONE',  ( -2.724999999999998300, 0.0000000000000000000, 11.90000000000017100 ) );
#4310=MANIFOLD_SOLID_BREP ( 'Boss-Extrude6[5]', #7272 );
#4311=ORIENTED_EDGE ( 'NONE', *, *, #506, .T. );
#4312=EDGE_CURVE ( 'NONE', #5394, #3128, #7017, .T. );
#4313=AXIS2_PLACEMENT_3D ( 'NONE', #8440, #21, #31 );
#4314=DIRECTION ( 'NONE',  ( -1.000000000000000000, 0.0000000000000000000, -8.191749747668242200E-015 ) );
#4315=LINE ( 'NONE', #10056, #110 );
#4316=ORIENTED_EDGE ( 'NONE', *, *, #11044, .F. );
#4317=FACE_OUTER_BOUND ( 'NONE', #1234, .T. );
#4318=AXIS2_PLACEMENT_3D ( 'NONE', #730, #1401, #2474 );
#4319=ORIENTED_EDGE ( 'NONE', *, *, #1410, .T. );
#4320=ADVANCED_FACE ( 'NONE', ( #395 ), #685, .T. );
#4321=ADVANCED_FACE ( 'NONE', ( #7194 ), #49, .F. );
#4322=ORIENTED_EDGE ( 'NONE', *, *, #4312, .F. );
#4323=ORIENTED_EDGE ( 'NONE', *, *, #13644, .F. );
#4324=EDGE_LOOP ( 'NONE', ( #4440, #3652, #5603, #9018 ) );
#4325=CARTESIAN_POINT ( 'NONE',  ( -9.000000000000000000, 0.8000000000000000400, -5.710000000000004400 ) );
#4326=CARTESIAN_POINT ( 'NONE',  ( 0.1999999999999998200, 0.8000000000000000400, -9.900000000000000400 ) );
#4327=ORIENTED_EDGE ( 'NONE', *, *, #3867, .T. );
#4328=CARTESIAN_POINT ( 'NONE',  ( -8.549999999999904800, -1.006230589874914900, 4.079999999999996500 ) );
#4329=PLANE ( 'NONE',  #455 );
#4330=CARTESIAN_POINT ( 'NONE',  ( -2.354999999999999500, -1.006230589874914900, 12.74999999999999800 ) );
#4331=LINE ( 'NONE', #4115, #10 );
#4332=VERTEX_POINT ( 'NONE', #2229 );
#4333=ORIENTED_EDGE ( 'NONE', *, *, #10475, .T. );
#4334=LINE ( 'NONE', #10543, #36 );
#4335=MANIFOLD_SOLID_BREP ( 'Boss-Extrude5[9]', #8119 );
#4336=ORIENTED_EDGE ( 'NONE', *, *, #9084, .T. );
#4337=CARTESIAN_POINT ( 'NONE',  ( 9.000000000000133200, 0.0000000000000000000, -0.0000000000000000000 ) );
#4338=EDGE_CURVE ( 'NONE', #2829, #5394, #2898, .T. );
#4339=ORIENTED_EDGE ( 'NONE', *, *, #5074, .T. );
#4340=ORIENTED_EDGE ( 'NONE', *, *, #12028, .F. );
#4341=EDGE_CURVE ( 'NONE', #12714, #8958, #6290, .T. );
#4342=AXIS2_PLACEMENT_3D ( 'NONE', #2141, #135, #15 );
#4343=EDGE_LOOP ( 'NONE', ( #11831, #6520, #7348, #42, #12023, #3642 ) );
#4344=ADVANCED_FACE ( 'NONE', ( #10050 ), #6103, .F. );
#4345=ORIENTED_EDGE ( 'NONE', *, *, #12321, .F. );
#4346=LINE ( 'NONE', #6160, #184 );
#4347=ORIENTED_EDGE ( 'NONE', *, *, #3779, .F. );
#4348=VERTEX_POINT ( 'NONE', #1365 );
#4349=ORIENTED_EDGE ( 'NONE', *, *, #4788, .T. );
#4350=ORIENTED_EDGE ( 'NONE', *, *, #7693, .T. );
#4351=CARTESIAN_POINT ( 'NONE',  ( 9.000000000000053300, 0.0000000000000000000, -0.6300000000000046700 ) );
#4352=EDGE_LOOP ( 'NONE', ( #11914, #3977, #8836, #13463 ) );
#4353=ORIENTED_EDGE ( 'NONE', *, *, #4604, .F. );
#4354=CARTESIAN_POINT ( 'NONE',  ( -8.549999999999998900, 0.05000000000000000300, -4.810000000000003200 ) );
#4355=CARTESIAN_POINT ( 'NONE',  ( 2.180000000000001500, -1.006230589874914900, 12.74999999999999800 ) );
#4356=LINE ( 'NONE', #9333, #908 );
#4357=PLANE ( 'NONE',  #9452 );
#4358=EDGE_LOOP ( 'NONE', ( #10901, #4108, #2092, #9742 ) );
#4359=LINE ( 'NONE', #11334, #209 );
#4360=DIRECTION ( 'NONE',  ( -1.000000000000000000, 0.0000000000000000000, -4.818676322157799300E-016 ) );
#4361=ADVANCED_FACE ( 'NONE', ( #9560 ), #49, .F. );
#4362=FACE_OUTER_BOUND ( 'NONE', #11368, .T. );
#4363=LINE ( 'NONE', #10231, #209 );
#4364=EDGE_CURVE ( 'NONE', #3444, #2649, #6110, .T. );
#4365=CARTESIAN_POINT ( 'NONE',  ( -8.999999999999865000, 0.8000000000000000400, 6.989999999999989600 ) );
#4366=LINE ( 'NONE', #9350, #36 );
#4367=ORIENTED_EDGE ( 'NONE', *, *, #2134, .F. );
#4368=EDGE_CURVE ( 'NONE', #1691, #5431, #7371, .T. );
#4369=EDGE_LOOP ( 'NONE', ( #10255, #12938, #9492, #7222, #835, #667 ) );
#4370=ORIENTED_EDGE ( 'NONE', *, *, #2626, .F. );
#4371=LINE ( 'NONE', #1289, #36 );
#4372=LINE ( 'NONE', #4167, #205 );
#4373=VECTOR ( 'NONE', #9298, 1000.000000000000000 );
#4374=ORIENTED_EDGE ( 'NONE', *, *, #11972, .T. );
#4375=CARTESIAN_POINT ( 'NONE',  ( 0.0000000000000000000, 0.8000000000000000400, 2.809999999999995600 ) );
#4376=CARTESIAN_POINT ( 'NONE',  ( 0.1850000000000002800, 0.05000000000000000300, 12.29999999999999700 ) );
#4377=EDGE_LOOP ( 'NONE', ( #12213, #3933, #13266, #13023, #11509, #3235 ) );
#4378=EDGE_CURVE ( 'NONE', #12439, #7454, #1269, .T. );
#4379=CARTESIAN_POINT ( 'NONE',  ( 9.000000000000172300, 0.0000000000000000000, 10.79999999999999700 ) );
#4380=LINE ( 'NONE', #513, #4 );
#4381=EDGE_CURVE ( 'NONE', #6352, #1159, #1711, .T. );
#4382=CARTESIAN_POINT ( 'NONE',  ( 0.0000000000000000000, -1.006230589874914900, -1.900000000000006800 ) );
#4383=AXIS2_PLACEMENT_3D ( 'NONE', #5094, #15, #575 );
#4384=ORIENTED_EDGE ( 'NONE', *, *, #11446, .T. );
#4385=CARTESIAN_POINT ( 'NONE',  ( -7.434999999999999600, 0.0000000000000000000, 12.29999999999999700 ) );
#4386=AXIS2_PLACEMENT_3D ( 'NONE', #444, #95, #31 );
#4387=DIRECTION ( 'NONE',  ( -1.000000000000000000, 0.0000000000000000000, -5.536351519074918400E-016 ) );
#4388=ORIENTED_EDGE ( 'NONE', *, *, #12718, .T. );
#4389=ORIENTED_EDGE ( 'NONE', *, *, #10958, .F. );
#4390=VERTEX_POINT ( 'NONE', #1313 );
#4391=ORIENTED_EDGE ( 'NONE', *, *, #11046, .F. );
#4392=ADVANCED_FACE ( 'NONE', ( #5369 ), #13430, .F. );
#4393=ORIENTED_EDGE ( 'NONE', *, *, #9267, .T. );
#4394=CARTESIAN_POINT ( 'NONE',  ( -7.800000000000001600, 0.8000000000000056000, -5.700000000000004600 ) );
#4395=ADVANCED_FACE ( 'NONE', ( #3487 ), #3988, .T. );
#4396=ORIENTED_EDGE ( 'NONE', *, *, #6681, .F. );
#4397=VERTEX_POINT ( 'NONE', #14329 );
#4398=EDGE_CURVE ( 'NONE', #6332, #7416, #2644, .T. );
#4399=LINE ( 'NONE', #4803, #327 );
#4400=AXIS2_PLACEMENT_3D ( 'NONE', #3275, #2595, #1452 );
#4401=EDGE_LOOP ( 'NONE', ( #13029, #3626, #3422, #9922, #8913, #1779 ) );
#4402=EDGE_CURVE ( 'NONE', #8695, #9007, #7520, .T. );
#4403=AXIS2_PLACEMENT_3D ( 'NONE', #11394, #21, #31 );
#4404=VERTEX_POINT ( 'NONE', #8375 );
#4405=LINE ( 'NONE', #3425, #493 );
#4406=EDGE_LOOP ( 'NONE', ( #11553, #1898, #684, #3473 ) );
#4407=FACE_OUTER_BOUND ( 'NONE', #13100, .T. );
#4408=ORIENTED_EDGE ( 'NONE', *, *, #8148, .T. );
#4409=EDGE_LOOP ( 'NONE', ( #13553, #9613, #3431, #6801 ) );
#4410=ORIENTED_EDGE ( 'NONE', *, *, #10447, .T. );
#4411=ADVANCED_FACE ( 'NONE', ( #12095 ), #13561, .F. );
#4412=LINE ( 'NONE', #10183, #2548 );
#4413=CARTESIAN_POINT ( 'NONE',  ( 9.000000000000079900, 0.0000000000000000000, 2.809999999999995600 ) );
#4414=CYLINDRICAL_SURFACE ( 'NONE', #7678, 0.2749999999999997400 );
#4415=VERTEX_POINT ( 'NONE', #1185 );
#4416=FACE_OUTER_BOUND ( 'NONE', #6072, .T. );
#4417=LINE ( 'NONE', #9906, #184 );
#4418=CARTESIAN_POINT ( 'NONE',  ( 9.000000000000133200, 0.8000000000000000400, 7.164999999999905000 ) );
#4419=VERTEX_POINT ( 'NONE', #5395 );
#4420=EDGE_CURVE ( 'NONE', #5694, #1771, #5705, .T. );
#4421=EDGE_CURVE ( 'NONE', #2677, #2888, #11865, .T. );
#4422=VERTEX_POINT ( 'NONE', #10558 );
#4423=EDGE_CURVE ( 'NONE', #2937, #1110, #13420, .T. );
#4424=ORIENTED_EDGE ( 'NONE', *, *, #5235, .T. );
#4425=( GEOMETRIC_REPRESENTATION_CONTEXT ( 3 ) GLOBAL_UNCERTAINTY_ASSIGNED_CONTEXT ( ( #178 ) ) GLOBAL_UNIT_ASSIGNED_CONTEXT ( ( #7, #195, #16 ) ) REPRESENTATION_CONTEXT ( 'NONE', 'WORKASPACE' ) );
#4426=CARTESIAN_POINT ( 'NONE',  ( -8.999999999999865000, 0.0000000000000000000, 6.989999999999996700 ) );
#4427=EDGE_CURVE ( 'NONE', #6695, #12991, #3620, .T. );
#4428=CARTESIAN_POINT ( 'NONE',  ( -8.549999999999972300, 0.0000000000000000000, -3.170000000000004800 ) );
#4429=AXIS2_PLACEMENT_3D ( 'NONE', #744, #445, #1406 );
#4430=CARTESIAN_POINT ( 'NONE',  ( 7.729289321881345200, 30.15163842104813000, -5.700000000000004600 ) );
#4431=CARTESIAN_POINT ( 'NONE',  ( 0.0000000000000000000, 0.8000000000000000400, 0.6399999999999921300 ) );
#4432=ADVANCED_FACE ( 'NONE', ( #6085 ), #685, .T. );
#4433=EDGE_LOOP ( 'NONE', ( #1769, #5631, #10526, #12246 ) );
#4434=ORIENTED_EDGE ( 'NONE', *, *, #5682, .T. );
#4435=ORIENTED_EDGE ( 'NONE', *, *, #13127, .F. );
#4436=VERTEX_POINT ( 'NONE', #7499 );
#4437=VERTEX_POINT ( 'NONE', #6411 );
#4438=VERTEX_POINT ( 'NONE', #4140 );
#4439=ORIENTED_EDGE ( 'NONE', *, *, #4187, .T. );
#4440=ORIENTED_EDGE ( 'NONE', *, *, #2478, .F. );
#4441=CARTESIAN_POINT ( 'NONE',  ( -3.994999999999998300, -1.006230589874914900, 12.74999999999999800 ) );
#4442=EDGE_CURVE ( 'NONE', #10515, #3444, #7355, .T. );
#4443=FACE_OUTER_BOUND ( 'NONE', #13411, .T. );
#4444=EDGE_CURVE ( 'NONE', #8522, #231, #14014, .T. );
#4445=CARTESIAN_POINT ( 'NONE',  ( -8.999999999999905900, 0.8000000000000000400, 0.0000000000000000000 ) );
#4446=EDGE_LOOP ( 'NONE', ( #12367, #4929, #10988, #2485, #1030, #8156 ) );
#4447=EDGE_CURVE ( 'NONE', #14082, #7903, #8384, .T. );
#4448=CARTESIAN_POINT ( 'NONE',  ( 2.725000000000001000, -1.006230589874914900, 0.0000000000000000000 ) );
#4449=CARTESIAN_POINT ( 'NONE',  ( 9.000000000000039100, 0.8000000000000000400, -0.0000000000000000000 ) );
#4450=LINE ( 'NONE', #11022, #36 );
#4451=ORIENTED_EDGE ( 'NONE', *, *, #3280, .T. );
#4452=FACE_OUTER_BOUND ( 'NONE', #10258, .T. );
#4453=ORIENTED_EDGE ( 'NONE', *, *, #10503, .T. );
#4454=EDGE_LOOP ( 'NONE', ( #5366, #457, #5019, #4779 ) );
#4455=FACE_OUTER_BOUND ( 'NONE', #118, .T. );
#4456=ORIENTED_EDGE ( 'NONE', *, *, #9689, .F. );
#4457=ADVANCED_FACE ( 'NONE', ( #10347 ), #13640, .F. );
#4458=ORIENTED_EDGE ( 'NONE', *, *, #1098, .F. );
#4459=CARTESIAN_POINT ( 'NONE',  ( -5.999999999999999100, 3.049999999999999800, 9.749999999999998200 ) );
#4460=EDGE_CURVE ( 'NONE', #3984, #1135, #6827, .T. );
#4461=ORIENTED_EDGE ( 'NONE', *, *, #2140, .F. );
#4462=ORIENTED_EDGE ( 'NONE', *, *, #10879, .T. );
#4463=ORIENTED_EDGE ( 'NONE', *, *, #10393, .F. );
#4464=CARTESIAN_POINT ( 'NONE',  ( 6.535000000000001900, 0.0000000000000000000, -0.0000000000000000000 ) );
#4465=VERTEX_POINT ( 'NONE', #2349 );
#4466=CARTESIAN_POINT ( 'NONE',  ( 0.0000000000000000000, -1.006230589874914900, -1.000000000000003600 ) );
#4467=ORIENTED_EDGE ( 'NONE', *, *, #8250, .T. );
#4468=EDGE_CURVE ( 'NONE', #11525, #3388, #5, .T. );
#4469=LINE ( 'NONE', #8072, #184 );
#4470=ADVANCED_FACE ( 'NONE', ( #4259 ), #309, .T. );
#4471=ORIENTED_EDGE ( 'NONE', *, *, #2896, .F. );
#4472=CARTESIAN_POINT ( 'NONE',  ( -1.049999999999999800, 0.05000000000000000300, 0.6100000000000092000 ) );
#4473=EDGE_CURVE ( 'NONE', #3427, #6321, #1494, .T. );
#4474=ORIENTED_EDGE ( 'NONE', *, *, #3161, .T. );
#4475=ORIENTED_EDGE ( 'NONE', *, *, #6754, .F. );
#4476=ADVANCED_FACE ( 'NONE', ( #142 ), #685, .T. );
#4477=LINE ( 'NONE', #2012, #209 );
#4478=ORIENTED_EDGE ( 'NONE', *, *, #7974, .F. );
#4479=AXIS2_PLACEMENT_3D ( 'NONE', #11, #3531, #780 );
#4480=AXIS2_PLACEMENT_3D ( 'NONE', #733, #575, #19 );
#4481=CARTESIAN_POINT ( 'NONE',  ( -7.529289321881346800, 3.250000000000000000, 11.44919999999999600 ) );
#4482=VERTEX_POINT ( 'NONE', #2743 );
#4483=EDGE_LOOP ( 'NONE', ( #7308, #14182, #4975, #10482 ) );
#4484=AXIS2_PLACEMENT_3D ( 'NONE', #4448, #95, #31 );
#4485=CARTESIAN_POINT ( 'NONE',  ( 8.550000000000169500, 0.05000000000000000300, -2.270000000000003600 ) );
#4486=LINE ( 'NONE', #730, #4 );
#4487=ORIENTED_EDGE ( 'NONE', *, *, #10110, .F. );
#4488=EDGE_LOOP ( 'NONE', ( #7917, #113, #3405, #12671 ) );
#4489=ORIENTED_EDGE ( 'NONE', *, *, #8435, .F. );
#4490=EDGE_LOOP ( 'NONE', ( #3256, #11293, #1812, #13746 ) );
#4491=VERTEX_POINT ( 'NONE', #9850 );
#4492=ORIENTED_EDGE ( 'NONE', *, *, #1268, .F. );
#4493=ORIENTED_EDGE ( 'NONE', *, *, #14510, .T. );
#4494=ADVANCED_FACE ( 'NONE', ( #8387 ), #233, .T. );
#4495=PLANE ( 'NONE',  #10417 );
#4496=MECHANICAL_DESIGN_GEOMETRIC_PRESENTATION_REPRESENTATION (  '', ( #7867 ), #13714 );
#4497=FACE_OUTER_BOUND ( 'NONE', #10666, .T. );
#4498=EDGE_CURVE ( 'NONE', #9696, #5025, #10036, .T. );
#4499=ORIENTED_EDGE ( 'NONE', *, *, #9147, .T. );
#4500=CARTESIAN_POINT ( 'NONE',  ( -8.150000000000007500, -0.0000000000000000000, -2.270000000000003600 ) );
#4501=EDGE_CURVE ( 'NONE', #3234, #1672, #348, .T. );
#4502=FACE_OUTER_BOUND ( 'NONE', #10415, .T. );
#4503=CARTESIAN_POINT ( 'NONE',  ( 8.550000000000169500, 0.05000000000000000300, 10.42999999999999600 ) );
#4504=EDGE_CURVE ( 'NONE', #9956, #414, #1894, .T. );
#4505=AXIS2_PLACEMENT_3D ( 'NONE', #1521, #95, #31 );
#4506=ORIENTED_EDGE ( 'NONE', *, *, #9960, .F. );
#4507=ORIENTED_EDGE ( 'NONE', *, *, #1439, .T. );
#4508=LINE ( 'NONE', #4140, #110 );
#4509=PLANE ( 'NONE',  #5551 );
#4510=VECTOR ( 'NONE', #1638, 1000.000000000000000 );
#4511=VERTEX_POINT ( 'NONE', #1599 );
#4512=ADVANCED_FACE ( 'NONE', ( #1689 ), #9896, .F. );
#4513=ORIENTED_EDGE ( 'NONE', *, *, #855, .F. );
#4514=VERTEX_POINT ( 'NONE', #345 );
#4515=ORIENTED_EDGE ( 'NONE', *, *, #6613, .T. );
#4516=EDGE_CURVE ( 'NONE', #13323, #8450, #4066, .T. );
#4517=EDGE_LOOP ( 'NONE', ( #14466, #10174, #10838, #2567, #1560, #7340 ) );
#4518=EDGE_CURVE ( 'NONE', #414, #11478, #10501, .T. );
#4519=ORIENTED_EDGE ( 'NONE', *, *, #1491, .T. );
#4520=EDGE_CURVE ( 'NONE', #7959, #9223, #7692, .T. );
#4521=STYLED_ITEM ( 'NONE', ( #77 ), #8322 );
#4522=ORIENTED_EDGE ( 'NONE', *, *, #12931, .F. );
#4523=EDGE_CURVE ( 'NONE', #10408, #4304, #9875, .T. );
#4524=ORIENTED_EDGE ( 'NONE', *, *, #5007, .T. );
#4525=EDGE_LOOP ( 'NONE', ( #6029, #12255, #1685, #7862 ) );
#4526=ORIENTED_EDGE ( 'NONE', *, *, #5297, .T. );
#4527=ORIENTED_EDGE ( 'NONE', *, *, #2021, .F. );
#4528=LINE ( 'NONE', #2216, #110 );
#4529=ORIENTED_EDGE ( 'NONE', *, *, #12010, .F. );
#4530=EDGE_LOOP ( 'NONE', ( #335, #12738, #6283, #9678, #7314, #1282, #5190, #6913 ) );
#4531=VERTEX_POINT ( 'NONE', #3198 );
#4532=CARTESIAN_POINT ( 'NONE',  ( -8.999999999999973400, 0.0000000000000000000, -2.270000000000003600 ) );
#4533=LINE ( 'NONE', #2790, #36 );
#4534=ORIENTED_EDGE ( 'NONE', *, *, #4368, .T. );
#4535=LINE ( 'NONE', #296, #1598 );
#4536=EDGE_CURVE ( 'NONE', #6959, #8476, #2300, .T. );
#4537=VERTEX_POINT ( 'NONE', #1549 );
#4538=ORIENTED_EDGE ( 'NONE', *, *, #5779, .T. );
#4539=EDGE_LOOP ( 'NONE', ( #4968, #10773, #9718, #5165 ) );
#4540=EDGE_CURVE ( 'NONE', #8115, #2759, #5, .T. );
#4541=LINE ( 'NONE', #1002, #205 );
#4542=ORIENTED_EDGE ( 'NONE', *, *, #5776, .T. );
#4543=VERTEX_POINT ( 'NONE', #5617 );
#4544=EDGE_CURVE ( 'NONE', #8659, #828, #9342, .T. );
#4545=STYLED_ITEM ( 'NONE', ( #77 ), #13366 );
#4546=FACE_OUTER_BOUND ( 'NONE', #10014, .T. );
#4547=ORIENTED_EDGE ( 'NONE', *, *, #10409, .T. );
#4548=DIRECTION ( 'NONE',  ( -2.901719268906658500E-013, 0.0000000000000000000, -1.000000000000000000 ) );
#4549=ORIENTED_EDGE ( 'NONE', *, *, #9151, .F. );
#4550=PRESENTATION_LAYER_ASSIGNMENT (  '', '', ( #9348 ) );
#4551=LINE ( 'NONE', #3446, #205 );
#4552=EDGE_CURVE ( 'NONE', #9868, #3152, #12550, .T. );
#4553=ADVANCED_FACE ( 'NONE', ( #1475 ), #233, .T. );
#4554=EDGE_LOOP ( 'NONE', ( #4489, #6074, #7142, #8103 ) );
#4555=MECHANICAL_DESIGN_GEOMETRIC_PRESENTATION_REPRESENTATION (  '', ( #535 ), #2248 );
#4556=ADVANCED_FACE ( 'NONE', ( #4455 ), #685, .T. );
#4557=LINE ( 'NONE', #13275, #327 );
#4558=CARTESIAN_POINT ( 'NONE',  ( -5.264999999999997900, 0.8000000000000000400, 12.29999999999999700 ) );
#4559=PLANE ( 'NONE',  #3905 );
#4560=CARTESIAN_POINT ( 'NONE',  ( -8.999999999999944900, 0.8000000000000000400, -0.6300000000000037800 ) );
#4561=FACE_OUTER_BOUND ( 'NONE', #4017, .T. );
#4562=ORIENTED_EDGE ( 'NONE', *, *, #11461, .T. );
#4563=EDGE_LOOP ( 'NONE', ( #6542, #10974, #1788, #8364, #304, #9870 ) );
#4564=EDGE_CURVE ( 'NONE', #6240, #12694, #4827, .T. );
#4565=ORIENTED_EDGE ( 'NONE', *, *, #4501, .T. );
#4566=DIRECTION ( 'NONE',  ( -8.432683563776133300E-015, 0.0000000000000000000, 1.000000000000000000 ) );
#4567=EDGE_CURVE ( 'NONE', #5803, #4973, #1049, .T. );
#4568=LINE ( 'NONE', #1799, #4 );
#4569=CARTESIAN_POINT ( 'NONE',  ( 8.150000000000170900, 0.0000000000000000000, 4.449999999999995700 ) );
#4570=CARTESIAN_POINT ( 'NONE',  ( 9.000000000000024900, 0.0000000000000000000, -0.0000000000000000000 ) );
#4571=ADVANCED_FACE ( 'NONE', ( #2282 ), #49, .T. );
#4572=EDGE_CURVE ( 'NONE', #7411, #2029, #5517, .T. );
#4573=CARTESIAN_POINT ( 'NONE',  ( -3.624999999999999600, -1.006230589874914900, 12.74999999999999800 ) );
#4574=LINE ( 'NONE', #438, #493 );
#4575=EDGE_LOOP ( 'NONE', ( #2109, #11103, #1448, #3088 ) );
#4576=ORIENTED_EDGE ( 'NONE', *, *, #9669, .F. );
#4577=ORIENTED_EDGE ( 'NONE', *, *, #3594, .T. );
#4578=CARTESIAN_POINT ( 'NONE',  ( -1.050000000000000900, 0.05000000000000000300, 4.310000000000007600 ) );
#4579=LINE ( 'NONE', #7276, #36 );
#4580=CARTESIAN_POINT ( 'NONE',  ( -8.150000000000007500, 0.05000000000000000300, -3.170000000000004800 ) );
#4581=EDGE_CURVE ( 'NONE', #7392, #4052, #13711, .T. );
#4582=PLANE ( 'NONE',  #8643 );
#4583=CARTESIAN_POINT ( 'NONE',  ( 8.550000000000013100, 0.8000000000000000400, -0.0000000000000000000 ) );
#4584=EDGE_LOOP ( 'NONE', ( #5029, #8890, #2819, #2262, #12709, #7591 ) );
#4585=EDGE_CURVE ( 'NONE', #10450, #4635, #8549, .T. );
#4586=ADVANCED_FACE ( 'NONE', ( #11311 ), #10197, .F. );
#4587=ORIENTED_EDGE ( 'NONE', *, *, #7711, .F. );
#4588=ORIENTED_EDGE ( 'NONE', *, *, #5119, .F. );
#4589=PRESENTATION_LAYER_ASSIGNMENT (  '', '', ( #9838 ) );
#4590=EDGE_LOOP ( 'NONE', ( #6912, #7934, #7378, #3489, #11798, #4001 ) );
#4591=VERTEX_POINT ( 'NONE', #2815 );
#4592=LINE ( 'NONE', #3356, #209 );
#4593=CARTESIAN_POINT ( 'NONE',  ( -8.549999999999958100, -1.006230589874914900, 0.0000000000000000000 ) );
#4594=CARTESIAN_POINT ( 'NONE',  ( -8.999999999999879200, 0.8000000000000000400, 5.719999999999990900 ) );
#4595=FACE_OUTER_BOUND ( 'NONE', #3524, .T. );
#4596=PLANE ( 'NONE',  #14419 );
#4597=ORIENTED_EDGE ( 'NONE', *, *, #13550, .F. );
#4598=LINE ( 'NONE', #82, #205 );
#4599=ORIENTED_EDGE ( 'NONE', *, *, #7596, .F. );
#4600=CARTESIAN_POINT ( 'NONE',  ( 6.535000000000001900, 0.8000000000000000400, 12.29999999999999700 ) );
#4601=CARTESIAN_POINT ( 'NONE',  ( 8.550000000000023800, 0.8000000000000000400, -3.170000000000004800 ) );
#4602=ORIENTED_EDGE ( 'NONE', *, *, #7126, .F. );
#4603=CARTESIAN_POINT ( 'NONE',  ( -8.999999999999840100, 0.0000000000000000000, 10.42999999999999400 ) );
#4604=EDGE_CURVE ( 'NONE', #11689, #11122, #7002, .T. );
#4605=EDGE_CURVE ( 'NONE', #11585, #7023, #14438, .T. );
#4606=PLANE ( 'NONE',  #1076 );
#4607=EDGE_CURVE ( 'NONE', #3428, #5000, #14159, .T. );
#4608=AXIS2_PLACEMENT_3D ( 'NONE', #2481, #2403, #1169 );
#4609=LINE ( 'NONE', #4441, #36 );
#4610=EDGE_CURVE ( 'NONE', #2302, #6216, #8212, .T. );
#4611=AXIS2_PLACEMENT_3D ( 'NONE', #11, #6140, #780 );
#4612=LINE ( 'NONE', #2777, #209 );
#4613=MECHANICAL_DESIGN_GEOMETRIC_PRESENTATION_REPRESENTATION (  '', ( #13801 ), #5875 );
#4614=ORIENTED_EDGE ( 'NONE', *, *, #7093, .T. );
#4615=CARTESIAN_POINT ( 'NONE',  ( -8.549999999999984700, 0.8000000000000000400, -3.540000000000003100 ) );
#4616=ORIENTED_EDGE ( 'NONE', *, *, #3326, .T. );
#4617=ORIENTED_EDGE ( 'NONE', *, *, #9064, .T. );
#4618=LINE ( 'NONE', #8092, #4 );
#4619=ORIENTED_EDGE ( 'NONE', *, *, #9187, .F. );
#4620=ORIENTED_EDGE ( 'NONE', *, *, #9100, .F. );
#4621=ORIENTED_EDGE ( 'NONE', *, *, #11706, .F. );
#4622=VECTOR ( 'NONE', #793, 1000.000000000000000 );
#4623=LINE ( 'NONE', #7015, #3063 );
#4624=CARTESIAN_POINT ( 'NONE',  ( 1.455000000000000500, 0.8000000000000000400, 12.74999999999999800 ) );
#4625=ADVANCED_FACE ( 'NONE', ( #11622 ), #959, .F. );
#4626=ADVANCED_FACE ( 'NONE', ( #12081 ), #275, .F. );
#4627=CARTESIAN_POINT ( 'NONE',  ( 9.000000000000104800, -1.006230589874914900, 4.449999999999995700 ) );
#4628=EDGE_CURVE ( 'NONE', #8415, #5064, #588, .T. );
#4629=EDGE_LOOP ( 'NONE', ( #1058, #6837, #9839, #13799 ) );
#4630=EDGE_CURVE ( 'NONE', #5212, #12749, #7864, .T. );
#4631=ORIENTED_EDGE ( 'NONE', *, *, #10164, .T. );
#4632=EDGE_LOOP ( 'NONE', ( #11994, #8585, #8590, #2404 ) );
#4633=EDGE_CURVE ( 'NONE', #11550, #8492, #11466, .T. );
#4634=EDGE_LOOP ( 'NONE', ( #11880, #10461, #7688, #13783, #2376, #9448 ) );
#4635=VERTEX_POINT ( 'NONE', #2918 );
#4636=ORIENTED_EDGE ( 'NONE', *, *, #10241, .T. );
#4637=CARTESIAN_POINT ( 'NONE',  ( 8.150000000000170900, 0.05000000000000000300, 9.529999999999995800 ) );
#4638=FACE_OUTER_BOUND ( 'NONE', #7472, .T. );
#4639=CARTESIAN_POINT ( 'NONE',  ( 7.729289321881345200, 3.049999999999999800, 0.0000000000000000000 ) );
#4640=VERTEX_POINT ( 'NONE', #11 );
#4641=ORIENTED_EDGE ( 'NONE', *, *, #2408, .T. );
#4642=ADVANCED_FACE ( 'NONE', ( #8694 ), #5663, .T. );
#4643=LINE ( 'NONE', #321, #205 );
#4644=VERTEX_POINT ( 'NONE', #840 );
#4645=PLANE ( 'NONE',  #2071 );
#4646=VERTEX_POINT ( 'NONE', #705 );
#4647=EDGE_CURVE ( 'NONE', #3622, #10651, #9369, .T. );
#4648=ORIENTED_EDGE ( 'NONE', *, *, #6313, .T. );
#4649=VERTEX_POINT ( 'NONE', #2144 );
#4650=EDGE_CURVE ( 'NONE', #6868, #5113, #3477, .T. );
#4651=ORIENTED_EDGE ( 'NONE', *, *, #8460, .F. );
#4652=CARTESIAN_POINT ( 'NONE',  ( 0.3499999999999998100, 0.05000000000000000300, 0.6100000000000189700 ) );
#4653=CARTESIAN_POINT ( 'NONE',  ( 5.715000000000001600, 0.0000000000000000000, 12.74999999999999800 ) );
#4654=ORIENTED_EDGE ( 'NONE', *, *, #11684, .T. );
#4655=( GEOMETRIC_REPRESENTATION_CONTEXT ( 3 ) GLOBAL_UNCERTAINTY_ASSIGNED_CONTEXT ( ( #178 ) ) GLOBAL_UNIT_ASSIGNED_CONTEXT ( ( #7, #195, #16 ) ) REPRESENTATION_CONTEXT ( 'NONE', 'WORKASPACE' ) );
#4656=MANIFOLD_SOLID_BREP ( 'Boss-Extrude5[30]', #12815 );
#4657=ORIENTED_EDGE ( 'NONE', *, *, #13609, .T. );
#4658=LINE ( 'NONE', #331, #45 );
#4659=EDGE_CURVE ( 'NONE', #12821, #8617, #3485, .T. );
#4660=ORIENTED_EDGE ( 'NONE', *, *, #13101, .F. );
#4661=CARTESIAN_POINT ( 'NONE',  ( -8.999999999999879200, 0.0000000000000000000, 0.0000000000000000000 ) );
#4662=ORIENTED_EDGE ( 'NONE', *, *, #2235, .F. );
#4663=ADVANCED_FACE ( 'NONE', ( #12385 ), #49, .T. );
#4664=ORIENTED_EDGE ( 'NONE', *, *, #1511, .F. );
#4665=ORIENTED_EDGE ( 'NONE', *, *, #7653, .T. );
#4666=VERTEX_POINT ( 'NONE', #3794 );
#4667=ORIENTED_EDGE ( 'NONE', *, *, #2623, .F. );
#4668=VERTEX_POINT ( 'NONE', #3425 );
#4669=ORIENTED_EDGE ( 'NONE', *, *, #10369, .F. );
#4670=EDGE_CURVE ( 'NONE', #3671, #4178, #1494, .T. );
#4671=CARTESIAN_POINT ( 'NONE',  ( 7.749200000000000100, 3.250000000000000000, 0.0000000000000000000 ) );
#4672=EDGE_LOOP ( 'NONE', ( #3543, #1190, #7396, #8130 ) );
#4673=LINE ( 'NONE', #3325, #36 );
#4674=LINE ( 'NONE', #1206, #4 );
#4675=EDGE_CURVE ( 'NONE', #4815, #7792, #6070, .T. );
#4676=EDGE_CURVE ( 'NONE', #624, #5791, #6918, .T. );
#4677=CARTESIAN_POINT ( 'NONE',  ( -8.549999999999853300, 0.8000000000000000400, 9.159999999999998400 ) );
#4678=EDGE_LOOP ( 'NONE', ( #3154, #12869, #9930, #210 ) );
#4679=VERTEX_POINT ( 'NONE', #2851 );
#4680=PRESENTATION_LAYER_ASSIGNMENT (  '', '', ( #8031 ) );
#4681=PLANE ( 'NONE',  #4905 );
#4682=AXIS2_PLACEMENT_3D ( 'NONE', #10700, #21, #31 );
#4683=ORIENTED_EDGE ( 'NONE', *, *, #13661, .T. );
#4684=CARTESIAN_POINT ( 'NONE',  ( 2.599999999999997000, 0.7500000000000000000, -9.099999999999999600 ) );
#4685=CARTESIAN_POINT ( 'NONE',  ( 8.550000000000118000, 0.04999999999999991300, 6.619999999999996600 ) );
#4686=LINE ( 'NONE', #182, #36 );
#4687=ORIENTED_EDGE ( 'NONE', *, *, #10066, .T. );
#4688=CARTESIAN_POINT ( 'NONE',  ( -7.529289321881346800, 3.049999999999999800, 11.44919999999999800 ) );
#4689=LINE ( 'NONE', #12957, #327 );
#4690=VERTEX_POINT ( 'NONE', #5053 );
#4691=ORIENTED_EDGE ( 'NONE', *, *, #12617, .F. );
#4692=ORIENTED_EDGE ( 'NONE', *, *, #8649, .T. );
#4693=ORIENTED_EDGE ( 'NONE', *, *, #11223, .T. );
#4694=EDGE_LOOP ( 'NONE', ( #9214, #9738, #4042, #13217, #3350, #13255 ) );
#4695=EDGE_CURVE ( 'NONE', #3318, #7082, #8370, .T. );
#4696=ORIENTED_EDGE ( 'NONE', *, *, #6919, .F. );
#4697=EDGE_CURVE ( 'NONE', #8185, #2829, #9701, .T. );
#4698=EDGE_CURVE ( 'NONE', #916, #8385, #2872, .T. );
#4699=ADVANCED_FACE ( 'NONE', ( #9030 ), #9474, .F. );
#4700=LINE ( 'NONE', #6950, #493 );
#4701=CARTESIAN_POINT ( 'NONE',  ( -6.984999999999999400, 0.8000000000000000400, 12.74999999999999800 ) );
#4702=EDGE_LOOP ( 'NONE', ( #2930, #10106, #2947, #10141 ) );
#4703=EDGE_CURVE ( 'NONE', #1354, #4172, #2179, .T. );
#4704=CARTESIAN_POINT ( 'NONE',  ( -6.534999999999998400, 0.0000000000000000000, 12.29999999999999700 ) );
#4705=AXIS2_PLACEMENT_3D ( 'NONE', #6371, #214, #4213 );
#4706=CARTESIAN_POINT ( 'NONE',  ( 9.000000000000012400, 0.0000000000000000000, -3.540000000000004000 ) );
#4707=ADVANCED_FACE ( 'NONE', ( #1009 ), #14310, .T. );
#4708=AXIS2_PLACEMENT_3D ( 'NONE', #9331, #214, #31 );
#4709=ORIENTED_EDGE ( 'NONE', *, *, #4761, .T. );
#4710=CARTESIAN_POINT ( 'NONE',  ( -9.000000000000000000, 0.0000000000000000000, -5.710000000000004400 ) );
#4711=CARTESIAN_POINT ( 'NONE',  ( -2.449999999999999700, 0.0000000000000000000, 4.309999999999996900 ) );
#4712=ORIENTED_EDGE ( 'NONE', *, *, #2377, .T. );
#4713=CARTESIAN_POINT ( 'NONE',  ( -3.624999999999999600, 0.05000000000000000300, 11.90000000000017100 ) );
#4714=VERTEX_POINT ( 'NONE', #1111 );
#4715=LINE ( 'NONE', #2904, #10 );
#4716=ORIENTED_EDGE ( 'NONE', *, *, #4697, .T. );
#4717=ORIENTED_EDGE ( 'NONE', *, *, #13980, .F. );
#4718=VERTEX_POINT ( 'NONE', #5069 );
#4719=VERTEX_POINT ( 'NONE', #1040 );
#4720=ORIENTED_EDGE ( 'NONE', *, *, #12548, .F. );
#4721=EDGE_LOOP ( 'NONE', ( #7914, #2391, #8290, #13140 ) );
#4722=CARTESIAN_POINT ( 'NONE',  ( 6.165000000000002700, 0.0000000000000000000, -0.0000000000000000000 ) );
#4723=VERTEX_POINT ( 'NONE', #5865 );
#4724=FACE_OUTER_BOUND ( 'NONE', #8401, .T. );
#4725=VERTEX_POINT ( 'NONE', #2781 );
#4726=EDGE_CURVE ( 'NONE', #4295, #2632, #4190, .T. );
#4727=EDGE_CURVE ( 'NONE', #13477, #11312, #12222, .T. );
#4728=FACE_OUTER_BOUND ( 'NONE', #11532, .T. );
#4729=CARTESIAN_POINT ( 'NONE',  ( -2.199999999999999700, 0.8000000000000000400, -11.44999999999999900 ) );
#4730=ADVANCED_FACE ( 'NONE', ( #13557 ), #959, .F. );
#4731=AXIS2_PLACEMENT_3D ( 'NONE', #1082, #15, #575 );
#4732=ORIENTED_EDGE ( 'NONE', *, *, #14336, .F. );
#4733=EDGE_CURVE ( 'NONE', #1027, #10360, #4618, .T. );
#4734=FACE_OUTER_BOUND ( 'NONE', #9947, .T. );
#4735=ORIENTED_EDGE ( 'NONE', *, *, #5889, .F. );
#4736=LINE ( 'NONE', #552, #493 );
#4737=FACE_OUTER_BOUND ( 'NONE', #10168, .T. );
#4738=CARTESIAN_POINT ( 'NONE',  ( 1.085000000000001700, 0.0000000000000000000, 12.29999999999999700 ) );
#4739=CARTESIAN_POINT ( 'NONE',  ( 0.0000000000000000000, 0.0000000000000000000, -2.270000000000003600 ) );
#4740=LINE ( 'NONE', #4431, #327 );
#4741=ORIENTED_EDGE ( 'NONE', *, *, #3014, .T. );
#4742=PLANE ( 'NONE',  #1134 );
#4743=ADVANCED_FACE ( 'NONE', ( #5151 ), #8537, .F. );
#4744=EDGE_CURVE ( 'NONE', #68, #10408, #4041, .T. );
#4745=ORIENTED_EDGE ( 'NONE', *, *, #1887, .F. );
#4746=EDGE_CURVE ( 'NONE', #3035, #11941, #339, .T. );
#4747=FACE_OUTER_BOUND ( 'NONE', #5559, .T. );
#4748=EDGE_CURVE ( 'NONE', #14200, #5645, #11656, .T. );
#4749=AXIS2_PLACEMENT_3D ( 'NONE', #12094, #95, #31 );
#4750=AXIS2_PLACEMENT_3D ( 'NONE', #4472, #5171, #1025 );
#4751=FACE_OUTER_BOUND ( 'NONE', #7133, .T. );
#4752=LINE ( 'NONE', #8876, #209 );
#4753=EDGE_CURVE ( 'NONE', #2040, #2605, #1202, .T. );
#4754=CLOSED_SHELL ( 'NONE', ( #13446, #2008, #11440, #13917, #11628, #10898, #7809, #13327, #7449, #13289 ) );
#4755=AXIS2_PLACEMENT_3D ( 'NONE', #9580, #19, #135 );
#4756=EDGE_LOOP ( 'NONE', ( #1999, #1011, #2175, #7396 ) );
#4757=PLANE ( 'NONE',  #3306 );
#4758=VERTEX_POINT ( 'NONE', #7405 );
#4759=LINE ( 'NONE', #80, #4 );
#4760=ORIENTED_EDGE ( 'NONE', *, *, #7261, .T. );
#4761=EDGE_CURVE ( 'NONE', #6895, #10308, #9687, .T. );
#4762=FACE_OUTER_BOUND ( 'NONE', #6545, .T. );
#4763=CARTESIAN_POINT ( 'NONE',  ( 9.000000000000030200, -1.006230589874914900, 3.629999999999779200 ) );
#4764=EDGE_CURVE ( 'NONE', #13055, #412, #1449, .T. );
#4765=ORIENTED_EDGE ( 'NONE', *, *, #12620, .T. );
#4766=ORIENTED_EDGE ( 'NONE', *, *, #7464, .F. );
#4767=CARTESIAN_POINT ( 'NONE',  ( 9.000000000000012400, 0.0000000000000000000, -3.715000000000034900 ) );
#4768=CARTESIAN_POINT ( 'NONE',  ( -4.895000000000000500, 0.0000000000000000000, 0.0000000000000000000 ) );
#4769=CARTESIAN_POINT ( 'NONE',  ( -0.6000000000000003100, 0.7500000000000000000, -11.44999999999999900 ) );
#4770=EDGE_LOOP ( 'NONE', ( #3046, #9634, #12896, #4435 ) );
#4771=CARTESIAN_POINT ( 'NONE',  ( 7.729289321881345200, 2.999200000000000500, 11.44919999999999600 ) );
#4772=ADVANCED_FACE ( 'NONE', ( #2073 ), #1277, .T. );
#4773=CARTESIAN_POINT ( 'NONE',  ( 6.165000000000002700, -1.006230589874914900, 12.29999999999999700 ) );
#4774=ORIENTED_EDGE ( 'NONE', *, *, #7973, .F. );
#4775=ORIENTED_EDGE ( 'NONE', *, *, #4187, .F. );
#4776=LINE ( 'NONE', #5416, #209 );
#4777=ADVANCED_FACE ( 'NONE', ( #12669 ), #11620, .F. );
#4778=ORIENTED_EDGE ( 'NONE', *, *, #12587, .T. );
#4779=ORIENTED_EDGE ( 'NONE', *, *, #3480, .F. );
#4780=FACE_OUTER_BOUND ( 'NONE', #3481, .T. );
#4781=ORIENTED_EDGE ( 'NONE', *, *, #10105, .F. );
#4782=ORIENTED_EDGE ( 'NONE', *, *, #720, .T. );
#4783=CARTESIAN_POINT ( 'NONE',  ( 9.000000000000053300, 0.0000000000000000000, 0.2699999999999959100 ) );
#4784=ORIENTED_EDGE ( 'NONE', *, *, #7542, .F. );
#4785=LINE ( 'NONE', #8753, #184 );
#4786=FACE_OUTER_BOUND ( 'NONE', #8646, .T. );
#4787=EDGE_CURVE ( 'NONE', #657, #5172, #8019, .T. );
#4788=EDGE_CURVE ( 'NONE', #7561, #5152, #1150, .T. );
#4789=CARTESIAN_POINT ( 'NONE',  ( -1.084999999999999100, 0.05000000000000000300, 11.90000000000017100 ) );
#4790=ORIENTED_EDGE ( 'NONE', *, *, #11500, .T. );
#4791=EDGE_CURVE ( 'NONE', #10147, #10487, #357, .T. );
#4792=FACE_OUTER_BOUND ( 'NONE', #1987, .T. );
#4793=VERTEX_POINT ( 'NONE', #6 );
#4794=ORIENTED_EDGE ( 'NONE', *, *, #5807, .F. );
#4795=EDGE_LOOP ( 'NONE', ( #1093, #9332, #8471, #5892 ) );
#4796=ADVANCED_FACE ( 'NONE', ( #4970 ), #49, .T. );
#4797=ORIENTED_EDGE ( 'NONE', *, *, #10546, .T. );
#4798=FACE_OUTER_BOUND ( 'NONE', #10932, .T. );
#4799=VECTOR ( 'NONE', #3321, 1000.000000000000000 );
#4800=ORIENTED_EDGE ( 'NONE', *, *, #5650, .F. );
#4801=CARTESIAN_POINT ( 'NONE',  ( -1.904999999999998700, -1.006230589874914900, 12.74999999999999800 ) );
#4802=VERTEX_POINT ( 'NONE', #6736 );
#4803=CARTESIAN_POINT ( 'NONE',  ( 0.0000000000000000000, 0.8000000000000000400, 8.259999999999996200 ) );
#4804=LINE ( 'NONE', #2122, #205 );
#4805=VERTEX_POINT ( 'NONE', #3364 );
#4806=ORIENTED_EDGE ( 'NONE', *, *, #3796, .T. );
#4807=EDGE_CURVE ( 'NONE', #1159, #8775, #7529, .T. );
#4808=CARTESIAN_POINT ( 'NONE',  ( -1.084999999999999100, 0.8000000000000000400, 12.29999999999999700 ) );
#4809=EDGE_CURVE ( 'NONE', #4635, #8307, #568, .T. );
#4810=VECTOR ( 'NONE', #6705, 1000.000000000000000 );
#4811=EDGE_CURVE ( 'NONE', #11015, #1930, #10813, .T. );
#4812=ORIENTED_EDGE ( 'NONE', *, *, #849, .T. );
#4813=VERTEX_POINT ( 'NONE', #1941 );
#4814=EDGE_CURVE ( 'NONE', #2517, #2355, #13405, .T. );
#4815=VERTEX_POINT ( 'NONE', #3078 );
#4816=ADVANCED_FACE ( 'NONE', ( #1233 ), #746, .F. );
#4817=FACE_OUTER_BOUND ( 'NONE', #11423, .T. );
#4818=AXIS2_PLACEMENT_3D ( 'NONE', #460, #95, #31 );
#4819=ORIENTED_EDGE ( 'NONE', *, *, #9128, .T. );
#4820=LINE ( 'NONE', #2846, #205 );
#4821=ORIENTED_EDGE ( 'NONE', *, *, #7099, .F. );
#4822=LINE ( 'NONE', #5684, #36 );
#4823=ORIENTED_EDGE ( 'NONE', *, *, #13696, .T. );
#4824=ORIENTED_EDGE ( 'NONE', *, *, #5119, .T. );
#4825=CARTESIAN_POINT ( 'NONE',  ( 0.1850000000000002800, 0.8000000000000000400, 12.74999999999999800 ) );
#4826=CARTESIAN_POINT ( 'NONE',  ( 9.000000000000119000, 0.0000000000000000000, 5.719999999999997100 ) );
#4827=LINE ( 'NONE', #6763, #2780 );
#4828=ORIENTED_EDGE ( 'NONE', *, *, #3478, .F. );
#4829=EDGE_LOOP ( 'NONE', ( #3021, #857, #7679, #5606 ) );
#4830=ORIENTED_EDGE ( 'NONE', *, *, #6790, .T. );
#4831=EDGE_LOOP ( 'NONE', ( #11091, #9249, #5587, #11783 ) );
#4832=EDGE_CURVE ( 'NONE', #10133, #2962, #2663, .T. );
#4833=VERTEX_POINT ( 'NONE', #4020 );
#4834=EDGE_CURVE ( 'NONE', #710, #12193, #3503, .T. );
#4835=CARTESIAN_POINT ( 'NONE',  ( 9.000000000000092400, 0.0000000000000000000, 3.179999999999996200 ) );
#4836=ORIENTED_EDGE ( 'NONE', *, *, #11756, .T. );
#4837=EDGE_CURVE ( 'NONE', #5063, #13134, #1494, .T. );
#4838=AXIS2_PLACEMENT_3D ( 'NONE', #1907, #95, #31 );
#4839=CYLINDRICAL_SURFACE ( 'NONE', #1535, 0.2749999999999991900 );
#4840=ORIENTED_EDGE ( 'NONE', *, *, #11143, .F. );
#4841=FACE_OUTER_BOUND ( 'NONE', #5495, .T. );
#4842=LINE ( 'NONE', #7182, #209 );
#4843=VERTEX_POINT ( 'NONE', #10900 );
#4844=ORIENTED_EDGE ( 'NONE', *, *, #6978, .F. );
#4845=CARTESIAN_POINT ( 'NONE',  ( -8.549999999999824900, -1.006230589874914900, 11.69999999999999800 ) );
#4846=EDGE_CURVE ( 'NONE', #11161, #14185, #11924, .T. );
#4847=ORIENTED_EDGE ( 'NONE', *, *, #8487, .T. );
#4848=VERTEX_POINT ( 'NONE', #7721 );
#4849=STYLED_ITEM ( 'NONE', ( #77 ), #4656 );
#4850=LINE ( 'NONE', #2549, #36 );
#4851=LINE ( 'NONE', #528, #4 );
#4852=EDGE_LOOP ( 'NONE', ( #8624, #14093, #8138, #3274 ) );
#4853=ORIENTED_EDGE ( 'NONE', *, *, #14143, .T. );
#4854=ORIENTED_EDGE ( 'NONE', *, *, #8766, .F. );
#4855=ORIENTED_EDGE ( 'NONE', *, *, #4846, .F. );
#4856=LINE ( 'NONE', #56, #110 );
#4857=VERTEX_POINT ( 'NONE', #1576 );
#4858=ADVANCED_FACE ( 'NONE', ( #11290 ), #8758, .F. );
#4859=EDGE_LOOP ( 'NONE', ( #8894, #11273, #5519, #4110 ) );
#4860=CARTESIAN_POINT ( 'NONE',  ( -8.549999999999998900, 0.8000000000000000400, -4.810000000000003200 ) );
#4861=ADVANCED_FACE ( 'NONE', ( #9196 ), #4240, .F. );
#4862=EDGE_LOOP ( 'NONE', ( #1464, #2192, #9991, #8198 ) );
#4863=EDGE_CURVE ( 'NONE', #4419, #2040, #798, .T. );
#4864=CARTESIAN_POINT ( 'NONE',  ( 9.000000000000145700, -1.006230589874914900, 8.985000000000097100 ) );
#4865=ORIENTED_EDGE ( 'NONE', *, *, #1921, .T. );
#4866=ORIENTED_EDGE ( 'NONE', *, *, #14491, .T. );
#4867=VERTEX_POINT ( 'NONE', #6439 );
#4868=EDGE_CURVE ( 'NONE', #5212, #11072, #5095, .T. );
#4869=ORIENTED_EDGE ( 'NONE', *, *, #1679, .T. );
#4870=ORIENTED_EDGE ( 'NONE', *, *, #14487, .T. );
#4871=CLOSED_SHELL ( 'NONE', ( #6632, #1870, #7108, #8918, #706, #11713, #1381, #8648, #11271, #382 ) );
#4872=ADVANCED_FACE ( 'NONE', ( #6254 ), #13705, .F. );
#4873=VERTEX_POINT ( 'NONE', #7182 );
#4874=FACE_OUTER_BOUND ( 'NONE', #9600, .T. );
#4875=DIRECTION ( 'NONE',  ( -4.382944952600976900E-016, 0.0000000000000000000, -1.000000000000000000 ) );
#4876=PLANE ( 'NONE',  #5852 );
#4877=EDGE_CURVE ( 'NONE', #1794, #883, #11613, .T. );
#4878=EDGE_LOOP ( 'NONE', ( #8905, #8917, #9371, #4182, #7543, #3291 ) );
#4879=EDGE_CURVE ( 'NONE', #5474, #11497, #11604, .T. );
#4880=ORIENTED_EDGE ( 'NONE', *, *, #2608, .F. );
#4881=EDGE_LOOP ( 'NONE', ( #6965, #11492, #2168, #5306 ) );
#4882=CARTESIAN_POINT ( 'NONE',  ( 0.0000000000000000000, -1.006230589874914900, 0.6399999999999921300 ) );
#4883=ORIENTED_EDGE ( 'NONE', *, *, #3957, .T. );
#4884=AXIS2_PLACEMENT_3D ( 'NONE', #7575, #19, #135 );
#4885=ORIENTED_EDGE ( 'NONE', *, *, #6107, .T. );
#4886=LINE ( 'NONE', #7298, #184 );
#4887=AXIS2_PLACEMENT_3D ( 'NONE', #236, #669, #95 );
#4888=ORIENTED_EDGE ( 'NONE', *, *, #6655, .F. );
#4889=CARTESIAN_POINT ( 'NONE',  ( 0.6350000000000010100, -1.006230589874914900, 12.74999999999999800 ) );
#4890=ADVANCED_FACE ( 'NONE', ( #11759 ), #721, .T. );
#4891=FACE_OUTER_BOUND ( 'NONE', #12404, .T. );
#4892=ORIENTED_EDGE ( 'NONE', *, *, #3403, .F. );
#4893=ORIENTED_EDGE ( 'NONE', *, *, #14428, .F. );
#4894=ORIENTED_EDGE ( 'NONE', *, *, #4647, .F. );
#4895=CARTESIAN_POINT ( 'NONE',  ( 8.550000000000103700, -1.006230589874914900, 0.0000000000000000000 ) );
#4896=EDGE_CURVE ( 'NONE', #582, #5000, #10802, .T. );
#4897=ORIENTED_EDGE ( 'NONE', *, *, #8766, .T. );
#4898=EDGE_CURVE ( 'NONE', #1992, #13727, #8186, .T. );
#4899=PLANE ( 'NONE',  #13021 );
#4900=EDGE_CURVE ( 'NONE', #4640, #3400, #2346, .T. );
#4901=LINE ( 'NONE', #976, #184 );
#4902=EDGE_CURVE ( 'NONE', #6226, #14363, #2565, .T. );
#4903=ORIENTED_EDGE ( 'NONE', *, *, #7319, .F. );
#4904=CARTESIAN_POINT ( 'NONE',  ( 9.000000000000065700, 0.8000000000000000400, -0.0000000000000000000 ) );
#4905=AXIS2_PLACEMENT_3D ( 'NONE', #934, #9584, #135 );
#4906=LINE ( 'NONE', #2470, #110 );
#4907=CARTESIAN_POINT ( 'NONE',  ( -4.895000000000000500, 0.8000000000000000400, 12.74999999999999800 ) );
#4908=ORIENTED_EDGE ( 'NONE', *, *, #3205, .F. );
#4909=FACE_OUTER_BOUND ( 'NONE', #11379, .T. );
#4910=ORIENTED_EDGE ( 'NONE', *, *, #13500, .F. );
#4911=ORIENTED_EDGE ( 'NONE', *, *, #13227, .T. );
#4912=FACE_OUTER_BOUND ( 'NONE', #9355, .T. );
#4913=ORIENTED_EDGE ( 'NONE', *, *, #14509, .F. );
#4914=EDGE_LOOP ( 'NONE', ( #11142, #4766, #2568, #6647, #5370, #12169 ) );
#4915=CARTESIAN_POINT ( 'NONE',  ( 8.550000000000171200, 0.04999999999999991300, 11.69999999999999600 ) );
#4916=LINE ( 'NONE', #4684, #36 );
#4917=ORIENTED_EDGE ( 'NONE', *, *, #6754, .T. );
#4918=ORIENTED_EDGE ( 'NONE', *, *, #8952, .F. );
#4919=LINE ( 'NONE', #4472, #850 );
#4920=CLOSED_SHELL ( 'NONE', ( #4992, #13846, #12088, #7173, #1223, #13541, #9626, #1961, #9990, #3774 ) );
#4921=LINE ( 'NONE', #4729, #205 );
#4922=EDGE_CURVE ( 'NONE', #5645, #4719, #4961, .T. );
#4923=LINE ( 'NONE', #1798, #493 );
#4924=EDGE_CURVE ( 'NONE', #10452, #2660, #3641, .T. );
#4925=EDGE_CURVE ( 'NONE', #6079, #10847, #81, .T. );
#4926=LINE ( 'NONE', #6783, #36 );
#4927=ORIENTED_EDGE ( 'NONE', *, *, #368, .T. );
#4928=ADVANCED_FACE ( 'NONE', ( #8526 ), #685, .T. );
#4929=ORIENTED_EDGE ( 'NONE', *, *, #5722, .F. );
#4930=FACE_OUTER_BOUND ( 'NONE', #11215, .T. );
#4931=ADVANCED_FACE ( 'NONE', ( #2059 ), #11911, .F. );
#4932=VERTEX_POINT ( 'NONE', #3482 );
#4933=LINE ( 'NONE', #511, #493 );
#4934=VECTOR ( 'NONE', #2, 1000.000000000000000 );
#4935=ORIENTED_EDGE ( 'NONE', *, *, #11317, .T. );
#4936=EDGE_CURVE ( 'NONE', #13877, #11029, #9022, .T. );
#4937=ORIENTED_EDGE ( 'NONE', *, *, #13843, .F. );
#4938=PLANE ( 'NONE',  #13400 );
#4939=EDGE_CURVE ( 'NONE', #11944, #1672, #14135, .T. );
#4940=ADVANCED_FACE ( 'NONE', ( #7333 ), #233, .T. );
#4941=EDGE_CURVE ( 'NONE', #9691, #3702, #8679, .T. );
#4942=ORIENTED_EDGE ( 'NONE', *, *, #13236, .F. );
#4943=CARTESIAN_POINT ( 'NONE',  ( -8.999999999999840100, -1.006230589874914900, 10.42999999999999600 ) );
#4944=ORIENTED_EDGE ( 'NONE', *, *, #743, .F. );
#4945=AXIS2_PLACEMENT_3D ( 'NONE', #5210, #891, #669 );
#4946=LINE ( 'NONE', #1225, #327 );
#4947=ORIENTED_EDGE ( 'NONE', *, *, #13910, .F. );
#4948=ORIENTED_EDGE ( 'NONE', *, *, #5298, .T. );
#4949=ORIENTED_EDGE ( 'NONE', *, *, #6379, .T. );
#4950=FACE_OUTER_BOUND ( 'NONE', #7413, .T. );
#4951=FACE_OUTER_BOUND ( 'NONE', #4530, .T. );
#4952=EDGE_CURVE ( 'NONE', #7210, #6216, #2855, .T. );
#4953=ADVANCED_FACE ( 'NONE', ( #13546 ), #1885, .T. );
#4954=EDGE_LOOP ( 'NONE', ( #11603, #10964, #1892, #12631, #7417, #9046 ) );
#4955=EDGE_CURVE ( 'NONE', #13576, #312, #81, .T. );
#4956=VERTEX_POINT ( 'NONE', #12971 );
#4957=CARTESIAN_POINT ( 'NONE',  ( 8.550000000000118000, -1.006230589874914900, 6.619999999999996600 ) );
#4958=EDGE_CURVE ( 'NONE', #5769, #6718, #4232, .T. );
#4959=VERTEX_POINT ( 'NONE', #1017 );
#4960=DIRECTION ( 'NONE',  ( 1.000000000000000000, -0.0000000000000000000, -4.818676322157761900E-016 ) );
#4961=LINE ( 'NONE', #1343, #4 );
#4962=ORIENTED_EDGE ( 'NONE', *, *, #7653, .F. );
#4963=AXIS2_PLACEMENT_3D ( 'NONE', #4146, #215, #15 );
#4964=AXIS2_PLACEMENT_3D ( 'NONE', #12326, #19, #135 );
#4965=CARTESIAN_POINT ( 'NONE',  ( 8.150000000000170900, 0.05000000000000000300, -4.440000000000004800 ) );
#4966=CIRCLE ( 'NONE', #9170, 0.2749999999999991900 );
#4967=ORIENTED_EDGE ( 'NONE', *, *, #13513, .F. );
#4968=ORIENTED_EDGE ( 'NONE', *, *, #6958, .F. );
#4969=ORIENTED_EDGE ( 'NONE', *, *, #8028, .F. );
#4970=FACE_OUTER_BOUND ( 'NONE', #11467, .T. );
#4971=EDGE_LOOP ( 'NONE', ( #11016, #13280, #3105, #532, #5463, #7421 ) );
#4972=CARTESIAN_POINT ( 'NONE',  ( -8.999999999999934300, 0.0000000000000000000, 0.0000000000000000000 ) );
#4973=VERTEX_POINT ( 'NONE', #4578 );
#4974=EDGE_CURVE ( 'NONE', #3557, #3859, #12214, .T. );
#4975=ORIENTED_EDGE ( 'NONE', *, *, #9430, .F. );
#4976=EDGE_CURVE ( 'NONE', #8830, #5926, #781, .T. );
#4977=PLANE ( 'NONE',  #10985 );
#4978=LINE ( 'NONE', #622, #493 );
#4979=EDGE_CURVE ( 'NONE', #9909, #7776, #7664, .T. );
#4980=AXIS2_PLACEMENT_3D ( 'NONE', #1347, #31, #891 );
#4981=AXIS2_PLACEMENT_3D ( 'NONE', #782, #2595, #1452 );
#4982=LINE ( 'NONE', #1587, #4 );
#4983=ORIENTED_EDGE ( 'NONE', *, *, #3930, .F. );
#4984=EDGE_LOOP ( 'NONE', ( #6206, #14290, #12356, #11818 ) );
#4985=ORIENTED_EDGE ( 'NONE', *, *, #13958, .F. );
#4986=ORIENTED_EDGE ( 'NONE', *, *, #11081, .F. );
#4987=ADVANCED_FACE ( 'NONE', ( #103 ), #9274, .F. );
#4988=ORIENTED_EDGE ( 'NONE', *, *, #7143, .T. );
#4989=PLANE ( 'NONE',  #1019 );
#4990=CARTESIAN_POINT ( 'NONE',  ( -8.549999999999998900, 0.8000000000000000400, -5.710000000000005300 ) );
#4991=CARTESIAN_POINT ( 'NONE',  ( -8.549999999999945600, -1.006230589874914900, 0.2699999999999968000 ) );
#4992=ADVANCED_FACE ( 'NONE', ( #6056 ), #12254, .T. );
#4993=LINE ( 'NONE', #1578, #4 );
#4994=CARTESIAN_POINT ( 'NONE',  ( -0.1849999999999976700, 0.05000000000000000300, 12.29999999999999700 ) );
#4995=ORIENTED_EDGE ( 'NONE', *, *, #6336, .F. );
#4996=CARTESIAN_POINT ( 'NONE',  ( 0.0000000000000000000, -1.006230589874914900, 7.889999999999997900 ) );
#4997=PLANE ( 'NONE',  #5466 );
#4998=EDGE_CURVE ( 'NONE', #8185, #2829, #12070, .T. );
#4999=EDGE_CURVE ( 'NONE', #10692, #5717, #10480, .T. );
#5000=VERTEX_POINT ( 'NONE', #6947 );
#5001=EDGE_CURVE ( 'NONE', #10920, #4491, #13834, .T. );
#5002=AXIS2_PLACEMENT_3D ( 'NONE', #3816, #135, #15 );
#5003=ORIENTED_EDGE ( 'NONE', *, *, #4000, .T. );
#5004=VECTOR ( 'NONE', #4960, 1000.000000000000000 );
#5005=LINE ( 'NONE', #5053, #10 );
#5006=ORIENTED_EDGE ( 'NONE', *, *, #1127, .T. );
#5007=EDGE_CURVE ( 'NONE', #14084, #13877, #6430, .T. );
#5008=ORIENTED_EDGE ( 'NONE', *, *, #6504, .F. );
#5009=ORIENTED_EDGE ( 'NONE', *, *, #2287, .F. );
#5010=ORIENTED_EDGE ( 'NONE', *, *, #12137, .T. );
#5011=LINE ( 'NONE', #5327, #36 );
#5012=LINE ( 'NONE', #9078, #36 );
#5013=ADVANCED_FACE ( 'NONE', ( #8355 ), #959, .F. );
#5014=ORIENTED_EDGE ( 'NONE', *, *, #2371, .F. );
#5015=CARTESIAN_POINT ( 'NONE',  ( -8.999999999999934300, 0.8000000000000000400, 0.6399999999999921300 ) );
#5016=ADVANCED_FACE ( 'NONE', ( #9357 ), #9523, .F. );
#5017=VERTEX_POINT ( 'NONE', #8727 );
#5018=CARTESIAN_POINT ( 'NONE',  ( -8.549999999999972300, -1.006230589874914900, -3.170000000000006100 ) );
#5019=ORIENTED_EDGE ( 'NONE', *, *, #1410, .F. );
#5020=ORIENTED_EDGE ( 'NONE', *, *, #2630, .F. );
#5021=VERTEX_POINT ( 'NONE', #896 );
#5022=CARTESIAN_POINT ( 'NONE',  ( -7.800000000000001600, 0.8000000000000000400, -5.629289321881345600 ) );
#5023=EDGE_CURVE ( 'NONE', #401, #3427, #5677, .T. );
#5024=ORIENTED_EDGE ( 'NONE', *, *, #3224, .T. );
#5025=VERTEX_POINT ( 'NONE', #9316 );
#5026=EDGE_LOOP ( 'NONE', ( #9325, #4103, #1657, #1863 ) );
#5027=EDGE_CURVE ( 'NONE', #5855, #3757, #8837, .T. );
#5028=LINE ( 'NONE', #9504, #184 );
#5029=ORIENTED_EDGE ( 'NONE', *, *, #1914, .F. );
#5030=EDGE_CURVE ( 'NONE', #10950, #9258, #9188, .T. );
#5031=ORIENTED_EDGE ( 'NONE', *, *, #10468, .F. );
#5032=AXIS2_PLACEMENT_3D ( 'NONE', #2348, #95, #31 );
#5033=ORIENTED_EDGE ( 'NONE', *, *, #6145, .T. );
#5034=CARTESIAN_POINT ( 'NONE',  ( 8.550000000000038000, 0.0000000000000000000, -1.000000000000003600 ) );
#5035=AXIS2_PLACEMENT_3D ( 'NONE', #8947, #19, #135 );
#5036=CARTESIAN_POINT ( 'NONE',  ( -7.529289321881346800, 30.15163842104813000, -5.700000000000004600 ) );
#5037=ADVANCED_FACE ( 'NONE', ( #14410 ), #6058, .T. );
#5038=ORIENTED_EDGE ( 'NONE', *, *, #8497, .F. );
#5039=FACE_OUTER_BOUND ( 'NONE', #630, .T. );
#5040=EDGE_CURVE ( 'NONE', #3349, #4482, #10167, .T. );
#5041=ORIENTED_EDGE ( 'NONE', *, *, #2410, .T. );
#5042=AXIS2_PLACEMENT_3D ( 'NONE', #8554, #135, #65 );
#5043=ORIENTED_EDGE ( 'NONE', *, *, #9169, .T. );
#5044=ORIENTED_EDGE ( 'NONE', *, *, #3633, .F. );
#5045=FACE_OUTER_BOUND ( 'NONE', #1508, .T. );
#5046=CYLINDRICAL_SURFACE ( 'NONE', #13467, 0.2750000000001171500 );
#5047=ORIENTED_EDGE ( 'NONE', *, *, #7754, .F. );
#5048=ORIENTED_EDGE ( 'NONE', *, *, #11374, .T. );
#5049=LINE ( 'NONE', #3221, #36 );
#5050=LINE ( 'NONE', #2794, #36 );
#5051=ORIENTED_EDGE ( 'NONE', *, *, #4242, .F. );
#5052=EDGE_CURVE ( 'NONE', #3965, #4649, #2254, .T. );
#5053=CARTESIAN_POINT ( 'NONE',  ( -8.150000000000053600, 0.05000000000000000300, 10.42999999999999600 ) );
#5054=CARTESIAN_POINT ( 'NONE',  ( 9.000000000000000000, 0.0000000000000000000, -5.710000000000004400 ) );
#5055=EDGE_CURVE ( 'NONE', #4543, #7697, #324, .T. );
#5056=CARTESIAN_POINT ( 'NONE',  ( 0.0000000000000000000, 0.0000000000000000000, 4.079999999999995600 ) );
#5057=ORIENTED_EDGE ( 'NONE', *, *, #1373, .T. );
#5058=CARTESIAN_POINT ( 'NONE',  ( 9.000000000000000000, 0.8000000000000000400, -0.0000000000000000000 ) );
#5059=ORIENTED_EDGE ( 'NONE', *, *, #3079, .F. );
#5060=LINE ( 'NONE', #800, #110 );
#5061=ORIENTED_EDGE ( 'NONE', *, *, #10110, .T. );
#5062=LINE ( 'NONE', #5947, #36 );
#5063=VERTEX_POINT ( 'NONE', #6119 );
#5064=VERTEX_POINT ( 'NONE', #3469 );
#5065=ORIENTED_EDGE ( 'NONE', *, *, #12553, .F. );
#5066=ORIENTED_EDGE ( 'NONE', *, *, #2047, .T. );
#5067=EDGE_LOOP ( 'NONE', ( #13192, #8081, #13320, #13046 ) );
#5068=ORIENTED_EDGE ( 'NONE', *, *, #8539, .T. );
#5069=CARTESIAN_POINT ( 'NONE',  ( -1.454999999999997900, 0.8000000000000000400, 12.29999999999999700 ) );
#5070=ORIENTED_EDGE ( 'NONE', *, *, #4073, .T. );
#5071=CARTESIAN_POINT ( 'NONE',  ( 9.000000000000145700, 0.0000000000000000000, 8.985000000000097100 ) );
#5072=ADVANCED_FACE ( 'NONE', ( #4407 ), #2553, .F. );
#5073=FACE_OUTER_BOUND ( 'NONE', #7202, .T. );
#5074=EDGE_CURVE ( 'NONE', #3511, #2988, #673, .T. );
#5075=ORIENTED_EDGE ( 'NONE', *, *, #12587, .F. );
#5076=EDGE_CURVE ( 'NONE', #10553, #4137, #732, .T. );
#5077=ADVANCED_FACE ( 'NONE', ( #2045 ), #12429, .T. );
#5078=VERTEX_POINT ( 'NONE', #3029 );
#5079=FACE_OUTER_BOUND ( 'NONE', #325, .T. );
#5080=ORIENTED_EDGE ( 'NONE', *, *, #10414, .F. );
#5081=ORIENTED_EDGE ( 'NONE', *, *, #5340, .T. );
#5082=EDGE_CURVE ( 'NONE', #9784, #4646, #10718, .T. );
#5083=AXIS2_PLACEMENT_3D ( 'NONE', #6782, #95, #31 );
#5084=PLANE ( 'NONE',  #8080 );
#5085=LINE ( 'NONE', #3136, #45 );
#5086=VERTEX_POINT ( 'NONE', #1260 );
#5087=AXIS2_PLACEMENT_3D ( 'NONE', #1985, #2403, #1169 );
#5088=ORIENTED_EDGE ( 'NONE', *, *, #9434, .T. );
#5089=FACE_OUTER_BOUND ( 'NONE', #9791, .T. );
#5090=ORIENTED_EDGE ( 'NONE', *, *, #6071, .F. );
#5091=ORIENTED_EDGE ( 'NONE', *, *, #12352, .T. );
#5092=EDGE_LOOP ( 'NONE', ( #8913, #14022, #3154, #423 ) );
#5093=LINE ( 'NONE', #10142, #908 );
#5094=CARTESIAN_POINT ( 'NONE',  ( -2.354999999999999500, 0.0000000000000000000, 12.29999999999999700 ) );
#5095=LINE ( 'NONE', #351, #45 );
#5096=ADVANCED_FACE ( 'NONE', ( #7141 ), #4989, .F. );
#5097=EDGE_CURVE ( 'NONE', #7131, #14146, #13254, .T. );
#5098=LINE ( 'NONE', #6002, #3063 );
#5099=EDGE_CURVE ( 'NONE', #10006, #9378, #551, .T. );
#5100=AXIS2_PLACEMENT_3D ( 'NONE', #9161, #19, #135 );
#5101=ORIENTED_EDGE ( 'NONE', *, *, #12898, .T. );
#5102=EDGE_LOOP ( 'NONE', ( #469, #5740, #479, #4665, #7228, #11693 ) );
#5103=EDGE_CURVE ( 'NONE', #657, #7907, #8670, .T. );
#5104=AXIS2_PLACEMENT_3D ( 'NONE', #2005, #2595, #1452 );
#5105=AXIS2_PLACEMENT_3D ( 'NONE', #2992, #21, #31 );
#5106=CARTESIAN_POINT ( 'NONE',  ( 1.085000000000001700, 0.05000000000000000300, 11.90000000000017100 ) );
#5107=ORIENTED_EDGE ( 'NONE', *, *, #10782, .F. );
#5108=FACE_OUTER_BOUND ( 'NONE', #12465, .T. );
#5109=CARTESIAN_POINT ( 'NONE',  ( -4.895000000000000500, 0.8000000000000000400, 0.0000000000000000000 ) );
#5110=FACE_OUTER_BOUND ( 'NONE', #7063, .T. );
#5111=ADVANCED_FACE ( 'NONE', ( #9507 ), #49, .F. );
#5112=LINE ( 'NONE', #5455, #493 );
#5113=VERTEX_POINT ( 'NONE', #3446 );
#5114=EDGE_CURVE ( 'NONE', #5561, #14161, #1209, .T. );
#5115=ORIENTED_EDGE ( 'NONE', *, *, #5295, .T. );
#5116=CARTESIAN_POINT ( 'NONE',  ( -8.549999999999904800, 0.8000000000000000400, 4.079999999999996500 ) );
#5117=LINE ( 'NONE', #8426, #209 );
#5118=PLANE ( 'NONE',  #14107 );
#5119=EDGE_CURVE ( 'NONE', #1310, #3320, #3811, .T. );
#5120=AXIS2_PLACEMENT_3D ( 'NONE', #2201, #95, #31 );
#5121=FACE_OUTER_BOUND ( 'NONE', #5287, .T. );
#5122=MANIFOLD_SOLID_BREP ( 'Boss-Extrude5[21]', #8382 );
#5123=EDGE_LOOP ( 'NONE', ( #4311, #13431, #1882, #9016, #10039, #12449 ) );
#5124=VERTEX_POINT ( 'NONE', #6475 );
#5125=ORIENTED_EDGE ( 'NONE', *, *, #12075, .F. );
#5126=AXIS2_PLACEMENT_3D ( 'NONE', #8495, #214, #15 );
#5127=ORIENTED_EDGE ( 'NONE', *, *, #1868, .T. );
#5128=ORIENTED_EDGE ( 'NONE', *, *, #1728, .F. );
#5129=LINE ( 'NONE', #7071, #36 );
#5130=FACE_OUTER_BOUND ( 'NONE', #11255, .T. );
#5131=ORIENTED_EDGE ( 'NONE', *, *, #10475, .F. );
#5132=ORIENTED_EDGE ( 'NONE', *, *, #3591, .F. );
#5133=CARTESIAN_POINT ( 'NONE',  ( -8.549999999999904800, 0.8000000000000000400, 3.179999999999995300 ) );
#5134=LINE ( 'NONE', #1055, #10 );
#5135=DIRECTION ( 'NONE',  ( -4.818676322157761900E-016, 0.0000000000000000000, -1.000000000000000000 ) );
#5136=ORIENTED_EDGE ( 'NONE', *, *, #690, .F. );
#5137=VERTEX_POINT ( 'NONE', #1614 );
#5138=EDGE_CURVE ( 'NONE', #5769, #6977, #7313, .T. );
#5139=VERTEX_POINT ( 'NONE', #13689 );
#5140=ORIENTED_EDGE ( 'NONE', *, *, #12723, .F. );
#5141=CIRCLE ( 'NONE', #6685, 0.2750000000000998300 );
#5142=ADVANCED_FACE ( 'NONE', ( #3434 ), #1440, .F. );
#5143=AXIS2_PLACEMENT_3D ( 'NONE', #2620, #3384, #502 );
#5144=ADVANCED_FACE ( 'NONE', ( #1637 ), #10659, .F. );
#5145=ORIENTED_EDGE ( 'NONE', *, *, #11706, .T. );
#5146=CARTESIAN_POINT ( 'NONE',  ( -8.550000000000046900, 0.05000000000000000300, 9.159999999999998400 ) );
#5147=VERTEX_POINT ( 'NONE', #1236 );
#5148=LINE ( 'NONE', #9270, #10 );
#5149=FACE_OUTER_BOUND ( 'NONE', #11133, .T. );
#5150=ORIENTED_EDGE ( 'NONE', *, *, #7658, .T. );
#5151=FACE_OUTER_BOUND ( 'NONE', #10237, .T. );
#5152=VERTEX_POINT ( 'NONE', #11920 );
#5153=ORIENTED_EDGE ( 'NONE', *, *, #11667, .F. );
#5154=ORIENTED_EDGE ( 'NONE', *, *, #4423, .T. );
#5155=EDGE_LOOP ( 'NONE', ( #12050, #12216, #1964, #10189, #12911, #9697 ) );
#5156=LINE ( 'NONE', #7300, #229 );
#5157=EDGE_CURVE ( 'NONE', #14186, #3937, #1847, .T. );
#5158=EDGE_CURVE ( 'NONE', #5833, #3896, #9342, .T. );
#5159=ADVANCED_FACE ( 'NONE', ( #11747 ), #7619, .T. );
#5160=VERTEX_POINT ( 'NONE', #4706 );
#5161=CARTESIAN_POINT ( 'NONE',  ( 8.550000000000103700, 0.04999999999999991300, 5.349999999999996100 ) );
#5162=ORIENTED_EDGE ( 'NONE', *, *, #14473, .F. );
#5163=ADVANCED_FACE ( 'NONE', ( #9003 ), #49, .F. );
#5164=ORIENTED_EDGE ( 'NONE', *, *, #4807, .F. );
#5165=ORIENTED_EDGE ( 'NONE', *, *, #2502, .F. );
#5166=PLANE ( 'NONE',  #9645 );
#5167=AXIS2_PLACEMENT_3D ( 'NONE', #7565, #95, #31 );
#5168=ORIENTED_EDGE ( 'NONE', *, *, #1603, .T. );
#5169=ORIENTED_EDGE ( 'NONE', *, *, #9451, .F. );
#5170=EDGE_LOOP ( 'NONE', ( #12066, #2374, #4241, #1931 ) );
#5171=DIRECTION ( 'NONE',  ( 1.000000000000000000, -0.0000000000000000000, 9.637352644315602600E-016 ) );
#5172=VERTEX_POINT ( 'NONE', #331 );
#5173=ORIENTED_EDGE ( 'NONE', *, *, #672, .F. );
#5174=LINE ( 'NONE', #1454, #399 );
#5175=ORIENTED_EDGE ( 'NONE', *, *, #12375, .F. );
#5176=EDGE_CURVE ( 'NONE', #9195, #13723, #8239, .T. );
#5177=CARTESIAN_POINT ( 'NONE',  ( -1.084999999999999100, 0.0000000000000000000, 12.74999999999999800 ) );
#5178=CARTESIAN_POINT ( 'NONE',  ( 9.000000000000158100, 0.8000000000000000400, -0.0000000000000000000 ) );
#5179=ORIENTED_EDGE ( 'NONE', *, *, #10559, .F. );
#5180=EDGE_CURVE ( 'NONE', #7234, #13091, #10466, .T. );
#5181=ORIENTED_EDGE ( 'NONE', *, *, #5295, .F. );
#5182=CARTESIAN_POINT ( 'NONE',  ( 0.0000000000000000000, 0.8000000000000000400, 4.079999999999996500 ) );
#5183=ADVANCED_FACE ( 'NONE', ( #6594 ), #49, .T. );
#5184=ORIENTED_EDGE ( 'NONE', *, *, #13730, .T. );
#5185=EDGE_CURVE ( 'NONE', #9231, #3367, #81, .T. );
#5186=ORIENTED_EDGE ( 'NONE', *, *, #9834, .T. );
#5187=AXIS2_PLACEMENT_3D ( 'NONE', #4261, #21, #31 );
#5188=LINE ( 'NONE', #764, #399 );
#5189=AXIS2_PLACEMENT_3D ( 'NONE', #1733, #21, #31 );
#5190=ORIENTED_EDGE ( 'NONE', *, *, #7596, .T. );
#5191=LINE ( 'NONE', #3840, #908 );
#5192=ORIENTED_EDGE ( 'NONE', *, *, #2916, .T. );
#5193=FACE_OUTER_BOUND ( 'NONE', #8327, .T. );
#5194=CARTESIAN_POINT ( 'NONE',  ( -8.999999999999934300, 0.8000000000000000400, 0.8149999999999931700 ) );
#5195=ORIENTED_EDGE ( 'NONE', *, *, #8793, .F. );
#5196=VERTEX_POINT ( 'NONE', #733 );
#5197=VERTEX_POINT ( 'NONE', #2793 );
#5198=CARTESIAN_POINT ( 'NONE',  ( 0.0000000000000000000, -1.006230589874914900, -1.900000000000005000 ) );
#5199=FACE_OUTER_BOUND ( 'NONE', #13156, .T. );
#5200=EDGE_CURVE ( 'NONE', #11807, #6683, #766, .T. );
#5201=DIRECTION ( 'NONE',  ( -4.382944952600977400E-016, 0.0000000000000000000, -1.000000000000000000 ) );
#5202=EDGE_CURVE ( 'NONE', #7526, #710, #7652, .T. );
#5203=EDGE_CURVE ( 'NONE', #2447, #10450, #2031, .T. );
#5204=ORIENTED_EDGE ( 'NONE', *, *, #7425, .F. );
#5205=EDGE_CURVE ( 'NONE', #6530, #4437, #13818, .T. );
#5206=FACE_OUTER_BOUND ( 'NONE', #2822, .T. );
#5207=EDGE_LOOP ( 'NONE', ( #5162, #8771, #11219, #5363, #5209, #14100 ) );
#5208=VERTEX_POINT ( 'NONE', #7659 );
#5209=ORIENTED_EDGE ( 'NONE', *, *, #9890, .T. );
#5210=CARTESIAN_POINT ( 'NONE',  ( -8.549999999999958100, 0.0000000000000000000, -1.900000000000005000 ) );
#5211=ORIENTED_EDGE ( 'NONE', *, *, #12497, .T. );
#5212=VERTEX_POINT ( 'NONE', #351 );
#5213=CARTESIAN_POINT ( 'NONE',  ( -8.999999999999944900, 0.8000000000000000400, 0.2699999999999959100 ) );
#5214=CARTESIAN_POINT ( 'NONE',  ( 9.000000000000065700, 0.0000000000000000000, 0.6399999999999964600 ) );
#5215=FACE_OUTER_BOUND ( 'NONE', #11697, .T. );
#5216=EDGE_LOOP ( 'NONE', ( #4293, #7485, #12691, #4683 ) );
#5217=ORIENTED_EDGE ( 'NONE', *, *, #13442, .T. );
#5218=DIRECTION ( 'NONE',  ( -4.226417196016233200E-013, 0.0000000000000000000, -1.000000000000000000 ) );
#5219=CARTESIAN_POINT ( 'NONE',  ( 7.749200000000000100, 2.999200000000000500, -5.629289321881345600 ) );
#5220=FILL_AREA_STYLE_COLOUR ( '', #14264 );
#5221=PLANE ( 'NONE',  #1648 );
#5222=ADVANCED_FACE ( 'NONE', ( #4762 ), #2268, .F. );
#5223=PLANE ( 'NONE',  #8149 );
#5224=ORIENTED_EDGE ( 'NONE', *, *, #11476, .F. );
#5225=ADVANCED_FACE ( 'NONE', ( #5646 ), #1678, .F. );
#5226=ORIENTED_EDGE ( 'NONE', *, *, #8811, .T. );
#5227=LINE ( 'NONE', #3404, #45 );
#5228=VERTEX_POINT ( 'NONE', #1210 );
#5229=EDGE_CURVE ( 'NONE', #3282, #6959, #7815, .T. );
#5230=ORIENTED_EDGE ( 'NONE', *, *, #4544, .F. );
#5231=EDGE_CURVE ( 'NONE', #5516, #4956, #4008, .T. );
#5232=CARTESIAN_POINT ( 'NONE',  ( -8.549999999999998900, 0.8000000000000000400, 0.0000000000000000000 ) );
#5233=VERTEX_POINT ( 'NONE', #11996 );
#5234=CARTESIAN_POINT ( 'NONE',  ( 0.0000000000000000000, 0.0000000000000000000, 1.909999999999995000 ) );
#5235=EDGE_CURVE ( 'NONE', #10920, #14156, #4804, .T. );
#5236=LINE ( 'NONE', #8131, #209 );
#5237=ORIENTED_EDGE ( 'NONE', *, *, #9670, .F. );
#5238=AXIS2_PLACEMENT_3D ( 'NONE', #3243, #250, #31 );
#5239=CARTESIAN_POINT ( 'NONE',  ( -0.5500000000000022600, 0.0000000000000000000, 2.910000000000009900 ) );
#5240=ORIENTED_EDGE ( 'NONE', *, *, #5503, .T. );
#5241=ORIENTED_EDGE ( 'NONE', *, *, #7615, .T. );
#5242=ADVANCED_FACE ( 'NONE', ( #2431 ), #49, .F. );
#5243=ADVANCED_FACE ( 'NONE', ( #8170 ), #49, .T. );
#5244=PLANE ( 'NONE',  #3341 );
#5245=EDGE_LOOP ( 'NONE', ( #13453, #11770, #2192, #11701 ) );
#5246=LINE ( 'NONE', #9483, #205 );
#5247=ORIENTED_EDGE ( 'NONE', *, *, #10860, .F. );
#5248=EDGE_CURVE ( 'NONE', #10727, #10133, #12953, .T. );
#5249=CARTESIAN_POINT ( 'NONE',  ( -8.549999999999904800, 0.0000000000000000000, 3.179999999999995300 ) );
#5250=VERTEX_POINT ( 'NONE', #8871 );
#5251=LINE ( 'NONE', #701, #205 );
#5252=EDGE_CURVE ( 'NONE', #2322, #11555, #9968, .T. );
#5253=ORIENTED_EDGE ( 'NONE', *, *, #13717, .F. );
#5254=EDGE_LOOP ( 'NONE', ( #4245, #9051, #169, #9751 ) );
#5255=CARTESIAN_POINT ( 'NONE',  ( -8.999999999999854300, 0.8000000000000000400, 9.159999999999998400 ) );
#5256=VERTEX_POINT ( 'NONE', #9124 );
#5257=CYLINDRICAL_SURFACE ( 'NONE', #555, 0.2749999999999991900 );
#5258=ORIENTED_EDGE ( 'NONE', *, *, #9817, .F. );
#5259=CARTESIAN_POINT ( 'NONE',  ( 9.000000000000065700, 0.8000000000000000400, 1.364999999999840800 ) );
#5260=CARTESIAN_POINT ( 'NONE',  ( 0.0000000000000000000, 0.8000000000000000400, 4.449999999999995700 ) );
#5261=LINE ( 'NONE', #12782, #184 );
#5262=EDGE_LOOP ( 'NONE', ( #13599, #13022, #5131, #10944, #6266, #11232 ) );
#5263=EDGE_LOOP ( 'NONE', ( #3950, #3564, #11619, #4800 ) );
#5264=CARTESIAN_POINT ( 'NONE',  ( -8.549999999999904800, 0.04999999999999991300, 3.179999999999989900 ) );
#5265=ADVANCED_FACE ( 'NONE', ( #12347 ), #13974, .F. );
#5266=CARTESIAN_POINT ( 'NONE',  ( -8.999999999999905900, 0.0000000000000000000, 4.079999999999995600 ) );
#5267=ORIENTED_EDGE ( 'NONE', *, *, #7187, .F. );
#5268=FACE_OUTER_BOUND ( 'NONE', #12692, .T. );
#5269=ORIENTED_EDGE ( 'NONE', *, *, #13382, .F. );
#5270=ORIENTED_EDGE ( 'NONE', *, *, #9091, .F. );
#5271=FACE_OUTER_BOUND ( 'NONE', #5972, .T. );
#5272=CARTESIAN_POINT ( 'NONE',  ( 7.729289321881345200, 3.250000000000000000, 11.69999999999999800 ) );
#5273=CARTESIAN_POINT ( 'NONE',  ( -3.624999999999999600, 0.8000000000000000400, 12.29999999999999700 ) );
#5274=CARTESIAN_POINT ( 'NONE',  ( -8.549999999999892400, -1.006230589874914900, 0.0000000000000000000 ) );
#5275=ORIENTED_EDGE ( 'NONE', *, *, #10071, .T. );
#5276=( GEOMETRIC_REPRESENTATION_CONTEXT ( 3 ) GLOBAL_UNCERTAINTY_ASSIGNED_CONTEXT ( ( #178 ) ) GLOBAL_UNIT_ASSIGNED_CONTEXT ( ( #7, #195, #16 ) ) REPRESENTATION_CONTEXT ( 'NONE', 'WORKASPACE' ) );
#5277=PLANE ( 'NONE',  #1364 );
#5278=VERTEX_POINT ( 'NONE', #9974 );
#5279=EDGE_CURVE ( 'NONE', #5561, #10133, #8799, .T. );
#5280=EDGE_CURVE ( 'NONE', #1808, #6485, #7986, .T. );
#5281=EDGE_CURVE ( 'NONE', #4438, #4718, #2566, .T. );
#5282=ORIENTED_EDGE ( 'NONE', *, *, #1301, .T. );
#5283=AXIS2_PLACEMENT_3D ( 'NONE', #2873, #575, #19 );
#5284=LINE ( 'NONE', #1161, #36 );
#5285=CARTESIAN_POINT ( 'NONE',  ( -8.999999999999840100, 0.8000000000000000400, 9.529999999999988700 ) );
#5286=LINE ( 'NONE', #518, #493 );
#5287=EDGE_LOOP ( 'NONE', ( #6987, #6984, #614, #8579 ) );
#5288=CARTESIAN_POINT ( 'NONE',  ( 2.355000000000002200, -1.006230589874914900, 12.74999999999999800 ) );
#5289=LINE ( 'NONE', #764, #301 );
#5290=VERTEX_POINT ( 'NONE', #11160 );
#5291=ORIENTED_EDGE ( 'NONE', *, *, #9643, .F. );
#5292=CIRCLE ( 'NONE', #7660, 0.05080000000000015100 );
#5293=CARTESIAN_POINT ( 'NONE',  ( -8.549999999999958100, 0.0000000000000000000, -1.000000000000003600 ) );
#5294=ORIENTED_EDGE ( 'NONE', *, *, #10564, .T. );
#5295=EDGE_CURVE ( 'NONE', #2769, #12106, #968, .T. );
#5296=EDGE_CURVE ( 'NONE', #899, #6226, #2670, .T. );
#5297=EDGE_CURVE ( 'NONE', #83, #3712, #7128, .T. );
#5298=EDGE_CURVE ( 'NONE', #5394, #3128, #1622, .T. );
#5299=AXIS2_PLACEMENT_3D ( 'NONE', #465, #15, #575 );
#5300=ADVANCED_FACE ( 'NONE', ( #3025 ), #746, .F. );
#5301=FACE_OUTER_BOUND ( 'NONE', #6048, .T. );
#5302=ORIENTED_EDGE ( 'NONE', *, *, #10309, .F. );
#5303=CARTESIAN_POINT ( 'NONE',  ( -3.350000000000005900, 0.0000000000000000000, 2.009999999999998900 ) );
#5304=VERTEX_POINT ( 'NONE', #4481 );
#5305=LINE ( 'NONE', #3655, #36 );
#5306=ORIENTED_EDGE ( 'NONE', *, *, #2260, .T. );
#5307=CARTESIAN_POINT ( 'NONE',  ( 9.000000000000024900, -1.006230589874914900, -2.445000000000066500 ) );
#5308=LINE ( 'NONE', #11266, #36 );
#5309=ORIENTED_EDGE ( 'NONE', *, *, #8317, .T. );
#5310=VERTEX_POINT ( 'NONE', #5583 );
#5311=CARTESIAN_POINT ( 'NONE',  ( 0.0000000000000000000, -1.006230589874914900, 6.989999999999996700 ) );
#5312=ORIENTED_EDGE ( 'NONE', *, *, #11882, .T. );
#5313=FACE_OUTER_BOUND ( 'NONE', #11702, .T. );
#5314=ORIENTED_EDGE ( 'NONE', *, *, #10525, .T. );
#5315=EDGE_CURVE ( 'NONE', #10804, #8814, #10159, .T. );
#5316=ADVANCED_FACE ( 'NONE', ( #6407 ), #9665, .F. );
#5317=VERTEX_POINT ( 'NONE', #6777 );
#5318=EDGE_CURVE ( 'NONE', #1686, #413, #9995, .T. );
#5319=ADVANCED_FACE ( 'NONE', ( #61 ), #4217, .T. );
#5320=EDGE_CURVE ( 'NONE', #8477, #7077, #2637, .T. );
#5321=VERTEX_POINT ( 'NONE', #700 );
#5322=CARTESIAN_POINT ( 'NONE',  ( 7.729289321881345200, 2.999200000000000500, -5.900000000000000400 ) );
#5323=ORIENTED_EDGE ( 'NONE', *, *, #9224, .F. );
#5324=CARTESIAN_POINT ( 'NONE',  ( 8.000000000000000000, 3.250000000000000000, 11.42928932188134200 ) );
#5325=MECHANICAL_DESIGN_GEOMETRIC_PRESENTATION_REPRESENTATION (  '', ( #9348 ), #6104 );
#5326=FACE_OUTER_BOUND ( 'NONE', #6207, .T. );
#5327=CARTESIAN_POINT ( 'NONE',  ( -6.710000000000000900, -1.006230589874914900, 12.74999999999999800 ) );
#5328=EDGE_CURVE ( 'NONE', #6396, #13486, #6025, .T. );
#5329=ORIENTED_EDGE ( 'NONE', *, *, #2502, .T. );
#5330=ORIENTED_EDGE ( 'NONE', *, *, #8127, .T. );
#5331=ORIENTED_EDGE ( 'NONE', *, *, #8884, .F. );
#5332=LINE ( 'NONE', #660, #493 );
#5333=ORIENTED_EDGE ( 'NONE', *, *, #5802, .T. );
#5334=EDGE_LOOP ( 'NONE', ( #8448, #12717, #7068, #5667 ) );
#5335=ORIENTED_EDGE ( 'NONE', *, *, #6098, .F. );
#5336=ADVANCED_FACE ( 'NONE', ( #1830 ), #12279, .F. );
#5337=CARTESIAN_POINT ( 'NONE',  ( -8.999999999999825900, 0.0000000000000000000, 10.79999999999999700 ) );
#5338=EDGE_CURVE ( 'NONE', #7180, #4137, #11436, .T. );
#5339=ORIENTED_EDGE ( 'NONE', *, *, #9345, .T. );
#5340=EDGE_CURVE ( 'NONE', #12036, #8630, #5305, .T. );
#5341=EDGE_LOOP ( 'NONE', ( #2961, #11650, #3108, #7592 ) );
#5342=VERTEX_POINT ( 'NONE', #2763 );
#5343=CARTESIAN_POINT ( 'NONE',  ( 8.550000000000013100, 0.8000000000000000400, -4.440000000000004800 ) );
#5344=ORIENTED_EDGE ( 'NONE', *, *, #14384, .F. );
#5345=LINE ( 'NONE', #131, #327 );
#5346=EDGE_LOOP ( 'NONE', ( #3223, #8692, #9529, #13212, #11305, #433 ) );
#5347=LINE ( 'NONE', #641, #110 );
#5348=ORIENTED_EDGE ( 'NONE', *, *, #11412, .F. );
#5349=VERTEX_POINT ( 'NONE', #4275 );
#5350=EDGE_LOOP ( 'NONE', ( #3516, #5622, #12389, #3741 ) );
#5351=ORIENTED_EDGE ( 'NONE', *, *, #4939, .T. );
#5352=EDGE_CURVE ( 'NONE', #9262, #10920, #2747, .T. );
#5353=CARTESIAN_POINT ( 'NONE',  ( 8.549999999999998900, 0.04999999999999991300, -4.810000000000004100 ) );
#5354=EDGE_CURVE ( 'NONE', #413, #8749, #11901, .T. );
#5355=LINE ( 'NONE', #1195, #493 );
#5356=FACE_OUTER_BOUND ( 'NONE', #1782, .T. );
#5357=EDGE_CURVE ( 'NONE', #1135, #4415, #6223, .T. );
#5358=ORIENTED_EDGE ( 'NONE', *, *, #8946, .T. );
#5359=PRESENTATION_LAYER_ASSIGNMENT (  '', '', ( #7218 ) );
#5360=CARTESIAN_POINT ( 'NONE',  ( -9.000000000000000000, -1.006230589874914900, -5.260000000000004200 ) );
#5361=ORIENTED_EDGE ( 'NONE', *, *, #3303, .F. );
#5362=CARTESIAN_POINT ( 'NONE',  ( 0.0000000000000000000, -1.006230589874914900, 8.259999999999987400 ) );
#5363=ORIENTED_EDGE ( 'NONE', *, *, #11316, .T. );
#5364=FACE_OUTER_BOUND ( 'NONE', #7819, .T. );
#5365=LINE ( 'NONE', #1157, #4 );
#5366=ORIENTED_EDGE ( 'NONE', *, *, #9343, .F. );
#5367=CARTESIAN_POINT ( 'NONE',  ( -8.550000000000023800, 0.05000000000000000300, 1.909999999999995000 ) );
#5368=CARTESIAN_POINT ( 'NONE',  ( -3.994999999999998300, -1.006230589874914900, 12.29999999999999700 ) );
#5369=FACE_OUTER_BOUND ( 'NONE', #5254, .T. );
#5370=ORIENTED_EDGE ( 'NONE', *, *, #10837, .F. );
#5371=EDGE_LOOP ( 'NONE', ( #5610, #6916, #14015, #3163 ) );
#5372=EDGE_LOOP ( 'NONE', ( #11929, #14102, #7455, #5411, #10389, #13538 ) );
#5373=ORIENTED_EDGE ( 'NONE', *, *, #1978, .F. );
#5374=ORIENTED_EDGE ( 'NONE', *, *, #4536, .T. );
#5375=EDGE_CURVE ( 'NONE', #5997, #6863, #13676, .T. );
#5376=EDGE_CURVE ( 'NONE', #14063, #98, #2640, .T. );
#5377=ORIENTED_EDGE ( 'NONE', *, *, #3999, .F. );
#5378=EDGE_CURVE ( 'NONE', #9729, #2355, #996, .T. );
#5379=ORIENTED_EDGE ( 'NONE', *, *, #10595, .F. );
#5380=ORIENTED_EDGE ( 'NONE', *, *, #12856, .F. );
#5381=EDGE_CURVE ( 'NONE', #7110, #3320, #4380, .T. );
#5382=EDGE_LOOP ( 'NONE', ( #4949, #11032, #4527, #7327 ) );
#5383=ADVANCED_FACE ( 'NONE', ( #3602 ), #14136, .F. );
#5384=ADVANCED_FACE ( 'NONE', ( #41 ), #11335, .F. );
#5385=FACE_BOUND ( 'NONE', #14343, .T. );
#5386=LINE ( 'NONE', #1210, #209 );
#5387=EDGE_LOOP ( 'NONE', ( #11068, #14024, #7682, #3412, #8594, #878 ) );
#5388=ORIENTED_EDGE ( 'NONE', *, *, #6555, .T. );
#5389=ORIENTED_EDGE ( 'NONE', *, *, #8567, .T. );
#5390=LINE ( 'NONE', #1907, #4 );
#5391=ORIENTED_EDGE ( 'NONE', *, *, #11373, .T. );
#5392=FACE_OUTER_BOUND ( 'NONE', #5216, .T. );
#5393=FACE_OUTER_BOUND ( 'NONE', #7656, .T. );
#5394=VERTEX_POINT ( 'NONE', #4808 );
#5395=CARTESIAN_POINT ( 'NONE',  ( 3.995000000000001000, 0.05000000000000000300, 11.90000000000017100 ) );
#5396=PLANE ( 'NONE',  #8953 );
#5397=EDGE_CURVE ( 'NONE', #6855, #8940, #509, .T. );
#5398=ORIENTED_EDGE ( 'NONE', *, *, #1623, .T. );
#5399=ORIENTED_EDGE ( 'NONE', *, *, #3361, .F. );
#5400=EDGE_CURVE ( 'NONE', #12905, #13723, #6208, .T. );
#5401=VERTEX_POINT ( 'NONE', #1195 );
#5402=PLANE ( 'NONE',  #12030 );
#5403=EDGE_CURVE ( 'NONE', #915, #8415, #6580, .T. );
#5404=AXIS2_PLACEMENT_3D ( 'NONE', #11970, #250, #31 );
#5405=ADVANCED_FACE ( 'NONE', ( #7805 ), #49, .T. );
#5406=LINE ( 'NONE', #2387, #36 );
#5407=ORIENTED_EDGE ( 'NONE', *, *, #2941, .T. );
#5408=LINE ( 'NONE', #1112, #209 );
#5409=FACE_OUTER_BOUND ( 'NONE', #597, .T. );
#5410=AXIS2_PLACEMENT_3D ( 'NONE', #3342, #234, #885 );
#5411=ORIENTED_EDGE ( 'NONE', *, *, #3899, .F. );
#5412=CARTESIAN_POINT ( 'NONE',  ( -8.999999999999920100, -1.006230589874914900, 2.809999999999996500 ) );
#5413=EDGE_LOOP ( 'NONE', ( #6081, #11871, #7610, #11952 ) );
#5414=DIRECTION ( 'NONE',  ( -2.768175759537458700E-016, 0.0000000000000000000, 1.000000000000000000 ) );
#5415=FACE_OUTER_BOUND ( 'NONE', #175, .T. );
#5416=CARTESIAN_POINT ( 'NONE',  ( 8.550000000000144600, 0.0000000000000000000, 9.159999999999998400 ) );
#5417=ORIENTED_EDGE ( 'NONE', *, *, #9513, .F. );
#5418=FACE_OUTER_BOUND ( 'NONE', #11724, .T. );
#5419=VERTEX_POINT ( 'NONE', #5761 );
#5420=EDGE_LOOP ( 'NONE', ( #7171, #14496, #6598, #11493 ) );
#5421=EDGE_CURVE ( 'NONE', #5675, #6704, #3992, .T. );
#5422=ORIENTED_EDGE ( 'NONE', *, *, #4237, .F. );
#5423=ORIENTED_EDGE ( 'NONE', *, *, #8906, .T. );
#5424=ORIENTED_EDGE ( 'NONE', *, *, #2878, .F. );
#5425=EDGE_CURVE ( 'NONE', #8477, #7255, #1909, .T. );
#5426=ORIENTED_EDGE ( 'NONE', *, *, #5138, .T. );
#5427=FACE_OUTER_BOUND ( 'NONE', #11699, .T. );
#5428=ORIENTED_EDGE ( 'NONE', *, *, #7586, .T. );
#5429=EDGE_CURVE ( 'NONE', #1772, #3622, #546, .T. );
#5430=LINE ( 'NONE', #5234, #205 );
#5431=VERTEX_POINT ( 'NONE', #12715 );
#5432=CARTESIAN_POINT ( 'NONE',  ( -4.895000000000000500, 0.0000000000000000000, 12.29999999999999700 ) );
#5433=ORIENTED_EDGE ( 'NONE', *, *, #9128, .F. );
#5434=ORIENTED_EDGE ( 'NONE', *, *, #1098, .T. );
#5435=VERTEX_POINT ( 'NONE', #3139 );
#5436=CARTESIAN_POINT ( 'NONE',  ( 7.729289321881345200, 3.250000000000000000, -5.629289321881345600 ) );
#5437=ORIENTED_EDGE ( 'NONE', *, *, #9058, .F. );
#5438=FACE_OUTER_BOUND ( 'NONE', #10235, .T. );
#5439=ORIENTED_EDGE ( 'NONE', *, *, #3297, .T. );
#5440=ORIENTED_EDGE ( 'NONE', *, *, #5229, .F. );
#5441=EDGE_CURVE ( 'NONE', #410, #7804, #2223, .T. );
#5442=PLANE ( 'NONE',  #13109 );
#5443=CARTESIAN_POINT ( 'NONE',  ( 8.550000000000144600, -1.006230589874914900, 8.259999999999996200 ) );
#5444=EDGE_CURVE ( 'NONE', #5709, #5504, #1400, .T. );
#5445=EDGE_CURVE ( 'NONE', #4635, #5855, #11577, .T. );
#5446=MANIFOLD_SOLID_BREP ( 'Boss-Extrude5[1]', #9586 );
#5447=LINE ( 'NONE', #1242, #4 );
#5448=ORIENTED_EDGE ( 'NONE', *, *, #2409, .T. );
#5449=ORIENTED_EDGE ( 'NONE', *, *, #6459, .T. );
#5450=VECTOR ( 'NONE', #3882, 1000.000000000000000 );
#5451=ADVANCED_FACE ( 'NONE', ( #5835 ), #2862, .F. );
#5452=CARTESIAN_POINT ( 'NONE',  ( 9.000000000000158100, 0.0000000000000000000, -0.0000000000000000000 ) );
#5453=VERTEX_POINT ( 'NONE', #2873 );
#5454=ADVANCED_FACE ( 'NONE', ( #3416 ), #9694, .T. );
#5455=CARTESIAN_POINT ( 'NONE',  ( 8.150000000000170900, 0.05000000000000000300, 0.6399999999999955700 ) );
#5456=CARTESIAN_POINT ( 'NONE',  ( -8.999999999999934300, 0.8000000000000000400, 1.539999999999996300 ) );
#5457=EDGE_CURVE ( 'NONE', #8185, #1686, #10483, .T. );
#5458=DIRECTION ( 'NONE',  ( -1.000000000000000000, 0.0000000000000000000, -3.854941057726233200E-015 ) );
#5459=EDGE_CURVE ( 'NONE', #539, #12693, #5, .T. );
#5460=( GEOMETRIC_REPRESENTATION_CONTEXT ( 3 ) GLOBAL_UNCERTAINTY_ASSIGNED_CONTEXT ( ( #178 ) ) GLOBAL_UNIT_ASSIGNED_CONTEXT ( ( #7, #195, #16 ) ) REPRESENTATION_CONTEXT ( 'NONE', 'WORKASPACE' ) );
#5461=LINE ( 'NONE', #2928, #45 );
#5462=ORIENTED_EDGE ( 'NONE', *, *, #10583, .F. );
#5463=ORIENTED_EDGE ( 'NONE', *, *, #6905, .F. );
#5464=EDGE_CURVE ( 'NONE', #5212, #12749, #2619, .T. );
#5465=MECHANICAL_DESIGN_GEOMETRIC_PRESENTATION_REPRESENTATION (  '', ( #13645 ), #14262 );
#5466=AXIS2_PLACEMENT_3D ( 'NONE', #4379, #12660, #5458 );
#5467=DIRECTION ( 'NONE',  ( -1.000000000000000000, 0.0000000000000000000, -8.673617379884026000E-015 ) );
#5468=EDGE_LOOP ( 'NONE', ( #3141, #5821, #7594, #12414 ) );
#5469=CARTESIAN_POINT ( 'NONE',  ( 7.729289321881345200, 2.999200000000000500, 11.69999999999999800 ) );
#5470=FACE_OUTER_BOUND ( 'NONE', #7750, .T. );
#5471=PLANE ( 'NONE',  #6244 );
#5472=LINE ( 'NONE', #206, #301 );
#5473=ADVANCED_FACE ( 'NONE', ( #10139 ), #2752, .T. );
#5474=VERTEX_POINT ( 'NONE', #4195 );
#5475=LINE ( 'NONE', #5368, #36 );
#5476=CARTESIAN_POINT ( 'NONE',  ( 8.550000000000169500, 0.05000000000000000300, 1.539999999999997100 ) );
#5477=VERTEX_POINT ( 'NONE', #11664 );
#5478=ORIENTED_EDGE ( 'NONE', *, *, #12779, .T. );
#5479=EDGE_CURVE ( 'NONE', #2770, #8522, #10601, .T. );
#5480=ORIENTED_EDGE ( 'NONE', *, *, #3722, .F. );
#5481=EDGE_LOOP ( 'NONE', ( #1630, #14230, #6340, #12035 ) );
#5482=EDGE_CURVE ( 'NONE', #3720, #269, #1801, .T. );
#5483=AXIS2_PLACEMENT_3D ( 'NONE', #12851, #95, #31 );
#5484=EDGE_CURVE ( 'NONE', #9545, #7492, #521, .T. );
#5485=LINE ( 'NONE', #2244, #4 );
#5486=CARTESIAN_POINT ( 'NONE',  ( -8.549999999999984700, 0.0000000000000000000, -3.540000000000003100 ) );
#5487=ORIENTED_EDGE ( 'NONE', *, *, #10549, .F. );
#5488=EDGE_LOOP ( 'NONE', ( #3185, #3379, #2879, #519 ) );
#5489=VERTEX_POINT ( 'NONE', #12314 );
#5490=FACE_OUTER_BOUND ( 'NONE', #620, .T. );
#5491=CARTESIAN_POINT ( 'NONE',  ( 9.000000000000033800, 0.8000000000000000400, 4.899999999999751700 ) );
#5492=ADVANCED_FACE ( 'NONE', ( #751 ), #746, .F. );
#5493=ORIENTED_EDGE ( 'NONE', *, *, #11610, .T. );
#5494=VERTEX_POINT ( 'NONE', #12228 );
#5495=EDGE_LOOP ( 'NONE', ( #3926, #8872, #13831, #987 ) );
#5496=ORIENTED_EDGE ( 'NONE', *, *, #14079, .F. );
#5497=LINE ( 'NONE', #2668, #184 );
#5498=LINE ( 'NONE', #1262, #36 );
#5499=LINE ( 'NONE', #6600, #209 );
#5500=EDGE_CURVE ( 'NONE', #294, #9268, #8157, .T. );
#5501=ORIENTED_EDGE ( 'NONE', *, *, #501, .F. );
#5502=ORIENTED_EDGE ( 'NONE', *, *, #2480, .T. );
#5503=EDGE_CURVE ( 'NONE', #6865, #4169, #11727, .T. );
#5504=VERTEX_POINT ( 'NONE', #922 );
#5505=EDGE_CURVE ( 'NONE', #7168, #7528, #736, .T. );
#5506=AXIS2_PLACEMENT_3D ( 'NONE', #14393, #250, #31 );
#5507=ORIENTED_EDGE ( 'NONE', *, *, #196, .T. );
#5508=EDGE_LOOP ( 'NONE', ( #8213, #5521, #9658, #13142 ) );
#5509=ORIENTED_EDGE ( 'NONE', *, *, #4941, .T. );
#5510=AXIS2_PLACEMENT_3D ( 'NONE', #6816, #891, #15 );
#5511=EDGE_CURVE ( 'NONE', #8625, #2176, #2208, .T. );
#5512=FACE_OUTER_BOUND ( 'NONE', #2850, .T. );
#5513=ORIENTED_EDGE ( 'NONE', *, *, #7366, .T. );
#5514=VERTEX_POINT ( 'NONE', #14172 );
#5515=ORIENTED_EDGE ( 'NONE', *, *, #4398, .F. );
#5516=VERTEX_POINT ( 'NONE', #4767 );
#5517=LINE ( 'NONE', #3208, #209 );
#5518=ORIENTED_EDGE ( 'NONE', *, *, #5231, .T. );
#5519=ORIENTED_EDGE ( 'NONE', *, *, #948, .F. );
#5520=VERTEX_POINT ( 'NONE', #13271 );
#5521=ORIENTED_EDGE ( 'NONE', *, *, #9735, .T. );
#5522=ORIENTED_EDGE ( 'NONE', *, *, #7050, .T. );
#5523=FACE_OUTER_BOUND ( 'NONE', #12803, .T. );
#5524=FACE_OUTER_BOUND ( 'NONE', #12199, .T. );
#5525=ADVANCED_FACE ( 'NONE', ( #6201 ), #3597, .F. );
#5526=EDGE_CURVE ( 'NONE', #12111, #5021, #6566, .T. );
#5527=EDGE_CURVE ( 'NONE', #12557, #4537, #5, .T. );
#5528=ADVANCED_FACE ( 'NONE', ( #2418 ), #49, .T. );
#5529=CARTESIAN_POINT ( 'NONE',  ( 9.000000000000079900, -1.006230589874914900, 2.809999999999995600 ) );
#5530=ORIENTED_EDGE ( 'NONE', *, *, #12427, .F. );
#5531=LINE ( 'NONE', #6781, #184 );
#5532=EDGE_LOOP ( 'NONE', ( #11546, #3340, #4692, #13203 ) );
#5533=ORIENTED_EDGE ( 'NONE', *, *, #4628, .T. );
#5534=ORIENTED_EDGE ( 'NONE', *, *, #7044, .T. );
#5535=CARTESIAN_POINT ( 'NONE',  ( -3.624999999999999600, 0.8000000000000000400, 0.0000000000000000000 ) );
#5536=VERTEX_POINT ( 'NONE', #8447 );
#5537=ORIENTED_EDGE ( 'NONE', *, *, #8843, .F. );
#5538=CARTESIAN_POINT ( 'NONE',  ( 9.000000000000158100, 0.0000000000000000000, 10.42999999999999400 ) );
#5539=ORIENTED_EDGE ( 'NONE', *, *, #10467, .F. );
#5540=EDGE_LOOP ( 'NONE', ( #12057, #12812, #12823, #12892, #5066, #2118 ) );
#5541=LINE ( 'NONE', #9799, #327 );
#5542=ADVANCED_FACE ( 'NONE', ( #5823 ), #2655, .F. );
#5543=EDGE_LOOP ( 'NONE', ( #5969, #5585, #5136, #10889, #1315, #5145 ) );
#5544=LINE ( 'NONE', #7935, #1767 );
#5545=ORIENTED_EDGE ( 'NONE', *, *, #1373, .F. );
#5546=ORIENTED_EDGE ( 'NONE', *, *, #4201, .F. );
#5547=EDGE_CURVE ( 'NONE', #6870, #8492, #1606, .T. );
#5548=ORIENTED_EDGE ( 'NONE', *, *, #10042, .T. );
#5549=EDGE_CURVE ( 'NONE', #2088, #3166, #7621, .T. );
#5550=CARTESIAN_POINT ( 'NONE',  ( 0.0000000000000000000, 0.0000000000000000000, 1.909999999999991500 ) );
#5551=AXIS2_PLACEMENT_3D ( 'NONE', #3078, #669, #95 );
#5552=ORIENTED_EDGE ( 'NONE', *, *, #10750, .T. );
#5553=FACE_OUTER_BOUND ( 'NONE', #1501, .T. );
#5554=EDGE_LOOP ( 'NONE', ( #5876, #12468, #4145, #3130, #6193, #778 ) );
#5555=CARTESIAN_POINT ( 'NONE',  ( -4.444999999999999400, 0.8000000000000000400, 12.74999999999999800 ) );
#5556=ORIENTED_EDGE ( 'NONE', *, *, #13693, .T. );
#5557=LINE ( 'NONE', #2840, #45 );
#5558=FACE_OUTER_BOUND ( 'NONE', #11938, .T. );
#5559=EDGE_LOOP ( 'NONE', ( #3360, #8724, #3167, #5247 ) );
#5560=ADVANCED_FACE ( 'NONE', ( #13511 ), #10200, .F. );
#5561=VERTEX_POINT ( 'NONE', #1048 );
#5562=CARTESIAN_POINT ( 'NONE',  ( -4.444999999999999400, -1.006230589874914900, 12.74999999999999800 ) );
#5563=FACE_OUTER_BOUND ( 'NONE', #364, .T. );
#5564=EDGE_CURVE ( 'NONE', #5662, #7210, #13800, .T. );
#5565=EDGE_CURVE ( 'NONE', #1110, #11120, #10591, .T. );
#5566=ORIENTED_EDGE ( 'NONE', *, *, #10581, .T. );
#5567=CARTESIAN_POINT ( 'NONE',  ( 9.000000000000158100, 0.8000000000000000400, 10.42999999999999400 ) );
#5568=EDGE_CURVE ( 'NONE', #1823, #6157, #1175, .T. );
#5569=CARTESIAN_POINT ( 'NONE',  ( 0.0000000000000000000, 0.8000000000000000400, 1.909999999999991500 ) );
#5570=AXIS2_PLACEMENT_3D ( 'NONE', #80, #5171, #1025 );
#5571=ORIENTED_EDGE ( 'NONE', *, *, #7447, .T. );
#5572=EDGE_CURVE ( 'NONE', #12955, #9973, #3402, .T. );
#5573=LINE ( 'NONE', #261, #4373 );
#5574=VERTEX_POINT ( 'NONE', #8467 );
#5575=FACE_OUTER_BOUND ( 'NONE', #11925, .T. );
#5576=FACE_OUTER_BOUND ( 'NONE', #11336, .T. );
#5577=ORIENTED_EDGE ( 'NONE', *, *, #4398, .T. );
#5578=CARTESIAN_POINT ( 'NONE',  ( -8.999999999999959100, 0.0000000000000000000, -1.175000000000006300 ) );
#5579=EDGE_LOOP ( 'NONE', ( #1214, #7389, #8259, #2991 ) );
#5580=ORIENTED_EDGE ( 'NONE', *, *, #13809, .T. );
#5581=ORIENTED_EDGE ( 'NONE', *, *, #9873, .T. );
#5582=LINE ( 'NONE', #4637, #493 );
#5583=CARTESIAN_POINT ( 'NONE',  ( -8.549999999999839100, 0.04999999999999991300, 9.529999999999988700 ) );
#5584=ADVANCED_FACE ( 'NONE', ( #12496 ), #6031, .T. );
#5585=ORIENTED_EDGE ( 'NONE', *, *, #12190, .T. );
#5586=CARTESIAN_POINT ( 'NONE',  ( 0.3499999999999998100, 0.0000000000000000000, 3.410000000000016600 ) );
#5587=ORIENTED_EDGE ( 'NONE', *, *, #11627, .T. );
#5588=EDGE_CURVE ( 'NONE', #2559, #6163, #521, .T. );
#5589=EDGE_CURVE ( 'NONE', #4932, #10308, #6014, .T. );
#5590=ORIENTED_EDGE ( 'NONE', *, *, #3475, .F. );
#5591=ORIENTED_EDGE ( 'NONE', *, *, #5652, .F. );
#5592=EDGE_CURVE ( 'NONE', #3152, #8845, #12788, .T. );
#5593=( GEOMETRIC_REPRESENTATION_CONTEXT ( 3 ) GLOBAL_UNCERTAINTY_ASSIGNED_CONTEXT ( ( #178 ) ) GLOBAL_UNIT_ASSIGNED_CONTEXT ( ( #7, #195, #16 ) ) REPRESENTATION_CONTEXT ( 'NONE', 'WORKASPACE' ) );
#5594=CLOSED_SHELL ( 'NONE', ( #4494, #2756, #12865, #6021, #2041, #13879, #3576, #5316, #10755, #10388 ) );
#5595=PLANE ( 'NONE',  #2802 );
#5596=ORIENTED_EDGE ( 'NONE', *, *, #1335, .F. );
#5597=EDGE_CURVE ( 'NONE', #25, #1051, #12182, .T. );
#5598=ADVANCED_FACE ( 'NONE', ( #7287 ), #10419, .F. );
#5599=VERTEX_POINT ( 'NONE', #7935 );
#5600=VERTEX_POINT ( 'NONE', #11458 );
#5601=ADVANCED_FACE ( 'NONE', ( #4930 ), #13347, .T. );
#5602=ORIENTED_EDGE ( 'NONE', *, *, #5459, .F. );
#5603=ORIENTED_EDGE ( 'NONE', *, *, #4288, .F. );
#5604=DIRECTION ( 'NONE',  ( 1.000000000000000000, 0.0000000000000000000, -3.854941057726233200E-015 ) );
#5605=CARTESIAN_POINT ( 'NONE',  ( 6.165000000000002700, 0.8000000000000000400, -0.0000000000000000000 ) );
#5606=ORIENTED_EDGE ( 'NONE', *, *, #9977, .F. );
#5607=CARTESIAN_POINT ( 'NONE',  ( -8.150000000000053600, 0.0000000000000000000, 10.42999999999999600 ) );
#5608=CARTESIAN_POINT ( 'NONE',  ( 8.550000000000093100, 0.8000000000000000400, 4.079999999999995600 ) );
#5609=LINE ( 'NONE', #1256, #184 );
#5610=ORIENTED_EDGE ( 'NONE', *, *, #5696, .F. );
#5611=ORIENTED_EDGE ( 'NONE', *, *, #9655, .T. );
#5612=LINE ( 'NONE', #4146, #10 );
#5613=EDGE_CURVE ( 'NONE', #3873, #9286, #8647, .T. );
#5614=ORIENTED_EDGE ( 'NONE', *, *, #13915, .T. );
#5615=LINE ( 'NONE', #4639, #45 );
#5616=FACE_OUTER_BOUND ( 'NONE', #11549, .T. );
#5617=CARTESIAN_POINT ( 'NONE',  ( 8.550000000000171200, 0.8000000000000000400, 11.69999999999999600 ) );
#5618=CARTESIAN_POINT ( 'NONE',  ( -8.999999999999976900, 0.0000000000000000000, 1.089999999999993000 ) );
#5619=ADVANCED_FACE ( 'NONE', ( #8493 ), #6084, .F. );
#5620=ORIENTED_EDGE ( 'NONE', *, *, #1918, .F. );
#5621=EDGE_CURVE ( 'NONE', #12196, #4164, #7789, .T. );
#5622=ORIENTED_EDGE ( 'NONE', *, *, #4447, .F. );
#5623=LINE ( 'NONE', #2135, #36 );
#5624=CARTESIAN_POINT ( 'NONE',  ( 8.550000000000144600, 0.8000000000000000400, 9.159999999999998400 ) );
#5625=ORIENTED_EDGE ( 'NONE', *, *, #4312, .T. );
#5626=LINE ( 'NONE', #7307, #327 );
#5627=FACE_OUTER_BOUND ( 'NONE', #1264, .T. );
#5628=CIRCLE ( 'NONE', #1248, 0.2749999999999991900 );
#5629=LINE ( 'NONE', #4126, #36 );
#5630=CARTESIAN_POINT ( 'NONE',  ( 0.0000000000000000000, -1.006230589874914900, 0.2699999999999968000 ) );
#5631=ORIENTED_EDGE ( 'NONE', *, *, #14308, .F. );
#5632=ORIENTED_EDGE ( 'NONE', *, *, #8614, .T. );
#5633=EDGE_CURVE ( 'NONE', #7418, #3792, #1106, .T. );
#5634=CARTESIAN_POINT ( 'NONE',  ( -8.999999999999991100, -1.006230589874914900, -2.720000000000005500 ) );
#5635=CIRCLE ( 'NONE', #3115, 0.2507999999999998000 );
#5636=EDGE_CURVE ( 'NONE', #4422, #7092, #5635, .T. );
#5637=ADVANCED_FACE ( 'NONE', ( #9153 ), #746, .F. );
#5638=ORIENTED_EDGE ( 'NONE', *, *, #4341, .F. );
#5639=LINE ( 'NONE', #4426, #209 );
#5640=VECTOR ( 'NONE', #1745, 1000.000000000000000 );
#5641=PLANE ( 'NONE',  #3140 );
#5642=LINE ( 'NONE', #2689, #45 );
#5643=FACE_OUTER_BOUND ( 'NONE', #10922, .T. );
#5644=EDGE_LOOP ( 'NONE', ( #1428, #8373, #632, #1350 ) );
#5645=VERTEX_POINT ( 'NONE', #1343 );
#5646=FACE_OUTER_BOUND ( 'NONE', #11168, .T. );
#5647=CARTESIAN_POINT ( 'NONE',  ( -7.434999999999999600, 0.04999999999999991300, 12.29999999999999700 ) );
#5648=ORIENTED_EDGE ( 'NONE', *, *, #12158, .T. );
#5649=LINE ( 'NONE', #378, #209 );
#5650=EDGE_CURVE ( 'NONE', #5113, #5208, #4551, .T. );
#5651=EDGE_CURVE ( 'NONE', #5833, #10888, #5292, .T. );
#5652=EDGE_CURVE ( 'NONE', #1165, #1936, #3004, .T. );
#5653=ADVANCED_FACE ( 'NONE', ( #8147 ), #2397, .F. );
#5654=AXIS2_PLACEMENT_3D ( 'NONE', #4652, #1401, #2474 );
#5655=ORIENTED_EDGE ( 'NONE', *, *, #6436, .F. );
#5656=AXIS2_PLACEMENT_3D ( 'NONE', #12037, #95, #31 );
#5657=ORIENTED_EDGE ( 'NONE', *, *, #523, .F. );
#5658=ORIENTED_EDGE ( 'NONE', *, *, #2745, .F. );
#5659=LINE ( 'NONE', #1328, #209 );
#5660=AXIS2_PLACEMENT_3D ( 'NONE', #1194, #135, #15 );
#5661=ORIENTED_EDGE ( 'NONE', *, *, #6395, .T. );
#5662=VERTEX_POINT ( 'NONE', #6032 );
#5663=PLANE ( 'NONE',  #4038 );
#5664=EDGE_LOOP ( 'NONE', ( #2106, #8821, #10723, #6773 ) );
#5665=PLANE ( 'NONE',  #3719 );
#5666=CIRCLE ( 'NONE', #1970, 0.2749999999999991900 );
#5667=ORIENTED_EDGE ( 'NONE', *, *, #9732, .T. );
#5668=CARTESIAN_POINT ( 'NONE',  ( 9.000000000000158100, 0.8000000000000000400, 10.25500000000010200 ) );
#5669=ADVANCED_FACE ( 'NONE', ( #9486 ), #275, .F. );
#5670=ORIENTED_EDGE ( 'NONE', *, *, #10043, .F. );
#5671=VERTEX_POINT ( 'NONE', #1641 );
#5672=ORIENTED_EDGE ( 'NONE', *, *, #8951, .F. );
#5673=LINE ( 'NONE', #2913, #45 );
#5674=ADVANCED_FACE ( 'NONE', ( #9814 ), #2762, .F. );
#5675=VERTEX_POINT ( 'NONE', #13592 );
#5676=EDGE_CURVE ( 'NONE', #4531, #13601, #2018, .T. );
#5677=LINE ( 'NONE', #11301, #36 );
#5678=EDGE_CURVE ( 'NONE', #2304, #13423, #6936, .T. );
#5679=ORIENTED_EDGE ( 'NONE', *, *, #6419, .F. );
#5680=CARTESIAN_POINT ( 'NONE',  ( -1.454999999999997900, 0.0000000000000000000, 12.29999999999999700 ) );
#5681=VERTEX_POINT ( 'NONE', #1585 );
#5682=EDGE_CURVE ( 'NONE', #13514, #3601, #6001, .T. );
#5683=FACE_OUTER_BOUND ( 'NONE', #13871, .T. );
#5684=CARTESIAN_POINT ( 'NONE',  ( 8.550000000000038000, -1.006230589874914900, -1.900000000000005000 ) );
#5685=PLANE ( 'NONE',  #5656 );
#5686=EDGE_LOOP ( 'NONE', ( #3920, #3727, #11671, #14123, #5772, #775 ) );
#5687=LINE ( 'NONE', #4009, #45 );
#5688=EDGE_LOOP ( 'NONE', ( #2808, #3432, #12640, #10371 ) );
#5689=ORIENTED_EDGE ( 'NONE', *, *, #10704, .F. );
#5690=ORIENTED_EDGE ( 'NONE', *, *, #7121, .T. );
#5691=ORIENTED_EDGE ( 'NONE', *, *, #10618, .T. );
#5692=ADVANCED_FACE ( 'NONE', ( #6191 ), #14479, .T. );
#5693=PLANE ( 'NONE',  #12270 );
#5694=VERTEX_POINT ( 'NONE', #805 );
#5695=ORIENTED_EDGE ( 'NONE', *, *, #2896, .T. );
#5696=EDGE_CURVE ( 'NONE', #5349, #9359, #509, .T. );
#5697=FACE_OUTER_BOUND ( 'NONE', #5371, .T. );
#5698=CARTESIAN_POINT ( 'NONE',  ( -8.549999999999892400, 0.04999999999999991300, 4.449999999999990400 ) );
#5699=PLANE ( 'NONE',  #8520 );
#5700=VERTEX_POINT ( 'NONE', #2870 );
#5701=EDGE_CURVE ( 'NONE', #7903, #5078, #719, .T. );
#5702=CARTESIAN_POINT ( 'NONE',  ( 9.000000000000016000, 0.8000000000000000400, -0.1800000000001279700 ) );
#5703=LINE ( 'NONE', #402, #36 );
#5704=AXIS2_PLACEMENT_3D ( 'NONE', #8288, #19, #135 );
#5705=LINE ( 'NONE', #805, #209 );
#5706=ORIENTED_EDGE ( 'NONE', *, *, #6147, .F. );
#5707=ORIENTED_EDGE ( 'NONE', *, *, #1335, .T. );
#5708=EDGE_CURVE ( 'NONE', #4758, #4139, #13945, .T. );
#5709=VERTEX_POINT ( 'NONE', #2181 );
#5710=AXIS2_PLACEMENT_3D ( 'NONE', #1697, #19, #135 );
#5711=ADVANCED_FACE ( 'NONE', ( #7278 ), #6301, .F. );
#5712=VERTEX_POINT ( 'NONE', #2195 );
#5713=CARTESIAN_POINT ( 'NONE',  ( 8.150000000000170900, 0.0000000000000000000, -0.6300000000000046700 ) );
#5714=ORIENTED_EDGE ( 'NONE', *, *, #2645, .T. );
#5715=CARTESIAN_POINT ( 'NONE',  ( -3.624999999999999600, 0.8000000000000000400, 12.74999999999999800 ) );
#5716=EDGE_CURVE ( 'NONE', #8002, #12107, #6556, .T. );
#5717=VERTEX_POINT ( 'NONE', #1777 );
#5718=EDGE_LOOP ( 'NONE', ( #3924, #9581, #7833, #11427 ) );
#5719=ORIENTED_EDGE ( 'NONE', *, *, #7016, .F. );
#5720=EDGE_CURVE ( 'NONE', #6593, #3166, #7621, .T. );
#5721=ORIENTED_EDGE ( 'NONE', *, *, #2110, .F. );
#5722=EDGE_CURVE ( 'NONE', #10048, #5474, #22, .T. );
#5723=LINE ( 'NONE', #13745, #36 );
#5724=ORIENTED_EDGE ( 'NONE', *, *, #9893, .F. );
#5725=ORIENTED_EDGE ( 'NONE', *, *, #6356, .T. );
#5726=STYLED_ITEM ( 'NONE', ( #77 ), #1016 );
#5727=CARTESIAN_POINT ( 'NONE',  ( -8.999999999999920100, 0.8000000000000000400, 0.0000000000000000000 ) );
#5728=EDGE_LOOP ( 'NONE', ( #10867, #9955, #4819, #11012 ) );
#5729=ORIENTED_EDGE ( 'NONE', *, *, #10488, .T. );
#5730=LINE ( 'NONE', #11, #1226 );
#5731=FACE_OUTER_BOUND ( 'NONE', #443, .T. );
#5732=ORIENTED_EDGE ( 'NONE', *, *, #10265, .T. );
#5733=EDGE_LOOP ( 'NONE', ( #10907, #1274, #12478, #10115 ) );
#5734=CARTESIAN_POINT ( 'NONE',  ( -4.895000000000000500, -1.006230589874914900, 0.0000000000000000000 ) );
#5735=ORIENTED_EDGE ( 'NONE', *, *, #11951, .T. );
#5736=VERTEX_POINT ( 'NONE', #9840 );
#5737=ORIENTED_EDGE ( 'NONE', *, *, #11144, .T. );
#5738=FACE_OUTER_BOUND ( 'NONE', #1081, .T. );
#5739=SURFACE_STYLE_FILL_AREA ( #7185 );
#5740=ORIENTED_EDGE ( 'NONE', *, *, #13397, .F. );
#5741=ORIENTED_EDGE ( 'NONE', *, *, #3258, .T. );
#5742=CARTESIAN_POINT ( 'NONE',  ( -8.999999999999879200, -1.006230589874914900, 5.719999999999990900 ) );
#5743=AXIS2_PLACEMENT_3D ( 'NONE', #5796, #15, #95 );
#5744=CYLINDRICAL_SURFACE ( 'NONE', #7271, 0.2749999999999991900 );
#5745=EDGE_CURVE ( 'NONE', #5208, #13429, #2795, .T. );
#5746=VERTEX_POINT ( 'NONE', #11923 );
#5747=CARTESIAN_POINT ( 'NONE',  ( -1.454999999999997900, 0.8000000000000000400, 12.74999999999999800 ) );
#5748=EDGE_CURVE ( 'NONE', #13423, #9725, #14238, .T. );
#5749=FACE_OUTER_BOUND ( 'NONE', #12526, .T. );
#5750=ORIENTED_EDGE ( 'NONE', *, *, #2294, .T. );
#5751=LINE ( 'NONE', #202, #327 );
#5752=ORIENTED_EDGE ( 'NONE', *, *, #11881, .F. );
#5753=ADVANCED_FACE ( 'NONE', ( #2402 ), #233, .T. );
#5754=CARTESIAN_POINT ( 'NONE',  ( 8.000000000000000000, 3.250000000000000000, -5.629289321881345600 ) );
#5755=EDGE_CURVE ( 'NONE', #12557, #2329, #14375, .T. );
#5756=( GEOMETRIC_REPRESENTATION_CONTEXT ( 3 ) GLOBAL_UNCERTAINTY_ASSIGNED_CONTEXT ( ( #178 ) ) GLOBAL_UNIT_ASSIGNED_CONTEXT ( ( #7, #195, #16 ) ) REPRESENTATION_CONTEXT ( 'NONE', 'WORKASPACE' ) );
#5757=CARTESIAN_POINT ( 'NONE',  ( 9.000000000000024900, 0.0000000000000000000, -2.995000000000065800 ) );
#5758=ADVANCED_FACE ( 'NONE', ( #2004 ), #538, .F. );
#5759=ORIENTED_EDGE ( 'NONE', *, *, #363, .T. );
#5760=PLANE ( 'NONE',  #14280 );
#5761=CARTESIAN_POINT ( 'NONE',  ( -2.724999999999998300, 0.8000000000000000400, 12.74999999999999800 ) );
#5762=CARTESIAN_POINT ( 'NONE',  ( -8.150000000000048300, 0.0000000000000000000, 9.159999999999998400 ) );
#5763=VERTEX_POINT ( 'NONE', #9933 );
#5764=ORIENTED_EDGE ( 'NONE', *, *, #5180, .T. );
#5765=CARTESIAN_POINT ( 'NONE',  ( 8.550000000000171200, 0.0000000000000000000, 10.79999999999999500 ) );
#5766=LINE ( 'NONE', #8286, #45 );
#5767=CARTESIAN_POINT ( 'NONE',  ( 3.450000000000001500, 0.0000000000000000000, 12.74999999999999800 ) );
#5768=LINE ( 'NONE', #8136, #184 );
#5769=VERTEX_POINT ( 'NONE', #4769 );
#5770=LINE ( 'NONE', #6853, #184 );
#5771=CARTESIAN_POINT ( 'NONE',  ( -8.999999999999893400, 0.0000000000000000000, 5.174999999999990900 ) );
#5772=ORIENTED_EDGE ( 'NONE', *, *, #8557, .F. );
#5773=FACE_OUTER_BOUND ( 'NONE', #2472, .T. );
#5774=FACE_OUTER_BOUND ( 'NONE', #7440, .T. );
#5775=ORIENTED_EDGE ( 'NONE', *, *, #13718, .T. );
#5776=EDGE_CURVE ( 'NONE', #2939, #4491, #5861, .T. );
#5777=ORIENTED_EDGE ( 'NONE', *, *, #10448, .F. );
#5778=EDGE_CURVE ( 'NONE', #5113, #14322, #4551, .T. );
#5779=EDGE_CURVE ( 'NONE', #2329, #6273, #12173, .T. );
#5780=CARTESIAN_POINT ( 'NONE',  ( -8.999999999999893400, -1.006230589874914900, 4.449999999999990400 ) );
#5781=ADVANCED_FACE ( 'NONE', ( #12327 ), #49, .F. );
#5782=AXIS2_PLACEMENT_3D ( 'NONE', #1069, #9885, #3321 );
#5783=ORIENTED_EDGE ( 'NONE', *, *, #13525, .F. );
#5784=LINE ( 'NONE', #11147, #36 );
#5785=AXIS2_PLACEMENT_3D ( 'NONE', #10607, #891, #669 );
#5786=VERTEX_POINT ( 'NONE', #5476 );
#5787=PRESENTATION_LAYER_ASSIGNMENT (  '', '', ( #3392 ) );
#5788=FACE_OUTER_BOUND ( 'NONE', #6293, .T. );
#5789=ORIENTED_EDGE ( 'NONE', *, *, #6044, .T. );
#5790=ORIENTED_EDGE ( 'NONE', *, *, #4288, .T. );
#5791=VERTEX_POINT ( 'NONE', #2037 );
#5792=FACE_OUTER_BOUND ( 'NONE', #9618, .T. );
#5793=CARTESIAN_POINT ( 'NONE',  ( 5.989999999999999300, -1.006230589874914900, 12.74999999999999800 ) );
#5794=CARTESIAN_POINT ( 'NONE',  ( -8.999999999999973400, 0.0000000000000000000, -3.170000000000006100 ) );
#5795=ORIENTED_EDGE ( 'NONE', *, *, #5871, .T. );
#5796=CARTESIAN_POINT ( 'NONE',  ( -7.549200000000001700, 2.999200000000000500, 11.69999999999999800 ) );
#5797=LINE ( 'NONE', #290, #209 );
#5798=CARTESIAN_POINT ( 'NONE',  ( 8.000000000000000000, 30.15163842104813000, -5.629289321881345600 ) );
#5799=CARTESIAN_POINT ( 'NONE',  ( 9.000000000000065700, -1.006230589874914900, 0.0000000000000000000 ) );
#5800=ORIENTED_EDGE ( 'NONE', *, *, #2453, .T. );
#5801=ADVANCED_FACE ( 'NONE', ( #9469 ), #3471, .T. );
#5802=EDGE_CURVE ( 'NONE', #10360, #11658, #3391, .T. );
#5803=VERTEX_POINT ( 'NONE', #730 );
#5804=LINE ( 'NONE', #1550, #36 );
#5805=ORIENTED_EDGE ( 'NONE', *, *, #9549, .T. );
#5806=EDGE_LOOP ( 'NONE', ( #9033, #8110, #1408, #7671, #2094, #122 ) );
#5807=EDGE_CURVE ( 'NONE', #4537, #1053, #14089, .T. );
#5808=CYLINDRICAL_SURFACE ( 'NONE', #8595, 0.2749999999999996300 );
#5809=EDGE_LOOP ( 'NONE', ( #11512, #10529, #9429, #436 ) );
#5810=CARTESIAN_POINT ( 'NONE',  ( 9.000000000000145700, -1.006230589874914900, 8.259999999999996200 ) );
#5811=EDGE_CURVE ( 'NONE', #10651, #5086, #5623, .T. );
#5812=EDGE_LOOP ( 'NONE', ( #988, #11957, #7264, #14203 ) );
#5813=ORIENTED_EDGE ( 'NONE', *, *, #13247, .F. );
#5814=EDGE_CURVE ( 'NONE', #3493, #4591, #10477, .T. );
#5815=CARTESIAN_POINT ( 'NONE',  ( 8.550000000000023800, 0.05000000000000000300, -3.170000000000004800 ) );
#5816=ORIENTED_EDGE ( 'NONE', *, *, #7672, .F. );
#5817=( GEOMETRIC_REPRESENTATION_CONTEXT ( 3 ) GLOBAL_UNCERTAINTY_ASSIGNED_CONTEXT ( ( #178 ) ) GLOBAL_UNIT_ASSIGNED_CONTEXT ( ( #7, #195, #16 ) ) REPRESENTATION_CONTEXT ( 'NONE', 'WORKASPACE' ) );
#5818=LINE ( 'NONE', #7587, #205 );
#5819=LINE ( 'NONE', #12047, #36 );
#5820=CARTESIAN_POINT ( 'NONE',  ( 0.3499999999999989800, 0.0000000000000000000, 4.310000000000016500 ) );
#5821=ORIENTED_EDGE ( 'NONE', *, *, #2309, .F. );
#5822=VERTEX_POINT ( 'NONE', #464 );
#5823=FACE_OUTER_BOUND ( 'NONE', #8516, .T. );
#5824=EDGE_CURVE ( 'NONE', #11272, #6541, #10754, .T. );
#5825=ORIENTED_EDGE ( 'NONE', *, *, #10195, .T. );
#5826=EDGE_CURVE ( 'NONE', #13510, #3843, #81, .T. );
#5827=CARTESIAN_POINT ( 'NONE',  ( -8.999999999999944900, 0.8000000000000000400, 0.2699999999999968000 ) );
#5828=CARTESIAN_POINT ( 'NONE',  ( 4.445000000000002100, -1.006230589874914900, 12.74999999999999800 ) );
#5829=CARTESIAN_POINT ( 'NONE',  ( -8.550000000000029100, 0.05000000000000000300, 3.179999999999995300 ) );
#5830=LINE ( 'NONE', #3684, #184 );
#5831=VERTEX_POINT ( 'NONE', #641 );
#5832=ADVANCED_FACE ( 'NONE', ( #9648 ), #8010, .F. );
#5833=VERTEX_POINT ( 'NONE', #3420 );
#5834=PLANE ( 'NONE',  #1979 );
#5835=FACE_OUTER_BOUND ( 'NONE', #5372, .T. );
#5836=ADVANCED_FACE ( 'NONE', ( #3773 ), #233, .T. );
#5837=CARTESIAN_POINT ( 'NONE',  ( 0.0000000000000000000, 0.0000000000000000000, 4.079999999999996500 ) );
#5838=EDGE_LOOP ( 'NONE', ( #920, #1636, #1126, #6904 ) );
#5839=VECTOR ( 'NONE', #1608, 1000.000000000000000 );
#5840=DIRECTION ( 'NONE',  ( 1.107270303814983700E-015, 0.0000000000000000000, -1.000000000000000000 ) );
#5841=CYLINDRICAL_SURFACE ( 'NONE', #3878, 0.2750000000000920000 );
#5842=CARTESIAN_POINT ( 'NONE',  ( 0.0000000000000000000, 0.8000000000000000400, 5.719999999999990900 ) );
#5843=EDGE_CURVE ( 'NONE', #11038, #6702, #7699, .T. );
#5844=ORIENTED_EDGE ( 'NONE', *, *, #8519, .T. );
#5845=VERTEX_POINT ( 'NONE', #6716 );
#5846=LINE ( 'NONE', #11360, #10 );
#5847=EDGE_CURVE ( 'NONE', #2483, #3540, #6741, .T. );
#5848=EDGE_LOOP ( 'NONE', ( #1315, #7343, #2895, #12762 ) );
#5849=CARTESIAN_POINT ( 'NONE',  ( 8.550000000000038000, 0.8000000000000000400, -0.0000000000000000000 ) );
#5850=ORIENTED_EDGE ( 'NONE', *, *, #745, .F. );
#5851=EDGE_CURVE ( 'NONE', #7255, #4813, #3981, .T. );
#5852=AXIS2_PLACEMENT_3D ( 'NONE', #4472, #1353, #1025 );
#5853=AXIS2_PLACEMENT_3D ( 'NONE', #11750, #21, #31 );
#5854=ORIENTED_EDGE ( 'NONE', *, *, #12617, .T. );
#5855=VERTEX_POINT ( 'NONE', #5820 );
#5856=ADVANCED_FACE ( 'NONE', ( #12632 ), #2033, .F. );
#5857=FACE_OUTER_BOUND ( 'NONE', #1604, .T. );
#5858=LINE ( 'NONE', #3507, #36 );
#5859=CARTESIAN_POINT ( 'NONE',  ( 8.550000000000052200, -1.006230589874914900, 0.0000000000000000000 ) );
#5860=ORIENTED_EDGE ( 'NONE', *, *, #5444, .T. );
#5861=LINE ( 'NONE', #3985, #45 );
#5862=FACE_OUTER_BOUND ( 'NONE', #7509, .T. );
#5863=VERTEX_POINT ( 'NONE', #5106 );
#5864=ORIENTED_EDGE ( 'NONE', *, *, #9290, .F. );
#5865=CARTESIAN_POINT ( 'NONE',  ( -7.434999999999999600, 0.05000000000000000300, 12.29999999999999700 ) );
#5866=PLANE ( 'NONE',  #8325 );
#5867=ORIENTED_EDGE ( 'NONE', *, *, #6778, .T. );
#5868=CARTESIAN_POINT ( 'NONE',  ( 0.0000000000000000000, 0.8000000000000000400, 9.529999999999988700 ) );
#5869=EDGE_CURVE ( 'NONE', #3705, #3854, #9305, .T. );
#5870=ORIENTED_EDGE ( 'NONE', *, *, #9017, .T. );
#5871=EDGE_CURVE ( 'NONE', #3159, #5700, #3188, .T. );
#5872=AXIS2_PLACEMENT_3D ( 'NONE', #8358, #19, #135 );
#5873=EDGE_CURVE ( 'NONE', #2888, #2460, #4919, .T. );
#5874=ADVANCED_FACE ( 'NONE', ( #1147 ), #14155, .T. );
#5875=( GEOMETRIC_REPRESENTATION_CONTEXT ( 3 ) GLOBAL_UNCERTAINTY_ASSIGNED_CONTEXT ( ( #178 ) ) GLOBAL_UNIT_ASSIGNED_CONTEXT ( ( #7, #195, #16 ) ) REPRESENTATION_CONTEXT ( 'NONE', 'WORKASPACE' ) );
#5876=ORIENTED_EDGE ( 'NONE', *, *, #8521, .T. );
#5877=ORIENTED_EDGE ( 'NONE', *, *, #1485, .F. );
#5878=ORIENTED_EDGE ( 'NONE', *, *, #7978, .F. );
#5879=ORIENTED_EDGE ( 'NONE', *, *, #13591, .F. );
#5880=VERTEX_POINT ( 'NONE', #904 );
#5881=VERTEX_POINT ( 'NONE', #7969 );
#5882=ORIENTED_EDGE ( 'NONE', *, *, #12224, .F. );
#5883=CARTESIAN_POINT ( 'NONE',  ( 8.550000000000013100, -1.006230589874914900, -3.540000000000004000 ) );
#5884=CARTESIAN_POINT ( 'NONE',  ( -8.150000000000030600, 0.05000000000000000300, 4.079999999999996500 ) );
#5885=LINE ( 'NONE', #465, #205 );
#5886=EDGE_CURVE ( 'NONE', #8693, #9889, #13062, .T. );
#5887=ORIENTED_EDGE ( 'NONE', *, *, #8635, .T. );
#5888=ORIENTED_EDGE ( 'NONE', *, *, #9402, .F. );
#5889=EDGE_CURVE ( 'NONE', #7074, #2322, #2714, .T. );
#5890=FACE_OUTER_BOUND ( 'NONE', #1559, .T. );
#5891=ORIENTED_EDGE ( 'NONE', *, *, #604, .T. );
#5892=ORIENTED_EDGE ( 'NONE', *, *, #10708, .T. );
#5893=VERTEX_POINT ( 'NONE', #8169 );
#5894=EDGE_LOOP ( 'NONE', ( #6719, #13351, #6881, #2091, #5043, #11813 ) );
#5895=EDGE_LOOP ( 'NONE', ( #7068, #2153, #6657, #3600 ) );
#5896=ORIENTED_EDGE ( 'NONE', *, *, #2717, .F. );
#5897=AXIS2_PLACEMENT_3D ( 'NONE', #4048, #135, #15 );
#5898=DIRECTION ( 'NONE',  ( -9.637352644315592800E-016, 0.0000000000000000000, 1.000000000000000000 ) );
#5899=CIRCLE ( 'NONE', #9874, 0.2749999999999991900 );
#5900=EDGE_LOOP ( 'NONE', ( #3674, #9162, #13901, #3506 ) );
#5901=ORIENTED_EDGE ( 'NONE', *, *, #2044, .F. );
#5902=EDGE_LOOP ( 'NONE', ( #8875, #11333, #8198, #11281 ) );
#5903=ORIENTED_EDGE ( 'NONE', *, *, #9685, .T. );
#5904=EDGE_LOOP ( 'NONE', ( #9632, #289, #678, #9946 ) );
#5905=ADVANCED_FACE ( 'NONE', ( #3966 ), #12189, .T. );
#5906=ORIENTED_EDGE ( 'NONE', *, *, #12180, .F. );
#5907=ORIENTED_EDGE ( 'NONE', *, *, #2148, .F. );
#5908=ADVANCED_FACE ( 'NONE', ( #1988 ), #233, .T. );
#5909=MANIFOLD_SOLID_BREP ( 'Boss-Extrude5[6]', #4215 );
#5910=EDGE_CURVE ( 'NONE', #1334, #7475, #4066, .T. );
#5911=PLANE ( 'NONE',  #9961 );
#5912=PLANE ( 'NONE',  #9982 );
#5913=ORIENTED_EDGE ( 'NONE', *, *, #8363, .T. );
#5914=AXIS2_PLACEMENT_3D ( 'NONE', #5266, #2595, #1452 );
#5915=VERTEX_POINT ( 'NONE', #3304 );
#5916=AXIS2_PLACEMENT_3D ( 'NONE', #2950, #215, #15 );
#5917=VERTEX_POINT ( 'NONE', #596 );
#5918=AXIS2_PLACEMENT_3D ( 'NONE', #1837, #19, #135 );
#5919=ORIENTED_EDGE ( 'NONE', *, *, #13104, .F. );
#5920=ORIENTED_EDGE ( 'NONE', *, *, #1804, .F. );
#5921=ORIENTED_EDGE ( 'NONE', *, *, #3032, .T. );
#5922=ORIENTED_EDGE ( 'NONE', *, *, #11428, .F. );
#5923=EDGE_LOOP ( 'NONE', ( #2133, #4148, #14110, #11027 ) );
#5924=LINE ( 'NONE', #2224, #205 );
#5925=ORIENTED_EDGE ( 'NONE', *, *, #2608, .T. );
#5926=VERTEX_POINT ( 'NONE', #7246 );
#5927=PLANE ( 'NONE',  #5945 );
#5928=DIRECTION ( 'NONE',  ( -5.536351519074918400E-016, 0.0000000000000000000, 1.000000000000000000 ) );
#5929=ADVANCED_FACE ( 'NONE', ( #10913 ), #10420, .F. );
#5930=ORIENTED_EDGE ( 'NONE', *, *, #8366, .F. );
#5931=CARTESIAN_POINT ( 'NONE',  ( 2.355000000000002200, 0.8000000000000000400, 12.29999999999999700 ) );
#5932=CARTESIAN_POINT ( 'NONE',  ( 7.729289321881345200, 30.15163842104813000, -5.900000000000003900 ) );
#5933=EDGE_LOOP ( 'NONE', ( #5907, #5805, #10253, #7353 ) );
#5934=FACE_OUTER_BOUND ( 'NONE', #13369, .T. );
#5935=VERTEX_POINT ( 'NONE', #4569 );
#5936=EDGE_CURVE ( 'NONE', #7020, #7474, #1795, .T. );
#5937=EDGE_CURVE ( 'NONE', #1945, #9951, #11403, .T. );
#5938=ORIENTED_EDGE ( 'NONE', *, *, #13145, .F. );
#5939=AXIS2_PLACEMENT_3D ( 'NONE', #4048, #215, #15 );
#5940=ORIENTED_EDGE ( 'NONE', *, *, #3358, .T. );
#5941=FACE_OUTER_BOUND ( 'NONE', #10915, .T. );
#5942=FACE_OUTER_BOUND ( 'NONE', #2540, .T. );
#5943=ORIENTED_EDGE ( 'NONE', *, *, #12202, .T. );
#5944=VERTEX_POINT ( 'NONE', #11264 );
#5945=AXIS2_PLACEMENT_3D ( 'NONE', #1631, #3384, #502 );
#5946=PLANE ( 'NONE',  #11153 );
#5947=CARTESIAN_POINT ( 'NONE',  ( 9.000000000000012400, -1.006230589874914900, -4.265000000000035200 ) );
#5948=CIRCLE ( 'NONE', #10337, 0.2508000000000006900 );
#5949=EDGE_LOOP ( 'NONE', ( #12209, #11631, #6095, #8408 ) );
#5950=PLANE ( 'NONE',  #2356 );
#5951=CARTESIAN_POINT ( 'NONE',  ( 0.0000000000000000000, -1.006230589874914900, 11.69999999999999800 ) );
#5952=CARTESIAN_POINT ( 'NONE',  ( -8.999999999999905900, 0.8000000000000000400, 4.079999999999995600 ) );
#5953=CARTESIAN_POINT ( 'NONE',  ( 9.000000000000039100, -1.006230589874914900, -1.900000000000005000 ) );
#5954=ADVANCED_FACE ( 'NONE', ( #4734 ), #12378, .F. );
#5955=VERTEX_POINT ( 'NONE', #6730 );
#5956=FACE_OUTER_BOUND ( 'NONE', #12093, .T. );
#5957=ORIENTED_EDGE ( 'NONE', *, *, #3076, .F. );
#5958=CLOSED_SHELL ( 'NONE', ( #3649, #10779, #2535, #6261, #10563, #8361, #13276, #6734, #3983, #4101 ) );
#5959=ORIENTED_EDGE ( 'NONE', *, *, #4306, .T. );
#5960=LINE ( 'NONE', #1347, #1767 );
#5961=EDGE_CURVE ( 'NONE', #6702, #1945, #13499, .T. );
#5962=EDGE_CURVE ( 'NONE', #6300, #11039, #1568, .T. );
#5963=FACE_OUTER_BOUND ( 'NONE', #3841, .T. );
#5964=ORIENTED_EDGE ( 'NONE', *, *, #10750, .F. );
#5965=EDGE_CURVE ( 'NONE', #246, #6826, #7098, .T. );
#5966=PLANE ( 'NONE',  #1371 );
#5967=ORIENTED_EDGE ( 'NONE', *, *, #7893, .F. );
#5968=LINE ( 'NONE', #6112, #184 );
#5969=ORIENTED_EDGE ( 'NONE', *, *, #9981, .F. );
#5970=ORIENTED_EDGE ( 'NONE', *, *, #5982, .F. );
#5971=VERTEX_POINT ( 'NONE', #1328 );
#5972=EDGE_LOOP ( 'NONE', ( #6087, #8572, #9740, #9269, #7551, #1866 ) );
#5973=LINE ( 'NONE', #60, #205 );
#5974=ORIENTED_EDGE ( 'NONE', *, *, #4421, .T. );
#5975=ORIENTED_EDGE ( 'NONE', *, *, #5328, .T. );
#5976=ORIENTED_EDGE ( 'NONE', *, *, #4460, .F. );
#5977=LINE ( 'NONE', #331, #493 );
#5978=ORIENTED_EDGE ( 'NONE', *, *, #2067, .F. );
#5979=VERTEX_POINT ( 'NONE', #1387 );
#5980=ORIENTED_EDGE ( 'NONE', *, *, #5505, .F. );
#5981=EDGE_LOOP ( 'NONE', ( #13191, #4026, #6557, #2833, #7905, #13938 ) );
#5982=EDGE_CURVE ( 'NONE', #4438, #587, #491, .T. );
#5983=EDGE_CURVE ( 'NONE', #8551, #1930, #521, .T. );
#5984=LINE ( 'NONE', #9764, #205 );
#5985=EDGE_CURVE ( 'NONE', #9859, #9639, #509, .T. );
#5986=ORIENTED_EDGE ( 'NONE', *, *, #4698, .T. );
#5987=EDGE_LOOP ( 'NONE', ( #7264, #5534, #7101, #10078 ) );
#5988=EDGE_CURVE ( 'NONE', #905, #7715, #12013, .T. );
#5989=AXIS2_PLACEMENT_3D ( 'NONE', #14252, #214, #12322 );
#5990=FACE_OUTER_BOUND ( 'NONE', #6983, .T. );
#5991=AXIS2_PLACEMENT_3D ( 'NONE', #10310, #95, #31 );
#5992=ADVANCED_FACE ( 'NONE', ( #12619 ), #12549, .T. );
#5993=ORIENTED_EDGE ( 'NONE', *, *, #8620, .T. );
#5994=ADVANCED_FACE ( 'NONE', ( #9296 ), #9462, .F. );
#5995=LINE ( 'NONE', #11971, #36 );
#5996=LINE ( 'NONE', #11734, #205 );
#5997=VERTEX_POINT ( 'NONE', #5713 );
#5998=FACE_OUTER_BOUND ( 'NONE', #13559, .T. );
#5999=ORIENTED_EDGE ( 'NONE', *, *, #8316, .F. );
#6000=ORIENTED_EDGE ( 'NONE', *, *, #9401, .F. );
#6001=LINE ( 'NONE', #5272, #10 );
#6002=CARTESIAN_POINT ( 'NONE',  ( -7.549200000000003500, 3.049999999999999800, 0.0000000000000000000 ) );
#6003=EDGE_CURVE ( 'NONE', #3388, #13764, #2596, .T. );
#6004=ORIENTED_EDGE ( 'NONE', *, *, #971, .T. );
#6005=EDGE_CURVE ( 'NONE', #9286, #1695, #12315, .T. );
#6006=LINE ( 'NONE', #1343, #493 );
#6007=EDGE_CURVE ( 'NONE', #13391, #7085, #13503, .T. );
#6008=PRESENTATION_LAYER_ASSIGNMENT (  '', '', ( #11086 ) );
#6009=FACE_OUTER_BOUND ( 'NONE', #2206, .T. );
#6010=ADVANCED_FACE ( 'NONE', ( #13641 ), #2636, .F. );
#6011=ORIENTED_EDGE ( 'NONE', *, *, #1245, .F. );
#6012=EDGE_CURVE ( 'NONE', #8050, #8492, #14229, .T. );
#6013=ORIENTED_EDGE ( 'NONE', *, *, #4420, .T. );
#6014=LINE ( 'NONE', #3482, #45 );
#6015=AXIS2_PLACEMENT_3D ( 'NONE', #9039, #214, #13989 );
#6016=PLANE ( 'NONE',  #286 );
#6017=EDGE_LOOP ( 'NONE', ( #13912, #8202, #5507, #13742 ) );
#6018=PLANE ( 'NONE',  #2142 );
#6019=FACE_OUTER_BOUND ( 'NONE', #7942, .T. );
#6020=EDGE_CURVE ( 'NONE', #12841, #6541, #6370, .T. );
#6021=ADVANCED_FACE ( 'NONE', ( #8300 ), #5866, .T. );
#6022=ORIENTED_EDGE ( 'NONE', *, *, #9245, .F. );
#6023=EDGE_LOOP ( 'NONE', ( #11079, #5825, #3554, #12993, #12508, #2171 ) );
#6024=EDGE_CURVE ( 'NONE', #13699, #4959, #1372, .T. );
#6025=LINE ( 'NONE', #1743, #209 );
#6026=EDGE_CURVE ( 'NONE', #921, #1984, #11388, .T. );
#6027=ORIENTED_EDGE ( 'NONE', *, *, #1816, .T. );
#6028=MECHANICAL_DESIGN_GEOMETRIC_PRESENTATION_REPRESENTATION (  '', ( #13934 ), #6823 );
#6029=ORIENTED_EDGE ( 'NONE', *, *, #855, .T. );
#6030=FACE_OUTER_BOUND ( 'NONE', #10239, .T. );
#6031=PLANE ( 'NONE',  #14239 );
#6032=CARTESIAN_POINT ( 'NONE',  ( 2.725000000000001000, 0.0000000000000000000, 11.90000000000017100 ) );
#6033=ORIENTED_EDGE ( 'NONE', *, *, #14165, .T. );
#6034=ORIENTED_EDGE ( 'NONE', *, *, #6385, .F. );
#6035=LINE ( 'NONE', #705, #493 );
#6036=ORIENTED_EDGE ( 'NONE', *, *, #26, .F. );
#6037=ORIENTED_EDGE ( 'NONE', *, *, #6991, .T. );
#6038=ORIENTED_EDGE ( 'NONE', *, *, #7365, .F. );
#6039=ORIENTED_EDGE ( 'NONE', *, *, #12207, .F. );
#6040=EDGE_LOOP ( 'NONE', ( #4962, #2014, #6866, #4389 ) );
#6041=CARTESIAN_POINT ( 'NONE',  ( -7.800000000000001600, 30.15163842104813000, 11.49999999999999600 ) );
#6042=CARTESIAN_POINT ( 'NONE',  ( 1.455000000000000500, -1.006230589874914900, 0.0000000000000000000 ) );
#6043=FACE_OUTER_BOUND ( 'NONE', #3173, .T. );
#6044=EDGE_CURVE ( 'NONE', #4332, #10041, #13754, .T. );
#6045=PLANE ( 'NONE',  #2556 );
#6046=EDGE_CURVE ( 'NONE', #8283, #12722, #10568, .T. );
#6047=CARTESIAN_POINT ( 'NONE',  ( -8.999999999999934300, 0.0000000000000000000, 1.539999999999997100 ) );
#6048=EDGE_LOOP ( 'NONE', ( #177, #2847, #2903, #2764 ) );
#6049=EDGE_CURVE ( 'NONE', #7092, #8920, #4715, .T. );
#6050=AXIS2_PLACEMENT_3D ( 'NONE', #333, #95, #31 );
#6051=ORIENTED_EDGE ( 'NONE', *, *, #2995, .T. );
#6052=ORIENTED_EDGE ( 'NONE', *, *, #11152, .T. );
#6053=LINE ( 'NONE', #13968, #36 );
#6054=LINE ( 'NONE', #13970, #36 );
#6055=AXIS2_PLACEMENT_3D ( 'NONE', #1684, #95, #31 );
#6056=FACE_OUTER_BOUND ( 'NONE', #12097, .T. );
#6057=EDGE_LOOP ( 'NONE', ( #14325, #4272, #408, #6088 ) );
#6058=PLANE ( 'NONE',  #9277 );
#6059=ORIENTED_EDGE ( 'NONE', *, *, #7279, .T. );
#6060=LINE ( 'NONE', #7150, #36 );
#6061=FACE_OUTER_BOUND ( 'NONE', #5728, .T. );
#6062=ADVANCED_FACE ( 'NONE', ( #11547 ), #11827, .T. );
#6063=ADVANCED_FACE ( 'NONE', ( #8468 ), #7739, .F. );
#6064=ORIENTED_EDGE ( 'NONE', *, *, #3010, .T. );
#6065=CARTESIAN_POINT ( 'NONE',  ( -8.549999999999984700, 0.8000000000000000400, 0.0000000000000000000 ) );
#6066=ORIENTED_EDGE ( 'NONE', *, *, #13303, .F. );
#6067=EDGE_CURVE ( 'NONE', #13253, #10751, #9456, .T. );
#6068=PLANE ( 'NONE',  #8604 );
#6069=EDGE_CURVE ( 'NONE', #14161, #2962, #7267, .T. );
#6070=LINE ( 'NONE', #3078, #36 );
#6071=EDGE_CURVE ( 'NONE', #14349, #6271, #5973, .T. );
#6072=EDGE_LOOP ( 'NONE', ( #2112, #12707, #11928, #4439, #8743, #8891 ) );
#6073=ORIENTED_EDGE ( 'NONE', *, *, #9977, .T. );
#6074=ORIENTED_EDGE ( 'NONE', *, *, #2289, .F. );
#6075=EDGE_CURVE ( 'NONE', #13566, #13020, #11688, .T. );
#6076=VERTEX_POINT ( 'NONE', #334 );
#6077=AXIS2_PLACEMENT_3D ( 'NONE', #10600, #31, #891 );
#6078=FACE_OUTER_BOUND ( 'NONE', #6596, .T. );
#6079=VERTEX_POINT ( 'NONE', #409 );
#6080=ADVANCED_FACE ( 'NONE', ( #9949 ), #6579, .F. );
#6081=ORIENTED_EDGE ( 'NONE', *, *, #11894, .T. );
#6082=LINE ( 'NONE', #9266, #5640 );
#6083=EDGE_LOOP ( 'NONE', ( #5164, #8024, #5546, #5424 ) );
#6084=PLANE ( 'NONE',  #14464 );
#6085=FACE_OUTER_BOUND ( 'NONE', #11324, .T. );
#6086=VERTEX_POINT ( 'NONE', #1631 );
#6087=ORIENTED_EDGE ( 'NONE', *, *, #2193, .F. );
#6088=ORIENTED_EDGE ( 'NONE', *, *, #4834, .T. );
#6089=VERTEX_POINT ( 'NONE', #2493 );
#6090=ORIENTED_EDGE ( 'NONE', *, *, #9939, .F. );
#6091=PLANE ( 'NONE',  #9758 );
#6092=ORIENTED_EDGE ( 'NONE', *, *, #4518, .F. );
#6093=LINE ( 'NONE', #236, #209 );
#6094=EDGE_CURVE ( 'NONE', #7533, #2139, #2971, .T. );
#6095=ORIENTED_EDGE ( 'NONE', *, *, #3848, .T. );
#6096=EDGE_CURVE ( 'NONE', #3048, #738, #4166, .T. );
#6097=ORIENTED_EDGE ( 'NONE', *, *, #2626, .T. );
#6098=EDGE_CURVE ( 'NONE', #1267, #2246, #2575, .T. );
#6099=CARTESIAN_POINT ( 'NONE',  ( -6.534999999999998400, 0.8000000000000000400, 12.29999999999999700 ) );
#6100=ORIENTED_EDGE ( 'NONE', *, *, #13569, .T. );
#6101=ORIENTED_EDGE ( 'NONE', *, *, #10346, .T. );
#6102=CARTESIAN_POINT ( 'NONE',  ( 7.729289321881345200, 3.250000000000000000, 11.42928932188134200 ) );
#6103=PLANE ( 'NONE',  #3943 );
#6104=( GEOMETRIC_REPRESENTATION_CONTEXT ( 3 ) GLOBAL_UNCERTAINTY_ASSIGNED_CONTEXT ( ( #178 ) ) GLOBAL_UNIT_ASSIGNED_CONTEXT ( ( #7, #195, #16 ) ) REPRESENTATION_CONTEXT ( 'NONE', 'WORKASPACE' ) );
#6105=ORIENTED_EDGE ( 'NONE', *, *, #12042, .F. );
#6106=ADVANCED_FACE ( 'NONE', ( #5427 ), #8701, .F. );
#6107=EDGE_CURVE ( 'NONE', #8385, #2609, #7428, .T. );
#6108=ORIENTED_EDGE ( 'NONE', *, *, #2914, .T. );
#6109=FACE_OUTER_BOUND ( 'NONE', #9002, .T. );
#6110=LINE ( 'NONE', #3404, #110 );
#6111=ORIENTED_EDGE ( 'NONE', *, *, #3868, .F. );
#6112=CARTESIAN_POINT ( 'NONE',  ( -8.999999999999973400, 0.0000000000000000000, 0.0000000000000000000 ) );
#6113=VERTEX_POINT ( 'NONE', #136 );
#6114=CARTESIAN_POINT ( 'NONE',  ( 0.0000000000000000000, 0.0000000000000000000, -1.900000000000006800 ) );
#6115=FACE_OUTER_BOUND ( 'NONE', #5895, .T. );
#6116=LINE ( 'NONE', #9479, #184 );
#6117=LINE ( 'NONE', #3651, #36 );
#6118=CLOSED_SHELL ( 'NONE', ( #10494, #404, #5454, #3518, #7740, #13726, #5473, #612, #11175, #5874, #8196, #12969, #4395, #4262, #5601, #14196, #9337, #8816, #946, #14313, #14332, #4772, #503, #3995, #10356, #199, #1654, #562, #5832, #12086 ) );
#6119=CARTESIAN_POINT ( 'NONE',  ( 5.265000000000001500, 0.8000000000000000400, 12.74999999999999800 ) );
#6120=ORIENTED_EDGE ( 'NONE', *, *, #94, .F. );
#6121=ORIENTED_EDGE ( 'NONE', *, *, #9385, .T. );
#6122=EDGE_CURVE ( 'NONE', #10551, #11000, #961, .T. );
#6123=ORIENTED_EDGE ( 'NONE', *, *, #601, .F. );
#6124=EDGE_CURVE ( 'NONE', #6503, #6271, #6354, .T. );
#6125=CARTESIAN_POINT ( 'NONE',  ( -8.999999999999959100, -1.006230589874914900, -1.000000000000003600 ) );
#6126=CARTESIAN_POINT ( 'NONE',  ( -8.999999999999920100, 0.0000000000000000000, 2.634999999999991800 ) );
#6127=LINE ( 'NONE', #3680, #36 );
#6128=ORIENTED_EDGE ( 'NONE', *, *, #13658, .F. );
#6129=ORIENTED_EDGE ( 'NONE', *, *, #8745, .T. );
#6130=STYLED_ITEM ( 'NONE', ( #77 ), #10130 );
#6131=EDGE_CURVE ( 'NONE', #7733, #12843, #255, .T. );
#6132=FACE_OUTER_BOUND ( 'NONE', #5382, .T. );
#6133=VERTEX_POINT ( 'NONE', #4379 );
#6134=ORIENTED_EDGE ( 'NONE', *, *, #5678, .T. );
#6135=VECTOR ( 'NONE', #2504, 1000.000000000000000 );
#6136=FACE_OUTER_BOUND ( 'NONE', #13817, .T. );
#6137=ORIENTED_EDGE ( 'NONE', *, *, #14412, .F. );
#6138=EDGE_LOOP ( 'NONE', ( #7848, #7943, #12262, #1207, #5068, #5373 ) );
#6139=CARTESIAN_POINT ( 'NONE',  ( -0.1849999999999976700, -1.006230589874914900, 12.29999999999999700 ) );
#6140=DIRECTION ( 'NONE',  ( 1.000000000000000000, 0.0000000000000000000, 9.637352644315598700E-016 ) );
#6141=ORIENTED_EDGE ( 'NONE', *, *, #11393, .F. );
#6142=ORIENTED_EDGE ( 'NONE', *, *, #10290, .T. );
#6143=CARTESIAN_POINT ( 'NONE',  ( -5.264999999999997900, 0.0000000000000000000, 12.29999999999999700 ) );
#6144=ADVANCED_FACE ( 'NONE', ( #10256 ), #959, .F. );
#6145=EDGE_CURVE ( 'NONE', #7720, #263, #12301, .T. );
#6146=ORIENTED_EDGE ( 'NONE', *, *, #8068, .F. );
#6147=EDGE_CURVE ( 'NONE', #6865, #3159, #9786, .T. );
#6148=ADVANCED_FACE ( 'NONE', ( #14498 ), #9966, .F. );
#6149=LINE ( 'NONE', #3276, #45 );
#6150=FACE_OUTER_BOUND ( 'NONE', #9455, .T. );
#6151=ORIENTED_EDGE ( 'NONE', *, *, #10649, .F. );
#6152=EDGE_CURVE ( 'NONE', #2120, #14158, #3758, .T. );
#6153=VERTEX_POINT ( 'NONE', #11999 );
#6154=AXIS2_PLACEMENT_3D ( 'NONE', #112, #1401, #2474 );
#6155=ORIENTED_EDGE ( 'NONE', *, *, #7913, .T. );
#6156=ORIENTED_EDGE ( 'NONE', *, *, #6821, .T. );
#6157=VERTEX_POINT ( 'NONE', #3216 );
#6158=CARTESIAN_POINT ( 'NONE',  ( 9.000000000000104800, 0.0000000000000000000, 5.349999999999996100 ) );
#6159=VERTEX_POINT ( 'NONE', #3013 );
#6160=CARTESIAN_POINT ( 'NONE',  ( 9.000000000000172300, 0.8000000000000000400, -0.0000000000000000000 ) );
#6161=LINE ( 'NONE', #3437, #184 );
#6162=LINE ( 'NONE', #2870, #908 );
#6163=VERTEX_POINT ( 'NONE', #1925 );
#6164=ORIENTED_EDGE ( 'NONE', *, *, #9272, .T. );
#6165=ORIENTED_EDGE ( 'NONE', *, *, #1652, .F. );
#6166=EDGE_LOOP ( 'NONE', ( #13998, #13086, #6921, #14071, #11851, #4434, #4515, #9546 ) );
#6167=ADVANCED_FACE ( 'NONE', ( #12907 ), #9917, .F. );
#6168=LINE ( 'NONE', #865, #4 );
#6169=ADVANCED_FACE ( 'NONE', ( #14365 ), #233, .T. );
#6170=ORIENTED_EDGE ( 'NONE', *, *, #4832, .T. );
#6171=CARTESIAN_POINT ( 'NONE',  ( 9.000000000000056800, 0.0000000000000000000, 11.24999999999999600 ) );
#6172=EDGE_CURVE ( 'NONE', #11661, #12693, #12161, .T. );
#6173=ORIENTED_EDGE ( 'NONE', *, *, #6655, .T. );
#6174=EDGE_CURVE ( 'NONE', #5786, #3318, #4528, .T. );
#6175=EDGE_CURVE ( 'NONE', #7625, #9438, #5797, .T. );
#6176=LINE ( 'NONE', #2216, #4 );
#6177=CARTESIAN_POINT ( 'NONE',  ( -8.999999999999854300, -1.006230589874914900, 8.434999999999989800 ) );
#6178=LINE ( 'NONE', #5607, #10 );
#6179=EDGE_CURVE ( 'NONE', #3712, #5822, #8117, .T. );
#6180=ORIENTED_EDGE ( 'NONE', *, *, #3832, .T. );
#6181=AXIS2_PLACEMENT_3D ( 'NONE', #10443, #95, #31 );
#6182=ORIENTED_EDGE ( 'NONE', *, *, #11296, .T. );
#6183=ORIENTED_EDGE ( 'NONE', *, *, #11758, .F. );
#6184=CARTESIAN_POINT ( 'NONE',  ( -8.549999999999904800, 0.0000000000000000000, 4.079999999999996500 ) );
#6185=FACE_OUTER_BOUND ( 'NONE', #13136, .T. );
#6186=ORIENTED_EDGE ( 'NONE', *, *, #4877, .T. );
#6187=ORIENTED_EDGE ( 'NONE', *, *, #386, .F. );
#6188=ORIENTED_EDGE ( 'NONE', *, *, #259, .T. );
#6189=VERTEX_POINT ( 'NONE', #8977 );
#6190=PLANE ( 'NONE',  #859 );
#6191=FACE_OUTER_BOUND ( 'NONE', #6988, .T. );
#6192=ADVANCED_FACE ( 'NONE', ( #12610 ), #3193, .T. );
#6193=ORIENTED_EDGE ( 'NONE', *, *, #3189, .F. );
#6194=LINE ( 'NONE', #733, #10 );
#6195=EDGE_CURVE ( 'NONE', #3571, #9225, #14214, .T. );
#6196=EDGE_CURVE ( 'NONE', #10950, #9531, #4121, .T. );
#6197=EDGE_CURVE ( 'NONE', #8569, #2676, #6708, .T. );
#6198=EDGE_LOOP ( 'NONE', ( #11873, #6361, #8819, #8627, #13482, #8825 ) );
#6199=ORIENTED_EDGE ( 'NONE', *, *, #13769, .F. );
#6200=CARTESIAN_POINT ( 'NONE',  ( -8.549999999999878100, 0.04999999999999991300, 5.719999999999990900 ) );
#6201=FACE_OUTER_BOUND ( 'NONE', #10428, .T. );
#6202=ORIENTED_EDGE ( 'NONE', *, *, #9056, .T. );
#6203=DIRECTION ( 'NONE',  ( 1.334402673828313200E-015, -0.0000000000000000000, 1.000000000000000000 ) );
#6204=CARTESIAN_POINT ( 'NONE',  ( -6.534999999999998400, 0.0000000000000000000, 0.0000000000000000000 ) );
#6205=LINE ( 'NONE', #2800, #908 );
#6206=ORIENTED_EDGE ( 'NONE', *, *, #11870, .F. );
#6207=EDGE_LOOP ( 'NONE', ( #5732, #1916, #13634, #12890 ) );
#6208=LINE ( 'NONE', #7120, #36 );
#6209=EDGE_CURVE ( 'NONE', #6113, #4084, #470, .T. );
#6210=ORIENTED_EDGE ( 'NONE', *, *, #7668, .T. );
#6211=LINE ( 'NONE', #3871, #209 );
#6212=EDGE_CURVE ( 'NONE', #4072, #8883, #3558, .T. );
#6213=EDGE_LOOP ( 'NONE', ( #1117, #8178, #4636, #1368 ) );
#6214=PLANE ( 'NONE',  #5916 );
#6215=ADVANCED_FACE ( 'NONE', ( #12454 ), #9083, .T. );
#6216=VERTEX_POINT ( 'NONE', #3818 );
#6217=ORIENTED_EDGE ( 'NONE', *, *, #5621, .F. );
#6218=LINE ( 'NONE', #513, #12131 );
#6219=ADVANCED_FACE ( 'NONE', ( #7078 ), #758, .T. );
#6220=LINE ( 'NONE', #333, #493 );
#6221=ORIENTED_EDGE ( 'NONE', *, *, #11246, .T. );
#6222=VERTEX_POINT ( 'NONE', #2288 );
#6223=LINE ( 'NONE', #1216, #110 );
#6224=PLANE ( 'NONE',  #14338 );
#6225=CARTESIAN_POINT ( 'NONE',  ( 6.535000000000001900, -1.006230589874914900, 12.74999999999999800 ) );
#6226=VERTEX_POINT ( 'NONE', #3347 );
#6227=LINE ( 'NONE', #3619, #205 );
#6228=LINE ( 'NONE', #3208, #36 );
#6229=EDGE_CURVE ( 'NONE', #5419, #587, #509, .T. );
#6230=ORIENTED_EDGE ( 'NONE', *, *, #3335, .T. );
#6231=EDGE_CURVE ( 'NONE', #4037, #828, #11211, .T. );
#6232=ORIENTED_EDGE ( 'NONE', *, *, #10957, .T. );
#6233=ORIENTED_EDGE ( 'NONE', *, *, #11910, .F. );
#6234=FACE_OUTER_BOUND ( 'NONE', #4036, .T. );
#6235=EDGE_CURVE ( 'NONE', #13429, #2517, #2953, .T. );
#6236=VERTEX_POINT ( 'NONE', #8407 );
#6237=ADVANCED_FACE ( 'NONE', ( #7249 ), #13207, .F. );
#6238=EDGE_LOOP ( 'NONE', ( #2034, #609, #918, #12921 ) );
#6239=AXIS2_PLACEMENT_3D ( 'NONE', #6693, #15, #250 );
#6240=VERTEX_POINT ( 'NONE', #6763 );
#6241=ADVANCED_FACE ( 'NONE', ( #13334 ), #822, .F. );
#6242=PLANE ( 'NONE',  #8686 );
#6243=ORIENTED_EDGE ( 'NONE', *, *, #10618, .F. );
#6244=AXIS2_PLACEMENT_3D ( 'NONE', #237, #4097, #1533 );
#6245=MANIFOLD_SOLID_BREP ( 'Boss-Extrude5[33]', #13202 );
#6246=LINE ( 'NONE', #4580, #4 );
#6247=LINE ( 'NONE', #956, #209 );
#6248=LINE ( 'NONE', #9846, #327 );
#6249=CARTESIAN_POINT ( 'NONE',  ( 9.000000000000012400, 0.8000000000000000400, -0.0000000000000000000 ) );
#6250=VERTEX_POINT ( 'NONE', #7172 );
#6251=FACE_OUTER_BOUND ( 'NONE', #8004, .T. );
#6252=LINE ( 'NONE', #13094, #5839 );
#6253=PLANE ( 'NONE',  #5087 );
#6254=FACE_OUTER_BOUND ( 'NONE', #4517, .T. );
#6255=ORIENTED_EDGE ( 'NONE', *, *, #2742, .F. );
#6256=EDGE_LOOP ( 'NONE', ( #4339, #6603, #8747, #7334 ) );
#6257=ORIENTED_EDGE ( 'NONE', *, *, #8791, .F. );
#6258=EDGE_CURVE ( 'NONE', #6721, #1843, #14064, .T. );
#6259=EDGE_CURVE ( 'NONE', #3571, #6908, #10092, .T. );
#6260=DIRECTION ( 'NONE',  ( 1.000000000000000000, -0.0000000000000000000, 1.107270303814983700E-015 ) );
#6261=ADVANCED_FACE ( 'NONE', ( #5415 ), #11341, .T. );
#6262=AXIS2_PLACEMENT_3D ( 'NONE', #4710, #3384, #502 );
#6263=LINE ( 'NONE', #791, #209 );
#6264=EDGE_CURVE ( 'NONE', #12842, #1771, #1405, .T. );
#6265=CARTESIAN_POINT ( 'NONE',  ( 1.085000000000001700, 0.05000000000000000300, 12.29999999999999700 ) );
#6266=ORIENTED_EDGE ( 'NONE', *, *, #63, .F. );
#6267=ORIENTED_EDGE ( 'NONE', *, *, #5613, .T. );
#6268=FACE_OUTER_BOUND ( 'NONE', #9365, .T. );
#6269=LINE ( 'NONE', #2335, #205 );
#6270=CARTESIAN_POINT ( 'NONE',  ( -8.549999999999839100, 0.8000000000000000400, 9.529999999999988700 ) );
#6271=VERTEX_POINT ( 'NONE', #6532 );
#6272=VERTEX_POINT ( 'NONE', #1241 );
#6273=VERTEX_POINT ( 'NONE', #13286 );
#6274=VERTEX_POINT ( 'NONE', #1594 );
#6275=CARTESIAN_POINT ( 'NONE',  ( -8.999999999999865000, 0.0000000000000000000, 0.0000000000000000000 ) );
#6276=ORIENTED_EDGE ( 'NONE', *, *, #1329, .T. );
#6277=EDGE_LOOP ( 'NONE', ( #147, #8808, #172, #1953, #3891, #1676 ) );
#6278=FACE_OUTER_BOUND ( 'NONE', #2104, .T. );
#6279=CYLINDRICAL_SURFACE ( 'NONE', #3909, 0.2749999999999991900 );
#6280=CARTESIAN_POINT ( 'NONE',  ( -8.549999999999865700, 0.0000000000000000000, 6.989999999999996700 ) );
#6281=EDGE_CURVE ( 'NONE', #6628, #7825, #1546, .T. );
#6282=EDGE_CURVE ( 'NONE', #8901, #4758, #4886, .T. );
#6283=ORIENTED_EDGE ( 'NONE', *, *, #1005, .T. );
#6284=EDGE_CURVE ( 'NONE', #2770, #3960, #6899, .T. );
#6285=VECTOR ( 'NONE', #2959, 1000.000000000000000 );
#6286=MECHANICAL_DESIGN_GEOMETRIC_PRESENTATION_REPRESENTATION (  '', ( #4521 ), #8794 );
#6287=ORIENTED_EDGE ( 'NONE', *, *, #14075, .F. );
#6288=LINE ( 'NONE', #1765, #45 );
#6289=EDGE_CURVE ( 'NONE', #1690, #14084, #2557, .T. );
#6290=LINE ( 'NONE', #2005, #209 );
#6291=EDGE_LOOP ( 'NONE', ( #6034, #11030, #574, #5689 ) );
#6292=ORIENTED_EDGE ( 'NONE', *, *, #5589, .F. );
#6293=EDGE_LOOP ( 'NONE', ( #1977, #2571, #2400, #6630, #8458, #2982 ) );
#6294=ORIENTED_EDGE ( 'NONE', *, *, #11893, .F. );
#6295=FACE_OUTER_BOUND ( 'NONE', #12147, .T. );
#6296=LINE ( 'NONE', #272, #10 );
#6297=CARTESIAN_POINT ( 'NONE',  ( -7.529289321881346800, 3.049999999999999800, -5.649200000000005800 ) );
#6298=ORIENTED_EDGE ( 'NONE', *, *, #5511, .T. );
#6299=CARTESIAN_POINT ( 'NONE',  ( -8.549999999999839100, -1.006230589874914900, 9.529999999999988700 ) );
#6300=VERTEX_POINT ( 'NONE', #6888 );
#6301=PLANE ( 'NONE',  #11942 );
#6302=CARTESIAN_POINT ( 'NONE',  ( -8.550000000000007800, 0.05000000000000000300, -2.270000000000003600 ) );
#6303=CIRCLE ( 'NONE', #11955, 0.2749999999999997400 );
#6304=ADVANCED_FACE ( 'NONE', ( #1129 ), #2655, .F. );
#6305=ADVANCED_FACE ( 'NONE', ( #6521 ), #3606, .T. );
#6306=ORIENTED_EDGE ( 'NONE', *, *, #8071, .F. );
#6307=EDGE_CURVE ( 'NONE', #3612, #5489, #8100, .T. );
#6308=ORIENTED_EDGE ( 'NONE', *, *, #14151, .T. );
#6309=VERTEX_POINT ( 'NONE', #6265 );
#6310=ORIENTED_EDGE ( 'NONE', *, *, #12370, .T. );
#6311=EDGE_CURVE ( 'NONE', #8789, #12690, #2154, .T. );
#6312=LINE ( 'NONE', #1396, #1276 );
#6313=EDGE_CURVE ( 'NONE', #587, #12108, #1494, .T. );
#6314=ORIENTED_EDGE ( 'NONE', *, *, #10467, .T. );
#6315=CARTESIAN_POINT ( 'NONE',  ( 9.000000000000092400, 0.0000000000000000000, 3.354999999999779700 ) );
#6316=ORIENTED_EDGE ( 'NONE', *, *, #9494, .F. );
#6317=CARTESIAN_POINT ( 'NONE',  ( 8.550000000000023800, 0.0000000000000000000, -3.170000000000004800 ) );
#6318=LINE ( 'NONE', #6445, #10 );
#6319=ORIENTED_EDGE ( 'NONE', *, *, #12696, .F. );
#6320=EDGE_CURVE ( 'NONE', #4867, #3007, #9441, .T. );
#6321=VERTEX_POINT ( 'NONE', #3562 );
#6322=ORIENTED_EDGE ( 'NONE', *, *, #7519, .T. );
#6323=ADVANCED_FACE ( 'NONE', ( #7583 ), #49, .F. );
#6324=ORIENTED_EDGE ( 'NONE', *, *, #1437, .T. );
#6325=ORIENTED_EDGE ( 'NONE', *, *, #11460, .T. );
#6326=ADVANCED_FACE ( 'NONE', ( #11054 ), #1474, .F. );
#6327=FACE_BOUND ( 'NONE', #7081, .T. );
#6328=ORIENTED_EDGE ( 'NONE', *, *, #12505, .F. );
#6329=ORIENTED_EDGE ( 'NONE', *, *, #13621, .T. );
#6330=ORIENTED_EDGE ( 'NONE', *, *, #6976, .F. );
#6331=VECTOR ( 'NONE', #5467, 1000.000000000000000 );
#6332=VERTEX_POINT ( 'NONE', #236 );
#6333=LINE ( 'NONE', #3959, #493 );
#6334=VECTOR ( 'NONE', #10355, 1000.000000000000000 );
#6335=ORIENTED_EDGE ( 'NONE', *, *, #3799, .T. );
#6336=EDGE_CURVE ( 'NONE', #907, #7958, #2688, .T. );
#6337=PLANE ( 'NONE',  #3599 );
#6338=EDGE_CURVE ( 'NONE', #376, #9378, #10688, .T. );
#6339=CARTESIAN_POINT ( 'NONE',  ( -8.150000000000034100, 0.0000000000000000000, 4.449999999999995700 ) );
#6340=ORIENTED_EDGE ( 'NONE', *, *, #5203, .T. );
#6341=ORIENTED_EDGE ( 'NONE', *, *, #4242, .T. );
#6342=AXIS2_PLACEMENT_3D ( 'NONE', #2144, #575, #19 );
#6343=ORIENTED_EDGE ( 'NONE', *, *, #12059, .F. );
#6344=AXIS2_PLACEMENT_3D ( 'NONE', #6586, #95, #31 );
#6345=ADVANCED_FACE ( 'NONE', ( #12575 ), #6388, .T. );
#6346=ORIENTED_EDGE ( 'NONE', *, *, #3551, .T. );
#6347=CARTESIAN_POINT ( 'NONE',  ( 8.550000000000078900, 0.8000000000000000400, 2.809999999999995600 ) );
#6348=ORIENTED_EDGE ( 'NONE', *, *, #3686, .F. );
#6349=FACE_OUTER_BOUND ( 'NONE', #10339, .T. );
#6350=ORIENTED_EDGE ( 'NONE', *, *, #8184, .F. );
#6351=CARTESIAN_POINT ( 'NONE',  ( 9.000000000000021300, 0.8000000000000000400, 1.089999999999841100 ) );
#6352=VERTEX_POINT ( 'NONE', #2921 );
#6353=ORIENTED_EDGE ( 'NONE', *, *, #7109, .F. );
#6354=LINE ( 'NONE', #6532, #10 );
#6355=DIRECTION ( 'NONE',  ( -1.000000000000000000, 0.0000000000000000000, 3.469446951953616200E-016 ) );
#6356=EDGE_CURVE ( 'NONE', #2676, #9545, #6454, .T. );
#6357=ORIENTED_EDGE ( 'NONE', *, *, #2650, .T. );
#6358=EDGE_CURVE ( 'NONE', #12091, #10298, #1461, .T. );
#6359=ORIENTED_EDGE ( 'NONE', *, *, #4659, .F. );
#6360=ORIENTED_EDGE ( 'NONE', *, *, #11125, .F. );
#6361=ORIENTED_EDGE ( 'NONE', *, *, #11223, .F. );
#6362=EDGE_CURVE ( 'NONE', #6908, #13955, #3041, .T. );
#6363=ORIENTED_EDGE ( 'NONE', *, *, #2799, .F. );
#6364=FACE_OUTER_BOUND ( 'NONE', #12820, .T. );
#6365=ORIENTED_EDGE ( 'NONE', *, *, #8636, .F. );
#6366=LINE ( 'NONE', #3629, #229 );
#6367=VERTEX_POINT ( 'NONE', #10376 );
#6368=ORIENTED_EDGE ( 'NONE', *, *, #8051, .F. );
#6369=DIRECTION ( 'NONE',  ( -8.673617379884026000E-015, 0.0000000000000000000, 1.000000000000000000 ) );
#6370=LINE ( 'NONE', #9602, #2780 );
#6371=CARTESIAN_POINT ( 'NONE',  ( -8.999999999999985800, 0.0000000000000000000, -1.450000000000006000 ) );
#6372=CARTESIAN_POINT ( 'NONE',  ( -8.999999999999973400, 0.8000000000000000400, -2.445000000000005600 ) );
#6373=FACE_OUTER_BOUND ( 'NONE', #2000, .T. );
#6374=PLANE ( 'NONE',  #6077 );
#6375=EDGE_LOOP ( 'NONE', ( #7849, #7810, #14439, #6523, #14076, #4193 ) );
#6376=LINE ( 'NONE', #1000, #493 );
#6377=ORIENTED_EDGE ( 'NONE', *, *, #523, .T. );
#6378=FACE_OUTER_BOUND ( 'NONE', #10008, .T. );
#6379=EDGE_CURVE ( 'NONE', #7392, #5845, #9835, .T. );
#6380=EDGE_CURVE ( 'NONE', #10920, #4491, #12507, .T. );
#6381=( GEOMETRIC_REPRESENTATION_CONTEXT ( 3 ) GLOBAL_UNCERTAINTY_ASSIGNED_CONTEXT ( ( #178 ) ) GLOBAL_UNIT_ASSIGNED_CONTEXT ( ( #7, #195, #16 ) ) REPRESENTATION_CONTEXT ( 'NONE', 'WORKASPACE' ) );
#6382=ORIENTED_EDGE ( 'NONE', *, *, #6484, .T. );
#6383=ADVANCED_FACE ( 'NONE', ( #9495 ), #1345, .F. );
#6384=ORIENTED_EDGE ( 'NONE', *, *, #12637, .T. );
#6385=EDGE_CURVE ( 'NONE', #7383, #2550, #2389, .T. );
#6386=ADVANCED_FACE ( 'NONE', ( #7107 ), #12618, .F. );
#6387=ORIENTED_EDGE ( 'NONE', *, *, #11498, .F. );
#6388=PLANE ( 'NONE',  #5167 );
#6389=CARTESIAN_POINT ( 'NONE',  ( 0.0000000000000000000, 0.0000000000000000000, 3.179999999999989900 ) );
#6390=CARTESIAN_POINT ( 'NONE',  ( 8.550000000000093100, 0.0000000000000000000, 3.179999999999995300 ) );
#6391=FACE_OUTER_BOUND ( 'NONE', #4285, .T. );
#6392=FACE_OUTER_BOUND ( 'NONE', #1510, .T. );
#6393=ORIENTED_EDGE ( 'NONE', *, *, #4341, .T. );
#6394=ORIENTED_EDGE ( 'NONE', *, *, #8187, .F. );
#6395=EDGE_CURVE ( 'NONE', #13673, #8476, #4144, .T. );
#6396=VERTEX_POINT ( 'NONE', #1743 );
#6397=EDGE_CURVE ( 'NONE', #9828, #1459, #2132, .T. );
#6398=ADVANCED_FACE ( 'NONE', ( #1967 ), #10737, .T. );
#6399=LINE ( 'NONE', #12024, #36 );
#6400=CARTESIAN_POINT ( 'NONE',  ( -3.994999999999998300, 0.8000000000000000400, 0.0000000000000000000 ) );
#6401=ORIENTED_EDGE ( 'NONE', *, *, #6172, .T. );
#6402=EDGE_LOOP ( 'NONE', ( #5179, #13036, #8238, #14497, #3634, #3714 ) );
#6403=LINE ( 'NONE', #2137, #184 );
#6404=ORIENTED_EDGE ( 'NONE', *, *, #6456, .F. );
#6405=EDGE_CURVE ( 'NONE', #12260, #1517, #3052, .T. );
#6406=ORIENTED_EDGE ( 'NONE', *, *, #11104, .T. );
#6407=FACE_OUTER_BOUND ( 'NONE', #834, .T. );
#6408=PRESENTATION_LAYER_ASSIGNMENT (  '', '', ( #9102 ) );
#6409=ORIENTED_EDGE ( 'NONE', *, *, #8815, .T. );
#6410=ORIENTED_EDGE ( 'NONE', *, *, #13554, .T. );
#6411=CARTESIAN_POINT ( 'NONE',  ( 8.550000000000103700, 0.8000000000000000400, 5.349999999999997000 ) );
#6412=ADVANCED_FACE ( 'NONE', ( #4780 ), #5471, .F. );
#6413=VERTEX_POINT ( 'NONE', #9851 );
#6414=ORIENTED_EDGE ( 'NONE', *, *, #9088, .F. );
#6415=ORIENTED_EDGE ( 'NONE', *, *, #2841, .F. );
#6416=FACE_OUTER_BOUND ( 'NONE', #5812, .T. );
#6417=ORIENTED_EDGE ( 'NONE', *, *, #3553, .T. );
#6418=ORIENTED_EDGE ( 'NONE', *, *, #5280, .F. );
#6419=EDGE_CURVE ( 'NONE', #1691, #3273, #11080, .T. );
#6420=ORIENTED_EDGE ( 'NONE', *, *, #8811, .F. );
#6421=ORIENTED_EDGE ( 'NONE', *, *, #4791, .T. );
#6422=ORIENTED_EDGE ( 'NONE', *, *, #7614, .T. );
#6423=LINE ( 'NONE', #903, #209 );
#6424=LINE ( 'NONE', #6550, #8818 );
#6425=CARTESIAN_POINT ( 'NONE',  ( 7.800000000000000700, 2.999200000000007200, 11.69999999999999800 ) );
#6426=EDGE_LOOP ( 'NONE', ( #13859, #8285, #4264, #12528 ) );
#6427=ORIENTED_EDGE ( 'NONE', *, *, #13309, .T. );
#6428=LINE ( 'NONE', #9201, #209 );
#6429=LINE ( 'NONE', #3364, #493 );
#6430=LINE ( 'NONE', #10814, #908 );
#6431=ORIENTED_EDGE ( 'NONE', *, *, #2001, .T. );
#6432=ORIENTED_EDGE ( 'NONE', *, *, #10942, .F. );
#6433=ORIENTED_EDGE ( 'NONE', *, *, #6235, .F. );
#6434=CIRCLE ( 'NONE', #10335, 0.2749999999999991900 );
#6435=LINE ( 'NONE', #290, #36 );
#6436=EDGE_CURVE ( 'NONE', #1476, #2723, #4469, .T. );
#6437=EDGE_CURVE ( 'NONE', #2711, #5290, #7329, .T. );
#6438=EDGE_LOOP ( 'NONE', ( #11856, #4053, #7040, #4917 ) );
#6439=CARTESIAN_POINT ( 'NONE',  ( 1.085000000000001700, 0.8000000000000000400, 12.29999999999999700 ) );
#6440=ORIENTED_EDGE ( 'NONE', *, *, #7318, .T. );
#6441=CARTESIAN_POINT ( 'NONE',  ( 4.895000000000002200, 0.05000000000000000300, 12.29999999999999700 ) );
#6442=FACE_OUTER_BOUND ( 'NONE', #11520, .T. );
#6443=AXIS2_PLACEMENT_3D ( 'NONE', #2950, #135, #15 );
#6444=ORIENTED_EDGE ( 'NONE', *, *, #6975, .T. );
#6445=CARTESIAN_POINT ( 'NONE',  ( 3.995000000000001000, 0.8000000000000000400, 12.74999999999999800 ) );
#6446=PLANE ( 'NONE',  #9998 );
#6447=ORIENTED_EDGE ( 'NONE', *, *, #7690, .T. );
#6448=ORIENTED_EDGE ( 'NONE', *, *, #7214, .T. );
#6449=ORIENTED_EDGE ( 'NONE', *, *, #12442, .F. );
#6450=ADVANCED_FACE ( 'NONE', ( #13922 ), #1721, .T. );
#6451=LINE ( 'NONE', #4075, #10 );
#6452=ORIENTED_EDGE ( 'NONE', *, *, #94, .T. );
#6453=LINE ( 'NONE', #1553, #209 );
#6454=LINE ( 'NONE', #6204, #184 );
#6455=ORIENTED_EDGE ( 'NONE', *, *, #9573, .F. );
#6456=EDGE_CURVE ( 'NONE', #2837, #9303, #540, .T. );
#6457=EDGE_CURVE ( 'NONE', #13576, #5600, #7013, .T. );
#6458=VERTEX_POINT ( 'NONE', #9897 );
#6459=EDGE_CURVE ( 'NONE', #3732, #608, #2280, .T. );
#6460=ORIENTED_EDGE ( 'NONE', *, *, #1538, .T. );
#6461=PRESENTATION_LAYER_ASSIGNMENT (  '', '', ( #4102 ) );
#6462=ORIENTED_EDGE ( 'NONE', *, *, #12080, .F. );
#6463=EDGE_CURVE ( 'NONE', #6721, #7411, #14340, .T. );
#6464=VERTEX_POINT ( 'NONE', #2825 );
#6465=PLANE ( 'NONE',  #1337 );
#6466=CARTESIAN_POINT ( 'NONE',  ( -7.800000000000001600, 2.999200000000007200, -5.700000000000004600 ) );
#6467=PRESENTATION_LAYER_ASSIGNMENT (  '', '', ( #13801 ) );
#6468=ADVANCED_FACE ( 'NONE', ( #11830 ), #254, .F. );
#6469=ADVANCED_FACE ( 'NONE', ( #6512 ), #5046, .F. );
#6470=EDGE_LOOP ( 'NONE', ( #13234, #13178, #8716, #5867 ) );
#6471=LINE ( 'NONE', #190, #93 );
#6472=ORIENTED_EDGE ( 'NONE', *, *, #7541, .T. );
#6473=FACE_OUTER_BOUND ( 'NONE', #10574, .T. );
#6474=ORIENTED_EDGE ( 'NONE', *, *, #4504, .F. );
#6475=CARTESIAN_POINT ( 'NONE',  ( 9.000000000000119000, 0.0000000000000000000, 6.444999999999717800 ) );
#6476=ORIENTED_EDGE ( 'NONE', *, *, #2796, .F. );
#6477=ORIENTED_EDGE ( 'NONE', *, *, #6774, .F. );
#6478=ORIENTED_EDGE ( 'NONE', *, *, #9134, .T. );
#6479=EDGE_CURVE ( 'NONE', #10263, #8964, #6886, .T. );
#6480=FACE_OUTER_BOUND ( 'NONE', #2367, .T. );
#6481=CARTESIAN_POINT ( 'NONE',  ( 0.0000000000000000000, 0.0000000000000000000, 2.809999999999996500 ) );
#6482=ORIENTED_EDGE ( 'NONE', *, *, #7844, .T. );
#6483=EDGE_CURVE ( 'NONE', #14349, #10873, #4686, .T. );
#6484=EDGE_CURVE ( 'NONE', #294, #3919, #8089, .T. );
#6485=VERTEX_POINT ( 'NONE', #1663 );
#6486=ADVANCED_FACE ( 'NONE', ( #7573 ), #233, .T. );
#6487=ORIENTED_EDGE ( 'NONE', *, *, #6898, .F. );
#6488=FACE_OUTER_BOUND ( 'NONE', #9077, .T. );
#6489=ORIENTED_EDGE ( 'NONE', *, *, #11524, .T. );
#6490=EDGE_LOOP ( 'NONE', ( #2983, #7471, #4451, #11732 ) );
#6491=ORIENTED_EDGE ( 'NONE', *, *, #8809, .F. );
#6492=CARTESIAN_POINT ( 'NONE',  ( 7.800000000000000700, 0.8000000000000056000, -5.629289321881345600 ) );
#6493=VERTEX_POINT ( 'NONE', #4603 );
#6494=LINE ( 'NONE', #5884, #4 );
#6495=FACE_OUTER_BOUND ( 'NONE', #2352, .T. );
#6496=ORIENTED_EDGE ( 'NONE', *, *, #12799, .T. );
#6497=ORIENTED_EDGE ( 'NONE', *, *, #10939, .F. );
#6498=FACE_OUTER_BOUND ( 'NONE', #9509, .T. );
#6499=ORIENTED_EDGE ( 'NONE', *, *, #5157, .T. );
#6500=ORIENTED_EDGE ( 'NONE', *, *, #8681, .F. );
#6501=EDGE_CURVE ( 'NONE', #10147, #5662, #2149, .T. );
#6502=DIRECTION ( 'NONE',  ( -4.818676322157799300E-016, 0.0000000000000000000, 1.000000000000000000 ) );
#6503=VERTEX_POINT ( 'NONE', #11002 );
#6504=EDGE_CURVE ( 'NONE', #3376, #9459, #9108, .T. );
#6505=AXIS2_PLACEMENT_3D ( 'NONE', #7224, #135, #15 );
#6506=EDGE_LOOP ( 'NONE', ( #3294, #8262, #2680, #5986 ) );
#6507=ORIENTED_EDGE ( 'NONE', *, *, #5776, .F. );
#6508=FACE_BOUND ( 'NONE', #10498, .T. );
#6509=VERTEX_POINT ( 'NONE', #10959 );
#6510=CARTESIAN_POINT ( 'NONE',  ( -8.999999999999854300, 0.0000000000000000000, 8.984999999999987000 ) );
#6511=EDGE_CURVE ( 'NONE', #6236, #6628, #882, .T. );
#6512=FACE_OUTER_BOUND ( 'NONE', #3148, .T. );
#6513=ORIENTED_EDGE ( 'NONE', *, *, #13948, .F. );
#6514=CARTESIAN_POINT ( 'NONE',  ( -8.999999999999893400, 0.8000000000000000400, 4.449999999999990400 ) );
#6515=LINE ( 'NONE', #2136, #36 );
#6516=ORIENTED_EDGE ( 'NONE', *, *, #10939, .T. );
#6517=LINE ( 'NONE', #1901, #110 );
#6518=ORIENTED_EDGE ( 'NONE', *, *, #9470, .T. );
#6519=ORIENTED_EDGE ( 'NONE', *, *, #13552, .T. );
#6520=ORIENTED_EDGE ( 'NONE', *, *, #6307, .T. );
#6521=FACE_OUTER_BOUND ( 'NONE', #5894, .T. );
#6522=MANIFOLD_SOLID_BREP ( 'Boss-Extrude5[22]', #7761 );
#6523=ORIENTED_EDGE ( 'NONE', *, *, #13637, .F. );
#6524=VERTEX_POINT ( 'NONE', #4365 );
#6525=EDGE_CURVE ( 'NONE', #11057, #7772, #10334, .T. );
#6526=CARTESIAN_POINT ( 'NONE',  ( 9.000000000000145700, 0.0000000000000000000, 8.434999999999897500 ) );
#6527=ADVANCED_FACE ( 'NONE', ( #7238 ), #13921, .F. );
#6528=EDGE_CURVE ( 'NONE', #9179, #413, #9995, .T. );
#6529=EDGE_LOOP ( 'NONE', ( #13830, #10836, #14360, #3556 ) );
#6530=VERTEX_POINT ( 'NONE', #362 );
#6531=DIRECTION ( 'NONE',  ( -8.191749747668242200E-015, 0.0000000000000000000, 1.000000000000000000 ) );
#6532=CARTESIAN_POINT ( 'NONE',  ( -8.150000000000021700, 0.0000000000000000000, 1.539999999999997100 ) );
#6533=PLANE ( 'NONE',  #725 );
#6534=EDGE_CURVE ( 'NONE', #6865, #4169, #1957, .T. );
#6535=PLANE ( 'NONE',  #13887 );
#6536=ORIENTED_EDGE ( 'NONE', *, *, #7024, .T. );
#6537=CLOSED_SHELL ( 'NONE', ( #9867, #10321, #5905, #13359, #9925, #5836 ) );
#6538=VERTEX_POINT ( 'NONE', #6969 );
#6539=ORIENTED_EDGE ( 'NONE', *, *, #5445, .F. );
#6540=ADVANCED_FACE ( 'NONE', ( #2544 ), #13, .T. );
#6541=VERTEX_POINT ( 'NONE', #3157 );
#6542=ORIENTED_EDGE ( 'NONE', *, *, #97, .T. );
#6543=VERTEX_POINT ( 'NONE', #13873 );
#6544=ADVANCED_FACE ( 'NONE', ( #7742 ), #275, .F. );
#6545=EDGE_LOOP ( 'NONE', ( #1420, #8942, #3787, #8725, #11741, #12578 ) );
#6546=FACE_OUTER_BOUND ( 'NONE', #13478, .T. );
#6547=ORIENTED_EDGE ( 'NONE', *, *, #6005, .T. );
#6548=CARTESIAN_POINT ( 'NONE',  ( 8.549999999999998900, -1.006230589874914900, 0.0000000000000000000 ) );
#6549=PLANE ( 'NONE',  #3850 );
#6550=CARTESIAN_POINT ( 'NONE',  ( 3.900000000000000800, 0.8000000000000000400, -11.44999999999999900 ) );
#6551=CARTESIAN_POINT ( 'NONE',  ( 7.435000000000003200, 0.0000000000000000000, -0.0000000000000000000 ) );
#6552=AXIS2_PLACEMENT_3D ( 'NONE', #4652, #1353, #1025 );
#6553=PLANE ( 'NONE',  #7820 );
#6554=ORIENTED_EDGE ( 'NONE', *, *, #11842, .T. );
#6555=EDGE_CURVE ( 'NONE', #4802, #5997, #13796, .T. );
#6556=LINE ( 'NONE', #2158, #209 );
#6557=ORIENTED_EDGE ( 'NONE', *, *, #7670, .F. );
#6558=AXIS2_PLACEMENT_3D ( 'NONE', #7036, #2595, #1452 );
#6559=LINE ( 'NONE', #6302, #110 );
#6560=LINE ( 'NONE', #960, #45 );
#6561=LINE ( 'NONE', #88, #209 );
#6562=ADVANCED_FACE ( 'NONE', ( #220 ), #5927, .F. );
#6563=ORIENTED_EDGE ( 'NONE', *, *, #13457, .T. );
#6564=CARTESIAN_POINT ( 'NONE',  ( 5.715000000000001600, -1.006230589874914900, 12.74999999999999800 ) );
#6565=CARTESIAN_POINT ( 'NONE',  ( -1.629999999999999200, -1.006230589874914900, 12.74999999999999800 ) );
#6566=LINE ( 'NONE', #842, #493 );
#6567=ORIENTED_EDGE ( 'NONE', *, *, #7364, .T. );
#6568=FACE_OUTER_BOUND ( 'NONE', #12730, .T. );
#6569=EDGE_CURVE ( 'NONE', #3086, #3388, #10081, .T. );
#6570=EDGE_CURVE ( 'NONE', #5763, #2937, #12257, .T. );
#6571=EDGE_CURVE ( 'NONE', #12369, #6903, #4469, .T. );
#6572=EDGE_CURVE ( 'NONE', #8835, #1634, #5768, .T. );
#6573=AXIS2_PLACEMENT_3D ( 'NONE', #1195, #215, #15 );
#6574=FACE_OUTER_BOUND ( 'NONE', #1618, .T. );
#6575=LINE ( 'NONE', #1453, #2241 );
#6576=ORIENTED_EDGE ( 'NONE', *, *, #11819, .F. );
#6577=CARTESIAN_POINT ( 'NONE',  ( -7.434999999999999600, 0.8000000000000000400, 0.0000000000000000000 ) );
#6578=ORIENTED_EDGE ( 'NONE', *, *, #3553, .F. );
#6579=PLANE ( 'NONE',  #3967 );
#6580=LINE ( 'NONE', #8286, #110 );
#6581=CARTESIAN_POINT ( 'NONE',  ( 8.550000000000118000, -1.006230589874914900, 0.0000000000000000000 ) );
#6582=ORIENTED_EDGE ( 'NONE', *, *, #3590, .T. );
#6583=LINE ( 'NONE', #1239, #205 );
#6584=DIRECTION ( 'NONE',  ( 1.334402673828313200E-015, 0.0000000000000000000, 1.000000000000000000 ) );
#6585=FACE_OUTER_BOUND ( 'NONE', #3734, .T. );
#6586=CARTESIAN_POINT ( 'NONE',  ( 8.550000000000038000, -1.006230589874914900, 0.0000000000000000000 ) );
#6587=ORIENTED_EDGE ( 'NONE', *, *, #9248, .T. );
#6588=ORIENTED_EDGE ( 'NONE', *, *, #4168, .T. );
#6589=ORIENTED_EDGE ( 'NONE', *, *, #7236, .F. );
#6590=FACE_OUTER_BOUND ( 'NONE', #9683, .T. );
#6591=ORIENTED_EDGE ( 'NONE', *, *, #8336, .F. );
#6592=EDGE_CURVE ( 'NONE', #12172, #1764, #5236, .T. );
#6593=VERTEX_POINT ( 'NONE', #11237 );
#6594=FACE_OUTER_BOUND ( 'NONE', #9954, .T. );
#6595=EDGE_CURVE ( 'NONE', #10487, #3086, #1536, .T. );
#6596=EDGE_LOOP ( 'NONE', ( #3323, #5813, #2308, #4068 ) );
#6597=AXIS2_PLACEMENT_3D ( 'NONE', #5634, #250, #31 );
#6598=ORIENTED_EDGE ( 'NONE', *, *, #1100, .T. );
#6599=CARTESIAN_POINT ( 'NONE',  ( 6.535000000000001900, 0.05000000000000000300, 12.29999999999999700 ) );
#6600=CARTESIAN_POINT ( 'NONE',  ( 3.995000000000001000, 0.0000000000000000000, 12.29999999999999700 ) );
#6601=ADVANCED_FACE ( 'NONE', ( #6686 ), #11375, .F. );
#6602=EDGE_CURVE ( 'NONE', #7544, #4139, #2929, .T. );
#6603=ORIENTED_EDGE ( 'NONE', *, *, #3845, .F. );
#6604=FACE_OUTER_BOUND ( 'NONE', #13376, .T. );
#6605=CARTESIAN_POINT ( 'NONE',  ( 0.0000000000000000000, 0.0000000000000000000, 5.349999999999996100 ) );
#6606=LINE ( 'NONE', #2493, #10 );
#6607=ORIENTED_EDGE ( 'NONE', *, *, #1331, .F. );
#6608=CARTESIAN_POINT ( 'NONE',  ( -6.164999999999999100, -1.006230589874914900, 12.29999999999999700 ) );
#6609=VERTEX_POINT ( 'NONE', #5827 );
#6610=FACE_OUTER_BOUND ( 'NONE', #2042, .T. );
#6611=ADVANCED_FACE ( 'NONE', ( #10072 ), #3592, .F. );
#6612=EDGE_LOOP ( 'NONE', ( #12992, #12366, #8121, #564 ) );
#6613=EDGE_CURVE ( 'NONE', #3601, #9938, #5948, .T. );
#6614=ORIENTED_EDGE ( 'NONE', *, *, #10127, .T. );
#6615=EDGE_CURVE ( 'NONE', #10976, #2483, #10706, .T. );
#6616=ADVANCED_FACE ( 'NONE', ( #442 ), #973, .F. );
#6617=LINE ( 'NONE', #6265, #10 );
#6618=ORIENTED_EDGE ( 'NONE', *, *, #7366, .F. );
#6619=ORIENTED_EDGE ( 'NONE', *, *, #365, .T. );
#6620=EDGE_LOOP ( 'NONE', ( #12360, #6882, #14178, #6567, #9094, #10268 ) );
#6621=AXIS2_PLACEMENT_3D ( 'NONE', #1047, #215, #15 );
#6622=ORIENTED_EDGE ( 'NONE', *, *, #8745, .F. );
#6623=EDGE_LOOP ( 'NONE', ( #12988, #12837, #264, #692 ) );
#6624=FACE_OUTER_BOUND ( 'NONE', #11261, .T. );
#6625=CARTESIAN_POINT ( 'NONE',  ( -4.170000000000000800, -1.006230589874914900, 12.74999999999999800 ) );
#6626=CARTESIAN_POINT ( 'NONE',  ( -0.6349999999999984500, 0.8000000000000000400, 12.74999999999999800 ) );
#6627=CARTESIAN_POINT ( 'NONE',  ( 0.0000000000000000000, 0.0000000000000000000, 6.619999999999997400 ) );
#6628=VERTEX_POINT ( 'NONE', #7726 );
#6629=VERTEX_POINT ( 'NONE', #14086 );
#6630=ORIENTED_EDGE ( 'NONE', *, *, #281, .T. );
#6631=ORIENTED_EDGE ( 'NONE', *, *, #12556, .F. );
#6632=ADVANCED_FACE ( 'NONE', ( #12593 ), #233, .T. );
#6633=CARTESIAN_POINT ( 'NONE',  ( 3.995000000000001000, 0.8000000000000000400, 12.29999999999999700 ) );
#6634=EDGE_LOOP ( 'NONE', ( #12150, #79, #10433, #8710 ) );
#6635=ORIENTED_EDGE ( 'NONE', *, *, #7093, .F. );
#6636=CARTESIAN_POINT ( 'NONE',  ( -8.999999999999854300, 0.8000000000000000400, 8.259999999999987400 ) );
#6637=EDGE_CURVE ( 'NONE', #11807, #13595, #1939, .T. );
#6638=FACE_OUTER_BOUND ( 'NONE', #3217, .T. );
#6639=EDGE_CURVE ( 'NONE', #4348, #7445, #7458, .T. );
#6640=AXIS2_PLACEMENT_3D ( 'NONE', #4653, #214, #15 );
#6641=CARTESIAN_POINT ( 'NONE',  ( -8.999999999999854300, -1.006230589874914900, 0.0000000000000000000 ) );
#6642=CARTESIAN_POINT ( 'NONE',  ( 9.000000000000048000, -1.006230589874914900, 8.709999999999997300 ) );
#6643=FACE_OUTER_BOUND ( 'NONE', #14493, .T. );
#6644=PLANE ( 'NONE',  #10449 );
#6645=LINE ( 'NONE', #4376, #45 );
#6646=VERTEX_POINT ( 'NONE', #728 );
#6647=ORIENTED_EDGE ( 'NONE', *, *, #7123, .F. );
#6648=ORIENTED_EDGE ( 'NONE', *, *, #8497, .T. );
#6649=ORIENTED_EDGE ( 'NONE', *, *, #5651, .T. );
#6650=ORIENTED_EDGE ( 'NONE', *, *, #363, .F. );
#6651=ADVANCED_FACE ( 'NONE', ( #6132 ), #14311, .F. );
#6652=LINE ( 'NONE', #552, #205 );
#6653=CYLINDRICAL_SURFACE ( 'NONE', #10844, 0.2508000000000006900 );
#6654=ORIENTED_EDGE ( 'NONE', *, *, #8878, .T. );
#6655=EDGE_CURVE ( 'NONE', #6274, #6236, #2531, .T. );
#6656=EDGE_CURVE ( 'NONE', #1872, #3929, #3535, .T. );
#6657=ORIENTED_EDGE ( 'NONE', *, *, #12856, .T. );
#6658=EDGE_CURVE ( 'NONE', #1191, #6609, #2929, .T. );
#6659=CIRCLE ( 'NONE', #10862, 0.2507999999999998000 );
#6660=ORIENTED_EDGE ( 'NONE', *, *, #3572, .F. );
#6661=LINE ( 'NONE', #1684, #493 );
#6662=ORIENTED_EDGE ( 'NONE', *, *, #9669, .T. );
#6663=ORIENTED_EDGE ( 'NONE', *, *, #12251, .T. );
#6664=EDGE_LOOP ( 'NONE', ( #11017, #13437, #11012, #2060 ) );
#6665=ORIENTED_EDGE ( 'NONE', *, *, #7412, .T. );
#6666=ORIENTED_EDGE ( 'NONE', *, *, #11428, .T. );
#6667=ORIENTED_EDGE ( 'NONE', *, *, #4941, .F. );
#6668=FACE_OUTER_BOUND ( 'NONE', #9628, .T. );
#6669=ORIENTED_EDGE ( 'NONE', *, *, #4254, .T. );
#6670=PLANE ( 'NONE',  #9065 );
#6671=ADVANCED_FACE ( 'NONE', ( #3322 ), #13412, .T. );
#6672=LINE ( 'NONE', #6390, #209 );
#6673=EDGE_LOOP ( 'NONE', ( #6861, #8986, #7436, #13473 ) );
#6674=FACE_OUTER_BOUND ( 'NONE', #4575, .T. );
#6675=ORIENTED_EDGE ( 'NONE', *, *, #7642, .T. );
#6676=CARTESIAN_POINT ( 'NONE',  ( 9.000000000000039100, -1.006230589874914900, -1.175000000000097300 ) );
#6677=EDGE_CURVE ( 'NONE', #5915, #12172, #1101, .T. );
#6678=ORIENTED_EDGE ( 'NONE', *, *, #9790, .F. );
#6679=ORIENTED_EDGE ( 'NONE', *, *, #6501, .T. );
#6680=EDGE_LOOP ( 'NONE', ( #3350, #12565, #2932, #1994 ) );
#6681=EDGE_CURVE ( 'NONE', #2466, #7787, #4886, .T. );
#6682=LINE ( 'NONE', #776, #36 );
#6683=VERTEX_POINT ( 'NONE', #5116 );
#6684=EDGE_CURVE ( 'NONE', #2339, #263, #521, .T. );
#6685=AXIS2_PLACEMENT_3D ( 'NONE', #7289, #21, #31 );
#6686=FACE_OUTER_BOUND ( 'NONE', #12342, .T. );
#6687=ORIENTED_EDGE ( 'NONE', *, *, #9458, .F. );
#6688=ORIENTED_EDGE ( 'NONE', *, *, #5007, .F. );
#6689=ADVANCED_FACE ( 'NONE', ( #3127 ), #685, .T. );
#6690=CARTESIAN_POINT ( 'NONE',  ( 0.0000000000000000000, 0.8000000000000000400, 0.2699999999999959100 ) );
#6691=ADVANCED_FACE ( 'NONE', ( #14201 ), #11454, .T. );
#6692=EDGE_LOOP ( 'NONE', ( #6907, #6841, #530, #12862, #9759, #5975 ) );
#6693=CARTESIAN_POINT ( 'NONE',  ( -7.800000000000001600, 30.15163842104813000, 11.42928932188134200 ) );
#6694=ORIENTED_EDGE ( 'NONE', *, *, #1869, .F. );
#6695=VERTEX_POINT ( 'NONE', #7201 );
#6696=CIRCLE ( 'NONE', #8439, 0.2507999999999998000 );
#6697=ORIENTED_EDGE ( 'NONE', *, *, #1035, .T. );
#6698=LINE ( 'NONE', #3755, #36 );
#6699=VERTEX_POINT ( 'NONE', #2385 );
#6700=ORIENTED_EDGE ( 'NONE', *, *, #11726, .T. );
#6701=FACE_OUTER_BOUND ( 'NONE', #3357, .T. );
#6702=VERTEX_POINT ( 'NONE', #1082 );
#6703=EDGE_CURVE ( 'NONE', #8845, #105, #1494, .T. );
#6704=VERTEX_POINT ( 'NONE', #6297 );
#6705=DIRECTION ( 'NONE',  ( -1.445602896647338300E-015, 0.0000000000000000000, 1.000000000000000000 ) );
#6706=CARTESIAN_POINT ( 'NONE',  ( -2.449999999999999700, 0.0000000000000000000, 1.509999999999998900 ) );
#6707=( GEOMETRIC_REPRESENTATION_CONTEXT ( 3 ) GLOBAL_UNCERTAINTY_ASSIGNED_CONTEXT ( ( #178 ) ) GLOBAL_UNIT_ASSIGNED_CONTEXT ( ( #7, #195, #16 ) ) REPRESENTATION_CONTEXT ( 'NONE', 'WORKASPACE' ) );
#6708=LINE ( 'NONE', #1960, #493 );
#6709=ORIENTED_EDGE ( 'NONE', *, *, #1308, .F. );
#6710=MANIFOLD_SOLID_BREP ( 'Boss-Extrude5[36]', #4920 );
#6711=ADVANCED_FACE ( 'NONE', ( #4117 ), #153, .F. );
#6712=VERTEX_POINT ( 'NONE', #4710 );
#6713=EDGE_CURVE ( 'NONE', #4397, #1357, #6451, .T. );
#6714=ORIENTED_EDGE ( 'NONE', *, *, #8823, .F. );
#6715=AXIS2_PLACEMENT_3D ( 'NONE', #603, #31, #891 );
#6716=CARTESIAN_POINT ( 'NONE',  ( 8.150000000000170900, 0.0000000000000000000, 5.719999999999996200 ) );
#6717=CARTESIAN_POINT ( 'NONE',  ( -7.529289321881346800, 2.999200000000000500, 11.69999999999999800 ) );
#6718=VERTEX_POINT ( 'NONE', #1002 );
#6719=ORIENTED_EDGE ( 'NONE', *, *, #6483, .F. );
#6720=VERTEX_POINT ( 'NONE', #5161 );
#6721=VERTEX_POINT ( 'NONE', #440 );
#6722=ORIENTED_EDGE ( 'NONE', *, *, #7889, .F. );
#6723=LINE ( 'NONE', #4739, #205 );
#6724=PLANE ( 'NONE',  #6825 );
#6725=ORIENTED_EDGE ( 'NONE', *, *, #2021, .T. );
#6726=CARTESIAN_POINT ( 'NONE',  ( 9.000000000000012400, -1.006230589874914900, -3.715000000000034900 ) );
#6727=PLANE ( 'NONE',  #3830 );
#6728=CIRCLE ( 'NONE', #10862, 0.05080000000000015100 );
#6729=EDGE_CURVE ( 'NONE', #3752, #1354, #387, .T. );
#6730=CARTESIAN_POINT ( 'NONE',  ( -7.529289321881346800, 3.250000000000000000, 11.42928932188134200 ) );
#6731=ORIENTED_EDGE ( 'NONE', *, *, #5886, .F. );
#6732=EDGE_CURVE ( 'NONE', #401, #3427, #12727, .T. );
#6733=PLANE ( 'NONE',  #11982 );
#6734=ADVANCED_FACE ( 'NONE', ( #9748 ), #5744, .F. );
#6735=FACE_OUTER_BOUND ( 'NONE', #13688, .T. );
#6736=CARTESIAN_POINT ( 'NONE',  ( 8.150000000000170900, 0.0000000000000000000, 0.2699999999999968000 ) );
#6737=EDGE_LOOP ( 'NONE', ( #755, #7166, #3456, #10029, #1139, #8271 ) );
#6738=LINE ( 'NONE', #5133, #908 );
#6739=AXIS2_PLACEMENT_3D ( 'NONE', #4895, #95, #31 );
#6740=LINE ( 'NONE', #13990, #327 );
#6741=LINE ( 'NONE', #4016, #2241 );
#6742=AXIS2_PLACEMENT_3D ( 'NONE', #11189, #19, #135 );
#6743=EDGE_LOOP ( 'NONE', ( #3365, #10637, #3723, #8999 ) );
#6744=ORIENTED_EDGE ( 'NONE', *, *, #119, .F. );
#6745=LINE ( 'NONE', #4684, #3378 );
#6746=CARTESIAN_POINT ( 'NONE',  ( -8.999999999999865000, 0.8000000000000000400, 6.989999999999996700 ) );
#6747=PLANE ( 'NONE',  #3092 );
#6748=ORIENTED_EDGE ( 'NONE', *, *, #819, .F. );
#6749=FACE_OUTER_BOUND ( 'NONE', #7193, .T. );
#6750=FACE_OUTER_BOUND ( 'NONE', #5341, .T. );
#6751=EDGE_CURVE ( 'NONE', #5021, #13699, #11514, .T. );
#6752=CARTESIAN_POINT ( 'NONE',  ( 0.0000000000000000000, -1.006230589874914900, -3.170000000000006100 ) );
#6753=EDGE_CURVE ( 'NONE', #7533, #6699, #10236, .T. );
#6754=EDGE_CURVE ( 'NONE', #907, #8284, #5406, .T. );
#6755=ADVANCED_FACE ( 'NONE', ( #4497 ), #11376, .T. );
#6756=LINE ( 'NONE', #8263, #36 );
#6757=ORIENTED_EDGE ( 'NONE', *, *, #1153, .T. );
#6758=ORIENTED_EDGE ( 'NONE', *, *, #9890, .F. );
#6759=EDGE_CURVE ( 'NONE', #7416, #5342, #11193, .T. );
#6760=AXIS2_PLACEMENT_3D ( 'NONE', #13297, #19, #135 );
#6761=ORIENTED_EDGE ( 'NONE', *, *, #6197, .T. );
#6762=FACE_OUTER_BOUND ( 'NONE', #13620, .T. );
#6763=CARTESIAN_POINT ( 'NONE',  ( 9.000000000000172300, 0.8000000000000000400, 10.79999999999999700 ) );
#6764=LINE ( 'NONE', #1369, #493 );
#6765=CARTESIAN_POINT ( 'NONE',  ( 9.000000000000145700, 0.8000000000000000400, 8.985000000000097100 ) );
#6766=FACE_OUTER_BOUND ( 'NONE', #868, .T. );
#6767=ORIENTED_EDGE ( 'NONE', *, *, #13309, .F. );
#6768=ADVANCED_FACE ( 'NONE', ( #6668 ), #233, .T. );
#6769=ORIENTED_EDGE ( 'NONE', *, *, #14052, .F. );
#6770=ADVANCED_FACE ( 'NONE', ( #14061 ), #1345, .T. );
#6771=EDGE_CURVE ( 'NONE', #7665, #1677, #3348, .T. );
#6772=ORIENTED_EDGE ( 'NONE', *, *, #970, .F. );
#6773=ORIENTED_EDGE ( 'NONE', *, *, #1008, .F. );
#6774=EDGE_CURVE ( 'NONE', #12690, #141, #867, .T. );
#6775=AXIS2_PLACEMENT_3D ( 'NONE', #11249, #214, #15 );
#6776=LINE ( 'NONE', #3231, #493 );
#6777=CARTESIAN_POINT ( 'NONE',  ( -7.600000000000001400, 2.999200000000007200, 11.42928932188134200 ) );
#6778=EDGE_CURVE ( 'NONE', #2460, #7478, #12891, .T. );
#6779=FACE_OUTER_BOUND ( 'NONE', #9253, .T. );
#6780=ORIENTED_EDGE ( 'NONE', *, *, #7754, .T. );
#6781=CARTESIAN_POINT ( 'NONE',  ( 1.455000000000000500, 0.8000000000000000400, -0.0000000000000000000 ) );
#6782=CARTESIAN_POINT ( 'NONE',  ( 9.000000000000039100, -1.006230589874914900, 0.0000000000000000000 ) );
#6783=CARTESIAN_POINT ( 'NONE',  ( 1.455000000000000500, -1.006230589874914900, 12.74999999999999800 ) );
#6784=PLANE ( 'NONE',  #5654 );
#6785=VERTEX_POINT ( 'NONE', #13787 );
#6786=VERTEX_POINT ( 'NONE', #2979 );
#6787=ADVANCED_FACE ( 'NONE', ( #10223 ), #13, .T. );
#6788=LINE ( 'NONE', #2216, #493 );
#6789=LINE ( 'NONE', #1263, #2258 );
#6790=EDGE_CURVE ( 'NONE', #148, #11217, #3519, .T. );
#6791=ORIENTED_EDGE ( 'NONE', *, *, #4540, .F. );
#6792=ORIENTED_EDGE ( 'NONE', *, *, #14075, .T. );
#6793=EDGE_CURVE ( 'NONE', #1794, #6086, #961, .T. );
#6794=FACE_OUTER_BOUND ( 'NONE', #6634, .T. );
#6795=LINE ( 'NONE', #1829, #36 );
#6796=ORIENTED_EDGE ( 'NONE', *, *, #9385, .F. );
#6797=CARTESIAN_POINT ( 'NONE',  ( -6.710000000000000900, 0.0000000000000000000, 12.74999999999999800 ) );
#6798=EDGE_CURVE ( 'NONE', #14197, #1267, #1106, .T. );
#6799=( GEOMETRIC_REPRESENTATION_CONTEXT ( 3 ) GLOBAL_UNCERTAINTY_ASSIGNED_CONTEXT ( ( #178 ) ) GLOBAL_UNIT_ASSIGNED_CONTEXT ( ( #7, #195, #16 ) ) REPRESENTATION_CONTEXT ( 'NONE', 'WORKASPACE' ) );
#6800=ORIENTED_EDGE ( 'NONE', *, *, #3577, .F. );
#6801=ORIENTED_EDGE ( 'NONE', *, *, #9192, .T. );
#6802=ORIENTED_EDGE ( 'NONE', *, *, #1623, .F. );
#6803=AXIS2_PLACEMENT_3D ( 'NONE', #10270, #19, #135 );
#6804=LINE ( 'NONE', #11093, #36 );
#6805=PLANE ( 'NONE',  #1045 );
#6806=EDGE_CURVE ( 'NONE', #5971, #3750, #5, .T. );
#6807=FACE_OUTER_BOUND ( 'NONE', #8023, .T. );
#6808=ADVANCED_FACE ( 'NONE', ( #2546 ), #233, .T. );
#6809=ORIENTED_EDGE ( 'NONE', *, *, #2892, .T. );
#6810=ORIENTED_EDGE ( 'NONE', *, *, #8721, .F. );
#6811=ORIENTED_EDGE ( 'NONE', *, *, #7824, .F. );
#6812=ORIENTED_EDGE ( 'NONE', *, *, #11704, .F. );
#6813=EDGE_LOOP ( 'NONE', ( #7641, #6027, #759, #6064 ) );
#6814=CARTESIAN_POINT ( 'NONE',  ( -8.999999999999985800, -1.006230589874914900, -3.540000000000003100 ) );
#6815=EDGE_LOOP ( 'NONE', ( #7604, #951, #5061, #2327 ) );
#6816=CARTESIAN_POINT ( 'NONE',  ( -7.800000000000001600, 2.999200000000000500, -5.649200000000004000 ) );
#6817=EDGE_CURVE ( 'NONE', #7086, #4537, #2150, .T. );
#6818=CARTESIAN_POINT ( 'NONE',  ( 9.000000000000053300, -1.006230589874914900, 0.09499999999987177000 ) );
#6819=CARTESIAN_POINT ( 'NONE',  ( 9.000000000000007100, -1.006230589874914900, -2.720000000000065900 ) );
#6820=EDGE_CURVE ( 'NONE', #3960, #3128, #421, .T. );
#6821=EDGE_CURVE ( 'NONE', #6352, #1872, #8424, .T. );
#6822=EDGE_LOOP ( 'NONE', ( #7042, #13484, #5038, #8180, #10136, #8904 ) );
#6823=( GEOMETRIC_REPRESENTATION_CONTEXT ( 3 ) GLOBAL_UNCERTAINTY_ASSIGNED_CONTEXT ( ( #178 ) ) GLOBAL_UNIT_ASSIGNED_CONTEXT ( ( #7, #195, #16 ) ) REPRESENTATION_CONTEXT ( 'NONE', 'WORKASPACE' ) );
#6824=FACE_OUTER_BOUND ( 'NONE', #2278, .T. );
#6825=AXIS2_PLACEMENT_3D ( 'NONE', #170, #95, #31 );
#6826=VERTEX_POINT ( 'NONE', #353 );
#6827=LINE ( 'NONE', #3370, #10 );
#6828=AXIS2_PLACEMENT_3D ( 'NONE', #4801, #250, #31 );
#6829=ORIENTED_EDGE ( 'NONE', *, *, #13860, .T. );
#6830=VERTEX_POINT ( 'NONE', #9795 );
#6831=ADVANCED_FACE ( 'NONE', ( #11203 ), #1721, .T. );
#6832=ORIENTED_EDGE ( 'NONE', *, *, #12638, .F. );
#6833=EDGE_LOOP ( 'NONE', ( #10176, #3749, #11963, #7029 ) );
#6834=ORIENTED_EDGE ( 'NONE', *, *, #8316, .T. );
#6835=DIRECTION ( 'NONE',  ( 0.0000000000000000000, -0.0000000000000000000, 1.000000000000000000 ) );
#6836=CARTESIAN_POINT ( 'NONE',  ( -4.895000000000000500, 0.8000000000000000400, 12.29999999999999700 ) );
#6837=ORIENTED_EDGE ( 'NONE', *, *, #13454, .F. );
#6838=CARTESIAN_POINT ( 'NONE',  ( 8.550000000000103700, 0.0000000000000000000, 4.449999999999995700 ) );
#6839=FACE_OUTER_BOUND ( 'NONE', #7367, .T. );
#6840=LINE ( 'NONE', #1594, #649 );
#6841=ORIENTED_EDGE ( 'NONE', *, *, #13929, .F. );
#6842=FACE_OUTER_BOUND ( 'NONE', #173, .T. );
#6843=ORIENTED_EDGE ( 'NONE', *, *, #12733, .T. );
#6844=EDGE_CURVE ( 'NONE', #485, #539, #4296, .T. );
#6845=PLANE ( 'NONE',  #6154 );
#6846=LINE ( 'NONE', #237, #4 );
#6847=EDGE_CURVE ( 'NONE', #12857, #9956, #14471, .T. );
#6848=ORIENTED_EDGE ( 'NONE', *, *, #8807, .F. );
#6849=ADVANCED_FACE ( 'NONE', ( #3906 ), #6747, .F. );
#6850=CLOSED_SHELL ( 'NONE', ( #3353, #9623, #3333, #9585, #311, #1316, #3241, #1760, #8783, #14072 ) );
#6851=EDGE_CURVE ( 'NONE', #11000, #14470, #10857, .T. );
#6852=ORIENTED_EDGE ( 'NONE', *, *, #9445, .T. );
#6853=CARTESIAN_POINT ( 'NONE',  ( 0.1850000000000002800, 0.0000000000000000000, -0.0000000000000000000 ) );
#6854=AXIS2_PLACEMENT_3D ( 'NONE', #528, #135, #15 );
#6855=VERTEX_POINT ( 'NONE', #2002 );
#6856=ADVANCED_FACE ( 'NONE', ( #12140 ), #959, .F. );
#6857=AXIS2_PLACEMENT_3D ( 'NONE', #2083, #95, #31 );
#6858=ORIENTED_EDGE ( 'NONE', *, *, #6528, .F. );
#6859=ORIENTED_EDGE ( 'NONE', *, *, #285, .F. );
#6860=PLANE ( 'NONE',  #14337 );
#6861=ORIENTED_EDGE ( 'NONE', *, *, #5097, .F. );
#6862=LINE ( 'NONE', #10987, #36 );
#6863=VERTEX_POINT ( 'NONE', #4351 );
#6864=EDGE_LOOP ( 'NONE', ( #10245, #6420, #6033, #358, #13590, #4186 ) );
#6865=VERTEX_POINT ( 'NONE', #3067 );
#6866=ORIENTED_EDGE ( 'NONE', *, *, #5103, .T. );
#6867=EDGE_CURVE ( 'NONE', #4397, #12348, #8093, .T. );
#6868=VERTEX_POINT ( 'NONE', #1206 );
#6869=EDGE_CURVE ( 'NONE', #7561, #401, #5770, .T. );
#6870=VERTEX_POINT ( 'NONE', #2689 );
#6871=EDGE_CURVE ( 'NONE', #9614, #11912, #4315, .T. );
#6872=ADVANCED_FACE ( 'NONE', ( #10537 ), #13, .T. );
#6873=MECHANICAL_DESIGN_GEOMETRIC_PRESENTATION_REPRESENTATION (  '', ( #6957 ), #4224 );
#6874=VERTEX_POINT ( 'NONE', #4167 );
#6875=EDGE_CURVE ( 'NONE', #5893, #11962, #8443, .T. );
#6876=CARTESIAN_POINT ( 'NONE',  ( 9.000000000000024900, 0.8000000000000000400, 2.359999999999810200 ) );
#6877=ORIENTED_EDGE ( 'NONE', *, *, #8847, .F. );
#6878=LINE ( 'NONE', #1289, #3765 );
#6879=LINE ( 'NONE', #4907, #10 );
#6880=ORIENTED_EDGE ( 'NONE', *, *, #6978, .T. );
#6881=ORIENTED_EDGE ( 'NONE', *, *, #14219, .F. );
#6882=ORIENTED_EDGE ( 'NONE', *, *, #4447, .T. );
#6883=CARTESIAN_POINT ( 'NONE',  ( 0.0000000000000000000, -1.006230589874914900, 4.079999999999996500 ) );
#6884=EDGE_LOOP ( 'NONE', ( #8990, #2178, #4507, #8425 ) );
#6885=LINE ( 'NONE', #129, #668 );
#6886=LINE ( 'NONE', #2885, #209 );
#6887=EDGE_LOOP ( 'NONE', ( #11974, #9360, #2934, #1102, #14300, #2574 ) );
#6888=CARTESIAN_POINT ( 'NONE',  ( 8.550000000000169500, 0.05000000000000000300, 6.619999999999997400 ) );
#6889=CARTESIAN_POINT ( 'NONE',  ( 0.0000000000000000000, -1.006230589874914900, 9.529999999999995800 ) );
#6890=ADVANCED_FACE ( 'NONE', ( #1753 ), #3895, .F. );
#6891=ORIENTED_EDGE ( 'NONE', *, *, #1844, .T. );
#6892=FACE_OUTER_BOUND ( 'NONE', #12522, .T. );
#6893=EDGE_CURVE ( 'NONE', #3399, #6271, #12598, .T. );
#6894=EDGE_CURVE ( 'NONE', #5453, #864, #1735, .T. );
#6895=VERTEX_POINT ( 'NONE', #4965 );
#6896=VERTEX_POINT ( 'NONE', #4907 );
#6897=PLANE ( 'NONE',  #9659 );
#6898=EDGE_CURVE ( 'NONE', #3388, #3086, #6149, .T. );
#6899=LINE ( 'NONE', #5177, #10 );
#6900=EDGE_LOOP ( 'NONE', ( #4855, #3307, #10091, #11437 ) );
#6901=ORIENTED_EDGE ( 'NONE', *, *, #10742, .T. );
#6902=CARTESIAN_POINT ( 'NONE',  ( 5.265000000000001500, 0.0000000000000000000, 11.90000000000017100 ) );
#6903=VERTEX_POINT ( 'NONE', #723 );
#6904=ORIENTED_EDGE ( 'NONE', *, *, #2161, .F. );
#6905=EDGE_CURVE ( 'NONE', #12369, #11122, #11832, .T. );
#6906=LINE ( 'NONE', #3645, #36 );
#6907=ORIENTED_EDGE ( 'NONE', *, *, #11046, .T. );
#6908=VERTEX_POINT ( 'NONE', #5815 );
#6909=LINE ( 'NONE', #518, #4 );
#6910=ORIENTED_EDGE ( 'NONE', *, *, #10763, .F. );
#6911=CARTESIAN_POINT ( 'NONE',  ( -1.454999999999997900, 0.0000000000000000000, 11.90000000000017100 ) );
#6912=ORIENTED_EDGE ( 'NONE', *, *, #12026, .F. );
#6913=ORIENTED_EDGE ( 'NONE', *, *, #13959, .T. );
#6914=VECTOR ( 'NONE', #7009, 1000.000000000000000 );
#6915=LINE ( 'NONE', #2950, #209 );
#6916=ORIENTED_EDGE ( 'NONE', *, *, #10107, .F. );
#6917=ORIENTED_EDGE ( 'NONE', *, *, #1196, .T. );
#6918=LINE ( 'NONE', #12392, #184 );
#6919=EDGE_CURVE ( 'NONE', #6309, #4867, #6515, .T. );
#6920=EDGE_CURVE ( 'NONE', #7351, #2454, #3327, .T. );
#6921=ORIENTED_EDGE ( 'NONE', *, *, #13736, .F. );
#6922=ORIENTED_EDGE ( 'NONE', *, *, #8521, .F. );
#6923=EDGE_CURVE ( 'NONE', #13264, #7959, #7559, .T. );
#6924=ORIENTED_EDGE ( 'NONE', *, *, #7797, .T. );
#6925=COLOUR_RGB ( '',0.7921568627450980000, 0.8196078431372548800, 0.9333333333333333500 );
#6926=CARTESIAN_POINT ( 'NONE',  ( 0.0000000000000000000, 0.0000000000000000000, -5.710000000000005300 ) );
#6927=ADVANCED_FACE ( 'NONE', ( #7225 ), #13006, .F. );
#6928=ORIENTED_EDGE ( 'NONE', *, *, #11665, .F. );
#6929=ADVANCED_FACE ( 'NONE', ( #11516 ), #12520, .F. );
#6930=LINE ( 'NONE', #3099, #10 );
#6931=CIRCLE ( 'NONE', #11483, 0.2749999999999997400 );
#6932=FACE_OUTER_BOUND ( 'NONE', #9706, .T. );
#6933=ORIENTED_EDGE ( 'NONE', *, *, #10742, .F. );
#6934=ORIENTED_EDGE ( 'NONE', *, *, #4420, .F. );
#6935=EDGE_CURVE ( 'NONE', #13256, #9726, #3925, .T. );
#6936=LINE ( 'NONE', #1057, #45 );
#6937=EDGE_CURVE ( 'NONE', #8963, #7932, #2736, .T. );
#6938=EDGE_CURVE ( 'NONE', #539, #9359, #11824, .T. );
#6939=AXIS2_PLACEMENT_3D ( 'NONE', #11014, #214, #15 );
#6940=ORIENTED_EDGE ( 'NONE', *, *, #578, .F. );
#6941=FACE_OUTER_BOUND ( 'NONE', #3447, .T. );
#6942=LINE ( 'NONE', #730, #850 );
#6943=ADVANCED_FACE ( 'NONE', ( #10387 ), #11487, .F. );
#6944=CARTESIAN_POINT ( 'NONE',  ( 9.000000000000119000, 0.8000000000000000400, -0.0000000000000000000 ) );
#6945=ORIENTED_EDGE ( 'NONE', *, *, #9819, .F. );
#6946=ORIENTED_EDGE ( 'NONE', *, *, #1441, .F. );
#6947=CARTESIAN_POINT ( 'NONE',  ( -3.350000000000005900, 0.0000000000000000000, 2.909999999999998400 ) );
#6948=CARTESIAN_POINT ( 'NONE',  ( -0.1849999999999976700, 0.0000000000000000000, 11.90000000000017100 ) );
#6949=PLANE ( 'NONE',  #4342 );
#6950=CARTESIAN_POINT ( 'NONE',  ( -2.724999999999998300, 0.05000000000000000300, 11.90000000000017100 ) );
#6951=ORIENTED_EDGE ( 'NONE', *, *, #1758, .T. );
#6952=FACE_OUTER_BOUND ( 'NONE', #6815, .T. );
#6953=EDGE_CURVE ( 'NONE', #608, #2302, #11031, .T. );
#6954=EDGE_CURVE ( 'NONE', #11148, #9075, #8266, .T. );
#6955=LINE ( 'NONE', #782, #229 );
#6956=EDGE_CURVE ( 'NONE', #412, #4848, #655, .T. );
#6957=STYLED_ITEM ( 'NONE', ( #77 ), #8141 );
#6958=EDGE_CURVE ( 'NONE', #12602, #11194, #447, .T. );
#6959=VERTEX_POINT ( 'NONE', #7393 );
#6960=ORIENTED_EDGE ( 'NONE', *, *, #7869, .T. );
#6961=ADVANCED_FACE ( 'NONE', ( #8600 ), #10230, .F. );
#6962=CIRCLE ( 'NONE', #7326, 0.2750000000001171500 );
#6963=AXIS2_PLACEMENT_3D ( 'NONE', #80, #5135, #12776 );
#6964=EDGE_LOOP ( 'NONE', ( #3284, #1849, #4319, #13308 ) );
#6965=ORIENTED_EDGE ( 'NONE', *, *, #10978, .T. );
#6966=DIRECTION ( 'NONE',  ( -1.000000000000000000, 0.0000000000000000000, 3.854941057726233200E-015 ) );
#6967=CARTESIAN_POINT ( 'NONE',  ( -8.999999999999879200, 0.8000000000000000400, 6.619999999999996600 ) );
#6968=EDGE_LOOP ( 'NONE', ( #1512, #11966, #1999, #12236 ) );
#6969=CARTESIAN_POINT ( 'NONE',  ( 9.000000000000133200, 0.8000000000000000400, 6.989999999999996700 ) );
#6970=ORIENTED_EDGE ( 'NONE', *, *, #767, .T. );
#6971=FACE_OUTER_BOUND ( 'NONE', #10204, .T. );
#6972=CARTESIAN_POINT ( 'NONE',  ( -8.999999999999959100, -1.006230589874914900, -1.725000000000005600 ) );
#6973=PLANE ( 'NONE',  #14113 );
#6974=ORIENTED_EDGE ( 'NONE', *, *, #5873, .T. );
#6975=EDGE_CURVE ( 'NONE', #5971, #8845, #8740, .T. );
#6976=EDGE_CURVE ( 'NONE', #4973, #4332, #1943, .T. );
#6977=VERTEX_POINT ( 'NONE', #2138 );
#6978=EDGE_CURVE ( 'NONE', #3707, #3656, #9754, .T. );
#6979=FACE_OUTER_BOUND ( 'NONE', #12133, .T. );
#6980=ORIENTED_EDGE ( 'NONE', *, *, #4585, .T. );
#6981=ORIENTED_EDGE ( 'NONE', *, *, #5441, .F. );
#6982=LINE ( 'NONE', #431, #209 );
#6983=EDGE_LOOP ( 'NONE', ( #2639, #8938, #6267, #6547 ) );
#6984=ORIENTED_EDGE ( 'NONE', *, *, #6457, .F. );
#6985=VERTEX_POINT ( 'NONE', #4684 );
#6986=EDGE_LOOP ( 'NONE', ( #8459, #3668, #12205, #6064, #13143, #5195 ) );
#6987=ORIENTED_EDGE ( 'NONE', *, *, #2510, .T. );
#6988=EDGE_LOOP ( 'NONE', ( #12237, #7315, #8444, #14277, #1070, #3345 ) );
#6989=ADVANCED_BREP_SHAPE_REPRESENTATION ( 'ESP32-S3-WROOM-1-N8R2', ( #7052, #8109, #5446, #14492, #10938, #1522, #8936, #5909, #13366, #3121, #4335, #8545, #12592, #7878, #3605, #10130, #1904, #9987, #13228, #10823, #11369, #1375, #5122, #6522, #9564, #8322, #11527, #9972, #11425, #8689, #7826, #4656, #13607, #12318, #6245, #2856, #8141, #6710, #11917, #7649, #559, #12844, #12472, #7469, #10565, #462, #1016, #4310, #10690, #11113, #9127, #14132, #13013 ), #5276 );
#6990=FACE_OUTER_BOUND ( 'NONE', #2936, .T. );
#6991=EDGE_CURVE ( 'NONE', #11511, #3511, #5289, .T. );
#6992=ADVANCED_FACE ( 'NONE', ( #9424 ), #3839, .T. );
#6993=CARTESIAN_POINT ( 'NONE',  ( -6.534999999999998400, -1.006230589874914900, 12.74999999999999800 ) );
#6994=ADVANCED_FACE ( 'NONE', ( #6498 ), #9605, .F. );
#6995=ORIENTED_EDGE ( 'NONE', *, *, #415, .T. );
#6996=EDGE_CURVE ( 'NONE', #738, #7474, #446, .T. );
#6997=ORIENTED_EDGE ( 'NONE', *, *, #4552, .F. );
#6998=FACE_OUTER_BOUND ( 'NONE', #11210, .T. );
#6999=CARTESIAN_POINT ( 'NONE',  ( -1.454999999999997900, -1.006230589874914900, 12.74999999999999800 ) );
#7000=ORIENTED_EDGE ( 'NONE', *, *, #12758, .T. );
#7001=AXIS2_PLACEMENT_3D ( 'NONE', #1343, #7363, #3250 );
#7002=LINE ( 'NONE', #12146, #36 );
#7003=ORIENTED_EDGE ( 'NONE', *, *, #4868, .F. );
#7004=EDGE_CURVE ( 'NONE', #816, #11072, #14202, .T. );
#7005=CARTESIAN_POINT ( 'NONE',  ( -8.549999999999839100, -1.006230589874914900, 10.42999999999999600 ) );
#7006=FACE_OUTER_BOUND ( 'NONE', #5733, .T. );
#7007=PLANE ( 'NONE',  #6342 );
#7008=ORIENTED_EDGE ( 'NONE', *, *, #11435, .T. );
#7009=DIRECTION ( 'NONE',  ( 9.637352644315584900E-016, -0.0000000000000000000, -1.000000000000000000 ) );
#7010=CARTESIAN_POINT ( 'NONE',  ( -8.549999999999878100, -1.006230589874914900, 5.719999999999990900 ) );
#7011=ADVANCED_FACE ( 'NONE', ( #5749 ), #233, .T. );
#7012=ORIENTED_EDGE ( 'NONE', *, *, #12604, .T. );
#7013=LINE ( 'NONE', #2082, #4 );
#7014=ORIENTED_EDGE ( 'NONE', *, *, #12524, .T. );
#7015=CARTESIAN_POINT ( 'NONE',  ( -7.529289321881346800, 3.049999999999999800, 0.0000000000000000000 ) );
#7016=EDGE_CURVE ( 'NONE', #8415, #3048, #5766, .T. );
#7017=LINE ( 'NONE', #9215, #184 );
#7018=ORIENTED_EDGE ( 'NONE', *, *, #1780, .T. );
#7019=ORIENTED_EDGE ( 'NONE', *, *, #97, .F. );
#7020=VERTEX_POINT ( 'NONE', #1026 );
#7021=CARTESIAN_POINT ( 'NONE',  ( -3.624999999999999600, 0.04999999999999991300, 12.29999999999999700 ) );
#7022=EDGE_CURVE ( 'NONE', #7814, #9223, #5573, .T. );
#7023=VERTEX_POINT ( 'NONE', #12636 );
#7024=EDGE_CURVE ( 'NONE', #7947, #5147, #13615, .T. );
#7025=LINE ( 'NONE', #9878, #908 );
#7026=LINE ( 'NONE', #12149, #184 );
#7027=ORIENTED_EDGE ( 'NONE', *, *, #10642, .T. );
#7028=MECHANICAL_DESIGN_GEOMETRIC_PRESENTATION_REPRESENTATION (  '', ( #11107 ), #13078 );
#7029=ORIENTED_EDGE ( 'NONE', *, *, #12747, .T. );
#7030=CARTESIAN_POINT ( 'NONE',  ( 0.0000000000000000000, 0.0000000000000000000, 3.179999999999995300 ) );
#7031=LINE ( 'NONE', #5761, #45 );
#7032=ORIENTED_EDGE ( 'NONE', *, *, #8815, .F. );
#7033=PLANE ( 'NONE',  #4838 );
#7034=CARTESIAN_POINT ( 'NONE',  ( -8.549999999999839100, 0.0000000000000000000, 10.42999999999999600 ) );
#7035=ADVANCED_FACE ( 'NONE', ( #9097, #11992 ), #7626, .T. );
#7036=CARTESIAN_POINT ( 'NONE',  ( -8.999999999999934300, 0.0000000000000000000, 1.539999999999996300 ) );
#7037=ORIENTED_EDGE ( 'NONE', *, *, #12202, .F. );
#7038=ORIENTED_EDGE ( 'NONE', *, *, #9040, .F. );
#7039=ORIENTED_EDGE ( 'NONE', *, *, #222, .T. );
#7040=ORIENTED_EDGE ( 'NONE', *, *, #10260, .T. );
#7041=EDGE_CURVE ( 'NONE', #6530, #6458, #2534, .T. );
#7042=ORIENTED_EDGE ( 'NONE', *, *, #2314, .F. );
#7043=PLANE ( 'NONE',  #12559 );
#7044=EDGE_CURVE ( 'NONE', #4793, #5137, #9803, .T. );
#7045=ORIENTED_EDGE ( 'NONE', *, *, #1650, .F. );
#7046=LINE ( 'NONE', #4826, #577 );
#7047=LINE ( 'NONE', #3337, #36 );
#7048=VERTEX_POINT ( 'NONE', #1500 );
#7049=DIRECTION ( 'NONE',  ( -1.845450506358306100E-016, 0.0000000000000000000, 1.000000000000000000 ) );
#7050=EDGE_CURVE ( 'NONE', #12848, #10412, #9599, .T. );
#7051=ORIENTED_EDGE ( 'NONE', *, *, #2624, .F. );
#7052=MANIFOLD_SOLID_BREP ( 'Shield', #12614 );
#7053=ORIENTED_EDGE ( 'NONE', *, *, #2243, .F. );
#7054=CARTESIAN_POINT ( 'NONE',  ( 8.550000000000023800, 0.0000000000000000000, -2.270000000000003600 ) );
#7055=EDGE_LOOP ( 'NONE', ( #2876, #6665, #6843, #6039 ) );
#7056=EDGE_LOOP ( 'NONE', ( #2020, #5879, #10257, #3394 ) );
#7057=CARTESIAN_POINT ( 'NONE',  ( 4.895000000000002200, 0.0000000000000000000, 12.74999999999999800 ) );
#7058=ORIENTED_EDGE ( 'NONE', *, *, #11449, .F. );
#7059=ORIENTED_EDGE ( 'NONE', *, *, #3107, .F. );
#7060=CIRCLE ( 'NONE', #11422, 0.2750000000000000800 );
#7061=ORIENTED_EDGE ( 'NONE', *, *, #2482, .T. );
#7062=EDGE_CURVE ( 'NONE', #14322, #13429, #6672, .T. );
#7063=EDGE_LOOP ( 'NONE', ( #13629, #2428, #7701, #5655 ) );
#7064=EDGE_CURVE ( 'NONE', #10891, #7153, #81, .T. );
#7065=CARTESIAN_POINT ( 'NONE',  ( -8.999999999999944900, 0.8000000000000000400, 0.0000000000000000000 ) );
#7066=ORIENTED_EDGE ( 'NONE', *, *, #9646, .F. );
#7067=EDGE_CURVE ( 'NONE', #2767, #10888, #11977, .T. );
#7068=ORIENTED_EDGE ( 'NONE', *, *, #4650, .T. );
#7069=ORIENTED_EDGE ( 'NONE', *, *, #4338, .F. );
#7070=EDGE_CURVE ( 'NONE', #3791, #8617, #10224, .T. );
#7071=CARTESIAN_POINT ( 'NONE',  ( -0.3599999999999988800, -1.006230589874914900, 12.74999999999999800 ) );
#7072=CARTESIAN_POINT ( 'NONE',  ( 9.000000000000133200, -1.006230589874914900, 7.715000000000088700 ) );
#7073=ADVANCED_FACE ( 'NONE', ( #2721 ), #8902, .T. );
#7074=VERTEX_POINT ( 'NONE', #7224 );
#7075=ADVANCED_FACE ( 'NONE', ( #11355 ), #49, .F. );
#7076=ORIENTED_EDGE ( 'NONE', *, *, #5636, .F. );
#7077=VERTEX_POINT ( 'NONE', #6550 );
#7078=FACE_OUTER_BOUND ( 'NONE', #8777, .T. );
#7079=ORIENTED_EDGE ( 'NONE', *, *, #10927, .T. );
#7080=PLANE ( 'NONE',  #5914 );
#7081=EDGE_LOOP ( 'NONE', ( #10097, #11017, #4248, #1577 ) );
#7082=VERTEX_POINT ( 'NONE', #5455 );
#7083=EDGE_CURVE ( 'NONE', #4813, #3656, #12591, .T. );
#7084=PLANE ( 'NONE',  #8840 );
#7085=VERTEX_POINT ( 'NONE', #9066 );
#7086=VERTEX_POINT ( 'NONE', #3211 );
#7087=EDGE_LOOP ( 'NONE', ( #2604, #13067, #8285, #1253, #14062, #9823 ) );
#7088=EDGE_CURVE ( 'NONE', #11015, #2676, #9540, .T. );
#7089=CARTESIAN_POINT ( 'NONE',  ( 9.000000000000172300, 0.0000000000000000000, -0.0000000000000000000 ) );
#7090=VERTEX_POINT ( 'NONE', #6765 );
#7091=LINE ( 'NONE', #3095, #209 );
#7092=VERTEX_POINT ( 'NONE', #2050 );
#7093=EDGE_CURVE ( 'NONE', #2384, #1267, #3910, .T. );
#7094=LINE ( 'NONE', #5182, #327 );
#7095=ADVANCED_FACE ( 'NONE', ( #10686 ), #2003, .F. );
#7096=ORIENTED_EDGE ( 'NONE', *, *, #7501, .F. );
#7097=ORIENTED_EDGE ( 'NONE', *, *, #6437, .T. );
#7098=LINE ( 'NONE', #353, #110 );
#7099=EDGE_CURVE ( 'NONE', #3488, #9329, #13891, .T. );
#7100=CARTESIAN_POINT ( 'NONE',  ( -0.1849999999999976700, 0.0000000000000000000, 12.29999999999999700 ) );
#7101=ORIENTED_EDGE ( 'NONE', *, *, #3002, .T. );
#7102=LINE ( 'NONE', #3366, #45 );
#7103=FACE_OUTER_BOUND ( 'NONE', #9572, .T. );
#7104=CYLINDRICAL_SURFACE ( 'NONE', #9570, 0.2750000000000000800 );
#7105=LINE ( 'NONE', #5953, #36 );
#7106=ORIENTED_EDGE ( 'NONE', *, *, #11817, .F. );
#7107=FACE_OUTER_BOUND ( 'NONE', #2372, .T. );
#7108=ADVANCED_FACE ( 'NONE', ( #8076 ), #4236, .T. );
#7109=EDGE_CURVE ( 'NONE', #13496, #8385, #3522, .T. );
#7110=VERTEX_POINT ( 'NONE', #513 );
#7111=EDGE_CURVE ( 'NONE', #11621, #1388, #636, .T. );
#7112=AXIS2_PLACEMENT_3D ( 'NONE', #6838, #95, #31 );
#7113=FACE_OUTER_BOUND ( 'NONE', #4721, .T. );
#7114=ORIENTED_EDGE ( 'NONE', *, *, #13058, .T. );
#7115=PLANE ( 'NONE',  #7282 );
#7116=ORIENTED_EDGE ( 'NONE', *, *, #8189, .T. );
#7117=VERTEX_POINT ( 'NONE', #621 );
#7118=CARTESIAN_POINT ( 'NONE',  ( -2.724999999999998300, 0.8000000000000000400, 12.29999999999999700 ) );
#7119=FACE_OUTER_BOUND ( 'NONE', #3331, .T. );
#7120=CARTESIAN_POINT ( 'NONE',  ( -8.999999999999905900, -1.006230589874914900, 3.354999999999991100 ) );
#7121=EDGE_CURVE ( 'NONE', #13963, #11343, #7731, .T. );
#7122=LINE ( 'NONE', #163, #110 );
#7123=EDGE_CURVE ( 'NONE', #7903, #5078, #5390, .T. );
#7124=ORIENTED_EDGE ( 'NONE', *, *, #411, .T. );
#7125=ORIENTED_EDGE ( 'NONE', *, *, #12417, .T. );
#7126=EDGE_CURVE ( 'NONE', #1462, #12990, #12584, .T. );
#7127=AXIS2_PLACEMENT_3D ( 'NONE', #8116, #250, #31 );
#7128=LINE ( 'NONE', #2647, #10 );
#7129=PLANE ( 'NONE',  #3769 );
#7130=ORIENTED_EDGE ( 'NONE', *, *, #5338, .F. );
#7131=VERTEX_POINT ( 'NONE', #9012 );
#7132=PLANE ( 'NONE',  #13556 );
#7133=EDGE_LOOP ( 'NONE', ( #3056, #9717, #13530, #12358, #6619, #6731 ) );
#7134=ADVANCED_FACE ( 'NONE', ( #12271 ), #7277, .F. );
#7135=ORIENTED_EDGE ( 'NONE', *, *, #13642, .T. );
#7136=ORIENTED_EDGE ( 'NONE', *, *, #11684, .F. );
#7137=CARTESIAN_POINT ( 'NONE',  ( 6.535000000000001900, 0.8000000000000000400, -0.0000000000000000000 ) );
#7138=ADVANCED_FACE ( 'NONE', ( #1928 ), #1393, .F. );
#7139=ORIENTED_EDGE ( 'NONE', *, *, #4976, .T. );
#7140=CARTESIAN_POINT ( 'NONE',  ( 9.000000000000065700, 0.8000000000000000400, 0.8149999999998413000 ) );
#7141=FACE_OUTER_BOUND ( 'NONE', #4352, .T. );
#7142=ORIENTED_EDGE ( 'NONE', *, *, #5040, .F. );
#7143=EDGE_CURVE ( 'NONE', #3994, #4122, #961, .T. );
#7144=EDGE_CURVE ( 'NONE', #2312, #7825, #11019, .T. );
#7145=ORIENTED_EDGE ( 'NONE', *, *, #11910, .T. );
#7146=ORIENTED_EDGE ( 'NONE', *, *, #9430, .T. );
#7147=FACE_OUTER_BOUND ( 'NONE', #6680, .T. );
#7148=LINE ( 'NONE', #2253, #4 );
#7149=STYLED_ITEM ( 'NONE', ( #77 ), #3121 );
#7150=CARTESIAN_POINT ( 'NONE',  ( 0.9100000000000007000, -1.006230589874914900, 12.74999999999999800 ) );
#7151=ORIENTED_EDGE ( 'NONE', *, *, #12085, .T. );
#7152=ORIENTED_EDGE ( 'NONE', *, *, #1123, .T. );
#7153=VERTEX_POINT ( 'NONE', #2704 );
#7154=ORIENTED_EDGE ( 'NONE', *, *, #38, .F. );
#7155=ADVANCED_FACE ( 'NONE', ( #1083 ), #13, .T. );
#7156=ORIENTED_EDGE ( 'NONE', *, *, #14273, .F. );
#7157=CARTESIAN_POINT ( 'NONE',  ( 9.000000000000000000, 0.0000000000000000000, -12.75000000000000200 ) );
#7158=LINE ( 'NONE', #2481, #1276 );
#7159=CARTESIAN_POINT ( 'NONE',  ( -9.000000000000000000, 0.0000000000000000000, -5.260000000000004200 ) );
#7160=EDGE_CURVE ( 'NONE', #7369, #14246, #7546, .T. );
#7161=ORIENTED_EDGE ( 'NONE', *, *, #4676, .F. );
#7162=ORIENTED_EDGE ( 'NONE', *, *, #5568, .T. );
#7163=EDGE_CURVE ( 'NONE', #6133, #6240, #9583, .T. );
#7164=FACE_OUTER_BOUND ( 'NONE', #9265, .T. );
#7165=LINE ( 'NONE', #4637, #4 );
#7166=ORIENTED_EDGE ( 'NONE', *, *, #1652, .T. );
#7167=EDGE_CURVE ( 'NONE', #8804, #7356, #2566, .T. );
#7168=VERTEX_POINT ( 'NONE', #9158 );
#7169=ORIENTED_EDGE ( 'NONE', *, *, #10635, .T. );
#7170=ORIENTED_EDGE ( 'NONE', *, *, #10028, .T. );
#7171=ORIENTED_EDGE ( 'NONE', *, *, #8950, .F. );
#7172=CARTESIAN_POINT ( 'NONE',  ( -8.999999999999959100, 0.8000000000000000400, -1.900000000000006800 ) );
#7173=ADVANCED_FACE ( 'NONE', ( #5206 ), #6242, .T. );
#7174=EDGE_CURVE ( 'NONE', #2726, #8964, #7208, .T. );
#7175=LINE ( 'NONE', #5106, #493 );
#7176=ORIENTED_EDGE ( 'NONE', *, *, #10465, .F. );
#7177=ORIENTED_EDGE ( 'NONE', *, *, #3457, .F. );
#7178=LINE ( 'NONE', #3292, #36 );
#7179=EDGE_LOOP ( 'NONE', ( #894, #12691, #8138, #8747 ) );
#7180=VERTEX_POINT ( 'NONE', #6158 );
#7181=VERTEX_POINT ( 'NONE', #13506 );
#7182=CARTESIAN_POINT ( 'NONE',  ( -1.454999999999997900, 0.0000000000000000000, 12.74999999999999800 ) );
#7183=ORIENTED_EDGE ( 'NONE', *, *, #8809, .T. );
#7184=ORIENTED_EDGE ( 'NONE', *, *, #1257, .T. );
#7185=FILL_AREA_STYLE ('',( #10400 ) );
#7186=FACE_OUTER_BOUND ( 'NONE', #2949, .T. );
#7187=EDGE_CURVE ( 'NONE', #626, #3671, #6318, .T. );
#7188=VERTEX_POINT ( 'NONE', #7408 );
#7189=CARTESIAN_POINT ( 'NONE',  ( -8.549999999999984700, 0.8000000000000000400, -4.440000000000005700 ) );
#7190=ORIENTED_EDGE ( 'NONE', *, *, #8823, .T. );
#7191=FACE_OUTER_BOUND ( 'NONE', #13864, .T. );
#7192=EDGE_CURVE ( 'NONE', #13115, #2935, #10861, .T. );
#7193=EDGE_LOOP ( 'NONE', ( #8979, #9950, #7169, #5967 ) );
#7194=FACE_OUTER_BOUND ( 'NONE', #7179, .T. );
#7195=ORIENTED_EDGE ( 'NONE', *, *, #7296, .T. );
#7196=ORIENTED_EDGE ( 'NONE', *, *, #11067, .T. );
#7197=ORIENTED_EDGE ( 'NONE', *, *, #2166, .F. );
#7198=ORIENTED_EDGE ( 'NONE', *, *, #13910, .T. );
#7199=LINE ( 'NONE', #9205, #184 );
#7200=FACE_OUTER_BOUND ( 'NONE', #10060, .T. );
#7201=CARTESIAN_POINT ( 'NONE',  ( 9.000000000000053300, 0.8000000000000000400, -0.6300000000000046700 ) );
#7202=EDGE_LOOP ( 'NONE', ( #1524, #9879, #1708, #4022 ) );
#7203=CARTESIAN_POINT ( 'NONE',  ( 1.085000000000001700, -1.006230589874914900, 12.74999999999999800 ) );
#7204=ORIENTED_EDGE ( 'NONE', *, *, #8297, .F. );
#7205=CARTESIAN_POINT ( 'NONE',  ( 0.1850000000000002800, -1.006230589874914900, 12.29999999999999700 ) );
#7206=ORIENTED_EDGE ( 'NONE', *, *, #13982, .T. );
#7207=CARTESIAN_POINT ( 'NONE',  ( 7.729289321881345200, 30.15163842104813000, 11.69999999999999800 ) );
#7208=LINE ( 'NONE', #10632, #36 );
#7209=LINE ( 'NONE', #1605, #205 );
#7210=VERTEX_POINT ( 'NONE', #1937 );
#7211=ADVANCED_FACE ( 'NONE', ( #425 ), #5118, .F. );
#7212=EDGE_CURVE ( 'NONE', #2888, #7880, #7906, .T. );
#7213=ORIENTED_EDGE ( 'NONE', *, *, #13639, .F. );
#7214=EDGE_CURVE ( 'NONE', #4649, #4802, #3116, .T. );
#7215=ADVANCED_FACE ( 'NONE', ( #13017 ), #959, .F. );
#7216=ORIENTED_EDGE ( 'NONE', *, *, #6571, .F. );
#7217=ORIENTED_EDGE ( 'NONE', *, *, #2432, .F. );
#7218=STYLED_ITEM ( 'NONE', ( #77 ), #11113 );
#7219=ORIENTED_EDGE ( 'NONE', *, *, #8791, .T. );
#7220=FACE_OUTER_BOUND ( 'NONE', #13281, .T. );
#7221=( GEOMETRIC_REPRESENTATION_CONTEXT ( 3 ) GLOBAL_UNCERTAINTY_ASSIGNED_CONTEXT ( ( #178 ) ) GLOBAL_UNIT_ASSIGNED_CONTEXT ( ( #7, #195, #16 ) ) REPRESENTATION_CONTEXT ( 'NONE', 'WORKASPACE' ) );
#7222=ORIENTED_EDGE ( 'NONE', *, *, #6847, .T. );
#7223=ORIENTED_EDGE ( 'NONE', *, *, #10876, .F. );
#7224=CARTESIAN_POINT ( 'NONE',  ( -8.150000000000048300, 0.05000000000000000300, 9.159999999999998400 ) );
#7225=FACE_OUTER_BOUND ( 'NONE', #10146, .T. );
#7226=LINE ( 'NONE', #9741, #209 );
#7227=VERTEX_POINT ( 'NONE', #8672 );
#7228=ORIENTED_EDGE ( 'NONE', *, *, #2108, .T. );
#7229=PLANE ( 'NONE',  #6739 );
#7230=VERTEX_POINT ( 'NONE', #11840 );
#7231=ADVANCED_FACE ( 'NONE', ( #4299 ), #10507, .T. );
#7232=EDGE_CURVE ( 'NONE', #2677, #1817, #13164, .T. );
#7233=FACE_OUTER_BOUND ( 'NONE', #12008, .T. );
#7234=VERTEX_POINT ( 'NONE', #1762 );
#7235=EDGE_CURVE ( 'NONE', #1238, #9225, #11501, .T. );
#7236=EDGE_CURVE ( 'NONE', #14397, #9614, #6659, .T. );
#7237=( GEOMETRIC_REPRESENTATION_CONTEXT ( 3 ) GLOBAL_UNCERTAINTY_ASSIGNED_CONTEXT ( ( #178 ) ) GLOBAL_UNIT_ASSIGNED_CONTEXT ( ( #7, #195, #16 ) ) REPRESENTATION_CONTEXT ( 'NONE', 'WORKASPACE' ) );
#7238=FACE_OUTER_BOUND ( 'NONE', #14409, .T. );
#7239=ORIENTED_EDGE ( 'NONE', *, *, #6893, .T. );
#7240=EDGE_CURVE ( 'NONE', #13317, #8043, #795, .T. );
#7241=AXIS2_PLACEMENT_3D ( 'NONE', #552, #15, #575 );
#7242=CARTESIAN_POINT ( 'NONE',  ( 1.455000000000000500, 0.0000000000000000000, -0.0000000000000000000 ) );
#7243=ORIENTED_EDGE ( 'NONE', *, *, #11152, .F. );
#7244=ORIENTED_EDGE ( 'NONE', *, *, #9020, .T. );
#7245=CARTESIAN_POINT ( 'NONE',  ( -5.999999999999999100, 3.250000000000000000, 9.499999999999998200 ) );
#7246=CARTESIAN_POINT ( 'NONE',  ( 7.749200000000000100, 3.250000000000000000, -5.629289321881345600 ) );
#7247=CARTESIAN_POINT ( 'NONE',  ( -8.549999999999945600, 0.0000000000000000000, 0.2699999999999968000 ) );
#7248=ORIENTED_EDGE ( 'NONE', *, *, #1164, .T. );
#7249=FACE_OUTER_BOUND ( 'NONE', #11387, .T. );
#7250=ORIENTED_EDGE ( 'NONE', *, *, #7174, .T. );
#7251=LINE ( 'NONE', #625, #110 );
#7252=ORIENTED_EDGE ( 'NONE', *, *, #1806, .T. );
#7253=ORIENTED_EDGE ( 'NONE', *, *, #14090, .F. );
#7254=ADVANCED_FACE ( 'NONE', ( #11642 ), #13874, .F. );
#7255=VERTEX_POINT ( 'NONE', #603 );
#7256=ORIENTED_EDGE ( 'NONE', *, *, #4999, .F. );
#7257=PLANE ( 'NONE',  #8237 );
#7258=ORIENTED_EDGE ( 'NONE', *, *, #1247, .T. );
#7259=ORIENTED_EDGE ( 'NONE', *, *, #9615, .T. );
#7260=LINE ( 'NONE', #7010, #36 );
#7261=EDGE_CURVE ( 'NONE', #13949, #10969, #7714, .T. );
#7262=CARTESIAN_POINT ( 'NONE',  ( -9.000000000000000000, 0.8000000000000000400, 0.0000000000000000000 ) );
#7263=ORIENTED_EDGE ( 'NONE', *, *, #9182, .T. );
#7264=ORIENTED_EDGE ( 'NONE', *, *, #8249, .T. );
#7265=EDGE_CURVE ( 'NONE', #13963, #13328, #14317, .T. );
#7266=AXIS2_PLACEMENT_3D ( 'NONE', #10575, #250, #31 );
#7267=LINE ( 'NONE', #4904, #184 );
#7268=LINE ( 'NONE', #2364, #209 );
#7269=FACE_OUTER_BOUND ( 'NONE', #14183, .T. );
#7270=EDGE_LOOP ( 'NONE', ( #13625, #9872, #11794, #496 ) );
#7271=AXIS2_PLACEMENT_3D ( 'NONE', #8502, #250, #31 );
#7272=CLOSED_SHELL ( 'NONE', ( #14148, #7723, #12350, #3169, #1582, #3733 ) );
#7273=ORIENTED_EDGE ( 'NONE', *, *, #12060, .T. );
#7274=ORIENTED_EDGE ( 'NONE', *, *, #2434, .T. );
#7275=ORIENTED_EDGE ( 'NONE', *, *, #3156, .F. );
#7276=CARTESIAN_POINT ( 'NONE',  ( 3.450000000000001500, -1.006230589874914900, 12.74999999999999800 ) );
#7277=PLANE ( 'NONE',  #11744 );
#7278=FACE_OUTER_BOUND ( 'NONE', #10173, .T. );
#7279=EDGE_CURVE ( 'NONE', #6250, #6464, #3776, .T. );
#7280=EDGE_LOOP ( 'NONE', ( #6417, #8665, #486, #4222 ) );
#7281=EDGE_CURVE ( 'NONE', #6712, #312, #2116, .T. );
#7282=AXIS2_PLACEMENT_3D ( 'NONE', #4783, #2403, #1169 );
#7283=LINE ( 'NONE', #6302, #45 );
#7284=EDGE_CURVE ( 'NONE', #2369, #9007, #3309, .T. );
#7285=ADVANCED_FACE ( 'NONE', ( #9898 ), #13709, .T. );
#7286=ORIENTED_EDGE ( 'NONE', *, *, #253, .F. );
#7287=FACE_OUTER_BOUND ( 'NONE', #13898, .T. );
#7288=ADVANCED_FACE ( 'NONE', ( #13438 ), #1861, .F. );
#7289=CARTESIAN_POINT ( 'NONE',  ( 9.000000000000048000, 0.8000000000000000400, 8.709999999999997300 ) );
#7290=ORIENTED_EDGE ( 'NONE', *, *, #4267, .F. );
#7291=FACE_OUTER_BOUND ( 'NONE', #2160, .T. );
#7292=EDGE_CURVE ( 'NONE', #8450, #410, #5751, .T. );
#7293=LINE ( 'NONE', #2158, #205 );
#7294=ORIENTED_EDGE ( 'NONE', *, *, #11041, .T. );
#7295=ORIENTED_EDGE ( 'NONE', *, *, #13015, .T. );
#7296=EDGE_CURVE ( 'NONE', #5474, #6538, #5541, .T. );
#7297=EDGE_CURVE ( 'NONE', #6157, #7792, #9079, .T. );
#7298=CARTESIAN_POINT ( 'NONE',  ( -8.999999999999944900, 0.0000000000000000000, 0.0000000000000000000 ) );
#7299=ORIENTED_EDGE ( 'NONE', *, *, #6798, .F. );
#7300=CARTESIAN_POINT ( 'NONE',  ( -8.999999999999893400, 0.8000000000000000400, 5.349999999999996100 ) );
#7301=ADVANCED_FACE ( 'NONE', ( #11959 ), #5699, .F. );
#7302=FACE_OUTER_BOUND ( 'NONE', #14403, .T. );
#7303=FACE_OUTER_BOUND ( 'NONE', #1240, .T. );
#7304=AXIS2_PLACEMENT_3D ( 'NONE', #1171, #15, #575 );
#7305=PLANE ( 'NONE',  #14037 );
#7306=EDGE_LOOP ( 'NONE', ( #835, #11061, #2092, #7574 ) );
#7307=CARTESIAN_POINT ( 'NONE',  ( 0.0000000000000000000, 0.8000000000000000400, 1.539999999999996300 ) );
#7308=ORIENTED_EDGE ( 'NONE', *, *, #6793, .T. );
#7309=VERTEX_POINT ( 'NONE', #6911 );
#7310=LINE ( 'NONE', #4147, #577 );
#7311=ORIENTED_EDGE ( 'NONE', *, *, #8215, .F. );
#7312=ORIENTED_EDGE ( 'NONE', *, *, #1509, .F. );
#7313=LINE ( 'NONE', #4769, #36 );
#7314=ORIENTED_EDGE ( 'NONE', *, *, #14257, .T. );
#7315=ORIENTED_EDGE ( 'NONE', *, *, #9472, .T. );
#7316=LINE ( 'NONE', #3465, #229 );
#7317=LINE ( 'NONE', #2522, #493 );
#7318=EDGE_CURVE ( 'NONE', #2312, #7825, #13593, .T. );
#7319=EDGE_CURVE ( 'NONE', #14181, #10743, #14459, .T. );
#7320=LINE ( 'NONE', #923, #209 );
#7321=EDGE_CURVE ( 'NONE', #6785, #5514, #12256, .T. );
#7322=CARTESIAN_POINT ( 'NONE',  ( -8.999999999999991100, 0.8000000000000000400, -2.720000000000005500 ) );
#7323=ADVANCED_FACE ( 'NONE', ( #12863 ), #4230, .F. );
#7324=AXIS2_PLACEMENT_3D ( 'NONE', #2387, #2423, #2049 );
#7325=EDGE_CURVE ( 'NONE', #5822, #3152, #3098, .T. );
#7326=AXIS2_PLACEMENT_3D ( 'NONE', #9624, #21, #31 );
#7327=ORIENTED_EDGE ( 'NONE', *, *, #8095, .T. );
#7328=LINE ( 'NONE', #596, #4 );
#7329=LINE ( 'NONE', #1600, #184 );
#7330=ORIENTED_EDGE ( 'NONE', *, *, #7167, .F. );
#7331=ORIENTED_EDGE ( 'NONE', *, *, #9959, .T. );
#7332=CARTESIAN_POINT ( 'NONE',  ( -8.999999999999973400, 0.0000000000000000000, -2.445000000000005600 ) );
#7333=FACE_OUTER_BOUND ( 'NONE', #10090, .T. );
#7334=ORIENTED_EDGE ( 'NONE', *, *, #4223, .T. );
#7335=EDGE_LOOP ( 'NONE', ( #9346, #9437, #4196, #13803 ) );
#7336=CARTESIAN_POINT ( 'NONE',  ( 7.729289321881345200, 0.8000000000000056000, -5.700000000000004600 ) );
#7337=LINE ( 'NONE', #9096, #205 );
#7338=CYLINDRICAL_SURFACE ( 'NONE', #10783, 0.05080000000000015100 );
#7339=PLANE ( 'NONE',  #8350 );
#7340=ORIENTED_EDGE ( 'NONE', *, *, #7321, .F. );
#7341=ORIENTED_EDGE ( 'NONE', *, *, #12505, .T. );
#7342=CARTESIAN_POINT ( 'NONE',  ( -8.999999999999825900, 0.8000000000000000400, 11.69999999999999600 ) );
#7343=ORIENTED_EDGE ( 'NONE', *, *, #11883, .F. );
#7344=EDGE_CURVE ( 'NONE', #11608, #14470, #1284, .T. );
#7345=EDGE_CURVE ( 'NONE', #268, #10994, #2317, .T. );
#7346=ORIENTED_EDGE ( 'NONE', *, *, #11084, .T. );
#7347=ORIENTED_EDGE ( 'NONE', *, *, #8414, .T. );
#7348=ORIENTED_EDGE ( 'NONE', *, *, #8517, .T. );
#7349=MECHANICAL_DESIGN_GEOMETRIC_PRESENTATION_REPRESENTATION (  '', ( #7149 ), #10030 );
#7350=LINE ( 'NONE', #1047, #209 );
#7351=VERTEX_POINT ( 'NONE', #6797 );
#7352=LINE ( 'NONE', #6950, #4 );
#7353=ORIENTED_EDGE ( 'NONE', *, *, #2967, .T. );
#7354=ORIENTED_EDGE ( 'NONE', *, *, #1458, .F. );
#7355=LINE ( 'NONE', #6441, #10 );
#7356=VERTEX_POINT ( 'NONE', #4558 );
#7357=EDGE_LOOP ( 'NONE', ( #1660, #12629, #13766, #10322, #2594, #10489 ) );
#7358=ADVANCED_FACE ( 'NONE', ( #3884 ), #233, .T. );
#7359=EDGE_LOOP ( 'NONE', ( #14228, #9622, #14377, #13626 ) );
#7360=ORIENTED_EDGE ( 'NONE', *, *, #13035, .T. );
#7361=ADVANCED_FACE ( 'NONE', ( #12574 ), #49, .T. );
#7362=LINE ( 'NONE', #8220, #205 );
#7363=DIRECTION ( 'NONE',  ( -1.000000000000000000, 0.0000000000000000000, -4.818676322157796400E-016 ) );
#7364=EDGE_CURVE ( 'NONE', #5078, #3792, #8886, .T. );
#7365=EDGE_CURVE ( 'NONE', #4216, #4848, #6862, .T. );
#7366=EDGE_CURVE ( 'NONE', #7023, #10937, #8239, .T. );
#7367=EDGE_LOOP ( 'NONE', ( #9826, #1072, #10694, #4019 ) );
#7368=CIRCLE ( 'NONE', #14223, 0.2507999999999998000 );
#7369=VERTEX_POINT ( 'NONE', #7876 );
#7370=AXIS2_PLACEMENT_3D ( 'NONE', #6351, #21, #31 );
#7371=LINE ( 'NONE', #10472, #36 );
#7372=CARTESIAN_POINT ( 'NONE',  ( -7.529289321881346800, 3.250000000000000000, -5.649200000000004000 ) );
#7373=ORIENTED_EDGE ( 'NONE', *, *, #12638, .T. );
#7374=EDGE_CURVE ( 'NONE', #7110, #3320, #11005, .T. );
#7375=ORIENTED_EDGE ( 'NONE', *, *, #5526, .T. );
#7376=VERTEX_POINT ( 'NONE', #11408 );
#7377=ADVANCED_FACE ( 'NONE', ( #6115 ), #49, .T. );
#7378=ORIENTED_EDGE ( 'NONE', *, *, #3358, .F. );
#7379=ADVANCED_FACE ( 'NONE', ( #12114 ), #9364, .F. );
#7380=ORIENTED_EDGE ( 'NONE', *, *, #3997, .F. );
#7381=ORIENTED_EDGE ( 'NONE', *, *, #5376, .T. );
#7382=LINE ( 'NONE', #315, #8965 );
#7383=VERTEX_POINT ( 'NONE', #1700 );
#7384=CARTESIAN_POINT ( 'NONE',  ( 0.0000000000000000000, -1.006230589874914900, -3.540000000000004000 ) );
#7385=CARTESIAN_POINT ( 'NONE',  ( 9.000000000000039100, 0.8000000000000000400, -1.000000000000004400 ) );
#7386=ORIENTED_EDGE ( 'NONE', *, *, #313, .F. );
#7387=ORIENTED_EDGE ( 'NONE', *, *, #11146, .T. );
#7388=EDGE_CURVE ( 'NONE', #3273, #2590, #8728, .T. );
#7389=ORIENTED_EDGE ( 'NONE', *, *, #5052, .F. );
#7390=ORIENTED_EDGE ( 'NONE', *, *, #13982, .F. );
#7391=EDGE_CURVE ( 'NONE', #485, #539, #2908, .T. );
#7392=VERTEX_POINT ( 'NONE', #1089 );
#7393=CARTESIAN_POINT ( 'NONE',  ( 8.550000000000158800, 0.8000000000000000400, 10.42999999999999600 ) );
#7394=ORIENTED_EDGE ( 'NONE', *, *, #13236, .T. );
#7395=AXIS2_PLACEMENT_3D ( 'NONE', #1743, #669, #95 );
#7396=ORIENTED_EDGE ( 'NONE', *, *, #10241, .F. );
#7397=ADVANCED_FACE ( 'NONE', ( #3865 ), #8324, .F. );
#7398=ORIENTED_EDGE ( 'NONE', *, *, #3361, .T. );
#7399=LINE ( 'NONE', #5455, #205 );
#7400=FACE_OUTER_BOUND ( 'NONE', #10542, .T. );
#7401=ORIENTED_EDGE ( 'NONE', *, *, #14247, .F. );
#7402=CARTESIAN_POINT ( 'NONE',  ( -8.549999999999904800, -1.006230589874914900, 3.179999999999989900 ) );
#7403=ORIENTED_EDGE ( 'NONE', *, *, #1561, .F. );
#7404=ORIENTED_EDGE ( 'NONE', *, *, #6046, .T. );
#7405=CARTESIAN_POINT ( 'NONE',  ( -8.999999999999944900, 0.0000000000000000000, -0.4550000000000062900 ) );
#7406=EDGE_LOOP ( 'NONE', ( #7513, #1770, #10789, #13744, #9468, #5009 ) );
#7407=VERTEX_POINT ( 'NONE', #8111 );
#7408=CARTESIAN_POINT ( 'NONE',  ( -8.150000000000044800, 0.0000000000000000000, 7.889999999999997900 ) );
#7409=AXIS2_PLACEMENT_3D ( 'NONE', #80, #1353, #1025 );
#7410=EDGE_CURVE ( 'NONE', #8017, #9956, #13001, .T. );
#7411=VERTEX_POINT ( 'NONE', #3208 );
#7412=EDGE_CURVE ( 'NONE', #5979, #3767, #5, .T. );
#7413=EDGE_LOOP ( 'NONE', ( #13318, #1433, #8047, #13501 ) );
#7414=EDGE_CURVE ( 'NONE', #141, #569, #5191, .T. );
#7415=CARTESIAN_POINT ( 'NONE',  ( -8.999999999999840100, 0.8000000000000000400, 0.0000000000000000000 ) );
#7416=VERTEX_POINT ( 'NONE', #2668 );
#7417=ORIENTED_EDGE ( 'NONE', *, *, #2784, .T. );
#7418=VERTEX_POINT ( 'NONE', #874 );
#7419=LINE ( 'NONE', #1114, #327 );
#7420=LINE ( 'NONE', #6299, #36 );
#7421=ORIENTED_EDGE ( 'NONE', *, *, #6571, .T. );
#7422=ORIENTED_EDGE ( 'NONE', *, *, #4168, .F. );
#7423=ORIENTED_EDGE ( 'NONE', *, *, #13944, .T. );
#7424=EDGE_LOOP ( 'NONE', ( #228, #10119, #617, #6852, #11879, #4322 ) );
#7425=EDGE_CURVE ( 'NONE', #7433, #5736, #9059, .T. );
#7426=EDGE_LOOP ( 'NONE', ( #8515, #10870, #9063, #680 ) );
#7427=EDGE_CURVE ( 'NONE', #11621, #921, #6471, .T. );
#7428=LINE ( 'NONE', #1842, #908 );
#7429=EDGE_CURVE ( 'NONE', #1911, #11550, #12405, .T. );
#7430=ORIENTED_EDGE ( 'NONE', *, *, #2868, .T. );
#7431=ADVANCED_FACE ( 'NONE', ( #9727 ), #2307, .F. );
#7432=EDGE_CURVE ( 'NONE', #12111, #694, #1059, .T. );
#7433=VERTEX_POINT ( 'NONE', #2370 );
#7434=ADVANCED_FACE ( 'NONE', ( #6643 ), #233, .T. );
#7435=ORIENTED_EDGE ( 'NONE', *, *, #6067, .T. );
#7436=ORIENTED_EDGE ( 'NONE', *, *, #2314, .T. );
#7437=EDGE_LOOP ( 'NONE', ( #6848, #5323, #4599, #8550 ) );
#7438=ORIENTED_EDGE ( 'NONE', *, *, #3406, .F. );
#7439=LINE ( 'NONE', #180, #36 );
#7440=EDGE_LOOP ( 'NONE', ( #9213, #13739, #2457, #3947 ) );
#7441=CARTESIAN_POINT ( 'NONE',  ( 8.550000000000169500, 0.05000000000000000300, 5.349999999999997000 ) );
#7442=CARTESIAN_POINT ( 'NONE',  ( 2.180000000000001500, 0.8000000000000000400, 12.74999999999999800 ) );
#7443=LINE ( 'NONE', #9637, #184 );
#7444=ORIENTED_EDGE ( 'NONE', *, *, #3033, .T. );
#7445=VERTEX_POINT ( 'NONE', #441 );
#7446=LINE ( 'NONE', #237, #493 );
#7447=EDGE_CURVE ( 'NONE', #2514, #1823, #12697, .T. );
#7448=PLANE ( 'NONE',  #2411 );
#7449=ADVANCED_FACE ( 'NONE', ( #11167 ), #12515, .T. );
#7450=ORIENTED_EDGE ( 'NONE', *, *, #10066, .F. );
#7451=EDGE_CURVE ( 'NONE', #8230, #5520, #7026, .T. );
#7452=AXIS2_PLACEMENT_3D ( 'NONE', #13535, #19, #135 );
#7453=FACE_OUTER_BOUND ( 'NONE', #7836, .T. );
#7454=VERTEX_POINT ( 'NONE', #1798 );
#7455=ORIENTED_EDGE ( 'NONE', *, *, #1390, .F. );
#7456=AXIS2_PLACEMENT_3D ( 'NONE', #13267, #21, #31 );
#7457=MECHANICAL_DESIGN_GEOMETRIC_PRESENTATION_REPRESENTATION (  '', ( #11507 ), #14284 );
#7458=LINE ( 'NONE', #1219, #205 );
#7459=CARTESIAN_POINT ( 'NONE',  ( 3.995000000000001000, 0.8000000000000000400, -0.0000000000000000000 ) );
#7460=FACE_OUTER_BOUND ( 'NONE', #14053, .T. );
#7461=ADVANCED_FACE ( 'NONE', ( #13732 ), #49, .T. );
#7462=LINE ( 'NONE', #12742, #209 );
#7463=ORIENTED_EDGE ( 'NONE', *, *, #4670, .F. );
#7464=EDGE_CURVE ( 'NONE', #3792, #7697, #162, .T. );
#7465=ORIENTED_EDGE ( 'NONE', *, *, #4976, .F. );
#7466=LINE ( 'NONE', #4713, #4 );
#7467=EDGE_CURVE ( 'NONE', #4286, #13210, #9884, .T. );
#7468=ORIENTED_EDGE ( 'NONE', *, *, #7050, .F. );
#7469=MANIFOLD_SOLID_BREP ( 'Boss-Extrude6[1]', #8133 );
#7470=EDGE_LOOP ( 'NONE', ( #5448, #12317, #9606, #14512 ) );
#7471=ORIENTED_EDGE ( 'NONE', *, *, #11893, .T. );
#7472=EDGE_LOOP ( 'NONE', ( #2733, #5070, #3718, #11226, #4662, #2386 ) );
#7473=VERTEX_POINT ( 'NONE', #3834 );
#7474=VERTEX_POINT ( 'NONE', #3663 );
#7475=VERTEX_POINT ( 'NONE', #8394 );
#7476=ORIENTED_EDGE ( 'NONE', *, *, #717, .F. );
#7477=EDGE_CURVE ( 'NONE', #4437, #4137, #616, .T. );
#7478=VERTEX_POINT ( 'NONE', #2741 );
#7479=CARTESIAN_POINT ( 'NONE',  ( -8.999999999999840100, -1.006230589874914900, 10.25499999999998800 ) );
#7480=VERTEX_POINT ( 'NONE', #1384 );
#7481=EDGE_CURVE ( 'NONE', #6352, #1872, #14025, .T. );
#7482=ORIENTED_EDGE ( 'NONE', *, *, #4444, .F. );
#7483=VERTEX_POINT ( 'NONE', #2635 );
#7484=AXIS2_PLACEMENT_3D ( 'NONE', #3959, #15, #575 );
#7485=ORIENTED_EDGE ( 'NONE', *, *, #10638, .F. );
#7486=VERTEX_POINT ( 'NONE', #13488 );
#7487=ORIENTED_EDGE ( 'NONE', *, *, #8487, .F. );
#7488=LINE ( 'NONE', #12804, #205 );
#7489=ADVANCED_FACE ( 'NONE', ( #10832 ), #3893, .F. );
#7490=FACE_OUTER_BOUND ( 'NONE', #8529, .T. );
#7491=ADVANCED_FACE ( 'NONE', ( #9556 ), #12600, .F. );
#7492=VERTEX_POINT ( 'NONE', #925 );
#7493=EDGE_LOOP ( 'NONE', ( #10578, #6660, #4492, #2586, #4173, #7394 ) );
#7494=VERTEX_POINT ( 'NONE', #11485 );
#7495=PRODUCT_DEFINITION ( 'UNKNOWN', '', #1300, #8887 );
#7496=EDGE_CURVE ( 'NONE', #12111, #5021, #11489, .T. );
#7497=ORIENTED_EDGE ( 'NONE', *, *, #9318, .T. );
#7498=EDGE_CURVE ( 'NONE', #5124, #10821, #13150, .T. );
#7499=CARTESIAN_POINT ( 'NONE',  ( 9.000000000000024900, 0.0000000000000000000, -2.445000000000066500 ) );
#7500=EDGE_CURVE ( 'NONE', #3035, #354, #12850, .T. );
#7501=EDGE_CURVE ( 'NONE', #5863, #5152, #8045, .T. );
#7502=ADVANCED_FACE ( 'NONE', ( #10671 ), #4839, .F. );
#7503=PLANE ( 'NONE',  #5939 );
#7504=ORIENTED_EDGE ( 'NONE', *, *, #12536, .T. );
#7505=ADVANCED_FACE ( 'NONE', ( #13302 ), #1683, .F. );
#7506=CARTESIAN_POINT ( 'NONE',  ( 3.450000000000001500, 0.8000000000000000400, 12.74999999999999800 ) );
#7507=ORIENTED_EDGE ( 'NONE', *, *, #3826, .T. );
#7508=CLOSED_SHELL ( 'NONE', ( #13528, #13243, #9547, #14495, #12720, #13961, #13159, #13387, #11564, #7945 ) );
#7509=EDGE_LOOP ( 'NONE', ( #9905, #5269, #4735, #12860, #3851, #4061 ) );
#7510=ORIENTED_EDGE ( 'NONE', *, *, #4567, .F. );
#7511=ORIENTED_EDGE ( 'NONE', *, *, #124, .T. );
#7512=ORIENTED_EDGE ( 'NONE', *, *, #4958, .F. );
#7513=ORIENTED_EDGE ( 'NONE', *, *, #6131, .F. );
#7514=PLANE ( 'NONE',  #9715 );
#7515=CARTESIAN_POINT ( 'NONE',  ( 9.000000000000119000, -1.006230589874914900, 6.444999999999717800 ) );
#7516=EDGE_CURVE ( 'NONE', #8002, #1772, #7293, .T. );
#7517=CARTESIAN_POINT ( 'NONE',  ( 7.800000000000000700, 30.15163842104813000, -5.629289321881345600 ) );
#7518=ORIENTED_EDGE ( 'NONE', *, *, #5652, .T. );
#7519=EDGE_CURVE ( 'NONE', #10888, #5256, #8705, .T. );
#7520=LINE ( 'NONE', #8873, #1598 );
#7521=ORIENTED_EDGE ( 'NONE', *, *, #7212, .T. );
#7522=ORIENTED_EDGE ( 'NONE', *, *, #8723, .F. );
#7523=EDGE_CURVE ( 'NONE', #243, #371, #3483, .T. );
#7524=ADVANCED_FACE ( 'NONE', ( #10343 ), #275, .F. );
#7525=AXIS2_PLACEMENT_3D ( 'NONE', #8, #575, #19 );
#7526=VERTEX_POINT ( 'NONE', #3860 );
#7527=EDGE_LOOP ( 'NONE', ( #2570, #6934, #13238, #9382 ) );
#7528=VERTEX_POINT ( 'NONE', #2107 );
#7529=LINE ( 'NONE', #80, #1671 );
#7530=CARTESIAN_POINT ( 'NONE',  ( 0.0000000000000000000, 3.250000000000000000, 0.0000000000000000000 ) );
#7531=ORIENTED_EDGE ( 'NONE', *, *, #13338, .T. );
#7532=PLANE ( 'NONE',  #342 );
#7533=VERTEX_POINT ( 'NONE', #7661 );
#7534=LINE ( 'NONE', #3195, #209 );
#7535=LINE ( 'NONE', #10996, #36 );
#7536=ORIENTED_EDGE ( 'NONE', *, *, #8249, .F. );
#7537=ORIENTED_EDGE ( 'NONE', *, *, #3819, .T. );
#7538=EDGE_CURVE ( 'NONE', #13909, #9195, #9376, .T. );
#7539=ORIENTED_EDGE ( 'NONE', *, *, #4161, .T. );
#7540=ORIENTED_EDGE ( 'NONE', *, *, #6820, .F. );
#7541=EDGE_CURVE ( 'NONE', #10873, #2935, #5345, .T. );
#7542=EDGE_CURVE ( 'NONE', #1771, #14084, #4820, .T. );
#7543=ORIENTED_EDGE ( 'NONE', *, *, #10564, .F. );
#7544=VERTEX_POINT ( 'NONE', #12633 );
#7545=ORIENTED_EDGE ( 'NONE', *, *, #1355, .T. );
#7546=LINE ( 'NONE', #11581, #4 );
#7547=FACE_OUTER_BOUND ( 'NONE', #12555, .T. );
#7548=EDGE_CURVE ( 'NONE', #10551, #8356, #6453, .T. );
#7549=VERTEX_POINT ( 'NONE', #3676 );
#7550=EDGE_LOOP ( 'NONE', ( #11318, #10495, #12048, #1360 ) );
#7551=ORIENTED_EDGE ( 'NONE', *, *, #8395, .T. );
#7552=LINE ( 'NONE', #10171, #209 );
#7553=FACE_OUTER_BOUND ( 'NONE', #13635, .T. );
#7554=ORIENTED_EDGE ( 'NONE', *, *, #13845, .T. );
#7555=ORIENTED_EDGE ( 'NONE', *, *, #5869, .T. );
#7556=EDGE_LOOP ( 'NONE', ( #2643, #1058, #11318, #686 ) );
#7557=EDGE_CURVE ( 'NONE', #9322, #12348, #2880, .T. );
#7558=ADVANCED_FACE ( 'NONE', ( #11945 ), #7448, .F. );
#7559=LINE ( 'NONE', #7838, #184 );
#7560=LINE ( 'NONE', #4573, #36 );
#7561=VERTEX_POINT ( 'NONE', #317 );
#7562=EDGE_CURVE ( 'NONE', #905, #73, #961, .T. );
#7563=CARTESIAN_POINT ( 'NONE',  ( 9.000000000000000000, -1.006230589874914900, -4.810000000000004100 ) );
#7564=EDGE_CURVE ( 'NONE', #6309, #8318, #2484, .T. );
#7565=CARTESIAN_POINT ( 'NONE',  ( -8.999999999999934300, -1.006230589874914900, 0.0000000000000000000 ) );
#7566=VERTEX_POINT ( 'NONE', #10003 );
#7567=PRESENTATION_LAYER_ASSIGNMENT (  '', '', ( #11107 ) );
#7568=ORIENTED_EDGE ( 'NONE', *, *, #5701, .F. );
#7569=ORIENTED_EDGE ( 'NONE', *, *, #4791, .F. );
#7570=LINE ( 'NONE', #3754, #205 );
#7571=CARTESIAN_POINT ( 'NONE',  ( 7.749200000000000100, 3.250000000000000000, 11.42928932188134200 ) );
#7572=AXIS2_PLACEMENT_3D ( 'NONE', #865, #6531, #13449 );
#7573=FACE_OUTER_BOUND ( 'NONE', #4694, .T. );
#7574=ORIENTED_EDGE ( 'NONE', *, *, #8972, .T. );
#7575=CARTESIAN_POINT ( 'NONE',  ( 0.0000000000000000000, -1.006230589874914900, -0.6300000000000073300 ) );
#7576=EDGE_LOOP ( 'NONE', ( #8354, #9031, #5691, #5184 ) );
#7577=FACE_OUTER_BOUND ( 'NONE', #13526, .T. );
#7578=LINE ( 'NONE', #1018, #36 );
#7579=ORIENTED_EDGE ( 'NONE', *, *, #2044, .T. );
#7580=ADVANCED_FACE ( 'NONE', ( #8221 ), #6784, .T. );
#7581=ORIENTED_EDGE ( 'NONE', *, *, #9508, .T. );
#7582=ORIENTED_EDGE ( 'NONE', *, *, #4308, .F. );
#7583=FACE_OUTER_BOUND ( 'NONE', #8588, .T. );
#7584=CARTESIAN_POINT ( 'NONE',  ( -5.714999999999999000, -1.006230589874914900, 12.74999999999999800 ) );
#7585=EDGE_LOOP ( 'NONE', ( #10983, #11328, #12072, #356 ) );
#7586=EDGE_CURVE ( 'NONE', #10006, #5228, #961, .T. );
#7587=CARTESIAN_POINT ( 'NONE',  ( 0.0000000000000000000, 0.0000000000000000000, 10.42999999999999600 ) );
#7588=FACE_OUTER_BOUND ( 'NONE', #11025, .T. );
#7589=EDGE_CURVE ( 'NONE', #13091, #14133, #9218, .T. );
#7590=ORIENTED_EDGE ( 'NONE', *, *, #14219, .T. );
#7591=ORIENTED_EDGE ( 'NONE', *, *, #5378, .F. );
#7592=ORIENTED_EDGE ( 'NONE', *, *, #1196, .F. );
#7593=LINE ( 'NONE', #4652, #301 );
#7594=ORIENTED_EDGE ( 'NONE', *, *, #2234, .T. );
#7595=ORIENTED_EDGE ( 'NONE', *, *, #826, .F. );
#7596=EDGE_CURVE ( 'NONE', #8480, #1602, #3082, .T. );
#7597=STYLED_ITEM ( 'NONE', ( #77 ), #11369 );
#7598=EDGE_LOOP ( 'NONE', ( #14237, #4239, #9816, #3700, #4529, #5537, #265, #10196, #10875, #13682, #6365, #5230 ) );
#7599=LINE ( 'NONE', #1157, #493 );
#7600=ORIENTED_EDGE ( 'NONE', *, *, #14487, .F. );
#7601=ORIENTED_EDGE ( 'NONE', *, *, #10962, .T. );
#7602=ADVANCED_FACE ( 'NONE', ( #14169 ), #13, .T. );
#7603=LINE ( 'NONE', #942, #45 );
#7604=ORIENTED_EDGE ( 'NONE', *, *, #10437, .F. );
#7605=PLANE ( 'NONE',  #12945 );
#7606=FACE_OUTER_BOUND ( 'NONE', #4324, .T. );
#7607=ORIENTED_EDGE ( 'NONE', *, *, #4161, .F. );
#7608=LINE ( 'NONE', #226, #209 );
#7609=ORIENTED_EDGE ( 'NONE', *, *, #13200, .F. );
#7610=ORIENTED_EDGE ( 'NONE', *, *, #4585, .F. );
#7611=LINE ( 'NONE', #7817, #45 );
#7612=ORIENTED_EDGE ( 'NONE', *, *, #8580, .T. );
#7613=ORIENTED_EDGE ( 'NONE', *, *, #6602, .T. );
#7614=EDGE_CURVE ( 'NONE', #6985, #581, #3669, .T. );
#7615=EDGE_CURVE ( 'NONE', #3310, #14397, #9042, .T. );
#7616=EDGE_CURVE ( 'NONE', #4052, #10683, #2084, .T. );
#7617=PRESENTATION_LAYER_ASSIGNMENT (  '', '', ( #4521 ) );
#7618=ORIENTED_EDGE ( 'NONE', *, *, #4094, .T. );
#7619=PLANE ( 'NONE',  #7829 );
#7620=LINE ( 'NONE', #3199, #493 );
#7621=LINE ( 'NONE', #333, #110 );
#7622=CARTESIAN_POINT ( 'NONE',  ( 9.000000000000039100, 0.8000000000000000400, -1.175000000000097300 ) );
#7623=AXIS2_PLACEMENT_3D ( 'NONE', #1578, #10764, #3971 );
#7624=PLANE ( 'NONE',  #9779 );
#7625=VERTEX_POINT ( 'NONE', #290 );
#7626=PLANE ( 'NONE',  #13815 );
#7627=FACE_BOUND ( 'NONE', #3559, .T. );
#7628=LINE ( 'NONE', #4825, #10 );
#7629=EDGE_LOOP ( 'NONE', ( #11494, #1548, #1574, #14306, #6164, #4648 ) );
#7630=ORIENTED_EDGE ( 'NONE', *, *, #10614, .F. );
#7631=EDGE_CURVE ( 'NONE', #2501, #7909, #4450, .T. );
#7632=DIRECTION ( 'NONE',  ( 9.637352644315579400E-015, 0.0000000000000000000, -1.000000000000000000 ) );
#7633=ORIENTED_EDGE ( 'NONE', *, *, #11556, .T. );
#7634=ORIENTED_EDGE ( 'NONE', *, *, #4378, .T. );
#7635=EDGE_CURVE ( 'NONE', #8188, #10743, #4982, .T. );
#7636=PLANE ( 'NONE',  #12702 );
#7637=EDGE_CURVE ( 'NONE', #3808, #864, #5531, .T. );
#7638=AXIS2_PLACEMENT_3D ( 'NONE', #9815, #62, #15 );
#7639=EDGE_LOOP ( 'NONE', ( #4588, #13712, #1662, #762 ) );
#7640=ADVANCED_FACE ( 'NONE', ( #12686 ), #233, .T. );
#7641=ORIENTED_EDGE ( 'NONE', *, *, #6637, .T. );
#7642=EDGE_CURVE ( 'NONE', #4714, #5064, #8561, .T. );
#7643=ORIENTED_EDGE ( 'NONE', *, *, #9345, .F. );
#7644=EDGE_LOOP ( 'NONE', ( #7859, #10499, #13010, #5437 ) );
#7645=LINE ( 'NONE', #2288, #209 );
#7646=LINE ( 'NONE', #310, #10 );
#7647=CARTESIAN_POINT ( 'NONE',  ( 9.000000000000119000, -1.006230589874914900, 0.0000000000000000000 ) );
#7648=ORIENTED_EDGE ( 'NONE', *, *, #13907, .T. );
#7649=MANIFOLD_SOLID_BREP ( 'Boss-Extrude5[38]', #10316 );
#7650=ORIENTED_EDGE ( 'NONE', *, *, #1997, .T. );
#7651=ORIENTED_EDGE ( 'NONE', *, *, #12649, .T. );
#7652=LINE ( 'NONE', #2227, #10 );
#7653=EDGE_CURVE ( 'NONE', #7181, #792, #2674, .T. );
#7654=ADVANCED_FACE ( 'NONE', ( #5890 ), #49, .T. );
#7655=ORIENTED_EDGE ( 'NONE', *, *, #9685, .F. );
#7656=EDGE_LOOP ( 'NONE', ( #5752, #8525, #9150, #12349, #4277, #2074 ) );
#7657=LINE ( 'NONE', #6114, #205 );
#7658=EDGE_CURVE ( 'NONE', #12111, #8403, #1059, .T. );
#7659=CARTESIAN_POINT ( 'NONE',  ( 8.550000000000169500, 0.05000000000000000300, 3.179999999999995300 ) );
#7660=AXIS2_PLACEMENT_3D ( 'NONE', #5219, #74, #12725 );
#7661=CARTESIAN_POINT ( 'NONE',  ( -8.999999999999840100, 0.0000000000000000000, 10.25499999999998800 ) );
#7662=ORIENTED_EDGE ( 'NONE', *, *, #9573, .T. );
#7663=FACE_OUTER_BOUND ( 'NONE', #6964, .T. );
#7664=LINE ( 'NONE', #14153, #36 );
#7665=VERTEX_POINT ( 'NONE', #10809 );
#7666=ADVANCED_FACE ( 'NONE', ( #2279 ), #8339, .F. );
#7667=FACE_OUTER_BOUND ( 'NONE', #4377, .T. );
#7668=EDGE_CURVE ( 'NONE', #3444, #709, #370, .T. );
#7669=FACE_OUTER_BOUND ( 'NONE', #5123, .T. );
#7670=EDGE_CURVE ( 'NONE', #10920, #2281, #4804, .T. );
#7671=ORIENTED_EDGE ( 'NONE', *, *, #11721, .T. );
#7672=EDGE_CURVE ( 'NONE', #11123, #9539, #1875, .T. );
#7673=CARTESIAN_POINT ( 'NONE',  ( 0.0000000000000000000, 0.8000000000000000400, -2.270000000000003600 ) );
#7674=ORIENTED_EDGE ( 'NONE', *, *, #10897, .F. );
#7675=CARTESIAN_POINT ( 'NONE',  ( 9.000000000000012400, 0.0000000000000000000, -4.265000000000035200 ) );
#7676=LINE ( 'NONE', #11682, #36 );
#7677=FACE_OUTER_BOUND ( 'NONE', #5949, .T. );
#7678=AXIS2_PLACEMENT_3D ( 'NONE', #10868, #250, #31 );
#7679=ORIENTED_EDGE ( 'NONE', *, *, #4925, .F. );
#7680=CARTESIAN_POINT ( 'NONE',  ( 8.550000000000132200, 0.0000000000000000000, 6.989999999999996700 ) );
#7681=ORIENTED_EDGE ( 'NONE', *, *, #14510, .F. );
#7682=ORIENTED_EDGE ( 'NONE', *, *, #4834, .F. );
#7683=ORIENTED_EDGE ( 'NONE', *, *, #7016, .T. );
#7684=LINE ( 'NONE', #603, #205 );
#7685=FACE_OUTER_BOUND ( 'NONE', #5987, .T. );
#7686=ORIENTED_EDGE ( 'NONE', *, *, #6806, .T. );
#7687=PLANE ( 'NONE',  #11267 );
#7688=ORIENTED_EDGE ( 'NONE', *, *, #7696, .F. );
#7689=ORIENTED_EDGE ( 'NONE', *, *, #14326, .T. );
#7690=EDGE_CURVE ( 'NONE', #2322, #410, #3653, .T. );
#7691=CARTESIAN_POINT ( 'NONE',  ( 9.000000000000030200, 0.0000000000000000000, 3.629999999999779200 ) );
#7692=LINE ( 'NONE', #3268, #205 );
#7693=EDGE_CURVE ( 'NONE', #12674, #12099, #8854, .T. );
#7694=ORIENTED_EDGE ( 'NONE', *, *, #3279, .F. );
#7695=EDGE_LOOP ( 'NONE', ( #7607, #3365, #4256, #2394 ) );
#7696=EDGE_CURVE ( 'NONE', #13909, #12905, #2013, .T. );
#7697=VERTEX_POINT ( 'NONE', #9266 );
#7698=DIRECTION ( 'NONE',  ( -1.000000000000000000, 0.0000000000000000000, -8.432683563776133300E-015 ) );
#7699=LINE ( 'NONE', #1651, #45 );
#7700=ORIENTED_EDGE ( 'NONE', *, *, #11414, .T. );
#7701=ORIENTED_EDGE ( 'NONE', *, *, #12651, .T. );
#7702=CIRCLE ( 'NONE', #4189, 0.2750000000000000800 );
#7703=LINE ( 'NONE', #2560, #205 );
#7704=EDGE_LOOP ( 'NONE', ( #7162, #11045, #6187, #5088 ) );
#7705=ORIENTED_EDGE ( 'NONE', *, *, #7710, .T. );
#7706=EDGE_LOOP ( 'NONE', ( #12144, #11236, #5423, #796 ) );
#7707=ORIENTED_EDGE ( 'NONE', *, *, #7736, .T. );
#7708=CARTESIAN_POINT ( 'NONE',  ( 0.0000000000000000000, -1.006230589874914900, 3.179999999999989900 ) );
#7709=CARTESIAN_POINT ( 'NONE',  ( 0.0000000000000000000, 0.8000000000000000400, -0.6300000000000046700 ) );
#7710=EDGE_CURVE ( 'NONE', #2304, #901, #11934, .T. );
#7711=EDGE_CURVE ( 'NONE', #12061, #3792, #9207, .T. );
#7712=EDGE_CURVE ( 'NONE', #3128, #553, #1494, .T. );
#7713=( GEOMETRIC_REPRESENTATION_CONTEXT ( 3 ) GLOBAL_UNCERTAINTY_ASSIGNED_CONTEXT ( ( #178 ) ) GLOBAL_UNIT_ASSIGNED_CONTEXT ( ( #7, #195, #16 ) ) REPRESENTATION_CONTEXT ( 'NONE', 'WORKASPACE' ) );
#7714=LINE ( 'NONE', #5798, #36 );
#7715=VERTEX_POINT ( 'NONE', #2357 );
#7716=FACE_OUTER_BOUND ( 'NONE', #14142, .T. );
#7717=EDGE_LOOP ( 'NONE', ( #10644, #10069, #3968, #10067 ) );
#7718=VERTEX_POINT ( 'NONE', #10392 );
#7719=ADVANCED_FACE ( 'NONE', ( #6442 ), #12078, .F. );
#7720=VERTEX_POINT ( 'NONE', #2560 );
#7721=CARTESIAN_POINT ( 'NONE',  ( 9.000000000000000000, 0.8000000000000000400, -4.985000000000003900 ) );
#7722=ORIENTED_EDGE ( 'NONE', *, *, #124, .F. );
#7723=ADVANCED_FACE ( 'NONE', ( #12676 ), #10917, .T. );
#7724=PRESENTATION_STYLE_ASSIGNMENT (( #1087 ) );
#7725=VERTEX_POINT ( 'NONE', #1515 );
#7726=CARTESIAN_POINT ( 'NONE',  ( 0.3499999999999989800, 0.0000000000000000000, 2.910000000000017500 ) );
#7727=ORIENTED_EDGE ( 'NONE', *, *, #10317, .F. );
#7728=CARTESIAN_POINT ( 'NONE',  ( -8.550000000000043300, 0.05000000000000000300, 6.989999999999996700 ) );
#7729=DIRECTION ( 'NONE',  ( 1.000000000000000000, 0.0000000000000000000, 3.854941057726233200E-015 ) );
#7730=ORIENTED_EDGE ( 'NONE', *, *, #4572, .F. );
#7731=LINE ( 'NONE', #5022, #8252 );
#7732=ORIENTED_EDGE ( 'NONE', *, *, #3031, .T. );
#7733=VERTEX_POINT ( 'NONE', #2512 );
#7734=EDGE_CURVE ( 'NONE', #12143, #7492, #3472, .T. );
#7735=CARTESIAN_POINT ( 'NONE',  ( -7.529289321881346800, 0.8000000000000056000, -5.700000000000004600 ) );
#7736=EDGE_CURVE ( 'NONE', #3937, #14186, #1847, .T. );
#7737=ORIENTED_EDGE ( 'NONE', *, *, #9224, .T. );
#7738=ORIENTED_EDGE ( 'NONE', *, *, #819, .T. );
#7739=PLANE ( 'NONE',  #3648 );
#7740=ADVANCED_FACE ( 'NONE', ( #6268 ), #13565, .T. );
#7741=EDGE_CURVE ( 'NONE', #9044, #8964, #11307, .T. );
#7742=FACE_OUTER_BOUND ( 'NONE', #5688, .T. );
#7743=ORIENTED_EDGE ( 'NONE', *, *, #8416, .F. );
#7744=PLANE ( 'NONE',  #3694 );
#7745=AXIS2_PLACEMENT_3D ( 'NONE', #5054, #234, #885 );
#7746=ORIENTED_EDGE ( 'NONE', *, *, #11248, .T. );
#7747=FACE_OUTER_BOUND ( 'NONE', #8732, .T. );
#7748=VERTEX_POINT ( 'NONE', #1425 );
#7749=EDGE_LOOP ( 'NONE', ( #3710, #8696, #7487, #7330, #2886, #14205 ) );
#7750=EDGE_LOOP ( 'NONE', ( #14074, #5513, #8199, #14141, #4015, #9171 ) );
#7751=LINE ( 'NONE', #1057, #110 );
#7752=EDGE_CURVE ( 'NONE', #5064, #5063, #10496, .T. );
#7753=LINE ( 'NONE', #528, #10 );
#7754=EDGE_CURVE ( 'NONE', #5435, #11743, #3070, .T. );
#7755=ORIENTED_EDGE ( 'NONE', *, *, #13200, .T. );
#7756=EDGE_CURVE ( 'NONE', #7958, #6646, #14432, .T. );
#7757=ADVANCED_FACE ( 'NONE', ( #10975 ), #4938, .F. );
#7758=ORIENTED_EDGE ( 'NONE', *, *, #2719, .T. );
#7759=LINE ( 'NONE', #6969, #577 );
#7760=ORIENTED_EDGE ( 'NONE', *, *, #13148, .T. );
#7761=CLOSED_SHELL ( 'NONE', ( #6768, #4928, #9072, #432, #14130, #9695, #14416, #11504, #5037, #10096 ) );
#7762=ORIENTED_EDGE ( 'NONE', *, *, #14151, .F. );
#7763=MECHANICAL_DESIGN_GEOMETRIC_PRESENTATION_REPRESENTATION (  '', ( #5726 ), #7221 );
#7764=ORIENTED_EDGE ( 'NONE', *, *, #1841, .T. );
#7765=AXIS2_PLACEMENT_3D ( 'NONE', #744, #3531, #780 );
#7766=ORIENTED_EDGE ( 'NONE', *, *, #1673, .T. );
#7767=ORIENTED_EDGE ( 'NONE', *, *, #5376, .F. );
#7768=ORIENTED_EDGE ( 'NONE', *, *, #13397, .T. );
#7769=ORIENTED_EDGE ( 'NONE', *, *, #8460, .T. );
#7770=CARTESIAN_POINT ( 'NONE',  ( -8.999999999999893400, -1.006230589874914900, 5.349999999999997000 ) );
#7771=CARTESIAN_POINT ( 'NONE',  ( -8.549999999999892400, 0.8000000000000000400, 0.0000000000000000000 ) );
#7772=VERTEX_POINT ( 'NONE', #8381 );
#7773=ORIENTED_EDGE ( 'NONE', *, *, #8642, .F. );
#7774=CIRCLE ( 'NONE', #7921, 0.2750000000000000800 );
#7775=MECHANICAL_DESIGN_GEOMETRIC_PRESENTATION_REPRESENTATION (  '', ( #10594 ), #7972 );
#7776=VERTEX_POINT ( 'NONE', #11636 );
#7777=EDGE_CURVE ( 'NONE', #10610, #8874, #7352, .T. );
#7778=FACE_OUTER_BOUND ( 'NONE', #2681, .T. );
#7779=EDGE_CURVE ( 'NONE', #14082, #4543, #12545, .T. );
#7780=ADVANCED_FACE ( 'NONE', ( #7164 ), #10478, .F. );
#7781=EDGE_CURVE ( 'NONE', #1609, #7086, #10333, .T. );
#7782=AXIS2_PLACEMENT_3D ( 'NONE', #9113, #214, #15 );
#7783=VECTOR ( 'NONE', #1859, 1000.000000000000000 );
#7784=CARTESIAN_POINT ( 'NONE',  ( -8.150000000000044800, 0.0000000000000000000, 6.989999999999996700 ) );
#7785=FACE_OUTER_BOUND ( 'NONE', #10001, .T. );
#7786=CARTESIAN_POINT ( 'NONE',  ( 9.000000000000079900, 0.0000000000000000000, 2.084999999999810300 ) );
#7787=VERTEX_POINT ( 'NONE', #3822 );
#7788=CARTESIAN_POINT ( 'NONE',  ( -8.999999999999920100, 0.0000000000000000000, 1.909999999999991500 ) );
#7789=LINE ( 'NONE', #5213, #229 );
#7790=CARTESIAN_POINT ( 'NONE',  ( 8.550000000000093100, 0.8000000000000000400, 3.179999999999995300 ) );
#7791=ADVANCED_FACE ( 'NONE', ( #583 ), #11522, .F. );
#7792=VERTEX_POINT ( 'NONE', #3570 );
#7793=ADVANCED_FACE ( 'NONE', ( #4051 ), #49, .F. );
#7794=EDGE_CURVE ( 'NONE', #9671, #11039, #1568, .T. );
#7795=EDGE_CURVE ( 'NONE', #6543, #13673, #12381, .T. );
#7796=CYLINDRICAL_SURFACE ( 'NONE', #10185, 0.2749999999999996300 );
#7797=EDGE_CURVE ( 'NONE', #2618, #4160, #115, .T. );
#7798=AXIS2_PLACEMENT_3D ( 'NONE', #4188, #95, #31 );
#7799=EDGE_CURVE ( 'NONE', #5017, #1459, #809, .T. );
#7800=CARTESIAN_POINT ( 'NONE',  ( 9.000000000000092400, 0.0000000000000000000, 3.904999999999779100 ) );
#7801=PRESENTATION_LAYER_ASSIGNMENT (  '', '', ( #1681 ) );
#7802=ORIENTED_EDGE ( 'NONE', *, *, #11524, .F. );
#7803=CARTESIAN_POINT ( 'NONE',  ( 9.000000000000119000, -1.006230589874914900, 6.619999999999996600 ) );
#7804=VERTEX_POINT ( 'NONE', #11788 );
#7805=FACE_OUTER_BOUND ( 'NONE', #7280, .T. );
#7806=ORIENTED_EDGE ( 'NONE', *, *, #13104, .T. );
#7807=PLANE ( 'NONE',  #14023 );
#7808=LINE ( 'NONE', #772, #4 );
#7809=ADVANCED_FACE ( 'NONE', ( #2661 ), #685, .T. );
#7810=ORIENTED_EDGE ( 'NONE', *, *, #7281, .F. );
#7811=LINE ( 'NONE', #1700, #10 );
#7812=ORIENTED_EDGE ( 'NONE', *, *, #12355, .T. );
#7813=EDGE_CURVE ( 'NONE', #3673, #4137, #10639, .T. );
#7814=VERTEX_POINT ( 'NONE', #261 );
#7815=LINE ( 'NONE', #392, #209 );
#7816=EDGE_CURVE ( 'NONE', #6541, #8412, #13999, .T. );
#7817=CARTESIAN_POINT ( 'NONE',  ( 6.799999999999998900, 0.8000000000000000400, -6.750000000000000900 ) );
#7818=EDGE_CURVE ( 'NONE', #9425, #709, #5687, .T. );
#7819=EDGE_LOOP ( 'NONE', ( #4745, #12259, #2326, #11295 ) );
#7820=AXIS2_PLACEMENT_3D ( 'NONE', #4060, #2403, #1169 );
#7821=ORIENTED_EDGE ( 'NONE', *, *, #4924, .T. );
#7822=PLANE ( 'NONE',  #9060 );
#7823=LINE ( 'NONE', #845, #209 );
#7824=EDGE_CURVE ( 'NONE', #4052, #10683, #6982, .T. );
#7825=VERTEX_POINT ( 'NONE', #5239 );
#7826=MANIFOLD_SOLID_BREP ( 'Boss-Extrude5[29]', #4754 );
#7827=ORIENTED_EDGE ( 'NONE', *, *, #11251, .T. );
#7828=EDGE_LOOP ( 'NONE', ( #11289, #6350, #11918, #13417, #13180, #320 ) );
#7829=AXIS2_PLACEMENT_3D ( 'NONE', #120, #4360, #6502 );
#7830=ADVANCED_FACE ( 'NONE', ( #1669 ), #7605, .F. );
#7831=LINE ( 'NONE', #82, #36 );
#7832=ORIENTED_EDGE ( 'NONE', *, *, #6956, .T. );
#7833=ORIENTED_EDGE ( 'NONE', *, *, #5425, .T. );
#7834=CARTESIAN_POINT ( 'NONE',  ( 0.6350000000000010100, 0.8000000000000000400, 12.74999999999999800 ) );
#7835=ORIENTED_EDGE ( 'NONE', *, *, #1332, .T. );
#7836=EDGE_LOOP ( 'NONE', ( #7746, #13481, #10798, #10808 ) );
#7837=FACE_OUTER_BOUND ( 'NONE', #10303, .T. );
#7838=CARTESIAN_POINT ( 'NONE',  ( -8.999999999999825900, 0.0000000000000000000, 0.0000000000000000000 ) );
#7839=FACE_OUTER_BOUND ( 'NONE', #1876, .T. );
#7840=CARTESIAN_POINT ( 'NONE',  ( -0.5500000000000018200, 0.0000000000000000000, 0.6100000000000107600 ) );
#7841=CARTESIAN_POINT ( 'NONE',  ( 4.720000000000000600, 0.8000000000000000400, 12.74999999999999800 ) );
#7842=EDGE_CURVE ( 'NONE', #4141, #2369, #4535, .T. );
#7843=ORIENTED_EDGE ( 'NONE', *, *, #12814, .F. );
#7844=EDGE_CURVE ( 'NONE', #13760, #3310, #7676, .T. );
#7845=LINE ( 'NONE', #2255, #416 );
#7846=ORIENTED_EDGE ( 'NONE', *, *, #10505, .F. );
#7847=PRESENTATION_LAYER_ASSIGNMENT (  '', '', ( #6130 ) );
#7848=ORIENTED_EDGE ( 'NONE', *, *, #5375, .F. );
#7849=ORIENTED_EDGE ( 'NONE', *, *, #14384, .T. );
#7850=CARTESIAN_POINT ( 'NONE',  ( 9.000000000000044400, 0.8000000000000000400, 7.439999999999996800 ) );
#7851=ORIENTED_EDGE ( 'NONE', *, *, #10776, .T. );
#7852=PLANE ( 'NONE',  #797 );
#7853=PLANE ( 'NONE',  #4226 );
#7854=LINE ( 'NONE', #3264, #184 );
#7855=LINE ( 'NONE', #728, #4799 );
#7856=CARTESIAN_POINT ( 'NONE',  ( -2.354999999999999500, 0.0000000000000000000, 0.0000000000000000000 ) );
#7857=CARTESIAN_POINT ( 'NONE',  ( -5.999999999999999100, 3.250000000000000000, 9.999999999999998200 ) );
#7858=ORIENTED_EDGE ( 'NONE', *, *, #5479, .F. );
#7859=ORIENTED_EDGE ( 'NONE', *, *, #13693, .F. );
#7860=EDGE_LOOP ( 'NONE', ( #3381, #11760, #10432, #567 ) );
#7861=FACE_OUTER_BOUND ( 'NONE', #2753, .T. );
#7862=ORIENTED_EDGE ( 'NONE', *, *, #13731, .T. );
#7863=PLANE ( 'NONE',  #13624 );
#7864=LINE ( 'NONE', #2265, #205 );
#7865=ORIENTED_EDGE ( 'NONE', *, *, #1275, .T. );
#7866=ORIENTED_EDGE ( 'NONE', *, *, #14437, .T. );
#7867=STYLED_ITEM ( 'NONE', ( #77 ), #14492 );
#7868=ORIENTED_EDGE ( 'NONE', *, *, #12028, .T. );
#7869=EDGE_CURVE ( 'NONE', #1135, #7356, #1231, .T. );
#7870=ORIENTED_EDGE ( 'NONE', *, *, #5843, .T. );
#7871=EDGE_CURVE ( 'NONE', #4591, #4438, #13555, .T. );
#7872=ADVANCED_FACE ( 'NONE', ( #13706 ), #49, .T. );
#7873=EDGE_CURVE ( 'NONE', #2369, #9007, #10965, .T. );
#7874=MECHANICAL_DESIGN_GEOMETRIC_PRESENTATION_REPRESENTATION (  '', ( #1656 ), #5756 );
#7875=ADVANCED_FACE ( 'NONE', ( #6251 ), #8966, .F. );
#7876=CARTESIAN_POINT ( 'NONE',  ( -7.529289321881346800, 2.999200000000000500, 11.49999999999999600 ) );
#7877=CARTESIAN_POINT ( 'NONE',  ( -7.434999999999999600, -1.006230589874914900, 12.74999999999999800 ) );
#7878=MANIFOLD_SOLID_BREP ( 'Boss-Extrude5[12]', #12164 );
#7879=EDGE_LOOP ( 'NONE', ( #7858, #4080, #113, #1144 ) );
#7880=VERTEX_POINT ( 'NONE', #129 );
#7881=CARTESIAN_POINT ( 'NONE',  ( -8.999999999999865000, 0.0000000000000000000, 7.164999999999990300 ) );
#7882=EDGE_LOOP ( 'NONE', ( #4241, #10055, #5590, #2965 ) );
#7883=ORIENTED_EDGE ( 'NONE', *, *, #13987, .F. );
#7884=ORIENTED_EDGE ( 'NONE', *, *, #10782, .T. );
#7885=ORIENTED_EDGE ( 'NONE', *, *, #1127, .F. );
#7886=LINE ( 'NONE', #2362, #3063 );
#7887=EDGE_LOOP ( 'NONE', ( #10664, #12486, #12551, #3560 ) );
#7888=CARTESIAN_POINT ( 'NONE',  ( -0.3599999999999988800, 0.0000000000000000000, 12.74999999999999800 ) );
#7889=EDGE_CURVE ( 'NONE', #4873, #3960, #521, .T. );
#7890=EDGE_CURVE ( 'NONE', #8188, #10743, #3459, .T. );
#7891=ORIENTED_EDGE ( 'NONE', *, *, #419, .T. );
#7892=CARTESIAN_POINT ( 'NONE',  ( 6.535000000000001900, -1.006230589874914900, 12.29999999999999700 ) );
#7893=EDGE_CURVE ( 'NONE', #8835, #5681, #11921, .T. );
#7894=ADVANCED_FACE ( 'NONE', ( #11609 ), #49, .T. );
#7895=ORIENTED_EDGE ( 'NONE', *, *, #8772, .F. );
#7896=ORIENTED_EDGE ( 'NONE', *, *, #5807, .T. );
#7897=EDGE_CURVE ( 'NONE', #6826, #1695, #14144, .T. );
#7898=FACE_OUTER_BOUND ( 'NONE', #12292, .T. );
#7899=ORIENTED_EDGE ( 'NONE', *, *, #1531, .F. );
#7900=ORIENTED_EDGE ( 'NONE', *, *, #604, .F. );
#7901=CARTESIAN_POINT ( 'NONE',  ( 9.000000000000024900, 0.8000000000000000400, -0.0000000000000000000 ) );
#7902=DIRECTION ( 'NONE',  ( -8.673617379884021300E-015, 0.0000000000000000000, 1.000000000000000000 ) );
#7903=VERTEX_POINT ( 'NONE', #1907 );
#7904=ORIENTED_EDGE ( 'NONE', *, *, #9091, .T. );
#7905=ORIENTED_EDGE ( 'NONE', *, *, #10908, .F. );
#7906=LINE ( 'NONE', #884, #493 );
#7907=VERTEX_POINT ( 'NONE', #5624 );
#7908=LINE ( 'NONE', #12818, #209 );
#7909=VERTEX_POINT ( 'NONE', #11943 );
#7910=CARTESIAN_POINT ( 'NONE',  ( 8.550000000000064700, 0.05000000000000000300, 0.6399999999999955700 ) );
#7911=ORIENTED_EDGE ( 'NONE', *, *, #4518, .T. );
#7912=ADVANCED_FACE ( 'NONE', ( #13260 ), #685, .T. );
#7913=EDGE_CURVE ( 'NONE', #5979, #6896, #8367, .T. );
#7914=ORIENTED_EDGE ( 'NONE', *, *, #1674, .F. );
#7915=VERTEX_POINT ( 'NONE', #7840 );
#7916=EDGE_CURVE ( 'NONE', #9517, #769, #6053, .T. );
#7917=ORIENTED_EDGE ( 'NONE', *, *, #5318, .T. );
#7918=EDGE_CURVE ( 'NONE', #4269, #5786, #11711, .T. );
#7919=VERTEX_POINT ( 'NONE', #3164 );
#7920=AXIS2_PLACEMENT_3D ( 'NONE', #2221, #214, #11329 );
#7921=AXIS2_PLACEMENT_3D ( 'NONE', #9168, #21, #31 );
#7922=ORIENTED_EDGE ( 'NONE', *, *, #4027, .T. );
#7923=LINE ( 'NONE', #80, #493 );
#7924=EDGE_CURVE ( 'NONE', #13141, #3497, #3637, .T. );
#7925=ORIENTED_EDGE ( 'NONE', *, *, #7364, .F. );
#7926=CARTESIAN_POINT ( 'NONE',  ( -8.999999999999825900, 0.8000000000000000400, 10.79999999999998800 ) );
#7927=CARTESIAN_POINT ( 'NONE',  ( -8.999999999999905900, 0.8000000000000000400, 3.179999999999996200 ) );
#7928=ORIENTED_EDGE ( 'NONE', *, *, #11393, .T. );
#7929=ORIENTED_EDGE ( 'NONE', *, *, #13782, .T. );
#7930=CARTESIAN_POINT ( 'NONE',  ( 3.625000000000002200, 0.8000000000000000400, 12.29999999999999700 ) );
#7931=LINE ( 'NONE', #12895, #36 );
#7932=VERTEX_POINT ( 'NONE', #688 );
#7933=FACE_OUTER_BOUND ( 'NONE', #5207, .T. );
#7934=ORIENTED_EDGE ( 'NONE', *, *, #14412, .T. );
#7935=CARTESIAN_POINT ( 'NONE',  ( -7.529289321881346800, 3.250000000000000000, -5.629289321881345600 ) );
#7936=ORIENTED_EDGE ( 'NONE', *, *, #3335, .F. );
#7937=CARTESIAN_POINT ( 'NONE',  ( 7.749200000000001900, 3.049999999999999800, 0.0000000000000000000 ) );
#7938=EDGE_LOOP ( 'NONE', ( #6945, #11903, #11009, #9566 ) );
#7939=LINE ( 'NONE', #4965, #493 );
#7940=ORIENTED_EDGE ( 'NONE', *, *, #10973, .T. );
#7941=ADVANCED_FACE ( 'NONE', ( #6794 ), #13991, .F. );
#7942=EDGE_LOOP ( 'NONE', ( #480, #3898, #6974, #8615 ) );
#7943=ORIENTED_EDGE ( 'NONE', *, *, #10218, .F. );
#7944=ORIENTED_EDGE ( 'NONE', *, *, #8187, .T. );
#7945=ADVANCED_FACE ( 'NONE', ( #4039 ), #49, .F. );
#7946=ORIENTED_EDGE ( 'NONE', *, *, #11090, .F. );
#7947=VERTEX_POINT ( 'NONE', #14047 );
#7948=FACE_OUTER_BOUND ( 'NONE', #6402, .T. );
#7949=ORIENTED_EDGE ( 'NONE', *, *, #717, .T. );
#7950=VERTEX_POINT ( 'NONE', #514 );
#7951=LINE ( 'NONE', #8474, #36 );
#7952=CARTESIAN_POINT ( 'NONE',  ( -8.999999999999893400, 0.8000000000000000400, 4.449999999999996600 ) );
#7953=LINE ( 'NONE', #1000, #4 );
#7954=EDGE_CURVE ( 'NONE', #8230, #3585, #9019, .T. );
#7955=CARTESIAN_POINT ( 'NONE',  ( -8.999999999999879200, 0.0000000000000000000, 5.894999999999991600 ) );
#7956=EDGE_CURVE ( 'NONE', #608, #10147, #11587, .T. );
#7957=ORIENTED_EDGE ( 'NONE', *, *, #13719, .F. );
#7958=VERTEX_POINT ( 'NONE', #1069 );
#7959=VERTEX_POINT ( 'NONE', #2163 );
#7960=AXIS2_PLACEMENT_3D ( 'NONE', #7159, #214, #15 );
#7961=ORIENTED_EDGE ( 'NONE', *, *, #4605, .F. );
#7962=EDGE_LOOP ( 'NONE', ( #11904, #3074, #13740, #7612, #7846, #9621 ) );
#7963=FACE_OUTER_BOUND ( 'NONE', #3202, .T. );
#7964=ADVANCED_FACE ( 'NONE', ( #6234 ), #11100, .F. );
#7965=EDGE_LOOP ( 'NONE', ( #990, #66, #1285, #9771, #12626, #4408 ) );
#7966=ORIENTED_EDGE ( 'NONE', *, *, #578, .T. );
#7967=LINE ( 'NONE', #1709, #36 );
#7968=ORIENTED_EDGE ( 'NONE', *, *, #3931, .F. );
#7969=CARTESIAN_POINT ( 'NONE',  ( -9.000000000000000000, 0.8000000000000000400, -4.985000000000000300 ) );
#7970=CARTESIAN_POINT ( 'NONE',  ( -8.999999999999959100, -1.006230589874914900, -1.900000000000006800 ) );
#7971=LINE ( 'NONE', #3688, #36 );
#7972=( GEOMETRIC_REPRESENTATION_CONTEXT ( 3 ) GLOBAL_UNCERTAINTY_ASSIGNED_CONTEXT ( ( #178 ) ) GLOBAL_UNIT_ASSIGNED_CONTEXT ( ( #7, #195, #16 ) ) REPRESENTATION_CONTEXT ( 'NONE', 'WORKASPACE' ) );
#7973=EDGE_CURVE ( 'NONE', #12714, #354, #336, .T. );
#7974=EDGE_CURVE ( 'NONE', #3750, #105, #11452, .T. );
#7975=EDGE_CURVE ( 'NONE', #3388, #13764, #13393, .T. );
#7976=AXIS2_PLACEMENT_3D ( 'NONE', #4136, #234, #885 );
#7977=ORIENTED_EDGE ( 'NONE', *, *, #1071, .T. );
#7978=EDGE_CURVE ( 'NONE', #5709, #6538, #14407, .T. );
#7979=ADVANCED_FACE ( 'NONE', ( #4416 ), #12230, .T. );
#7980=AXIS2_PLACEMENT_3D ( 'NONE', #791, #891, #669 );
#7981=ORIENTED_EDGE ( 'NONE', *, *, #7414, .T. );
#7982=CARTESIAN_POINT ( 'NONE',  ( -7.800000000000001600, 30.15163842104813000, -5.700000000000004600 ) );
#7983=FACE_OUTER_BOUND ( 'NONE', #14502, .T. );
#7984=ORIENTED_EDGE ( 'NONE', *, *, #13642, .F. );
#7985=ORIENTED_EDGE ( 'NONE', *, *, #10778, .F. );
#7986=LINE ( 'NONE', #9636, #205 );
#7987=EDGE_CURVE ( 'NONE', #5917, #5504, #7328, .T. );
#7988=EDGE_LOOP ( 'NONE', ( #4471, #11703, #12027, #11897 ) );
#7989=EDGE_CURVE ( 'NONE', #13885, #4040, #6428, .T. );
#7990=EDGE_CURVE ( 'NONE', #1690, #5763, #5673, .T. );
#7991=LINE ( 'NONE', #4146, #493 );
#7992=CARTESIAN_POINT ( 'NONE',  ( -1.904999999999998700, 0.8000000000000000400, 12.74999999999999800 ) );
#7993=ORIENTED_EDGE ( 'NONE', *, *, #3180, .T. );
#7994=LINE ( 'NONE', #983, #4 );
#7995=CARTESIAN_POINT ( 'NONE',  ( -0.9099999999999979200, -1.006230589874914900, 12.74999999999999800 ) );
#7996=EDGE_LOOP ( 'NONE', ( #2334, #647, #10004, #344 ) );
#7997=ORIENTED_EDGE ( 'NONE', *, *, #6098, .T. );
#7998=ORIENTED_EDGE ( 'NONE', *, *, #6937, .F. );
#7999=ORIENTED_EDGE ( 'NONE', *, *, #12101, .F. );
#8000=FACE_OUTER_BOUND ( 'NONE', #3849, .T. );
#8001=EDGE_CURVE ( 'NONE', #6240, #8476, #732, .T. );
#8002=VERTEX_POINT ( 'NONE', #2158 );
#8003=ADVANCED_FACE ( 'NONE', ( #13113 ), #14282, .T. );
#8004=EDGE_LOOP ( 'NONE', ( #4621, #8265, #260, #6960, #4847, #8413 ) );
#8005=ADVANCED_FACE ( 'NONE', ( #6604 ), #2273, .F. );
#8006=FACE_OUTER_BOUND ( 'NONE', #3246, .T. );
#8007=CLOSED_SHELL ( 'NONE', ( #2080, #6469, #14256, #2121, #9719, #3061, #12421, #7640, #11624, #12240 ) );
#8008=EDGE_CURVE ( 'NONE', #14063, #7804, #10796, .T. );
#8009=CARTESIAN_POINT ( 'NONE',  ( 8.550000000000158800, -1.006230589874914900, 9.529999999999995800 ) );
#8010=PLANE ( 'NONE',  #4273 );
#8011=ORIENTED_EDGE ( 'NONE', *, *, #11799, .T. );
#8012=PLANE ( 'NONE',  #8298 );
#8013=CARTESIAN_POINT ( 'NONE',  ( 0.0000000000000000000, 0.0000000000000000000, 8.259999999999996200 ) );
#8014=LINE ( 'NONE', #6633, #110 );
#8015=EDGE_CURVE ( 'NONE', #13595, #11608, #11134, .T. );
#8016=ORIENTED_EDGE ( 'NONE', *, *, #1001, .T. );
#8017=VERTEX_POINT ( 'NONE', #487 );
#8018=EDGE_LOOP ( 'NONE', ( #13027, #7130, #11244, #13451, #5462, #9419 ) );
#8019=LINE ( 'NONE', #331, #110 );
#8020=CARTESIAN_POINT ( 'NONE',  ( -2.179999999999997900, 0.8000000000000000400, 12.74999999999999800 ) );
#8021=EDGE_LOOP ( 'NONE', ( #2968, #10312, #13111, #5913 ) );
#8022=ADVANCED_FACE ( 'NONE', ( #11908 ), #10284, .F. );
#8023=EDGE_LOOP ( 'NONE', ( #839, #10697, #928, #13039 ) );
#8024=ORIENTED_EDGE ( 'NONE', *, *, #4381, .F. );
#8025=CARTESIAN_POINT ( 'NONE',  ( 0.0000000000000000000, 0.0000000000000000000, 0.2699999999999959100 ) );
#8026=FACE_OUTER_BOUND ( 'NONE', #9443, .T. );
#8027=EDGE_CURVE ( 'NONE', #2460, #9070, #10323, .T. );
#8028=EDGE_CURVE ( 'NONE', #6629, #12036, #1085, .T. );
#8029=CARTESIAN_POINT ( 'NONE',  ( 9.000000000000012400, 0.8000000000000000400, -4.440000000000003900 ) );
#8030=EDGE_LOOP ( 'NONE', ( #4823, #6306, #5976, #12002, #6810, #11187 ) );
#8031=STYLED_ITEM ( 'NONE', ( #77 ), #10690 );
#8032=ORIENTED_EDGE ( 'NONE', *, *, #1066, .T. );
#8033=FACE_OUTER_BOUND ( 'NONE', #8568, .T. );
#8034=AXIS2_PLACEMENT_3D ( 'NONE', #2210, #95, #31 );
#8035=EDGE_LOOP ( 'NONE', ( #7032, #12263, #4114, #6188, #5566, #8832, #7866, #11967 ) );
#8036=AXIS2_PLACEMENT_3D ( 'NONE', #2227, #135, #15 );
#8037=ORIENTED_EDGE ( 'NONE', *, *, #450, .F. );
#8038=VERTEX_POINT ( 'NONE', #14243 );
#8039=ORIENTED_EDGE ( 'NONE', *, *, #3189, .T. );
#8040=ORIENTED_EDGE ( 'NONE', *, *, #5315, .F. );
#8041=ADVANCED_FACE ( 'NONE', ( #100 ), #2056, .F. );
#8042=CARTESIAN_POINT ( 'NONE',  ( -7.529289321881346800, 0.8000000000000056000, 11.49999999999999600 ) );
#8043=VERTEX_POINT ( 'NONE', #10422 );
#8044=EDGE_LOOP ( 'NONE', ( #8750, #8895, #1932, #7217 ) );
#8045=LINE ( 'NONE', #5106, #4 );
#8046=FACE_OUTER_BOUND ( 'NONE', #5686, .T. );
#8047=ORIENTED_EDGE ( 'NONE', *, *, #11373, .F. );
#8048=EDGE_CURVE ( 'NONE', #8814, #7168, #3821, .T. );
#8049=CARTESIAN_POINT ( 'NONE',  ( -0.1849999999999976700, 0.8000000000000000400, 12.74999999999999800 ) );
#8050=VERTEX_POINT ( 'NONE', #13272 );
#8051=EDGE_CURVE ( 'NONE', #2302, #11404, #2566, .T. );
#8052=ORIENTED_EDGE ( 'NONE', *, *, #1615, .F. );
#8053=MECHANICAL_DESIGN_GEOMETRIC_PRESENTATION_REPRESENTATION (  '', ( #4102 ), #7237 );
#8054=ORIENTED_EDGE ( 'NONE', *, *, #3763, .F. );
#8055=AXIS2_PLACEMENT_3D ( 'NONE', #1481, #19, #135 );
#8056=AXIS2_PLACEMENT_3D ( 'NONE', #14139, #21, #31 );
#8057=LINE ( 'NONE', #11948, #36 );
#8058=CARTESIAN_POINT ( 'NONE',  ( -8.150000000000030600, 0.05000000000000000300, 3.179999999999995300 ) );
#8059=VERTEX_POINT ( 'NONE', #3759 );
#8060=CARTESIAN_POINT ( 'NONE',  ( 8.550000000000132200, 0.8000000000000000400, 7.889999999999997900 ) );
#8061=ORIENTED_EDGE ( 'NONE', *, *, #5484, .T. );
#8062=ORIENTED_EDGE ( 'NONE', *, *, #7616, .T. );
#8063=ORIENTED_EDGE ( 'NONE', *, *, #6774, .T. );
#8064=ORIENTED_EDGE ( 'NONE', *, *, #8864, .T. );
#8065=ORIENTED_EDGE ( 'NONE', *, *, #9532, .F. );
#8066=ORIENTED_EDGE ( 'NONE', *, *, #6534, .T. );
#8067=LINE ( 'NONE', #2946, #209 );
#8068=EDGE_CURVE ( 'NONE', #6895, #12611, #12068, .T. );
#8069=LINE ( 'NONE', #1020, #36 );
#8070=ORIENTED_EDGE ( 'NONE', *, *, #12903, .F. );
#8071=EDGE_CURVE ( 'NONE', #1135, #7356, #14272, .T. );
#8072=CARTESIAN_POINT ( 'NONE',  ( -8.999999999999825900, 0.8000000000000000400, 0.0000000000000000000 ) );
#8073=CARTESIAN_POINT ( 'NONE',  ( -8.999999999999920100, 0.8000000000000000400, 2.084999999999992900 ) );
#8074=ORIENTED_EDGE ( 'NONE', *, *, #5252, .T. );
#8075=CARTESIAN_POINT ( 'NONE',  ( -8.999999999999950300, 0.8000000000000000400, 8.709999999999988400 ) );
#8076=FACE_OUTER_BOUND ( 'NONE', #3151, .T. );
#8077=ORIENTED_EDGE ( 'NONE', *, *, #6976, .T. );
#8078=LINE ( 'NONE', #120, #1107 );
#8079=CARTESIAN_POINT ( 'NONE',  ( 9.000000000000012400, -1.006230589874914900, -1.450000000000097000 ) );
#8080=AXIS2_PLACEMENT_3D ( 'NONE', #4882, #19, #135 );
#8081=ORIENTED_EDGE ( 'NONE', *, *, #14125, .T. );
#8082=ADVANCED_FACE ( 'NONE', ( #6416 ), #7305, .T. );
#8083=ADVANCED_FACE ( 'NONE', ( #986 ), #3592, .T. );
#8084=ORIENTED_EDGE ( 'NONE', *, *, #7414, .F. );
#8085=ORIENTED_EDGE ( 'NONE', *, *, #11414, .F. );
#8086=ORIENTED_EDGE ( 'NONE', *, *, #10638, .T. );
#8087=LINE ( 'NONE', #7770, #36 );
#8088=ORIENTED_EDGE ( 'NONE', *, *, #8535, .F. );
#8089=CIRCLE ( 'NONE', #11958, 0.2749999999999997400 );
#8090=ORIENTED_EDGE ( 'NONE', *, *, #12930, .F. );
#8091=CARTESIAN_POINT ( 'NONE',  ( -8.549999999999824900, 0.8000000000000000400, 11.69999999999999800 ) );
#8092=CARTESIAN_POINT ( 'NONE',  ( -8.150000000000034100, 0.05000000000000000300, 4.449999999999995700 ) );
#8093=LINE ( 'NONE', #9041, #36 );
#8094=ORIENTED_EDGE ( 'NONE', *, *, #11269, .T. );
#8095=EDGE_CURVE ( 'NONE', #11039, #7392, #7994, .T. );
#8096=EDGE_CURVE ( 'NONE', #10450, #3112, #12961, .T. );
#8097=ORIENTED_EDGE ( 'NONE', *, *, #10835, .T. );
#8098=CARTESIAN_POINT ( 'NONE',  ( -7.529289321881346800, 2.999200000000000500, -5.649200000000004000 ) );
#8099=EDGE_CURVE ( 'NONE', #4668, #2618, #4405, .T. );
#8100=LINE ( 'NONE', #13321, #36 );
#8101=ADVANCED_FACE ( 'NONE', ( #10305 ), #13, .T. );
#8102=ORIENTED_EDGE ( 'NONE', *, *, #8335, .F. );
#8103=ORIENTED_EDGE ( 'NONE', *, *, #8395, .F. );
#8104=STYLED_ITEM ( 'NONE', ( #77 ), #9127 );
#8105=CARTESIAN_POINT ( 'NONE',  ( -8.999999999999905900, -1.006230589874914900, 0.0000000000000000000 ) );
#8106=ORIENTED_EDGE ( 'NONE', *, *, #6938, .F. );
#8107=ORIENTED_EDGE ( 'NONE', *, *, #2866, .T. );
#8108=VERTEX_POINT ( 'NONE', #6302 );
#8109=MANIFOLD_SOLID_BREP ( 'Stripe', #6118 );
#8110=ORIENTED_EDGE ( 'NONE', *, *, #6179, .F. );
#8111=CARTESIAN_POINT ( 'NONE',  ( 9.000000000000000000, 0.0000000000000000000, -5.710000000000005300 ) );
#8112=CARTESIAN_POINT ( 'NONE',  ( -8.549999999999919000, 0.04999999999999991300, 1.909999999999991500 ) );
#8113=CARTESIAN_POINT ( 'NONE',  ( -8.999999999999976900, 0.8000000000000000400, 1.089999999999993000 ) );
#8114=ORIENTED_EDGE ( 'NONE', *, *, #826, .T. );
#8115=VERTEX_POINT ( 'NONE', #13594 );
#8116=CARTESIAN_POINT ( 'NONE',  ( 1.905000000000001400, -1.006230589874914900, 12.74999999999999800 ) );
#8117=LINE ( 'NONE', #642, #209 );
#8118=ORIENTED_EDGE ( 'NONE', *, *, #11848, .F. );
#8119=CLOSED_SHELL ( 'NONE', ( #11752, #13707, #10454, #10423, #1740, #14381, #9853, #8788, #6992, #12363 ) );
#8120=ADVANCED_FACE ( 'NONE', ( #5313 ), #2655, .F. );
#8121=ORIENTED_EDGE ( 'NONE', *, *, #3409, .F. );
#8122=LINE ( 'NONE', #272, #209 );
#8123=EDGE_CURVE ( 'NONE', #1913, #2246, #4946, .T. );
#8124=EDGE_LOOP ( 'NONE', ( #11145, #10852, #640, #7136 ) );
#8125=ORIENTED_EDGE ( 'NONE', *, *, #11208, .T. );
#8126=FACE_OUTER_BOUND ( 'NONE', #11674, .T. );
#8127=EDGE_CURVE ( 'NONE', #3234, #1334, #13385, .T. );
#8128=ORIENTED_EDGE ( 'NONE', *, *, #13125, .T. );
#8129=LINE ( 'NONE', #8479, #36 );
#8130=ORIENTED_EDGE ( 'NONE', *, *, #9855, .T. );
#8131=CARTESIAN_POINT ( 'NONE',  ( -8.549999999999945600, 0.0000000000000000000, -0.6300000000000046700 ) );
#8132=LINE ( 'NONE', #1937, #10 );
#8133=CLOSED_SHELL ( 'NONE', ( #14515, #7580, #4175, #9904, #9641, #6808 ) );
#8134=ORIENTED_EDGE ( 'NONE', *, *, #1996, .T. );
#8135=CARTESIAN_POINT ( 'NONE',  ( 8.550000000000103700, 0.0000000000000000000, 5.349999999999997000 ) );
#8136=CARTESIAN_POINT ( 'NONE',  ( 9.000000000000053300, 0.0000000000000000000, -0.0000000000000000000 ) );
#8137=AXIS2_PLACEMENT_3D ( 'NONE', #13820, #21, #31 );
#8138=ORIENTED_EDGE ( 'NONE', *, *, #2672, .F. );
#8139=LINE ( 'NONE', #3015, #493 );
#8140=FACE_OUTER_BOUND ( 'NONE', #13544, .T. );
#8141=MANIFOLD_SOLID_BREP ( 'Boss-Extrude5[35]', #99 );
#8142=LINE ( 'NONE', #7441, #10 );
#8143=CARTESIAN_POINT ( 'NONE',  ( 7.259999999999999800, 0.0000000000000000000, 12.74999999999999800 ) );
#8144=ORIENTED_EDGE ( 'NONE', *, *, #13223, .F. );
#8145=EDGE_CURVE ( 'NONE', #5979, #6896, #13099, .T. );
#8146=CARTESIAN_POINT ( 'NONE',  ( -3.994999999999998300, -1.006230589874914900, 0.0000000000000000000 ) );
#8147=FACE_OUTER_BOUND ( 'NONE', #4881, .T. );
#8148=EDGE_CURVE ( 'NONE', #9539, #7907, #4776, .T. );
#8149=AXIS2_PLACEMENT_3D ( 'NONE', #315, #1465, #6355 );
#8150=ORIENTED_EDGE ( 'NONE', *, *, #12059, .T. );
#8151=AXIS2_PLACEMENT_3D ( 'NONE', #277, #3384, #502 );
#8152=LINE ( 'NONE', #1515, #110 );
#8153=CARTESIAN_POINT ( 'NONE',  ( 4.895000000000002200, 0.8000000000000000400, 12.29999999999999700 ) );
#8154=EDGE_LOOP ( 'NONE', ( #6137, #801, #10530, #7984 ) );
#8155=ADVANCED_FACE ( 'NONE', ( #2443 ), #6644, .F. );
#8156=ORIENTED_EDGE ( 'NONE', *, *, #10375, .T. );
#8157=LINE ( 'NONE', #10377, #36 );
#8158=CARTESIAN_POINT ( 'NONE',  ( 9.000000000000145700, 0.0000000000000000000, -0.0000000000000000000 ) );
#8159=ADVANCED_FACE ( 'NONE', ( #5490 ), #11926, .T. );
#8160=ORIENTED_EDGE ( 'NONE', *, *, #38, .T. );
#8161=EDGE_CURVE ( 'NONE', #14486, #8451, #12806, .T. );
#8162=LINE ( 'NONE', #4652, #4 );
#8163=PLANE ( 'NONE',  #11728 );
#8164=EDGE_CURVE ( 'NONE', #5717, #8625, #10952, .T. );
#8165=EDGE_CURVE ( 'NONE', #12714, #4160, #961, .T. );
#8166=EDGE_LOOP ( 'NONE', ( #909, #7883, #2425, #6761 ) );
#8167=ORIENTED_EDGE ( 'NONE', *, *, #13588, .F. );
#8168=ORIENTED_EDGE ( 'NONE', *, *, #9940, .F. );
#8169=CARTESIAN_POINT ( 'NONE',  ( -7.529289321881346800, 0.8000000000000000400, 11.69999999999999800 ) );
#8170=FACE_OUTER_BOUND ( 'NONE', #12564, .T. );
#8171=ORIENTED_EDGE ( 'NONE', *, *, #2742, .T. );
#8172=ADVANCED_FACE ( 'NONE', ( #3022 ), #11433, .F. );
#8173=LINE ( 'NONE', #705, #4 );
#8174=FACE_OUTER_BOUND ( 'NONE', #6040, .T. );
#8175=CARTESIAN_POINT ( 'NONE',  ( -8.999999999999879200, 0.0000000000000000000, 6.444999999999991400 ) );
#8176=FACE_OUTER_BOUND ( 'NONE', #3289, .T. );
#8177=CARTESIAN_POINT ( 'NONE',  ( 8.550000000000078900, -1.006230589874914900, 0.0000000000000000000 ) );
#8178=ORIENTED_EDGE ( 'NONE', *, *, #2294, .F. );
#8179=ORIENTED_EDGE ( 'NONE', *, *, #8998, .F. );
#8180=ORIENTED_EDGE ( 'NONE', *, *, #12355, .F. );
#8181=ORIENTED_EDGE ( 'NONE', *, *, #1071, .F. );
#8182=CIRCLE ( 'NONE', #11398, 0.2750000000001067700 );
#8183=ORIENTED_EDGE ( 'NONE', *, *, #2588, .T. );
#8184=EDGE_CURVE ( 'NONE', #9417, #5845, #13532, .T. );
#8185=VERTEX_POINT ( 'NONE', #4994 );
#8186=LINE ( 'NONE', #13005, #36 );
#8187=EDGE_CURVE ( 'NONE', #5700, #3367, #10608, .T. );
#8188=VERTEX_POINT ( 'NONE', #1587 );
#8189=EDGE_CURVE ( 'NONE', #13206, #1172, #3430, .T. );
#8190=AXIS2_PLACEMENT_3D ( 'NONE', #6548, #95, #31 );
#8191=ORIENTED_EDGE ( 'NONE', *, *, #1095, .T. );
#8192=CARTESIAN_POINT ( 'NONE',  ( -8.549999999999824900, 0.8000000000000000400, 10.79999999999999500 ) );
#8193=LINE ( 'NONE', #906, #1276 );
#8194=LINE ( 'NONE', #1327, #209 );
#8195=AXIS2_PLACEMENT_3D ( 'NONE', #820, #215, #15 );
#8196=ADVANCED_FACE ( 'NONE', ( #14398 ), #2875, .T. );
#8197=STYLED_ITEM ( 'NONE', ( #2931 ), #7052 );
#8198=ORIENTED_EDGE ( 'NONE', *, *, #5082, .F. );
#8199=ORIENTED_EDGE ( 'NONE', *, *, #8793, .T. );
#8200=EDGE_LOOP ( 'NONE', ( #6780, #12770, #6287, #5901, #5850, #6917 ) );
#8201=ORIENTED_EDGE ( 'NONE', *, *, #4952, .T. );
#8202=ORIENTED_EDGE ( 'NONE', *, *, #6753, .T. );
#8203=LINE ( 'NONE', #13957, #327 );
#8204=CARTESIAN_POINT ( 'NONE',  ( -8.549999999999958100, -1.006230589874914900, -1.900000000000006800 ) );
#8205=ORIENTED_EDGE ( 'NONE', *, *, #10661, .T. );
#8206=PLANE ( 'NONE',  #396 );
#8207=CARTESIAN_POINT ( 'NONE',  ( 1.455000000000000500, 0.0000000000000000000, 12.29999999999999700 ) );
#8208=PLANE ( 'NONE',  #11803 );
#8209=ORIENTED_EDGE ( 'NONE', *, *, #14350, .T. );
#8210=ORIENTED_EDGE ( 'NONE', *, *, #13355, .T. );
#8211=MECHANICAL_DESIGN_GEOMETRIC_PRESENTATION_REPRESENTATION (  '', ( #2678 ), #6707 );
#8212=LINE ( 'NONE', #3818, #10 );
#8213=ORIENTED_EDGE ( 'NONE', *, *, #2768, .F. );
#8214=ORIENTED_EDGE ( 'NONE', *, *, #6778, .F. );
#8215=EDGE_CURVE ( 'NONE', #14158, #1768, #7310, .T. );
#8216=ORIENTED_EDGE ( 'NONE', *, *, #12180, .T. );
#8217=EDGE_LOOP ( 'NONE', ( #13986, #7053, #4205, #1786 ) );
#8218=LINE ( 'NONE', #5865, #110 );
#8219=PLANE ( 'NONE',  #11714 );
#8220=CARTESIAN_POINT ( 'NONE',  ( -8.999999999999854300, 0.0000000000000000000, 9.159999999999998400 ) );
#8221=FACE_OUTER_BOUND ( 'NONE', #6664, .T. );
#8222=ORIENTED_EDGE ( 'NONE', *, *, #8989, .T. );
#8223=LINE ( 'NONE', #1901, #45 );
#8224=ORIENTED_EDGE ( 'NONE', *, *, #5103, .F. );
#8225=CARTESIAN_POINT ( 'NONE',  ( 7.435000000000003200, -1.006230589874914900, 12.74999999999999800 ) );
#8226=CARTESIAN_POINT ( 'NONE',  ( 2.725000000000001000, 0.0000000000000000000, -0.0000000000000000000 ) );
#8227=EDGE_LOOP ( 'NONE', ( #7961, #1278, #5632, #6618 ) );
#8228=ORIENTED_EDGE ( 'NONE', *, *, #5778, .F. );
#8229=ADVANCED_FACE ( 'NONE', ( #9992 ), #238, .F. );
#8230=VERTEX_POINT ( 'NONE', #11844 );
#8231=EDGE_CURVE ( 'NONE', #7804, #2651, #7122, .T. );
#8232=ORIENTED_EDGE ( 'NONE', *, *, #12652, .F. );
#8233=EDGE_CURVE ( 'NONE', #10726, #4531, #529, .T. );
#8234=ADVANCED_FACE ( 'NONE', ( #51 ), #49, .F. );
#8235=LINE ( 'NONE', #2357, #229 );
#8236=PLANE ( 'NONE',  #5660 );
#8237=AXIS2_PLACEMENT_3D ( 'NONE', #2364, #95, #31 );
#8238=ORIENTED_EDGE ( 'NONE', *, *, #9246, .T. );
#8239=LINE ( 'NONE', #4445, #184 );
#8240=EDGE_LOOP ( 'NONE', ( #3462, #13724, #8024, #6156 ) );
#8241=FACE_OUTER_BOUND ( 'NONE', #9398, .T. );
#8242=ORIENTED_EDGE ( 'NONE', *, *, #5318, .F. );
#8243=LINE ( 'NONE', #10710, #184 );
#8244=CARTESIAN_POINT ( 'NONE',  ( 9.000000000000172300, -1.006230589874914900, 11.52500000000011400 ) );
#8245=EDGE_LOOP ( 'NONE', ( #7482, #10689, #3405, #4716, #13698, #6631 ) );
#8246=ORIENTED_EDGE ( 'NONE', *, *, #11891, .F. );
#8247=FACE_OUTER_BOUND ( 'NONE', #8021, .T. );
#8248=ADVANCED_FACE ( 'NONE', ( #6766 ), #4559, .T. );
#8249=EDGE_CURVE ( 'NONE', #3166, #4793, #3607, .T. );
#8250=EDGE_CURVE ( 'NONE', #792, #7907, #4002, .T. );
#8251=EDGE_LOOP ( 'NONE', ( #9117, #14179, #3352, #4370 ) );
#8252=VECTOR ( 'NONE', #575, 1000.000000000000000 );
#8253=ORIENTED_EDGE ( 'NONE', *, *, #8123, .F. );
#8254=LINE ( 'NONE', #2181, #209 );
#8255=FACE_OUTER_BOUND ( 'NONE', #1, .T. );
#8256=ORIENTED_EDGE ( 'NONE', *, *, #13797, .F. );
#8257=AXIS2_PLACEMENT_3D ( 'NONE', #1328, #575, #19 );
#8258=ORIENTED_EDGE ( 'NONE', *, *, #11173, .T. );
#8259=ORIENTED_EDGE ( 'NONE', *, *, #8319, .F. );
#8260=LINE ( 'NONE', #8390, #908 );
#8261=FACE_OUTER_BOUND ( 'NONE', #844, .T. );
#8262=ORIENTED_EDGE ( 'NONE', *, *, #9750, .T. );
#8263=CARTESIAN_POINT ( 'NONE',  ( 8.550000000000103700, -1.006230589874914900, 4.449999999999995700 ) );
#8264=ORIENTED_EDGE ( 'NONE', *, *, #881, .T. );
#8265=ORIENTED_EDGE ( 'NONE', *, *, #14018, .F. );
#8266=LINE ( 'NONE', #997, #209 );
#8267=ADVANCED_FACE ( 'NONE', ( #9505 ), #7822, .F. );
#8268=LINE ( 'NONE', #56, #4 );
#8269=ORIENTED_EDGE ( 'NONE', *, *, #10488, .F. );
#8270=PLANE ( 'NONE',  #11612 );
#8271=ORIENTED_EDGE ( 'NONE', *, *, #6569, .T. );
#8272=EDGE_CURVE ( 'NONE', #10002, #6159, #3806, .T. );
#8273=PLANE ( 'NONE',  #5897 );
#8274=AXIS2_PLACEMENT_3D ( 'NONE', #257, #135, #15 );
#8275=LINE ( 'NONE', #5054, #577 );
#8276=FACE_OUTER_BOUND ( 'NONE', #11950, .T. );
#8277=EDGE_CURVE ( 'NONE', #10048, #9775, #5846, .T. );
#8278=CARTESIAN_POINT ( 'NONE',  ( -8.549999999999892400, -1.006230589874914900, 5.349999999999997000 ) );
#8279=CARTESIAN_POINT ( 'NONE',  ( 9.000000000000079900, 0.0000000000000000000, -0.0000000000000000000 ) );
#8280=DIRECTION ( 'NONE',  ( 0.0000000000000000000, -4.097771990496382400E-013, 1.000000000000000000 ) );
#8281=ORIENTED_EDGE ( 'NONE', *, *, #8881, .F. );
#8282=ORIENTED_EDGE ( 'NONE', *, *, #11639, .F. );
#8283=VERTEX_POINT ( 'NONE', #13012 );
#8284=VERTEX_POINT ( 'NONE', #420 );
#8285=ORIENTED_EDGE ( 'NONE', *, *, #525, .F. );
#8286=CARTESIAN_POINT ( 'NONE',  ( 5.265000000000001500, 0.05000000000000000300, 12.29999999999999700 ) );
#8287=CARTESIAN_POINT ( 'NONE',  ( -8.549999999999972300, -1.006230589874914900, 0.0000000000000000000 ) );
#8288=CARTESIAN_POINT ( 'NONE',  ( 0.0000000000000000000, -1.006230589874914900, 10.79999999999999500 ) );
#8289=ORIENTED_EDGE ( 'NONE', *, *, #6996, .T. );
#8290=ORIENTED_EDGE ( 'NONE', *, *, #2672, .T. );
#8291=EDGE_CURVE ( 'NONE', #10452, #2590, #12197, .T. );
#8292=ORIENTED_EDGE ( 'NONE', *, *, #8721, .T. );
#8293=ORIENTED_EDGE ( 'NONE', *, *, #524, .T. );
#8294=ORIENTED_EDGE ( 'NONE', *, *, #6024, .F. );
#8295=LINE ( 'NONE', #11095, #209 );
#8296=ORIENTED_EDGE ( 'NONE', *, *, #6196, .T. );
#8297=EDGE_CURVE ( 'NONE', #11161, #8412, #1412, .T. );
#8298=AXIS2_PLACEMENT_3D ( 'NONE', #4413, #2403, #1169 );
#8299=ORIENTED_EDGE ( 'NONE', *, *, #4564, .F. );
#8300=FACE_OUTER_BOUND ( 'NONE', #13780, .T. );
#8301=EDGE_CURVE ( 'NONE', #13789, #8492, #12645, .T. );
#8302=CARTESIAN_POINT ( 'NONE',  ( 6.710000000000003500, 0.8000000000000000400, 12.74999999999999800 ) );
#8303=ADVANCED_FACE ( 'NONE', ( #3213 ), #9984, .F. );
#8304=CARTESIAN_POINT ( 'NONE',  ( -8.999999999999968000, 0.0000000000000000000, 3.629999999999991000 ) );
#8305=ADVANCED_FACE ( 'NONE', ( #11733 ), #8674, .F. );
#8306=LINE ( 'NONE', #1210, #416 );
#8307=VERTEX_POINT ( 'NONE', #3231 );
#8308=EDGE_LOOP ( 'NONE', ( #4986, #1590, #7079, #5571 ) );
#8309=ORIENTED_EDGE ( 'NONE', *, *, #3934, .F. );
#8310=LINE ( 'NONE', #810, #205 );
#8311=LINE ( 'NONE', #7036, #209 );
#8312=LINE ( 'NONE', #997, #45 );
#8313=EDGE_LOOP ( 'NONE', ( #12045, #11584, #9049, #11438 ) );
#8314=ORIENTED_EDGE ( 'NONE', *, *, #5429, .T. );
#8315=LINE ( 'NONE', #6551, #184 );
#8316=EDGE_CURVE ( 'NONE', #3282, #2081, #12344, .T. );
#8317=EDGE_CURVE ( 'NONE', #1945, #9951, #11586, .T. );
#8318=VERTEX_POINT ( 'NONE', #12338 );
#8319=EDGE_CURVE ( 'NONE', #13832, #3965, #529, .T. );
#8320=FACE_OUTER_BOUND ( 'NONE', #11288, .T. );
#8321=LINE ( 'NONE', #3788, #45 );
#8322=MANIFOLD_SOLID_BREP ( 'Boss-Extrude5[24]', #10616 );
#8323=ADVANCED_FACE ( 'NONE', ( #8982 ), #5911, .F. );
#8324=PLANE ( 'NONE',  #7324 );
#8325=AXIS2_PLACEMENT_3D ( 'NONE', #4996, #19, #135 );
#8326=FACE_OUTER_BOUND ( 'NONE', #4446, .T. );
#8327=EDGE_LOOP ( 'NONE', ( #6507, #9043, #2238, #13531 ) );
#8328=ORIENTED_EDGE ( 'NONE', *, *, #4581, .F. );
#8329=PLANE ( 'NONE',  #2610 );
#8330=LINE ( 'NONE', #1578, #493 );
#8331=DIRECTION ( 'NONE',  ( -1.324697927109563100E-013, 0.0000000000000000000, -1.000000000000000000 ) );
#8332=CARTESIAN_POINT ( 'NONE',  ( 9.000000000000012400, 0.8000000000000000400, -4.440000000000004800 ) );
#8333=VERTEX_POINT ( 'NONE', #923 );
#8334=AXIS2_PLACEMENT_3D ( 'NONE', #4085, #21, #31 );
#8335=EDGE_CURVE ( 'NONE', #6493, #9997, #9159, .T. );
#8336=EDGE_CURVE ( 'NONE', #12193, #2726, #9629, .T. );
#8337=ADVANCED_FACE ( 'NONE', ( #6574 ), #49, .F. );
#8338=EDGE_CURVE ( 'NONE', #2378, #5304, #10770, .T. );
#8339=PLANE ( 'NONE',  #2090 );
#8340=LINE ( 'NONE', #5034, #209 );
#8341=EDGE_LOOP ( 'NONE', ( #9412, #11442, #10394, #8328, #4949, #10418 ) );
#8342=CARTESIAN_POINT ( 'NONE',  ( -1.084999999999999100, 0.0000000000000000000, 0.0000000000000000000 ) );
#8343=ORIENTED_EDGE ( 'NONE', *, *, #1780, .F. );
#8344=ORIENTED_EDGE ( 'NONE', *, *, #7989, .T. );
#8345=EDGE_CURVE ( 'NONE', #371, #7309, #4574, .T. );
#8346=EDGE_CURVE ( 'NONE', #9970, #1809, #584, .T. );
#8347=EDGE_LOOP ( 'NONE', ( #2858, #1832, #9006, #6155 ) );
#8348=FACE_OUTER_BOUND ( 'NONE', #6083, .T. );
#8349=EDGE_CURVE ( 'NONE', #9845, #916, #1397, .T. );
#8350=AXIS2_PLACEMENT_3D ( 'NONE', #2419, #891, #669 );
#8351=EDGE_LOOP ( 'NONE', ( #6418, #11060, #3509, #8712 ) );
#8352=EDGE_LOOP ( 'NONE', ( #13425, #5695, #3263, #3842 ) );
#8353=LINE ( 'NONE', #4289, #93 );
#8354=ORIENTED_EDGE ( 'NONE', *, *, #14234, .F. );
#8355=FACE_OUTER_BOUND ( 'NONE', #9050, .T. );
#8356=VERTEX_POINT ( 'NONE', #3629 );
#8357=CARTESIAN_POINT ( 'NONE',  ( 8.549999999999998900, 0.8000000000000000400, -4.810000000000004100 ) );
#8358=CARTESIAN_POINT ( 'NONE',  ( 0.0000000000000000000, -1.006230589874914900, -1.000000000000004400 ) );
#8359=LINE ( 'NONE', #1874, #10 );
#8360=LINE ( 'NONE', #8009, #36 );
#8361=ADVANCED_FACE ( 'NONE', ( #1186 ), #12560, .F. );
#8362=ADVANCED_FACE ( 'NONE', ( #2027 ), #959, .F. );
#8363=EDGE_CURVE ( 'NONE', #6163, #5063, #10453, .T. );
#8364=ORIENTED_EDGE ( 'NONE', *, *, #9959, .F. );
#8365=VERTEX_POINT ( 'NONE', #12382 );
#8366=EDGE_CURVE ( 'NONE', #13566, #14392, #5830, .T. );
#8367=LINE ( 'NONE', #1387, #209 );
#8368=EDGE_LOOP ( 'NONE', ( #10812, #13335, #13384, #5258 ) );
#8369=EDGE_CURVE ( 'NONE', #9639, #7418, #300, .T. );
#8370=LINE ( 'NONE', #2216, #45 );
#8371=ORIENTED_EDGE ( 'NONE', *, *, #6259, .F. );
#8372=PLANE ( 'NONE',  #14295 );
#8373=ORIENTED_EDGE ( 'NONE', *, *, #4023, .F. );
#8374=ORIENTED_EDGE ( 'NONE', *, *, #13360, .T. );
#8375=CARTESIAN_POINT ( 'NONE',  ( -8.549999999999958100, 0.8000000000000000400, -1.000000000000003600 ) );
#8376=VERTEX_POINT ( 'NONE', #1664 );
#8377=CARTESIAN_POINT ( 'NONE',  ( -2.724999999999998300, 0.05000000000000000300, 12.29999999999999700 ) );
#8378=LINE ( 'NONE', #257, #209 );
#8379=EDGE_CURVE ( 'NONE', #12329, #7153, #13521, .T. );
#8380=FACE_OUTER_BOUND ( 'NONE', #6673, .T. );
#8381=CARTESIAN_POINT ( 'NONE',  ( 8.550000000000013100, 0.04999999999999991300, -3.540000000000004000 ) );
#8382=CLOSED_SHELL ( 'NONE', ( #11106, #4432, #13837, #12917, #9109, #9681, #8101, #11860, #11088, #12225 ) );
#8383=ADVANCED_FACE ( 'NONE', ( #3789 ), #8397, .F. );
#8384=LINE ( 'NONE', #1907, #110 );
#8385=VERTEX_POINT ( 'NONE', #10535 );
#8386=ORIENTED_EDGE ( 'NONE', *, *, #3686, .T. );
#8387=FACE_OUTER_BOUND ( 'NONE', #2143, .T. );
#8388=ORIENTED_EDGE ( 'NONE', *, *, #794, .T. );
#8389=ORIENTED_EDGE ( 'NONE', *, *, #13690, .F. );
#8390=CARTESIAN_POINT ( 'NONE',  ( -8.549999999999945600, 0.8000000000000000400, -0.6300000000000046700 ) );
#8391=ORIENTED_EDGE ( 'NONE', *, *, #13185, .F. );
#8392=ORIENTED_EDGE ( 'NONE', *, *, #12498, .F. );
#8393=FACE_OUTER_BOUND ( 'NONE', #5346, .T. );
#8394=CARTESIAN_POINT ( 'NONE',  ( -8.999999999999854300, 0.8000000000000000400, 8.434999999999989800 ) );
#8395=EDGE_CURVE ( 'NONE', #11330, #3349, #2471, .T. );
#8396=EDGE_LOOP ( 'NONE', ( #3087, #12516, #12435, #12129 ) );
#8397=PLANE ( 'NONE',  #5002 );
#8398=AXIS2_PLACEMENT_3D ( 'NONE', #1453, #7632, #8846 );
#8399=CIRCLE ( 'NONE', #5126, 0.2750000000000998300 );
#8400=VERTEX_POINT ( 'NONE', #2470 );
#8401=EDGE_LOOP ( 'NONE', ( #4300, #6036, #5175, #11533, #11616, #7764 ) );
#8402=ADVANCED_FACE ( 'NONE', ( #13373 ), #49, .F. );
#8403=VERTEX_POINT ( 'NONE', #12519 );
#8404=ORIENTED_EDGE ( 'NONE', *, *, #12138, .T. );
#8405=LINE ( 'NONE', #3958, #205 );
#8406=LINE ( 'NONE', #3890, #209 );
#8407=CARTESIAN_POINT ( 'NONE',  ( 0.3499999999999998100, 0.0000000000000000000, 2.010000000000018000 ) );
#8408=ORIENTED_EDGE ( 'NONE', *, *, #12894, .T. );
#8409=ORIENTED_EDGE ( 'NONE', *, *, #7890, .T. );
#8410=CARTESIAN_POINT ( 'NONE',  ( -8.999999999999854300, -1.006230589874914900, 8.259999999999987400 ) );
#8411=LINE ( 'NONE', #6, #4 );
#8412=VERTEX_POINT ( 'NONE', #10445 );
#8413=ORIENTED_EDGE ( 'NONE', *, *, #12007, .F. );
#8414=EDGE_CURVE ( 'NONE', #10123, #9746, #8655, .T. );
#8415=VERTEX_POINT ( 'NONE', #8286 );
#8416=EDGE_CURVE ( 'NONE', #12196, #11743, #81, .T. );
#8417=ORIENTED_EDGE ( 'NONE', *, *, #11561, .F. );
#8418=AXIS2_PLACEMENT_3D ( 'NONE', #1948, #3384, #502 );
#8419=EDGE_LOOP ( 'NONE', ( #14411, #8490, #11488, #10374 ) );
#8420=LINE ( 'NONE', #14500, #205 );
#8421=CIRCLE ( 'NONE', #4313, 0.2750000000000035200 );
#8422=ORIENTED_EDGE ( 'NONE', *, *, #14326, .F. );
#8423=ORIENTED_EDGE ( 'NONE', *, *, #1193, .T. );
#8424=LINE ( 'NONE', #2921, #4 );
#8425=ORIENTED_EDGE ( 'NONE', *, *, #1596, .F. );
#8426=CARTESIAN_POINT ( 'NONE',  ( -5.999999999999999100, 0.7999999999999999300, 9.499999999999998200 ) );
#8427=CARTESIAN_POINT ( 'NONE',  ( -7.800000000000001600, 30.15163842104813000, 11.69999999999999800 ) );
#8428=EDGE_LOOP ( 'NONE', ( #13524, #7381, #3293, #2271 ) );
#8429=ORIENTED_EDGE ( 'NONE', *, *, #8951, .T. );
#8430=EDGE_LOOP ( 'NONE', ( #5978, #13777, #691, #9442, #5192, #7139, #10242, #2887 ) );
#8431=ORIENTED_EDGE ( 'NONE', *, *, #4998, .F. );
#8432=LINE ( 'NONE', #8204, #36 );
#8433=EDGE_CURVE ( 'NONE', #13894, #11962, #8813, .T. );
#8434=EDGE_CURVE ( 'NONE', #9179, #5394, #13233, .T. );
#8435=EDGE_CURVE ( 'NONE', #6870, #11330, #5642, .T. );
#8436=PRESENTATION_LAYER_ASSIGNMENT (  '', '', ( #6957 ) );
#8437=ADVANCED_FACE ( 'NONE', ( #14105 ), #1558, .F. );
#8438=EDGE_CURVE ( 'NONE', #4404, #9258, #6205, .T. );
#8439=AXIS2_PLACEMENT_3D ( 'NONE', #9477, #31, #95 );
#8440=CARTESIAN_POINT ( 'NONE',  ( -9.000000000000000000, 0.8000000000000000400, -5.260000000000004200 ) );
#8441=PLANE ( 'NONE',  #13914 );
#8442=ADVANCED_FACE ( 'NONE', ( #2614 ), #49, .F. );
#8443=LINE ( 'NONE', #934, #205 );
#8444=ORIENTED_EDGE ( 'NONE', *, *, #477, .T. );
#8445=LINE ( 'NONE', #7005, #36 );
#8446=EDGE_LOOP ( 'NONE', ( #197, #7568, #373, #7375 ) );
#8447=CARTESIAN_POINT ( 'NONE',  ( -5.264999999999997900, 0.0000000000000000000, 11.90000000000017100 ) );
#8448=ORIENTED_EDGE ( 'NONE', *, *, #4924, .F. );
#8449=VERTEX_POINT ( 'NONE', #960 );
#8450=VERTEX_POINT ( 'NONE', #5255 );
#8451=VERTEX_POINT ( 'NONE', #4860 );
#8452=CIRCLE ( 'NONE', #9271, 0.2749999999999996300 );
#8453=FACE_OUTER_BOUND ( 'NONE', #8251, .T. );
#8454=ORIENTED_EDGE ( 'NONE', *, *, #1532, .T. );
#8455=ORIENTED_EDGE ( 'NONE', *, *, #13889, .F. );
#8456=EDGE_LOOP ( 'NONE', ( #13619, #5399, #3186, #11975 ) );
#8457=FACE_OUTER_BOUND ( 'NONE', #8313, .T. );
#8458=ORIENTED_EDGE ( 'NONE', *, *, #3685, .F. );
#8459=ORIENTED_EDGE ( 'NONE', *, *, #8614, .F. );
#8460=EDGE_CURVE ( 'NONE', #11998, #2304, #7751, .T. );
#8461=FACE_OUTER_BOUND ( 'NONE', #11135, .T. );
#8462=EDGE_CURVE ( 'NONE', #9822, #7665, #11258, .T. );
#8463=ADVANCED_FACE ( 'NONE', ( #4751 ), #233, .T. );
#8464=ORIENTED_EDGE ( 'NONE', *, *, #2938, .T. );
#8465=ORIENTED_EDGE ( 'NONE', *, *, #4183, .F. );
#8466=EDGE_CURVE ( 'NONE', #13909, #7168, #12936, .T. );
#8467=CARTESIAN_POINT ( 'NONE',  ( 1.630000000000001200, 0.0000000000000000000, 12.74999999999999800 ) );
#8468=FACE_OUTER_BOUND ( 'NONE', #8456, .T. );
#8469=ORIENTED_EDGE ( 'NONE', *, *, #8095, .F. );
#8470=LINE ( 'NONE', #5303, #908 );
#8471=ORIENTED_EDGE ( 'NONE', *, *, #1469, .F. );
#8472=EDGE_LOOP ( 'NONE', ( #2643, #1542, #1341, #3429 ) );
#8473=CIRCLE ( 'NONE', #3658, 0.2749999999999991900 );
#8474=CARTESIAN_POINT ( 'NONE',  ( -2.354999999999999500, -1.006230589874914900, 12.29999999999999700 ) );
#8475=ORIENTED_EDGE ( 'NONE', *, *, #13171, .F. );
#8476=VERTEX_POINT ( 'NONE', #5567 );
#8477=VERTEX_POINT ( 'NONE', #1499 );
#8478=CIRCLE ( 'NONE', #12729, 0.2749999999999997400 );
#8479=CARTESIAN_POINT ( 'NONE',  ( -8.549999999999984700, -1.006230589874914900, -4.440000000000005700 ) );
#8480=VERTEX_POINT ( 'NONE', #1391 );
#8481=ADVANCED_FACE ( 'NONE', ( #7460 ), #13618, .F. );
#8482=EDGE_CURVE ( 'NONE', #13011, #6300, #3952, .T. );
#8483=VERTEX_POINT ( 'NONE', #9604 );
#8484=LINE ( 'NONE', #4048, #493 );
#8485=FACE_OUTER_BOUND ( 'NONE', #11725, .T. );
#8486=CARTESIAN_POINT ( 'NONE',  ( -1.084999999999999100, 0.0000000000000000000, 12.29999999999999700 ) );
#8487=EDGE_CURVE ( 'NONE', #7356, #9075, #10282, .T. );
#8488=LINE ( 'NONE', #3812, #36 );
#8489=PRESENTATION_LAYER_ASSIGNMENT (  '', '', ( #13612 ) );
#8490=ORIENTED_EDGE ( 'NONE', *, *, #8435, .T. );
#8491=EDGE_CURVE ( 'NONE', #1930, #7549, #6561, .T. );
#8492=VERTEX_POINT ( 'NONE', #9107 );
#8493=FACE_OUTER_BOUND ( 'NONE', #3505, .T. );
#8494=CARTESIAN_POINT ( 'NONE',  ( 8.550000000000064700, 0.8000000000000000400, -0.0000000000000000000 ) );
#8495=CARTESIAN_POINT ( 'NONE',  ( 9.000000000000048000, 0.0000000000000000000, 8.709999999999997300 ) );
#8496=CARTESIAN_POINT ( 'NONE',  ( 0.0000000000000000000, -1.006230589874914900, 6.619999999999996600 ) );
#8497=EDGE_CURVE ( 'NONE', #709, #9425, #13953, .T. );
#8498=FACE_OUTER_BOUND ( 'NONE', #13685, .T. );
#8499=ORIENTED_EDGE ( 'NONE', *, *, #5340, .F. );
#8500=EDGE_CURVE ( 'NONE', #9279, #13406, #5629, .T. );
#8501=CARTESIAN_POINT ( 'NONE',  ( 8.150000000000170900, 0.0000000000000000000, 1.909999999999995000 ) );
#8502=CARTESIAN_POINT ( 'NONE',  ( -8.999999999999941400, -1.006230589874914900, 11.24999999999998900 ) );
#8503=VERTEX_POINT ( 'NONE', #3959 );
#8504=CARTESIAN_POINT ( 'NONE',  ( -8.999999999999865000, -1.006230589874914900, 7.714999999999990100 ) );
#8505=LINE ( 'NONE', #1515, #493 );
#8506=AXIS2_PLACEMENT_3D ( 'NONE', #7691, #214, #15 );
#8507=CARTESIAN_POINT ( 'NONE',  ( -1.904999999999998700, 0.0000000000000000000, 12.74999999999999800 ) );
#8508=ORIENTED_EDGE ( 'NONE', *, *, #12795, .F. );
#8509=ADVANCED_FACE ( 'NONE', ( #13365 ), #14421, .T. );
#8510=CLOSED_SHELL ( 'NONE', ( #13093, #3336, #11421, #13306, #8985, #3538, #193, #6169, #5584, #10032 ) );
#8511=ADVANCED_FACE ( 'NONE', ( #7113 ), #4230, .T. );
#8512=FACE_OUTER_BOUND ( 'NONE', #4795, .T. );
#8513=ORIENTED_EDGE ( 'NONE', *, *, #13410, .T. );
#8514=ORIENTED_EDGE ( 'NONE', *, *, #14376, .T. );
#8515=ORIENTED_EDGE ( 'NONE', *, *, #10859, .T. );
#8516=EDGE_LOOP ( 'NONE', ( #3316, #5348, #11787, #7387 ) );
#8517=EDGE_CURVE ( 'NONE', #5489, #1051, #33, .T. );
#8518=FACE_OUTER_BOUND ( 'NONE', #13342, .T. );
#8519=EDGE_CURVE ( 'NONE', #694, #9543, #10128, .T. );
#8520=AXIS2_PLACEMENT_3D ( 'NONE', #5538, #9103, #5604 );
#8521=EDGE_CURVE ( 'NONE', #4062, #201, #9481, .T. );
#8522=VERTEX_POINT ( 'NONE', #6948 );
#8523=CARTESIAN_POINT ( 'NONE',  ( -5.999999999999999100, 3.250000000000000000, 9.749999999999998200 ) );
#8524=AXIS2_PLACEMENT_3D ( 'NONE', #1499, #10534, #1803 );
#8525=ORIENTED_EDGE ( 'NONE', *, *, #767, .F. );
#8526=FACE_OUTER_BOUND ( 'NONE', #14173, .T. );
#8527=EDGE_LOOP ( 'NONE', ( #966, #13720, #203, #11212, #8032, #7936 ) );
#8528=ADVANCED_FACE ( 'NONE', ( #13662 ), #9783, .F. );
#8529=EDGE_LOOP ( 'NONE', ( #5107, #11082, #5091, #434 ) );
#8530=LINE ( 'NONE', #3231, #4 );
#8531=CARTESIAN_POINT ( 'NONE',  ( -8.999999999999825900, 0.0000000000000000000, 11.52499999999998800 ) );
#8532=ORIENTED_EDGE ( 'NONE', *, *, #13368, .T. );
#8533=LINE ( 'NONE', #4060, #209 );
#8534=ORIENTED_EDGE ( 'NONE', *, *, #6049, .T. );
#8535=EDGE_CURVE ( 'NONE', #8038, #9303, #14242, .T. );
#8536=EDGE_CURVE ( 'NONE', #1238, #5160, #1106, .T. );
#8537=CYLINDRICAL_SURFACE ( 'NONE', #2465, 0.2749999999999996300 );
#8538=ORIENTED_EDGE ( 'NONE', *, *, #13232, .F. );
#8539=EDGE_CURVE ( 'NONE', #7227, #6695, #3397, .T. );
#8540=STYLED_ITEM ( 'NONE', ( #77 ), #8545 );
#8541=ORIENTED_EDGE ( 'NONE', *, *, #14180, .T. );
#8542=EDGE_CURVE ( 'NONE', #10041, #3752, #3598, .T. );
#8543=PRESENTATION_LAYER_ASSIGNMENT (  '', '', ( #13737 ) );
#8544=ADVANCED_FACE ( 'NONE', ( #6392 ), #6535, .T. );
#8545=MANIFOLD_SOLID_BREP ( 'Boss-Extrude5[10]', #6850 );
#8546=ORIENTED_EDGE ( 'NONE', *, *, #12264, .F. );
#8547=FACE_OUTER_BOUND ( 'NONE', #12995, .T. );
#8548=ORIENTED_EDGE ( 'NONE', *, *, #4832, .F. );
#8549=LINE ( 'NONE', #112, #1671 );
#8550=ORIENTED_EDGE ( 'NONE', *, *, #11627, .F. );
#8551=VERTEX_POINT ( 'NONE', #3 );
#8552=ORIENTED_EDGE ( 'NONE', *, *, #14395, .T. );
#8553=ORIENTED_EDGE ( 'NONE', *, *, #4581, .T. );
#8554=CARTESIAN_POINT ( 'NONE',  ( -7.529289321881346800, 30.15163842104813000, 11.69999999999999800 ) );
#8555=ORIENTED_EDGE ( 'NONE', *, *, #8184, .T. );
#8556=EDGE_CURVE ( 'NONE', #3096, #1936, #8974, .T. );
#8557=EDGE_CURVE ( 'NONE', #6089, #9262, #2513, .T. );
#8558=ORIENTED_EDGE ( 'NONE', *, *, #5375, .T. );
#8559=EDGE_CURVE ( 'NONE', #13256, #9726, #515, .T. );
#8560=CARTESIAN_POINT ( 'NONE',  ( -8.999999999999854300, 0.0000000000000000000, 0.0000000000000000000 ) );
#8561=LINE ( 'NONE', #3469, #110 );
#8562=ORIENTED_EDGE ( 'NONE', *, *, #10275, .F. );
#8563=ORIENTED_EDGE ( 'NONE', *, *, #4442, .F. );
#8564=ORIENTED_EDGE ( 'NONE', *, *, #9458, .T. );
#8565=EDGE_LOOP ( 'NONE', ( #14215, #5940, #7135, #9114 ) );
#8566=EDGE_LOOP ( 'NONE', ( #11157, #6092, #6474, #12914, #12110, #8344 ) );
#8567=EDGE_CURVE ( 'NONE', #8108, #6113, #7283, .T. );
#8568=EDGE_LOOP ( 'NONE', ( #9011, #7106, #4577, #7590 ) );
#8569=VERTEX_POINT ( 'NONE', #1960 );
#8570=AXIS2_PLACEMENT_3D ( 'NONE', #12809, #95, #31 );
#8571=FACE_OUTER_BOUND ( 'NONE', #1540, .T. );
#8572=ORIENTED_EDGE ( 'NONE', *, *, #722, .T. );
#8573=FACE_OUTER_BOUND ( 'NONE', #13747, .T. );
#8574=ADVANCED_FACE ( 'NONE', ( #8802 ), #3177, .F. );
#8575=ADVANCED_FACE ( 'NONE', ( #4561 ), #49, .F. );
#8576=EDGE_LOOP ( 'NONE', ( #7610, #1427, #5590, #9986 ) );
#8577=CARTESIAN_POINT ( 'NONE',  ( -8.999999999999920100, -1.006230589874914900, 1.909999999999991500 ) );
#8578=EDGE_LOOP ( 'NONE', ( #5515, #11259, #8471, #821, #6187, #2879, #1685, #7885, #12377, #1613, #684, #4995, #1307, #2492, #10257, #4088, #1812, #5501, #11115, #7512, #14110, #1342, #3299, #1007, #4894, #2308, #3838, #3450 ) );
#8579=ORIENTED_EDGE ( 'NONE', *, *, #1620, .T. );
#8580=EDGE_CURVE ( 'NONE', #9417, #5845, #2805, .T. );
#8581=LINE ( 'NONE', #1515, #4 );
#8582=VERTEX_POINT ( 'NONE', #7385 );
#8583=AXIS2_PLACEMENT_3D ( 'NONE', #3495, #95, #31 );
#8584=ORIENTED_EDGE ( 'NONE', *, *, #50, .F. );
#8585=ORIENTED_EDGE ( 'NONE', *, *, #1949, .F. );
#8586=CARTESIAN_POINT ( 'NONE',  ( 9.000000000000053300, 0.8000000000000000400, 9.979999999999995100 ) );
#8587=ADVANCED_FACE ( 'NONE', ( #6932 ), #11069, .F. );
#8588=EDGE_LOOP ( 'NONE', ( #6858, #1729, #7380, #2932 ) );
#8589=CARTESIAN_POINT ( 'NONE',  ( 0.0000000000000000000, 0.8000000000000000400, 4.079999999999995600 ) );
#8590=ORIENTED_EDGE ( 'NONE', *, *, #2390, .T. );
#8591=ADVANCED_FACE ( 'NONE', ( #12495 ), #49, .T. );
#8592=LINE ( 'NONE', #4706, #1276 );
#8593=EDGE_LOOP ( 'NONE', ( #13811, #10299, #11839, #4093, #14423, #6758 ) );
#8594=ORIENTED_EDGE ( 'NONE', *, *, #10145, .F. );
#8595=AXIS2_PLACEMENT_3D ( 'NONE', #9130, #250, #31 );
#8596=CARTESIAN_POINT ( 'NONE',  ( -7.800000000000001600, 0.8000000000000000400, 11.42928932188134200 ) );
#8597=EDGE_CURVE ( 'NONE', #231, #401, #521, .T. );
#8598=ORIENTED_EDGE ( 'NONE', *, *, #12799, .F. );
#8599=EDGE_CURVE ( 'NONE', #4141, #8695, #14382, .T. );
#8600=FACE_OUTER_BOUND ( 'NONE', #13572, .T. );
#8601=LINE ( 'NONE', #739, #205 );
#8602=ORIENTED_EDGE ( 'NONE', *, *, #7297, .F. );
#8603=EDGE_CURVE ( 'NONE', #11072, #11161, #11252, .T. );
#8604=AXIS2_PLACEMENT_3D ( 'NONE', #2996, #135, #15 );
#8605=ORIENTED_EDGE ( 'NONE', *, *, #9146, .T. );
#8606=CARTESIAN_POINT ( 'NONE',  ( 0.0000000000000000000, 0.0000000000000000000, 0.2699999999999968000 ) );
#8607=ADVANCED_FACE ( 'NONE', ( #287 ), #30, .F. );
#8608=ORIENTED_EDGE ( 'NONE', *, *, #3781, .T. );
#8609=CARTESIAN_POINT ( 'NONE',  ( -5.264999999999997900, -1.006230589874914900, 12.29999999999999700 ) );
#8610=ORIENTED_EDGE ( 'NONE', *, *, #3476, .F. );
#8611=LINE ( 'NONE', #315, #36 );
#8612=ORIENTED_EDGE ( 'NONE', *, *, #6703, .F. );
#8613=ORIENTED_EDGE ( 'NONE', *, *, #1889, .T. );
#8614=EDGE_CURVE ( 'NONE', #7718, #10937, #2398, .T. );
#8615=ORIENTED_EDGE ( 'NONE', *, *, #2702, .T. );
#8616=EDGE_CURVE ( 'NONE', #12143, #5536, #5251, .T. );
#8617=VERTEX_POINT ( 'NONE', #3332 );
#8618=EDGE_CURVE ( 'NONE', #9085, #7776, #4740, .T. );
#8619=PRESENTATION_LAYER_ASSIGNMENT (  '', '', ( #12304 ) );
#8620=EDGE_CURVE ( 'NONE', #9895, #553, #11415, .T. );
#8621=ORIENTED_EDGE ( 'NONE', *, *, #3205, .T. );
#8622=EDGE_LOOP ( 'NONE', ( #11359, #10584, #8563, #7398, #5059, #14351 ) );
#8623=LINE ( 'NONE', #4972, #184 );
#8624=ORIENTED_EDGE ( 'NONE', *, *, #1674, .T. );
#8625=VERTEX_POINT ( 'NONE', #2382 );
#8626=ORIENTED_EDGE ( 'NONE', *, *, #3049, .F. );
#8627=ORIENTED_EDGE ( 'NONE', *, *, #7496, .T. );
#8628=ORIENTED_EDGE ( 'NONE', *, *, #498, .T. );
#8629=CIRCLE ( 'NONE', #5105, 0.2749999999999991900 );
#8630=VERTEX_POINT ( 'NONE', #12362 );
#8631=LINE ( 'NONE', #2373, #36 );
#8632=EDGE_CURVE ( 'NONE', #4793, #9386, #9803, .T. );
#8633=LINE ( 'NONE', #8342, #184 );
#8634=CARTESIAN_POINT ( 'NONE',  ( -8.999999999999825900, 0.8000000000000000400, 11.69999999999999800 ) );
#8635=EDGE_CURVE ( 'NONE', #2304, #901, #500, .T. );
#8636=EDGE_CURVE ( 'NONE', #828, #7486, #5098, .T. );
#8637=PLANE ( 'NONE',  #4505 );
#8638=ORIENTED_EDGE ( 'NONE', *, *, #6511, .F. );
#8639=ORIENTED_EDGE ( 'NONE', *, *, #9166, .F. );
#8640=AXIS2_PLACEMENT_3D ( 'NONE', #4684, #6260, #5840 );
#8641=ADVANCED_FACE ( 'NONE', ( #13072 ), #4742, .F. );
#8642=EDGE_CURVE ( 'NONE', #11148, #5979, #521, .T. );
#8643=AXIS2_PLACEMENT_3D ( 'NONE', #378, #215, #15 );
#8644=LINE ( 'NONE', #2253, #649 );
#8645=ORIENTED_EDGE ( 'NONE', *, *, #5205, .T. );
#8646=EDGE_LOOP ( 'NONE', ( #13971, #4214, #8063, #11984, #663, #1046 ) );
#8647=LINE ( 'NONE', #12494, #36 );
#8648=ADVANCED_FACE ( 'NONE', ( #10748 ), #4179, .F. );
#8649=EDGE_CURVE ( 'NONE', #7494, #854, #2205, .T. );
#8650=VERTEX_POINT ( 'NONE', #942 );
#8651=ADVANCED_FACE ( 'NONE', ( #12484 ), #13, .T. );
#8652=FACE_OUTER_BOUND ( 'NONE', #9597, .T. );
#8653=FACE_OUTER_BOUND ( 'NONE', #10166, .T. );
#8654=EDGE_CURVE ( 'NONE', #426, #12143, #11716, .T. );
#8655=LINE ( 'NONE', #6125, #36 );
#8656=EDGE_LOOP ( 'NONE', ( #3911, #3740, #10947, #1980 ) );
#8657=CARTESIAN_POINT ( 'NONE',  ( 9.000000000000065700, -1.006230589874914900, 0.6399999999999955700 ) );
#8658=ORIENTED_EDGE ( 'NONE', *, *, #10559, .T. );
#8659=VERTEX_POINT ( 'NONE', #11287 );
#8660=LINE ( 'NONE', #11114, #36 );
#8661=LINE ( 'NONE', #10311, #209 );
#8662=ADVANCED_FACE ( 'NONE', ( #7963 ), #275, .F. );
#8663=EDGE_CURVE ( 'NONE', #1357, #1913, #8962, .T. );
#8664=ORIENTED_EDGE ( 'NONE', *, *, #1592, .F. );
#8665=ORIENTED_EDGE ( 'NONE', *, *, #13050, .T. );
#8666=EDGE_CURVE ( 'NONE', #413, #2770, #13225, .T. );
#8667=LINE ( 'NONE', #8672, #184 );
#8668=ORIENTED_EDGE ( 'NONE', *, *, #10957, .F. );
#8669=CARTESIAN_POINT ( 'NONE',  ( 9.000000000000005300, 0.0000000000000000000, -3.990000000000035300 ) );
#8670=LINE ( 'NONE', #1321, #36 );
#8671=MECHANICAL_DESIGN_GEOMETRIC_PRESENTATION_REPRESENTATION (  '', ( #9838 ), #13791 );
#8672=CARTESIAN_POINT ( 'NONE',  ( 8.550000000000052200, 0.8000000000000000400, -0.6300000000000046700 ) );
#8673=ORIENTED_EDGE ( 'NONE', *, *, #3899, .T. );
#8674=PLANE ( 'NONE',  #4731 );
#8675=FACE_OUTER_BOUND ( 'NONE', #14109, .T. );
#8676=EDGE_LOOP ( 'NONE', ( #12458, #8417, #4005, #8748 ) );
#8677=ORIENTED_EDGE ( 'NONE', *, *, #3155, .T. );
#8678=EDGE_LOOP ( 'NONE', ( #8391, #674, #1088, #7275 ) );
#8679=LINE ( 'NONE', #6690, #327 );
#8680=ORIENTED_EDGE ( 'NONE', *, *, #13169, .F. );
#8681=EDGE_CURVE ( 'NONE', #8963, #268, #7105, .T. );
#8682=ORIENTED_EDGE ( 'NONE', *, *, #12303, .F. );
#8683=EDGE_CURVE ( 'NONE', #6985, #581, #4916, .T. );
#8684=EDGE_CURVE ( 'NONE', #10002, #2638, #5, .T. );
#8685=PLANE ( 'NONE',  #8274 );
#8686=AXIS2_PLACEMENT_3D ( 'NONE', #10587, #19, #135 );
#8687=FACE_OUTER_BOUND ( 'NONE', #12153, .T. );
#8688=LINE ( 'NONE', #236, #36 );
#8689=MANIFOLD_SOLID_BREP ( 'Boss-Extrude5[28]', #13684 );
#8690=EDGE_CURVE ( 'NONE', #5160, #201, #4366, .T. );
#8691=PLANE ( 'NONE',  #4318 );
#8692=ORIENTED_EDGE ( 'NONE', *, *, #5824, .F. );
#8693=VERTEX_POINT ( 'NONE', #11775 );
#8694=FACE_OUTER_BOUND ( 'NONE', #7437, .T. );
#8695=VERTEX_POINT ( 'NONE', #8873 );
#8696=ORIENTED_EDGE ( 'NONE', *, *, #11559, .T. );
#8697=ORIENTED_EDGE ( 'NONE', *, *, #1773, .T. );
#8698=EDGE_LOOP ( 'NONE', ( #7059, #10554, #2167, #9154 ) );
#8699=ADVANCED_FACE ( 'NONE', ( #938 ), #13, .T. );
#8700=LINE ( 'NONE', #8135, #209 );
#8701=PLANE ( 'NONE',  #12923 );
#8702=EDGE_CURVE ( 'NONE', #9921, #9895, #12323, .T. );
#8703=EDGE_LOOP ( 'NONE', ( #2441, #4910, #4526, #974, #7601, #9714 ) );
#8704=EDGE_CURVE ( 'NONE', #4725, #5935, #1586, .T. );
#8705=LINE ( 'NONE', #6425, #184 );
#8706=FACE_OUTER_BOUND ( 'NONE', #1132, .T. );
#8707=ORIENTED_EDGE ( 'NONE', *, *, #7410, .T. );
#8708=EDGE_CURVE ( 'NONE', #8789, #3176, #13356, .T. );
#8709=AXIS2_PLACEMENT_3D ( 'NONE', #1982, #95, #31 );
#8710=ORIENTED_EDGE ( 'NONE', *, *, #9720, .F. );
#8711=ORIENTED_EDGE ( 'NONE', *, *, #5400, .F. );
#8712=ORIENTED_EDGE ( 'NONE', *, *, #13500, .T. );
#8713=FACE_OUTER_BOUND ( 'NONE', #3019, .T. );
#8714=PLANE ( 'NONE',  #2562 );
#8715=ADVANCED_FACE ( 'NONE', ( #7453 ), #959, .F. );
#8716=ORIENTED_EDGE ( 'NONE', *, *, #8027, .F. );
#8717=ORIENTED_EDGE ( 'NONE', *, *, #2019, .F. );
#8718=FACE_OUTER_BOUND ( 'NONE', #9380, .T. );
#8719=LINE ( 'NONE', #3470, #36 );
#8720=ORIENTED_EDGE ( 'NONE', *, *, #5633, .F. );
#8721=EDGE_CURVE ( 'NONE', #11148, #5536, #8312, .T. );
#8722=ORIENTED_EDGE ( 'NONE', *, *, #8438, .F. );
#8723=EDGE_CURVE ( 'NONE', #1238, #4514, #12630, .T. );
#8724=ORIENTED_EDGE ( 'NONE', *, *, #13786, .F. );
#8725=ORIENTED_EDGE ( 'NONE', *, *, #7174, .F. );
#8726=ORIENTED_EDGE ( 'NONE', *, *, #10024, .F. );
#8727=CARTESIAN_POINT ( 'NONE',  ( -8.150000000000007500, -0.0000000000000000000, -3.170000000000004800 ) );
#8728=LINE ( 'NONE', #2200, #184 );
#8729=ADVANCED_FACE ( 'NONE', ( #13214 ), #4977, .F. );
#8730=ORIENTED_EDGE ( 'NONE', *, *, #2193, .T. );
#8731=LINE ( 'NONE', #2229, #493 );
#8732=EDGE_LOOP ( 'NONE', ( #7694, #8389, #2046, #13584 ) );
#8733=ORIENTED_EDGE ( 'NONE', *, *, #12203, .F. );
#8734=ORIENTED_EDGE ( 'NONE', *, *, #14127, .F. );
#8735=FACE_OUTER_BOUND ( 'NONE', #5481, .T. );
#8736=ORIENTED_EDGE ( 'NONE', *, *, #10071, .F. );
#8737=ORIENTED_EDGE ( 'NONE', *, *, #6483, .T. );
#8738=ORIENTED_EDGE ( 'NONE', *, *, #11302, .F. );
#8739=EDGE_CURVE ( 'NONE', #10479, #5944, #7774, .T. );
#8740=LINE ( 'NONE', #6225, #36 );
#8741=ORIENTED_EDGE ( 'NONE', *, *, #256, .F. );
#8742=LINE ( 'NONE', #13153, #36 );
#8743=ORIENTED_EDGE ( 'NONE', *, *, #8856, .T. );
#8744=EDGE_CURVE ( 'NONE', #915, #1828, #6580, .T. );
#8745=EDGE_CURVE ( 'NONE', #9667, #1459, #6723, .T. );
#8746=DIRECTION ( 'NONE',  ( 1.000000000000000000, -0.0000000000000000000, 9.637352644315579400E-015 ) );
#8747=ORIENTED_EDGE ( 'NONE', *, *, #9617, .F. );
#8748=ORIENTED_EDGE ( 'NONE', *, *, #10881, .T. );
#8749=VERTEX_POINT ( 'NONE', #1242 );
#8750=ORIENTED_EDGE ( 'NONE', *, *, #9750, .F. );
#8751=VECTOR ( 'NONE', #4314, 1000.000000000000000 );
#8752=ORIENTED_EDGE ( 'NONE', *, *, #282, .T. );
#8753=CARTESIAN_POINT ( 'NONE',  ( -3.994999999999998300, 0.0000000000000000000, 0.0000000000000000000 ) );
#8754=EDGE_LOOP ( 'NONE', ( #9301, #1873, #247, #11543, #7821, #12400 ) );
#8755=FACE_OUTER_BOUND ( 'NONE', #11075, .T. );
#8756=FACE_OUTER_BOUND ( 'NONE', #2956, .T. );
#8757=VERTEX_POINT ( 'NONE', #1188 );
#8758=PLANE ( 'NONE',  #8570 );
#8759=CARTESIAN_POINT ( 'NONE',  ( -3.624999999999999600, 0.0000000000000000000, 0.0000000000000000000 ) );
#8760=EDGE_LOOP ( 'NONE', ( #9063, #9606, #5433, #2671 ) );
#8761=ORIENTED_EDGE ( 'NONE', *, *, #9036, .T. );
#8762=ORIENTED_EDGE ( 'NONE', *, *, #6677, .F. );
#8763=DIRECTION ( 'NONE',  ( -3.854941057726233200E-015, 0.0000000000000000000, 1.000000000000000000 ) );
#8764=EDGE_CURVE ( 'NONE', #7082, #4269, #7399, .T. );
#8765=ORIENTED_EDGE ( 'NONE', *, *, #11570, .F. );
#8766=EDGE_CURVE ( 'NONE', #10006, #12196, #9293, .T. );
#8767=ADVANCED_FACE ( 'NONE', ( #1792 ), #3172, .F. );
#8768=FACE_OUTER_BOUND ( 'NONE', #11392, .T. );
#8769=LINE ( 'NONE', #8606, #205 );
#8770=ORIENTED_EDGE ( 'NONE', *, *, #3930, .T. );
#8771=ORIENTED_EDGE ( 'NONE', *, *, #1100, .F. );
#8772=EDGE_CURVE ( 'NONE', #8356, #1695, #6366, .T. );
#8773=ORIENTED_EDGE ( 'NONE', *, *, #1775, .F. );
#8774=EDGE_LOOP ( 'NONE', ( #11681, #4506, #1179, #5314, #6607, #3536 ) );
#8775=VERTEX_POINT ( 'NONE', #1578 );
#8776=FACE_OUTER_BOUND ( 'NONE', #12128, .T. );
#8777=EDGE_LOOP ( 'NONE', ( #2490, #910, #7184, #5226 ) );
#8778=LINE ( 'NONE', #9974, #577 );
#8779=FACE_OUTER_BOUND ( 'NONE', #14342, .T. );
#8780=ORIENTED_EDGE ( 'NONE', *, *, #11104, .F. );
#8781=LINE ( 'NONE', #4570, #184 );
#8782=CARTESIAN_POINT ( 'NONE',  ( 8.550000000000052200, 0.8000000000000000400, 0.2699999999999968000 ) );
#8783=ADVANCED_FACE ( 'NONE', ( #4728 ), #10687, .T. );
#8784=ORIENTED_EDGE ( 'NONE', *, *, #12487, .T. );
#8785=FACE_OUTER_BOUND ( 'NONE', #8396, .T. );
#8786=ORIENTED_EDGE ( 'NONE', *, *, #6602, .F. );
#8787=LINE ( 'NONE', #4325, #416 );
#8788=ADVANCED_FACE ( 'NONE', ( #489 ), #14226, .F. );
#8789=VERTEX_POINT ( 'NONE', #6372 );
#8790=ORIENTED_EDGE ( 'NONE', *, *, #7918, .F. );
#8791=EDGE_CURVE ( 'NONE', #7416, #5342, #11238, .T. );
#8792=EDGE_CURVE ( 'NONE', #4286, #5561, #8478, .T. );
#8793=EDGE_CURVE ( 'NONE', #10937, #6683, #7094, .T. );
#8794=( GEOMETRIC_REPRESENTATION_CONTEXT ( 3 ) GLOBAL_UNCERTAINTY_ASSIGNED_CONTEXT ( ( #178 ) ) GLOBAL_UNIT_ASSIGNED_CONTEXT ( ( #7, #195, #16 ) ) REPRESENTATION_CONTEXT ( 'NONE', 'WORKASPACE' ) );
#8795=ORIENTED_EDGE ( 'NONE', *, *, #2001, .F. );
#8796=ORIENTED_EDGE ( 'NONE', *, *, #8164, .F. );
#8797=PLANE ( 'NONE',  #11919 );
#8798=LINE ( 'NONE', #3139, #908 );
#8799=LINE ( 'NONE', #2111, #184 );
#8800=FACE_OUTER_BOUND ( 'NONE', #2718, .T. );
#8801=CARTESIAN_POINT ( 'NONE',  ( 6.165000000000002700, -1.006230589874914900, 12.74999999999999800 ) );
#8802=FACE_OUTER_BOUND ( 'NONE', #3362, .T. );
#8803=ADVANCED_FACE ( 'NONE', ( #12615 ), #35, .T. );
#8804=VERTEX_POINT ( 'NONE', #435 );
#8805=ORIENTED_EDGE ( 'NONE', *, *, #7777, .T. );
#8806=PLANE ( 'NONE',  #3515 );
#8807=EDGE_CURVE ( 'NONE', #3661, #4125, #10909, .T. );
#8808=ORIENTED_EDGE ( 'NONE', *, *, #7538, .T. );
#8809=EDGE_CURVE ( 'NONE', #12959, #13760, #12919, .T. );
#8810=CARTESIAN_POINT ( 'NONE',  ( 0.0000000000000000000, -1.006230589874914900, -2.270000000000004000 ) );
#8811=EDGE_CURVE ( 'NONE', #4725, #5935, #11063, .T. );
#8812=PLANE ( 'NONE',  #8190 );
#8813=LINE ( 'NONE', #2526, #10 );
#8814=VERTEX_POINT ( 'NONE', #8058 );
#8815=EDGE_CURVE ( 'NONE', #3661, #13760, #4356, .T. );
#8816=ADVANCED_FACE ( 'NONE', ( #3568 ), #10647, .T. );
#8817=FACE_OUTER_BOUND ( 'NONE', #3109, .T. );
#8818=VECTOR ( 'NONE', #5414, 1000.000000000000000 );
#8819=ORIENTED_EDGE ( 'NONE', *, *, #7432, .F. );
#8820=VERTEX_POINT ( 'NONE', #13563 );
#8821=ORIENTED_EDGE ( 'NONE', *, *, #10839, .T. );
#8822=EDGE_CURVE ( 'NONE', #5662, #7210, #8132, .T. );
#8823=EDGE_CURVE ( 'NONE', #9085, #3443, #7443, .T. );
#8824=ORIENTED_EDGE ( 'NONE', *, *, #5982, .T. );
#8825=ORIENTED_EDGE ( 'NONE', *, *, #7163, .T. );
#8826=LINE ( 'NONE', #10152, #4 );
#8827=FACE_OUTER_BOUND ( 'NONE', #11567, .T. );
#8828=AXIS2_PLACEMENT_3D ( 'NONE', #1557, #31, #95 );
#8829=ADVANCED_FACE ( 'NONE', ( #5089 ), #14489, .F. );
#8830=VERTEX_POINT ( 'NONE', #5436 );
#8831=PLANE ( 'NONE',  #9068 );
#8832=ORIENTED_EDGE ( 'NONE', *, *, #1103, .T. );
#8833=ORIENTED_EDGE ( 'NONE', *, *, #9200, .F. );
#8834=CIRCLE ( 'NONE', #7960, 0.2750000000000035200 );
#8835=VERTEX_POINT ( 'NONE', #11859 );
#8836=ORIENTED_EDGE ( 'NONE', *, *, #13333, .T. );
#8837=LINE ( 'NONE', #5820, #6135 );
#8838=EDGE_LOOP ( 'NONE', ( #9289, #4176, #2123, #8786 ) );
#8839=CARTESIAN_POINT ( 'NONE',  ( -7.529289321881346800, 3.250000000000000000, 11.69999999999999800 ) );
#8840=AXIS2_PLACEMENT_3D ( 'NONE', #9175, #19, #135 );
#8841=EDGE_CURVE ( 'NONE', #6086, #8865, #3962, .T. );
#8842=CIRCLE ( 'NONE', #11209, 0.2749999999999991900 );
#8843=EDGE_CURVE ( 'NONE', #11868, #13194, #5984, .T. );
#8844=ADVANCED_FACE ( 'NONE', ( #2778 ), #8685, .F. );
#8845=VERTEX_POINT ( 'NONE', #2440 );
#8846=DIRECTION ( 'NONE',  ( -1.000000000000000000, 0.0000000000000000000, -9.637352644315579400E-015 ) );
#8847=EDGE_CURVE ( 'NONE', #6874, #8188, #4372, .T. );
#8848=( GEOMETRIC_REPRESENTATION_CONTEXT ( 3 ) GLOBAL_UNCERTAINTY_ASSIGNED_CONTEXT ( ( #178 ) ) GLOBAL_UNIT_ASSIGNED_CONTEXT ( ( #7, #195, #16 ) ) REPRESENTATION_CONTEXT ( 'NONE', 'WORKASPACE' ) );
#8849=ADVANCED_FACE ( 'NONE', ( #13935 ), #49, .T. );
#8850=ORIENTED_EDGE ( 'NONE', *, *, #11598, .T. );
#8851=ORIENTED_EDGE ( 'NONE', *, *, #4220, .T. );
#8852=LINE ( 'NONE', #5395, #493 );
#8853=ORIENTED_EDGE ( 'NONE', *, *, #1103, .F. );
#8854=LINE ( 'NONE', #9008, #1767 );
#8855=VERTEX_POINT ( 'NONE', #1822 );
#8856=EDGE_CURVE ( 'NONE', #4465, #1172, #13636, .T. );
#8857=EDGE_CURVE ( 'NONE', #2040, #5196, #5261, .T. );
#8858=CARTESIAN_POINT ( 'NONE',  ( 9.000000000000092400, 0.8000000000000000400, 4.079999999999995600 ) );
#8859=ORIENTED_EDGE ( 'NONE', *, *, #11815, .F. );
#8860=EDGE_CURVE ( 'NONE', #816, #12841, #3771, .T. );
#8861=CARTESIAN_POINT ( 'NONE',  ( 8.550000000000013100, 0.8000000000000000400, -3.540000000000004000 ) );
#8862=ADVANCED_FACE ( 'NONE', ( #11874 ), #12864, .F. );
#8863=ORIENTED_EDGE ( 'NONE', *, *, #4936, .F. );
#8864=EDGE_CURVE ( 'NONE', #14058, #2246, #732, .T. );
#8865=VERTEX_POINT ( 'NONE', #957 );
#8866=( GEOMETRIC_REPRESENTATION_CONTEXT ( 3 ) GLOBAL_UNCERTAINTY_ASSIGNED_CONTEXT ( ( #178 ) ) GLOBAL_UNIT_ASSIGNED_CONTEXT ( ( #7, #195, #16 ) ) REPRESENTATION_CONTEXT ( 'NONE', 'WORKASPACE' ) );
#8867=ORIENTED_EDGE ( 'NONE', *, *, #7284, .T. );
#8868=ORIENTED_EDGE ( 'NONE', *, *, #7589, .F. );
#8869=FACE_OUTER_BOUND ( 'NONE', #494, .T. );
#8870=FACE_OUTER_BOUND ( 'NONE', #2075, .T. );
#8871=CARTESIAN_POINT ( 'NONE',  ( 8.550000000000038000, 0.04999999999999991300, -1.000000000000004400 ) );
#8872=ORIENTED_EDGE ( 'NONE', *, *, #1696, .T. );
#8873=CARTESIAN_POINT ( 'NONE',  ( 0.3499999999999989800, 0.0000000000000000000, 1.510000000000018400 ) );
#8874=VERTEX_POINT ( 'NONE', #4309 );
#8875=ORIENTED_EDGE ( 'NONE', *, *, #10215, .T. );
#8876=CARTESIAN_POINT ( 'NONE',  ( -8.549999999999878100, 0.0000000000000000000, 6.619999999999997400 ) );
#8877=ADVANCED_FACE ( 'NONE', ( #5438 ), #49, .T. );
#8878=EDGE_CURVE ( 'NONE', #5000, #1872, #8470, .T. );
#8879=CIRCLE ( 'NONE', #5989, 0.2749999999999996300 );
#8880=EDGE_LOOP ( 'NONE', ( #7999, #13716, #4129, #1382 ) );
#8881=EDGE_CURVE ( 'NONE', #2368, #9425, #1494, .T. );
#8882=CARTESIAN_POINT ( 'NONE',  ( 9.000000000000119000, 0.8000000000000000400, 6.444999999999717800 ) );
#8883=VERTEX_POINT ( 'NONE', #8861 );
#8884=EDGE_CURVE ( 'NONE', #9973, #13789, #1142, .T. );
#8885=AXIS2_PLACEMENT_3D ( 'NONE', #331, #95, #31 );
#8886=LINE ( 'NONE', #10058, #205 );
#8887=PRODUCT_DEFINITION_CONTEXT ( 'detailed design', #1813, 'design' );
#8888=ORIENTED_EDGE ( 'NONE', *, *, #14308, .T. );
#8889=LINE ( 'NONE', #206, #4 );
#8890=ORIENTED_EDGE ( 'NONE', *, *, #13332, .F. );
#8891=ORIENTED_EDGE ( 'NONE', *, *, #8189, .F. );
#8892=ORIENTED_EDGE ( 'NONE', *, *, #7099, .T. );
#8893=ORIENTED_EDGE ( 'NONE', *, *, #12437, .T. );
#8894=ORIENTED_EDGE ( 'NONE', *, *, #4703, .F. );
#8895=ORIENTED_EDGE ( 'NONE', *, *, #1174, .F. );
#8896=AXIS2_PLACEMENT_3D ( 'NONE', #6626, #21, #31 );
#8897=CARTESIAN_POINT ( 'NONE',  ( 8.550000000000158800, -1.006230589874914900, 10.42999999999999400 ) );
#8898=FACE_OUTER_BOUND ( 'NONE', #13606, .T. );
#8899=LINE ( 'NONE', #730, #493 );
#8900=PLANE ( 'NONE',  #1952 );
#8901=VERTEX_POINT ( 'NONE', #4100 );
#8902=CYLINDRICAL_SURFACE ( 'NONE', #5510, 0.2507999999999998000 );
#8903=ORIENTED_EDGE ( 'NONE', *, *, #5205, .F. );
#8904=ORIENTED_EDGE ( 'NONE', *, *, #4670, .T. );
#8905=ORIENTED_EDGE ( 'NONE', *, *, #4936, .T. );
#8906=EDGE_CURVE ( 'NONE', #4537, #1053, #1562, .T. );
#8907=ORIENTED_EDGE ( 'NONE', *, *, #9264, .F. );
#8908=LINE ( 'NONE', #13444, #184 );
#8909=FACE_OUTER_BOUND ( 'NONE', #4554, .T. );
#8910=EDGE_LOOP ( 'NONE', ( #361, #4636, #2167, #753 ) );
#8911=AXIS2_PLACEMENT_3D ( 'NONE', #9761, #250, #31 );
#8912=EDGE_CURVE ( 'NONE', #10298, #13206, #3753, .T. );
#8913=ORIENTED_EDGE ( 'NONE', *, *, #5589, .T. );
#8914=CARTESIAN_POINT ( 'NONE',  ( -8.999999999999973400, 0.0000000000000000000, -2.995000000000005000 ) );
#8915=SURFACE_STYLE_FILL_AREA ( #12711 );
#8916=ORIENTED_EDGE ( 'NONE', *, *, #6572, .T. );
#8917=ORIENTED_EDGE ( 'NONE', *, *, #13730, .F. );
#8918=ADVANCED_FACE ( 'NONE', ( #11545 ), #1998, .T. );
#8919=ADVANCED_FACE ( 'NONE', ( #8776 ), #49, .F. );
#8920=VERTEX_POINT ( 'NONE', #12021 );
#8921=ORIENTED_EDGE ( 'NONE', *, *, #13125, .F. );
#8922=CARTESIAN_POINT ( 'NONE',  ( 7.800000000000000700, 0.8000000000000056000, 11.42928932188134200 ) );
#8923=LINE ( 'NONE', #718, #205 );
#8924=CARTESIAN_POINT ( 'NONE',  ( -7.800000000000001600, 2.999200000000000500, -5.900000000000003900 ) );
#8925=EDGE_CURVE ( 'NONE', #6541, #6959, #2572, .T. );
#8926=ORIENTED_EDGE ( 'NONE', *, *, #6613, .F. );
#8927=VERTEX_POINT ( 'NONE', #561 );
#8928=ORIENTED_EDGE ( 'NONE', *, *, #11930, .T. );
#8929=PRESENTATION_LAYER_ASSIGNMENT (  '', '', ( #5726 ) );
#8930=ORIENTED_EDGE ( 'NONE', *, *, #12460, .F. );
#8931=CARTESIAN_POINT ( 'NONE',  ( -8.549999999999933200, 0.0000000000000000000, 1.539999999999997100 ) );
#8932=AXIS2_PLACEMENT_3D ( 'NONE', #5951, #19, #135 );
#8933=ADVANCED_FACE ( 'NONE', ( #13776 ), #5665, .F. );
#8934=ORIENTED_EDGE ( 'NONE', *, *, #3573, .F. );
#8935=CARTESIAN_POINT ( 'NONE',  ( 9.000000000000133200, 0.8000000000000000400, 7.715000000000088700 ) );
#8936=MANIFOLD_SOLID_BREP ( 'Boss-Extrude5[5]', #3825 );
#8937=ORIENTED_EDGE ( 'NONE', *, *, #4402, .T. );
#8938=ORIENTED_EDGE ( 'NONE', *, *, #11429, .T. );
#8939=EDGE_LOOP ( 'NONE', ( #4258, #7252, #3001, #1039 ) );
#8940=VERTEX_POINT ( 'NONE', #3099 );
#8941=DIRECTION ( 'NONE',  ( -9.637352644315584900E-016, 0.0000000000000000000, 1.000000000000000000 ) );
#8942=ORIENTED_EDGE ( 'NONE', *, *, #13432, .T. );
#8943=LINE ( 'NONE', #955, #493 );
#8944=ORIENTED_EDGE ( 'NONE', *, *, #2113, .T. );
#8945=LINE ( 'NONE', #4994, #10 );
#8946=EDGE_CURVE ( 'NONE', #2769, #9286, #10254, .T. );
#8947=CARTESIAN_POINT ( 'NONE',  ( 0.0000000000000000000, -1.006230589874914900, 9.159999999999998400 ) );
#8948=EDGE_LOOP ( 'NONE', ( #2376, #1065, #13098, #8673 ) );
#8949=CARTESIAN_POINT ( 'NONE',  ( -8.999999999999934300, -1.006230589874914900, 0.6399999999999921300 ) );
#8950=EDGE_CURVE ( 'NONE', #6785, #9279, #8781, .T. );
#8951=EDGE_CURVE ( 'NONE', #13146, #6524, #1346, .T. );
#8952=EDGE_CURVE ( 'NONE', #6718, #8376, #9453, .T. );
#8953=AXIS2_PLACEMENT_3D ( 'NONE', #7708, #19, #135 );
#8954=ORIENTED_EDGE ( 'NONE', *, *, #5592, .F. );
#8955=ADVANCED_FACE ( 'NONE', ( #2174 ), #11988, .F. );
#8956=AXIS2_PLACEMENT_3D ( 'NONE', #2921, #95, #31 );
#8957=FACE_OUTER_BOUND ( 'NONE', #9397, .T. );
#8958=VERTEX_POINT ( 'NONE', #2284 );
#8959=LINE ( 'NONE', #5412, #36 );
#8960=CARTESIAN_POINT ( 'NONE',  ( -8.150000000000025200, 0.0000000000000000000, 1.909999999999995000 ) );
#8961=CARTESIAN_POINT ( 'NONE',  ( 0.0000000000000000000, 0.0000000000000000000, 6.619999999999996600 ) );
#8962=LINE ( 'NONE', #2351, #36 );
#8963=VERTEX_POINT ( 'NONE', #12983 );
#8964=VERTEX_POINT ( 'NONE', #4990 );
#8965=VECTOR ( 'NONE', #6355, 1000.000000000000000 );
#8966=PLANE ( 'NONE',  #13188 );
#8967=CARTESIAN_POINT ( 'NONE',  ( 9.000000000000044400, -1.006230589874914900, 7.439999999999996800 ) );
#8968=EDGE_CURVE ( 'NONE', #9784, #7950, #6168, .T. );
#8969=EDGE_CURVE ( 'NONE', #8757, #12308, #3178, .T. );
#8970=EDGE_CURVE ( 'NONE', #11330, #8050, #7260, .T. );
#8971=AXIS2_PLACEMENT_3D ( 'NONE', #1210, #3384, #502 );
#8972=EDGE_CURVE ( 'NONE', #8017, #9956, #697, .T. );
#8973=MECHANICAL_DESIGN_GEOMETRIC_PRESENTATION_REPRESENTATION (  '', ( #2439 ), #7713 );
#8974=LINE ( 'NONE', #5273, #110 );
#8975=ORIENTED_EDGE ( 'NONE', *, *, #1752, .T. );
#8976=CARTESIAN_POINT ( 'NONE',  ( -7.800000000000001600, 0.8000000000000056000, 11.49999999999999600 ) );
#8977=CARTESIAN_POINT ( 'NONE',  ( 8.550000000000169500, 0.05000000000000000300, 5.719999999999996200 ) );
#8978=PLANE ( 'NONE',  #1180 );
#8979=ORIENTED_EDGE ( 'NONE', *, *, #2650, .F. );
#8980=FACE_OUTER_BOUND ( 'NONE', #8308, .T. );
#8981=CIRCLE ( 'NONE', #8056, 0.2749999999999991900 );
#8982=FACE_OUTER_BOUND ( 'NONE', #9184, .T. );
#8983=ORIENTED_EDGE ( 'NONE', *, *, #222, .F. );
#8984=EDGE_CURVE ( 'NONE', #13601, #3702, #1983, .T. );
#8985=ADVANCED_FACE ( 'NONE', ( #7948 ), #2268, .F. );
#8986=ORIENTED_EDGE ( 'NONE', *, *, #10288, .T. );
#8987=EDGE_CURVE ( 'NONE', #12694, #5880, #10732, .T. );
#8988=ADVANCED_FACE ( 'NONE', ( #8461 ), #8273, .T. );
#8989=EDGE_CURVE ( 'NONE', #9970, #7915, #3747, .T. );
#8990=ORIENTED_EDGE ( 'NONE', *, *, #13410, .F. );
#8991=CARTESIAN_POINT ( 'NONE',  ( 5.989999999999999300, 0.0000000000000000000, 12.74999999999999800 ) );
#8992=ORIENTED_EDGE ( 'NONE', *, *, #2970, .T. );
#8993=CARTESIAN_POINT ( 'NONE',  ( 0.6350000000000010100, 0.0000000000000000000, 12.74999999999999800 ) );
#8994=CARTESIAN_POINT ( 'NONE',  ( -7.259999999999997100, 0.0000000000000000000, 12.74999999999999800 ) );
#8995=CARTESIAN_POINT ( 'NONE',  ( 9.000000000000012400, 0.0000000000000000000, -0.0000000000000000000 ) );
#8996=FACE_OUTER_BOUND ( 'NONE', #14048, .T. );
#8997=CARTESIAN_POINT ( 'NONE',  ( 9.000000000000000000, -1.006230589874914900, -5.710000000000005300 ) );
#8998=EDGE_CURVE ( 'NONE', #2029, #6977, #4921, .T. );
#8999=ORIENTED_EDGE ( 'NONE', *, *, #10278, .T. );
#9000=ORIENTED_EDGE ( 'NONE', *, *, #6759, .T. );
#9001=ORIENTED_EDGE ( 'NONE', *, *, #13946, .F. );
#9002=EDGE_LOOP ( 'NONE', ( #11018, #9454, #7014, #8422 ) );
#9003=FACE_OUTER_BOUND ( 'NONE', #4756, .T. );
#9004=CARTESIAN_POINT ( 'NONE',  ( -8.550000000000038000, 0.05000000000000000300, 5.719999999999996200 ) );
#9005=EDGE_LOOP ( 'NONE', ( #8562, #6111, #4983, #14302, #6230, #6359 ) );
#9006=ORIENTED_EDGE ( 'NONE', *, *, #8642, .T. );
#9007=VERTEX_POINT ( 'NONE', #1839 );
#9008=CARTESIAN_POINT ( 'NONE',  ( 8.000000000000000000, 0.8000000000000000400, 11.42928932188134200 ) );
#9009=ADVANCED_FACE ( 'NONE', ( #5963 ), #233, .T. );
#9010=LINE ( 'NONE', #2913, #110 );
#9011=ORIENTED_EDGE ( 'NONE', *, *, #6124, .F. );
#9012=CARTESIAN_POINT ( 'NONE',  ( 4.720000000000000600, 0.0000000000000000000, 12.74999999999999800 ) );
#9013=EDGE_CURVE ( 'NONE', #11122, #901, #6161, .T. );
#9014=DIRECTION ( 'NONE',  ( 1.000000000000000000, -0.0000000000000000000, 1.445602896647338500E-015 ) );
#9015=VERTEX_POINT ( 'NONE', #10156 );
#9016=ORIENTED_EDGE ( 'NONE', *, *, #3413, .F. );
#9017=EDGE_CURVE ( 'NONE', #8820, #11625, #244, .T. );
#9018=ORIENTED_EDGE ( 'NONE', *, *, #9182, .F. );
#9019=LINE ( 'NONE', #6926, #205 );
#9020=EDGE_CURVE ( 'NONE', #1191, #4139, #13195, .T. );
#9021=CARTESIAN_POINT ( 'NONE',  ( -9.000000000000000000, 0.8000000000000000400, -5.535000000000008100 ) );
#9022=LINE ( 'NONE', #6746, #416 );
#9023=ORIENTED_EDGE ( 'NONE', *, *, #6953, .F. );
#9024=PRESENTATION_LAYER_ASSIGNMENT (  '', '', ( #1955 ) );
#9025=LINE ( 'NONE', #4722, #184 );
#9026=LINE ( 'NONE', #12011, #184 );
#9027=ADVANCED_FACE ( 'NONE', ( #13773 ), #5693, .F. );
#9028=ORIENTED_EDGE ( 'NONE', *, *, #2064, .T. );
#9029=ORIENTED_EDGE ( 'NONE', *, *, #2967, .F. );
#9030=FACE_OUTER_BOUND ( 'NONE', #1338, .T. );
#9031=ORIENTED_EDGE ( 'NONE', *, *, #7429, .F. );
#9032=ORIENTED_EDGE ( 'NONE', *, *, #5030, .T. );
#9033=ORIENTED_EDGE ( 'NONE', *, *, #13398, .T. );
#9034=AXIS2_PLACEMENT_3D ( 'NONE', #2790, #2053, #5201 );
#9035=ORIENTED_EDGE ( 'NONE', *, *, #5811, .T. );
#9036=EDGE_CURVE ( 'NONE', #4049, #1140, #2958, .T. );
#9037=ORIENTED_EDGE ( 'NONE', *, *, #3180, .F. );
#9038=LINE ( 'NONE', #5214, #209 );
#9039=CARTESIAN_POINT ( 'NONE',  ( -8.999999999999950300, 0.0000000000000000000, 8.709999999999988400 ) );
#9040=EDGE_CURVE ( 'NONE', #2638, #3007, #10560, .T. );
#9041=CARTESIAN_POINT ( 'NONE',  ( 8.549999999999998900, -1.006230589874914900, -5.710000000000005300 ) );
#9042=LINE ( 'NONE', #8924, #13580 );
#9043=ORIENTED_EDGE ( 'NONE', *, *, #3737, .F. );
#9044=VERTEX_POINT ( 'NONE', #1222 );
#9045=CARTESIAN_POINT ( 'NONE',  ( -8.549999999999933200, 0.8000000000000000400, 1.539999999999997100 ) );
#9046=ORIENTED_EDGE ( 'NONE', *, *, #498, .F. );
#9047=ORIENTED_EDGE ( 'NONE', *, *, #7429, .T. );
#9048=ADVANCED_FACE ( 'NONE', ( #461 ), #685, .T. );
#9049=ORIENTED_EDGE ( 'NONE', *, *, #11349, .T. );
#9050=EDGE_LOOP ( 'NONE', ( #4549, #5638, #11207, #13683 ) );
#9051=ORIENTED_EDGE ( 'NONE', *, *, #10817, .T. );
#9052=LINE ( 'NONE', #3860, #493 );
#9053=ORIENTED_EDGE ( 'NONE', *, *, #2527, .T. );
#9054=CARTESIAN_POINT ( 'NONE',  ( -8.549999999999933200, 0.04999999999999991300, 0.6399999999999921300 ) );
#9055=EDGE_CURVE ( 'NONE', #8901, #7544, #6906, .T. );
#9056=EDGE_CURVE ( 'NONE', #11039, #7392, #9780, .T. );
#9057=VERTEX_POINT ( 'NONE', #7300 );
#9058=EDGE_CURVE ( 'NONE', #8365, #14133, #6698, .T. );
#9059=LINE ( 'NONE', #12335, #36 );
#9060=AXIS2_PLACEMENT_3D ( 'NONE', #4835, #234, #885 );
#9061=ORIENTED_EDGE ( 'NONE', *, *, #1331, .T. );
#9062=FACE_OUTER_BOUND ( 'NONE', #5468, .T. );
#9063=ORIENTED_EDGE ( 'NONE', *, *, #9596, .F. );
#9064=EDGE_CURVE ( 'NONE', #9279, #4436, #8452, .T. );
#9065=AXIS2_PLACEMENT_3D ( 'NONE', #528, #215, #15 );
#9066=CARTESIAN_POINT ( 'NONE',  ( 8.549999999999998900, 0.8000000000000000400, -4.810000000000003200 ) );
#9067=ORIENTED_EDGE ( 'NONE', *, *, #2148, .T. );
#9068=AXIS2_PLACEMENT_3D ( 'NONE', #2216, #575, #19 );
#9069=ADVANCED_FACE ( 'NONE', ( #14068 ), #9377, .F. );
#9070=VERTEX_POINT ( 'NONE', #237 );
#9071=ORIENTED_EDGE ( 'NONE', *, *, #1220, .F. );
#9072=ADVANCED_FACE ( 'NONE', ( #4154 ), #13, .T. );
#9073=LINE ( 'NONE', #8839, #45 );
#9074=FACE_OUTER_BOUND ( 'NONE', #1255, .T. );
#9075=VERTEX_POINT ( 'NONE', #10615 );
#9076=CARTESIAN_POINT ( 'NONE',  ( 7.729289321881345200, 3.049999999999999800, 11.44919999999999800 ) );
#9077=EDGE_LOOP ( 'NONE', ( #3692, #11077, #13851, #5331 ) );
#9078=CARTESIAN_POINT ( 'NONE',  ( 9.000000000000104800, -1.006230589874914900, 5.174999999999752000 ) );
#9079=LINE ( 'NONE', #3216, #184 );
#9080=EDGE_LOOP ( 'NONE', ( #1747, #1846, #4911, #5153 ) );
#9081=EDGE_LOOP ( 'NONE', ( #12041, #13880, #7116, #12735, #4458, #12235 ) );
#9082=EDGE_LOOP ( 'NONE', ( #6614, #5329, #2700, #1288 ) );
#9083=PLANE ( 'NONE',  #1628 );
#9084=EDGE_CURVE ( 'NONE', #11272, #3282, #2565, .T. );
#9085=VERTEX_POINT ( 'NONE', #5015 );
#9086=ORIENTED_EDGE ( 'NONE', *, *, #4659, .T. );
#9087=VERTEX_POINT ( 'NONE', #13461 );
#9088=EDGE_CURVE ( 'NONE', #2381, #6530, #1766, .T. );
#9089=LINE ( 'NONE', #3625, #416 );
#9090=ORIENTED_EDGE ( 'NONE', *, *, #477, .F. );
#9091=EDGE_CURVE ( 'NONE', #371, #3493, #4331, .T. );
#9092=EDGE_LOOP ( 'NONE', ( #10438, #1438, #7206, #8256 ) );
#9093=ADVANCED_FACE ( 'NONE', ( #8768 ), #2542, .F. );
#9094=ORIENTED_EDGE ( 'NONE', *, *, #13092, .T. );
#9095=AXIS2_PLACEMENT_3D ( 'NONE', #1206, #95, #31 );
#9096=CARTESIAN_POINT ( 'NONE',  ( 0.0000000000000000000, 0.0000000000000000000, 2.809999999999995600 ) );
#9097=FACE_OUTER_BOUND ( 'NONE', #7598, .T. );
#9098=ORIENTED_EDGE ( 'NONE', *, *, #7281, .T. );
#9099=LINE ( 'NONE', #1369, #6135 );
#9100=EDGE_CURVE ( 'NONE', #6721, #1843, #12293, .T. );
#9101=ORIENTED_EDGE ( 'NONE', *, *, #11815, .T. );
#9102=STYLED_ITEM ( 'NONE', ( #77 ), #4310 );
#9103=DIRECTION ( 'NONE',  ( 3.854941057726233200E-015, 0.0000000000000000000, 1.000000000000000000 ) );
#9104=ORIENTED_EDGE ( 'NONE', *, *, #14121, .F. );
#9105=CARTESIAN_POINT ( 'NONE',  ( -8.999999999999989300, 0.8000000000000000400, -3.715000000000004700 ) );
#9106=FACE_OUTER_BOUND ( 'NONE', #10829, .T. );
#9107=CARTESIAN_POINT ( 'NONE',  ( -8.549999999999878100, 0.8000000000000000400, 6.619999999999997400 ) );
#9108=LINE ( 'NONE', #14043, #36 );
#9109=ADVANCED_FACE ( 'NONE', ( #14209 ), #275, .F. );
#9110=EDGE_CURVE ( 'NONE', #13210, #14161, #11537, .T. );
#9111=ORIENTED_EDGE ( 'NONE', *, *, #13622, .T. );
#9112=ORIENTED_EDGE ( 'NONE', *, *, #10317, .T. );
#9113=CARTESIAN_POINT ( 'NONE',  ( 9.000000000000012400, 0.0000000000000000000, -1.450000000000097000 ) );
#9114=ORIENTED_EDGE ( 'NONE', *, *, #6313, .F. );
#9115=EDGE_CURVE ( 'NONE', #5310, #916, #7420, .T. );
#9116=PRESENTATION_LAYER_ASSIGNMENT (  '', '', ( #10319 ) );
#9117=ORIENTED_EDGE ( 'NONE', *, *, #6094, .F. );
#9118=ORIENTED_EDGE ( 'NONE', *, *, #3433, .F. );
#9119=ORIENTED_EDGE ( 'NONE', *, *, #7781, .T. );
#9120=LINE ( 'NONE', #1369, #4 );
#9121=ORIENTED_EDGE ( 'NONE', *, *, #9248, .F. );
#9122=ORIENTED_EDGE ( 'NONE', *, *, #10023, .T. );
#9123=ORIENTED_EDGE ( 'NONE', *, *, #7143, .F. );
#9124=CARTESIAN_POINT ( 'NONE',  ( 7.800000000000000700, 2.999200000000000500, 11.42928932188134200 ) );
#9125=LINE ( 'NONE', #1195, #4 );
#9126=CIRCLE ( 'NONE', #4705, 0.2749999999999996300 );
#9127=MANIFOLD_SOLID_BREP ( 'Boss-Extrude6[8]', #1933 );
#9128=EDGE_CURVE ( 'NONE', #2369, #9970, #8644, .T. );
#9129=CARTESIAN_POINT ( 'NONE',  ( 7.729289321881345200, 0.7999999999999999300, 11.42928932188134200 ) );
#9130=CARTESIAN_POINT ( 'NONE',  ( 9.000000000000024900, -1.006230589874914900, 2.359999999999810200 ) );
#9131=FACE_OUTER_BOUND ( 'NONE', #1229, .T. );
#9132=ORIENTED_EDGE ( 'NONE', *, *, #8338, .T. );
#9133=ORIENTED_EDGE ( 'NONE', *, *, #7873, .T. );
#9134=EDGE_CURVE ( 'NONE', #12792, #7733, #14358, .T. );
#9135=MECHANICAL_DESIGN_GEOMETRIC_PRESENTATION_REPRESENTATION (  '', ( #7218 ), #4077 );
#9136=ORIENTED_EDGE ( 'NONE', *, *, #9827, .T. );
#9137=FACE_OUTER_BOUND ( 'NONE', #12802, .T. );
#9138=EDGE_LOOP ( 'NONE', ( #5388, #11698, #1214, #6448 ) );
#9139=CARTESIAN_POINT ( 'NONE',  ( 0.0000000000000000000, 0.8000000000000000400, 0.2699999999999968000 ) );
#9140=ADVANCED_FACE ( 'NONE', ( #11680 ), #49, .F. );
#9141=ORIENTED_EDGE ( 'NONE', *, *, #3303, .T. );
#9142=ADVANCED_FACE ( 'NONE', ( #9436 ), #233, .T. );
#9143=LINE ( 'NONE', #3199, #4 );
#9144=CIRCLE ( 'NONE', #10113, 0.2750000000000000800 );
#9145=FACE_OUTER_BOUND ( 'NONE', #7470, .T. );
#9146=EDGE_CURVE ( 'NONE', #5278, #3702, #732, .T. );
#9147=EDGE_CURVE ( 'NONE', #4072, #9696, #12424, .T. );
#9148=EDGE_CURVE ( 'NONE', #9007, #7915, #10440, .T. );
#9149=CLOSED_SHELL ( 'NONE', ( #11887, #3494, #4057, #4298, #12845, #6215, #9496, #9944, #10484, #8442 ) );
#9150=ORIENTED_EDGE ( 'NONE', *, *, #12760, .F. );
#9151=EDGE_CURVE ( 'NONE', #8958, #2476, #81, .T. );
#9152=( GEOMETRIC_REPRESENTATION_CONTEXT ( 3 ) GLOBAL_UNCERTAINTY_ASSIGNED_CONTEXT ( ( #178 ) ) GLOBAL_UNIT_ASSIGNED_CONTEXT ( ( #7, #195, #16 ) ) REPRESENTATION_CONTEXT ( 'NONE', 'WORKASPACE' ) );
#9153=FACE_OUTER_BOUND ( 'NONE', #7996, .T. );
#9154=ORIENTED_EDGE ( 'NONE', *, *, #13946, .T. );
#9155=LINE ( 'NONE', #858, #4 );
#9156=ADVANCED_FACE ( 'NONE', ( #1505 ), #3974, .T. );
#9157=CARTESIAN_POINT ( 'NONE',  ( 1.085000000000001700, -1.006230589874914900, 0.0000000000000000000 ) );
#9158=CARTESIAN_POINT ( 'NONE',  ( -8.150000000000030600, 0.0000000000000000000, 3.179999999999995300 ) );
#9159=LINE ( 'NONE', #4603, #4373 );
#9160=FACE_OUTER_BOUND ( 'NONE', #13330, .T. );
#9161=CARTESIAN_POINT ( 'NONE',  ( 0.0000000000000000000, -1.006230589874914900, -3.540000000000003100 ) );
#9162=ORIENTED_EDGE ( 'NONE', *, *, #13516, .T. );
#9163=EDGE_LOOP ( 'NONE', ( #13234, #12332, #11980, #1062 ) );
#9164=VERTEX_POINT ( 'NONE', #1403 );
#9165=CARTESIAN_POINT ( 'NONE',  ( 3.625000000000002200, 0.0000000000000000000, 11.90000000000017100 ) );
#9166=EDGE_CURVE ( 'NONE', #738, #6163, #11117, .T. );
#9167=FACE_OUTER_BOUND ( 'NONE', #10731, .T. );
#9168=CARTESIAN_POINT ( 'NONE',  ( -8.999999999999964500, 0.8000000000000000400, 4.899999999999991500 ) );
#9169=EDGE_CURVE ( 'NONE', #3861, #2935, #13671, .T. );
#9170=AXIS2_PLACEMENT_3D ( 'NONE', #1862, #21, #31 );
#9171=ORIENTED_EDGE ( 'NONE', *, *, #5176, .T. );
#9172=ORIENTED_EDGE ( 'NONE', *, *, #13398, .F. );
#9173=ORIENTED_EDGE ( 'NONE', *, *, #6790, .F. );
#9174=ADVANCED_FACE ( 'NONE', ( #2603 ), #2563, .T. );
#9175=CARTESIAN_POINT ( 'NONE',  ( 0.0000000000000000000, -1.006230589874914900, 9.529999999999988700 ) );
#9176=ORIENTED_EDGE ( 'NONE', *, *, #92, .F. );
#9177=AXIS2_PLACEMENT_3D ( 'NONE', #4146, #135, #15 );
#9178=ORIENTED_EDGE ( 'NONE', *, *, #12833, .F. );
#9179=VERTEX_POINT ( 'NONE', #12765 );
#9180=LINE ( 'NONE', #1194, #209 );
#9181=LINE ( 'NONE', #226, #93 );
#9182=EDGE_CURVE ( 'NONE', #7376, #4668, #8923, .T. );
#9183=ORIENTED_EDGE ( 'NONE', *, *, #7987, .F. );
#9184=EDGE_LOOP ( 'NONE', ( #6669, #10831, #1314, #5075, #10555, #9032 ) );
#9185=ORIENTED_EDGE ( 'NONE', *, *, #1455, .T. );
#9186=ORIENTED_EDGE ( 'NONE', *, *, #13959, .F. );
#9187=EDGE_CURVE ( 'NONE', #11661, #2339, #5, .T. );
#9188=LINE ( 'NONE', #5210, #209 );
#9189=CARTESIAN_POINT ( 'NONE',  ( 0.0000000000000000000, -1.006230589874914900, 11.69999999999999600 ) );
#9190=ORIENTED_EDGE ( 'NONE', *, *, #13964, .T. );
#9191=LINE ( 'NONE', #2158, #36 );
#9192=EDGE_CURVE ( 'NONE', #9459, #4169, #10188, .T. );
#9193=LINE ( 'NONE', #7054, #209 );
#9194=ORIENTED_EDGE ( 'NONE', *, *, #7781, .F. );
#9195=VERTEX_POINT ( 'NONE', #2981 );
#9196=FACE_OUTER_BOUND ( 'NONE', #5245, .T. );
#9197=EDGE_LOOP ( 'NONE', ( #14267, #9734, #186, #3810, #1891, #7038 ) );
#9198=ORIENTED_EDGE ( 'NONE', *, *, #12518, .F. );
#9199=EDGE_LOOP ( 'NONE', ( #12096, #5556, #13388, #11240, #4462, #4893 ) );
#9200=EDGE_CURVE ( 'NONE', #10133, #2962, #1249, .T. );
#9201=CARTESIAN_POINT ( 'NONE',  ( -8.549999999999919000, 0.0000000000000000000, 1.909999999999995000 ) );
#9202=ADVANCED_FACE ( 'NONE', ( #4546 ), #2655, .F. );
#9203=EDGE_CURVE ( 'NONE', #14363, #2684, #653, .T. );
#9204=ADVANCED_FACE ( 'NONE', ( #1162 ), #10527, .F. );
#9205=CARTESIAN_POINT ( 'NONE',  ( 9.000000000000104800, 0.0000000000000000000, -0.0000000000000000000 ) );
#9206=AXIS2_PLACEMENT_3D ( 'NONE', #1553, #2595, #1452 );
#9207=LINE ( 'NONE', #7089, #184 );
#9208=ORIENTED_EDGE ( 'NONE', *, *, #12872, .T. );
#9209=AXIS2_PLACEMENT_3D ( 'NONE', #11663, #95, #31 );
#9210=ORIENTED_EDGE ( 'NONE', *, *, #6197, .F. );
#9211=ORIENTED_EDGE ( 'NONE', *, *, #11558, .F. );
#9212=ORIENTED_EDGE ( 'NONE', *, *, #6049, .F. );
#9213=ORIENTED_EDGE ( 'NONE', *, *, #4095, .F. );
#9214=ORIENTED_EDGE ( 'NONE', *, *, #9306, .F. );
#9215=CARTESIAN_POINT ( 'NONE',  ( -1.084999999999999100, 0.8000000000000000400, 0.0000000000000000000 ) );
#9216=CARTESIAN_POINT ( 'NONE',  ( -7.549200000000001700, 2.999200000000000500, -5.629289321881345600 ) );
#9217=CLOSED_SHELL ( 'NONE', ( #2817, #866, #1692, #1827, #8155, #2834, #4890, #7719, #13190, #8575 ) );
#9218=LINE ( 'NONE', #10886, #677 );
#9219=ADVANCED_FACE ( 'NONE', ( #2365 ), #2655, .F. );
#9220=PLANE ( 'NONE',  #11378 );
#9221=ORIENTED_EDGE ( 'NONE', *, *, #3179, .F. );
#9222=EDGE_CURVE ( 'NONE', #12672, #4216, #12666, .T. );
#9223=VERTEX_POINT ( 'NONE', #284 );
#9224=EDGE_CURVE ( 'NONE', #1602, #3661, #11268, .T. );
#9225=VERTEX_POINT ( 'NONE', #10037 );
#9226=PLANE ( 'NONE',  #10570 );
#9227=ORIENTED_EDGE ( 'NONE', *, *, #4633, .F. );
#9228=EDGE_CURVE ( 'NONE', #2935, #5435, #8798, .T. );
#9229=ORIENTED_EDGE ( 'NONE', *, *, #3551, .F. );
#9230=AXIS2_PLACEMENT_3D ( 'NONE', #4472, #1401, #2474 );
#9231=VERTEX_POINT ( 'NONE', #5952 );
#9232=FACE_OUTER_BOUND ( 'NONE', #13165, .T. );
#9233=LINE ( 'NONE', #3304, #110 );
#9234=ORIENTED_EDGE ( 'NONE', *, *, #7562, .F. );
#9235=EDGE_LOOP ( 'NONE', ( #1078, #7259, #11462, #9700 ) );
#9236=EDGE_LOOP ( 'NONE', ( #6997, #5614, #10899, #7152, #6444, #8392 ) );
#9237=ADVANCED_FACE ( 'NONE', ( #933 ), #8714, .T. );
#9238=ORIENTED_EDGE ( 'NONE', *, *, #7296, .F. );
#9239=ORIENTED_EDGE ( 'NONE', *, *, #9657, .F. );
#9240=EDGE_LOOP ( 'NONE', ( #802, #10803, #5976, #2895 ) );
#9241=PLANE ( 'NONE',  #2266 );
#9242=EDGE_CURVE ( 'NONE', #8927, #6274, #2994, .T. );
#9243=FACE_OUTER_BOUND ( 'NONE', #3227, .T. );
#9244=EDGE_LOOP ( 'NONE', ( #12680, #8293, #13842, #11993 ) );
#9245=EDGE_CURVE ( 'NONE', #5489, #3176, #2154, .T. );
#9246=EDGE_CURVE ( 'NONE', #2198, #4397, #187, .T. );
#9247=VERTEX_POINT ( 'NONE', #3200 );
#9248=EDGE_CURVE ( 'NONE', #9608, #5474, #5819, .T. );
#9249=ORIENTED_EDGE ( 'NONE', *, *, #10902, .T. );
#9250=ORIENTED_EDGE ( 'NONE', *, *, #11541, .T. );
#9251=LINE ( 'NONE', #3262, #10 );
#9252=VERTEX_POINT ( 'NONE', #6599 );
#9253=EDGE_LOOP ( 'NONE', ( #13856, #4474, #13316, #7253 ) );
#9254=ORIENTED_EDGE ( 'NONE', *, *, #3666, .F. );
#9255=EDGE_LOOP ( 'NONE', ( #10810, #10410, #2175, #6440 ) );
#9256=FACE_OUTER_BOUND ( 'NONE', #919, .T. );
#9257=ORIENTED_EDGE ( 'NONE', *, *, #4868, .T. );
#9258=VERTEX_POINT ( 'NONE', #2800 );
#9259=ORIENTED_EDGE ( 'NONE', *, *, #11279, .F. );
#9260=ORIENTED_EDGE ( 'NONE', *, *, #14331, .F. );
#9261=LINE ( 'NONE', #9363, #6334 );
#9262=VERTEX_POINT ( 'NONE', #1684 );
#9263=EDGE_CURVE ( 'NONE', #9541, #10735, #727, .T. );
#9264=EDGE_CURVE ( 'NONE', #14200, #4679, #8139, .T. );
#9265=EDGE_LOOP ( 'NONE', ( #7539, #12867, #5164, #4384 ) );
#9266=CARTESIAN_POINT ( 'NONE',  ( 9.000000000000172300, 0.8000000000000000400, 11.69999999999999600 ) );
#9267=EDGE_CURVE ( 'NONE', #1808, #5971, #10586, .T. );
#9268=VERTEX_POINT ( 'NONE', #11083 );
#9269=ORIENTED_EDGE ( 'NONE', *, *, #8970, .F. );
#9270=CARTESIAN_POINT ( 'NONE',  ( -8.150000000000034100, 0.0000000000000000000, 5.349999999999997000 ) );
#9271=AXIS2_PLACEMENT_3D ( 'NONE', #13414, #214, #15 );
#9272=EDGE_CURVE ( 'NONE', #4438, #587, #9473, .T. );
#9273=ADVANCED_FACE ( 'NONE', ( #14096 ), #275, .F. );
#9274=PLANE ( 'NONE',  #11092 );
#9275=EDGE_LOOP ( 'NONE', ( #137, #7522, #3072, #4151 ) );
#9276=CARTESIAN_POINT ( 'NONE',  ( -8.999999999999854300, 0.0000000000000000000, 8.259999999999987400 ) );
#9277=AXIS2_PLACEMENT_3D ( 'NONE', #3199, #15, #575 );
#9278=ADVANCED_FACE ( 'NONE', ( #11247 ), #746, .F. );
#9279=VERTEX_POINT ( 'NONE', #5757 );
#9280=EDGE_LOOP ( 'NONE', ( #4316, #7444, #4790, #1940 ) );
#9281=DIRECTION ( 'NONE',  ( -9.637352644315588800E-016, 0.0000000000000000000, 1.000000000000000000 ) );
#9282=ORIENTED_EDGE ( 'NONE', *, *, #9730, .T. );
#9283=EDGE_LOOP ( 'NONE', ( #3117, #10457, #12124, #6433 ) );
#9284=FACE_OUTER_BOUND ( 'NONE', #5387, .T. );
#9285=CARTESIAN_POINT ( 'NONE',  ( 8.550000000000158800, 0.8000000000000000400, 10.42999999999999400 ) );
#9286=VERTEX_POINT ( 'NONE', #13182 );
#9287=EDGE_CURVE ( 'NONE', #7748, #1459, #10919, .T. );
#9288=ORIENTED_EDGE ( 'NONE', *, *, #9757, .F. );
#9289=ORIENTED_EDGE ( 'NONE', *, *, #9055, .F. );
#9290=EDGE_CURVE ( 'NONE', #7090, #11108, #6403, .T. );
#9291=ORIENTED_EDGE ( 'NONE', *, *, #12872, .F. );
#9292=ORIENTED_EDGE ( 'NONE', *, *, #1390, .T. );
#9293=LINE ( 'NONE', #2098, #209 );
#9294=ADVANCED_FACE ( 'NONE', ( #13505 ), #2655, .F. );
#9295=CARTESIAN_POINT ( 'NONE',  ( 9.000000000000065700, 0.8000000000000000400, 0.6399999999999955700 ) );
#9296=FACE_OUTER_BOUND ( 'NONE', #6833, .T. );
#9297=FACE_OUTER_BOUND ( 'NONE', #1713, .T. );
#9298=DIRECTION ( 'NONE',  ( 1.000000000000000000, 0.0000000000000000000, 3.854941057726231600E-015 ) );
#9299=VERTEX_POINT ( 'NONE', #12132 );
#9300=FACE_OUTER_BOUND ( 'NONE', #12616, .T. );
#9301=ORIENTED_EDGE ( 'NONE', *, *, #9819, .T. );
#9302=ORIENTED_EDGE ( 'NONE', *, *, #1192, .F. );
#9303=VERTEX_POINT ( 'NONE', #994 );
#9304=EDGE_CURVE ( 'NONE', #6683, #11608, #6738, .T. );
#9305=LINE ( 'NONE', #1047, #36 );
#9306=EDGE_CURVE ( 'NONE', #9921, #231, #5, .T. );
#9307=CARTESIAN_POINT ( 'NONE',  ( 7.729289321881345200, 3.049999999999999800, 11.42928932188134200 ) );
#9308=ADVANCED_FACE ( 'NONE', ( #4737 ), #3146, .T. );
#9309=EDGE_CURVE ( 'NONE', #7454, #9541, #12491, .T. );
#9310=ORIENTED_EDGE ( 'NONE', *, *, #10411, .T. );
#9311=AXIS2_PLACEMENT_3D ( 'NONE', #1421, #234, #885 );
#9312=FACE_OUTER_BOUND ( 'NONE', #7828, .T. );
#9313=PLANE ( 'NONE',  #11710 );
#9314=FACE_OUTER_BOUND ( 'NONE', #12761, .T. );
#9315=ORIENTED_EDGE ( 'NONE', *, *, #13168, .F. );
#9316=CARTESIAN_POINT ( 'NONE',  ( 9.000000000000012400, 0.8000000000000000400, -4.265000000000035200 ) );
#9317=EDGE_LOOP ( 'NONE', ( #3484, #5903, #8737, #1917 ) );
#9318=EDGE_CURVE ( 'NONE', #1456, #11312, #1142, .T. );
#9319=EDGE_CURVE ( 'NONE', #9888, #3555, #10272, .T. );
#9320=EDGE_CURVE ( 'NONE', #5321, #5453, #3970, .T. );
#9321=AXIS2_PLACEMENT_3D ( 'NONE', #730, #9014, #2105 );
#9322=VERTEX_POINT ( 'NONE', #11262 );
#9323=EDGE_CURVE ( 'NONE', #4932, #5160, #9809, .T. );
#9324=LINE ( 'NONE', #2689, #110 );
#9325=ORIENTED_EDGE ( 'NONE', *, *, #11626, .T. );
#9326=ORIENTED_EDGE ( 'NONE', *, *, #2938, .F. );
#9327=PLANE ( 'NONE',  #9555 );
#9328=ORIENTED_EDGE ( 'NONE', *, *, #8482, .T. );
#9329=VERTEX_POINT ( 'NONE', #2987 );
#9330=LINE ( 'NONE', #983, #45 );
#9331=CARTESIAN_POINT ( 'NONE',  ( -5.999999999999999100, 0.7999999999999999300, 9.749999999999998200 ) );
#9332=ORIENTED_EDGE ( 'NONE', *, *, #12996, .F. );
#9333=CARTESIAN_POINT ( 'NONE',  ( -7.529289321881346800, 0.8000000000000000400, -5.900000000000003900 ) );
#9334=ADVANCED_FACE ( 'NONE', ( #1595 ), #1021, .T. );
#9335=EDGE_LOOP ( 'NONE', ( #7594, #5211, #10044, #10845 ) );
#9336=EDGE_LOOP ( 'NONE', ( #14450, #6709, #14054, #10341 ) );
#9337=ADVANCED_FACE ( 'NONE', ( #8485 ), #13251, .T. );
#9338=FACE_OUTER_BOUND ( 'NONE', #14297, .T. );
#9339=CLOSED_SHELL ( 'NONE', ( #1383, #3824, #6540, #7138, #566, #5801, #6787, #9768, #13527, #8402 ) );
#9340=EDGE_CURVE ( 'NONE', #8059, #9746, #3776, .T. );
#9341=ORIENTED_EDGE ( 'NONE', *, *, #4764, .F. );
#9342=LINE ( 'NONE', #10752, #93 );
#9343=EDGE_CURVE ( 'NONE', #11941, #2277, #10758, .T. );
#9344=ORIENTED_EDGE ( 'NONE', *, *, #8708, .T. );
#9345=EDGE_CURVE ( 'NONE', #13916, #9859, #1494, .T. );
#9346=ORIENTED_EDGE ( 'NONE', *, *, #6729, .T. );
#9347=ORIENTED_EDGE ( 'NONE', *, *, #6851, .T. );
#9348=STYLED_ITEM ( 'NONE', ( #77 ), #8936 );
#9349=FACE_OUTER_BOUND ( 'NONE', #6057, .T. );
#9350=CARTESIAN_POINT ( 'NONE',  ( 9.000000000000012400, -1.006230589874914900, -3.540000000000004000 ) );
#9351=EDGE_CURVE ( 'NONE', #3732, #11404, #4363, .T. );
#9352=ORIENTED_EDGE ( 'NONE', *, *, #12427, .T. );
#9353=ORIENTED_EDGE ( 'NONE', *, *, #9200, .T. );
#9354=ORIENTED_EDGE ( 'NONE', *, *, #2530, .T. );
#9355=EDGE_LOOP ( 'NONE', ( #10012, #8532, #11062, #10180 ) );
#9356=ORIENTED_EDGE ( 'NONE', *, *, #12042, .T. );
#9357=FACE_OUTER_BOUND ( 'NONE', #9244, .T. );
#9358=ORIENTED_EDGE ( 'NONE', *, *, #980, .T. );
#9359=VERTEX_POINT ( 'NONE', #5715 );
#9360=ORIENTED_EDGE ( 'NONE', *, *, #3573, .T. );
#9361=ADVANCED_FACE ( 'NONE', ( #12627 ), #2249, .T. );
#9362=LINE ( 'NONE', #7935, #45 );
#9363=CARTESIAN_POINT ( 'NONE',  ( 7.800000000000000700, 30.15163842104813000, 11.42928932188134200 ) );
#9364=PLANE ( 'NONE',  #6262 );
#9365=EDGE_LOOP ( 'NONE', ( #10573, #12535, #397, #12885 ) );
#9366=EDGE_CURVE ( 'NONE', #2322, #14063, #9968, .T. );
#9367=ORIENTED_EDGE ( 'NONE', *, *, #7070, .T. );
#9368=VERTEX_POINT ( 'NONE', #898 );
#9369=LINE ( 'NONE', #956, #205 );
#9370=ORIENTED_EDGE ( 'NONE', *, *, #2320, .T. );
#9371=ORIENTED_EDGE ( 'NONE', *, *, #5565, .F. );
#9372=ORIENTED_EDGE ( 'NONE', *, *, #8557, .T. );
#9373=ADVANCED_FACE ( 'NONE', ( #7627, #7103 ), #5966, .F. );
#9374=LINE ( 'NONE', #5538, #209 );
#9375=ORIENTED_EDGE ( 'NONE', *, *, #1220, .T. );
#9376=LINE ( 'NONE', #12665, #36 );
#9377=PLANE ( 'NONE',  #10473 );
#9378=VERTEX_POINT ( 'NONE', #2362 );
#9379=EDGE_LOOP ( 'NONE', ( #7258, #2874, #11396, #14477 ) );
#9380=EDGE_LOOP ( 'NONE', ( #14296, #12713, #11820, #9559 ) );
#9381=ORIENTED_EDGE ( 'NONE', *, *, #451, .T. );
#9382=ORIENTED_EDGE ( 'NONE', *, *, #11891, .T. );
#9383=CARTESIAN_POINT ( 'NONE',  ( -8.999999999999973400, -1.006230589874914900, 2.359999999999992300 ) );
#9384=ORIENTED_EDGE ( 'NONE', *, *, #12321, .T. );
#9385=EDGE_CURVE ( 'NONE', #8804, #8940, #6930, .T. );
#9386=VERTEX_POINT ( 'NONE', #2420 );
#9387=EDGE_CURVE ( 'NONE', #5694, #1771, #9642, .T. );
#9388=LINE ( 'NONE', #739, #493 );
#9389=ORIENTED_EDGE ( 'NONE', *, *, #8950, .T. );
#9390=ORIENTED_EDGE ( 'NONE', *, *, #10448, .T. );
#9391=LINE ( 'NONE', #218, #327 );
#9392=ORIENTED_EDGE ( 'NONE', *, *, #6379, .F. );
#9393=CARTESIAN_POINT ( 'NONE',  ( -6.534999999999998400, 0.8000000000000000400, 0.0000000000000000000 ) );
#9394=CARTESIAN_POINT ( 'NONE',  ( 8.550000000000103700, -1.006230589874914900, 5.349999999999996100 ) );
#9395=ORIENTED_EDGE ( 'NONE', *, *, #313, .T. );
#9396=VERTEX_POINT ( 'NONE', #11481 );
#9397=EDGE_LOOP ( 'NONE', ( #12067, #10250, #8205, #4942 ) );
#9398=EDGE_LOOP ( 'NONE', ( #11812, #14371, #1246, #11937, #463, #174 ) );
#9399=ORIENTED_EDGE ( 'NONE', *, *, #5869, .F. );
#9400=ORIENTED_EDGE ( 'NONE', *, *, #11995, .F. );
#9401=EDGE_CURVE ( 'NONE', #7309, #4873, #1152, .T. );
#9402=EDGE_CURVE ( 'NONE', #6538, #1052, #6918, .T. );
#9403=ORIENTED_EDGE ( 'NONE', *, *, #10837, .T. );
#9404=EDGE_CURVE ( 'NONE', #2447, #818, #3374, .T. );
#9405=PRESENTATION_LAYER_ASSIGNMENT (  '', '', ( #13863 ) );
#9406=ORIENTED_EDGE ( 'NONE', *, *, #4536, .F. );
#9407=ORIENTED_EDGE ( 'NONE', *, *, #9827, .F. );
#9408=ORIENTED_EDGE ( 'NONE', *, *, #2719, .F. );
#9409=ADVANCED_FACE ( 'NONE', ( #5079 ), #233, .T. );
#9410=EDGE_CURVE ( 'NONE', #5915, #4164, #13784, .T. );
#9411=AXIS2_PLACEMENT_3D ( 'NONE', #3871, #2595, #1452 );
#9412=ORIENTED_EDGE ( 'NONE', *, *, #7240, .T. );
#9413=CARTESIAN_POINT ( 'NONE',  ( 2.725000000000001000, -1.006230589874914900, 12.29999999999999700 ) );
#9414=ADVANCED_FACE ( 'NONE', ( #14233 ), #8441, .F. );
#9415=AXIS2_PLACEMENT_3D ( 'NONE', #4603, #8763, #7729 );
#9416=CARTESIAN_POINT ( 'NONE',  ( 9.000000000000104800, 0.8000000000000000400, 5.349999999999996100 ) );
#9417=VERTEX_POINT ( 'NONE', #3958 );
#9418=PLANE ( 'NONE',  #7525 );
#9419=ORIENTED_EDGE ( 'NONE', *, *, #12946, .T. );
#9420=LINE ( 'NONE', #1380, #493 );
#9421=EDGE_LOOP ( 'NONE', ( #7196, #14222, #12419, #7843, #9577, #12540 ) );
#9422=ORIENTED_EDGE ( 'NONE', *, *, #4523, .F. );
#9423=EDGE_LOOP ( 'NONE', ( #1643, #2576, #3643, #2146 ) );
#9424=FACE_OUTER_BOUND ( 'NONE', #1270, .T. );
#9425=VERTEX_POINT ( 'NONE', #4009 );
#9426=FACE_OUTER_BOUND ( 'NONE', #12981, .T. );
#9427=EDGE_LOOP ( 'NONE', ( #13447, #13379, #8209, #4478 ) );
#9428=EDGE_CURVE ( 'NONE', #8650, #7180, #11231, .T. );
#9429=ORIENTED_EDGE ( 'NONE', *, *, #1122, .T. );
#9430=EDGE_CURVE ( 'NONE', #9057, #8865, #81, .T. );
#9431=ADVANCED_FACE ( 'NONE', ( #4171 ), #13, .T. );
#9432=ORIENTED_EDGE ( 'NONE', *, *, #10105, .T. );
#9433=LINE ( 'NONE', #1280, #184 );
#9434=EDGE_CURVE ( 'NONE', #2514, #1823, #7608, .T. );
#9435=PRESENTATION_LAYER_ASSIGNMENT (  '', '', ( #2439 ) );
#9436=FACE_OUTER_BOUND ( 'NONE', #4401, .T. );
#9437=ORIENTED_EDGE ( 'NONE', *, *, #10411, .F. );
#9438=VERTEX_POINT ( 'NONE', #7817 );
#9439=FACE_OUTER_BOUND ( 'NONE', #1178, .T. );
#9440=ORIENTED_EDGE ( 'NONE', *, *, #1893, .T. );
#9441=LINE ( 'NONE', #11515, #184 );
#9442=ORIENTED_EDGE ( 'NONE', *, *, #5158, .T. );
#9443=EDGE_LOOP ( 'NONE', ( #2189, #8404, #4967, #13404, #4616, #13226 ) );
#9444=ADVANCED_FACE ( 'NONE', ( #10741 ), #12596, .F. );
#9445=EDGE_CURVE ( 'NONE', #2770, #3960, #8633, .T. );
#9446=LINE ( 'NONE', #13119, #184 );
#9447=ORIENTED_EDGE ( 'NONE', *, *, #13037, .F. );
#9448=ORIENTED_EDGE ( 'NONE', *, *, #3621, .F. );
#9449=ORIENTED_EDGE ( 'NONE', *, *, #4254, .F. );
#9450=EDGE_LOOP ( 'NONE', ( #1981, #1537, #3855, #3323, #654, #11365, #7922, #7738, #2133, #4869, #10627, #8697, #3256, #1374, #2020, #4287, #6518, #11780, #11553, #8107, #3858, #3881, #6029, #3185, #7162, #2130, #1093, #8016 ) );
#9451=EDGE_CURVE ( 'NONE', #231, #8522, #10114, .T. );
#9452=AXIS2_PLACEMENT_3D ( 'NONE', #6317, #95, #31 );
#9453=LINE ( 'NONE', #1002, #36 );
#9454=ORIENTED_EDGE ( 'NONE', *, *, #13016, .T. );
#9455=EDGE_LOOP ( 'NONE', ( #10955, #11132, #8563, #3186 ) );
#9456=CIRCLE ( 'NONE', #8828, 0.2507999999999998000 );
#9457=FACE_OUTER_BOUND ( 'NONE', #10598, .T. );
#9458=EDGE_CURVE ( 'NONE', #6413, #2302, #12476, .T. );
#9459=VERTEX_POINT ( 'NONE', #11649 );
#9460=ORIENTED_EDGE ( 'NONE', *, *, #1363, .T. );
#9461=ORIENTED_EDGE ( 'NONE', *, *, #13731, .F. );
#9462=PLANE ( 'NONE',  #804 );
#9463=PLANE ( 'NONE',  #10866 );
#9464=LINE ( 'NONE', #1002, #209 );
#9465=EDGE_LOOP ( 'NONE', ( #14364, #12357, #10739, #1091, #7156, #2926 ) );
#9466=CARTESIAN_POINT ( 'NONE',  ( -8.999999999999893400, 0.0000000000000000000, 5.349999999999997000 ) );
#9467=ORIENTED_EDGE ( 'NONE', *, *, #3660, .T. );
#9468=ORIENTED_EDGE ( 'NONE', *, *, #12589, .T. );
#9469=FACE_OUTER_BOUND ( 'NONE', #1507, .T. );
#9470=EDGE_CURVE ( 'NONE', #12154, #8284, #2975, .T. );
#9471=ORIENTED_EDGE ( 'NONE', *, *, #10599, .T. );
#9472=EDGE_CURVE ( 'NONE', #14363, #2081, #12344, .T. );
#9473=LINE ( 'NONE', #3418, #184 );
#9474=PLANE ( 'NONE',  #429 );
#9475=MECHANICAL_DESIGN_GEOMETRIC_PRESENTATION_REPRESENTATION (  '', ( #8031 ), #1279 );
#9476=LINE ( 'NONE', #3208, #205 );
#9477=CARTESIAN_POINT ( 'NONE',  ( -7.549200000000001700, 2.999200000000000500, 11.42928932188134200 ) );
#9478=AXIS2_PLACEMENT_3D ( 'NONE', #12443, #19, #135 );
#9479=CARTESIAN_POINT ( 'NONE',  ( -2.724999999999998300, 0.0000000000000000000, 0.0000000000000000000 ) );
#9480=STYLED_ITEM ( 'NONE', ( #77 ), #6522 );
#9481=LINE ( 'NONE', #2628, #1276 );
#9482=CLOSED_SHELL ( 'NONE', ( #4707, #12471, #5159, #4280, #8234, #1800 ) );
#9483=CARTESIAN_POINT ( 'NONE',  ( 0.0000000000000000000, 0.0000000000000000000, -3.540000000000003100 ) );
#9484=ADVANCED_FACE ( 'NONE', ( #9131 ), #9821, .F. );
#9485=ORIENTED_EDGE ( 'NONE', *, *, #4628, .F. );
#9486=FACE_OUTER_BOUND ( 'NONE', #181, .T. );
#9487=ADVANCED_FACE ( 'NONE', ( #8785 ), #7514, .F. );
#9488=EDGE_LOOP ( 'NONE', ( #1330, #12127, #14099, #10292 ) );
#9489=PRESENTATION_LAYER_ASSIGNMENT (  '', '', ( #10594 ) );
#9490=EDGE_CURVE ( 'NONE', #8450, #410, #9792, .T. );
#9491=EDGE_CURVE ( 'NONE', #7486, #7230, #5984, .T. );
#9492=ORIENTED_EDGE ( 'NONE', *, *, #14413, .F. );
#9493=ORIENTED_EDGE ( 'NONE', *, *, #7710, .F. );
#9494=EDGE_CURVE ( 'NONE', #4491, #8963, #5996, .T. );
#9495=FACE_OUTER_BOUND ( 'NONE', #4672, .T. );
#9496=ADVANCED_FACE ( 'NONE', ( #11866 ), #13, .T. );
#9497=ORIENTED_EDGE ( 'NONE', *, *, #474, .T. );
#9498=ADVANCED_FACE ( 'NONE', ( #4909 ), #8797, .F. );
#9499=FACE_OUTER_BOUND ( 'NONE', #6490, .T. );
#9500=ORIENTED_EDGE ( 'NONE', *, *, #7064, .T. );
#9501=CARTESIAN_POINT ( 'NONE',  ( -8.999999999999865000, 0.8000000000000000400, 7.164999999999990300 ) );
#9502=VERTEX_POINT ( 'NONE', #7622 );
#9503=ORIENTED_EDGE ( 'NONE', *, *, #13554, .F. );
#9504=CARTESIAN_POINT ( 'NONE',  ( -1.454999999999997900, 0.8000000000000000400, 0.0000000000000000000 ) );
#9505=FACE_OUTER_BOUND ( 'NONE', #13436, .T. );
#9506=ORIENTED_EDGE ( 'NONE', *, *, #13413, .F. );
#9507=FACE_OUTER_BOUND ( 'NONE', #2705, .T. );
#9508=EDGE_CURVE ( 'NONE', #7445, #5791, #5804, .T. );
#9509=EDGE_LOOP ( 'NONE', ( #9257, #6432, #12925, #13468 ) );
#9510=EDGE_LOOP ( 'NONE', ( #463, #2383, #2507, #13002 ) );
#9511=AXIS2_PLACEMENT_3D ( 'NONE', #5198, #19, #135 );
#9512=LINE ( 'NONE', #7790, #184 );
#9513=EDGE_CURVE ( 'NONE', #8412, #14424, #4144, .T. );
#9514=MECHANICAL_DESIGN_GEOMETRIC_PRESENTATION_REPRESENTATION (  '', ( #13737 ), #2842 );
#9515=ADVANCED_FACE ( 'NONE', ( #2184 ), #49, .T. );
#9516=MECHANICAL_DESIGN_GEOMETRIC_PRESENTATION_REPRESENTATION (  '', ( #3392 ), #8866 );
#9517=VERTEX_POINT ( 'NONE', #6526 );
#9518=EDGE_LOOP ( 'NONE', ( #9664, #9731, #14150, #12006 ) );
#9519=CARTESIAN_POINT ( 'NONE',  ( -7.800000000000001600, 2.999200000000000500, 11.44919999999999600 ) );
#9520=LINE ( 'NONE', #984, #4373 );
#9521=ORIENTED_EDGE ( 'NONE', *, *, #14166, .F. );
#9522=CLOSED_SHELL ( 'NONE', ( #10609, #2337, #2336, #7875, #8662, #11784, #12103, #8172, #5319, #7793 ) );
#9523=CYLINDRICAL_SURFACE ( 'NONE', #1607, 0.2749999999999991900 );
#9524=EDGE_LOOP ( 'NONE', ( #2798, #9183, #3360, #5854 ) );
#9525=EDGE_LOOP ( 'NONE', ( #12003, #2642, #13504, #3369, #8289, #8423 ) );
#9526=CIRCLE ( 'NONE', #12800, 0.2750000000000000800 );
#9527=PLANE ( 'NONE',  #1924 );
#9528=EDGE_CURVE ( 'NONE', #2230, #901, #2786, .T. );
#9529=ORIENTED_EDGE ( 'NONE', *, *, #13019, .F. );
#9530=EDGE_CURVE ( 'NONE', #263, #587, #8122, .T. );
#9531=VERTEX_POINT ( 'NONE', #1323 );
#9532=EDGE_CURVE ( 'NONE', #1250, #11998, #5612, .T. );
#9533=MECHANICAL_DESIGN_GEOMETRIC_PRESENTATION_REPRESENTATION (  '', ( #2869 ), #5593 );
#9534=ORIENTED_EDGE ( 'NONE', *, *, #7477, .F. );
#9535=EDGE_LOOP ( 'NONE', ( #10279, #9101, #3486, #2477 ) );
#9536=ORIENTED_EDGE ( 'NONE', *, *, #10525, .F. );
#9537=PRESENTATION_LAYER_ASSIGNMENT (  '', '', ( #4849 ) );
#9538=ORIENTED_EDGE ( 'NONE', *, *, #2213, .F. );
#9539=VERTEX_POINT ( 'NONE', #240 );
#9540=LINE ( 'NONE', #2182, #205 );
#9541=VERTEX_POINT ( 'NONE', #2734 );
#9542=CARTESIAN_POINT ( 'NONE',  ( 8.550000000000023800, 0.04999999999999991300, -2.270000000000004000 ) );
#9543=VERTEX_POINT ( 'NONE', #675 );
#9544=ADVANCED_FACE ( 'NONE', ( #13489 ), #49, .F. );
#9545=VERTEX_POINT ( 'NONE', #3816 );
#9546=ORIENTED_EDGE ( 'NONE', *, *, #10353, .F. );
#9547=ADVANCED_FACE ( 'NONE', ( #5268 ), #9964, .T. );
#9548=LINE ( 'NONE', #1453, #4 );
#9549=EDGE_CURVE ( 'NONE', #7383, #12602, #2389, .T. );
#9550=CARTESIAN_POINT ( 'NONE',  ( 9.000000000000119000, 0.0000000000000000000, 5.719999999999996200 ) );
#9551=CARTESIAN_POINT ( 'NONE',  ( -8.549999999999919000, 0.8000000000000000400, 0.0000000000000000000 ) );
#9552=EDGE_CURVE ( 'NONE', #6113, #569, #11849, .T. );
#9553=CARTESIAN_POINT ( 'NONE',  ( -5.264999999999997900, 0.8000000000000000400, 0.0000000000000000000 ) );
#9554=ORIENTED_EDGE ( 'NONE', *, *, #251, .T. );
#9555=AXIS2_PLACEMENT_3D ( 'NONE', #960, #95, #31 );
#9556=FACE_OUTER_BOUND ( 'NONE', #1287, .T. );
#9557=EDGE_LOOP ( 'NONE', ( #1895, #2537, #11201, #12932 ) );
#9558=AXIS2_PLACEMENT_3D ( 'NONE', #4246, #95, #31 );
#9559=ORIENTED_EDGE ( 'NONE', *, *, #13360, .F. );
#9560=FACE_OUTER_BOUND ( 'NONE', #12113, .T. );
#9561=PRESENTATION_LAYER_ASSIGNMENT (  '', '', ( #14387 ) );
#9562=ORIENTED_EDGE ( 'NONE', *, *, #8099, .T. );
#9563=ORIENTED_EDGE ( 'NONE', *, *, #11639, .T. );
#9564=MANIFOLD_SOLID_BREP ( 'Boss-Extrude5[23]', #9339 );
#9565=ADVANCED_FACE ( 'NONE', ( #4891 ), #49, .T. );
#9566=ORIENTED_EDGE ( 'NONE', *, *, #4368, .F. );
#9567=CARTESIAN_POINT ( 'NONE',  ( 0.0000000000000000000, -1.006230589874914900, 6.619999999999997400 ) );
#9568=ORIENTED_EDGE ( 'NONE', *, *, #11626, .F. );
#9569=EDGE_LOOP ( 'NONE', ( #8610, #11119, #2097, #2119 ) );
#9570=AXIS2_PLACEMENT_3D ( 'NONE', #12835, #250, #31 );
#9571=EDGE_CURVE ( 'NONE', #263, #587, #14503, .T. );
#9572=EDGE_LOOP ( 'NONE', ( #12685, #9326, #10047, #7957, #9891, #12506, #7537, #13245, #12477, #10034, #12852, #6922, #12568, #11657, #8064, #11473, #2897, #4257, #9769, #12767, #13340, #5344, #1922, #4664, #9500, #10624, #12766, #13708, #4163, #9239, #8084, #5596, #10626, #9449, #8722, #4456, #11632, #1034, #10338, #6217, #12752, #5047, #13598, #11768, #1113, #12929, #5882, #7895, #13095, #11274, #1880, #2964, #4231, #6394, #13924, #3942, #7146, #3490, #13729, #9227, #12325, #8863, #6688, #4784, #4519, #676, #6981, #14513, #213, #2259, #2211, #4107, #10892, #1478, #6348, #13529, #12076, #5959, #7019, #7290, #11769, #2251, #6796, #5128, #12082, #695, #7438, #5051, #593, #13614, #9582, #9676, #3305, #10175, #5970, #735, #12769, #11653, #1099, #7069, #8668, #13008, #11640, #5496, #11139, #10220, #12455, #2554, #14051, #4765, #14499, #4340, #5377, #11491, #5267, #1897, #14244, #11659, #10217, #3026, #1865, #6901, #8954, #11198, #9172, #10179, #5391, #3295, #13835, #8299, #11340, #9406, #11451, #10380, #9282, #2646, #278, #4391, #7114, #10646, #11605, #8726, #12175, #6328, #5930, #4660, #2547, #9534, #8903, #6414, #11623, #2857, #217, #7582, #12670, #911, #2442, #7311, #7294, #11186, #12208, #2069, #8605, #14460 ) );
#9573=EDGE_CURVE ( 'NONE', #5172, #5712, #5977, .T. );
#9574=CARTESIAN_POINT ( 'NONE',  ( 9.000000000000104800, 0.8000000000000000400, 5.174999999999752000 ) );
#9575=ORIENTED_EDGE ( 'NONE', *, *, #9643, .T. );
#9576=EDGE_CURVE ( 'NONE', #5349, #9164, #13052, .T. );
#9577=ORIENTED_EDGE ( 'NONE', *, *, #12744, .F. );
#9578=COLOUR_RGB ( '',0.2509803921568627400, 0.2509803921568627400, 0.2509803921568627400 );
#9579=ORIENTED_EDGE ( 'NONE', *, *, #14104, .T. );
#9580=CARTESIAN_POINT ( 'NONE',  ( 0.0000000000000000000, -1.006230589874914900, 1.909999999999995000 ) );
#9581=ORIENTED_EDGE ( 'NONE', *, *, #5320, .F. );
#9582=ORIENTED_EDGE ( 'NONE', *, *, #9830, .F. );
#9583=LINE ( 'NONE', #4379, #209 );
#9584=DIRECTION ( 'NONE',  ( -0.0000000000000000000, 1.000000000000000000, 0.0000000000000000000 ) );
#9585=ADVANCED_FACE ( 'NONE', ( #2380 ), #6727, .T. );
#9586=CLOSED_SHELL ( 'NONE', ( #8463, #4556, #7231, #659, #8641, #5222, #478, #7254, #6398, #11989 ) );
#9587=LINE ( 'NONE', #8192, #908 );
#9588=ORIENTED_EDGE ( 'NONE', *, *, #5202, .F. );
#9589=ORIENTED_EDGE ( 'NONE', *, *, #4364, .T. );
#9590=ORIENTED_EDGE ( 'NONE', *, *, #1008, .T. );
#9591=ORIENTED_EDGE ( 'NONE', *, *, #7690, .F. );
#9592=FACE_OUTER_BOUND ( 'NONE', #7576, .T. );
#9593=EDGE_CURVE ( 'NONE', #4465, #1172, #13631, .T. );
#9594=FACE_OUTER_BOUND ( 'NONE', #9525, .T. );
#9595=EDGE_CURVE ( 'NONE', #10011, #8450, #9781, .T. );
#9596=EDGE_CURVE ( 'NONE', #1809, #4141, #7593, .T. );
#9597=EDGE_LOOP ( 'NONE', ( #3059, #13326, #7760, #7634 ) );
#9598=PRESENTATION_LAYER_ASSIGNMENT (  '', '', ( #2095 ) );
#9599=LINE ( 'NONE', #315, #209 );
#9600=EDGE_LOOP ( 'NONE', ( #8216, #3509, #4526, #8183 ) );
#9601=ORIENTED_EDGE ( 'NONE', *, *, #12517, .T. );
#9602=CARTESIAN_POINT ( 'NONE',  ( 9.000000000000158100, 0.8000000000000000400, 9.529999999999997600 ) );
#9603=CARTESIAN_POINT ( 'NONE',  ( -8.549999999999958100, 0.04999999999999991300, -1.900000000000006800 ) );
#9604=CARTESIAN_POINT ( 'NONE',  ( -8.999999999999840100, 0.8000000000000000400, 9.529999999999997600 ) );
#9605=PLANE ( 'NONE',  #12577 );
#9606=ORIENTED_EDGE ( 'NONE', *, *, #8346, .F. );
#9607=ORIENTED_EDGE ( 'NONE', *, *, #7711, .T. );
#9608=VERTEX_POINT ( 'NONE', #10038 );
#9609=LINE ( 'NONE', #6599, #45 );
#9610=ORIENTED_EDGE ( 'NONE', *, *, #12463, .F. );
#9611=LINE ( 'NONE', #3029, #45 );
#9612=ORIENTED_EDGE ( 'NONE', *, *, #11771, .F. );
#9613=ORIENTED_EDGE ( 'NONE', *, *, #13717, .T. );
#9614=VERTEX_POINT ( 'NONE', #11253 );
#9615=EDGE_CURVE ( 'NONE', #13931, #157, #1975, .T. );
#9616=CARTESIAN_POINT ( 'NONE',  ( -8.999999999999959100, 0.0000000000000000000, -1.900000000000006800 ) );
#9617=EDGE_CURVE ( 'NONE', #3415, #2634, #1077, .T. );
#9618=EDGE_LOOP ( 'NONE', ( #5679, #4534, #316, #4252 ) );
#9619=EDGE_CURVE ( 'NONE', #4332, #958, #12912, .T. );
#9620=CARTESIAN_POINT ( 'NONE',  ( -8.999999999999941400, 0.0000000000000000000, 11.24999999999998900 ) );
#9621=ORIENTED_EDGE ( 'NONE', *, *, #13127, .T. );
#9622=ORIENTED_EDGE ( 'NONE', *, *, #1615, .T. );
#9623=ADVANCED_FACE ( 'NONE', ( #12152 ), #685, .T. );
#9624=CARTESIAN_POINT ( 'NONE',  ( 9.000000000000056800, 0.8000000000000000400, 11.24999999999999600 ) );
#9625=ORIENTED_EDGE ( 'NONE', *, *, #3110, .F. );
#9626=ADVANCED_FACE ( 'NONE', ( #245 ), #685, .T. );
#9627=AXIS2_PLACEMENT_3D ( 'NONE', #5337, #917, #6966 );
#9628=EDGE_LOOP ( 'NONE', ( #12312, #12793, #8181, #10842, #6995, #2774 ) );
#9629=LINE ( 'NONE', #4354, #45 );
#9630=ORIENTED_EDGE ( 'NONE', *, *, #6463, .T. );
#9631=ORIENTED_EDGE ( 'NONE', *, *, #633, .F. );
#9632=ORIENTED_EDGE ( 'NONE', *, *, #3902, .F. );
#9633=LINE ( 'NONE', #552, #4 );
#9634=ORIENTED_EDGE ( 'NONE', *, *, #5338, .T. );
#9635=ORIENTED_EDGE ( 'NONE', *, *, #4225, .T. );
#9636=CARTESIAN_POINT ( 'NONE',  ( 6.535000000000001900, 0.0000000000000000000, 11.90000000000017100 ) );
#9637=CARTESIAN_POINT ( 'NONE',  ( -8.999999999999934300, 0.8000000000000000400, 0.0000000000000000000 ) );
#9638=LINE ( 'NONE', #13201, #45 );
#9639=VERTEX_POINT ( 'NONE', #444 );
#9640=LINE ( 'NONE', #2141, #493 );
#9641=ADVANCED_FACE ( 'NONE', ( #3748 ), #49, .F. );
#9642=LINE ( 'NONE', #12433, #36 );
#9643=EDGE_CURVE ( 'NONE', #2191, #3023, #11059, .T. );
#9644=ADVANCED_FACE ( 'NONE', ( #13341 ), #49, .F. );
#9645=AXIS2_PLACEMENT_3D ( 'NONE', #1661, #95, #31 );
#9646=EDGE_CURVE ( 'NONE', #2829, #1399, #9446, .T. );
#9647=ORIENTED_EDGE ( 'NONE', *, *, #9619, .T. );
#9648=FACE_OUTER_BOUND ( 'NONE', #8578, .T. );
#9649=AXIS2_PLACEMENT_3D ( 'NONE', #439, #3384, #502 );
#9650=CARTESIAN_POINT ( 'NONE',  ( 2.180000000000001500, 0.0000000000000000000, 12.74999999999999800 ) );
#9651=CARTESIAN_POINT ( 'NONE',  ( 0.0000000000000000000, 3.049999999999999800, 0.0000000000000000000 ) );
#9652=ADVANCED_FACE ( 'NONE', ( #1137 ), #13, .T. );
#9653=FACE_OUTER_BOUND ( 'NONE', #5102, .T. );
#9654=ORIENTED_EDGE ( 'NONE', *, *, #10704, .T. );
#9655=EDGE_CURVE ( 'NONE', #9386, #1768, #4155, .T. );
#9656=CARTESIAN_POINT ( 'NONE',  ( -8.549999999999984700, 0.0000000000000000000, -4.440000000000004800 ) );
#9657=EDGE_CURVE ( 'NONE', #569, #12567, #9953, .T. );
#9658=ORIENTED_EDGE ( 'NONE', *, *, #13399, .T. );
#9659=AXIS2_PLACEMENT_3D ( 'NONE', #772, #135, #15 );
#9660=ORIENTED_EDGE ( 'NONE', *, *, #631, .F. );
#9661=AXIS2_PLACEMENT_3D ( 'NONE', #2214, #15, #575 );
#9662=PLANE ( 'NONE',  #10643 );
#9663=VERTEX_POINT ( 'NONE', #8143 );
#9664=ORIENTED_EDGE ( 'NONE', *, *, #5352, .F. );
#9665=CYLINDRICAL_SURFACE ( 'NONE', #12525, 0.2750000000000000800 );
#9666=ORIENTED_EDGE ( 'NONE', *, *, #11592, .F. );
#9667=VERTEX_POINT ( 'NONE', #4532 );
#9668=EDGE_CURVE ( 'NONE', #8814, #662, #11946, .T. );
#9669=EDGE_CURVE ( 'NONE', #4679, #4719, #3084, .T. );
#9670=EDGE_CURVE ( 'NONE', #8356, #14470, #81, .T. );
#9671=VERTEX_POINT ( 'NONE', #4685 );
#9672=EDGE_CURVE ( 'NONE', #12193, #10263, #9629, .T. );
#9673=EDGE_LOOP ( 'NONE', ( #12695, #369, #14232, #14294, #7263, #9562 ) );
#9674=ORIENTED_EDGE ( 'NONE', *, *, #13679, .T. );
#9675=FACE_OUTER_BOUND ( 'NONE', #12452, .T. );
#9676=ORIENTED_EDGE ( 'NONE', *, *, #8556, .F. );
#9677=ORIENTED_EDGE ( 'NONE', *, *, #10349, .F. );
#9678=ORIENTED_EDGE ( 'NONE', *, *, #2916, .F. );
#9679=ORIENTED_EDGE ( 'NONE', *, *, #13644, .T. );
#9680=LINE ( 'NONE', #12726, #184 );
#9681=ADVANCED_FACE ( 'NONE', ( #11395 ), #14288, .T. );
#9682=ORIENTED_EDGE ( 'NONE', *, *, #1164, .F. );
#9683=EDGE_LOOP ( 'NONE', ( #3858, #4821, #12377, #5522 ) );
#9684=ORIENTED_EDGE ( 'NONE', *, *, #4025, .T. );
#9685=EDGE_CURVE ( 'NONE', #294, #14349, #8623, .T. );
#9686=CARTESIAN_POINT ( 'NONE',  ( 9.000000000000012400, -1.006230589874914900, -4.440000000000004800 ) );
#9687=LINE ( 'NONE', #4965, #4 );
#9688=ORIENTED_EDGE ( 'NONE', *, *, #2089, .F. );
#9689=EDGE_CURVE ( 'NONE', #8958, #4404, #12481, .T. );
#9690=VERTEX_POINT ( 'NONE', #3162 );
#9691=VERTEX_POINT ( 'NONE', #13240 );
#9692=CARTESIAN_POINT ( 'NONE',  ( 8.550000000000052200, 0.05000000000000000300, -0.6300000000000046700 ) );
#9693=EDGE_CURVE ( 'NONE', #3861, #9909, #13025, .T. );
#9694=PLANE ( 'NONE',  #12985 );
#9695=ADVANCED_FACE ( 'NONE', ( #914 ), #8372, .T. );
#9696=VERTEX_POINT ( 'NONE', #8332 );
#9697=ORIENTED_EDGE ( 'NONE', *, *, #13639, .T. );
#9698=ADVANCED_FACE ( 'NONE', ( #5788 ), #7080, .F. );
#9699=LINE ( 'NONE', #3777, #184 );
#9700=ORIENTED_EDGE ( 'NONE', *, *, #11316, .F. );
#9701=LINE ( 'NONE', #6139, #36 );
#9702=ORIENTED_EDGE ( 'NONE', *, *, #7889, .T. );
#9703=ORIENTED_EDGE ( 'NONE', *, *, #7062, .F. );
#9704=ORIENTED_EDGE ( 'NONE', *, *, #11475, .T. );
#9705=CARTESIAN_POINT ( 'NONE',  ( 8.550000000000064700, 0.0000000000000000000, 0.6399999999999955700 ) );
#9706=EDGE_LOOP ( 'NONE', ( #2066, #10934, #5603, #3028 ) );
#9707=ORIENTED_EDGE ( 'NONE', *, *, #8946, .F. );
#9708=FACE_OUTER_BOUND ( 'NONE', #1322, .T. );
#9709=EDGE_LOOP ( 'NONE', ( #12012, #13700, #2739, #7401 ) );
#9710=EDGE_CURVE ( 'NONE', #10735, #3497, #2960, .T. );
#9711=AXIS2_PLACEMENT_3D ( 'NONE', #13380, #19, #135 );
#9712=ORIENTED_EDGE ( 'NONE', *, *, #7235, .F. );
#9713=LINE ( 'NONE', #9129, #209 );
#9714=ORIENTED_EDGE ( 'NONE', *, *, #12964, .F. );
#9715=AXIS2_PLACEMENT_3D ( 'NONE', #5249, #891, #669 );
#9716=ORIENTED_EDGE ( 'NONE', *, *, #8764, .T. );
#9717=ORIENTED_EDGE ( 'NONE', *, *, #11227, .T. );
#9718=ORIENTED_EDGE ( 'NONE', *, *, #11521, .F. );
#9719=ADVANCED_FACE ( 'NONE', ( #12170 ), #2449, .F. );
#9720=EDGE_CURVE ( 'NONE', #3919, #3443, #14070, .T. );
#9721=VERTEX_POINT ( 'NONE', #1131 );
#9722=AXIS2_PLACEMENT_3D ( 'NONE', #7384, #19, #135 );
#9723=LINE ( 'NONE', #12509, #36 );
#9724=LINE ( 'NONE', #2827, #493 );
#9725=VERTEX_POINT ( 'NONE', #8192 );
#9726=VERTEX_POINT ( 'NONE', #6099 );
#9727=FACE_OUTER_BOUND ( 'NONE', #10673, .T. );
#9728=ORIENTED_EDGE ( 'NONE', *, *, #12795, .T. );
#9729=VERTEX_POINT ( 'NONE', #1183 );
#9730=EDGE_CURVE ( 'NONE', #12841, #11108, #732, .T. );
#9731=ORIENTED_EDGE ( 'NONE', *, *, #12604, .F. );
#9732=EDGE_CURVE ( 'NONE', #5113, #2660, #11538, .T. );
#9733=ORIENTED_EDGE ( 'NONE', *, *, #7871, .T. );
#9734=ORIENTED_EDGE ( 'NONE', *, *, #12894, .F. );
#9735=EDGE_CURVE ( 'NONE', #12308, #5025, #5062, .T. );
#9736=AXIS2_PLACEMENT_3D ( 'NONE', #1519, #19, #135 );
#9737=AXIS2_PLACEMENT_3D ( 'NONE', #4459, #65, #15 );
#9738=ORIENTED_EDGE ( 'NONE', *, *, #8702, .T. );
#9739=AXIS2_PLACEMENT_3D ( 'NONE', #13694, #19, #135 );
#9740=ORIENTED_EDGE ( 'NONE', *, *, #12682, .T. );
#9741=CARTESIAN_POINT ( 'NONE',  ( 4.895000000000002200, 0.0000000000000000000, 12.29999999999999700 ) );
#9742=ORIENTED_EDGE ( 'NONE', *, *, #10082, .F. );
#9743=LINE ( 'NONE', #4990, #908 );
#9744=CIRCLE ( 'NONE', #8334, 0.2749999999999996300 );
#9745=ORIENTED_EDGE ( 'NONE', *, *, #742, .F. );
#9746=VERTEX_POINT ( 'NONE', #2613 );
#9747=CARTESIAN_POINT ( 'NONE',  ( 3.625000000000002200, -1.006230589874914900, 0.0000000000000000000 ) );
#9748=FACE_OUTER_BOUND ( 'NONE', #637, .T. );
#9749=CARTESIAN_POINT ( 'NONE',  ( 7.729289321881345200, 0.8000000000000056000, 11.49999999999999600 ) );
#9750=EDGE_CURVE ( 'NONE', #10504, #5310, #5461, .T. );
#9751=ORIENTED_EDGE ( 'NONE', *, *, #6875, .T. );
#9752=EDGE_CURVE ( 'NONE', #626, #3671, #10118, .T. );
#9753=ADVANCED_FACE ( 'NONE', ( #10906 ), #11595, .F. );
#9754=LINE ( 'NONE', #378, #36 );
#9755=LINE ( 'NONE', #8577, #36 );
#9756=ORIENTED_EDGE ( 'NONE', *, *, #7893, .T. );
#9757=EDGE_CURVE ( 'NONE', #11940, #2631, #8129, .T. );
#9758=AXIS2_PLACEMENT_3D ( 'NONE', #3255, #95, #31 );
#9759=ORIENTED_EDGE ( 'NONE', *, *, #9800, .F. );
#9760=ORIENTED_EDGE ( 'NONE', *, *, #13265, .T. );
#9761=CARTESIAN_POINT ( 'NONE',  ( -8.999999999999944900, -1.006230589874914900, 9.979999999999989800 ) );
#9762=ORIENTED_EDGE ( 'NONE', *, *, #13908, .T. );
#9763=FACE_OUTER_BOUND ( 'NONE', #449, .T. );
#9764=CARTESIAN_POINT ( 'NONE',  ( 0.0000000000000000000, 3.049999999999999800, 11.42928932188134200 ) );
#9765=ORIENTED_EDGE ( 'NONE', *, *, #5279, .T. );
#9766=ORIENTED_EDGE ( 'NONE', *, *, #7752, .T. );
#9767=ADVANCED_FACE ( 'NONE', ( #4177 ), #959, .F. );
#9768=ADVANCED_FACE ( 'NONE', ( #712 ), #13790, .F. );
#9769=ORIENTED_EDGE ( 'NONE', *, *, #13570, .T. );
#9770=EDGE_CURVE ( 'NONE', #5064, #4714, #2566, .T. );
#9771=ORIENTED_EDGE ( 'NONE', *, *, #2311, .F. );
#9772=EDGE_CURVE ( 'NONE', #4169, #5700, #6162, .T. );
#9773=CARTESIAN_POINT ( 'NONE',  ( 9.000000000000172300, -1.006230589874914900, 0.0000000000000000000 ) );
#9774=EDGE_CURVE ( 'NONE', #2281, #1677, #13196, .T. );
#9775=VERTEX_POINT ( 'NONE', #11360 );
#9776=LINE ( 'NONE', #34, #36 );
#9777=EDGE_CURVE ( 'NONE', #3732, #11404, #11872, .T. );
#9778=AXIS2_PLACEMENT_3D ( 'NONE', #7992, #21, #31 );
#9779=AXIS2_PLACEMENT_3D ( 'NONE', #11696, #19, #135 );
#9780=LINE ( 'NONE', #983, #493 );
#9781=LINE ( 'NONE', #10971, #36 );
#9782=ORIENTED_EDGE ( 'NONE', *, *, #3685, .T. );
#9783=PLANE ( 'NONE',  #13268 );
#9784=VERTEX_POINT ( 'NONE', #865 );
#9785=ORIENTED_EDGE ( 'NONE', *, *, #2030, .T. );
#9786=LINE ( 'NONE', #3067, #45 );
#9787=ADVANCED_FACE ( 'NONE', ( #9137 ), #30, .T. );
#9788=LINE ( 'NONE', #3238, #209 );
#9789=LINE ( 'NONE', #2227, #4 );
#9790=EDGE_CURVE ( 'NONE', #7787, #9378, #8769, .T. );
#9791=EDGE_LOOP ( 'NONE', ( #5707, #4029, #9841, #2058, #1610, #6073 ) );
#9792=LINE ( 'NONE', #5255, #205 );
#9793=ORIENTED_EDGE ( 'NONE', *, *, #11753, .T. );
#9794=ORIENTED_EDGE ( 'NONE', *, *, #7978, .T. );
#9795=CARTESIAN_POINT ( 'NONE',  ( 8.550000000000169500, 0.05000000000000000300, 0.6399999999999955700 ) );
#9796=EDGE_CURVE ( 'NONE', #10610, #8874, #4700, .T. );
#9797=ORIENTED_EDGE ( 'NONE', *, *, #13786, .T. );
#9798=ORIENTED_EDGE ( 'NONE', *, *, #11726, .F. );
#9799=CARTESIAN_POINT ( 'NONE',  ( 0.0000000000000000000, 0.8000000000000000400, 6.989999999999996700 ) );
#9800=EDGE_CURVE ( 'NONE', #6396, #6272, #11214, .T. );
#9801=CARTESIAN_POINT ( 'NONE',  ( 5.440000000000003100, 0.8000000000000000400, 12.74999999999999800 ) );
#9802=PLANE ( 'NONE',  #9736 );
#9803=LINE ( 'NONE', #6, #205 );
#9804=ORIENTED_EDGE ( 'NONE', *, *, #12569, .F. );
#9805=STYLED_ITEM ( 'NONE', ( #77 ), #8689 );
#9806=EDGE_CURVE ( 'NONE', #1027, #10360, #1789, .T. );
#9807=ORIENTED_EDGE ( 'NONE', *, *, #450, .T. );
#9808=AXIS2_PLACEMENT_3D ( 'NONE', #1289, #6203, #1627 );
#9809=LINE ( 'NONE', #10306, #205 );
#9810=ORIENTED_EDGE ( 'NONE', *, *, #8539, .F. );
#9811=ORIENTED_EDGE ( 'NONE', *, *, #10329, .T. );
#9812=PLANE ( 'NONE',  #10883 );
#9813=CARTESIAN_POINT ( 'NONE',  ( 6.165000000000002700, 0.0000000000000000000, 12.29999999999999700 ) );
#9814=FACE_OUTER_BOUND ( 'NONE', #1564, .T. );
#9815=CARTESIAN_POINT ( 'NONE',  ( -7.529289321881346800, 2.999200000000000500, 11.44919999999999600 ) );
#9816=ORIENTED_EDGE ( 'NONE', *, *, #14257, .F. );
#9817=EDGE_CURVE ( 'NONE', #9044, #3738, #4131, .T. );
#9818=LINE ( 'NONE', #8220, #209 );
#9819=EDGE_CURVE ( 'NONE', #1992, #1691, #8728, .T. );
#9820=AXIS2_PLACEMENT_3D ( 'NONE', #10670, #19, #135 );
#9821=PLANE ( 'NONE',  #11354 );
#9822=VERTEX_POINT ( 'NONE', #1421 );
#9823=ORIENTED_EDGE ( 'NONE', *, *, #14356, .T. );
#9824=ORIENTED_EDGE ( 'NONE', *, *, #9849, .F. );
#9825=PLANE ( 'NONE',  #13311 );
#9826=ORIENTED_EDGE ( 'NONE', *, *, #7693, .F. );
#9827=EDGE_CURVE ( 'NONE', #7473, #9299, #11235, .T. );
#9828=VERTEX_POINT ( 'NONE', #2996 );
#9829=ORIENTED_EDGE ( 'NONE', *, *, #7163, .F. );
#9830=EDGE_CURVE ( 'NONE', #1936, #9359, #2165, .T. );
#9831=ORIENTED_EDGE ( 'NONE', *, *, #9267, .F. );
#9832=ADVANCED_FACE ( 'NONE', ( #8453 ), #10577, .F. );
#9833=ORIENTED_EDGE ( 'NONE', *, *, #5588, .F. );
#9834=EDGE_CURVE ( 'NONE', #11497, #5791, #13213, .T. );
#9835=LINE ( 'NONE', #1089, #45 );
#9836=PLANE ( 'NONE',  #12065 );
#9837=ADVANCED_FACE ( 'NONE', ( #6546 ), #7687, .F. );
#9838=STYLED_ITEM ( 'NONE', ( #77 ), #1522 );
#9839=ORIENTED_EDGE ( 'NONE', *, *, #2087, .T. );
#9840=CARTESIAN_POINT ( 'NONE',  ( 2.900000000000001700, 0.8000000000000000400, 12.74999999999999800 ) );
#9841=ORIENTED_EDGE ( 'NONE', *, *, #2607, .F. );
#9842=FACE_OUTER_BOUND ( 'NONE', #12870, .T. );
#9843=EDGE_LOOP ( 'NONE', ( #12406, #13325, #4797, #13349, #10896, #1155, #5925, #5690 ) );
#9844=VERTEX_POINT ( 'NONE', #5931 );
#9845=VERTEX_POINT ( 'NONE', #5285 );
#9846=CARTESIAN_POINT ( 'NONE',  ( 0.0000000000000000000, 0.8000000000000000400, 10.79999999999999500 ) );
#9847=ORIENTED_EDGE ( 'NONE', *, *, #8618, .T. );
#9848=EDGE_CURVE ( 'NONE', #6870, #9888, #5642, .T. );
#9849=EDGE_CURVE ( 'NONE', #4415, #8804, #4159, .T. );
#9850=CARTESIAN_POINT ( 'NONE',  ( 8.150000000000170900, 0.0000000000000000000, -1.900000000000005000 ) );
#9851=CARTESIAN_POINT ( 'NONE',  ( 2.725000000000001000, 0.04999999999999991300, 12.29999999999999700 ) );
#9852=EDGE_CURVE ( 'NONE', #5477, #3318, #4528, .T. );
#9853=ADVANCED_FACE ( 'NONE', ( #14362 ), #5166, .T. );
#9854=FACE_OUTER_BOUND ( 'NONE', #6737, .T. );
#9855=EDGE_CURVE ( 'NONE', #3400, #6628, #9120, .T. );
#9856=CIRCLE ( 'NONE', #10946, 0.2749999999999996300 );
#9857=AXIS2_PLACEMENT_3D ( 'NONE', #8304, #214, #1834 );
#9858=PLANE ( 'NONE',  #10331 );
#9859=VERTEX_POINT ( 'NONE', #520 );
#9860=ORIENTED_EDGE ( 'NONE', *, *, #2699, .F. );
#9861=ORIENTED_EDGE ( 'NONE', *, *, #12779, .F. );
#9862=ORIENTED_EDGE ( 'NONE', *, *, #5180, .F. );
#9863=ORIENTED_EDGE ( 'NONE', *, *, #2863, .F. );
#9864=EDGE_LOOP ( 'NONE', ( #8664, #9471, #13032, #8584, #12281, #12055 ) );
#9865=CARTESIAN_POINT ( 'NONE',  ( 9.000000000000065700, 0.8000000000000000400, 1.539999999999996300 ) );
#9866=LINE ( 'NONE', #977, #4622 );
#9867=ADVANCED_FACE ( 'NONE', ( #2773 ), #2824, .T. );
#9868=VERTEX_POINT ( 'NONE', #4305 );
#9869=EDGE_CURVE ( 'NONE', #13931, #13955, #7439, .T. );
#9870=ORIENTED_EDGE ( 'NONE', *, *, #2161, .T. );
#9871=LINE ( 'NONE', #2859, #36 );
#9872=ORIENTED_EDGE ( 'NONE', *, *, #9911, .F. );
#9873=EDGE_CURVE ( 'NONE', #3349, #2837, #6909, .T. );
#9874=AXIS2_PLACEMENT_3D ( 'NONE', #8075, #21, #31 );
#9875=LINE ( 'NONE', #12019, #36 );
#9876=ORIENTED_EDGE ( 'NONE', *, *, #742, .T. );
#9877=ORIENTED_EDGE ( 'NONE', *, *, #11391, .T. );
#9878=CARTESIAN_POINT ( 'NONE',  ( 7.800000000000000700, 0.8000000000000056000, 11.69999999999999800 ) );
#9879=ORIENTED_EDGE ( 'NONE', *, *, #579, .F. );
#9880=CARTESIAN_POINT ( 'NONE',  ( -8.549999999999945600, -1.006230589874914900, -0.6300000000000073300 ) );
#9881=PLANE ( 'NONE',  #11049 );
#9882=CARTESIAN_POINT ( 'NONE',  ( -8.549999999999984700, 0.8000000000000000400, -4.440000000000004800 ) );
#9883=ORIENTED_EDGE ( 'NONE', *, *, #12251, .F. );
#9884=LINE ( 'NONE', #1326, #36 );
#9885=DIRECTION ( 'NONE',  ( 1.084202172485504000E-015, -0.0000000000000000000, 1.000000000000000000 ) );
#9886=ORIENTED_EDGE ( 'NONE', *, *, #1867, .F. );
#9887=LINE ( 'NONE', #3510, #577 );
#9888=VERTEX_POINT ( 'NONE', #9004 );
#9889=VERTEX_POINT ( 'NONE', #1874 );
#9890=EDGE_CURVE ( 'NONE', #11896, #3497, #11853, .T. );
#9891=ORIENTED_EDGE ( 'NONE', *, *, #2530, .F. );
#9892=CARTESIAN_POINT ( 'NONE',  ( -3.350000000000001400, 0.0000000000000000000, 1.509999999999991300 ) );
#9893=EDGE_CURVE ( 'NONE', #1634, #3702, #3567, .T. );
#9894=ORIENTED_EDGE ( 'NONE', *, *, #13498, .T. );
#9895=VERTEX_POINT ( 'NONE', #10068 );
#9896=PLANE ( 'NONE',  #3192 );
#9897=CARTESIAN_POINT ( 'NONE',  ( 9.000000000000104800, 0.8000000000000000400, 4.449999999999995700 ) );
#9898=FACE_OUTER_BOUND ( 'NONE', #11708, .T. );
#9899=ORIENTED_EDGE ( 'NONE', *, *, #13751, .F. );
#9900=FACE_OUTER_BOUND ( 'NONE', #11652, .T. );
#9901=LINE ( 'NONE', #1684, #4 );
#9902=ORIENTED_EDGE ( 'NONE', *, *, #3153, .F. );
#9903=ORIENTED_EDGE ( 'NONE', *, *, #10599, .F. );
#9904=ADVANCED_FACE ( 'NONE', ( #13056 ), #6549, .T. );
#9905=ORIENTED_EDGE ( 'NONE', *, *, #9490, .T. );
#9906=CARTESIAN_POINT ( 'NONE',  ( 1.085000000000001700, 0.0000000000000000000, -0.0000000000000000000 ) );
#9907=EDGE_LOOP ( 'NONE', ( #1012, #11540, #3501, #14254, #11590, #11705 ) );
#9908=ADVANCED_FACE ( 'NONE', ( #4724 ), #10116, .F. );
#9909=VERTEX_POINT ( 'NONE', #9054 );
#9910=ORIENTED_EDGE ( 'NONE', *, *, #6003, .F. );
#9911=EDGE_CURVE ( 'NONE', #1250, #10589, #8943, .T. );
#9912=LINE ( 'NONE', #14480, #36 );
#9913=LINE ( 'NONE', #527, #36 );
#9914=ORIENTED_EDGE ( 'NONE', *, *, #11610, .F. );
#9915=EDGE_CURVE ( 'NONE', #11343, #2191, #3171, .T. );
#9916=PLANE ( 'NONE',  #12232 );
#9917=PLANE ( 'NONE',  #7112 );
#9918=CARTESIAN_POINT ( 'NONE',  ( -8.549999999999824900, 0.04999999999999991300, 10.79999999999998800 ) );
#9919=CARTESIAN_POINT ( 'NONE',  ( -6.534999999999998400, -1.006230589874914900, 12.29999999999999700 ) );
#9920=PLANE ( 'NONE',  #8524 );
#9921=VERTEX_POINT ( 'NONE', #7888 );
#9922=ORIENTED_EDGE ( 'NONE', *, *, #9323, .F. );
#9923=ORIENTED_EDGE ( 'NONE', *, *, #8123, .T. );
#9924=AXIS2_PLACEMENT_3D ( 'NONE', #2854, #12660, #5458 );
#9925=ADVANCED_FACE ( 'NONE', ( #12466 ), #49, .F. );
#9926=EDGE_LOOP ( 'NONE', ( #8052, #4775, #8796, #10192 ) );
#9927=ORIENTED_EDGE ( 'NONE', *, *, #7794, .F. );
#9928=LINE ( 'NONE', #4020, #45 );
#9929=CIRCLE ( 'NONE', #10203, 0.2750000000000920000 );
#9930=ORIENTED_EDGE ( 'NONE', *, *, #6525, .F. );
#9931=ORIENTED_EDGE ( 'NONE', *, *, #13108, .T. );
#9932=CARTESIAN_POINT ( 'NONE',  ( 0.1850000000000002800, 0.8000000000000000400, -0.0000000000000000000 ) );
#9933=CARTESIAN_POINT ( 'NONE',  ( -8.549999999999865700, 0.04999999999999991300, 6.989999999999989600 ) );
#9934=CARTESIAN_POINT ( 'NONE',  ( 0.0000000000000000000, 0.8000000000000000400, 6.619999999999997400 ) );
#9935=ORIENTED_EDGE ( 'NONE', *, *, #6820, .T. );
#9936=APPLICATION_PROTOCOL_DEFINITION ( 'draft international standard', 'automotive_design', 1998, #1813 );
#9937=CARTESIAN_POINT ( 'NONE',  ( -8.999999999999973400, -1.006230589874914900, -2.270000000000003600 ) );
#9938=VERTEX_POINT ( 'NONE', #5469 );
#9939=EDGE_CURVE ( 'NONE', #3399, #414, #961, .T. );
#9940=EDGE_CURVE ( 'NONE', #6826, #1695, #8295, .T. );
#9941=EDGE_LOOP ( 'NONE', ( #10470, #1189, #75, #9346 ) );
#9942=EDGE_CURVE ( 'NONE', #2198, #7048, #7599, .T. );
#9943=AXIS2_PLACEMENT_3D ( 'NONE', #12020, #214, #15 );
#9944=ADVANCED_FACE ( 'NONE', ( #3751 ), #5257, .F. );
#9945=CLOSED_SHELL ( 'NONE', ( #12644, #3580, #5525, #5077, #3419, #3455, #10178, #9142, #12659, #9140 ) );
#9946=ORIENTED_EDGE ( 'NONE', *, *, #4094, .F. );
#9947=EDGE_LOOP ( 'NONE', ( #8191, #872, #6146, #4709, #6415, #3170 ) );
#9948=EDGE_LOOP ( 'NONE', ( #373, #3317, #5844, #9403 ) );
#9949=FACE_OUTER_BOUND ( 'NONE', #4406, .T. );
#9950=ORIENTED_EDGE ( 'NONE', *, *, #383, .T. );
#9951=VERTEX_POINT ( 'NONE', #11051 );
#9952=EDGE_LOOP ( 'NONE', ( #12166, #9208, #4806, #7216 ) );
#9953=LINE ( 'NONE', #128, #416 );
#9954=EDGE_LOOP ( 'NONE', ( #1662, #1003, #4065, #2457 ) );
#9955=ORIENTED_EDGE ( 'NONE', *, *, #7842, .T. );
#9956=VERTEX_POINT ( 'NONE', #8960 );
#9957=ORIENTED_EDGE ( 'NONE', *, *, #12964, .T. );
#9958=EDGE_CURVE ( 'NONE', #4646, #10976, #12283, .T. );
#9959=EDGE_CURVE ( 'NONE', #10383, #11015, #9633, .T. );
#9960=EDGE_CURVE ( 'NONE', #5137, #1768, #7091, .T. );
#9961=AXIS2_PLACEMENT_3D ( 'NONE', #2255, #3384, #502 );
#9962=ORIENTED_EDGE ( 'NONE', *, *, #10127, .F. );
#9963=EDGE_CURVE ( 'NONE', #9329, #1388, #1787, .T. );
#9964=PLANE ( 'NONE',  #8709 );
#9965=FACE_OUTER_BOUND ( 'NONE', #1163, .T. );
#9966=PLANE ( 'NONE',  #4106 );
#9967=EDGE_LOOP ( 'NONE', ( #8541, #4333, #13390, #5580 ) );
#9968=LINE ( 'NONE', #5146, #45 );
#9969=LINE ( 'NONE', #772, #493 );
#9970=VERTEX_POINT ( 'NONE', #2253 );
#9971=CARTESIAN_POINT ( 'NONE',  ( 8.549999999999998900, 0.0000000000000000000, -5.710000000000005300 ) );
#9972=MANIFOLD_SOLID_BREP ( 'Boss-Extrude5[26]', #2433 );
#9973=VERTEX_POINT ( 'NONE', #969 );
#9974=CARTESIAN_POINT ( 'NONE',  ( 9.000000000000065700, 0.8000000000000000400, 0.6399999999999964600 ) );
#9975=ADVANCED_FACE ( 'NONE', ( #6364 ), #13147, .F. );
#9976=EDGE_LOOP ( 'NONE', ( #4345, #13470, #879, #9914 ) );
#9977=EDGE_CURVE ( 'NONE', #7748, #6079, #11383, .T. );
#9978=ADVANCED_FACE ( 'NONE', ( #5792 ), #10402, .F. );
#9979=LINE ( 'NONE', #8554, #493 );
#9980=CARTESIAN_POINT ( 'NONE',  ( 9.000000000000119000, 0.0000000000000000000, -0.0000000000000000000 ) );
#9981=EDGE_CURVE ( 'NONE', #7919, #11148, #5, .T. );
#9982=AXIS2_PLACEMENT_3D ( 'NONE', #5214, #234, #885 );
#9983=FACE_OUTER_BOUND ( 'NONE', #2585, .T. );
#9984=PLANE ( 'NONE',  #11321 );
#9985=EDGE_CURVE ( 'NONE', #12848, #10412, #8611, .T. );
#9986=ORIENTED_EDGE ( 'NONE', *, *, #4809, .F. );
#9987=MANIFOLD_SOLID_BREP ( 'Boss-Extrude5[16]', #9522 );
#9988=ORIENTED_EDGE ( 'NONE', *, *, #5457, .F. );
#9989=LINE ( 'NONE', #1751, #5640 );
#9990=ADVANCED_FACE ( 'NONE', ( #6349 ), #7007, .T. );
#9991=ORIENTED_EDGE ( 'NONE', *, *, #9958, .F. );
#9992=FACE_OUTER_BOUND ( 'NONE', #7962, .T. );
#9993=ORIENTED_EDGE ( 'NONE', *, *, #10125, .F. );
#9994=EDGE_CURVE ( 'NONE', #9396, #6683, #12607, .T. );
#9995=LINE ( 'NONE', #537, #45 );
#9996=EDGE_CURVE ( 'NONE', #426, #3984, #8601, .T. );
#9997=VERTEX_POINT ( 'NONE', #5607 );
#9998=AXIS2_PLACEMENT_3D ( 'NONE', #622, #15, #575 );
#9999=CYLINDRICAL_SURFACE ( 'NONE', #6597, 0.2749999999999996300 );
#10000=AXIS2_PLACEMENT_3D ( 'NONE', #56, #575, #19 );
#10001=EDGE_LOOP ( 'NONE', ( #12689, #5081, #11234, #10781 ) );
#10002=VERTEX_POINT ( 'NONE', #3541 );
#10003=CARTESIAN_POINT ( 'NONE',  ( -5.999999999999999100, 3.049999999999999800, 9.499999999999998200 ) );
#10004=ORIENTED_EDGE ( 'NONE', *, *, #4306, .F. );
#10005=ADVANCED_FACE ( 'NONE', ( #6701 ), #9241, .F. );
#10006=VERTEX_POINT ( 'NONE', #2098 );
#10007=EDGE_LOOP ( 'NONE', ( #7922, #4620, #3299, #8761 ) );
#10008=EDGE_LOOP ( 'NONE', ( #8930, #7993, #1302, #3828, #11529, #8037 ) );
#10009=AXIS2_PLACEMENT_3D ( 'NONE', #3208, #31, #891 );
#10010=LINE ( 'NONE', #1112, #45 );
#10011=VERTEX_POINT ( 'NONE', #8220 );
#10012=ORIENTED_EDGE ( 'NONE', *, *, #1176, .F. );
#10013=LINE ( 'NONE', #11900, #36 );
#10014=EDGE_LOOP ( 'NONE', ( #5275, #9367, #8232, #14116 ) );
#10015=PLANE ( 'NONE',  #2219 );
#10016=ORIENTED_EDGE ( 'NONE', *, *, #5985, .F. );
#10017=ORIENTED_EDGE ( 'NONE', *, *, #9571, .T. );
#10018=CARTESIAN_POINT ( 'NONE',  ( 0.0000000000000000000, -1.006230589874914900, 4.079999999999995600 ) );
#10019=LINE ( 'NONE', #2382, #4 );
#10020=ORIENTED_EDGE ( 'NONE', *, *, #6703, .T. );
#10021=ORIENTED_EDGE ( 'NONE', *, *, #6935, .F. );
#10022=ORIENTED_EDGE ( 'NONE', *, *, #9963, .F. );
#10023=EDGE_CURVE ( 'NONE', #9909, #4805, #150, .T. );
#10024=EDGE_CURVE ( 'NONE', #6538, #5474, #7759, .T. );
#10025=EDGE_LOOP ( 'NONE', ( #1374, #1402, #4088, #11939 ) );
#10026=PRESENTATION_LAYER_ASSIGNMENT (  '', '', ( #12783 ) );
#10027=VERTEX_POINT ( 'NONE', #1216 );
#10028=EDGE_CURVE ( 'NONE', #7492, #8940, #4334, .T. );
#10029=ORIENTED_EDGE ( 'NONE', *, *, #5564, .F. );
#10030=( GEOMETRIC_REPRESENTATION_CONTEXT ( 3 ) GLOBAL_UNCERTAINTY_ASSIGNED_CONTEXT ( ( #178 ) ) GLOBAL_UNIT_ASSIGNED_CONTEXT ( ( #7, #195, #16 ) ) REPRESENTATION_CONTEXT ( 'NONE', 'WORKASPACE' ) );
#10031=LINE ( 'NONE', #1194, #45 );
#10032=ADVANCED_FACE ( 'NONE', ( #7577 ), #49, .F. );
#10033=ADVANCED_FACE ( 'NONE', ( #8457 ), #8270, .F. );
#10034=ORIENTED_EDGE ( 'NONE', *, *, #10776, .F. );
#10035=ORIENTED_EDGE ( 'NONE', *, *, #12747, .F. );
#10036=LINE ( 'NONE', #6249, #184 );
#10037=CARTESIAN_POINT ( 'NONE',  ( 8.150000000000170900, 0.0000000000000000000, -3.170000000000004800 ) );
#10038=CARTESIAN_POINT ( 'NONE',  ( 8.550000000000169500, 0.05000000000000000300, 6.989999999999996700 ) );
#10039=ORIENTED_EDGE ( 'NONE', *, *, #10198, .F. );
#10040=CARTESIAN_POINT ( 'NONE',  ( 4.895000000000002200, -1.006230589874914900, 12.29999999999999700 ) );
#10041=VERTEX_POINT ( 'NONE', #134 );
#10042=EDGE_CURVE ( 'NONE', #7085, #2246, #10721, .T. );
#10043=EDGE_CURVE ( 'NONE', #3612, #10222, #5968, .T. );
#10044=ORIENTED_EDGE ( 'NONE', *, *, #8277, .T. );
#10045=EDGE_CURVE ( 'NONE', #9671, #13020, #467, .T. );
#10046=ADVANCED_FACE ( 'NONE', ( #10890 ), #9327, .F. );
#10047=ORIENTED_EDGE ( 'NONE', *, *, #12831, .T. );
#10048=VERTEX_POINT ( 'NONE', #14390 );
#10049=MECHANICAL_DESIGN_GEOMETRIC_PRESENTATION_REPRESENTATION (  '', ( #9805 ), #12393 );
#10050=FACE_OUTER_BOUND ( 'NONE', #4525, .T. );
#10051=ORIENTED_EDGE ( 'NONE', *, *, #1460, .F. );
#10052=ORIENTED_EDGE ( 'NONE', *, *, #13237, .T. );
#10053=EDGE_CURVE ( 'NONE', #3048, #738, #13918, .T. );
#10054=ORIENTED_EDGE ( 'NONE', *, *, #8335, .T. );
#10055=ORIENTED_EDGE ( 'NONE', *, *, #4000, .F. );
#10056=CARTESIAN_POINT ( 'NONE',  ( 0.0000000000000000000, 3.250000000000000000, -5.649200000000004000 ) );
#10057=LINE ( 'NONE', #12233, #209 );
#10058=CARTESIAN_POINT ( 'NONE',  ( 0.0000000000000000000, 0.0000000000000000000, 11.69999999999999600 ) );
#10059=ORIENTED_EDGE ( 'NONE', *, *, #28, .F. );
#10060=EDGE_LOOP ( 'NONE', ( #1537, #643, #3450, #9000 ) );
#10061=FACE_OUTER_BOUND ( 'NONE', #893, .T. );
#10062=CARTESIAN_POINT ( 'NONE',  ( -3.624999999999999600, 0.0000000000000000000, 12.74999999999999800 ) );
#10063=ORIENTED_EDGE ( 'NONE', *, *, #11835, .T. );
#10064=ADVANCED_FACE ( 'NONE', ( #2754 ), #49, .T. );
#10065=ORIENTED_EDGE ( 'NONE', *, *, #3457, .T. );
#10066=EDGE_CURVE ( 'NONE', #8043, #3632, #3150, .T. );
#10067=ORIENTED_EDGE ( 'NONE', *, *, #14121, .T. );
#10068=CARTESIAN_POINT ( 'NONE',  ( -0.9099999999999979200, 0.0000000000000000000, 12.74999999999999800 ) );
#10069=ORIENTED_EDGE ( 'NONE', *, *, #4744, .T. );
#10070=ORIENTED_EDGE ( 'NONE', *, *, #881, .F. );
#10071=EDGE_CURVE ( 'NONE', #4006, #3791, #1106, .T. );
#10072=FACE_OUTER_BOUND ( 'NONE', #9510, .T. );
#10073=ORIENTED_EDGE ( 'NONE', *, *, #12533, .T. );
#10074=AXIS2_PLACEMENT_3D ( 'NONE', #11459, #891, #669 );
#10075=LINE ( 'NONE', #3275, #209 );
#10076=ORIENTED_EDGE ( 'NONE', *, *, #4291, .T. );
#10077=ORIENTED_EDGE ( 'NONE', *, *, #10273, .T. );
#10078=ORIENTED_EDGE ( 'NONE', *, *, #5549, .T. );
#10079=CARTESIAN_POINT ( 'NONE',  ( -8.999999999999893400, 0.8000000000000000400, 0.0000000000000000000 ) );
#10080=ADVANCED_FACE ( 'NONE', ( #7933 ), #685, .T. );
#10081=LINE ( 'NONE', #10154, #184 );
#10082=EDGE_CURVE ( 'NONE', #3873, #8017, #2275, .T. );
#10083=EDGE_LOOP ( 'NONE', ( #1512, #3543, #10810, #6173 ) );
#10084=CARTESIAN_POINT ( 'NONE',  ( 8.550000000000144600, -1.006230589874914900, 0.0000000000000000000 ) );
#10085=EDGE_CURVE ( 'NONE', #10804, #9396, #14211, .T. );
#10086=ORIENTED_EDGE ( 'NONE', *, *, #4364, .F. );
#10087=FACE_OUTER_BOUND ( 'NONE', #4954, .T. );
#10088=FACE_OUTER_BOUND ( 'NONE', #8838, .T. );
#10089=ORIENTED_EDGE ( 'NONE', *, *, #2510, .F. );
#10090=EDGE_LOOP ( 'NONE', ( #6037, #4339, #8624, #4293 ) );
#10091=ORIENTED_EDGE ( 'NONE', *, *, #9513, .T. );
#10092=LINE ( 'NONE', #3508, #205 );
#10093=ORIENTED_EDGE ( 'NONE', *, *, #8681, .T. );
#10094=CIRCLE ( 'NONE', #3785, 0.2750000000000000800 );
#10095=ORIENTED_EDGE ( 'NONE', *, *, #5464, .T. );
#10096=ADVANCED_FACE ( 'NONE', ( #12450 ), #49, .F. );
#10097=ORIENTED_EDGE ( 'NONE', *, *, #10859, .F. );
#10098=EDGE_LOOP ( 'NONE', ( #9176, #6455, #4327, #7768 ) );
#10099=ADVANCED_FACE ( 'NONE', ( #13765 ), #49, .T. );
#10100=CLOSED_SHELL ( 'NONE', ( #11766, #2732, #6192, #4470, #4361, #3308 ) );
#10101=ORIENTED_EDGE ( 'NONE', *, *, #4676, .T. );
#10102=PLANE ( 'NONE',  #8885 );
#10103=CARTESIAN_POINT ( 'NONE',  ( 0.0000000000000000000, -1.006230589874914900, -4.440000000000005700 ) );
#10104=ORIENTED_EDGE ( 'NONE', *, *, #14259, .T. );
#10105=EDGE_CURVE ( 'NONE', #4537, #7210, #521, .T. );
#10106=ORIENTED_EDGE ( 'NONE', *, *, #6179, .T. );
#10107=EDGE_CURVE ( 'NONE', #2759, #5349, #5408, .T. );
#10108=FACE_OUTER_BOUND ( 'NONE', #10533, .T. );
#10109=FACE_OUTER_BOUND ( 'NONE', #545, .T. );
#10110=EDGE_CURVE ( 'NONE', #3388, #5196, #521, .T. );
#10111=AXIS2_PLACEMENT_3D ( 'NONE', #5491, #21, #31 );
#10112=ORIENTED_EDGE ( 'NONE', *, *, #3528, .T. );
#10113=AXIS2_PLACEMENT_3D ( 'NONE', #8669, #214, #15 );
#10114=LINE ( 'NONE', #192, #45 );
#10115=ORIENTED_EDGE ( 'NONE', *, *, #6264, .F. );
#10116=PLANE ( 'NONE',  #14458 );
#10117=LINE ( 'NONE', #3816, #209 );
#10118=LINE ( 'NONE', #7459, #184 );
#10119=ORIENTED_EDGE ( 'NONE', *, *, #6528, .T. );
#10120=ADVANCED_FACE ( 'NONE', ( #6150 ), #49, .F. );
#10121=EDGE_LOOP ( 'NONE', ( #2662, #9716, #10517, #13259 ) );
#10122=LINE ( 'NONE', #18, #1767 );
#10123=VERTEX_POINT ( 'NONE', #14476 );
#10124=FACE_OUTER_BOUND ( 'NONE', #9235, .T. );
#10125=EDGE_CURVE ( 'NONE', #8108, #25, #7283, .T. );
#10126=EDGE_CURVE ( 'NONE', #4833, #4714, #9928, .T. );
#10127=EDGE_CURVE ( 'NONE', #2550, #11194, #447, .T. );
#10128=LINE ( 'NONE', #675, #2999 );
#10129=ORIENTED_EDGE ( 'NONE', *, *, #13087, .T. );
#10130=MANIFOLD_SOLID_BREP ( 'Boss-Extrude5[14]', #5958 );
#10131=CLOSED_SHELL ( 'NONE', ( #592, #2414, #13395, #8003, #8437, #11381, #4476, #13090, #4191, #5781 ) );
#10132=ADVANCED_FACE ( 'NONE', ( #6892 ), #685, .T. );
#10133=VERTEX_POINT ( 'NONE', #906 );
#10134=CARTESIAN_POINT ( 'NONE',  ( -1.950000000000002200, 0.0000000000000000000, 2.910000000000000100 ) );
#10135=FACE_OUTER_BOUND ( 'NONE', #5904, .T. );
#10136=ORIENTED_EDGE ( 'NONE', *, *, #9752, .T. );
#10137=EDGE_CURVE ( 'NONE', #8820, #10360, #14344, .T. );
#10138=ORIENTED_EDGE ( 'NONE', *, *, #3032, .F. );
#10139=FACE_OUTER_BOUND ( 'NONE', #611, .T. );
#10140=CARTESIAN_POINT ( 'NONE',  ( 9.000000000000033800, 0.0000000000000000000, 4.899999999999751700 ) );
#10141=ORIENTED_EDGE ( 'NONE', *, *, #12637, .F. );
#10142=CARTESIAN_POINT ( 'NONE',  ( 7.729289321881345200, 0.8000000000000000400, -5.900000000000003900 ) );
#10143=AXIS2_PLACEMENT_3D ( 'NONE', #1367, #250, #31 );
#10144=LINE ( 'NONE', #1901, #493 );
#10145=EDGE_CURVE ( 'NONE', #3994, #9889, #11833, .T. );
#10146=EDGE_LOOP ( 'NONE', ( #5186, #9798, #2183, #4691, #8546, #3672 ) );
#10147=VERTEX_POINT ( 'NONE', #1966 );
#10148=AXIS2_PLACEMENT_3D ( 'NONE', #2629, #15, #575 );
#10149=FACE_OUTER_BOUND ( 'NONE', #1716, .T. );
#10150=ORIENTED_EDGE ( 'NONE', *, *, #12227, .T. );
#10151=ORIENTED_EDGE ( 'NONE', *, *, #13269, .F. );
#10152=CARTESIAN_POINT ( 'NONE',  ( 9.000000000000000000, 0.8000000000000000400, -12.75000000000000200 ) );
#10153=ORIENTED_EDGE ( 'NONE', *, *, #13932, .T. );
#10154=CARTESIAN_POINT ( 'NONE',  ( 3.625000000000002200, 0.0000000000000000000, -0.0000000000000000000 ) );
#10155=ORIENTED_EDGE ( 'NONE', *, *, #8161, .T. );
#10156=CARTESIAN_POINT ( 'NONE',  ( 9.000000000000053300, 0.0000000000000000000, -0.4550000000001277500 ) );
#10157=FACE_OUTER_BOUND ( 'NONE', #11854, .T. );
#10158=CARTESIAN_POINT ( 'NONE',  ( -8.999999999999905900, 0.0000000000000000000, 3.354999999999991100 ) );
#10159=LINE ( 'NONE', #5829, #205 );
#10160=EDGE_CURVE ( 'NONE', #8503, #7561, #6333, .T. );
#10161=ORIENTED_EDGE ( 'NONE', *, *, #7391, .F. );
#10162=ADVANCED_FACE ( 'NONE', ( #5773 ), #7852, .F. );
#10163=EDGE_CURVE ( 'NONE', #3493, #4718, #12142, .T. );
#10164=EDGE_CURVE ( 'NONE', #7234, #8365, #1461, .T. );
#10165=ADVANCED_FACE ( 'NONE', ( #12893 ), #49, .T. );
#10166=EDGE_LOOP ( 'NONE', ( #377, #3266, #12595, #13112 ) );
#10167=LINE ( 'NONE', #2743, #10 );
#10168=EDGE_LOOP ( 'NONE', ( #591, #13155, #125, #2271, #6447, #890 ) );
#10169=ORIENTED_EDGE ( 'NONE', *, *, #7890, .F. );
#10170=STYLED_ITEM ( 'NONE', ( #77 ), #1375 );
#10171=CARTESIAN_POINT ( 'NONE',  ( 8.550000000000118000, 0.0000000000000000000, 5.719999999999996200 ) );
#10172=LINE ( 'NONE', #4671, #908 );
#10173=EDGE_LOOP ( 'NONE', ( #9988, #13933, #146, #1232 ) );
#10174=ORIENTED_EDGE ( 'NONE', *, *, #6195, .F. );
#10175=ORIENTED_EDGE ( 'NONE', *, *, #6229, .T. );
#10176=ORIENTED_EDGE ( 'NONE', *, *, #9169, .F. );
#10177=ORIENTED_EDGE ( 'NONE', *, *, #2047, .F. );
#10178=ADVANCED_FACE ( 'NONE', ( #10087 ), #685, .T. );
#10179=ORIENTED_EDGE ( 'NONE', *, *, #5985, .T. );
#10180=ORIENTED_EDGE ( 'NONE', *, *, #6875, .F. );
#10181=EDGE_CURVE ( 'NONE', #9721, #2517, #5049, .T. );
#10182=FACE_OUTER_BOUND ( 'NONE', #6238, .T. );
#10183=CARTESIAN_POINT ( 'NONE',  ( -1.050000000000000500, 0.0000000000000000000, 1.510000000000008700 ) );
#10184=EDGE_CURVE ( 'NONE', #11625, #5944, #2298, .T. );
#10185=AXIS2_PLACEMENT_3D ( 'NONE', #8079, #250, #31 );
#10186=CARTESIAN_POINT ( 'NONE',  ( 0.0000000000000000000, 0.0000000000000000000, 9.529999999999988700 ) );
#10187=CARTESIAN_POINT ( 'NONE',  ( 7.749200000000001900, 3.049999999999999800, 11.42928932188134200 ) );
#10188=LINE ( 'NONE', #7771, #184 );
#10189=ORIENTED_EDGE ( 'NONE', *, *, #11772, .F. );
#10190=ORIENTED_EDGE ( 'NONE', *, *, #6289, .F. );
#10191=ORIENTED_EDGE ( 'NONE', *, *, #9040, .T. );
#10192=ORIENTED_EDGE ( 'NONE', *, *, #1995, .F. );
#10193=ORIENTED_EDGE ( 'NONE', *, *, #6615, .F. );
#10194=ADVANCED_FACE ( 'NONE', ( #8755 ), #11111, .F. );
#10195=EDGE_CURVE ( 'NONE', #7772, #4086, #6517, .T. );
#10196=ORIENTED_EDGE ( 'NONE', *, *, #3260, .F. );
#10197=PLANE ( 'NONE',  #5042 );
#10198=EDGE_CURVE ( 'NONE', #9690, #6868, #3927, .T. );
#10199=EDGE_CURVE ( 'NONE', #504, #1310, #889, .T. );
#10200=PLANE ( 'NONE',  #3746 );
#10201=FACE_OUTER_BOUND ( 'NONE', #4260, .T. );
#10202=ORIENTED_EDGE ( 'NONE', *, *, #7111, .T. );
#10203=AXIS2_PLACEMENT_3D ( 'NONE', #7850, #21, #31 );
#10204=EDGE_LOOP ( 'NONE', ( #10354, #9794, #2521, #6294 ) );
#10205=EDGE_LOOP ( 'NONE', ( #10059, #13829, #10724, #3073 ) );
#10206=LINE ( 'NONE', #6032, #205 );
#10207=LINE ( 'NONE', #2844, #327 );
#10208=CARTESIAN_POINT ( 'NONE',  ( 7.729289321881345200, 2.999200000000007200, 11.49999999999999600 ) );
#10209=ORIENTED_EDGE ( 'NONE', *, *, #1886, .T. );
#10210=ORIENTED_EDGE ( 'NONE', *, *, #11539, .F. );
#10211=FACE_OUTER_BOUND ( 'NONE', #9557, .T. );
#10212=ORIENTED_EDGE ( 'NONE', *, *, #1436, .F. );
#10213=ORIENTED_EDGE ( 'NONE', *, *, #11753, .F. );
#10214=CARTESIAN_POINT ( 'NONE',  ( -5.989999999999996700, -1.006230589874914900, 12.74999999999999800 ) );
#10215=EDGE_CURVE ( 'NONE', #7950, #748, #870, .T. );
#10216=ORIENTED_EDGE ( 'NONE', *, *, #5755, .T. );
#10217=ORIENTED_EDGE ( 'NONE', *, *, #7752, .F. );
#10218=EDGE_CURVE ( 'NONE', #11094, #5997, #1526, .T. );
#10219=FACE_OUTER_BOUND ( 'NONE', #3351, .T. );
#10220=ORIENTED_EDGE ( 'NONE', *, *, #13064, .T. );
#10221=EDGE_CURVE ( 'NONE', #12807, #14145, #2131, .T. );
#10222=VERTEX_POINT ( 'NONE', #8914 );
#10223=FACE_OUTER_BOUND ( 'NONE', #9976, .T. );
#10224=LINE ( 'NONE', #4413, #209 );
#10225=ORIENTED_EDGE ( 'NONE', *, *, #9343, .T. );
#10226=FACE_OUTER_BOUND ( 'NONE', #5508, .T. );
#10227=EDGE_CURVE ( 'NONE', #3552, #9784, #101, .T. );
#10228=ORIENTED_EDGE ( 'NONE', *, *, #9873, .F. );
#10229=ADVANCED_FACE ( 'NONE', ( #1305 ), #275, .F. );
#10230=PLANE ( 'NONE',  #9230 );
#10231=CARTESIAN_POINT ( 'NONE',  ( 3.625000000000002200, 0.0000000000000000000, 12.29999999999999700 ) );
#10232=ADVANCED_FACE ( 'NONE', ( #10541 ), #12949, .F. );
#10233=ORIENTED_EDGE ( 'NONE', *, *, #13041, .F. );
#10234=FACE_OUTER_BOUND ( 'NONE', #8754, .T. );
#10235=EDGE_LOOP ( 'NONE', ( #144, #12960, #4336, #6834 ) );
#10236=LINE ( 'NONE', #1579, #184 );
#10237=EDGE_LOOP ( 'NONE', ( #2448, #1221, #10462, #8711 ) );
#10238=LINE ( 'NONE', #10882, #205 );
#10239=EDGE_LOOP ( 'NONE', ( #7595, #4388, #5670, #6329, #1741, #6622 ) );
#10240=EDGE_CURVE ( 'NONE', #7082, #6830, #7399, .T. );
#10241=EDGE_CURVE ( 'NONE', #3400, #2312, #9099, .T. );
#10242=ORIENTED_EDGE ( 'NONE', *, *, #3902, .T. );
#10243=EDGE_LOOP ( 'NONE', ( #5530, #11188, #9250, #13383 ) );
#10244=ADVANCED_FACE ( 'NONE', ( #5392 ), #2602, .F. );
#10245=ORIENTED_EDGE ( 'NONE', *, *, #4153, .F. );
#10246=AXIS2_PLACEMENT_3D ( 'NONE', #3066, #31, #891 );
#10247=FACE_OUTER_BOUND ( 'NONE', #12590, .T. );
#10248=CARTESIAN_POINT ( 'NONE',  ( 9.000000000000053300, 0.8000000000000000400, -0.4550000000001277500 ) );
#10249=CARTESIAN_POINT ( 'NONE',  ( 5.265000000000001500, 0.04999999999999991300, 12.29999999999999700 ) );
#10250=ORIENTED_EDGE ( 'NONE', *, *, #6362, .T. );
#10251=ORIENTED_EDGE ( 'NONE', *, *, #4308, .T. );
#10252=PLANE ( 'NONE',  #8583 );
#10253=ORIENTED_EDGE ( 'NONE', *, *, #14399, .T. );
#10254=LINE ( 'NONE', #5569, #327 );
#10255=ORIENTED_EDGE ( 'NONE', *, *, #10839, .F. );
#10256=FACE_OUTER_BOUND ( 'NONE', #1845, .T. );
#10257=ORIENTED_EDGE ( 'NONE', *, *, #980, .F. );
#10258=EDGE_LOOP ( 'NONE', ( #1139, #13296, #7569, #6679 ) );
#10259=EDGE_CURVE ( 'NONE', #915, #4714, #13616, .T. );
#10260=EDGE_CURVE ( 'NONE', #2499, #907, #6878, .T. );
#10261=ADVANCED_FACE ( 'NONE', ( #13455 ), #233, .T. );
#10262=CARTESIAN_POINT ( 'NONE',  ( 8.550000000000093100, 0.05000000000000000300, 3.179999999999995300 ) );
#10263=VERTEX_POINT ( 'NONE', #3003 );
#10264=ORIENTED_EDGE ( 'NONE', *, *, #9830, .T. );
#10265=EDGE_CURVE ( 'NONE', #5709, #4052, #1106, .T. );
#10266=AXIS2_PLACEMENT_3D ( 'NONE', #1798, #575, #19 );
#10267=VERTEX_POINT ( 'NONE', #2141 );
#10268=ORIENTED_EDGE ( 'NONE', *, *, #5055, .F. );
#10269=ORIENTED_EDGE ( 'NONE', *, *, #5814, .F. );
#10270=CARTESIAN_POINT ( 'NONE',  ( 0.0000000000000000000, -1.006230589874914900, 5.349999999999996100 ) );
#10271=LINE ( 'NONE', #2204, #205 );
#10272=LINE ( 'NONE', #2419, #209 );
#10273=EDGE_CURVE ( 'NONE', #1754, #3007, #1494, .T. );
#10274=EDGE_CURVE ( 'NONE', #1794, #9057, #10075, .T. );
#10275=EDGE_CURVE ( 'NONE', #8630, #12821, #211, .T. );
#10276=AXIS2_PLACEMENT_3D ( 'NONE', #8523, #250, #31 );
#10277=ORIENTED_EDGE ( 'NONE', *, *, #6311, .F. );
#10278=EDGE_CURVE ( 'NONE', #1159, #3929, #7923, .T. );
#10279=ORIENTED_EDGE ( 'NONE', *, *, #9848, .T. );
#10280=FACE_OUTER_BOUND ( 'NONE', #14274, .T. );
#10281=LINE ( 'NONE', #257, #45 );
#10282=LINE ( 'NONE', #9553, #184 );
#10283=FACE_OUTER_BOUND ( 'NONE', #7887, .T. );
#10284=PLANE ( 'NONE',  #2814 );
#10285=ADVANCED_FACE ( 'NONE', ( #12731 ), #49, .T. );
#10286=ORIENTED_EDGE ( 'NONE', *, *, #9320, .T. );
#10287=ADVANCED_FACE ( 'NONE', ( #5575 ), #746, .F. );
#10288=EDGE_CURVE ( 'NONE', #7131, #2368, #8742, .T. );
#10289=ORIENTED_EDGE ( 'NONE', *, *, #6844, .F. );
#10290=EDGE_CURVE ( 'NONE', #3808, #864, #14049, .T. );
#10291=LINE ( 'NONE', #5054, #209 );
#10292=ORIENTED_EDGE ( 'NONE', *, *, #14165, .F. );
#10293=LINE ( 'NONE', #378, #45 );
#10294=ORIENTED_EDGE ( 'NONE', *, *, #11099, .F. );
#10295=AXIS2_PLACEMENT_3D ( 'NONE', #2743, #135, #15 );
#10296=PLANE ( 'NONE',  #10009 );
#10297=ORIENTED_EDGE ( 'NONE', *, *, #9806, .F. );
#10298=VERTEX_POINT ( 'NONE', #13966 );
#10299=ORIENTED_EDGE ( 'NONE', *, *, #1776, .T. );
#10300=ADVANCED_FACE ( 'NONE', ( #2353 ), #685, .T. );
#10301=CARTESIAN_POINT ( 'NONE',  ( -8.999999999999825900, 0.8000000000000000400, 11.52499999999998800 ) );
#10302=ORIENTED_EDGE ( 'NONE', *, *, #774, .F. );
#10303=EDGE_LOOP ( 'NONE', ( #7076, #5896, #3917, #9212 ) );
#10304=CARTESIAN_POINT ( 'NONE',  ( -8.999999999999893400, 0.0000000000000000000, 0.0000000000000000000 ) );
#10305=FACE_OUTER_BOUND ( 'NONE', #14235, .T. );
#10306=CARTESIAN_POINT ( 'NONE',  ( 0.0000000000000000000, 0.0000000000000000000, -3.540000000000004000 ) );
#10307=EDGE_LOOP ( 'NONE', ( #1981, #1496, #5515, #7949 ) );
#10308=VERTEX_POINT ( 'NONE', #2159 );
#10309=EDGE_CURVE ( 'NONE', #243, #7720, #11371, .T. );
#10310=CARTESIAN_POINT ( 'NONE',  ( -3.624999999999999600, -1.006230589874914900, 0.0000000000000000000 ) );
#10311=CARTESIAN_POINT ( 'NONE',  ( 2.355000000000002200, 0.0000000000000000000, 12.29999999999999700 ) );
#10312=ORIENTED_EDGE ( 'NONE', *, *, #3534, .F. );
#10313=PLANE ( 'NONE',  #4207 );
#10314=EDGE_LOOP ( 'NONE', ( #8210, #13350, #9986, #7648 ) );
#10315=STYLED_ITEM ( 'NONE', ( #77 ), #9987 );
#10316=CLOSED_SHELL ( 'NONE', ( #13950, #13652, #12791, #12274, #4872, #3829, #10080, #9409, #11320, #12040 ) );
#10317=EDGE_CURVE ( 'NONE', #7483, #13477, #11196, .T. );
#10318=LINE ( 'NONE', #11773, #184 );
#10319=STYLED_ITEM ( 'NONE', ( #77 ), #5446 );
#10320=CARTESIAN_POINT ( 'NONE',  ( -2.724999999999998300, -1.006230589874914900, 12.74999999999999800 ) );
#10321=ADVANCED_FACE ( 'NONE', ( #13030 ), #4240, .T. );
#10322=ORIENTED_EDGE ( 'NONE', *, *, #14090, .T. );
#10323=LINE ( 'NONE', #4472, #301 );
#10324=LINE ( 'NONE', #6280, #209 );
#10325=ORIENTED_EDGE ( 'NONE', *, *, #5708, .F. );
#10326=ORIENTED_EDGE ( 'NONE', *, *, #13637, .T. );
#10327=PLANE ( 'NONE',  #12539 );
#10328=EDGE_CURVE ( 'NONE', #4390, #4062, #11518, .T. );
#10329=EDGE_CURVE ( 'NONE', #539, #9359, #7560, .T. );
#10330=ORIENTED_EDGE ( 'NONE', *, *, #11297, .T. );
#10331=AXIS2_PLACEMENT_3D ( 'NONE', #5432, #15, #575 );
#10332=ORIENTED_EDGE ( 'NONE', *, *, #337, .F. );
#10333=LINE ( 'NONE', #1407, #493 );
#10334=LINE ( 'NONE', #1313, #10 );
#10335=AXIS2_PLACEMENT_3D ( 'NONE', #7834, #21, #31 );
#10336=ORIENTED_EDGE ( 'NONE', *, *, #12242, .T. );
#10337=AXIS2_PLACEMENT_3D ( 'NONE', #4771, #135, #31 );
#10338=ORIENTED_EDGE ( 'NONE', *, *, #204, .F. );
#10339=EDGE_LOOP ( 'NONE', ( #11816, #12613, #9785, #1712 ) );
#10340=EDGE_LOOP ( 'NONE', ( #3579, #2907, #7142, #5581 ) );
#10341=ORIENTED_EDGE ( 'NONE', *, *, #2019, .T. );
#10342=ORIENTED_EDGE ( 'NONE', *, *, #12416, .T. );
#10343=FACE_OUTER_BOUND ( 'NONE', #12428, .T. );
#10344=LINE ( 'NONE', #913, #93 );
#10345=VERTEX_POINT ( 'NONE', #7157 );
#10346=EDGE_CURVE ( 'NONE', #14181, #9845, #4673, .T. );
#10347=FACE_OUTER_BOUND ( 'NONE', #12413, .T. );
#10348=ORIENTED_EDGE ( 'NONE', *, *, #557, .F. );
#10349=EDGE_CURVE ( 'NONE', #4302, #5979, #12880, .T. );
#10350=ADVANCED_FACE ( 'NONE', ( #4502 ), #49, .F. );
#10351=EDGE_LOOP ( 'NONE', ( #10458, #3872, #5358, #10849, #11233, #8707 ) );
#10352=CARTESIAN_POINT ( 'NONE',  ( 9.000000000000065700, -1.006230589874914900, 1.364999999999840800 ) );
#10353=EDGE_CURVE ( 'NONE', #11962, #9938, #11033, .T. );
#10354=ORIENTED_EDGE ( 'NONE', *, *, #14213, .F. );
#10355=DIRECTION ( 'NONE',  ( -0.0000000000000000000, -1.000000000000000000, 0.0000000000000000000 ) );
#10356=ADVANCED_FACE ( 'NONE', ( #9426 ), #11325, .T. );
#10357=LINE ( 'NONE', #13163, #36 );
#10358=CARTESIAN_POINT ( 'NONE',  ( 9.000000000000079900, 0.8000000000000000400, -0.0000000000000000000 ) );
#10359=ORIENTED_EDGE ( 'NONE', *, *, #1696, .F. );
#10360=VERTEX_POINT ( 'NONE', #6339 );
#10361=PLANE ( 'NONE',  #7980 );
#10362=ORIENTED_EDGE ( 'NONE', *, *, #12696, .T. );
#10363=LINE ( 'NONE', #3346, #416 );
#10364=VERTEX_POINT ( 'NONE', #257 );
#10365=VERTEX_POINT ( 'NONE', #4826 );
#10366=ORIENTED_EDGE ( 'NONE', *, *, #6012, .F. );
#10367=CARTESIAN_POINT ( 'NONE',  ( -8.550000000000020300, 0.05000000000000000300, 0.6399999999999955700 ) );
#10368=FACE_OUTER_BOUND ( 'NONE', #8698, .T. );
#10369=EDGE_CURVE ( 'NONE', #6863, #9015, #5768, .T. );
#10370=CARTESIAN_POINT ( 'NONE',  ( -7.434999999999999600, -1.006230589874914900, 0.0000000000000000000 ) );
#10371=ORIENTED_EDGE ( 'NONE', *, *, #633, .T. );
#10372=EDGE_CURVE ( 'NONE', #12143, #7492, #4120, .T. );
#10373=ADVANCED_FACE ( 'NONE', ( #5934 ), #13312, .F. );
#10374=ORIENTED_EDGE ( 'NONE', *, *, #6012, .T. );
#10375=EDGE_CURVE ( 'NONE', #5709, #6538, #8254, .T. );
#10376=CARTESIAN_POINT ( 'NONE',  ( 8.550000000000064700, 0.8000000000000000400, 0.6399999999999955700 ) );
#10377=CARTESIAN_POINT ( 'NONE',  ( -8.999999999999934300, -1.006230589874914900, 1.364999999999992400 ) );
#10378=CARTESIAN_POINT ( 'NONE',  ( 8.550000000000023800, 0.8000000000000000400, -0.0000000000000000000 ) );
#10379=ORIENTED_EDGE ( 'NONE', *, *, #7564, .T. );
#10380=ORIENTED_EDGE ( 'NONE', *, *, #6020, .F. );
#10381=ORIENTED_EDGE ( 'NONE', *, *, #1868, .F. );
#10382=LINE ( 'NONE', #4048, #4 );
#10383=VERTEX_POINT ( 'NONE', #552 );
#10384=ORIENTED_EDGE ( 'NONE', *, *, #3980, .F. );
#10385=ORIENTED_EDGE ( 'NONE', *, *, #7990, .F. );
#10386=CARTESIAN_POINT ( 'NONE',  ( -8.549999999999865700, 0.0000000000000000000, 7.889999999999997900 ) );
#10387=FACE_OUTER_BOUND ( 'NONE', #14032, .T. );
#10388=ADVANCED_FACE ( 'NONE', ( #13018 ), #49, .F. );
#10389=ORIENTED_EDGE ( 'NONE', *, *, #1816, .F. );
#10390=EDGE_CURVE ( 'NONE', #8927, #4640, #5730, .T. );
#10391=EDGE_CURVE ( 'NONE', #6720, #3449, #4856, .T. );
#10392=CARTESIAN_POINT ( 'NONE',  ( -8.999999999999905900, 0.0000000000000000000, 4.079999999999996500 ) );
#10393=EDGE_CURVE ( 'NONE', #5256, #13194, #13743, .T. );
#10394=ORIENTED_EDGE ( 'NONE', *, *, #11090, .T. );
#10395=EDGE_LOOP ( 'NONE', ( #6518, #9071, #1307, #2185 ) );
#10396=CARTESIAN_POINT ( 'NONE',  ( -8.549999999999853300, -1.006230589874914900, 8.259999999999987400 ) );
#10397=ORIENTED_EDGE ( 'NONE', *, *, #1950, .T. );
#10398=PRESENTATION_LAYER_ASSIGNMENT (  '', '', ( #8104 ) );
#10399=VERTEX_POINT ( 'NONE', #9295 );
#10400=FILL_AREA_STYLE_COLOUR ( '', #9578 );
#10401=ORIENTED_EDGE ( 'NONE', *, *, #6024, .T. );
#10402=CYLINDRICAL_SURFACE ( 'NONE', #12340, 0.2749999999999996300 );
#10403=ORIENTED_EDGE ( 'NONE', *, *, #1804, .T. );
#10404=CARTESIAN_POINT ( 'NONE',  ( -9.000000000000000000, -1.006230589874914900, -4.810000000000003200 ) );
#10405=EDGE_LOOP ( 'NONE', ( #1577, #1235, #9955, #8867 ) );
#10406=EDGE_LOOP ( 'NONE', ( #2152, #2695, #2532, #14124 ) );
#10407=LINE ( 'NONE', #5455, #4 );
#10408=VERTEX_POINT ( 'NONE', #14281 );
#10409=EDGE_CURVE ( 'NONE', #4591, #243, #3708, .T. );
#10410=ORIENTED_EDGE ( 'NONE', *, *, #9242, .F. );
#10411=EDGE_CURVE ( 'NONE', #5803, #1354, #4486, .T. );
#10412=VERTEX_POINT ( 'NONE', #1173 );
#10413=ORIENTED_EDGE ( 'NONE', *, *, #9242, .T. );
#10414=EDGE_CURVE ( 'NONE', #4666, #14186, #12116, .T. );
#10415=EDGE_LOOP ( 'NONE', ( #3635, #11418, #5877, #12004 ) );
#10416=ORIENTED_EDGE ( 'NONE', *, *, #4520, .T. );
#10417=AXIS2_PLACEMENT_3D ( 'NONE', #9971, #95, #31 );
#10418=ORIENTED_EDGE ( 'NONE', *, *, #12160, .T. );
#10419=PLANE ( 'NONE',  #10074 );
#10420=CYLINDRICAL_SURFACE ( 'NONE', #6828, 0.2749999999999991900 );
#10421=AXIS2_PLACEMENT_3D ( 'NONE', #1925, #575, #19 );
#10422=CARTESIAN_POINT ( 'NONE',  ( 9.000000000000119000, 0.0000000000000000000, 5.894999999999717100 ) );
#10423=ADVANCED_FACE ( 'NONE', ( #7547 ), #11582, .T. );
#10424=FACE_OUTER_BOUND ( 'NONE', #2429, .T. );
#10425=ORIENTED_EDGE ( 'NONE', *, *, #9942, .T. );
#10426=ADVANCED_FACE ( 'NONE', ( #11020 ), #13419, .F. );
#10427=CARTESIAN_POINT ( 'NONE',  ( -2.724999999999998300, 0.8000000000000000400, 0.0000000000000000000 ) );
#10428=EDGE_LOOP ( 'NONE', ( #11796, #5518, #8628, #13361 ) );
#10429=VERTEX_POINT ( 'NONE', #3922 );
#10430=LINE ( 'NONE', #4738, #209 );
#10431=FACE_OUTER_BOUND ( 'NONE', #5092, .T. );
#10432=ORIENTED_EDGE ( 'NONE', *, *, #3819, .F. );
#10433=ORIENTED_EDGE ( 'NONE', *, *, #2085, .T. );
#10434=AXIS2_PLACEMENT_3D ( 'NONE', #3975, #21, #31 );
#10435=ORIENTED_EDGE ( 'NONE', *, *, #7167, .T. );
#10436=EDGE_CURVE ( 'NONE', #5401, #1690, #9010, .T. );
#10437=EDGE_CURVE ( 'NONE', #13764, #3671, #509, .T. );
#10438=ORIENTED_EDGE ( 'NONE', *, *, #10221, .F. );
#10439=AXIS2_PLACEMENT_3D ( 'NONE', #12135, #95, #31 );
#10440=LINE ( 'NONE', #7840, #649 );
#10441=ADVANCED_FACE ( 'NONE', ( #11978 ), #2602, .T. );
#10442=FACE_OUTER_BOUND ( 'NONE', #8703, .T. );
#10443=CARTESIAN_POINT ( 'NONE',  ( 9.000000000000104800, -1.006230589874914900, 0.0000000000000000000 ) );
#10444=ORIENTED_EDGE ( 'NONE', *, *, #11736, .F. );
#10445=CARTESIAN_POINT ( 'NONE',  ( 9.000000000000158100, 0.8000000000000000400, 9.529999999999995800 ) );
#10446=EDGE_CURVE ( 'NONE', #2951, #3791, #1085, .T. );
#10447=EDGE_CURVE ( 'NONE', #3320, #4679, #1722, .T. );
#10448=EDGE_CURVE ( 'NONE', #269, #11511, #2910, .T. );
#10449=AXIS2_PLACEMENT_3D ( 'NONE', #5274, #95, #31 );
#10450=VERTEX_POINT ( 'NONE', #112 );
#10451=EDGE_CURVE ( 'NONE', #11941, #4404, #9912, .T. );
#10452=VERTEX_POINT ( 'NONE', #533 );
#10453=LINE ( 'NONE', #1925, #209 );
#10454=ADVANCED_FACE ( 'NONE', ( #6488 ), #5166, .T. );
#10455=CIRCLE ( 'NONE', #3667, 0.2749999999999991900 );
#10456=AXIS2_PLACEMENT_3D ( 'NONE', #7057, #135, #15 );
#10457=ORIENTED_EDGE ( 'NONE', *, *, #3355, .T. );
#10458=ORIENTED_EDGE ( 'NONE', *, *, #6847, .F. );
#10459=ORIENTED_EDGE ( 'NONE', *, *, #10045, .F. );
#10460=CARTESIAN_POINT ( 'NONE',  ( 8.550000000000078900, 0.8000000000000000400, 2.809999999999996500 ) );
#10461=ORIENTED_EDGE ( 'NONE', *, *, #2836, .T. );
#10462=ORIENTED_EDGE ( 'NONE', *, *, #3596, .T. );
#10463=LINE ( 'NONE', #2468, #209 );
#10464=ORIENTED_EDGE ( 'NONE', *, *, #8008, .F. );
#10465=EDGE_CURVE ( 'NONE', #2759, #539, #521, .T. );
#10466=LINE ( 'NONE', #1493, #36 );
#10467=EDGE_CURVE ( 'NONE', #8874, #2339, #6116, .T. );
#10468=EDGE_CURVE ( 'NONE', #10267, #6865, #638, .T. );
#10469=PRESENTATION_LAYER_ASSIGNMENT (  '', '', ( #4545 ) );
#10470=ORIENTED_EDGE ( 'NONE', *, *, #4703, .T. );
#10471=LINE ( 'NONE', #520, #45 );
#10472=CARTESIAN_POINT ( 'NONE',  ( 9.000000000000092400, -1.006230589874914900, 3.354999999999779700 ) );
#10473=AXIS2_PLACEMENT_3D ( 'NONE', #112, #5171, #1025 );
#10474=CIRCLE ( 'NONE', #5853, 0.2749999999999996300 );
#10475=EDGE_CURVE ( 'NONE', #2198, #9322, #187, .T. );
#10476=ORIENTED_EDGE ( 'NONE', *, *, #9720, .T. );
#10477=LINE ( 'NONE', #2815, #110 );
#10478=PLANE ( 'NONE',  #5570 );
#10479=VERTEX_POINT ( 'NONE', #1642 );
#10480=LINE ( 'NONE', #1644, #205 );
#10481=ORIENTED_EDGE ( 'NONE', *, *, #9319, .T. );
#10482=ORIENTED_EDGE ( 'NONE', *, *, #10274, .F. );
#10483=LINE ( 'NONE', #537, #110 );
#10484=ADVANCED_FACE ( 'NONE', ( #5558 ), #8674, .T. );
#10485=LINE ( 'NONE', #4652, #493 );
#10486=ADVANCED_FACE ( 'NONE', ( #10061 ), #9802, .T. );
#10487=VERTEX_POINT ( 'NONE', #1799 );
#10488=EDGE_CURVE ( 'NONE', #9164, #5349, #13892, .T. );
#10489=ORIENTED_EDGE ( 'NONE', *, *, #10799, .F. );
#10490=PLANE ( 'NONE',  #9206 );
#10491=AXIS2_PLACEMENT_3D ( 'NONE', #4426, #3384, #502 );
#10492=LINE ( 'NONE', #5436, #10 );
#10493=LINE ( 'NONE', #7205, #36 );
#10494=ADVANCED_FACE ( 'NONE', ( #11357 ), #160, .T. );
#10495=ORIENTED_EDGE ( 'NONE', *, *, #11391, .F. );
#10496=LINE ( 'NONE', #6119, #10 );
#10497=ADVANCED_FACE ( 'NONE', ( #3912 ), #7532, .F. );
#10498=EDGE_LOOP ( 'NONE', ( #12181, #1698 ) );
#10499=ORIENTED_EDGE ( 'NONE', *, *, #13287, .T. );
#10500=ORIENTED_EDGE ( 'NONE', *, *, #11947, .T. );
#10501=LINE ( 'NONE', #439, #209 );
#10502=ORIENTED_EDGE ( 'NONE', *, *, #6007, .T. );
#10503=EDGE_CURVE ( 'NONE', #5321, #5453, #11808, .T. );
#10504=VERTEX_POINT ( 'NONE', #2928 );
#10505=EDGE_CURVE ( 'NONE', #10365, #5845, #7046, .T. );
#10506=CIRCLE ( 'NONE', #13080, 0.2750000000000000800 );
#10507=PLANE ( 'NONE',  #9558 );
#10508=FACE_OUTER_BOUND ( 'NONE', #9197, .T. );
#10509=EDGE_CURVE ( 'NONE', #4056, #1695, #14318, .T. );
#10510=EDGE_LOOP ( 'NONE', ( #9121, #1044, #8621, #14255 ) );
#10511=ORIENTED_EDGE ( 'NONE', *, *, #3779, .T. );
#10512=ORIENTED_EDGE ( 'NONE', *, *, #6289, .T. );
#10513=LINE ( 'NONE', #8801, #36 );
#10514=ORIENTED_EDGE ( 'NONE', *, *, #11738, .T. );
#10515=VERTEX_POINT ( 'NONE', #2812 );
#10516=ADVANCED_FACE ( 'NONE', ( #13605 ), #6549, .F. );
#10517=ORIENTED_EDGE ( 'NONE', *, *, #7918, .T. );
#10518=ORIENTED_EDGE ( 'NONE', *, *, #1563, .T. );
#10519=FACE_OUTER_BOUND ( 'NONE', #4702, .T. );
#10520=CIRCLE ( 'NONE', #13890, 0.05080000000000015100 );
#10521=ORIENTED_EDGE ( 'NONE', *, *, #6174, .F. );
#10522=EDGE_CURVE ( 'NONE', #4482, #9303, #13314, .T. );
#10523=EDGE_CURVE ( 'NONE', #12792, #1634, #1106, .T. );
#10524=EDGE_LOOP ( 'NONE', ( #4462, #5919, #8796, #9356 ) );
#10525=EDGE_CURVE ( 'NONE', #4793, #2632, #8411, .T. );
#10526=ORIENTED_EDGE ( 'NONE', *, *, #4219, .T. );
#10527=CYLINDRICAL_SURFACE ( 'NONE', #5510, 0.05080000000000015100 );
#10528=EDGE_LOOP ( 'NONE', ( #9211, #13292, #11137, #4667 ) );
#10529=ORIENTED_EDGE ( 'NONE', *, *, #1245, .T. );
#10530=ORIENTED_EDGE ( 'NONE', *, *, #12664, .T. );
#10531=PLANE ( 'NONE',  #7452 );
#10532=ORIENTED_EDGE ( 'NONE', *, *, #13186, .F. );
#10533=EDGE_LOOP ( 'NONE', ( #3301, #3144, #12952, #9625 ) );
#10534=DIRECTION ( 'NONE',  ( -1.000000000000000000, 0.0000000000000000000, -2.768175759537459200E-016 ) );
#10535=CARTESIAN_POINT ( 'NONE',  ( -8.549999999999839100, 0.8000000000000000400, 10.42999999999999600 ) );
#10536=FACE_OUTER_BOUND ( 'NONE', #10923, .T. );
#10537=FACE_OUTER_BOUND ( 'NONE', #12712, .T. );
#10538=CARTESIAN_POINT ( 'NONE',  ( 9.000000000000092400, -1.006230589874914900, 0.0000000000000000000 ) );
#10539=ORIENTED_EDGE ( 'NONE', *, *, #8603, .T. );
#10540=ORIENTED_EDGE ( 'NONE', *, *, #14248, .F. );
#10541=FACE_OUTER_BOUND ( 'NONE', #6623, .T. );
#10542=EDGE_LOOP ( 'NONE', ( #6995, #11502, #5165, #3203 ) );
#10543=CARTESIAN_POINT ( 'NONE',  ( -6.164999999999999100, -1.006230589874914900, 12.74999999999999800 ) );
#10544=EDGE_LOOP ( 'NONE', ( #5548, #11551, #6635, #7058, #13666, #10502 ) );
#10545=ORIENTED_EDGE ( 'NONE', *, *, #6209, .T. );
#10546=EDGE_CURVE ( 'NONE', #7092, #5599, #5544, .T. );
#10547=LINE ( 'NONE', #2195, #45 );
#10548=ORIENTED_EDGE ( 'NONE', *, *, #2868, .F. );
#10549=EDGE_CURVE ( 'NONE', #9502, #8582, #2317, .T. );
#10550=ADVANCED_FACE ( 'NONE', ( #4841 ), #10015, .T. );
#10551=VERTEX_POINT ( 'NONE', #1553 );
#10552=ADVANCED_FACE ( 'NONE', ( #7716 ), #3142, .F. );
#10553=VERTEX_POINT ( 'NONE', #3027 );
#10554=ORIENTED_EDGE ( 'NONE', *, *, #7144, .F. );
#10555=ORIENTED_EDGE ( 'NONE', *, *, #6196, .F. );
#10556=ORIENTED_EDGE ( 'NONE', *, *, #13658, .T. );
#10557=ORIENTED_EDGE ( 'NONE', *, *, #8231, .T. );
#10558=CARTESIAN_POINT ( 'NONE',  ( -7.800000000000001600, 2.999200000000000500, -5.629289321881345600 ) );
#10559=EDGE_CURVE ( 'NONE', #7048, #7407, #9019, .T. );
#10560=LINE ( 'NONE', #7203, #36 );
#10561=VERTEX_POINT ( 'NONE', #8991 );
#10562=ORIENTED_EDGE ( 'NONE', *, *, #7637, .T. );
#10563=ADVANCED_FACE ( 'NONE', ( #9232 ), #8900, .F. );
#10564=EDGE_CURVE ( 'NONE', #3245, #2937, #12257, .T. );
#10565=MANIFOLD_SOLID_BREP ( 'Boss-Extrude6[2]', #2413 );
#10566=ADVANCED_FACE ( 'NONE', ( #12699 ), #13821, .F. );
#10567=ORIENTED_EDGE ( 'NONE', *, *, #11202, .T. );
#10568=CIRCLE ( 'NONE', #71, 0.2750000000000920000 );
#10569=EDGE_LOOP ( 'NONE', ( #8552, #11949, #4577, #2091 ) );
#10570=AXIS2_PLACEMENT_3D ( 'NONE', #3575, #95, #31 );
#10571=CIRCLE ( 'NONE', #4403, 0.2750000000000000800 );
#10572=ORIENTED_EDGE ( 'NONE', *, *, #306, .T. );
#10573=ORIENTED_EDGE ( 'NONE', *, *, #5568, .F. );
#10574=EDGE_LOOP ( 'NONE', ( #3954, #5777, #3775, #1097 ) );
#10575=CARTESIAN_POINT ( 'NONE',  ( 9.000000000000033800, -1.006230589874914900, 4.899999999999751700 ) );
#10576=ORIENTED_EDGE ( 'NONE', *, *, #9309, .T. );
#10577=CYLINDRICAL_SURFACE ( 'NONE', #8911, 0.2749999999999991900 );
#10578=ORIENTED_EDGE ( 'NONE', *, *, #12635, .T. );
#10579=ORIENTED_EDGE ( 'NONE', *, *, #13474, .F. );
#10580=SHAPE_DEFINITION_REPRESENTATION ( #12379, #6989 );
#10581=EDGE_CURVE ( 'NONE', #8659, #5599, #7534, .T. );
#10582=ADVANCED_FACE ( 'NONE', ( #9900 ), #488, .F. );
#10583=EDGE_CURVE ( 'NONE', #14385, #3449, #4856, .T. );
#10584=ORIENTED_EDGE ( 'NONE', *, *, #3389, .F. );
#10585=LINE ( 'NONE', #6999, #36 );
#10586=LINE ( 'NONE', #1328, #10 );
#10587=CARTESIAN_POINT ( 'NONE',  ( 0.0000000000000000000, -1.006230589874914900, 0.2699999999999959100 ) );
#10588=PRESENTATION_LAYER_ASSIGNMENT (  '', '', ( #9480 ) );
#10589=VERTEX_POINT ( 'NONE', #132 );
#10590=ORIENTED_EDGE ( 'NONE', *, *, #11105, .F. );
#10591=LINE ( 'NONE', #4426, #416 );
#10592=ORIENTED_EDGE ( 'NONE', *, *, #12371, .F. );
#10593=CARTESIAN_POINT ( 'NONE',  ( 9.000000000000079900, 0.0000000000000000000, 2.634999999999809700 ) );
#10594=STYLED_ITEM ( 'NONE', ( #2931 ), #6989 );
#10595=EDGE_CURVE ( 'NONE', #7234, #573, #3885, .T. );
#10596=LINE ( 'NONE', #6466, #13580 );
#10597=ORIENTED_EDGE ( 'NONE', *, *, #1653, .T. );
#10598=EDGE_LOOP ( 'NONE', ( #10941, #2573, #2487, #8805, #11472, #10518 ) );
#10599=EDGE_CURVE ( 'NONE', #2711, #6250, #10848, .T. );
#10600=CARTESIAN_POINT ( 'NONE',  ( -7.800000000000001600, 30.15163842104813000, -5.900000000000003900 ) );
#10601=LINE ( 'NONE', #2701, #205 );
#10602=ORIENTED_EDGE ( 'NONE', *, *, #7542, .T. );
#10603=LINE ( 'NONE', #2401, #36 );
#10604=LINE ( 'NONE', #8657, #36 );
#10605=ADVANCED_FACE ( 'NONE', ( #13440 ), #3421, .F. );
#10606=ORIENTED_EDGE ( 'NONE', *, *, #9530, .T. );
#10607=CARTESIAN_POINT ( 'NONE',  ( -8.549999999999839100, 0.0000000000000000000, 9.529999999999995800 ) );
#10608=LINE ( 'NONE', #7952, #416 );
#10609=ADVANCED_FACE ( 'NONE', ( #1286 ), #233, .T. );
#10610=VERTEX_POINT ( 'NONE', #6950 );
#10611=CARTESIAN_POINT ( 'NONE',  ( 7.729289321881345200, 30.15163842104813000, 11.49999999999999600 ) );
#10612=ORIENTED_EDGE ( 'NONE', *, *, #12875, .T. );
#10613=LINE ( 'NONE', #2734, #45 );
#10614=EDGE_CURVE ( 'NONE', #7227, #9691, #13166, .T. );
#10615=CARTESIAN_POINT ( 'NONE',  ( -5.264999999999997900, 0.8000000000000000400, 12.74999999999999800 ) );
#10616=CLOSED_SHELL ( 'NONE', ( #14206, #837, #9652, #1484, #7524, #1116, #12534, #12984, #12029, #10120 ) );
#10617=ORIENTED_EDGE ( 'NONE', *, *, #12781, .T. );
#10618=EDGE_CURVE ( 'NONE', #1911, #11120, #961, .T. );
#10619=FACE_OUTER_BOUND ( 'NONE', #2188, .T. );
#10620=LINE ( 'NONE', #651, #1226 );
#10621=EDGE_CURVE ( 'NONE', #4723, #10383, #405, .T. );
#10622=AXIS2_PLACEMENT_3D ( 'NONE', #1055, #575, #19 );
#10623=LINE ( 'NONE', #4710, #416 );
#10624=ORIENTED_EDGE ( 'NONE', *, *, #8379, .F. );
#10625=ORIENTED_EDGE ( 'NONE', *, *, #2919, .F. );
#10626=ORIENTED_EDGE ( 'NONE', *, *, #4925, .T. );
#10627=ORIENTED_EDGE ( 'NONE', *, *, #1224, .T. );
#10628=EDGE_LOOP ( 'NONE', ( #72, #3458, #2399, #2305 ) );
#10629=ORIENTED_EDGE ( 'NONE', *, *, #10503, .F. );
#10630=CARTESIAN_POINT ( 'NONE',  ( -8.549999999999933200, -1.006230589874914900, 1.539999999999997100 ) );
#10631=ADVANCED_FACE ( 'NONE', ( #10211 ), #11136, .F. );
#10632=CARTESIAN_POINT ( 'NONE',  ( -8.549999999999998900, -1.006230589874914900, -5.710000000000005300 ) );
#10633=ORIENTED_EDGE ( 'NONE', *, *, #11476, .T. );
#10634=CARTESIAN_POINT ( 'NONE',  ( -8.999999999999959100, -1.006230589874914900, -1.175000000000006300 ) );
#10635=EDGE_CURVE ( 'NONE', #12991, #5681, #6303, .T. );
#10636=ORIENTED_EDGE ( 'NONE', *, *, #7795, .F. );
#10637=ORIENTED_EDGE ( 'NONE', *, *, #7481, .F. );
#10638=EDGE_CURVE ( 'NONE', #269, #11511, #8889, .T. );
#10639=LINE ( 'NONE', #10786, #327 );
#10640=LINE ( 'NONE', #1948, #416 );
#10641=ORIENTED_EDGE ( 'NONE', *, *, #3030, .T. );
#10642=EDGE_CURVE ( 'NONE', #13082, #4815, #2707, .T. );
#10643=AXIS2_PLACEMENT_3D ( 'NONE', #9201, #891, #669 );
#10644=ORIENTED_EDGE ( 'NONE', *, *, #11460, .F. );
#10645=ORIENTED_EDGE ( 'NONE', *, *, #2797, .F. );
#10646=ORIENTED_EDGE ( 'NONE', *, *, #9834, .F. );
#10647=PLANE ( 'NONE',  #8640 );
#10648=ADVANCED_FACE ( 'NONE', ( #3102 ), #11413, .F. );
#10649=EDGE_CURVE ( 'NONE', #3253, #713, #389, .T. );
#10650=AXIS2_PLACEMENT_3D ( 'NONE', #14301, #214, #15 );
#10651=VERTEX_POINT ( 'NONE', #2135 );
#10652=ORIENTED_EDGE ( 'NONE', *, *, #10372, .T. );
#10653=LINE ( 'NONE', #11342, #205 );
#10654=ORIENTED_EDGE ( 'NONE', *, *, #4607, .F. );
#10655=ORIENTED_EDGE ( 'NONE', *, *, #13129, .F. );
#10656=ORIENTED_EDGE ( 'NONE', *, *, #12014, .T. );
#10657=ORIENTED_EDGE ( 'NONE', *, *, #12352, .F. );
#10658=CLOSED_SHELL ( 'NONE', ( #2421, #14270, #3608, #14009, #4411, #13329, #4320, #1757, #8082, #4243 ) );
#10659=PLANE ( 'NONE',  #7745 );
#10660=FACE_OUTER_BOUND ( 'NONE', #2737, .T. );
#10661=EDGE_CURVE ( 'NONE', #13955, #3588, #12249, .T. );
#10662=CARTESIAN_POINT ( 'NONE',  ( -8.999999999999825900, -1.006230589874914900, 11.52499999999998800 ) );
#10663=ORIENTED_EDGE ( 'NONE', *, *, #12858, .T. );
#10664=ORIENTED_EDGE ( 'NONE', *, *, #3875, .F. );
#10665=ORIENTED_EDGE ( 'NONE', *, *, #7412, .F. );
#10666=EDGE_LOOP ( 'NONE', ( #4888, #9001, #753, #13617 ) );
#10667=LINE ( 'NONE', #3015, #4 );
#10668=LINE ( 'NONE', #5395, #205 );
#10669=ORIENTED_EDGE ( 'NONE', *, *, #13575, .T. );
#10670=CARTESIAN_POINT ( 'NONE',  ( 0.0000000000000000000, -1.006230589874914900, 10.42999999999999400 ) );
#10671=FACE_OUTER_BOUND ( 'NONE', #11517, .T. );
#10672=SURFACE_STYLE_USAGE ( .BOTH. , #14440 );
#10673=EDGE_LOOP ( 'NONE', ( #4287, #12396, #2492, #14046 ) );
#10674=AXIS2_PLACEMENT_3D ( 'NONE', #13710, #19, #135 );
#10675=ADVANCED_FACE ( 'NONE', ( #8869 ), #685, .T. );
#10676=EDGE_CURVE ( 'NONE', #12842, #126, #7702, .T. );
#10677=ORIENTED_EDGE ( 'NONE', *, *, #7070, .F. );
#10678=EDGE_CURVE ( 'NONE', #4160, #2476, #14027, .T. );
#10679=ADVANCED_FACE ( 'NONE', ( #10989 ), #685, .T. );
#10680=EDGE_LOOP ( 'NONE', ( #888, #12982, #2301, #12451 ) );
#10681=EDGE_LOOP ( 'NONE', ( #3436, #14420, #6589, #12139 ) );
#10682=AXIS2_PLACEMENT_3D ( 'NONE', #5053, #135, #15 );
#10683=VERTEX_POINT ( 'NONE', #1396 );
#10684=ORIENTED_EDGE ( 'NONE', *, *, #11913, .T. );
#10685=ORIENTED_EDGE ( 'NONE', *, *, #11263, .F. );
#10686=FACE_OUTER_BOUND ( 'NONE', #9421, .T. );
#10687=PLANE ( 'NONE',  #14444 );
#10688=LINE ( 'NONE', #820, #4 );
#10689=ORIENTED_EDGE ( 'NONE', *, *, #12005, .F. );
#10690=MANIFOLD_SOLID_BREP ( 'Boss-Extrude6[6]', #10100 );
#10691=CARTESIAN_POINT ( 'NONE',  ( -6.534999999999998400, 0.0000000000000000000, 11.90000000000017100 ) );
#10692=VERTEX_POINT ( 'NONE', #1644 );
#10693=ADVANCED_FACE ( 'NONE', ( #8718 ), #6190, .F. );
#10694=ORIENTED_EDGE ( 'NONE', *, *, #2067, .T. );
#10695=CARTESIAN_POINT ( 'NONE',  ( 8.550000000000169500, 0.05000000000000000300, -4.440000000000004800 ) );
#10696=ORIENTED_EDGE ( 'NONE', *, *, #26, .T. );
#10697=ORIENTED_EDGE ( 'NONE', *, *, #1063, .F. );
#10698=ADVANCED_FACE ( 'NONE', ( #14305 ), #10490, .F. );
#10699=FACE_BOUND ( 'NONE', #7695, .T. );
#10700=CARTESIAN_POINT ( 'NONE',  ( -9.000000000000000000, 0.8000000000000000400, -3.990000000000004700 ) );
#10701=EDGE_CURVE ( 'NONE', #2726, #7526, #1718, .T. );
#10702=LINE ( 'NONE', #6993, #36 );
#10703=ORIENTED_EDGE ( 'NONE', *, *, #1177, .T. );
#10704=EDGE_CURVE ( 'NONE', #2550, #3808, #12853, .T. );
#10705=( GEOMETRIC_REPRESENTATION_CONTEXT ( 3 ) GLOBAL_UNCERTAINTY_ASSIGNED_CONTEXT ( ( #178 ) ) GLOBAL_UNIT_ASSIGNED_CONTEXT ( ( #7, #195, #16 ) ) REPRESENTATION_CONTEXT ( 'NONE', 'WORKASPACE' ) );
#10706=LINE ( 'NONE', #806, #4 );
#10707=ORIENTED_EDGE ( 'NONE', *, *, #6003, .T. );
#10708=EDGE_CURVE ( 'NONE', #4815, #7792, #2693, .T. );
#10709=STYLED_ITEM ( 'NONE', ( #77 ), #12318 );
#10710=CARTESIAN_POINT ( 'NONE',  ( 8.000000000000000000, 2.999200000000000500, 11.69999999999999800 ) );
#10711=DIRECTION ( 'NONE',  ( -3.847932073984928800E-013, 0.0000000000000000000, -1.000000000000000000 ) );
#10712=ORIENTED_EDGE ( 'NONE', *, *, #7897, .T. );
#10713=ORIENTED_EDGE ( 'NONE', *, *, #3134, .F. );
#10714=EDGE_LOOP ( 'NONE', ( #10016, #13847, #1230, #3874 ) );
#10715=ORIENTED_EDGE ( 'NONE', *, *, #10678, .F. );
#10716=FACE_OUTER_BOUND ( 'NONE', #5350, .T. );
#10717=ADVANCED_FACE ( 'NONE', ( #5364 ), #6446, .T. );
#10718=LINE ( 'NONE', #865, #8751 );
#10719=ORIENTED_EDGE ( 'NONE', *, *, #3611, .T. );
#10720=ORIENTED_EDGE ( 'NONE', *, *, #1714, .F. );
#10721=LINE ( 'NONE', #1389, #1276 );
#10722=EDGE_CURVE ( 'NONE', #4436, #13141, #12563, .T. );
#10723=ORIENTED_EDGE ( 'NONE', *, *, #2796, .T. );
#10724=ORIENTED_EDGE ( 'NONE', *, *, #8027, .T. );
#10725=CLOSED_SHELL ( 'NONE', ( #7358, #13462, #1486, #3008, #10373, #11691, #2917, #4743, #12273, #8337 ) );
#10726=VERTEX_POINT ( 'NONE', #9692 );
#10727=VERTEX_POINT ( 'NONE', #2969 );
#10728=EDGE_CURVE ( 'NONE', #6524, #9368, #9391, .T. );
#10729=ORIENTED_EDGE ( 'NONE', *, *, #9134, .F. );
#10730=ORIENTED_EDGE ( 'NONE', *, *, #12064, .F. );
#10731=EDGE_LOOP ( 'NONE', ( #12947, #11457, #1720, #9666 ) );
#10732=LINE ( 'NONE', #11337, #184 );
#10733=CARTESIAN_POINT ( 'NONE',  ( 0.0000000000000000000, 0.8000000000000000400, -2.270000000000004000 ) );
#10734=EDGE_LOOP ( 'NONE', ( #12975, #13813, #326, #1584 ) );
#10735=VERTEX_POINT ( 'NONE', #2481 );
#10736=CARTESIAN_POINT ( 'NONE',  ( 5.265000000000001500, 0.0000000000000000000, 12.29999999999999700 ) );
#10737=PLANE ( 'NONE',  #8036 );
#10738=LINE ( 'NONE', #13239, #36 );
#10739=ORIENTED_EDGE ( 'NONE', *, *, #13964, .F. );
#10740=EDGE_LOOP ( 'NONE', ( #11450, #14085, #11439, #1899, #3566, #3618, #10336, #5291 ) );
#10741=FACE_OUTER_BOUND ( 'NONE', #6470, .T. );
#10742=EDGE_CURVE ( 'NONE', #4833, #8845, #509, .T. );
#10743=VERTEX_POINT ( 'NONE', #4132 );
#10744=ORIENTED_EDGE ( 'NONE', *, *, #9410, .F. );
#10745=CIRCLE ( 'NONE', #9857, 0.2749999999999996300 );
#10746=EDGE_LOOP ( 'NONE', ( #7607, #4157, #1032, #5502 ) );
#10747=CARTESIAN_POINT ( 'NONE',  ( 9.000000000000024900, 0.0000000000000000000, 2.359999999999810200 ) );
#10748=FACE_OUTER_BOUND ( 'NONE', #2708, .T. );
#10749=ORIENTED_EDGE ( 'NONE', *, *, #6172, .F. );
#10750=EDGE_CURVE ( 'NONE', #1138, #8400, #12104, .T. );
#10751=VERTEX_POINT ( 'NONE', #7571 );
#10752=CARTESIAN_POINT ( 'NONE',  ( 0.0000000000000000000, 3.049999999999999800, -5.629289321881345600 ) );
#10753=LINE ( 'NONE', #4413, #1276 );
#10754=LINE ( 'NONE', #1710, #209 );
#10755=ADVANCED_FACE ( 'NONE', ( #1706 ), #5402, .T. );
#10756=CARTESIAN_POINT ( 'NONE',  ( -7.600000000000001400, 0.8000000000000056000, 11.42928932188134200 ) );
#10757=EDGE_LOOP ( 'NONE', ( #9591, #8074, #817, #512 ) );
#10758=LINE ( 'NONE', #954, #45 );
#10759=LINE ( 'NONE', #3631, #327 );
#10760=ORIENTED_EDGE ( 'NONE', *, *, #13014, .T. );
#10761=EDGE_CURVE ( 'NONE', #7210, #7433, #5, .T. );
#10762=CARTESIAN_POINT ( 'NONE',  ( 0.0000000000000000000, 3.049999999999999800, -5.649200000000005800 ) );
#10763=EDGE_CURVE ( 'NONE', #14341, #5997, #9887, .T. );
#10764=DIRECTION ( 'NONE',  ( 9.637352644315533600E-016, 0.0000000000000000000, 1.000000000000000000 ) );
#10765=MECHANICAL_DESIGN_GEOMETRIC_PRESENTATION_REPRESENTATION (  '', ( #232 ), #2068 );
#10766=ORIENTED_EDGE ( 'NONE', *, *, #13037, .T. );
#10767=ADVANCED_FACE ( 'NONE', ( #11323 ), #9825, .F. );
#10768=AXIS2_PLACEMENT_3D ( 'NONE', #88, #575, #19 );
#10769=LINE ( 'NONE', #3814, #184 );
#10770=CIRCLE ( 'NONE', #7638, 0.2508000000000006900 );
#10771=ORIENTED_EDGE ( 'NONE', *, *, #9287, .T. );
#10772=PLANE ( 'NONE',  #11229 );
#10773=ORIENTED_EDGE ( 'NONE', *, *, #9549, .F. );
#10774=LINE ( 'NONE', #192, #209 );
#10775=EDGE_CURVE ( 'NONE', #3094, #4833, #10513, .T. );
#10776=EDGE_CURVE ( 'NONE', #4514, #13955, #830, .T. );
#10777=LINE ( 'NONE', #602, #1767 );
#10778=EDGE_CURVE ( 'NONE', #2723, #901, #4270, .T. );
#10779=ADVANCED_FACE ( 'NONE', ( #3852 ), #685, .T. );
#10780=AXIS2_PLACEMENT_3D ( 'NONE', #5360, #250, #31 );
#10781=ORIENTED_EDGE ( 'NONE', *, *, #11913, .F. );
#10782=EDGE_CURVE ( 'NONE', #3713, #10479, #9871, .T. );
#10783=AXIS2_PLACEMENT_3D ( 'NONE', #1429, #31, #135 );
#10784=PLANE ( 'NONE',  #8055 );
#10785=EDGE_LOOP ( 'NONE', ( #5379, #5764, #5434, #9288, #3338, #11386 ) );
#10786=CARTESIAN_POINT ( 'NONE',  ( 0.0000000000000000000, 0.8000000000000000400, 5.349999999999996100 ) );
#10787=ORIENTED_EDGE ( 'NONE', *, *, #9351, .T. );
#10788=ORIENTED_EDGE ( 'NONE', *, *, #6096, .T. );
#10789=ORIENTED_EDGE ( 'NONE', *, *, #10240, .T. );
#10790=LINE ( 'NONE', #1499, #209 );
#10791=ORIENTED_EDGE ( 'NONE', *, *, #4520, .F. );
#10792=CARTESIAN_POINT ( 'NONE',  ( 8.550000000000118000, 0.8000000000000000400, -0.0000000000000000000 ) );
#10793=EDGE_LOOP ( 'NONE', ( #9824, #4158, #13638, #11172, #7170, #8741 ) );
#10794=ORIENTED_EDGE ( 'NONE', *, *, #2453, .F. );
#10795=PLANE ( 'NONE',  #6558 );
#10796=LINE ( 'NONE', #11459, #209 );
#10797=FACE_OUTER_BOUND ( 'NONE', #12816, .T. );
#10798=ORIENTED_EDGE ( 'NONE', *, *, #5826, .F. );
#10799=EDGE_CURVE ( 'NONE', #606, #7697, #4346, .T. );
#10800=CARTESIAN_POINT ( 'NONE',  ( 9.000000000000158100, 0.0000000000000000000, 9.704999999999889900 ) );
#10801=SURFACE_SIDE_STYLE ('',( #8915 ) );
#10802=LINE ( 'NONE', #2977, #3827 );
#10803=ORIENTED_EDGE ( 'NONE', *, *, #5357, .F. );
#10804=VERTEX_POINT ( 'NONE', #5264 );
#10805=FACE_OUTER_BOUND ( 'NONE', #11757, .T. );
#10806=CARTESIAN_POINT ( 'NONE',  ( 0.0000000000000000000, 0.0000000000000000000, -1.000000000000003600 ) );
#10807=AXIS2_PLACEMENT_3D ( 'NONE', #534, #214, #15 );
#10808=ORIENTED_EDGE ( 'NONE', *, *, #10914, .F. );
#10809=CARTESIAN_POINT ( 'NONE',  ( 9.000000000000039100, 0.8000000000000000400, -1.900000000000004100 ) );
#10810=ORIENTED_EDGE ( 'NONE', *, *, #3107, .T. );
#10811=CARTESIAN_POINT ( 'NONE',  ( -8.999999999999825900, 0.0000000000000000000, 10.97499999999999100 ) );
#10812=ORIENTED_EDGE ( 'NONE', *, *, #13432, .F. );
#10813=LINE ( 'NONE', #11746, #184 );
#10814=CARTESIAN_POINT ( 'NONE',  ( -8.549999999999865700, 0.8000000000000000400, 6.989999999999996700 ) );
#10815=ORIENTED_EDGE ( 'NONE', *, *, #2338, .T. );
#10816=LINE ( 'NONE', #5529, #36 );
#10817=EDGE_CURVE ( 'NONE', #9938, #2378, #10344, .T. );
#10818=FACE_OUTER_BOUND ( 'NONE', #12772, .T. );
#10819=ORIENTED_EDGE ( 'NONE', *, *, #14491, .F. );
#10820=CIRCLE ( 'NONE', #13173, 0.05080000000000015100 );
#10821=VERTEX_POINT ( 'NONE', #8882 );
#10822=ORIENTED_EDGE ( 'NONE', *, *, #8792, .T. );
#10823=MANIFOLD_SOLID_BREP ( 'Boss-Extrude5[18]', #14449 );
#10824=ORIENTED_EDGE ( 'NONE', *, *, #7668, .F. );
#10825=EDGE_CURVE ( 'NONE', #3861, #2935, #1251, .T. );
#10826=ORIENTED_EDGE ( 'NONE', *, *, #5441, .T. );
#10827=CARTESIAN_POINT ( 'NONE',  ( 0.0000000000000000000, 0.8000000000000000400, 9.529999999999995800 ) );
#10828=ADVANCED_FACE ( 'NONE', ( #13290 ), #7807, .F. );
#10829=EDGE_LOOP ( 'NONE', ( #14129, #13878, #4264, #7579 ) );
#10830=ADVANCED_FACE ( 'NONE', ( #13721 ), #7863, .F. );
#10831=ORIENTED_EDGE ( 'NONE', *, *, #1413, .F. );
#10832=FACE_OUTER_BOUND ( 'NONE', #9255, .T. );
#10833=LINE ( 'NONE', #120, #4 );
#10834=EDGE_LOOP ( 'NONE', ( #11365, #1750, #1007, #8160 ) );
#10835=EDGE_CURVE ( 'NONE', #7180, #4137, #7178, .T. );
#10836=ORIENTED_EDGE ( 'NONE', *, *, #8500, .T. );
#10837=EDGE_CURVE ( 'NONE', #9543, #7903, #8384, .T. );
#10838=ORIENTED_EDGE ( 'NONE', *, *, #14247, .T. );
#10839=EDGE_CURVE ( 'NONE', #2501, #7947, #2811, .T. );
#10840=LINE ( 'NONE', #9604, #5839 );
#10841=FACE_OUTER_BOUND ( 'NONE', #11183, .T. );
#10842=ORIENTED_EDGE ( 'NONE', *, *, #9320, .F. );
#10843=AXIS2_PLACEMENT_3D ( 'NONE', #9567, #19, #135 );
#10844=AXIS2_PLACEMENT_3D ( 'NONE', #9519, #95, #31 );
#10845=ORIENTED_EDGE ( 'NONE', *, *, #12264, .T. );
#10846=ADVANCED_FACE ( 'NONE', ( #4452 ), #1184, .F. );
#10847=VERTEX_POINT ( 'NONE', #3346 );
#10848=LINE ( 'NONE', #7970, #36 );
#10849=ORIENTED_EDGE ( 'NONE', *, *, #5613, .F. );
#10850=ORIENTED_EDGE ( 'NONE', *, *, #9770, .T. );
#10851=ORIENTED_EDGE ( 'NONE', *, *, #2478, .T. );
#10852=ORIENTED_EDGE ( 'NONE', *, *, #6713, .T. );
#10853=CARTESIAN_POINT ( 'NONE',  ( 9.000000000000065700, -1.006230589874914900, 1.539999999999996300 ) );
#10854=LINE ( 'NONE', #1985, #209 );
#10855=LINE ( 'NONE', #8494, #184 );
#10856=CARTESIAN_POINT ( 'NONE',  ( 9.000000000000172300, -1.006230589874914900, 11.69999999999999600 ) );
#10857=LINE ( 'NONE', #2620, #209 );
#10858=EDGE_CURVE ( 'NONE', #4348, #7445, #598, .T. );
#10859=EDGE_CURVE ( 'NONE', #2748, #8695, #3407, .T. );
#10860=EDGE_CURVE ( 'NONE', #5917, #9608, #139, .T. );
#10861=LINE ( 'NONE', #5456, #229 );
#10862=AXIS2_PLACEMENT_3D ( 'NONE', #305, #135, #31 );
#10863=ORIENTED_EDGE ( 'NONE', *, *, #13092, .F. );
#10864=EDGE_CURVE ( 'NONE', #10515, #2605, #1687, .T. );
#10865=CARTESIAN_POINT ( 'NONE',  ( -5.440000000000000400, -1.006230589874914900, 12.74999999999999800 ) );
#10866=AXIS2_PLACEMENT_3D ( 'NONE', #8496, #19, #135 );
#10867=ORIENTED_EDGE ( 'NONE', *, *, #9596, .T. );
#10868=CARTESIAN_POINT ( 'NONE',  ( -8.999999999999982200, -1.006230589874914900, -0.1800000000000065400 ) );
#10869=ORIENTED_EDGE ( 'NONE', *, *, #11774, .F. );
#10870=ORIENTED_EDGE ( 'NONE', *, *, #8599, .F. );
#10871=CARTESIAN_POINT ( 'NONE',  ( -8.999999999999932500, -1.006230589874914900, 1.387778780781431500E-013 ) );
#10872=CARTESIAN_POINT ( 'NONE',  ( -8.999999999999865000, 0.8000000000000000400, 7.714999999999990100 ) );
#10873=VERTEX_POINT ( 'NONE', #11121 );
#10874=FACE_OUTER_BOUND ( 'NONE', #2954, .T. );
#10875=ORIENTED_EDGE ( 'NONE', *, *, #12994, .F. );
#10876=EDGE_CURVE ( 'NONE', #3965, #9691, #5703, .T. );
#10877=ORIENTED_EDGE ( 'NONE', *, *, #10522, .F. );
#10878=EDGE_CURVE ( 'NONE', #6396, #13486, #12687, .T. );
#10879=EDGE_CURVE ( 'NONE', #573, #2176, #12394, .T. );
#10880=ORIENTED_EDGE ( 'NONE', *, *, #9985, .F. );
#10881=EDGE_CURVE ( 'NONE', #2634, #2988, #12838, .T. );
#10882=CARTESIAN_POINT ( 'NONE',  ( 0.0000000000000000000, 3.049999999999999800, 11.44919999999999800 ) );
#10883=AXIS2_PLACEMENT_3D ( 'NONE', #10924, #19, #135 );
#10884=CARTESIAN_POINT ( 'NONE',  ( 8.550000000000013100, 0.05000000000000000300, -4.440000000000004800 ) );
#10885=ADVANCED_FACE ( 'NONE', ( #6998 ), #685, .T. );
#10886=CARTESIAN_POINT ( 'NONE',  ( -8.999999999999932500, 0.8000000000000000400, 1.387778780781431500E-013 ) );
#10887=LINE ( 'NONE', #580, #184 );
#10888=VERTEX_POINT ( 'NONE', #3408 );
#10889=ORIENTED_EDGE ( 'NONE', *, *, #7734, .F. );
#10890=FACE_OUTER_BOUND ( 'NONE', #5644, .T. );
#10891=VERTEX_POINT ( 'NONE', #3465 );
#10892=ORIENTED_EDGE ( 'NONE', *, *, #5826, .T. );
#10893=ORIENTED_EDGE ( 'NONE', *, *, #4223, .F. );
#10894=CARTESIAN_POINT ( 'NONE',  ( -2.179999999999997900, 0.0000000000000000000, 12.74999999999999800 ) );
#10895=LINE ( 'NONE', #12543, #36 );
#10896=ORIENTED_EDGE ( 'NONE', *, *, #4544, .T. );
#10897=EDGE_CURVE ( 'NONE', #2593, #10345, #1106, .T. );
#10898=ADVANCED_FACE ( 'NONE', ( #2882 ), #541, .F. );
#10899=ORIENTED_EDGE ( 'NONE', *, *, #13781, .T. );
#10900=CARTESIAN_POINT ( 'NONE',  ( 5.989999999999999300, 0.8000000000000000400, 12.74999999999999800 ) );
#10901=ORIENTED_EDGE ( 'NONE', *, *, #11429, .F. );
#10902=EDGE_CURVE ( 'NONE', #6704, #4125, #10820, .T. );
#10903=FACE_OUTER_BOUND ( 'NONE', #11531, .T. );
#10904=ADVANCED_FACE ( 'NONE', ( #8033 ), #6897, .T. );
#10905=ORIENTED_EDGE ( 'NONE', *, *, #14413, .T. );
#10906=FACE_OUTER_BOUND ( 'NONE', #1554, .T. );
#10907=ORIENTED_EDGE ( 'NONE', *, *, #12227, .F. );
#10908=EDGE_CURVE ( 'NONE', #9822, #4491, #13416, .T. );
#10909=LINE ( 'NONE', #5036, #1366 );
#10910=ORIENTED_EDGE ( 'NONE', *, *, #11319, .F. );
#10911=ORIENTED_EDGE ( 'NONE', *, *, #5910, .T. );
#10912=PLANE ( 'NONE',  #12683 );
#10913=FACE_OUTER_BOUND ( 'NONE', #8154, .T. );
#10914=EDGE_CURVE ( 'NONE', #6493, #13510, #12383, .T. );
#10915=EDGE_LOOP ( 'NONE', ( #10749, #14067, #9136, #3075 ) );
#10916=AXIS2_PLACEMENT_3D ( 'NONE', #8427, #15, #575 );
#10917=PLANE ( 'NONE',  #6963 );
#10918=FACE_OUTER_BOUND ( 'NONE', #10544, .T. );
#10919=LINE ( 'NONE', #1425, #229 );
#10920=VERTEX_POINT ( 'NONE', #2122 );
#10921=ADVANCED_FACE ( 'NONE', ( #7861 ), #49, .T. );
#10922=EDGE_LOOP ( 'NONE', ( #2765, #14263, #13852, #5440 ) );
#10923=EDGE_LOOP ( 'NONE', ( #3883, #1976, #2518, #3990 ) );
#10924=CARTESIAN_POINT ( 'NONE',  ( 0.0000000000000000000, -1.006230589874914900, 10.42999999999999600 ) );
#10925=EDGE_CURVE ( 'NONE', #724, #485, #11936, .T. );
#10926=ORIENTED_EDGE ( 'NONE', *, *, #3389, .T. );
#10927=EDGE_CURVE ( 'NONE', #921, #2514, #11464, .T. );
#10928=LINE ( 'NONE', #11458, #110 );
#10929=DIRECTION ( 'NONE',  ( 1.000000000000000000, 0.0000000000000000000, 3.690901012716612100E-016 ) );
#10930=FACE_OUTER_BOUND ( 'NONE', #12038, .T. );
#10931=EDGE_LOOP ( 'NONE', ( #654, #7154, #4894, #12156 ) );
#10932=EDGE_LOOP ( 'NONE', ( #3520, #14137, #5741, #6410 ) );
#10933=ADVANCED_FACE ( 'NONE', ( #13567 ), #2655, .F. );
#10934=ORIENTED_EDGE ( 'NONE', *, *, #6338, .F. );
#10935=FACE_OUTER_BOUND ( 'NONE', #8939, .T. );
#10936=CARTESIAN_POINT ( 'NONE',  ( -2.899999999999999000, -1.006230589874914900, 12.74999999999999800 ) );
#10937=VERTEX_POINT ( 'NONE', #14190 );
#10938=MANIFOLD_SOLID_BREP ( 'Boss-Extrude5[3]', #7508 );
#10939=EDGE_CURVE ( 'NONE', #73, #12567, #14157, .T. );
#10940=CARTESIAN_POINT ( 'NONE',  ( 0.0000000000000000000, 0.0000000000000000000, -3.170000000000004800 ) );
#10941=ORIENTED_EDGE ( 'NONE', *, *, #3784, .T. );
#10942=EDGE_CURVE ( 'NONE', #899, #11072, #7165, .T. );
#10943=FACE_OUTER_BOUND ( 'NONE', #2316, .T. );
#10944=ORIENTED_EDGE ( 'NONE', *, *, #4023, .T. );
#10945=( GEOMETRIC_REPRESENTATION_CONTEXT ( 3 ) GLOBAL_UNCERTAINTY_ASSIGNED_CONTEXT ( ( #178 ) ) GLOBAL_UNIT_ASSIGNED_CONTEXT ( ( #7, #195, #16 ) ) REPRESENTATION_CONTEXT ( 'NONE', 'WORKASPACE' ) );
#10946=AXIS2_PLACEMENT_3D ( 'NONE', #11326, #214, #11241 );
#10947=ORIENTED_EDGE ( 'NONE', *, *, #12556, .T. );
#10948=LINE ( 'NONE', #3550, #36 );
#10949=FACE_OUTER_BOUND ( 'NONE', #11185, .T. );
#10950=VERTEX_POINT ( 'NONE', #1611 );
#10951=EDGE_LOOP ( 'NONE', ( #4294, #7766, #11907, #5591 ) );
#10952=LINE ( 'NONE', #2382, #10 );
#10953=LINE ( 'NONE', #3862, #110 );
#10954=EDGE_LOOP ( 'NONE', ( #9259, #9497, #5282, #10636 ) );
#10955=ORIENTED_EDGE ( 'NONE', *, *, #11795, .F. );
#10956=CLOSED_SHELL ( 'NONE', ( #6671, #3184, #9787, #4953, #3414, #7434 ) );
#10957=EDGE_CURVE ( 'NONE', #1399, #2829, #11309, .T. );
#10958=EDGE_CURVE ( 'NONE', #792, #7907, #12079, .T. );
#10959=CARTESIAN_POINT ( 'NONE',  ( -8.999999999999840100, 0.8000000000000000400, 10.25499999999998800 ) );
#10960=FACE_OUTER_BOUND ( 'NONE', #3717, .T. );
#10961=LINE ( 'NONE', #5932, #493 );
#10962=EDGE_CURVE ( 'NONE', #5822, #9859, #9699, .T. );
#10963=ADVANCED_FACE ( 'NONE', ( #8547 ), #2655, .F. );
#10964=ORIENTED_EDGE ( 'NONE', *, *, #4498, .F. );
#10965=LINE ( 'NONE', #560, #4 );
#10966=ADVANCED_FACE ( 'NONE', ( #1029 ), #7229, .T. );
#10967=ORIENTED_EDGE ( 'NONE', *, *, #2533, .T. );
#10968=ORIENTED_EDGE ( 'NONE', *, *, #11269, .F. );
#10969=VERTEX_POINT ( 'NONE', #13434 );
#10970=DIRECTION ( 'NONE',  ( -1.000000000000000000, -4.097771990496382400E-013, 0.0000000000000000000 ) );
#10971=CARTESIAN_POINT ( 'NONE',  ( -8.999999999999854300, -1.006230589874914900, 9.159999999999998400 ) );
#10972=FACE_OUTER_BOUND ( 'NONE', #3125, .T. );
#10973=EDGE_CURVE ( 'NONE', #14341, #7480, #3474, .T. );
#10974=ORIENTED_EDGE ( 'NONE', *, *, #8491, .F. );
#10975=FACE_OUTER_BOUND ( 'NONE', #11155, .T. );
#10976=VERTEX_POINT ( 'NONE', #806 );
#10977=EDGE_LOOP ( 'NONE', ( #10597, #10548, #8121, #13208, #6255, #3742 ) );
#10978=EDGE_CURVE ( 'NONE', #485, #8874, #6269, .T. );
#10979=AXIS2_PLACEMENT_3D ( 'NONE', #1966, #15, #575 );
#10980=ORIENTED_EDGE ( 'NONE', *, *, #12903, .T. );
#10981=ADVANCED_FACE ( 'NONE', ( #2070 ), #9313, .F. );
#10982=CARTESIAN_POINT ( 'NONE',  ( 9.000000000000172300, 0.8000000000000000400, 11.52500000000011400 ) );
#10983=ORIENTED_EDGE ( 'NONE', *, *, #11572, .F. );
#10984=VERTEX_POINT ( 'NONE', #7332 );
#10985=AXIS2_PLACEMENT_3D ( 'NONE', #2226, #95, #31 );
#10986=AXIS2_PLACEMENT_3D ( 'NONE', #5555, #21, #31 );
#10987=CARTESIAN_POINT ( 'NONE',  ( 9.000000000000000000, -1.006230589874914900, -4.985000000000003900 ) );
#10988=ORIENTED_EDGE ( 'NONE', *, *, #12497, .F. );
#10989=FACE_OUTER_BOUND ( 'NONE', #12759, .T. );
#10990=CIRCLE ( 'NONE', #8896, 0.2749999999999991900 );
#10991=VERTEX_POINT ( 'NONE', #14379 );
#10992=ORIENTED_EDGE ( 'NONE', *, *, #9404, .T. );
#10993=ORIENTED_EDGE ( 'NONE', *, *, #2990, .T. );
#10994=VERTEX_POINT ( 'NONE', #3615 );
#10995=EDGE_LOOP ( 'NONE', ( #8762, #13448, #12811, #11968 ) );
#10996=CARTESIAN_POINT ( 'NONE',  ( -8.999999999999944900, -1.006230589874914900, 0.09499999999999320100 ) );
#10997=ADVANCED_FACE ( 'NONE', ( #3654 ), #7129, .F. );
#10998=LINE ( 'NONE', #2725, #327 );
#10999=EDGE_CURVE ( 'NONE', #1686, #5394, #116, .T. );
#11000=VERTEX_POINT ( 'NONE', #2620 );
#11001=ORIENTED_EDGE ( 'NONE', *, *, #14019, .F. );
#11002=CARTESIAN_POINT ( 'NONE',  ( -8.150000000000021700, 0.0000000000000000000, 0.6399999999999955700 ) );
#11003=AXIS2_PLACEMENT_3D ( 'NONE', #840, #917, #6966 );
#11004=PLANE ( 'NONE',  #3578 );
#11005=LINE ( 'NONE', #513, #493 );
#11006=ORIENTED_EDGE ( 'NONE', *, *, #6094, .T. );
#11007=FACE_OUTER_BOUND ( 'NONE', #13288, .T. );
#11008=EDGE_CURVE ( 'NONE', #2605, #2559, #13848, .T. );
#11009=ORIENTED_EDGE ( 'NONE', *, *, #13332, .T. );
#11010=AXIS2_PLACEMENT_3D ( 'NONE', #1578, #12876, #3971 );
#11011=ORIENTED_EDGE ( 'NONE', *, *, #13074, .F. );
#11012=ORIENTED_EDGE ( 'NONE', *, *, #8346, .T. );
#11013=EDGE_LOOP ( 'NONE', ( #4116, #322 ) );
#11014=CARTESIAN_POINT ( 'NONE',  ( 1.905000000000001400, 0.0000000000000000000, 12.74999999999999800 ) );
#11015=VERTEX_POINT ( 'NONE', #2182 );
#11016=ORIENTED_EDGE ( 'NONE', *, *, #2970, .F. );
#11017=ORIENTED_EDGE ( 'NONE', *, *, #2409, .F. );
#11018=ORIENTED_EDGE ( 'NONE', *, *, #4220, .F. );
#11019=LINE ( 'NONE', #4079, #493 );
#11020=FACE_OUTER_BOUND ( 'NONE', #12297, .T. );
#11021=ORIENTED_EDGE ( 'NONE', *, *, #6307, .F. );
#11022=CARTESIAN_POINT ( 'NONE',  ( -8.999999999999920100, -1.006230589874914900, 2.634999999999991800 ) );
#11023=EDGE_CURVE ( 'NONE', #3732, #6413, #2280, .T. );
#11024=EDGE_CURVE ( 'NONE', #13115, #11478, #81, .T. );
#11025=EDGE_LOOP ( 'NONE', ( #14250, #6141, #9831, #106, #5906, #6384 ) );
#11026=ORIENTED_EDGE ( 'NONE', *, *, #4727, .T. );
#11027=ORIENTED_EDGE ( 'NONE', *, *, #4572, .T. );
#11028=LINE ( 'NONE', #4181, #184 );
#11029=VERTEX_POINT ( 'NONE', #6746 );
#11030=ORIENTED_EDGE ( 'NONE', *, *, #2134, .T. );
#11031=LINE ( 'NONE', #2214, #209 );
#11032=ORIENTED_EDGE ( 'NONE', *, *, #8580, .F. );
#11033=LINE ( 'NONE', #7207, #36 );
#11034=FACE_OUTER_BOUND ( 'NONE', #5067, .T. );
#11035=ORIENTED_EDGE ( 'NONE', *, *, #5403, .F. );
#11036=ADVANCED_FACE ( 'NONE', ( #14000 ), #4109, .F. );
#11037=ADVANCED_FACE ( 'NONE', ( #14435 ), #1543, .F. );
#11038=VERTEX_POINT ( 'NONE', #1651 );
#11039=VERTEX_POINT ( 'NONE', #983 );
#11040=LINE ( 'NONE', #13181, #327 );
#11041=EDGE_CURVE ( 'NONE', #14158, #2962, #732, .T. );
#11042=CARTESIAN_POINT ( 'NONE',  ( 5.265000000000001500, 0.0000000000000000000, -0.0000000000000000000 ) );
#11043=LINE ( 'NONE', #11700, #908 );
#11044=EDGE_CURVE ( 'NONE', #12611, #4390, #10334, .T. );
#11045=ORIENTED_EDGE ( 'NONE', *, *, #2065, .F. );
#11046=EDGE_CURVE ( 'NONE', #13486, #792, #12069, .T. );
#11047=AXIS2_PLACEMENT_3D ( 'NONE', #730, #3229, #2105 );
#11048=ORIENTED_EDGE ( 'NONE', *, *, #13944, .F. );
#11049=AXIS2_PLACEMENT_3D ( 'NONE', #11790, #95, #31 );
#11050=ORIENTED_EDGE ( 'NONE', *, *, #7498, .F. );
#11051=CARTESIAN_POINT ( 'NONE',  ( -3.994999999999998300, 0.0000000000000000000, 11.90000000000017100 ) );
#11052=ORIENTED_EDGE ( 'NONE', *, *, #12913, .T. );
#11053=CARTESIAN_POINT ( 'NONE',  ( 0.0000000000000000000, -1.006230589874914900, 3.179999999999995300 ) );
#11054=FACE_OUTER_BOUND ( 'NONE', #13822, .T. );
#11055=ORIENTED_EDGE ( 'NONE', *, *, #11498, .T. );
#11056=ADVANCED_FACE ( 'NONE', ( #4792 ), #49, .T. );
#11057=VERTEX_POINT ( 'NONE', #10695 );
#11058=LINE ( 'NONE', #3544, #36 );
#11059=LINE ( 'NONE', #6693, #36 );
#11060=ORIENTED_EDGE ( 'NONE', *, *, #13781, .F. );
#11061=ORIENTED_EDGE ( 'NONE', *, *, #12417, .F. );
#11062=ORIENTED_EDGE ( 'NONE', *, *, #8433, .T. );
#11063=LINE ( 'NONE', #2781, #493 );
#11064=EDGE_CURVE ( 'NONE', #9075, #6896, #509, .T. );
#11065=AXIS2_PLACEMENT_3D ( 'NONE', #4466, #19, #135 );
#11066=CARTESIAN_POINT ( 'NONE',  ( -2.899999999999999000, 0.0000000000000000000, 12.74999999999999800 ) );
#11067=EDGE_CURVE ( 'NONE', #9725, #3843, #6252, .T. );
#11068=ORIENTED_EDGE ( 'NONE', *, *, #1511, .T. );
#11069=PLANE ( 'NONE',  #8195 );
#11070=ADVANCED_FACE ( 'NONE', ( #1447 ), #7503, .F. );
#11071=CYLINDRICAL_SURFACE ( 'NONE', #5743, 0.2507999999999998000 );
#11072=VERTEX_POINT ( 'NONE', #943 );
#11073=FACE_OUTER_BOUND ( 'NONE', #5554, .T. );
#11074=EDGE_LOOP ( 'NONE', ( #1154, #3329, #417, #7555 ) );
#11075=EDGE_LOOP ( 'NONE', ( #12119, #6497, #3090, #1490, #12612, #13681 ) );
#11076=LINE ( 'NONE', #13007, #184 );
#11077=ORIENTED_EDGE ( 'NONE', *, *, #3153, .T. );
#11078=CARTESIAN_POINT ( 'NONE',  ( 0.0000000000000000000, -1.006230589874914900, -4.810000000000003200 ) );
#11079=ORIENTED_EDGE ( 'NONE', *, *, #12944, .F. );
#11080=CIRCLE ( 'NONE', #8506, 0.2749999999999996300 );
#11081=EDGE_CURVE ( 'NONE', #1984, #1823, #3277, .T. );
#11082=ORIENTED_EDGE ( 'NONE', *, *, #12460, .T. );
#11083=CARTESIAN_POINT ( 'NONE',  ( -8.999999999999934300, 0.8000000000000000400, 1.364999999999992400 ) );
#11084=EDGE_CURVE ( 'NONE', #5152, #2638, #4417, .T. );
#11085=CARTESIAN_POINT ( 'NONE',  ( -9.000000000000000000, 0.0000000000000000000, -4.985000000000000300 ) );
#11086=STYLED_ITEM ( 'NONE', ( #77 ), #14132 );
#11087=LINE ( 'NONE', #913, #45 );
#11088=ADVANCED_FACE ( 'NONE', ( #7677 ), #4109, .T. );
#11089=FACE_OUTER_BOUND ( 'NONE', #13680, .T. );
#11090=EDGE_CURVE ( 'NONE', #5124, #4052, #795, .T. );
#11091=ORIENTED_EDGE ( 'NONE', *, *, #5421, .T. );
#11092=AXIS2_PLACEMENT_3D ( 'NONE', #226, #669, #95 );
#11093=CARTESIAN_POINT ( 'NONE',  ( -8.999999999999854300, -1.006230589874914900, 8.984999999999987000 ) );
#11094=VERTEX_POINT ( 'NONE', #321 );
#11095=CARTESIAN_POINT ( 'NONE',  ( -8.549999999999919000, 0.0000000000000000000, 2.809999999999996500 ) );
#11096=FACE_OUTER_BOUND ( 'NONE', #7749, .T. );
#11097=CARTESIAN_POINT ( 'NONE',  ( -8.999999999999879200, -1.006230589874914900, 6.619999999999997400 ) );
#11098=PLANE ( 'NONE',  #11915 );
#11099=EDGE_CURVE ( 'NONE', #11941, #4404, #4244, .T. );
#11100=PLANE ( 'NONE',  #9321 );
#11101=ORIENTED_EDGE ( 'NONE', *, *, #3689, .T. );
#11102=ADVANCED_FACE ( 'NONE', ( #12218 ), #13802, .F. );
#11103=ORIENTED_EDGE ( 'NONE', *, *, #2463, .F. );
#11104=EDGE_CURVE ( 'NONE', #4049, #1140, #14422, .T. );
#11105=EDGE_CURVE ( 'NONE', #13082, #6157, #12825, .T. );
#11106=ADVANCED_FACE ( 'NONE', ( #12667 ), #233, .T. );
#11107=STYLED_ITEM ( 'NONE', ( #77 ), #10565 );
#11108=VERTEX_POINT ( 'NONE', #18 );
#11109=PRESENTATION_LAYER_ASSIGNMENT (  '', '', ( #1734 ) );
#11110=FACE_OUTER_BOUND ( 'NONE', #8430, .T. );
#11111=PLANE ( 'NONE',  #13149 );
#11112=ORIENTED_EDGE ( 'NONE', *, *, #5983, .F. );
#11113=MANIFOLD_SOLID_BREP ( 'Boss-Extrude6[7]', #10956 );
#11114=CARTESIAN_POINT ( 'NONE',  ( -8.999999999999973400, -1.006230589874914900, -2.445000000000005600 ) );
#11115=ORIENTED_EDGE ( 'NONE', *, *, #11461, .F. );
#11116=ORIENTED_EDGE ( 'NONE', *, *, #13534, .F. );
#11117=LINE ( 'NONE', #1925, #10 );
#11118=CARTESIAN_POINT ( 'NONE',  ( -8.999999999999905900, -1.006230589874914900, 4.079999999999996500 ) );
#11119=ORIENTED_EDGE ( 'NONE', *, *, #971, .F. );
#11120=VERTEX_POINT ( 'NONE', #4426 );
#11121=CARTESIAN_POINT ( 'NONE',  ( -8.999999999999934300, 0.8000000000000000400, 1.539999999999997100 ) );
#11122=VERTEX_POINT ( 'NONE', #12790 );
#11123=VERTEX_POINT ( 'NONE', #13768 );
#11124=ADVANCED_FACE ( 'NONE', ( #5149 ), #9858, .F. );
#11125=EDGE_CURVE ( 'NONE', #148, #3096, #10013, .T. );
#11126=CARTESIAN_POINT ( 'NONE',  ( -4.170000000000000800, 0.8000000000000000400, 12.74999999999999800 ) );
#11127=EDGE_CURVE ( 'NONE', #157, #11896, #6795, .T. );
#11128=ORIENTED_EDGE ( 'NONE', *, *, #7498, .T. );
#11129=EDGE_CURVE ( 'NONE', #14146, #4178, #12538, .T. );
#11130=CARTESIAN_POINT ( 'NONE',  ( 0.0000000000000000000, 0.8000000000000000400, 10.79999999999998800 ) );
#11131=STYLED_ITEM ( 'NONE', ( #77 ), #11425 );
#11132=ORIENTED_EDGE ( 'NONE', *, *, #12649, .F. );
#11133=EDGE_LOOP ( 'NONE', ( #1333, #13872, #6341, #14217 ) );
#11134=LINE ( 'NONE', #5249, #209 );
#11135=EDGE_LOOP ( 'NONE', ( #8054, #13490, #486, #1877 ) );
#11136=PLANE ( 'NONE',  #1624 );
#11137=ORIENTED_EDGE ( 'NONE', *, *, #1728, .T. );
#11138=EDGE_LOOP ( 'NONE', ( #11529, #1774, #6576, #3126 ) );
#11139=ORIENTED_EDGE ( 'NONE', *, *, #1653, .F. );
#11140=FACE_OUTER_BOUND ( 'NONE', #3069, .T. );
#11141=ADVANCED_FACE ( 'NONE', ( #3837 ), #685, .T. );
#11142=ORIENTED_EDGE ( 'NONE', *, *, #4202, .T. );
#11143=EDGE_CURVE ( 'NONE', #3245, #13877, #10324, .T. );
#11144=EDGE_CURVE ( 'NONE', #5671, #11884, #7845, .T. );
#11145=ORIENTED_EDGE ( 'NONE', *, *, #6867, .F. );
#11146=EDGE_CURVE ( 'NONE', #1267, #2246, #8533, .T. );
#11147=CARTESIAN_POINT ( 'NONE',  ( 5.265000000000001500, -1.006230589874914900, 12.74999999999999800 ) );
#11148=VERTEX_POINT ( 'NONE', #997 );
#11149=AXIS2_PLACEMENT_3D ( 'NONE', #11411, #19, #135 );
#11150=ORIENTED_EDGE ( 'NONE', *, *, #8857, .F. );
#11151=ORIENTED_EDGE ( 'NONE', *, *, #1035, .F. );
#11152=EDGE_CURVE ( 'NONE', #573, #4122, #10640, .T. );
#11153=AXIS2_PLACEMENT_3D ( 'NONE', #8287, #95, #31 );
#11154=CARTESIAN_POINT ( 'NONE',  ( -8.999999999999905900, 0.8000000000000000400, 3.354999999999991100 ) );
#11155=EDGE_LOOP ( 'NONE', ( #2891, #1756, #5877, #3640, #14400, #1271 ) );
#11156=DIRECTION ( 'NONE',  ( 1.000000000000000000, 0.0000000000000000000, 8.673617379884026000E-015 ) );
#11157=ORIENTED_EDGE ( 'NONE', *, *, #12485, .T. );
#11158=LINE ( 'NONE', #333, #4 );
#11159=EDGE_LOOP ( 'NONE', ( #2347, #7386, #7243, #6105, #7256, #6276 ) );
#11160=CARTESIAN_POINT ( 'NONE',  ( -8.999999999999959100, 0.0000000000000000000, -1.725000000000005600 ) );
#11161=VERTEX_POINT ( 'NONE', #12109 );
#11162=ORIENTED_EDGE ( 'NONE', *, *, #4877, .F. );
#11163=EDGE_LOOP ( 'NONE', ( #4836, #2722, #11184, #14160, #7968, #5552 ) );
#11164=CARTESIAN_POINT ( 'NONE',  ( 0.0000000000000000000, 0.0000000000000000000, 9.529999999999995800 ) );
#11165=LINE ( 'NONE', #12422, #36 );
#11166=EDGE_CURVE ( 'NONE', #12557, #5574, #11283, .T. );
#11167=FACE_OUTER_BOUND ( 'NONE', #10098, .T. );
#11168=EDGE_LOOP ( 'NONE', ( #2831, #10654, #5424, #2772 ) );
#11169=LINE ( 'NONE', #10662, #36 );
#11170=ORIENTED_EDGE ( 'NONE', *, *, #2584, .T. );
#11171=AXIS2_PLACEMENT_3D ( 'NONE', #11922, #214, #15 );
#11172=ORIENTED_EDGE ( 'NONE', *, *, #7734, .T. );
#11173=EDGE_CURVE ( 'NONE', #11015, #1930, #13114, .T. );
#11174=ORIENTED_EDGE ( 'NONE', *, *, #14455, .F. );
#11175=ADVANCED_FACE ( 'NONE', ( #1217 ), #5223, .T. );
#11176=ORIENTED_EDGE ( 'NONE', *, *, #13833, .T. );
#11177=( GEOMETRIC_REPRESENTATION_CONTEXT ( 3 ) GLOBAL_UNCERTAINTY_ASSIGNED_CONTEXT ( ( #178 ) ) GLOBAL_UNIT_ASSIGNED_CONTEXT ( ( #7, #195, #16 ) ) REPRESENTATION_CONTEXT ( 'NONE', 'WORKASPACE' ) );
#11178=ADVANCED_FACE ( 'NONE', ( #8006 ), #13, .T. );
#11179=FACE_OUTER_BOUND ( 'NONE', #11554, .T. );
#11180=VERTEX_POINT ( 'NONE', #5578 );
#11181=CARTESIAN_POINT ( 'NONE',  ( -4.895000000000000500, 0.0000000000000000000, 11.90000000000017100 ) );
#11182=CARTESIAN_POINT ( 'NONE',  ( -8.999999999999893400, -1.006230589874914900, 4.624999999999991100 ) );
#11183=EDGE_LOOP ( 'NONE', ( #7738, #7730, #1342, #3678 ) );
#11184=ORIENTED_EDGE ( 'NONE', *, *, #11296, .F. );
#11185=EDGE_LOOP ( 'NONE', ( #4908, #9797, #1784, #12840, #7581, #14033 ) );
#11186=ORIENTED_EDGE ( 'NONE', *, *, #2771, .F. );
#11187=ORIENTED_EDGE ( 'NONE', *, *, #6954, .T. );
#11188=ORIENTED_EDGE ( 'NONE', *, *, #10878, .T. );
#11189=CARTESIAN_POINT ( 'NONE',  ( 0.0000000000000000000, -1.006230589874914900, 4.449999999999995700 ) );
#11190=EDGE_CURVE ( 'NONE', #5196, #3671, #6054, .T. );
#11191=( GEOMETRIC_REPRESENTATION_CONTEXT ( 3 ) GLOBAL_UNCERTAINTY_ASSIGNED_CONTEXT ( ( #178 ) ) GLOBAL_UNIT_ASSIGNED_CONTEXT ( ( #7, #195, #16 ) ) REPRESENTATION_CONTEXT ( 'NONE', 'WORKASPACE' ) );
#11192=ADVANCED_FACE ( 'NONE', ( #11601 ), #49, .F. );
#11193=LINE ( 'NONE', #2668, #209 );
#11194=VERTEX_POINT ( 'NONE', #3199 );
#11195=( GEOMETRIC_REPRESENTATION_CONTEXT ( 3 ) GLOBAL_UNCERTAINTY_ASSIGNED_CONTEXT ( ( #178 ) ) GLOBAL_UNIT_ASSIGNED_CONTEXT ( ( #7, #195, #16 ) ) REPRESENTATION_CONTEXT ( 'NONE', 'WORKASPACE' ) );
#11196=LINE ( 'NONE', #4661, #184 );
#11197=EDGE_LOOP ( 'NONE', ( #12089, #7435, #4870, #5422, #3468, #4463, #5024, #4350 ) );
#11198=ORIENTED_EDGE ( 'NONE', *, *, #7325, .F. );
#11199=FACE_OUTER_BOUND ( 'NONE', #14012, .T. );
#11200=PLANE ( 'NONE',  #6573 );
#11201=ORIENTED_EDGE ( 'NONE', *, *, #4879, .T. );
#11202=EDGE_CURVE ( 'NONE', #915, #4714, #12212, .T. );
#11203=FACE_OUTER_BOUND ( 'NONE', #563, .T. );
#11204=ADVANCED_FACE ( 'NONE', ( #1659 ), #49, .F. );
#11205=ORIENTED_EDGE ( 'NONE', *, *, #1509, .T. );
#11206=FACE_OUTER_BOUND ( 'NONE', #2052, .T. );
#11207=ORIENTED_EDGE ( 'NONE', *, *, #8165, .T. );
#11208=EDGE_CURVE ( 'NONE', #14341, #6222, #1106, .T. );
#11209=AXIS2_PLACEMENT_3D ( 'NONE', #13428, #214, #15 );
#11210=EDGE_LOOP ( 'NONE', ( #10210, #9876, #10532, #341, #7531, #1060 ) );
#11211=CIRCLE ( 'NONE', #3115, 0.05080000000000015100 );
#11212=ORIENTED_EDGE ( 'NONE', *, *, #1441, .T. );
#11213=LINE ( 'NONE', #820, #3063 );
#11214=LINE ( 'NONE', #1743, #93 );
#11215=EDGE_LOOP ( 'NONE', ( #372, #1715, #9358, #6880 ) );
#11216=CARTESIAN_POINT ( 'NONE',  ( -6.984999999999999400, -1.006230589874914900, 12.74999999999999800 ) );
#11217=VERTEX_POINT ( 'NONE', #7021 );
#11218=ORIENTED_EDGE ( 'NONE', *, *, #11044, .T. );
#11219=ORIENTED_EDGE ( 'NONE', *, *, #12191, .F. );
#11220=EDGE_LOOP ( 'NONE', ( #3565, #7404, #39, #12346, #2798, #812 ) );
#11221=EDGE_CURVE ( 'NONE', #1771, #14084, #2187, .T. );
#11222=EDGE_LOOP ( 'NONE', ( #9902, #12136, #7727, #8730, #3579, #8088 ) );
#11223=EDGE_CURVE ( 'NONE', #694, #12694, #14131, .T. );
#11224=EDGE_CURVE ( 'NONE', #13510, #8385, #9520, .T. );
#11225=MECHANICAL_DESIGN_GEOMETRIC_PRESENTATION_REPRESENTATION (  '', ( #2943 ), #6381 );
#11226=ORIENTED_EDGE ( 'NONE', *, *, #9192, .F. );
#11227=EDGE_CURVE ( 'NONE', #13174, #5520, #8834, .T. );
#11228=ORIENTED_EDGE ( 'NONE', *, *, #10914, .T. );
#11229=AXIS2_PLACEMENT_3D ( 'NONE', #431, #2403, #1169 );
#11230=ORIENTED_EDGE ( 'NONE', *, *, #13087, .F. );
#11231=LINE ( 'NONE', #6158, #1276 );
#11232=ORIENTED_EDGE ( 'NONE', *, *, #2243, .T. );
#11233=ORIENTED_EDGE ( 'NONE', *, *, #10082, .T. );
#11234=ORIENTED_EDGE ( 'NONE', *, *, #10275, .T. );
#11235=CIRCLE ( 'NONE', #1254, 0.2749999999999991900 );
#11236=ORIENTED_EDGE ( 'NONE', *, *, #5527, .T. );
#11237=CARTESIAN_POINT ( 'NONE',  ( 8.550000000000078900, 0.04999999999999991300, 2.809999999999995600 ) );
#11238=LINE ( 'NONE', #2668, #36 );
#11239=ORIENTED_EDGE ( 'NONE', *, *, #11589, .T. );
#11240=ORIENTED_EDGE ( 'NONE', *, *, #10595, .T. );
#11241=DIRECTION ( 'NONE',  ( -1.955506463828403400E-013, 0.0000000000000000000, -1.000000000000000000 ) );
#11242=ADVANCED_FACE ( 'NONE', ( #10797 ), #12189, .F. );
#11243=CARTESIAN_POINT ( 'NONE',  ( 8.550000000000158800, 0.05000000000000000300, 9.529999999999995800 ) );
#11244=ORIENTED_EDGE ( 'NONE', *, *, #9428, .F. );
#11245=ADVANCED_FACE ( 'NONE', ( #2852 ), #12316, .F. );
#11246=EDGE_CURVE ( 'NONE', #3493, #5746, #10477, .T. );
#11247=FACE_OUTER_BOUND ( 'NONE', #12743, .T. );
#11248=EDGE_CURVE ( 'NONE', #6493, #11644, #961, .T. );
#11249=CARTESIAN_POINT ( 'NONE',  ( -0.6349999999999984500, 0.0000000000000000000, 12.74999999999999800 ) );
#11250=DIRECTION ( 'NONE',  ( 1.000000000000000000, 0.0000000000000000000, 1.107270303814983700E-015 ) );
#11251=EDGE_CURVE ( 'NONE', #9539, #5172, #8019, .T. );
#11252=LINE ( 'NONE', #11164, #205 );
#11253=CARTESIAN_POINT ( 'NONE',  ( 7.729289321881345200, 3.250000000000000000, -5.649200000000004000 ) );
#11254=ORIENTED_EDGE ( 'NONE', *, *, #11539, .T. );
#11255=EDGE_LOOP ( 'NONE', ( #3514, #1815, #6427, #8538 ) );
#11256=LINE ( 'NONE', #8997, #36 );
#11257=ADVANCED_FACE ( 'NONE', ( #5862 ), #5834, .F. );
#11258=LINE ( 'NONE', #1421, #209 );
#11259=ORIENTED_EDGE ( 'NONE', *, *, #902, .F. );
#11260=EDGE_CURVE ( 'NONE', #3720, #1125, #5332, .T. );
#11261=EDGE_LOOP ( 'NONE', ( #10444, #2539, #4880, #704 ) );
#11262=CARTESIAN_POINT ( 'NONE',  ( 8.549999999999998900, 0.05000000000000000300, -5.710000000000005300 ) );
#11263=EDGE_CURVE ( 'NONE', #11180, #10123, #7329, .T. );
#11264=CARTESIAN_POINT ( 'NONE',  ( -8.999999999999893400, 0.8000000000000000400, 4.624999999999991100 ) );
#11265=ORIENTED_EDGE ( 'NONE', *, *, #11881, .T. );
#11266=CARTESIAN_POINT ( 'NONE',  ( 2.355000000000002200, -1.006230589874914900, 12.29999999999999700 ) );
#11267=AXIS2_PLACEMENT_3D ( 'NONE', #6390, #95, #31 );
#11268=LINE ( 'NONE', #4394, #7783 );
#11269=EDGE_CURVE ( 'NONE', #7131, #2559, #5, .T. );
#11270=ORIENTED_EDGE ( 'NONE', *, *, #6894, .T. );
#11271=ADVANCED_FACE ( 'NONE', ( #7663 ), #2276, .T. );
#11272=VERTEX_POINT ( 'NONE', #11243 );
#11273=ORIENTED_EDGE ( 'NONE', *, *, #6729, .F. );
#11274=ORIENTED_EDGE ( 'NONE', *, *, #7344, .F. );
#11275=LINE ( 'NONE', #1365, #45 );
#11276=LINE ( 'NONE', #12832, #36 );
#11277=ORIENTED_EDGE ( 'NONE', *, *, #3638, .T. );
#11278=DIRECTION ( 'NONE',  ( 1.000000000000000000, 0.0000000000000000000, 8.673617379884021300E-015 ) );
#11279=EDGE_CURVE ( 'NONE', #14185, #6543, #8182, .T. );
#11280=ORIENTED_EDGE ( 'NONE', *, *, #6869, .F. );
#11281=ORIENTED_EDGE ( 'NONE', *, *, #8968, .T. );
#11282=EDGE_CURVE ( 'NONE', #9844, #3808, #10953, .T. );
#11283=CIRCLE ( 'NONE', #6939, 0.2749999999999991900 );
#11284=ORIENTED_EDGE ( 'NONE', *, *, #9806, .T. );
#11285=ORIENTED_EDGE ( 'NONE', *, *, #6320, .F. );
#11286=ORIENTED_EDGE ( 'NONE', *, *, #5910, .F. );
#11287=CARTESIAN_POINT ( 'NONE',  ( -7.529289321881346800, 3.049999999999999800, -5.629289321881345600 ) );
#11288=EDGE_LOOP ( 'NONE', ( #6578, #811, #12351, #249 ) );
#11289=ORIENTED_EDGE ( 'NONE', *, *, #12160, .F. );
#11290=FACE_OUTER_BOUND ( 'NONE', #10757, .T. );
#11291=ORIENTED_EDGE ( 'NONE', *, *, #14352, .T. );
#11292=ORIENTED_EDGE ( 'NONE', *, *, #3182, .T. );
#11293=ORIENTED_EDGE ( 'NONE', *, *, #1534, .F. );
#11294=PLANE ( 'NONE',  #4480 );
#11295=ORIENTED_EDGE ( 'NONE', *, *, #8345, .T. );
#11296=EDGE_CURVE ( 'NONE', #7561, #401, #5134, .T. );
#11297=EDGE_CURVE ( 'NONE', #2281, #6089, #6606, .T. );
#11298=AXIS2_PLACEMENT_3D ( 'NONE', #331, #575, #19 );
#11299=FACE_OUTER_BOUND ( 'NONE', #6138, .T. );
#11300=ADVANCED_FACE ( 'NONE', ( #3248 ), #14442, .F. );
#11301=CARTESIAN_POINT ( 'NONE',  ( 0.1850000000000002800, -1.006230589874914900, 12.74999999999999800 ) );
#11302=EDGE_CURVE ( 'NONE', #12260, #1517, #7831, .T. );
#11303=AXIS2_PLACEMENT_3D ( 'NONE', #3066, #19, #135 );
#11304=ADVANCED_FACE ( 'NONE', ( #3038 ), #4876, .T. );
#11305=ORIENTED_EDGE ( 'NONE', *, *, #7004, .F. );
#11306=CARTESIAN_POINT ( 'NONE',  ( -8.999999999999973400, 0.8000000000000000400, 2.359999999999992300 ) );
#11307=LINE ( 'NONE', #3194, #327 );
#11308=ORIENTED_EDGE ( 'NONE', *, *, #7637, .F. );
#11309=LINE ( 'NONE', #8049, #45 );
#11310=ORIENTED_EDGE ( 'NONE', *, *, #2438, .F. );
#11311=FACE_OUTER_BOUND ( 'NONE', #13491, .T. );
#11312=VERTEX_POINT ( 'NONE', #14394 );
#11313=ORIENTED_EDGE ( 'NONE', *, *, #7240, .F. );
#11314=ORIENTED_EDGE ( 'NONE', *, *, #13077, .T. );
#11315=LINE ( 'NONE', #2522, #4 );
#11316=EDGE_CURVE ( 'NONE', #13955, #11896, #13992, .T. );
#11317=EDGE_CURVE ( 'NONE', #7492, #8940, #777, .T. );
#11318=ORIENTED_EDGE ( 'NONE', *, *, #3743, .F. );
#11319=EDGE_CURVE ( 'NONE', #12722, #7445, #2057, .T. );
#11320=ADVANCED_FACE ( 'NONE', ( #11909 ), #3803, .T. );
#11321=AXIS2_PLACEMENT_3D ( 'NONE', #3143, #19, #135 );
#11322=ORIENTED_EDGE ( 'NONE', *, *, #6681, .T. );
#11323=FACE_OUTER_BOUND ( 'NONE', #10395, .T. );
#11324=EDGE_LOOP ( 'NONE', ( #3285, #10077, #11285, #8983, #1888, #783 ) );
#11325=PLANE ( 'NONE',  #2894 );
#11326=CARTESIAN_POINT ( 'NONE',  ( -8.999999999999973400, 0.0000000000000000000, 2.359999999999992300 ) );
#11327=ORIENTED_EDGE ( 'NONE', *, *, #10879, .F. );
#11328=ORIENTED_EDGE ( 'NONE', *, *, #3498, .T. );
#11329=DIRECTION ( 'NONE',  ( -6.308085367188387300E-015, 0.0000000000000000000, -1.000000000000000000 ) );
#11330=VERTEX_POINT ( 'NONE', #6200 );
#11331=LINE ( 'NONE', #1629, #327 );
#11332=LINE ( 'NONE', #7030, #205 );
#11333=ORIENTED_EDGE ( 'NONE', *, *, #1752, .F. );
#11334=CARTESIAN_POINT ( 'NONE',  ( 7.729289321881345200, 0.7999999999999999300, -5.629289321881345600 ) );
#11335=PLANE ( 'NONE',  #3212 );
#11336=EDGE_LOOP ( 'NONE', ( #13806, #3132, #2662, #8850 ) );
#11337=CARTESIAN_POINT ( 'NONE',  ( 8.550000000000171200, 0.8000000000000000400, 10.79999999999999500 ) );
#11338=CARTESIAN_POINT ( 'NONE',  ( 9.000000000000024900, -1.006230589874914900, -2.270000000000004000 ) );
#11339=FACE_OUTER_BOUND ( 'NONE', #5420, .T. );
#11340=ORIENTED_EDGE ( 'NONE', *, *, #8001, .T. );
#11341=PLANE ( 'NONE',  #8932 );
#11342=CARTESIAN_POINT ( 'NONE',  ( 0.0000000000000000000, 0.0000000000000000000, -0.6300000000000073300 ) );
#11343=VERTEX_POINT ( 'NONE', #5022 );
#11344=ADVANCED_FACE ( 'NONE', ( #9675 ), #6091, .F. );
#11345=EDGE_CURVE ( 'NONE', #6786, #606, #6962, .T. );
#11346=EDGE_LOOP ( 'NONE', ( #4044, #7012, #13940, #10663, #12888, #11809 ) );
#11347=ORIENTED_EDGE ( 'NONE', *, *, #9732, .F. );
#11348=EDGE_CURVE ( 'NONE', #3166, #4295, #6220, .T. );
#11349=EDGE_CURVE ( 'NONE', #13328, #2191, #1431, .T. );
#11350=AXIS2_PLACEMENT_3D ( 'NONE', #13138, #19, #135 );
#11351=CARTESIAN_POINT ( 'NONE',  ( 9.000000000000145700, 0.8000000000000000400, 8.434999999999897500 ) );
#11352=ORIENTED_EDGE ( 'NONE', *, *, #13248, .T. );
#11353=VERTEX_POINT ( 'NONE', #2710 );
#11354=AXIS2_PLACEMENT_3D ( 'NONE', #52, #891, #669 );
#11355=FACE_OUTER_BOUND ( 'NONE', #8044, .T. );
#11356=ORIENTED_EDGE ( 'NONE', *, *, #2551, .T. );
#11357=FACE_OUTER_BOUND ( 'NONE', #711, .T. );
#11358=CYLINDRICAL_SURFACE ( 'NONE', #11825, 0.2750000000000000800 );
#11359=ORIENTED_EDGE ( 'NONE', *, *, #7818, .T. );
#11360=CARTESIAN_POINT ( 'NONE',  ( 8.550000000000169500, 0.05000000000000000300, 7.889999999999997900 ) );
#11361=PLANE ( 'NONE',  #6760 );
#11362=PLANE ( 'NONE',  #4611 );
#11363=ORIENTED_EDGE ( 'NONE', *, *, #2771, .T. );
#11364=CARTESIAN_POINT ( 'NONE',  ( -8.999999999999934300, 0.0000000000000000000, 0.8149999999999931700 ) );
#11365=ORIENTED_EDGE ( 'NONE', *, *, #895, .T. );
#11366=LINE ( 'NONE', #4943, #36 );
#11367=FACE_OUTER_BOUND ( 'NONE', #7357, .T. );
#11368=EDGE_LOOP ( 'NONE', ( #11530, #4693, #3870, #10051 ) );
#11369=MANIFOLD_SOLID_BREP ( 'Boss-Extrude5[19]', #991 );
#11370=ORIENTED_EDGE ( 'NONE', *, *, #9852, .T. );
#11371=LINE ( 'NONE', #622, #4 );
#11372=ORIENTED_EDGE ( 'NONE', *, *, #7696, .T. );
#11373=EDGE_CURVE ( 'NONE', #9639, #7697, #732, .T. );
#11374=EDGE_CURVE ( 'NONE', #11180, #8059, #14265, .T. );
#11375=PLANE ( 'NONE',  #9661 );
#11376=PLANE ( 'NONE',  #11420 );
#11377=ORIENTED_EDGE ( 'NONE', *, *, #3908, .T. );
#11378=AXIS2_PLACEMENT_3D ( 'NONE', #1047, #135, #15 );
#11379=EDGE_LOOP ( 'NONE', ( #600, #4227, #5433, #9133 ) );
#11380=ADVANCED_FACE ( 'NONE', ( #6590 ), #5223, .F. );
#11381=ADVANCED_FACE ( 'NONE', ( #12513 ), #3225, .F. );
#11382=EDGE_LOOP ( 'NONE', ( #8224, #12909, #7662, #10669, #5217, #4828 ) );
#11383=LINE ( 'NONE', #1425, #209 );
#11384=ORIENTED_EDGE ( 'NONE', *, *, #12536, .F. );
#11385=CARTESIAN_POINT ( 'NONE',  ( 9.000000000000119000, 0.8000000000000000400, 5.894999999999717100 ) );
#11386=ORIENTED_EDGE ( 'NONE', *, *, #4098, .T. );
#11387=EDGE_LOOP ( 'NONE', ( #46, #2686, #12576, #8833 ) );
#11388=LINE ( 'NONE', #2790, #209 );
#11389=ORIENTED_EDGE ( 'NONE', *, *, #2682, .T. );
#11390=LINE ( 'NONE', #4769, #209 );
#11391=EDGE_CURVE ( 'NONE', #4646, #748, #6035, .T. );
#11392=EDGE_LOOP ( 'NONE', ( #2180, #123, #11426, #13244 ) );
#11393=EDGE_CURVE ( 'NONE', #5971, #8845, #5659, .T. );
#11394=CARTESIAN_POINT ( 'NONE',  ( 9.000000000000039100, 0.8000000000000000400, 6.169999999999717500 ) );
#11395=FACE_OUTER_BOUND ( 'NONE', #9907, .T. );
#11396=ORIENTED_EDGE ( 'NONE', *, *, #8636, .T. );
#11397=EDGE_CURVE ( 'NONE', #4666, #7566, #1717, .T. );
#11398=AXIS2_PLACEMENT_3D ( 'NONE', #13348, #214, #15 );
#11399=ORIENTED_EDGE ( 'NONE', *, *, #7160, .T. );
#11400=ORIENTED_EDGE ( 'NONE', *, *, #5464, .F. );
#11401=ADVANCED_FACE ( 'NONE', ( #9338 ), #959, .F. );
#11402=ORIENTED_EDGE ( 'NONE', *, *, #9593, .F. );
#11403=LINE ( 'NONE', #458, #493 );
#11404=VERTEX_POINT ( 'NONE', #7930 );
#11405=SURFACE_SIDE_STYLE ('',( #5739 ) );
#11406=FACE_OUTER_BOUND ( 'NONE', #1927, .T. );
#11407=ORIENTED_EDGE ( 'NONE', *, *, #9796, .T. );
#11408=CARTESIAN_POINT ( 'NONE',  ( -8.549999999999945600, 0.04999999999999991300, -0.6300000000000073300 ) );
#11409=ORIENTED_EDGE ( 'NONE', *, *, #8984, .T. );
#11410=CARTESIAN_POINT ( 'NONE',  ( 0.0000000000000000000, 0.8000000000000000400, -1.000000000000003600 ) );
#11411=CARTESIAN_POINT ( 'NONE',  ( 0.0000000000000000000, -1.006230589874914900, 10.79999999999998800 ) );
#11412=EDGE_CURVE ( 'NONE', #14197, #14058, #10463, .T. );
#11413=PLANE ( 'NONE',  #307 );
#11414=EDGE_CURVE ( 'NONE', #4973, #4172, #2830, .T. );
#11415=LINE ( 'NONE', #7995, #36 );
#11416=EDGE_CURVE ( 'NONE', #68, #11038, #4041, .T. );
#11417=AXIS2_PLACEMENT_3D ( 'NONE', #226, #15, #575 );
#11418=ORIENTED_EDGE ( 'NONE', *, *, #8744, .F. );
#11419=EDGE_CURVE ( 'NONE', #7227, #13601, #8667, .T. );
#11420=AXIS2_PLACEMENT_3D ( 'NONE', #11, #1401, #2474 );
#11421=ADVANCED_FACE ( 'NONE', ( #10149 ), #1632, .F. );
#11422=AXIS2_PLACEMENT_3D ( 'NONE', #13855, #214, #3135 );
#11423=EDGE_LOOP ( 'NONE', ( #4527, #9927, #9612, #10233 ) );
#11424=FACE_OUTER_BOUND ( 'NONE', #5933, .T. );
#11425=MANIFOLD_SOLID_BREP ( 'Boss-Extrude5[27]', #8007 );
#11426=ORIENTED_EDGE ( 'NONE', *, *, #227, .T. );
#11427=ORIENTED_EDGE ( 'NONE', *, *, #927, .T. );
#11428=EDGE_CURVE ( 'NONE', #3532, #9085, #12198, .T. );
#11429=EDGE_CURVE ( 'NONE', #6826, #3873, #11742, .T. );
#11430=( GEOMETRIC_REPRESENTATION_CONTEXT ( 3 ) GLOBAL_UNCERTAINTY_ASSIGNED_CONTEXT ( ( #178 ) ) GLOBAL_UNIT_ASSIGNED_CONTEXT ( ( #7, #195, #16 ) ) REPRESENTATION_CONTEXT ( 'NONE', 'WORKASPACE' ) );
#11431=ORIENTED_EDGE ( 'NONE', *, *, #3054, .T. );
#11432=PRESENTATION_LAYER_ASSIGNMENT (  '', '', ( #9805 ) );
#11433=CYLINDRICAL_SURFACE ( 'NONE', #14353, 0.2749999999999991900 );
#11434=ORIENTED_EDGE ( 'NONE', *, *, #4698, .F. );
#11435=EDGE_CURVE ( 'NONE', #8333, #2590, #1106, .T. );
#11436=LINE ( 'NONE', #6158, #209 );
#11437=ORIENTED_EDGE ( 'NONE', *, *, #474, .F. );
#11438=ORIENTED_EDGE ( 'NONE', *, *, #9915, .F. );
#11439=ORIENTED_EDGE ( 'NONE', *, *, #12624, .F. );
#11440=ADVANCED_FACE ( 'NONE', ( #13814 ), #541, .F. );
#11441=ORIENTED_EDGE ( 'NONE', *, *, #2990, .F. );
#11442=ORIENTED_EDGE ( 'NONE', *, *, #768, .T. );
#11443=ADVANCED_FACE ( 'NONE', ( #7983 ), #3147, .F. );
#11444=ORIENTED_EDGE ( 'NONE', *, *, #5403, .T. );
#11445=ORIENTED_EDGE ( 'NONE', *, *, #12569, .T. );
#11446=EDGE_CURVE ( 'NONE', #1159, #3929, #4759, .T. );
#11447=ORIENTED_EDGE ( 'NONE', *, *, #9689, .T. );
#11448=ORIENTED_EDGE ( 'NONE', *, *, #5320, .T. );
#11449=EDGE_CURVE ( 'NONE', #8449, #2384, #12950, .T. );
#11450=ORIENTED_EDGE ( 'NONE', *, *, #11349, .F. );
#11451=ORIENTED_EDGE ( 'NONE', *, *, #8925, .F. );
#11452=LINE ( 'NONE', #3328, #36 );
#11453=ORIENTED_EDGE ( 'NONE', *, *, #10274, .T. );
#11454=PLANE ( 'NONE',  #292 );
#11455=ORIENTED_EDGE ( 'NONE', *, *, #12718, .F. );
#11456=ADVANCED_FACE ( 'NONE', ( #5643 ), #10912, .F. );
#11457=ORIENTED_EDGE ( 'NONE', *, *, #158, .T. );
#11458=CARTESIAN_POINT ( 'NONE',  ( -9.000000000000000000, 0.0000000000000000000, -12.75000000000000200 ) );
#11459=CARTESIAN_POINT ( 'NONE',  ( -8.549999999999853300, 0.0000000000000000000, 8.259999999999996200 ) );
#11460=EDGE_CURVE ( 'NONE', #68, #9164, #5475, .T. );
#11461=EDGE_CURVE ( 'NONE', #6718, #6985, #4541, .T. );
#11462=ORIENTED_EDGE ( 'NONE', *, *, #11127, .T. );
#11463=ORIENTED_EDGE ( 'NONE', *, *, #11739, .T. );
#11464=LINE ( 'NONE', #2790, #355 );
#11465=ORIENTED_EDGE ( 'NONE', *, *, #14184, .T. );
#11466=LINE ( 'NONE', #6967, #229 );
#11467=EDGE_LOOP ( 'NONE', ( #4741, #12098, #10514, #4712 ) );
#11468=VERTEX_POINT ( 'NONE', #7881 );
#11469=EDGE_LOOP ( 'NONE', ( #4410, #5657, #3675, #13571 ) );
#11470=ADVANCED_FACE ( 'NONE', ( #2028 ), #49, .F. );
#11471=LINE ( 'NONE', #603, #36 );
#11472=ORIENTED_EDGE ( 'NONE', *, *, #12916, .F. );
#11473=ORIENTED_EDGE ( 'NONE', *, *, #10042, .F. );
#11474=PRODUCT_RELATED_PRODUCT_CATEGORY ( 'part', '', ( #12159 ) );
#11475=EDGE_CURVE ( 'NONE', #12672, #412, #964, .T. );
#11476=EDGE_CURVE ( 'NONE', #13941, #6786, #13967, .T. );
#11477=CARTESIAN_POINT ( 'NONE',  ( -8.999999999999840100, 0.8000000000000000400, 9.704999999999989400 ) );
#11478=VERTEX_POINT ( 'NONE', #3625 );
#11479=EDGE_CURVE ( 'NONE', #10561, #9087, #13672, .T. );
#11480=EDGE_LOOP ( 'NONE', ( #2545, #308, #11719, #6088, #11754, #13257 ) );
#11481=CARTESIAN_POINT ( 'NONE',  ( -8.549999999999904800, 0.8000000000000000400, 3.179999999999989900 ) );
#11482=LINE ( 'NONE', #3570, #93 );
#11483=AXIS2_PLACEMENT_3D ( 'NONE', #12562, #214, #15 );
#11484=LINE ( 'NONE', #955, #4 );
#11485=CARTESIAN_POINT ( 'NONE',  ( -5.989999999999996700, 0.0000000000000000000, 12.74999999999999800 ) );
#11486=CARTESIAN_POINT ( 'NONE',  ( -8.549999999999878100, 0.8000000000000000400, 0.0000000000000000000 ) );
#11487=PLANE ( 'NONE',  #5410 );
#11488=ORIENTED_EDGE ( 'NONE', *, *, #8970, .T. );
#11489=LINE ( 'NONE', #842, #4 );
#11490=EDGE_LOOP ( 'NONE', ( #6316, #14266, #4424, #8851, #7865, #6500 ) );
#11491=ORIENTED_EDGE ( 'NONE', *, *, #10437, .T. );
#11492=ORIENTED_EDGE ( 'NONE', *, *, #7777, .F. );
#11493=ORIENTED_EDGE ( 'NONE', *, *, #8500, .F. );
#11494=ORIENTED_EDGE ( 'NONE', *, *, #12664, .F. );
#11495=EDGE_CURVE ( 'NONE', #5196, #3671, #12647, .T. );
#11496=LINE ( 'NONE', #2062, #36 );
#11497=VERTEX_POINT ( 'NONE', #8060 );
#11498=EDGE_CURVE ( 'NONE', #6413, #10147, #11587, .T. );
#11499=ORIENTED_EDGE ( 'NONE', *, *, #1436, .T. );
#11500=EDGE_CURVE ( 'NONE', #4072, #4062, #4003, .T. );
#11501=LINE ( 'NONE', #3342, #577 );
#11502=ORIENTED_EDGE ( 'NONE', *, *, #1950, .F. );
#11503=PLANE ( 'NONE',  #9711 );
#11504=ADVANCED_FACE ( 'NONE', ( #3609 ), #3214, .F. );
#11505=ORIENTED_EDGE ( 'NONE', *, *, #14356, .F. );
#11506=ADVANCED_FACE ( 'NONE', ( #10943 ), #6860, .F. );
#11507=STYLED_ITEM ( 'NONE', ( #77 ), #6710 );
#11508=EDGE_LOOP ( 'NONE', ( #5428, #9601, #7743, #4854 ) );
#11509=ORIENTED_EDGE ( 'NONE', *, *, #7956, .F. );
#11510=LINE ( 'NONE', #2996, #493 );
#11511=VERTEX_POINT ( 'NONE', #764 );
#11512=ORIENTED_EDGE ( 'NONE', *, *, #8272, .F. );
#11513=CARTESIAN_POINT ( 'NONE',  ( 0.1850000000000002800, -1.006230589874914900, 0.0000000000000000000 ) );
#11514=LINE ( 'NONE', #1457, #205 );
#11515=CARTESIAN_POINT ( 'NONE',  ( 1.085000000000001700, 0.8000000000000000400, -0.0000000000000000000 ) );
#11516=FACE_OUTER_BOUND ( 'NONE', #8035, .T. );
#11517=EDGE_LOOP ( 'NONE', ( #3226, #6757, #11052, #7722 ) );
#11518=LINE ( 'NONE', #14007, #209 );
#11519=LINE ( 'NONE', #840, #5839 );
#11520=EDGE_LOOP ( 'NONE', ( #9037, #7884, #14490, #7802 ) );
#11521=EDGE_CURVE ( 'NONE', #1609, #7383, #7811, .T. );
#11522=PLANE ( 'NONE',  #4608 );
#11523=ORIENTED_EDGE ( 'NONE', *, *, #13185, .T. );
#11524=EDGE_CURVE ( 'NONE', #8855, #5944, #13374, .T. );
#11525=VERTEX_POINT ( 'NONE', #5767 );
#11526=ADVANCED_FACE ( 'NONE', ( #8512 ), #4509, .F. );
#11527=MANIFOLD_SOLID_BREP ( 'Boss-Extrude5[25]', #12915 );
#11528=ORIENTED_EDGE ( 'NONE', *, *, #13758, .F. );
#11529=ORIENTED_EDGE ( 'NONE', *, *, #743, .T. );
#11530=ORIENTED_EDGE ( 'NONE', *, *, #8519, .F. );
#11531=EDGE_LOOP ( 'NONE', ( #8179, #10381, #3646, #5426 ) );
#11532=EDGE_LOOP ( 'NONE', ( #623, #2222, #5790, #12418 ) );
#11533=ORIENTED_EDGE ( 'NONE', *, *, #8704, .T. );
#11534=LINE ( 'NONE', #1242, #493 );
#11535=ORIENTED_EDGE ( 'NONE', *, *, #3182, .F. );
#11536=ADVANCED_FACE ( 'NONE', ( #5301 ), #10313, .F. );
#11537=CIRCLE ( 'NONE', #7370, 0.2749999999999996300 );
#11538=LINE ( 'NONE', #3446, #493 );
#11539=EDGE_CURVE ( 'NONE', #4843, #13134, #10455, .T. );
#11540=ORIENTED_EDGE ( 'NONE', *, *, #14431, .T. );
#11541=EDGE_CURVE ( 'NONE', #13486, #769, #6403, .T. );
#11542=EDGE_LOOP ( 'NONE', ( #4587, #11675, #760, #10863 ) );
#11543=ORIENTED_EDGE ( 'NONE', *, *, #14111, .F. );
#11544=CARTESIAN_POINT ( 'NONE',  ( 9.000000000000053300, -1.006230589874914900, 9.979999999999995100 ) );
#11545=FACE_OUTER_BOUND ( 'NONE', #6887, .T. );
#11546=ORIENTED_EDGE ( 'NONE', *, *, #10028, .F. );
#11547=FACE_OUTER_BOUND ( 'NONE', #12290, .T. );
#11548=ORIENTED_EDGE ( 'NONE', *, *, #7672, .T. );
#11549=EDGE_LOOP ( 'NONE', ( #9111, #13161, #5270, #10065, #13170, #1902 ) );
#11550=VERTEX_POINT ( 'NONE', #6967 );
#11551=ORIENTED_EDGE ( 'NONE', *, *, #11146, .F. );
#11552=CIRCLE ( 'NONE', #10434, 0.2749999999999991900 );
#11553=ORIENTED_EDGE ( 'NONE', *, *, #12077, .T. );
#11554=EDGE_LOOP ( 'NONE', ( #5044, #3623, #11588, #12489 ) );
#11555=VERTEX_POINT ( 'NONE', #2256 );
#11556=EDGE_CURVE ( 'NONE', #1690, #3245, #5673, .T. );
#11557=ORIENTED_EDGE ( 'NONE', *, *, #11933, .F. );
#11558=EDGE_CURVE ( 'NONE', #1135, #10027, #6223, .T. );
#11559=EDGE_CURVE ( 'NONE', #13582, #9075, #1494, .T. );
#11560=CARTESIAN_POINT ( 'NONE',  ( 8.550000000000064700, -1.006230589874914900, 0.0000000000000000000 ) );
#11561=EDGE_CURVE ( 'NONE', #3415, #3511, #13523, .T. );
#11562=AXIS2_PLACEMENT_3D ( 'NONE', #6642, #250, #31 );
#11563=ORIENTED_EDGE ( 'NONE', *, *, #5961, .T. );
#11564=ADVANCED_FACE ( 'NONE', ( #9160 ), #6068, .T. );
#11565=ORIENTED_EDGE ( 'NONE', *, *, #1458, .T. );
#11566=ADVANCED_FACE ( 'NONE', ( #950 ), #49, .T. );
#11567=EDGE_LOOP ( 'NONE', ( #6343, #11729, #11352, #1525, #12527, #6059 ) );
#11568=CARTESIAN_POINT ( 'NONE',  ( 0.0000000000000000000, 0.8000000000000000400, 4.449999999999990400 ) );
#11569=FACE_OUTER_BOUND ( 'NONE', #4984, .T. );
#11570=EDGE_CURVE ( 'NONE', #11689, #1250, #3201, .T. );
#11571=CARTESIAN_POINT ( 'NONE',  ( 0.3600000000000014300, -1.006230589874914900, 12.74999999999999800 ) );
#11572=EDGE_CURVE ( 'NONE', #3354, #6530, #6756, .T. );
#11573=LINE ( 'NONE', #744, #4 );
#11574=EDGE_CURVE ( 'NONE', #662, #7528, #12034, .T. );
#11575=CIRCLE ( 'NONE', #10111, 0.2750000000000000800 );
#11576=ORIENTED_EDGE ( 'NONE', *, *, #8649, .F. );
#11577=LINE ( 'NONE', #2918, #493 );
#11578=ORIENTED_EDGE ( 'NONE', *, *, #5720, .F. );
#11579=CARTESIAN_POINT ( 'NONE',  ( -5.714999999999999000, 0.0000000000000000000, 12.74999999999999800 ) );
#11580=ADVANCED_FACE ( 'NONE', ( #3790 ), #12300, .T. );
#11581=CARTESIAN_POINT ( 'NONE',  ( -7.529289321881346800, 30.15163842104813000, 11.49999999999999600 ) );
#11582=PLANE ( 'NONE',  #10843 );
#11583=ORIENTED_EDGE ( 'NONE', *, *, #13132, .T. );
#11584=ORIENTED_EDGE ( 'NONE', *, *, #7265, .T. );
#11585=VERTEX_POINT ( 'NONE', #2310 );
#11586=LINE ( 'NONE', #458, #4 );
#11587=LINE ( 'NONE', #1377, #45 );
#11588=ORIENTED_EDGE ( 'NONE', *, *, #12944, .T. );
#11589=EDGE_CURVE ( 'NONE', #8449, #2384, #516, .T. );
#11590=ORIENTED_EDGE ( 'NONE', *, *, #5023, .T. );
#11591=EDGE_CURVE ( 'NONE', #5160, #201, #13954, .T. );
#11592=EDGE_CURVE ( 'NONE', #6300, #14392, #7462, .T. );
#11593=EDGE_LOOP ( 'NONE', ( #10359, #5351, #13904, #6554, #1033, #7899 ) );
#11594=ORIENTED_EDGE ( 'NONE', *, *, #11739, .F. );
#11595=PLANE ( 'NONE',  #670 );
#11596=AXIS2_PLACEMENT_3D ( 'NONE', #983, #575, #19 );
#11597=ADVANCED_FACE ( 'NONE', ( #10930 ), #3050, .F. );
#11598=EDGE_CURVE ( 'NONE', #7082, #7733, #5112, .T. );
#11599=ORIENTED_EDGE ( 'NONE', *, *, #11208, .F. );
#11600=ORIENTED_EDGE ( 'NONE', *, *, #3385, .F. );
#11601=FACE_OUTER_BOUND ( 'NONE', #5263, .T. );
#11602=CARTESIAN_POINT ( 'NONE',  ( -6.164999999999999100, 0.0000000000000000000, 0.0000000000000000000 ) );
#11603=ORIENTED_EDGE ( 'NONE', *, *, #13399, .F. );
#11604=LINE ( 'NONE', #4195, #184 );
#11605=ORIENTED_EDGE ( 'NONE', *, *, #4879, .F. );
#11606=FACE_OUTER_BOUND ( 'NONE', #9952, .T. );
#11607=EDGE_CURVE ( 'NONE', #7351, #9545, #5, .T. );
#11608=VERTEX_POINT ( 'NONE', #5133 );
#11609=FACE_OUTER_BOUND ( 'NONE', #13665, .T. );
#11610=EDGE_CURVE ( 'NONE', #6216, #5736, #1494, .T. );
#11611=ORIENTED_EDGE ( 'NONE', *, *, #6920, .T. );
#11612=AXIS2_PLACEMENT_3D ( 'NONE', #934, #250, #14 );
#11613=LINE ( 'NONE', #3275, #229 );
#11614=ORIENTED_EDGE ( 'NONE', *, *, #5097, .T. );
#11615=ORIENTED_EDGE ( 'NONE', *, *, #3711, .T. );
#11616=ORIENTED_EDGE ( 'NONE', *, *, #3832, .F. );
#11617=LINE ( 'NONE', #2597, #36 );
#11618=LINE ( 'NONE', #14468, #36 );
#11619=ORIENTED_EDGE ( 'NONE', *, *, #3355, .F. );
#11620=PLANE ( 'NONE',  #4945 );
#11621=VERTEX_POINT ( 'NONE', #190 );
#11622=FACE_OUTER_BOUND ( 'NONE', #4483, .T. );
#11623=ORIENTED_EDGE ( 'NONE', *, *, #3980, .T. );
#11624=ADVANCED_FACE ( 'NONE', ( #14389 ), #40, .T. );
#11625=VERTEX_POINT ( 'NONE', #6514 );
#11626=EDGE_CURVE ( 'NONE', #10504, #6874, #5461, .T. );
#11627=EDGE_CURVE ( 'NONE', #4125, #8480, #10596, .T. );
#11628=ADVANCED_FACE ( 'NONE', ( #9653 ), #10784, .F. );
#11629=FACE_OUTER_BOUND ( 'NONE', #652, .T. );
#11630=EDGE_CURVE ( 'NONE', #5394, #2829, #2566, .T. );
#11631=ORIENTED_EDGE ( 'NONE', *, *, #10160, .F. );
#11632=ORIENTED_EDGE ( 'NONE', *, *, #9151, .T. );
#11633=ORIENTED_EDGE ( 'NONE', *, *, #9619, .F. );
#11634=ORIENTED_EDGE ( 'NONE', *, *, #8597, .F. );
#11635=CARTESIAN_POINT ( 'NONE',  ( -8.549999999999933200, 0.8000000000000000400, 0.0000000000000000000 ) );
#11636=CARTESIAN_POINT ( 'NONE',  ( -8.549999999999933200, 0.8000000000000000400, 0.6399999999999921300 ) );
#11637=ORIENTED_EDGE ( 'NONE', *, *, #2341, .T. );
#11638=ADVANCED_FACE ( 'NONE', ( #10135 ), #13805, .T. );
#11639=EDGE_CURVE ( 'NONE', #2559, #9425, #12186, .T. );
#11640=ORIENTED_EDGE ( 'NONE', *, *, #11756, .F. );
#11641=EDGE_CURVE ( 'NONE', #10267, #883, #747, .T. );
#11642=FACE_OUTER_BOUND ( 'NONE', #8352, .T. );
#11643=AXIS2_PLACEMENT_3D ( 'NONE', #9383, #250, #31 );
#11644=VERTEX_POINT ( 'NONE', #5337 );
#11645=ORIENTED_EDGE ( 'NONE', *, *, #3662, .T. );
#11646=ORIENTED_EDGE ( 'NONE', *, *, #1893, .F. );
#11647=EDGE_CURVE ( 'NONE', #3112, #5855, #11888, .T. );
#11648=AXIS2_PLACEMENT_3D ( 'NONE', #1539, #3384, #502 );
#11649=CARTESIAN_POINT ( 'NONE',  ( -8.549999999999892400, 0.8000000000000000400, 4.449999999999990400 ) );
#11650=ORIENTED_EDGE ( 'NONE', *, *, #10825, .T. );
#11651=ORIENTED_EDGE ( 'NONE', *, *, #8599, .T. );
#11652=EDGE_LOOP ( 'NONE', ( #5539, #1833, #10514, #13250, #11277, #9860 ) );
#11653=ORIENTED_EDGE ( 'NONE', *, *, #12282, .T. );
#11654=CARTESIAN_POINT ( 'NONE',  ( 4.895000000000002200, 0.8000000000000000400, -0.0000000000000000000 ) );
#11655=FACE_OUTER_BOUND ( 'NONE', #4454, .T. );
#11656=LINE ( 'NONE', #1343, #649 );
#11657=ORIENTED_EDGE ( 'NONE', *, *, #1095, .F. );
#11658=VERTEX_POINT ( 'NONE', #1539 );
#11659=ORIENTED_EDGE ( 'NONE', *, *, #3780, .T. );
#11660=ADVANCED_FACE ( 'NONE', ( #8498 ), #8637, .F. );
#11661=VERTEX_POINT ( 'NONE', #11066 );
#11662=ORIENTED_EDGE ( 'NONE', *, *, #7319, .T. );
#11663=CARTESIAN_POINT ( 'NONE',  ( -6.534999999999998400, -1.006230589874914900, 0.0000000000000000000 ) );
#11664=CARTESIAN_POINT ( 'NONE',  ( 8.550000000000064700, 0.04999999999999991300, 1.539999999999996300 ) );
#11665=EDGE_CURVE ( 'NONE', #6870, #8492, #4752, .T. );
#11666=ORIENTED_EDGE ( 'NONE', *, *, #4290, .T. );
#11667=EDGE_CURVE ( 'NONE', #4511, #9502, #14108, .T. );
#11668=LINE ( 'NONE', #1082, #4 );
#11669=ORIENTED_EDGE ( 'NONE', *, *, #14106, .T. );
#11670=EDGE_CURVE ( 'NONE', #11644, #3843, #3989, .T. );
#11671=ORIENTED_EDGE ( 'NONE', *, *, #13861, .F. );
#11672=PLANE ( 'NONE',  #10674 );
#11673=AXIS2_PLACEMENT_3D ( 'NONE', #6819, #250, #31 );
#11674=EDGE_LOOP ( 'NONE', ( #11798, #7177, #167, #12475 ) );
#11675=ORIENTED_EDGE ( 'NONE', *, *, #11848, .T. );
#11676=ORIENTED_EDGE ( 'NONE', *, *, #13884, .T. );
#11677=ORIENTED_EDGE ( 'NONE', *, *, #11190, .T. );
#11678=EDGE_LOOP ( 'NONE', ( #7051, #13587, #10403, #11384 ) );
#11679=CARTESIAN_POINT ( 'NONE',  ( -8.999999999999959100, -1.006230589874914900, 6.169999999999991000 ) );
#11680=FACE_OUTER_BOUND ( 'NONE', #4678, .T. );
#11681=ORIENTED_EDGE ( 'NONE', *, *, #8215, .T. );
#11682=CARTESIAN_POINT ( 'NONE',  ( -7.529289321881346800, 30.15163842104813000, -5.900000000000003900 ) );
#11683=ORIENTED_EDGE ( 'NONE', *, *, #5328, .F. );
#11684=EDGE_CURVE ( 'NONE', #12348, #1913, #2806, .T. );
#11685=ORIENTED_EDGE ( 'NONE', *, *, #13833, .F. );
#11686=ORIENTED_EDGE ( 'NONE', *, *, #11951, .F. );
#11687=PRESENTATION_LAYER_ASSIGNMENT (  '', '', ( #10315 ) );
#11688=LINE ( 'NONE', #10792, #184 );
#11689=VERTEX_POINT ( 'NONE', #9918 );
#11690=AXIS2_PLACEMENT_3D ( 'NONE', #772, #215, #15 );
#11691=ADVANCED_FACE ( 'NONE', ( #4203 ), #5396, .F. );
#11692=FACE_OUTER_BOUND ( 'NONE', #7426, .T. );
#11693=ORIENTED_EDGE ( 'NONE', *, *, #10878, .F. );
#11694=AXIS2_PLACEMENT_3D ( 'NONE', #739, #15, #575 );
#11695=ADVANCED_FACE ( 'NONE', ( #2616 ), #11878, .F. );
#11696=CARTESIAN_POINT ( 'NONE',  ( 0.0000000000000000000, -1.006230589874914900, -4.440000000000004800 ) );
#11697=EDGE_LOOP ( 'NONE', ( #2746, #9341, #9315, #4654, #9923, #14359 ) );
#11698=ORIENTED_EDGE ( 'NONE', *, *, #13237, .F. );
#11699=EDGE_LOOP ( 'NONE', ( #4948, #7540, #12746, #9178, #8242, #2731 ) );
#11700=CARTESIAN_POINT ( 'NONE',  ( -8.549999999999919000, 0.8000000000000000400, 1.909999999999995000 ) );
#11701=ORIENTED_EDGE ( 'NONE', *, *, #6615, .T. );
#11702=EDGE_LOOP ( 'NONE', ( #10384, #594, #7008, #14154 ) );
#11703=ORIENTED_EDGE ( 'NONE', *, *, #14402, .T. );
#11704=EDGE_CURVE ( 'NONE', #11791, #466, #11575, .T. );
#11705=ORIENTED_EDGE ( 'NONE', *, *, #13088, .F. );
#11706=EDGE_CURVE ( 'NONE', #5536, #11148, #2218, .T. );
#11707=ADVANCED_FACE ( 'NONE', ( #10283 ), #1746, .T. );
#11708=EDGE_LOOP ( 'NONE', ( #5783, #6310, #13996, #10153, #12145, #13220 ) );
#11709=EDGE_LOOP ( 'NONE', ( #5519, #11778, #5789, #12979 ) );
#11710=AXIS2_PLACEMENT_3D ( 'NONE', #14292, #95, #31 );
#11711=LINE ( 'NONE', #5476, #10 );
#11712=FACE_OUTER_BOUND ( 'NONE', #12388, .T. );
#11713=ADVANCED_FACE ( 'NONE', ( #12937 ), #279, .F. );
#11714=AXIS2_PLACEMENT_3D ( 'NONE', #967, #215, #15 );
#11715=AXIS2_PLACEMENT_3D ( 'NONE', #1549, #135, #15 );
#11716=LINE ( 'NONE', #739, #4 );
#11717=ORIENTED_EDGE ( 'NONE', *, *, #12444, .F. );
#11718=PLANE ( 'NONE',  #13943 );
#11719=ORIENTED_EDGE ( 'NONE', *, *, #1037, .F. );
#11720=FACE_OUTER_BOUND ( 'NONE', #13675, .T. );
#11721=EDGE_CURVE ( 'NONE', #83, #6485, #13081, .T. );
#11722=EDGE_CURVE ( 'NONE', #11585, #7718, #2013, .T. );
#11723=ADVANCED_FACE ( 'NONE', ( #10442 ), #6733, .F. );
#11724=EDGE_LOOP ( 'NONE', ( #6173, #4282, #1011, #10413 ) );
#11725=EDGE_LOOP ( 'NONE', ( #4720, #8738, #7650, #11448 ) );
#11726=EDGE_CURVE ( 'NONE', #7445, #5791, #4192, .T. );
#11727=LINE ( 'NONE', #8278, #36 );
#11728=AXIS2_PLACEMENT_3D ( 'NONE', #1387, #575, #19 );
#11729=ORIENTED_EDGE ( 'NONE', *, *, #9340, .T. );
#11730=CIRCLE ( 'NONE', #7920, 0.2750000000000000800 );
#11731=FACE_OUTER_BOUND ( 'NONE', #8018, .T. );
#11732=ORIENTED_EDGE ( 'NONE', *, *, #2408, .F. );
#11733=FACE_OUTER_BOUND ( 'NONE', #14441, .T. );
#11734=CARTESIAN_POINT ( 'NONE',  ( 0.0000000000000000000, 0.0000000000000000000, -1.900000000000005000 ) );
#11735=ORIENTED_EDGE ( 'NONE', *, *, #9146, .F. );
#11736=EDGE_CURVE ( 'NONE', #13328, #5317, #13664, .T. );
#11737=ORIENTED_EDGE ( 'NONE', *, *, #8096, .F. );
#11738=EDGE_CURVE ( 'NONE', #10610, #148, #2997, .T. );
#11739=EDGE_CURVE ( 'NONE', #5453, #864, #4926, .T. );
#11740=PLANE ( 'NONE',  #9209 );
#11741=ORIENTED_EDGE ( 'NONE', *, *, #10701, .T. );
#11742=LINE ( 'NONE', #353, #45 );
#11743=VERTEX_POINT ( 'NONE', #761 );
#11744=AXIS2_PLACEMENT_3D ( 'NONE', #2144, #95, #31 );
#11745=EDGE_LOOP ( 'NONE', ( #6791, #1199, #10665, #9677, #1170, #5057 ) );
#11746=CARTESIAN_POINT ( 'NONE',  ( -7.434999999999999600, 0.0000000000000000000, 0.0000000000000000000 ) );
#11747=FACE_OUTER_BOUND ( 'NONE', #20, .T. );
#11748=ORIENTED_EDGE ( 'NONE', *, *, #12190, .F. );
#11749=PLANE ( 'NONE',  #12928 );
#11750=CARTESIAN_POINT ( 'NONE',  ( 9.000000000000030200, 0.8000000000000000400, 3.629999999999779200 ) );
#11751=LINE ( 'NONE', #6, #493 );
#11752=ADVANCED_FACE ( 'NONE', ( #2412 ), #233, .T. );
#11753=EDGE_CURVE ( 'NONE', #897, #13764, #1494, .T. );
#11754=ORIENTED_EDGE ( 'NONE', *, *, #1198, .T. );
#11755=EDGE_LOOP ( 'NONE', ( #4248, #715, #4819, #8222 ) );
#11756=EDGE_CURVE ( 'NONE', #8400, #3427, #7628, .T. );
#11757=EDGE_LOOP ( 'NONE', ( #9903, #7097, #7018, #1962 ) );
#11758=EDGE_CURVE ( 'NONE', #2304, #11689, #6936, .T. );
#11759=FACE_OUTER_BOUND ( 'NONE', #12345, .T. );
#11760=ORIENTED_EDGE ( 'NONE', *, *, #3572, .T. );
#11761=CARTESIAN_POINT ( 'NONE',  ( -3.174999999999998900, 0.8000000000000000400, 12.74999999999999800 ) );
#11762=ORIENTED_EDGE ( 'NONE', *, *, #8912, .T. );
#11763=CYLINDRICAL_SURFACE ( 'NONE', #5404, 0.2749999999999991900 );
#11764=AXIS2_PLACEMENT_3D ( 'NONE', #4701, #21, #31 );
#11765=CARTESIAN_POINT ( 'NONE',  ( -0.6349999999999984500, -1.006230589874914900, 12.74999999999999800 ) );
#11766=ADVANCED_FACE ( 'NONE', ( #11089 ), #13123, .T. );
#11767=ORIENTED_EDGE ( 'NONE', *, *, #2941, .F. );
#11768=ORIENTED_EDGE ( 'NONE', *, *, #7192, .F. );
#11769=ORIENTED_EDGE ( 'NONE', *, *, #12898, .F. );
#11770=ORIENTED_EDGE ( 'NONE', *, *, #12859, .F. );
#11771=EDGE_CURVE ( 'NONE', #6189, #9671, #3952, .T. );
#11772=EDGE_CURVE ( 'NONE', #9368, #14084, #10887, .T. );
#11773=CARTESIAN_POINT ( 'NONE',  ( 5.265000000000001500, 0.8000000000000000400, -0.0000000000000000000 ) );
#11774=EDGE_CURVE ( 'NONE', #4084, #5017, #12296, .T. );
#11775=CARTESIAN_POINT ( 'NONE',  ( -9.000000000000000000, 0.0000000000000000000, -4.810000000000003200 ) );
#11776=PLANE ( 'NONE',  #7409 );
#11777=EDGE_LOOP ( 'NONE', ( #4218, #2818, #554, #3857 ) );
#11778=ORIENTED_EDGE ( 'NONE', *, *, #3711, .F. );
#11779=FACE_OUTER_BOUND ( 'NONE', #11755, .T. );
#11780=ORIENTED_EDGE ( 'NONE', *, *, #2089, .T. );
#11781=AXIS2_PLACEMENT_3D ( 'NONE', #290, #215, #15 );
#11782=ORIENTED_EDGE ( 'NONE', *, *, #8145, .T. );
#11783=ORIENTED_EDGE ( 'NONE', *, *, #2966, .T. );
#11784=ADVANCED_FACE ( 'NONE', ( #3131 ), #5685, .T. );
#11785=ORIENTED_EDGE ( 'NONE', *, *, #7712, .T. );
#11786=CARTESIAN_POINT ( 'NONE',  ( 9.000000000000000000, -1.006230589874914900, 0.0000000000000000000 ) );
#11787=ORIENTED_EDGE ( 'NONE', *, *, #6798, .T. );
#11788=CARTESIAN_POINT ( 'NONE',  ( -8.549999999999853300, 0.8000000000000000400, 8.259999999999996200 ) );
#11789=FACE_OUTER_BOUND ( 'NONE', #10680, .T. );
#11790=CARTESIAN_POINT ( 'NONE',  ( -8.549999999999984700, -1.006230589874914900, 0.0000000000000000000 ) );
#11791=VERTEX_POINT ( 'NONE', #12997 );
#11792=ORIENTED_EDGE ( 'NONE', *, *, #7041, .F. );
#11793=FACE_OUTER_BOUND ( 'NONE', #7270, .T. );
#11794=ORIENTED_EDGE ( 'NONE', *, *, #9532, .T. );
#11795=EDGE_CURVE ( 'NONE', #6076, #4419, #5227, .T. );
#11796=ORIENTED_EDGE ( 'NONE', *, *, #13983, .F. );
#11797=EDGE_CURVE ( 'NONE', #6538, #10683, #732, .T. );
#11798=ORIENTED_EDGE ( 'NONE', *, *, #1887, .T. );
#11799=EDGE_CURVE ( 'NONE', #98, #3253, #13151, .T. );
#11800=ORIENTED_EDGE ( 'NONE', *, *, #13355, .F. );
#11801=MECHANICAL_DESIGN_GEOMETRIC_PRESENTATION_REPRESENTATION (  '', ( #11131 ), #8848 );
#11802=LINE ( 'NONE', #8858, #1276 );
#11803=AXIS2_PLACEMENT_3D ( 'NONE', #9189, #19, #135 );
#11804=EDGE_LOOP ( 'NONE', ( #3569, #1266, #13502, #385 ) );
#11805=ORIENTED_EDGE ( 'NONE', *, *, #13960, .T. );
#11806=CARTESIAN_POINT ( 'NONE',  ( -8.549999999999984700, -1.006230589874914900, -3.540000000000003100 ) );
#11807=VERTEX_POINT ( 'NONE', #800 );
#11808=LINE ( 'NONE', #2873, #10 );
#11809=ORIENTED_EDGE ( 'NONE', *, *, #14184, .F. );
#11810=CARTESIAN_POINT ( 'NONE',  ( 9.000000000000065700, 0.0000000000000000000, 0.6399999999999955700 ) );
#11811=CARTESIAN_POINT ( 'NONE',  ( 4.895000000000002200, -1.006230589874914900, 12.74999999999999800 ) );
#11812=ORIENTED_EDGE ( 'NONE', *, *, #13035, .F. );
#11813=ORIENTED_EDGE ( 'NONE', *, *, #7541, .F. );
#11814=ORIENTED_EDGE ( 'NONE', *, *, #2432, .T. );
#11815=EDGE_CURVE ( 'NONE', #9888, #3349, #2471, .T. );
#11816=ORIENTED_EDGE ( 'NONE', *, *, #6555, .F. );
#11817=EDGE_CURVE ( 'NONE', #4805, #6503, #6429, .T. );
#11818=ORIENTED_EDGE ( 'NONE', *, *, #6732, .T. );
#11819=EDGE_CURVE ( 'NONE', #1027, #10267, #3798, .T. );
#11820=ORIENTED_EDGE ( 'NONE', *, *, #5378, .T. );
#11821=EDGE_CURVE ( 'NONE', #10504, #8385, #54, .T. );
#11822=CARTESIAN_POINT ( 'NONE',  ( -7.800000000000001600, 2.999200000000007200, 11.49999999999999600 ) );
#11823=ADVANCED_FACE ( 'NONE', ( #8326 ), #14253, .F. );
#11824=LINE ( 'NONE', #10062, #209 );
#11825=AXIS2_PLACEMENT_3D ( 'NONE', #1853, #250, #31 );
#11826=ORIENTED_EDGE ( 'NONE', *, *, #11008, .T. );
#11827=PLANE ( 'NONE',  #9739 );
#11828=ORIENTED_EDGE ( 'NONE', *, *, #658, .F. );
#11829=ORIENTED_EDGE ( 'NONE', *, *, #9246, .F. );
#11830=FACE_OUTER_BOUND ( 'NONE', #10307, .T. );
#11831=ORIENTED_EDGE ( 'NONE', *, *, #13621, .F. );
#11832=LINE ( 'NONE', #11130, #327 );
#11833=LINE ( 'NONE', #3871, #229 );
#11834=ORIENTED_EDGE ( 'NONE', *, *, #2416, .T. );
#11835=EDGE_CURVE ( 'NONE', #6895, #11057, #12068, .T. );
#11836=ADVANCED_FACE ( 'NONE', ( #3380 ), #2290, .F. );
#11837=EDGE_CURVE ( 'NONE', #3449, #8650, #8268, .T. );
#11838=ADVANCED_FACE ( 'NONE', ( #11073 ), #1067, .F. );
#11839=ORIENTED_EDGE ( 'NONE', *, *, #2630, .T. );
#11840=CARTESIAN_POINT ( 'NONE',  ( -7.529289321881346800, 3.049999999999999800, 11.42928932188134200 ) );
#11841=EDGE_LOOP ( 'NONE', ( #8465, #9635, #7066, #13976, #5625, #11785 ) );
#11842=EDGE_CURVE ( 'NONE', #3234, #3253, #13697, .T. );
#11843=ORIENTED_EDGE ( 'NONE', *, *, #1802, .T. );
#11844=CARTESIAN_POINT ( 'NONE',  ( -9.000000000000000000, 0.0000000000000000000, -5.710000000000005300 ) );
#11845=ORIENTED_EDGE ( 'NONE', *, *, #6395, .F. );
#11846=CIRCLE ( 'NONE', #5187, 0.2749999999999996300 );
#11847=ORIENTED_EDGE ( 'NONE', *, *, #14036, .T. );
#11848=EDGE_CURVE ( 'NONE', #12061, #606, #1361, .T. );
#11849=LINE ( 'NONE', #4428, #209 );
#11850=ORIENTED_EDGE ( 'NONE', *, *, #8723, .T. );
#11851=ORIENTED_EDGE ( 'NONE', *, *, #4237, .T. );
#11852=ORIENTED_EDGE ( 'NONE', *, *, #11641, .T. );
#11853=LINE ( 'NONE', #10733, #327 );
#11854=EDGE_LOOP ( 'NONE', ( #12819, #13896, #3772, #6210, #6648, #8282 ) );
#11855=CARTESIAN_POINT ( 'NONE',  ( 0.9100000000000007000, 0.8000000000000000400, 12.74999999999999800 ) );
#11856=ORIENTED_EDGE ( 'NONE', *, *, #9470, .F. );
#11857=ORIENTED_EDGE ( 'NONE', *, *, #5526, .F. );
#11858=CARTESIAN_POINT ( 'NONE',  ( -0.1849999999999976700, 0.0000000000000000000, 0.0000000000000000000 ) );
#11859=CARTESIAN_POINT ( 'NONE',  ( 9.000000000000053300, 0.0000000000000000000, 0.09499999999987177000 ) );
#11860=ADVANCED_FACE ( 'NONE', ( #2500 ), #12784, .F. );
#11861=LINE ( 'NONE', #12827, #184 );
#11862=FACE_OUTER_BOUND ( 'NONE', #11678, .T. );
#11863=CARTESIAN_POINT ( 'NONE',  ( 9.000000000000039100, -1.006230589874914900, -1.725000000000096700 ) );
#11864=ORIENTED_EDGE ( 'NONE', *, *, #13319, .T. );
#11865=LINE ( 'NONE', #884, #668 );
#11866=FACE_OUTER_BOUND ( 'NONE', #7055, .T. );
#11867=EDGE_CURVE ( 'NONE', #9231, #6683, #3639, .T. );
#11868=VERTEX_POINT ( 'NONE', #9307 );
#11869=LINE ( 'NONE', #1026, #4 );
#11870=EDGE_CURVE ( 'NONE', #1399, #3427, #509, .T. );
#11871=ORIENTED_EDGE ( 'NONE', *, *, #13907, .F. );
#11872=LINE ( 'NONE', #14448, #36 );
#11873=ORIENTED_EDGE ( 'NONE', *, *, #4564, .T. );
#11874=FACE_OUTER_BOUND ( 'NONE', #2853, .T. );
#11875=EDGE_CURVE ( 'NONE', #8901, #2618, #10653, .T. );
#11876=EDGE_LOOP ( 'NONE', ( #3375, #13158, #5329, #9119 ) );
#11877=ORIENTED_EDGE ( 'NONE', *, *, #7635, .F. );
#11878=PLANE ( 'NONE',  #11303 );
#11879=ORIENTED_EDGE ( 'NONE', *, *, #12307, .T. );
#11880=ORIENTED_EDGE ( 'NONE', *, *, #11722, .F. );
#11881=EDGE_CURVE ( 'NONE', #3632, #10821, #10571, .T. );
#11882=EDGE_CURVE ( 'NONE', #466, #4137, #4901, .T. );
#11883=EDGE_CURVE ( 'NONE', #3984, #5536, #7953, .T. );
#11884=VERTEX_POINT ( 'NONE', #2255 );
#11885=LINE ( 'NONE', #3332, #1276 );
#11886=FACE_OUTER_BOUND ( 'NONE', #6198, .T. );
#11887=ADVANCED_FACE ( 'NONE', ( #1148 ), #233, .T. );
#11888=LINE ( 'NONE', #5586, #1671 );
#11889=ORIENTED_EDGE ( 'NONE', *, *, #10635, .F. );
#11890=ORIENTED_EDGE ( 'NONE', *, *, #1198, .F. );
#11891=EDGE_CURVE ( 'NONE', #13969, #2651, #9788, .T. );
#11892=EDGE_CURVE ( 'NONE', #3916, #83, #702, .T. );
#11893=EDGE_CURVE ( 'NONE', #8283, #1052, #10895, .T. );
#11894=EDGE_CURVE ( 'NONE', #3112, #5139, #11888, .T. );
#11895=AXIS2_PLACEMENT_3D ( 'NONE', #3510, #234, #885 );
#11896=VERTEX_POINT ( 'NONE', #3939 );
#11897=ORIENTED_EDGE ( 'NONE', *, *, #12158, .F. );
#11898=ADVANCED_FACE ( 'NONE', ( #7269 ), #2506, .F. );
#11899=ORIENTED_EDGE ( 'NONE', *, *, #11397, .T. );
#11900=CARTESIAN_POINT ( 'NONE',  ( -2.724999999999998300, -1.006230589874914900, 12.29999999999999700 ) );
#11901=LINE ( 'NONE', #4789, #205 );
#11902=ADVANCED_FACE ( 'NONE', ( #9284 ), #2451, .F. );
#11903=ORIENTED_EDGE ( 'NONE', *, *, #4898, .T. );
#11904=ORIENTED_EDGE ( 'NONE', *, *, #13101, .T. );
#11905=FACE_OUTER_BOUND ( 'NONE', #8227, .T. );
#11906=CARTESIAN_POINT ( 'NONE',  ( 0.0000000000000000000, 0.0000000000000000000, 4.449999999999995700 ) );
#11907=ORIENTED_EDGE ( 'NONE', *, *, #8556, .T. );
#11908=FACE_OUTER_BOUND ( 'NONE', #4292, .T. );
#11909=FACE_OUTER_BOUND ( 'NONE', #12384, .T. );
#11910=EDGE_CURVE ( 'NONE', #5233, #7180, #7199, .T. );
#11911=CYLINDRICAL_SURFACE ( 'NONE', #5238, 0.2750000000000000800 );
#11912=VERTEX_POINT ( 'NONE', #7372 );
#11913=EDGE_CURVE ( 'NONE', #2951, #12821, #3368, .T. );
#11914=ORIENTED_EDGE ( 'NONE', *, *, #3002, .F. );
#11915=AXIS2_PLACEMENT_3D ( 'NONE', #2158, #19, #135 );
#11916=ADVANCED_FACE ( 'NONE', ( #10109 ), #2563, .F. );
#11917=MANIFOLD_SOLID_BREP ( 'Boss-Extrude5[37]', #10131 );
#11918=ORIENTED_EDGE ( 'NONE', *, *, #13041, .T. );
#11919=AXIS2_PLACEMENT_3D ( 'NONE', #2253, #7363, #3250 );
#11920=CARTESIAN_POINT ( 'NONE',  ( 1.085000000000001700, 0.0000000000000000000, 11.90000000000017100 ) );
#11921=LINE ( 'NONE', #6818, #36 );
#11922=CARTESIAN_POINT ( 'NONE',  ( 9.000000000000000000, 0.0000000000000000000, -5.260000000000004200 ) );
#11923=CARTESIAN_POINT ( 'NONE',  ( -2.354999999999999500, 0.04999999999999991300, 12.29999999999999700 ) );
#11924=LINE ( 'NONE', #5452, #184 );
#11925=EDGE_LOOP ( 'NONE', ( #852, #235, #5943, #11270 ) );
#11926=PLANE ( 'NONE',  #5483 );
#11927=CARTESIAN_POINT ( 'NONE',  ( 0.0000000000000000000, 0.8000000000000000400, -1.900000000000006800 ) );
#11928=ORIENTED_EDGE ( 'NONE', *, *, #5511, .F. );
#11929=ORIENTED_EDGE ( 'NONE', *, *, #7344, .T. );
#11930=EDGE_CURVE ( 'NONE', #4959, #6786, #4346, .T. );
#11931=ADVANCED_FACE ( 'NONE', ( #11862 ), #1187, .T. );
#11932=ORIENTED_EDGE ( 'NONE', *, *, #9263, .F. );
#11933=EDGE_CURVE ( 'NONE', #5763, #9368, #1570, .T. );
#11934=LINE ( 'NONE', #14187, #209 );
#11935=EDGE_LOOP ( 'NONE', ( #12009, #5339, #13608, #9631, #13110, #10020 ) );
#11936=LINE ( 'NONE', #4713, #493 );
#11937=ORIENTED_EDGE ( 'NONE', *, *, #1123, .F. );
#11938=EDGE_LOOP ( 'NONE', ( #5721, #12877, #11563, #12634 ) );
#11939=ORIENTED_EDGE ( 'NONE', *, *, #1534, .T. );
#11940=VERTEX_POINT ( 'NONE', #4099 );
#11941=VERTEX_POINT ( 'NONE', #954 );
#11942=AXIS2_PLACEMENT_3D ( 'NONE', #8486, #15, #575 );
#11943=CARTESIAN_POINT ( 'NONE',  ( -8.999999999999920100, 0.8000000000000000400, 2.634999999999991800 ) );
#11944=VERTEX_POINT ( 'NONE', #6510 );
#11945=FACE_OUTER_BOUND ( 'NONE', #6900, .T. );
#11946=LINE ( 'NONE', #5884, #10 );
#11947=EDGE_CURVE ( 'NONE', #8650, #5935, #7603, .T. );
#11948=CARTESIAN_POINT ( 'NONE',  ( 8.550000000000078900, -1.006230589874914900, 2.809999999999995600 ) );
#11949=ORIENTED_EDGE ( 'NONE', *, *, #745, .T. );
#11950=EDGE_LOOP ( 'NONE', ( #5980, #14330, #759, #13089 ) );
#11951=EDGE_CURVE ( 'NONE', #11180, #5290, #9126, .T. );
#11952=ORIENTED_EDGE ( 'NONE', *, *, #8096, .T. );
#11953=EDGE_CURVE ( 'NONE', #10743, #9997, #6178, .T. );
#11954=ORIENTED_EDGE ( 'NONE', *, *, #6658, .T. );
#11955=AXIS2_PLACEMENT_3D ( 'NONE', #5702, #21, #31 );
#11956=AXIS2_PLACEMENT_3D ( 'NONE', #1002, #31, #891 );
#11957=ORIENTED_EDGE ( 'NONE', *, *, #11348, .F. );
#11958=AXIS2_PLACEMENT_3D ( 'NONE', #5618, #214, #3097 );
#11959=FACE_OUTER_BOUND ( 'NONE', #2694, .T. );
#11960=ORIENTED_EDGE ( 'NONE', *, *, #14140, .F. );
#11961=LINE ( 'NONE', #2763, #184 );
#11962=VERTEX_POINT ( 'NONE', #2526 );
#11963=ORIENTED_EDGE ( 'NONE', *, *, #4979, .T. );
#11964=EDGE_LOOP ( 'NONE', ( #3949, #10225, #12354, #11291 ) );
#11965=ADVANCED_FACE ( 'NONE', ( #14501 ), #2655, .F. );
#11966=ORIENTED_EDGE ( 'NONE', *, *, #9855, .F. );
#11967=ORIENTED_EDGE ( 'NONE', *, *, #7844, .F. );
#11968=ORIENTED_EDGE ( 'NONE', *, *, #6592, .F. );
#11969=ADVANCED_FACE ( 'NONE', ( #10424 ), #9966, .F. );
#11970=CARTESIAN_POINT ( 'NONE',  ( 6.985000000000001200, -1.006230589874914900, 12.74999999999999800 ) );
#11971=CARTESIAN_POINT ( 'NONE',  ( -8.999999999999865000, -1.006230589874914900, 7.164999999999990300 ) );
#11972=EDGE_CURVE ( 'NONE', #921, #1984, #4533, .T. );
#11973=ORIENTED_EDGE ( 'NONE', *, *, #13435, .T. );
#11974=ORIENTED_EDGE ( 'NONE', *, *, #8414, .F. );
#11975=ORIENTED_EDGE ( 'NONE', *, *, #4863, .T. );
#11976=EDGE_CURVE ( 'NONE', #2632, #6629, #5430, .T. );
#11977=LINE ( 'NONE', #7517, #2332 );
#11978=FACE_OUTER_BOUND ( 'NONE', #3047, .T. );
#11979=LINE ( 'NONE', #10865, #36 );
#11980=ORIENTED_EDGE ( 'NONE', *, *, #3454, .T. );
#11981=EDGE_CURVE ( 'NONE', #13832, #7227, #12306, .T. );
#11982=AXIS2_PLACEMENT_3D ( 'NONE', #13897, #95, #31 );
#11983=AXIS2_PLACEMENT_3D ( 'NONE', #9705, #95, #31 );
#11984=ORIENTED_EDGE ( 'NONE', *, *, #13435, .F. );
#11985=CARTESIAN_POINT ( 'NONE',  ( 3.995000000000001000, -1.006230589874914900, 0.0000000000000000000 ) );
#11986=ORIENTED_EDGE ( 'NONE', *, *, #13497, .T. );
#11987=ORIENTED_EDGE ( 'NONE', *, *, #4809, .T. );
#11988=PLANE ( 'NONE',  #8971 );
#11989=ADVANCED_FACE ( 'NONE', ( #8779 ), #49, .F. );
#11990=ORIENTED_EDGE ( 'NONE', *, *, #3110, .T. );
#11991=CARTESIAN_POINT ( 'NONE',  ( 0.0000000000000000000, 0.0000000000000000000, -1.000000000000004400 ) );
#11992=FACE_BOUND ( 'NONE', #11013, .T. );
#11993=ORIENTED_EDGE ( 'NONE', *, *, #846, .F. );
#11994=ORIENTED_EDGE ( 'NONE', *, *, #1702, .F. );
#11995=EDGE_CURVE ( 'NONE', #3938, #7181, #3561, .T. );
#11996=CARTESIAN_POINT ( 'NONE',  ( 9.000000000000104800, 0.0000000000000000000, 5.174999999999752000 ) );
#11997=EDGE_CURVE ( 'NONE', #9531, #5671, #13337, .T. );
#11998=VERTEX_POINT ( 'NONE', #4146 );
#11999=CARTESIAN_POINT ( 'NONE',  ( 9.000000000000079900, 0.8000000000000000400, 1.909999999999995000 ) );
#12000=ADVANCED_FACE ( 'NONE', ( #5073 ), #12654, .T. );
#12001=ORIENTED_EDGE ( 'NONE', *, *, #151, .F. );
#12002=ORIENTED_EDGE ( 'NONE', *, *, #11883, .T. );
#12003=ORIENTED_EDGE ( 'NONE', *, *, #13458, .F. );
#12004=ORIENTED_EDGE ( 'NONE', *, *, #1218, .F. );
#12005=EDGE_CURVE ( 'NONE', #8749, #8522, #11534, .T. );
#12006=ORIENTED_EDGE ( 'NONE', *, *, #5235, .F. );
#12007=EDGE_CURVE ( 'NONE', #11148, #9075, #9776, .T. );
#12008=EDGE_LOOP ( 'NONE', ( #3795, #11505, #13692, #7911 ) );
#12009=ORIENTED_EDGE ( 'NONE', *, *, #14350, .F. );
#12010=EDGE_CURVE ( 'NONE', #13194, #5833, #1971, .T. );
#12011=CARTESIAN_POINT ( 'NONE',  ( 2.355000000000002200, 0.8000000000000000400, -0.0000000000000000000 ) );
#12012=ORIENTED_EDGE ( 'NONE', *, *, #4266, .F. );
#12013=LINE ( 'NONE', #782, #209 );
#12014=EDGE_CURVE ( 'NONE', #6895, #10308, #7939, .T. );
#12015=MECHANICAL_DESIGN_GEOMETRIC_PRESENTATION_REPRESENTATION (  '', ( #3315 ), #4170 );
#12016=CARTESIAN_POINT ( 'NONE',  ( 9.000000000000053300, 0.8000000000000000400, 0.2699999999999959100 ) );
#12017=ORIENTED_EDGE ( 'NONE', *, *, #3254, .T. );
#12018=FACE_OUTER_BOUND ( 'NONE', #7359, .T. );
#12019=CARTESIAN_POINT ( 'NONE',  ( -4.895000000000000500, -1.006230589874914900, 12.29999999999999700 ) );
#12020=CARTESIAN_POINT ( 'NONE',  ( 6.985000000000001200, 0.0000000000000000000, 12.74999999999999800 ) );
#12021=CARTESIAN_POINT ( 'NONE',  ( -7.549200000000001700, 3.250000000000000000, 11.42928932188134200 ) );
#12022=ORIENTED_EDGE ( 'NONE', *, *, #12651, .F. );
#12023=ORIENTED_EDGE ( 'NONE', *, *, #14127, .T. );
#12024=CARTESIAN_POINT ( 'NONE',  ( -2.179999999999997900, -1.006230589874914900, 12.74999999999999800 ) );
#12025=ADVANCED_FACE ( 'NONE', ( #7588 ), #1821, .F. );
#12026=EDGE_CURVE ( 'NONE', #12807, #4873, #5, .T. );
#12027=ORIENTED_EDGE ( 'NONE', *, *, #13262, .T. );
#12028=EDGE_CURVE ( 'NONE', #11404, #2302, #7251, .T. );
#12029=ADVANCED_FACE ( 'NONE', ( #3744 ), #7739, .T. );
#12030=AXIS2_PLACEMENT_3D ( 'NONE', #1195, #135, #15 );
#12031=PLANE ( 'NONE',  #2422 );
#12032=AXIS2_PLACEMENT_3D ( 'NONE', #4593, #95, #31 );
#12033=CARTESIAN_POINT ( 'NONE',  ( -3.449999999999999300, 0.0000000000000000000, 12.74999999999999800 ) );
#12034=LINE ( 'NONE', #5884, #493 );
#12035=ORIENTED_EDGE ( 'NONE', *, *, #14236, .T. );
#12036=VERTEX_POINT ( 'NONE', #7786 );
#12037=CARTESIAN_POINT ( 'NONE',  ( -6.164999999999999100, -1.006230589874914900, 0.0000000000000000000 ) );
#12038=EDGE_LOOP ( 'NONE', ( #2130, #12705, #821, #2494 ) );
#12039=LINE ( 'NONE', #873, #36 );
#12040=ADVANCED_FACE ( 'NONE', ( #14355 ), #49, .F. );
#12041=ORIENTED_EDGE ( 'NONE', *, *, #880, .F. );
#12042=EDGE_CURVE ( 'NONE', #5717, #573, #12748, .T. );
#12043=EDGE_CURVE ( 'NONE', #9663, #3750, #2955, .T. );
#12044=LINE ( 'NONE', #2261, #205 );
#12045=ORIENTED_EDGE ( 'NONE', *, *, #7121, .F. );
#12046=ORIENTED_EDGE ( 'NONE', *, *, #13884, .F. );
#12047=CARTESIAN_POINT ( 'NONE',  ( 8.550000000000132200, -1.006230589874914900, 6.989999999999996700 ) );
#12048=ORIENTED_EDGE ( 'NONE', *, *, #9958, .T. );
#12049=CARTESIAN_POINT ( 'NONE',  ( 8.550000000000038000, 0.0000000000000000000, -1.900000000000005000 ) );
#12050=ORIENTED_EDGE ( 'NONE', *, *, #10676, .F. );
#12051=LINE ( 'NONE', #714, #416 );
#12052=CARTESIAN_POINT ( 'NONE',  ( 9.000000000000172300, -1.006230589874914900, 10.97499999999987900 ) );
#12053=LINE ( 'NONE', #1539, #209 );
#12054=ORIENTED_EDGE ( 'NONE', *, *, #9528, .T. );
#12055=ORIENTED_EDGE ( 'NONE', *, *, #11997, .T. );
#12056=ADVANCED_FACE ( 'NONE', ( #11692 ), #11004, .F. );
#12057=ORIENTED_EDGE ( 'NONE', *, *, #2533, .F. );
#12058=ORIENTED_EDGE ( 'NONE', *, *, #9472, .F. );
#12059=EDGE_CURVE ( 'NONE', #8059, #6464, #11846, .T. );
#12060=EDGE_CURVE ( 'NONE', #7932, #4511, #14066, .T. );
#12061=VERTEX_POINT ( 'NONE', #3000 );
#12062=EDGE_CURVE ( 'NONE', #6163, #5063, #5784, .T. );
#12063=LINE ( 'NONE', #3956, #45 );
#12064=EDGE_CURVE ( 'NONE', #3094, #4833, #13925, .T. );
#12065=AXIS2_PLACEMENT_3D ( 'NONE', #5884, #135, #15 );
#12066=ORIENTED_EDGE ( 'NONE', *, *, #11647, .T. );
#12067=ORIENTED_EDGE ( 'NONE', *, *, #13148, .F. );
#12068=LINE ( 'NONE', #4965, #205 );
#12069=LINE ( 'NONE', #3880, #93 );
#12070=LINE ( 'NONE', #7100, #209 );
#12071=ORIENTED_EDGE ( 'NONE', *, *, #6258, .T. );
#12072=ORIENTED_EDGE ( 'NONE', *, *, #4307, .T. );
#12073=FACE_OUTER_BOUND ( 'NONE', #9280, .T. );
#12074=CARTESIAN_POINT ( 'NONE',  ( -8.549999999999945600, 0.8000000000000000400, 0.2699999999999968000 ) );
#12075=EDGE_CURVE ( 'NONE', #504, #7110, #1852, .T. );
#12076=ORIENTED_EDGE ( 'NONE', *, *, #1702, .T. );
#12077=EDGE_CURVE ( 'NONE', #6646, #9438, #7855, .T. );
#12078=CYLINDRICAL_SURFACE ( 'NONE', #3782, 0.2750000000000000800 );
#12079=LINE ( 'NONE', #2458, #184 );
#12080=EDGE_CURVE ( 'NONE', #7392, #4052, #13049, .T. );
#12081=FACE_OUTER_BOUND ( 'NONE', #4092, .T. );
#12082=ORIENTED_EDGE ( 'NONE', *, *, #13696, .F. );
#12083=CARTESIAN_POINT ( 'NONE',  ( -8.999999999999959100, 0.0000000000000000000, 6.169999999999991000 ) );
#12084=ORIENTED_EDGE ( 'NONE', *, *, #6821, .F. );
#12085=EDGE_CURVE ( 'NONE', #7082, #7733, #10407, .T. );
#12086=ADVANCED_FACE ( 'NONE', ( #4150 ), #685, .T. );
#12087=PRESENTATION_LAYER_ASSIGNMENT (  '', '', ( #535 ) );
#12088=ADVANCED_FACE ( 'NONE', ( #13628 ), #2155, .F. );
#12089=ORIENTED_EDGE ( 'NONE', *, *, #1889, .F. );
#12090=PLANE ( 'NONE',  #6857 );
#12091=VERTEX_POINT ( 'NONE', #14044 );
#12092=CARTESIAN_POINT ( 'NONE',  ( -8.999999999999944900, 0.0000000000000000000, 0.09499999999999320100 ) );
#12093=EDGE_LOOP ( 'NONE', ( #5125, #1448, #388, #3675 ) );
#12094=CARTESIAN_POINT ( 'NONE',  ( 8.550000000000023800, -1.006230589874914900, 0.0000000000000000000 ) );
#12095=FACE_OUTER_BOUND ( 'NONE', #12226, .T. );
#12096=ORIENTED_EDGE ( 'NONE', *, *, #6358, .F. );
#12097=EDGE_LOOP ( 'NONE', ( #3236, #13197, #13358, #7630 ) );
#12098=ORIENTED_EDGE ( 'NONE', *, *, #610, .T. );
#12099=VERTEX_POINT ( 'NONE', #9008 );
#12100=LINE ( 'NONE', #10396, #36 );
#12101=EDGE_CURVE ( 'NONE', #4465, #10692, #3160, .T. );
#12102=ORIENTED_EDGE ( 'NONE', *, *, #4633, .T. );
#12103=ADVANCED_FACE ( 'NONE', ( #14216 ), #13, .T. );
#12104=LINE ( 'NONE', #2561, #209 );
#12105=FACE_OUTER_BOUND ( 'NONE', #11138, .T. );
#12106=VERTEX_POINT ( 'NONE', #8073 );
#12107=VERTEX_POINT ( 'NONE', #2261 );
#12108=VERTEX_POINT ( 'NONE', #8020 );
#12109=CARTESIAN_POINT ( 'NONE',  ( 9.000000000000158100, 0.0000000000000000000, 9.529999999999995800 ) );
#12110=ORIENTED_EDGE ( 'NONE', *, *, #13050, .F. );
#12111=VERTEX_POINT ( 'NONE', #842 );
#12112=LINE ( 'NONE', #807, #36 );
#12113=EDGE_LOOP ( 'NONE', ( #7510, #4196, #1108, #6330 ) );
#12114=FACE_OUTER_BOUND ( 'NONE', #6375, .T. );
#12115=ORIENTED_EDGE ( 'NONE', *, *, #12282, .F. );
#12116=LINE ( 'NONE', #2653, #209 );
#12117=CIRCLE ( 'NONE', #12488, 0.2749999999999996300 );
#12118=ORIENTED_EDGE ( 'NONE', *, *, #11475, .F. );
#12119=ORIENTED_EDGE ( 'NONE', *, *, #9657, .T. );
#12120=EDGE_CURVE ( 'NONE', #8038, #13789, #683, .T. );
#12121=ADVANCED_FACE ( 'NONE', ( #242 ), #12269, .F. );
#12122=ORIENTED_EDGE ( 'NONE', *, *, #6958, .T. );
#12123=ORIENTED_EDGE ( 'NONE', *, *, #7956, .T. );
#12124=ORIENTED_EDGE ( 'NONE', *, *, #10181, .T. );
#12125=FACE_BOUND ( 'NONE', #14088, .T. );
#12126=STYLED_ITEM ( 'NONE', ( #77 ), #1904 );
#12127=ORIENTED_EDGE ( 'NONE', *, *, #10391, .F. );
#12128=EDGE_LOOP ( 'NONE', ( #2903, #13028, #12656, #2303 ) );
#12129=ORIENTED_EDGE ( 'NONE', *, *, #8015, .F. );
#12130=ORIENTED_EDGE ( 'NONE', *, *, #11099, .T. );
#12131=VECTOR ( 'NONE', #1791, 1000.000000000000000 );
#12132=CARTESIAN_POINT ( 'NONE',  ( -3.449999999999999300, 0.8000000000000000400, 12.74999999999999800 ) );
#12133=EDGE_LOOP ( 'NONE', ( #87, #6221, #5407, #12976 ) );
#12134=EDGE_LOOP ( 'NONE', ( #13881, #2459, #8061, #4935 ) );
#12135=CARTESIAN_POINT ( 'NONE',  ( 8.550000000000171200, -1.006230589874914900, 0.0000000000000000000 ) );
#12136=ORIENTED_EDGE ( 'NONE', *, *, #658, .T. );
#12137=EDGE_CURVE ( 'NONE', #5197, #11468, #10094, .T. );
#12138=EDGE_CURVE ( 'NONE', #3557, #6855, #1494, .T. );
#12139=ORIENTED_EDGE ( 'NONE', *, *, #7615, .F. );
#12140=FACE_OUTER_BOUND ( 'NONE', #4829, .T. );
#12141=ORIENTED_EDGE ( 'NONE', *, *, #2835, .F. );
#12142=LINE ( 'NONE', #5680, #209 );
#12143=VERTEX_POINT ( 'NONE', #701 );
#12144=ORIENTED_EDGE ( 'NONE', *, *, #5755, .F. );
#12145=ORIENTED_EDGE ( 'NONE', *, *, #12062, .T. );
#12146=CARTESIAN_POINT ( 'NONE',  ( -8.549999999999824900, -1.006230589874914900, 10.79999999999998800 ) );
#12147=EDGE_LOOP ( 'NONE', ( #3815, #13979, #8564, #12387 ) );
#12148=ORIENTED_EDGE ( 'NONE', *, *, #12962, .T. );
#12149=CARTESIAN_POINT ( 'NONE',  ( -9.000000000000000000, 0.0000000000000000000, 0.0000000000000000000 ) );
#12150=ORIENTED_EDGE ( 'NONE', *, *, #6484, .F. );
#12151=ADVANCED_FACE ( 'NONE', ( #5418 ), #11376, .F. );
#12152=FACE_OUTER_BOUND ( 'NONE', #12368, .T. );
#12153=EDGE_LOOP ( 'NONE', ( #937, #9210, #10076, #12708, #12238, #2823 ) );
#12154=VERTEX_POINT ( 'NONE', #1042 );
#12155=ADVANCED_FACE ( 'NONE', ( #13193 ), #2330, .F. );
#12156=ORIENTED_EDGE ( 'NONE', *, *, #13247, .T. );
#12157=EDGE_CURVE ( 'NONE', #5520, #3738, #11058, .T. );
#12158=EDGE_CURVE ( 'NONE', #5881, #14486, #4131, .T. );
#12159=PRODUCT ( 'ESP32-S3-WROOM-1-N8R2', 'ESP32-S3-WROOM-1-N8R2', '', ( #3145 ) );
#12160=EDGE_CURVE ( 'NONE', #5845, #13317, #7570, .T. );
#12161=CIRCLE ( 'NONE', #14316, 0.2749999999999991900 );
#12162=LINE ( 'NONE', #3932, #10 );
#12163=PLANE ( 'NONE',  #13984 );
#12164=CLOSED_SHELL ( 'NONE', ( #5753, #10675, #10550, #9308, #4858, #1990, #3892, #7502, #14087, #13691 ) );
#12165=PRESENTATION_LAYER_ASSIGNMENT (  '', '', ( #11507 ) );
#12166=ORIENTED_EDGE ( 'NONE', *, *, #3613, .F. );
#12167=ORIENTED_EDGE ( 'NONE', *, *, #4604, .T. );
#12168=ORIENTED_EDGE ( 'NONE', *, *, #10372, .F. );
#12169=ORIENTED_EDGE ( 'NONE', *, *, #1460, .T. );
#12170=FACE_OUTER_BOUND ( 'NONE', #14195, .T. );
#12171=ADVANCED_FACE ( 'NONE', ( #7233 ), #959, .F. );
#12172=VERTEX_POINT ( 'NONE', #718 );
#12173=CIRCLE ( 'NONE', #8137, 0.2749999999999991900 );
#12174=EDGE_CURVE ( 'NONE', #6458, #11791, #4901, .T. );
#12175=ORIENTED_EDGE ( 'NONE', *, *, #11797, .T. );
#12176=FACE_OUTER_BOUND ( 'NONE', #1349, .T. );
#12177=FACE_OUTER_BOUND ( 'NONE', #11508, .T. );
#12178=FACE_OUTER_BOUND ( 'NONE', #12677, .T. );
#12179=ORIENTED_EDGE ( 'NONE', *, *, #12220, .T. );
#12180=EDGE_CURVE ( 'NONE', #9252, #3916, #9609, .T. );
#12181=ORIENTED_EDGE ( 'NONE', *, *, #5157, .F. );
#12182=LINE ( 'NONE', #5018, #36 );
#12183=ADVANCED_FACE ( 'NONE', ( #10247 ), #14276, .F. );
#12184=ORIENTED_EDGE ( 'NONE', *, *, #9777, .T. );
#12185=CYLINDRICAL_SURFACE ( 'NONE', #11673, 0.2749999999999996300 );
#12186=LINE ( 'NONE', #11811, #36 );
#12187=VERTEX_POINT ( 'NONE', #10460 );
#12188=ORIENTED_EDGE ( 'NONE', *, *, #12996, .T. );
#12189=PLANE ( 'NONE',  #1956 );
#12190=EDGE_CURVE ( 'NONE', #7919, #7494, #12447, .T. );
#12191=EDGE_CURVE ( 'NONE', #13955, #5514, #7419, .T. );
#12192=AXIS2_PLACEMENT_3D ( 'NONE', #236, #15, #575 );
#12193=VERTEX_POINT ( 'NONE', #4354 );
#12194=MECHANICAL_DESIGN_GEOMETRIC_PRESENTATION_REPRESENTATION (  '', ( #10170 ), #12839 );
#12195=LINE ( 'NONE', #1901, #4 );
#12196=VERTEX_POINT ( 'NONE', #5213 );
#12197=LINE ( 'NONE', #1985, #1276 );
#12198=LINE ( 'NONE', #8949, #36 );
#12199=EDGE_LOOP ( 'NONE', ( #1211, #288, #2927, #1863, #8677, #6353 ) );
#12200=DIRECTION ( 'NONE',  ( 0.0000000000000000000, -4.097771990496382400E-013, -1.000000000000000000 ) );
#12201=ORIENTED_EDGE ( 'NONE', *, *, #11023, .F. );
#12202=EDGE_CURVE ( 'NONE', #2638, #5453, #521, .T. );
#12203=EDGE_CURVE ( 'NONE', #10365, #7180, #1106, .T. );
#12204=AXIS2_PLACEMENT_3D ( 'NONE', #418, #95, #31 );
#12205=ORIENTED_EDGE ( 'NONE', *, *, #11574, .F. );
#12206=ADVANCED_FACE ( 'NONE', ( #12291 ), #233, .T. );
#12207=EDGE_CURVE ( 'NONE', #6896, #12990, #1494, .T. );
#12208=ORIENTED_EDGE ( 'NONE', *, *, #12980, .F. );
#12209=ORIENTED_EDGE ( 'NONE', *, *, #4788, .F. );
#12210=CARTESIAN_POINT ( 'NONE',  ( 8.550000000000093100, 0.0000000000000000000, 4.079999999999996500 ) );
#12211=ADVANCED_FACE ( 'NONE', ( #9763 ), #7448, .F. );
#12212=LINE ( 'NONE', #4773, #36 );
#12213=ORIENTED_EDGE ( 'NONE', *, *, #4610, .T. );
#12214=CIRCLE ( 'NONE', #11764, 0.2749999999999991900 );
#12215=EDGE_LOOP ( 'NONE', ( #1931, #11737, #1427, #5003 ) );
#12216=ORIENTED_EDGE ( 'NONE', *, *, #6264, .T. );
#12217=ORIENTED_EDGE ( 'NONE', *, *, #121, .T. );
#12218=FACE_OUTER_BOUND ( 'NONE', #11159, .T. );
#12219=ORIENTED_EDGE ( 'NONE', *, *, #4133, .F. );
#12220=EDGE_CURVE ( 'NONE', #5712, #1908, #5960, .T. );
#12221=CARTESIAN_POINT ( 'NONE',  ( -8.999999999999905900, -1.006230589874914900, 3.904999999999990500 ) );
#12222=LINE ( 'NONE', #14204, #36 );
#12223=ORIENTED_EDGE ( 'NONE', *, *, #10288, .F. );
#12224=EDGE_CURVE ( 'NONE', #1695, #4040, #11043, .T. );
#12225=ADVANCED_FACE ( 'NONE', ( #3546 ), #49, .F. );
#12226=EDGE_LOOP ( 'NONE', ( #1356, #9886, #1471, #5611, #8770, #6800 ) );
#12227=EDGE_CURVE ( 'NONE', #5197, #12842, #3729, .T. );
#12228=CARTESIAN_POINT ( 'NONE',  ( 8.550000000000038000, 0.8000000000000000400, -1.000000000000003600 ) );
#12229=CARTESIAN_POINT ( 'NONE',  ( 0.0000000000000000000, -1.006230589874914900, 5.349999999999997000 ) );
#12230=PLANE ( 'NONE',  #5100 );
#12231=LINE ( 'NONE', #8169, #10 );
#12232=AXIS2_PLACEMENT_3D ( 'NONE', #1684, #575, #19 );
#12233=CARTESIAN_POINT ( 'NONE',  ( -8.549999999999972300, 0.0000000000000000000, -2.270000000000003600 ) );
#12234=ORIENTED_EDGE ( 'NONE', *, *, #12858, .F. );
#12235=ORIENTED_EDGE ( 'NONE', *, *, #7589, .T. );
#12236=ORIENTED_EDGE ( 'NONE', *, *, #876, .T. );
#12237=ORIENTED_EDGE ( 'NONE', *, *, #9203, .F. );
#12238=ORIENTED_EDGE ( 'NONE', *, *, #13513, .T. );
#12239=ORIENTED_EDGE ( 'NONE', *, *, #6069, .F. );
#12240=ADVANCED_FACE ( 'NONE', ( #10716 ), #49, .F. );
#12241=LINE ( 'NONE', #10607, #209 );
#12242=EDGE_CURVE ( 'NONE', #8920, #3023, #6696, .T. );
#12243=CARTESIAN_POINT ( 'NONE',  ( 8.550000000000158800, 0.04999999999999991300, 10.42999999999999400 ) );
#12244=LINE ( 'NONE', #8025, #205 );
#12245=EDGE_CURVE ( 'NONE', #2684, #8476, #12603, .T. );
#12246=ORIENTED_EDGE ( 'NONE', *, *, #13145, .T. );
#12247=EDGE_CURVE ( 'NONE', #1768, #3287, #9433, .T. );
#12248=ORIENTED_EDGE ( 'NONE', *, *, #975, .F. );
#12249=LINE ( 'NONE', #4601, #184 );
#12250=LINE ( 'NONE', #8058, #4 );
#12251=EDGE_CURVE ( 'NONE', #10551, #5147, #14208, .T. );
#12252=ORIENTED_EDGE ( 'NONE', *, *, #8542, .F. );
#12253=VERTEX_POINT ( 'NONE', #10811 );
#12254=PLANE ( 'NONE',  #12431 );
#12255=ORIENTED_EDGE ( 'NONE', *, *, #6026, .F. );
#12256=LINE ( 'NONE', #726, #36 );
#12257=LINE ( 'NONE', #7728, #205 );
#12258=ORIENTED_EDGE ( 'NONE', *, *, #11817, .T. );
#12259=ORIENTED_EDGE ( 'NONE', *, *, #1038, .F. );
#12260=VERTEX_POINT ( 'NONE', #82 );
#12261=EDGE_CURVE ( 'NONE', #864, #6273, #1494, .T. );
#12262=ORIENTED_EDGE ( 'NONE', *, *, #14275, .T. );
#12263=ORIENTED_EDGE ( 'NONE', *, *, #8807, .T. );
#12264=EDGE_CURVE ( 'NONE', #9775, #7725, #8152, .T. );
#12265=LINE ( 'NONE', #3724, #45 );
#12266=LINE ( 'NONE', #7137, #184 );
#12267=EDGE_LOOP ( 'NONE', ( #6662, #13713, #388, #6377 ) );
#12268=MECHANICAL_DESIGN_GEOMETRIC_PRESENTATION_REPRESENTATION (  '', ( #6130 ), #14168 );
#12269=PLANE ( 'NONE',  #11648 );
#12270=AXIS2_PLACEMENT_3D ( 'NONE', #977, #4387, #5928 );
#12271=FACE_OUTER_BOUND ( 'NONE', #9138, .T. );
#12272=FACE_OUTER_BOUND ( 'NONE', #13850, .T. );
#12273=ADVANCED_FACE ( 'NONE', ( #8276 ), #9836, .T. );
#12274=ADVANCED_FACE ( 'NONE', ( #13913 ), #155, .T. );
#12275=CARTESIAN_POINT ( 'NONE',  ( 9.000000000000000000, 0.8000000000000000400, -5.535000000000004600 ) );
#12276=ORIENTED_EDGE ( 'NONE', *, *, #10523, .F. );
#12277=ORIENTED_EDGE ( 'NONE', *, *, #8567, .F. );
#12278=LINE ( 'NONE', #12933, #36 );
#12279=PLANE ( 'NONE',  #13372 );
#12280=EDGE_CURVE ( 'NONE', #4718, #4438, #4508, .T. );
#12281=ORIENTED_EDGE ( 'NONE', *, *, #3480, .T. );
#12282=EDGE_CURVE ( 'NONE', #1451, #3128, #509, .T. );
#12283=LINE ( 'NONE', #806, #2258 );
#12284=LINE ( 'NONE', #1344, #184 );
#12285=ORIENTED_EDGE ( 'NONE', *, *, #9272, .F. );
#12286=EDGE_CURVE ( 'NONE', #6868, #10452, #2363, .T. );
#12287=AXIS2_PLACEMENT_3D ( 'NONE', #6600, #15, #575 );
#12288=EDGE_LOOP ( 'NONE', ( #10362, #9098, #13583, #2156 ) );
#12289=ADVANCED_FACE ( 'NONE', ( #4874 ), #49, .T. );
#12290=EDGE_LOOP ( 'NONE', ( #5920, #11370, #6460, #1668, #9353, #3149 ) );
#12291=FACE_OUTER_BOUND ( 'NONE', #14041, .T. );
#12292=EDGE_LOOP ( 'NONE', ( #3265, #11611, #14307, #14436, #2665, #5725 ) );
#12293=LINE ( 'NONE', #440, #209 );
#12294=PLANE ( 'NONE',  #5104 );
#12295=ORIENTED_EDGE ( 'NONE', *, *, #10728, .T. );
#12296=LINE ( 'NONE', #4580, #493 );
#12297=EDGE_LOOP ( 'NONE', ( #8824, #12469, #12353, #5302, #2920, #9733 ) );
#12298=EDGE_CURVE ( 'NONE', #1172, #12329, #12901, .T. );
#12299=ORIENTED_EDGE ( 'NONE', *, *, #7813, .F. );
#12300=PLANE ( 'NONE',  #10682 );
#12301=LINE ( 'NONE', #7856, #184 );
#12302=ORIENTED_EDGE ( 'NONE', *, *, #3382, .T. );
#12303=EDGE_CURVE ( 'NONE', #899, #11072, #5582, .T. );
#12304=STYLED_ITEM ( 'NONE', ( #4021 ), #8109 );
#12305=ORIENTED_EDGE ( 'NONE', *, *, #5621, .T. );
#12306=LINE ( 'NONE', #1424, #36 );
#12307=EDGE_CURVE ( 'NONE', #3960, #3128, #7931, .T. );
#12308=VERTEX_POINT ( 'NONE', #7675 );
#12309=ADVANCED_FACE ( 'NONE', ( #6508, #8261 ), #7636, .F. );
#12310=VERTEX_POINT ( 'NONE', #12719 );
#12311=ORIENTED_EDGE ( 'NONE', *, *, #6534, .F. );
#12312=ORIENTED_EDGE ( 'NONE', *, *, #5527, .F. );
#12313=DIRECTION ( 'NONE',  ( -3.217123537266077900E-013, 0.0000000000000000000, -1.000000000000000000 ) );
#12314=CARTESIAN_POINT ( 'NONE',  ( -8.999999999999973400, 0.8000000000000000400, -3.170000000000006100 ) );
#12315=LINE ( 'NONE', #9551, #184 );
#12316=PLANE ( 'NONE',  #4980 );
#12317=ORIENTED_EDGE ( 'NONE', *, *, #2354, .F. );
#12318=MANIFOLD_SOLID_BREP ( 'Boss-Extrude5[32]', #3547 );
#12319=FACE_OUTER_BOUND ( 'NONE', #2264, .T. );
#12320=EDGE_CURVE ( 'NONE', #3960, #9895, #5, .T. );
#12321=EDGE_CURVE ( 'NONE', #7210, #6216, #12278, .T. );
#12322=DIRECTION ( 'NONE',  ( -6.308085367188397700E-014, 0.0000000000000000000, -1.000000000000000000 ) );
#12323=CIRCLE ( 'NONE', #6775, 0.2749999999999991900 );
#12324=CARTESIAN_POINT ( 'NONE',  ( -8.999999999999934300, -1.006230589874914900, 0.8149999999999931700 ) );
#12325=ORIENTED_EDGE ( 'NONE', *, *, #14234, .T. );
#12326=CARTESIAN_POINT ( 'NONE',  ( 0.0000000000000000000, -1.006230589874914900, 1.539999999999997100 ) );
#12327=FACE_OUTER_BOUND ( 'NONE', #9518, .T. );
#12328=AXIS2_PLACEMENT_3D ( 'NONE', #13370, #21, #31 );
#12329=VERTEX_POINT ( 'NONE', #9882 );
#12330=CIRCLE ( 'NONE', #4200, 0.2507999999999998000 );
#12331=CARTESIAN_POINT ( 'NONE',  ( 4.895000000000002200, -1.006230589874914900, 0.0000000000000000000 ) );
#12332=ORIENTED_EDGE ( 'NONE', *, *, #1385, .T. );
#12333=ADVANCED_FACE ( 'NONE', ( #10234 ), #233, .T. );
#12334=ADVANCED_FACE ( 'NONE', ( #5942 ), #3193, .F. );
#12335=CARTESIAN_POINT ( 'NONE',  ( 2.900000000000001700, -1.006230589874914900, 12.74999999999999800 ) );
#12336=EDGE_CURVE ( 'NONE', #10821, #10683, #2343, .T. );
#12337=CARTESIAN_POINT ( 'NONE',  ( 0.0000000000000000000, 0.8000000000000000400, 1.909999999999995000 ) );
#12338=CARTESIAN_POINT ( 'NONE',  ( 0.1850000000000002800, 0.04999999999999991300, 12.29999999999999700 ) );
#12339=LINE ( 'NONE', #7385, #1276 );
#12340=AXIS2_PLACEMENT_3D ( 'NONE', #4763, #250, #31 );
#12341=LINE ( 'NONE', #11568, #327 );
#12342=EDGE_LOOP ( 'NONE', ( #13543, #10787, #7868, #9023 ) );
#12343=ORIENTED_EDGE ( 'NONE', *, *, #7214, .F. );
#12344=LINE ( 'NONE', #8, #110 );
#12345=EDGE_LOOP ( 'NONE', ( #12441, #1304, #6489, #3463 ) );
#12346=ORIENTED_EDGE ( 'NONE', *, *, #6639, .F. );
#12347=FACE_OUTER_BOUND ( 'NONE', #4878, .T. );
#12348=VERTEX_POINT ( 'NONE', #1858 );
#12349=ORIENTED_EDGE ( 'NONE', *, *, #6075, .T. );
#12350=ADVANCED_FACE ( 'NONE', ( #11199 ), #3138, .T. );
#12351=ORIENTED_EDGE ( 'NONE', *, *, #12224, .T. );
#12352=EDGE_CURVE ( 'NONE', #14065, #13346, #8087, .T. );
#12353=ORIENTED_EDGE ( 'NONE', *, *, #12701, .F. );
#12354=ORIENTED_EDGE ( 'NONE', *, *, #50, .T. );
#12355=EDGE_CURVE ( 'NONE', #626, #709, #2566, .T. );
#12356=ORIENTED_EDGE ( 'NONE', *, *, #8597, .T. );
#12357=ORIENTED_EDGE ( 'NONE', *, *, #11495, .F. );
#12358=ORIENTED_EDGE ( 'NONE', *, *, #7954, .T. );
#12359=CARTESIAN_POINT ( 'NONE',  ( 0.0000000000000000000, 0.0000000000000000000, -0.6300000000000046700 ) );
#12360=ORIENTED_EDGE ( 'NONE', *, *, #7779, .F. );
#12361=LINE ( 'NONE', #261, #209 );
#12362=CARTESIAN_POINT ( 'NONE',  ( 9.000000000000079900, 0.8000000000000000400, 2.084999999999810300 ) );
#12363=ADVANCED_FACE ( 'NONE', ( #8909 ), #49, .F. );
#12364=ORIENTED_EDGE ( 'NONE', *, *, #8535, .T. );
#12365=EDGE_LOOP ( 'NONE', ( #7341, #6811, #6462, #8469, #13057, #1444 ) );
#12366=ORIENTED_EDGE ( 'NONE', *, *, #7564, .F. );
#12367=ORIENTED_EDGE ( 'NONE', *, *, #10024, .T. );
#12368=EDGE_LOOP ( 'NONE', ( #12786, #11954, #11565, #10138, #3801, #7613 ) );
#12369=VERTEX_POINT ( 'NONE', #7926 );
#12370=EDGE_CURVE ( 'NONE', #1828, #3048, #5766, .T. );
#12371=EDGE_CURVE ( 'NONE', #10147, #5662, #3124, .T. );
#12372=AXIS2_PLACEMENT_3D ( 'NONE', #378, #135, #15 );
#12373=LINE ( 'NONE', #8029, #577 );
#12374=LINE ( 'NONE', #4826, #209 );
#12375=EDGE_CURVE ( 'NONE', #4725, #13920, #1318, .T. );
#12376=AXIS2_PLACEMENT_3D ( 'NONE', #10747, #214, #15 );
#12377=ORIENTED_EDGE ( 'NONE', *, *, #3693, .F. );
#12378=PLANE ( 'NONE',  #13936 );
#12379=PRODUCT_DEFINITION_SHAPE ( 'NONE', 'NONE',  #7495 );
#12380=ORIENTED_EDGE ( 'NONE', *, *, #2093, .T. );
#12381=LINE ( 'NONE', #111, #36 );
#12382=CARTESIAN_POINT ( 'NONE',  ( -8.999999999999998200, 0.0000000000000000000, -4.265000000000005000 ) );
#12383=LINE ( 'NONE', #4603, #209 );
#12384=EDGE_LOOP ( 'NONE', ( #314, #5020, #3059, #1826 ) );
#12385=FACE_OUTER_BOUND ( 'NONE', #4210, .T. );
#12386=ORIENTED_EDGE ( 'NONE', *, *, #13102, .T. );
#12387=ORIENTED_EDGE ( 'NONE', *, *, #8051, .T. );
#12388=EDGE_LOOP ( 'NONE', ( #10968, #11614, #8598, #11150, #13619, #11826 ) );
#12389=ORIENTED_EDGE ( 'NONE', *, *, #3161, .F. );
#12390=EDGE_CURVE ( 'NONE', #2638, #3007, #13900, .T. );
#12391=ORIENTED_EDGE ( 'NONE', *, *, #5811, .F. );
#12392=CARTESIAN_POINT ( 'NONE',  ( 9.000000000000133200, 0.8000000000000000400, -0.0000000000000000000 ) );
#12393=( GEOMETRIC_REPRESENTATION_CONTEXT ( 3 ) GLOBAL_UNCERTAINTY_ASSIGNED_CONTEXT ( ( #178 ) ) GLOBAL_UNIT_ASSIGNED_CONTEXT ( ( #7, #195, #16 ) ) REPRESENTATION_CONTEXT ( 'NONE', 'WORKASPACE' ) );
#12394=LINE ( 'NONE', #1725, #10 );
#12395=ORIENTED_EDGE ( 'NONE', *, *, #6684, .F. );
#12396=ORIENTED_EDGE ( 'NONE', *, *, #3761, .F. );
#12397=ORIENTED_EDGE ( 'NONE', *, *, #6258, .F. );
#12398=ORIENTED_EDGE ( 'NONE', *, *, #10676, .T. );
#12399=ADVANCED_FACE ( 'NONE', ( #7553 ), #11362, .T. );
#12400=ORIENTED_EDGE ( 'NONE', *, *, #12723, .T. );
#12401=ADVANCED_FACE ( 'NONE', ( #13465 ), #12294, .F. );
#12402=LINE ( 'NONE', #5742, #36 );
#12403=CIRCLE ( 'NONE', #3060, 0.2749999999999997400 );
#12404=EDGE_LOOP ( 'NONE', ( #2366, #8077, #5789, #7061 ) );
#12405=LINE ( 'NONE', #2757, #209 );
#12406=ORIENTED_EDGE ( 'NONE', *, *, #127, .F. );
#12407=LINE ( 'NONE', #14347, #36 );
#12408=ORIENTED_EDGE ( 'NONE', *, *, #1268, .T. );
#12409=CARTESIAN_POINT ( 'NONE',  ( 0.0000000000000000000, 0.0000000000000000000, 8.259999999999987400 ) );
#12410=EDGE_LOOP ( 'NONE', ( #9141, #6700, #13426, #11683 ) );
#12411=EDGE_CURVE ( 'NONE', #4644, #8483, #437, .T. );
#12412=EDGE_LOOP ( 'NONE', ( #6387, #12201, #5132, #7569 ) );
#12413=EDGE_LOOP ( 'NONE', ( #11035, #14462, #6675, #9485 ) );
#12414=ORIENTED_EDGE ( 'NONE', *, *, #3666, .T. );
#12415=ORIENTED_EDGE ( 'NONE', *, *, #12744, .T. );
#12416=EDGE_CURVE ( 'NONE', #4932, #5160, #8592, .T. );
#12417=EDGE_CURVE ( 'NONE', #246, #5147, #10382, .T. );
#12418=ORIENTED_EDGE ( 'NONE', *, *, #672, .T. );
#12419=ORIENTED_EDGE ( 'NONE', *, *, #13552, .F. );
#12420=AXIS2_PLACEMENT_3D ( 'NONE', #1589, #19, #135 );
#12421=ADVANCED_FACE ( 'NONE', ( #11367 ), #685, .T. );
#12422=CARTESIAN_POINT ( 'NONE',  ( -7.259999999999997100, -1.006230589874914900, 12.74999999999999800 ) );
#12423=ORIENTED_EDGE ( 'NONE', *, *, #10265, .F. );
#12424=LINE ( 'NONE', #156, #327 );
#12425=ORIENTED_EDGE ( 'NONE', *, *, #5547, .T. );
#12426=LINE ( 'NONE', #5266, #229 );
#12427=EDGE_CURVE ( 'NONE', #6396, #9517, #2406, .T. );
#12428=EDGE_LOOP ( 'NONE', ( #10824, #7651, #11847, #7812 ) );
#12429=PLANE ( 'NONE',  #9722 );
#12430=PLANE ( 'NONE',  #4818 );
#12431=AXIS2_PLACEMENT_3D ( 'NONE', #5859, #95, #31 );
#12432=ORIENTED_EDGE ( 'NONE', *, *, #9366, .F. );
#12433=CARTESIAN_POINT ( 'NONE',  ( -8.999999999999865000, -1.006230589874914900, 7.889999999999997900 ) );
#12434=CARTESIAN_POINT ( 'NONE',  ( 5.715000000000001600, 0.8000000000000000400, 12.74999999999999800 ) );
#12435=ORIENTED_EDGE ( 'NONE', *, *, #9304, .T. );
#12436=ORIENTED_EDGE ( 'NONE', *, *, #8434, .T. );
#12437=EDGE_CURVE ( 'NONE', #9545, #6855, #10702, .T. );
#12438=ADVANCED_FACE ( 'NONE', ( #9594 ), #233, .T. );
#12439=VERTEX_POINT ( 'NONE', #4485 );
#12440=LINE ( 'NONE', #956, #36 );
#12441=ORIENTED_EDGE ( 'NONE', *, *, #9017, .F. );
#12442=EDGE_CURVE ( 'NONE', #3805, #13206, #9218, .T. );
#12443=CARTESIAN_POINT ( 'NONE',  ( 0.0000000000000000000, -1.006230589874914900, -0.6300000000000046700 ) );
#12444=EDGE_CURVE ( 'NONE', #9828, #1459, #11510, .T. );
#12445=ORIENTED_EDGE ( 'NONE', *, *, #10369, .T. );
#12446=ORIENTED_EDGE ( 'NONE', *, *, #3156, .T. );
#12447=CIRCLE ( 'NONE', #1442, 0.2749999999999991900 );
#12448=AXIS2_PLACEMENT_3D ( 'NONE', #10103, #19, #135 );
#12449=ORIENTED_EDGE ( 'NONE', *, *, #12463, .T. );
#12450=FACE_OUTER_BOUND ( 'NONE', #4539, .T. );
#12451=ORIENTED_EDGE ( 'NONE', *, *, #3258, .F. );
#12452=EDGE_LOOP ( 'NONE', ( #5816, #3040, #4467, #2712 ) );
#12453=ORIENTED_EDGE ( 'NONE', *, *, #14248, .T. );
#12454=FACE_OUTER_BOUND ( 'NONE', #13422, .T. );
#12455=ORIENTED_EDGE ( 'NONE', *, *, #10290, .F. );
#12456=AXIS2_PLACEMENT_3D ( 'NONE', #1901, #95, #31 );
#12457=EDGE_CURVE ( 'NONE', #9087, #13134, #6682, .T. );
#12458=ORIENTED_EDGE ( 'NONE', *, *, #5074, .F. );
#12459=ORIENTED_EDGE ( 'NONE', *, *, #12261, .F. );
#12460=EDGE_CURVE ( 'NONE', #3713, #14065, #1096, .T. );
#12461=ORIENTED_EDGE ( 'NONE', *, *, #7873, .F. );
#12462=ORIENTED_EDGE ( 'NONE', *, *, #7794, .T. );
#12463=EDGE_CURVE ( 'NONE', #9690, #11353, #13749, .T. );
#12464=MECHANICAL_DESIGN_GEOMETRIC_PRESENTATION_REPRESENTATION (  '', ( #7597 ), #10945 );
#12465=EDGE_LOOP ( 'NONE', ( #11409, #5724, #10819, #12343, #1294, #12736 ) );
#12466=FACE_OUTER_BOUND ( 'NONE', #4862, .T. );
#12467=AXIS2_PLACEMENT_3D ( 'NONE', #5362, #19, #135 );
#12468=ORIENTED_EDGE ( 'NONE', *, *, #11591, .F. );
#12469=ORIENTED_EDGE ( 'NONE', *, *, #9530, .F. );
#12470=LINE ( 'NONE', #1384, #577 );
#12471=ADVANCED_FACE ( 'NONE', ( #8735 ), #6845, .T. );
#12472=MANIFOLD_SOLID_BREP ( 'Module', #13026 );
#12473=ADVANCED_FACE ( 'NONE', ( #1297 ), #49, .F. );
#12474=FACE_OUTER_BOUND ( 'NONE', #6291, .T. );
#12475=ORIENTED_EDGE ( 'NONE', *, *, #10309, .T. );
#12476=LINE ( 'NONE', #9413, #36 );
#12477=ORIENTED_EDGE ( 'NONE', *, *, #10661, .F. );
#12478=ORIENTED_EDGE ( 'NONE', *, *, #9387, .T. );
#12479=LINE ( 'NONE', #8, #4 );
#12480=ORIENTED_EDGE ( 'NONE', *, *, #12487, .F. );
#12481=LINE ( 'NONE', #2284, #229 );
#12482=ORIENTED_EDGE ( 'NONE', *, *, #14057, .T. );
#12483=EDGE_CURVE ( 'NONE', #10399, #13210, #7267, .T. );
#12484=FACE_OUTER_BOUND ( 'NONE', #8565, .T. );
#12485=EDGE_CURVE ( 'NONE', #4040, #11478, #9089, .T. );
#12486=ORIENTED_EDGE ( 'NONE', *, *, #11771, .T. );
#12487=EDGE_CURVE ( 'NONE', #5574, #6273, #6127, .T. );
#12488=AXIS2_PLACEMENT_3D ( 'NONE', #13653, #21, #31 );
#12489=ORIENTED_EDGE ( 'NONE', *, *, #6212, .F. );
#12490=FACE_OUTER_BOUND ( 'NONE', #13199, .T. );
#12491=LINE ( 'NONE', #1798, #4 );
#12492=LINE ( 'NONE', #2757, #229 );
#12493=ADVANCED_FACE ( 'NONE', ( #10536 ), #7339, .F. );
#12494=CARTESIAN_POINT ( 'NONE',  ( -8.549999999999919000, -1.006230589874914900, 1.909999999999991500 ) );
#12495=FACE_OUTER_BOUND ( 'NONE', #9535, .T. );
#12496=FACE_OUTER_BOUND ( 'NONE', #2186, .T. );
#12497=EDGE_CURVE ( 'NONE', #5917, #10048, #139, .T. );
#12498=EDGE_CURVE ( 'NONE', #3152, #8845, #12266, .T. );
#12499=LINE ( 'NONE', #660, #4 );
#12500=EDGE_CURVE ( 'NONE', #5881, #3738, #8421, .T. );
#12501=AXIS2_PLACEMENT_3D ( 'NONE', #10084, #95, #31 );
#12502=LINE ( 'NONE', #7072, #36 );
#12503=ADVANCED_FACE ( 'NONE', ( #6495 ), #233, .T. );
#12504=ORIENTED_EDGE ( 'NONE', *, *, #12286, .T. );
#12505=EDGE_CURVE ( 'NONE', #14392, #10683, #6312, .T. );
#12506=ORIENTED_EDGE ( 'NONE', *, *, #6771, .F. );
#12507=LINE ( 'NONE', #2122, #4 );
#12508=ORIENTED_EDGE ( 'NONE', *, *, #8690, .T. );
#12509=CARTESIAN_POINT ( 'NONE',  ( -8.999999999999973400, -1.006230589874914900, -2.995000000000005000 ) );
#12510=LINE ( 'NONE', #14328, #205 );
#12511=LINE ( 'NONE', #13493, #205 );
#12512=EDGE_LOOP ( 'NONE', ( #9682, #4323, #424, #4782 ) );
#12513=FACE_OUTER_BOUND ( 'NONE', #13611, .T. );
#12514=EDGE_LOOP ( 'NONE', ( #3820, #10645, #1932, #13452 ) );
#12515=PLANE ( 'NONE',  #11298 );
#12516=ORIENTED_EDGE ( 'NONE', *, *, #2196, .T. );
#12517=EDGE_CURVE ( 'NONE', #5228, #11743, #5386, .T. );
#12518=EDGE_CURVE ( 'NONE', #13699, #13941, #9207, .T. );
#12519=CARTESIAN_POINT ( 'NONE',  ( 8.550000000000169500, 0.05000000000000000300, 10.79999999999999500 ) );
#12520=PLANE ( 'NONE',  #1572 );
#12521=ORIENTED_EDGE ( 'NONE', *, *, #5296, .T. );
#12522=EDGE_LOOP ( 'NONE', ( #4043, #9590, #57, #3071, #9707, #5115 ) );
#12523=FACE_OUTER_BOUND ( 'NONE', #4563, .T. );
#12524=EDGE_CURVE ( 'NONE', #5250, #12599, #8069, .T. );
#12525=AXIS2_PLACEMENT_3D ( 'NONE', #13118, #250, #31 );
#12526=EDGE_LOOP ( 'NONE', ( #13479, #10822, #9765, #13230, #177, #1958 ) );
#12527=ORIENTED_EDGE ( 'NONE', *, *, #13865, .F. );
#12528=ORIENTED_EDGE ( 'NONE', *, *, #10023, .F. );
#12529=PLANE ( 'NONE',  #7623 );
#12530=EDGE_LOOP ( 'NONE', ( #12223, #8094, #9563, #8281 ) );
#12531=CARTESIAN_POINT ( 'NONE',  ( 9.000000000000158100, 0.8000000000000000400, 9.704999999999889900 ) );
#12532=ADVANCED_FACE ( 'NONE', ( #10219 ), #2580, .F. );
#12533=EDGE_CURVE ( 'NONE', #4718, #1451, #5028, .T. );
#12534=ADVANCED_FACE ( 'NONE', ( #2925 ), #13, .T. );
#12535=ORIENTED_EDGE ( 'NONE', *, *, #7447, .F. );
#12536=EDGE_CURVE ( 'NONE', #6367, #13471, #10855, .T. );
#12537=ORIENTED_EDGE ( 'NONE', *, *, #3715, .T. );
#12538=LINE ( 'NONE', #323, #36 );
#12539=AXIS2_PLACEMENT_3D ( 'NONE', #12229, #19, #135 );
#12540=ORIENTED_EDGE ( 'NONE', *, *, #5748, .T. );
#12541=ORIENTED_EDGE ( 'NONE', *, *, #6096, .F. );
#12542=ORIENTED_EDGE ( 'NONE', *, *, #6595, .F. );
#12543=CARTESIAN_POINT ( 'NONE',  ( 9.000000000000133200, -1.006230589874914900, 7.164999999999905000 ) );
#12544=LINE ( 'NONE', #10376, #184 );
#12545=LINE ( 'NONE', #13433, #36 );
#12546=ADVANCED_FACE ( 'NONE', ( #3319 ), #233, .T. );
#12547=ORIENTED_EDGE ( 'NONE', *, *, #13132, .F. );
#12548=EDGE_CURVE ( 'NONE', #1517, #7077, #3111, .T. );
#12549=PLANE ( 'NONE',  #2804 );
#12550=LINE ( 'NONE', #7892, #36 );
#12551=ORIENTED_EDGE ( 'NONE', *, *, #10045, .T. );
#12552=ORIENTED_EDGE ( 'NONE', *, *, #6923, .F. );
#12553=EDGE_CURVE ( 'NONE', #5803, #1354, #8899, .T. );
#12554=ORIENTED_EDGE ( 'NONE', *, *, #11374, .F. );
#12555=EDGE_LOOP ( 'NONE', ( #13841, #12364, #10877, #2477, #12425, #2124 ) );
#12556=EDGE_CURVE ( 'NONE', #231, #1399, #1920, .T. );
#12557=VERTEX_POINT ( 'NONE', #9650 );
#12558=LINE ( 'NONE', #11, #4 );
#12559=AXIS2_PLACEMENT_3D ( 'NONE', #8105, #95, #31 );
#12560=PLANE ( 'NONE',  #11149 );
#12561=EDGE_LOOP ( 'NONE', ( #4522, #12871, #13654, #3657 ) );
#12562=CARTESIAN_POINT ( 'NONE',  ( 9.000000000000016000, 0.0000000000000000000, -0.1800000000001279700 ) );
#12563=LINE ( 'NONE', #5307, #36 );
#12564=EDGE_LOOP ( 'NONE', ( #5389, #10545, #11834, #2393 ) );
#12565=ORIENTED_EDGE ( 'NONE', *, *, #14417, .F. );
#12566=ADVANCED_FACE ( 'NONE', ( #8247 ), #746, .F. );
#12567=VERTEX_POINT ( 'NONE', #128 );
#12568=ORIENTED_EDGE ( 'NONE', *, *, #11500, .F. );
#12569=EDGE_CURVE ( 'NONE', #3035, #354, #4851, .T. );
#12570=LINE ( 'NONE', #1960, #4 );
#12571=EDGE_LOOP ( 'NONE', ( #13876, #6539, #11987, #13750 ) );
#12572=EDGE_CURVE ( 'NONE', #10263, #7526, #1718, .T. );
#12573=EDGE_CURVE ( 'NONE', #5786, #10991, #8406, .T. );
#12574=FACE_OUTER_BOUND ( 'NONE', #14031, .T. );
#12575=FACE_OUTER_BOUND ( 'NONE', #9317, .T. );
#12576=ORIENTED_EDGE ( 'NONE', *, *, #6069, .T. );
#12577=AXIS2_PLACEMENT_3D ( 'NONE', #8, #95, #31 );
#12578=ORIENTED_EDGE ( 'NONE', *, *, #14455, .T. );
#12579=ORIENTED_EDGE ( 'NONE', *, *, #13677, .T. );
#12580=EDGE_LOOP ( 'NONE', ( #12445, #6357, #8916, #8070, #5388, #8558 ) );
#12581=ORIENTED_EDGE ( 'NONE', *, *, #13169, .T. );
#12582=ORIENTED_EDGE ( 'NONE', *, *, #7974, .T. );
#12583=ORIENTED_EDGE ( 'NONE', *, *, #4814, .F. );
#12584=CIRCLE ( 'NONE', #10986, 0.2749999999999991900 );
#12585=LINE ( 'NONE', #10806, #205 );
#12586=ORIENTED_EDGE ( 'NONE', *, *, #7548, .F. );
#12587=EDGE_CURVE ( 'NONE', #9531, #5671, #13310, .T. );
#12588=ORIENTED_EDGE ( 'NONE', *, *, #12831, .F. );
#12589=EDGE_CURVE ( 'NONE', #6367, #10399, #10207, .T. );
#12590=EDGE_LOOP ( 'NONE', ( #1741, #13810, #3039, #13084 ) );
#12591=LINE ( 'NONE', #1941, #205 );
#12592=MANIFOLD_SOLID_BREP ( 'Boss-Extrude5[11]', #5594 );
#12593=FACE_OUTER_BOUND ( 'NONE', #3445, .T. );
#12594=ADVANCED_FACE ( 'NONE', ( #10841 ), #5442, .F. );
#12595=ORIENTED_EDGE ( 'NONE', *, *, #12007, .T. );
#12596=PLANE ( 'NONE',  #4750 );
#12597=ADVANCED_FACE ( 'NONE', ( #9074 ), #6670, .F. );
#12598=LINE ( 'NONE', #7036, #229 );
#12599=VERTEX_POINT ( 'NONE', #1616 );
#12600=PLANE ( 'NONE',  #949 );
#12601=ORIENTED_EDGE ( 'NONE', *, *, #12280, .T. );
#12602=VERTEX_POINT ( 'NONE', #12829 );
#12603=LINE ( 'NONE', #9, #327 );
#12604=EDGE_CURVE ( 'NONE', #5250, #9262, #2513, .T. );
#12605=ORIENTED_EDGE ( 'NONE', *, *, #7235, .T. );
#12606=EDGE_CURVE ( 'NONE', #6593, #3287, #8057, .T. );
#12607=LINE ( 'NONE', #14040, #184 );
#12608=EDGE_LOOP ( 'NONE', ( #7762, #10696, #8645, #2099 ) );
#12609=ADVANCED_FACE ( 'NONE', ( #7200 ), #4329, .F. );
#12610=FACE_OUTER_BOUND ( 'NONE', #11709, .T. );
#12611=VERTEX_POINT ( 'NONE', #10884 );
#12612=ORIENTED_EDGE ( 'NONE', *, *, #6209, .F. );
#12613=ORIENTED_EDGE ( 'NONE', *, *, #13075, .F. );
#12614=CLOSED_SHELL ( 'NONE', ( #2436, #10830, #841, #13476, #1850, #9753, #6929, #14484, #10033, #10566, #4586, #2860, #7666, #12309, #11898, #12801, #4392, #12910, #12716, #14433, #7073, #11638, #7035, #1197, #4642, #12789, #12000, #1203, #8767, #9204, #13221, #14026 ) );
#12615=FACE_OUTER_BOUND ( 'NONE', #6017, .T. );
#12616=EDGE_LOOP ( 'NONE', ( #11594, #7977, #8784, #12459 ) );
#12617=EDGE_CURVE ( 'NONE', #7725, #4348, #8581, .T. );
#12618=PLANE ( 'NONE',  #11715 );
#12619=FACE_OUTER_BOUND ( 'NONE', #7879, .T. );
#12620=EDGE_CURVE ( 'NONE', #1053, #6216, #509, .T. );
#12621=CARTESIAN_POINT ( 'NONE',  ( 9.000000000000079900, -1.006230589874914900, 2.634999999999809700 ) );
#12622=ADVANCED_FACE ( 'NONE', ( #3704 ), #2957, .F. );
#12623=LINE ( 'NONE', #6605, #205 );
#12624=EDGE_CURVE ( 'NONE', #7486, #5317, #10520, .T. );
#12625=PRESENTATION_LAYER_ASSIGNMENT (  '', '', ( #13645 ) );
#12626=ORIENTED_EDGE ( 'NONE', *, *, #11251, .F. );
#12627=FACE_OUTER_BOUND ( 'NONE', #2361, .T. );
#12628=FACE_OUTER_BOUND ( 'NONE', #5718, .T. );
#12629=ORIENTED_EDGE ( 'NONE', *, *, #11930, .F. );
#12630=LINE ( 'NONE', #3342, #209 );
#12631=ORIENTED_EDGE ( 'NONE', *, *, #6212, .T. );
#12632=FACE_OUTER_BOUND ( 'NONE', #10785, .T. );
#12633=CARTESIAN_POINT ( 'NONE',  ( -8.999999999999944900, 0.8000000000000000400, -0.6300000000000073300 ) );
#12634=ORIENTED_EDGE ( 'NONE', *, *, #5937, .T. );
#12635=EDGE_CURVE ( 'NONE', #3588, #3497, #629, .T. );
#12636=CARTESIAN_POINT ( 'NONE',  ( -8.999999999999905900, 0.8000000000000000400, 3.904999999999990500 ) );
#12637=EDGE_CURVE ( 'NONE', #9252, #3152, #3302, .T. );
#12638=EDGE_CURVE ( 'NONE', #5233, #466, #5012, .T. );
#12639=AXIS2_PLACEMENT_3D ( 'NONE', #660, #7363, #3250 );
#12640=ORIENTED_EDGE ( 'NONE', *, *, #4552, .T. );
#12641=CARTESIAN_POINT ( 'NONE',  ( -8.999999999999968000, -1.006230589874914900, 3.629999999999991000 ) );
#12642=ORIENTED_EDGE ( 'NONE', *, *, #5176, .F. );
#12643=FACE_OUTER_BOUND ( 'NONE', #11469, .T. );
#12644=ADVANCED_FACE ( 'NONE', ( #11179 ), #7853, .T. );
#12645=LINE ( 'NONE', #9934, #327 );
#12646=ADVANCED_FACE ( 'NONE', ( #6480 ), #3344, .F. );
#12647=LINE ( 'NONE', #733, #209 );
#12648=ORIENTED_EDGE ( 'NONE', *, *, #5099, .F. );
#12649=EDGE_CURVE ( 'NONE', #3444, #6076, #6110, .T. );
#12650=ORIENTED_EDGE ( 'NONE', *, *, #9893, .T. );
#12651=EDGE_CURVE ( 'NONE', #7959, #2723, #11496, .T. );
#12652=EDGE_CURVE ( 'NONE', #4857, #8617, #732, .T. );
#12653=CIRCLE ( 'NONE', #526, 0.2750000000000000800 );
#12654=PLANE ( 'NONE',  #3877 );
#12655=ORIENTED_EDGE ( 'NONE', *, *, #12679, .F. );
#12656=ORIENTED_EDGE ( 'NONE', *, *, #2838, .F. );
#12657=ORIENTED_EDGE ( 'NONE', *, *, #1592, .T. );
#12658=ORIENTED_EDGE ( 'NONE', *, *, #7232, .T. );
#12659=ADVANCED_FACE ( 'NONE', ( #5553 ), #13975, .T. );
#12660=DIRECTION ( 'NONE',  ( 3.854941057726233200E-015, 0.0000000000000000000, -1.000000000000000000 ) );
#12661=ORIENTED_EDGE ( 'NONE', *, *, #9340, .F. );
#12662=EDGE_LOOP ( 'NONE', ( #6165, #4263, #13004, #5204 ) );
#12663=CARTESIAN_POINT ( 'NONE',  ( -3.174999999999998900, -1.006230589874914900, 12.74999999999999800 ) );
#12664=EDGE_CURVE ( 'NONE', #14145, #12108, #2306, .T. );
#12665=CARTESIAN_POINT ( 'NONE',  ( -8.999999999999905900, -1.006230589874914900, 3.179999999999989900 ) );
#12666=CIRCLE ( 'NONE', #11171, 0.2750000000000000800 );
#12667=FACE_OUTER_BOUND ( 'NONE', #13632, .T. );
#12668=EDGE_LOOP ( 'NONE', ( #808, #11685, #13988, #7151, #10729, #10129 ) );
#12669=FACE_OUTER_BOUND ( 'NONE', #13261, .T. );
#12670=ORIENTED_EDGE ( 'NONE', *, *, #12652, .T. );
#12671=ORIENTED_EDGE ( 'NONE', *, *, #5457, .T. );
#12672=VERTEX_POINT ( 'NONE', #3174 );
#12673=ADVANCED_FACE ( 'NONE', ( #3681 ), #11200, .F. );
#12674=VERTEX_POINT ( 'NONE', #8922 );
#12675=CARTESIAN_POINT ( 'NONE',  ( -8.999999999999973400, 0.8000000000000000400, -2.995000000000005000 ) );
#12676=FACE_OUTER_BOUND ( 'NONE', #6743, .T. );
#12677=EDGE_LOOP ( 'NONE', ( #1032, #1502, #2755, #3723 ) );
#12678=ORIENTED_EDGE ( 'NONE', *, *, #13674, .F. );
#12679=EDGE_CURVE ( 'NONE', #5694, #13969, #961, .T. );
#12680=ORIENTED_EDGE ( 'NONE', *, *, #6920, .F. );
#12681=LINE ( 'NONE', #11991, #205 );
#12682=EDGE_CURVE ( 'NONE', #1456, #8050, #3879, .T. );
#12683=AXIS2_PLACEMENT_3D ( 'NONE', #1710, #95, #31 );
#12684=AXIS2_PLACEMENT_3D ( 'NONE', #11306, #21, #31 );
#12685=ORIENTED_EDGE ( 'NONE', *, *, #11419, .F. );
#12686=FACE_OUTER_BOUND ( 'NONE', #13562, .T. );
#12687=LINE ( 'NONE', #5810, #36 );
#12688=LINE ( 'NONE', #3398, #4 );
#12689=ORIENTED_EDGE ( 'NONE', *, *, #3054, .F. );
#12690=VERTEX_POINT ( 'NONE', #2228 );
#12691=ORIENTED_EDGE ( 'NONE', *, *, #5482, .F. );
#12692=EDGE_LOOP ( 'NONE', ( #12751, #8114, #11676, #10277 ) );
#12693=VERTEX_POINT ( 'NONE', #12033 );
#12694=VERTEX_POINT ( 'NONE', #11337 );
#12695=ORIENTED_EDGE ( 'NONE', *, *, #11875, .F. );
#12696=EDGE_CURVE ( 'NONE', #5600, #6712, #961, .T. );
#12697=LINE ( 'NONE', #226, #36 );
#12698=ORIENTED_EDGE ( 'NONE', *, *, #2113, .F. );
#12699=FACE_OUTER_BOUND ( 'NONE', #10740, .T. );
#12700=ORIENTED_EDGE ( 'NONE', *, *, #14094, .T. );
#12701=EDGE_CURVE ( 'NONE', #7720, #263, #6296, .T. );
#12702=AXIS2_PLACEMENT_3D ( 'NONE', #7530, #65, #2 );
#12703=FACE_OUTER_BOUND ( 'NONE', #12571, .T. );
#12704=ADVANCED_FACE ( 'NONE', ( #13870 ), #2397, .T. );
#12705=ORIENTED_EDGE ( 'NONE', *, *, #10708, .F. );
#12706=AXIS2_PLACEMENT_3D ( 'NONE', #13895, #250, #31 );
#12707=ORIENTED_EDGE ( 'NONE', *, *, #14428, .T. );
#12708=ORIENTED_EDGE ( 'NONE', *, *, #8559, .T. );
#12709=ORIENTED_EDGE ( 'NONE', *, *, #4814, .T. );
#12710=ORIENTED_EDGE ( 'NONE', *, *, #11479, .F. );
#12711=FILL_AREA_STYLE ('',( #90 ) );
#12712=EDGE_LOOP ( 'NONE', ( #1362, #7686, #12582, #8612 ) );
#12713=ORIENTED_EDGE ( 'NONE', *, *, #3257, .T. );
#12714=VERTEX_POINT ( 'NONE', #2005 );
#12715=CARTESIAN_POINT ( 'NONE',  ( 9.000000000000092400, 0.8000000000000000400, 3.354999999999779700 ) );
#12716=ADVANCED_FACE ( 'NONE', ( #14177 ), #6653, .T. );
#12717=ORIENTED_EDGE ( 'NONE', *, *, #12286, .F. );
#12718=EDGE_CURVE ( 'NONE', #10984, #10222, #8879, .T. );
#12719=CARTESIAN_POINT ( 'NONE',  ( -8.549999999999958100, 0.8000000000000000400, -1.900000000000006800 ) );
#12720=ADVANCED_FACE ( 'NONE', ( #7186 ), #5946, .F. );
#12721=LINE ( 'NONE', #1320, #1767 );
#12722=VERTEX_POINT ( 'NONE', #13205 );
#12723=EDGE_CURVE ( 'NONE', #2660, #1992, #11332, .T. );
#12724=ORIENTED_EDGE ( 'NONE', *, *, #8317, .F. );
#12725=DIRECTION ( 'NONE',  ( 1.000000000000000000, -4.097771990496382400E-013, 0.0000000000000000000 ) );
#12726=CARTESIAN_POINT ( 'NONE',  ( 8.550000000000103700, 0.8000000000000000400, -0.0000000000000000000 ) );
#12727=LINE ( 'NONE', #1055, #209 );
#12728=ORIENTED_EDGE ( 'NONE', *, *, #3030, .F. );
#12729=AXIS2_PLACEMENT_3D ( 'NONE', #13522, #214, #15 );
#12730=EDGE_LOOP ( 'NONE', ( #734, #14474, #4221, #10366, #13771, #7497 ) );
#12731=FACE_OUTER_BOUND ( 'NONE', #4274, .T. );
#12732=FACE_OUTER_BOUND ( 'NONE', #1855, .T. );
#12733=EDGE_CURVE ( 'NONE', #3767, #12990, #10357, .T. );
#12734=VERTEX_POINT ( 'NONE', #2654 );
#12735=ORIENTED_EDGE ( 'NONE', *, *, #3941, .F. );
#12736=ORIENTED_EDGE ( 'NONE', *, *, #5676, .T. );
#12737=EDGE_LOOP ( 'NONE', ( #13759, #10216, #4538, #12480 ) );
#12738=ORIENTED_EDGE ( 'NONE', *, *, #7236, .T. );
#12739=ADVANCED_FACE ( 'NONE', ( #3093 ), #49, .F. );
#12740=ORIENTED_EDGE ( 'NONE', *, *, #9849, .T. );
#12741=PLANE ( 'NONE',  #394 );
#12742=CARTESIAN_POINT ( 'NONE',  ( 8.550000000000118000, 0.0000000000000000000, 6.619999999999997400 ) );
#12743=EDGE_LOOP ( 'NONE', ( #6933, #10730, #5398, #7928 ) );
#12744=EDGE_CURVE ( 'NONE', #13423, #1250, #3201, .T. );
#12745=VERTEX_POINT ( 'NONE', #936 );
#12746=ORIENTED_EDGE ( 'NONE', *, *, #6284, .F. );
#12747=EDGE_CURVE ( 'NONE', #7776, #2935, #2497, .T. );
#12748=LINE ( 'NONE', #1777, #4 );
#12749=VERTEX_POINT ( 'NONE', #5538 );
#12750=EDGE_LOOP ( 'NONE', ( #11011, #3823, #13573, #13623 ) );
#12751=ORIENTED_EDGE ( 'NONE', *, *, #13497, .F. );
#12752=ORIENTED_EDGE ( 'NONE', *, *, #8416, .T. );
#12753=ORIENTED_EDGE ( 'NONE', *, *, #549, .T. );
#12754=ORIENTED_EDGE ( 'NONE', *, *, #1869, .T. );
#12755=ORIENTED_EDGE ( 'NONE', *, *, #9318, .F. );
#12756=ORIENTED_EDGE ( 'NONE', *, *, #13171, .T. );
#12757=CIRCLE ( 'NONE', #5189, 0.2750000000000000800 );
#12758=EDGE_CURVE ( 'NONE', #1930, #2454, #5, .T. );
#12759=EDGE_LOOP ( 'NONE', ( #3249, #1900, #14001, #7504, #7929, #12239 ) );
#12760=EDGE_CURVE ( 'NONE', #13566, #7117, #10998, .T. );
#12761=EDGE_LOOP ( 'NONE', ( #11273, #12252, #7061, #3955 ) );
#12762=ORIENTED_EDGE ( 'NONE', *, *, #8654, .T. );
#12763=CARTESIAN_POINT ( 'NONE',  ( -8.999999999999920100, 0.8000000000000000400, 1.909999999999991500 ) );
#12764=AXIS2_PLACEMENT_3D ( 'NONE', #827, #95, #31 );
#12765=CARTESIAN_POINT ( 'NONE',  ( -1.084999999999999100, 0.04999999999999991300, 12.29999999999999700 ) );
#12766=ORIENTED_EDGE ( 'NONE', *, *, #12298, .F. );
#12767=ORIENTED_EDGE ( 'NONE', *, *, #13187, .T. );
#12768=CARTESIAN_POINT ( 'NONE',  ( -1.454999999999997900, -1.006230589874914900, 0.0000000000000000000 ) );
#12769=ORIENTED_EDGE ( 'NONE', *, *, #13622, .F. );
#12770=ORIENTED_EDGE ( 'NONE', *, *, #12517, .F. );
#12771=CARTESIAN_POINT ( 'NONE',  ( -8.999999999999905900, 0.0000000000000000000, 3.179999999999989900 ) );
#12772=EDGE_LOOP ( 'NONE', ( #1547, #14472, #403, #10606 ) );
#12773=FACE_OUTER_BOUND ( 'NONE', #13283, .T. );
#12774=ADVANCED_FACE ( 'NONE', ( #13299 ), #13207, .F. );
#12775=ORIENTED_EDGE ( 'NONE', *, *, #13352, .T. );
#12776=DIRECTION ( 'NONE',  ( -1.000000000000000000, 0.0000000000000000000, 4.818676322157761900E-016 ) );
#12777=FACE_OUTER_BOUND ( 'NONE', #13054, .T. );
#12778=FACE_OUTER_BOUND ( 'NONE', #8676, .T. );
#12779=EDGE_CURVE ( 'NONE', #8569, #2676, #12570, .T. );
#12780=EDGE_CURVE ( 'NONE', #7074, #713, #3496, .T. );
#12781=EDGE_CURVE ( 'NONE', #3428, #5000, #9724, .T. );
#12782=CARTESIAN_POINT ( 'NONE',  ( 3.995000000000001000, 0.0000000000000000000, -0.0000000000000000000 ) );
#12783=STYLED_ITEM ( 'NONE', ( #77 ), #7878 );
#12784=CYLINDRICAL_SURFACE ( 'NONE', #2197, 0.2749999999999991900 );
#12785=EDGE_LOOP ( 'NONE', ( #10177, #7000, #14507, #2792 ) );
#12786=ORIENTED_EDGE ( 'NONE', *, *, #9020, .F. );
#12787=EDGE_CURVE ( 'NONE', #426, #12143, #9388, .T. );
#12788=LINE ( 'NONE', #2440, #10 );
#12789=ADVANCED_FACE ( 'NONE', ( #11789 ), #12741, .T. );
#12790=CARTESIAN_POINT ( 'NONE',  ( -8.549999999999824900, 0.8000000000000000400, 10.79999999999998800 ) );
#12791=ADVANCED_FACE ( 'NONE', ( #14304 ), #6465, .F. );
#12792=VERTEX_POINT ( 'NONE', #5214 );
#12793=ORIENTED_EDGE ( 'NONE', *, *, #11166, .T. );
#12794=CARTESIAN_POINT ( 'NONE',  ( -7.600000000000001400, 30.15163842104813000, 11.42928932188134200 ) );
#12795=EDGE_CURVE ( 'NONE', #2466, #4758, #12403, .T. );
#12796=CARTESIAN_POINT ( 'NONE',  ( 0.0000000000000000000, 0.8000000000000000400, -1.000000000000004400 ) );
#12797=ORIENTED_EDGE ( 'NONE', *, *, #8338, .F. );
#12798=EDGE_CURVE ( 'NONE', #8940, #854, #1494, .T. );
#12799=EDGE_CURVE ( 'NONE', #5196, #14146, #5, .T. );
#12800=AXIS2_PLACEMENT_3D ( 'NONE', #10140, #214, #15 );
#12801=ADVANCED_FACE ( 'NONE', ( #8713 ), #6374, .F. );
#12802=EDGE_LOOP ( 'NONE', ( #4576, #8907, #4065, #6829 ) );
#12803=EDGE_LOOP ( 'NONE', ( #9381, #4347, #8065, #1435 ) );
#12804=CARTESIAN_POINT ( 'NONE',  ( 0.0000000000000000000, 0.0000000000000000000, -4.810000000000004100 ) );
#12805=ORIENTED_EDGE ( 'NONE', *, *, #11842, .F. );
#12806=LINE ( 'NONE', #298, #327 );
#12807=VERTEX_POINT ( 'NONE', #1480 );
#12808=AXIS2_PLACEMENT_3D ( 'NONE', #1515, #95, #31 );
#12809=CARTESIAN_POINT ( 'NONE',  ( -8.549999999999853300, -1.006230589874914900, 0.0000000000000000000 ) );
#12810=CARTESIAN_POINT ( 'NONE',  ( 2.355000000000002200, 0.0000000000000000000, -0.0000000000000000000 ) );
#12811=ORIENTED_EDGE ( 'NONE', *, *, #204, .T. );
#12812=ORIENTED_EDGE ( 'NONE', *, *, #3476, .T. );
#12813=FACE_OUTER_BOUND ( 'NONE', #13215, .T. );
#12814=EDGE_CURVE ( 'NONE', #1250, #10589, #11484, .T. );
#12815=CLOSED_SHELL ( 'NONE', ( #9237, #2379, #11660, #2100, #1292, #1938, #2758, #3290, #4014, #13770 ) );
#12816=EDGE_LOOP ( 'NONE', ( #2444, #10193, #9991, #8975 ) );
#12817=ORIENTED_EDGE ( 'NONE', *, *, #1818, .F. );
#12818=CARTESIAN_POINT ( 'NONE',  ( 8.550000000000078900, 0.0000000000000000000, 2.809999999999996500 ) );
#12819=ORIENTED_EDGE ( 'NONE', *, *, #11008, .F. );
#12820=EDGE_LOOP ( 'NONE', ( #14078, #3101, #13172, #11877, #6877, #8264 ) );
#12821=VERTEX_POINT ( 'NONE', #4265 );
#12822=LINE ( 'NONE', #5266, #209 );
#12823=ORIENTED_EDGE ( 'NONE', *, *, #13987, .T. );
#12824=ORIENTED_EDGE ( 'NONE', *, *, #8906, .F. );
#12825=LINE ( 'NONE', #845, #36 );
#12826=ORIENTED_EDGE ( 'NONE', *, *, #5459, .T. );
#12827=CARTESIAN_POINT ( 'NONE',  ( 9.000000000000000000, 0.0000000000000000000, -0.0000000000000000000 ) );
#12828=ORIENTED_EDGE ( 'NONE', *, *, #12444, .T. );
#12829=CARTESIAN_POINT ( 'NONE',  ( 1.455000000000000500, 0.04999999999999991300, 12.29999999999999700 ) );
#12830=ADVANCED_FACE ( 'NONE', ( #5524 ), #9812, .T. );
#12831=EDGE_CURVE ( 'NONE', #7480, #8582, #732, .T. );
#12832=CARTESIAN_POINT ( 'NONE',  ( 9.000000000000092400, -1.006230589874914900, 4.079999999999995600 ) );
#12833=EDGE_CURVE ( 'NONE', #413, #2770, #1884, .T. );
#12834=CARTESIAN_POINT ( 'NONE',  ( -5.264999999999997900, 0.0000000000000000000, 0.0000000000000000000 ) );
#12835=CARTESIAN_POINT ( 'NONE',  ( 9.000000000000039100, -1.006230589874914900, 6.169999999999717500 ) );
#12836=AXIS2_PLACEMENT_3D ( 'NONE', #13857, #95, #31 );
#12837=ORIENTED_EDGE ( 'NONE', *, *, #337, .T. );
#12838=LINE ( 'NONE', #3517, #493 );
#12839=( GEOMETRIC_REPRESENTATION_CONTEXT ( 3 ) GLOBAL_UNCERTAINTY_ASSIGNED_CONTEXT ( ( #178 ) ) GLOBAL_UNIT_ASSIGNED_CONTEXT ( ( #7, #195, #16 ) ) REPRESENTATION_CONTEXT ( 'NONE', 'WORKASPACE' ) );
#12840=ORIENTED_EDGE ( 'NONE', *, *, #6639, .T. );
#12841=VERTEX_POINT ( 'NONE', #9602 );
#12842=VERTEX_POINT ( 'NONE', #10872 );
#12843=VERTEX_POINT ( 'NONE', #11810 );
#12844=MANIFOLD_SOLID_BREP ( 'Boss-Extrude5[40]', #8510 );
#12845=ADVANCED_FACE ( 'NONE', ( #14164 ), #275, .F. );
#12846=ADVANCED_FACE ( 'NONE', ( #6638 ), #6279, .F. );
#12847=CARTESIAN_POINT ( 'NONE',  ( -7.600000000000001400, 0.8000000000000056000, 11.69999999999999800 ) );
#12848=VERTEX_POINT ( 'NONE', #315 );
#12849=PLANE ( 'NONE',  #12467 );
#12850=LINE ( 'NONE', #528, #493 );
#12851=CARTESIAN_POINT ( 'NONE',  ( -2.354999999999999500, -1.006230589874914900, 0.0000000000000000000 ) );
#12852=ORIENTED_EDGE ( 'NONE', *, *, #14261, .T. );
#12853=LINE ( 'NONE', #8207, #209 );
#12854=FACE_OUTER_BOUND ( 'NONE', #8428, .T. );
#12855=EDGE_LOOP ( 'NONE', ( #13070, #96, #1993, #7689, #11465, #5487 ) );
#12856=EDGE_CURVE ( 'NONE', #14322, #9690, #2293, .T. );
#12857=VERTEX_POINT ( 'NONE', #7788 );
#12858=EDGE_CURVE ( 'NONE', #2939, #6222, #12681, .T. );
#12859=EDGE_CURVE ( 'NONE', #3552, #3540, #9548, .T. );
#12860=ORIENTED_EDGE ( 'NONE', *, *, #13269, .T. );
#12861=AXIS2_PLACEMENT_3D ( 'NONE', #6581, #95, #31 );
#12862=ORIENTED_EDGE ( 'NONE', *, *, #1063, .T. );
#12863=FACE_OUTER_BOUND ( 'NONE', #4852, .T. );
#12864=PLANE ( 'NONE',  #9095 );
#12865=ADVANCED_FACE ( 'NONE', ( #7006 ), #7744, .T. );
#12866=ORIENTED_EDGE ( 'NONE', *, *, #4427, .F. );
#12867=ORIENTED_EDGE ( 'NONE', *, *, #741, .F. );
#12868=ORIENTED_EDGE ( 'NONE', *, *, #4902, .F. );
#12869=ORIENTED_EDGE ( 'NONE', *, *, #10195, .F. );
#12870=EDGE_LOOP ( 'NONE', ( #6142, #965, #10629, #4985, #9962, #9654 ) );
#12871=ORIENTED_EDGE ( 'NONE', *, *, #4744, .F. );
#12872=EDGE_CURVE ( 'NONE', #340, #12253, #7559, .T. );
#12873=ORIENTED_EDGE ( 'NONE', *, *, #4733, .F. );
#12874=EDGE_LOOP ( 'NONE', ( #4233, #2973, #2446, #1080 ) );
#12875=EDGE_CURVE ( 'NONE', #1936, #3096, #2566, .T. );
#12876=DIRECTION ( 'NONE',  ( 9.637352644315533600E-016, -0.0000000000000000000, 1.000000000000000000 ) );
#12877=ORIENTED_EDGE ( 'NONE', *, *, #3031, .F. );
#12878=EDGE_CURVE ( 'NONE', #7932, #10994, #13854, .T. );
#12879=MECHANICAL_DESIGN_GEOMETRIC_PRESENTATION_REPRESENTATION (  '', ( #1681 ), #13270 );
#12880=LINE ( 'NONE', #4768, #184 );
#12881=LINE ( 'NONE', #3238, #110 );
#12882=AXIS2_PLACEMENT_3D ( 'NONE', #1959, #21, #31 );
#12883=EDGE_LOOP ( 'NONE', ( #4297, #2899, #11218, #8039 ) );
#12884=CARTESIAN_POINT ( 'NONE',  ( 9.000000000000024900, 0.8000000000000000400, -2.995000000000065800 ) );
#12885=ORIENTED_EDGE ( 'NONE', *, *, #11105, .T. );
#12886=CARTESIAN_POINT ( 'NONE',  ( 0.0000000000000000000, 0.8000000000000000400, -3.170000000000006100 ) );
#12887=ADVANCED_FACE ( 'NONE', ( #825 ), #8010, .T. );
#12888=ORIENTED_EDGE ( 'NONE', *, *, #13223, .T. );
#12889=ORIENTED_EDGE ( 'NONE', *, *, #4427, .T. );
#12890=ORIENTED_EDGE ( 'NONE', *, *, #10375, .F. );
#12891=LINE ( 'NONE', #4472, #4 );
#12892=ORIENTED_EDGE ( 'NONE', *, *, #4811, .T. );
#12893=FACE_OUTER_BOUND ( 'NONE', #1571, .T. );
#12894=EDGE_CURVE ( 'NONE', #5863, #5152, #7175, .T. );
#12895=CARTESIAN_POINT ( 'NONE',  ( -1.084999999999999100, -1.006230589874914900, 12.74999999999999800 ) );
#12896=ORIENTED_EDGE ( 'NONE', *, *, #5076, .F. );
#12897=ORIENTED_EDGE ( 'NONE', *, *, #5445, .T. );
#12898=EDGE_CURVE ( 'NONE', #6855, #9726, #380, .T. );
#12899=MECHANICAL_DESIGN_GEOMETRIC_PRESENTATION_REPRESENTATION (  '', ( #4545 ), #11430 );
#12900=ORIENTED_EDGE ( 'NONE', *, *, #10908, .T. );
#12901=LINE ( 'NONE', #9882, #908 );
#12902=AXIS2_PLACEMENT_3D ( 'NONE', #82, #31, #891 );
#12903=EDGE_CURVE ( 'NONE', #4802, #1634, #12244, .T. );
#12904=ORIENTED_EDGE ( 'NONE', *, *, #10583, .T. );
#12905=VERTEX_POINT ( 'NONE', #10158 );
#12906=VERTEX_POINT ( 'NONE', #13926 );
#12907=FACE_OUTER_BOUND ( 'NONE', #12608, .T. );
#12908=ORIENTED_EDGE ( 'NONE', *, *, #8165, .F. );
#12909=ORIENTED_EDGE ( 'NONE', *, *, #4787, .T. );
#12910=ADVANCED_FACE ( 'NONE', ( #4443 ), #2103, .F. );
#12911=ORIENTED_EDGE ( 'NONE', *, *, #10728, .F. );
#12912=LINE ( 'NONE', #2229, #4 );
#12913=EDGE_CURVE ( 'NONE', #13323, #7475, #5899, .T. );
#12914=ORIENTED_EDGE ( 'NONE', *, *, #8972, .F. );
#12915=CLOSED_SHELL ( 'NONE', ( #12438, #10885, #13648, #8729, #10229, #7285, #8699, #12846, #3802, #10350 ) );
#12916=EDGE_CURVE ( 'NONE', #2339, #8874, #10031, .T. );
#12917=ADVANCED_FACE ( 'NONE', ( #10508 ), #3210, .F. );
#12918=ORIENTED_EDGE ( 'NONE', *, *, #11248, .F. );
#12919=LINE ( 'NONE', #4047, #110 );
#12920=( GEOMETRIC_REPRESENTATION_CONTEXT ( 3 ) GLOBAL_UNCERTAINTY_ASSIGNED_CONTEXT ( ( #178 ) ) GLOBAL_UNIT_ASSIGNED_CONTEXT ( ( #7, #195, #16 ) ) REPRESENTATION_CONTEXT ( 'NONE', 'WORKASPACE' ) );
#12921=ORIENTED_EDGE ( 'NONE', *, *, #5114, .F. );
#12922=LINE ( 'NONE', #4783, #1276 );
#12923=AXIS2_PLACEMENT_3D ( 'NONE', #5177, #575, #19 );
#12924=CARTESIAN_POINT ( 'NONE',  ( 9.000000000000005300, 0.8000000000000000400, -3.990000000000035300 ) );
#12925=ORIENTED_EDGE ( 'NONE', *, *, #2749, .F. );
#12926=ADVANCED_FACE ( 'NONE', ( #5356 ), #11098, .F. );
#12927=ORIENTED_EDGE ( 'NONE', *, *, #2085, .F. );
#12928=AXIS2_PLACEMENT_3D ( 'NONE', #7182, #135, #15 );
#12929=ORIENTED_EDGE ( 'NONE', *, *, #12485, .F. );
#12930=EDGE_CURVE ( 'NONE', #4640, #6236, #4059, .T. );
#12931=EDGE_CURVE ( 'NONE', #10408, #6702, #7699, .T. );
#12932=ORIENTED_EDGE ( 'NONE', *, *, #13307, .F. );
#12933=CARTESIAN_POINT ( 'NONE',  ( 2.725000000000001000, -1.006230589874914900, 12.74999999999999800 ) );
#12934=CARTESIAN_POINT ( 'NONE',  ( -9.000000000000000000, 0.8000000000000000400, -4.440000000000005700 ) );
#12935=CARTESIAN_POINT ( 'NONE',  ( 9.000000000000172300, 0.0000000000000000000, 10.97499999999987900 ) );
#12936=LINE ( 'NONE', #6389, #205 );
#12937=FACE_OUTER_BOUND ( 'NONE', #9864, .T. );
#12938=ORIENTED_EDGE ( 'NONE', *, *, #1818, .T. );
#12939=EDGE_LOOP ( 'NONE', ( #11377, #14396, #3804, #10228, #8859, #10481 ) );
#12940=ADVANCED_FACE ( 'NONE', ( #10182 ), #2077, .F. );
#12941=ORIENTED_EDGE ( 'NONE', *, *, #8632, .F. );
#12942=LINE ( 'NONE', #5747, #45 );
#12943=EDGE_CURVE ( 'NONE', #3435, #8551, #367, .T. );
#12944=EDGE_CURVE ( 'NONE', #7772, #8883, #3467, .T. );
#12945=AXIS2_PLACEMENT_3D ( 'NONE', #192, #135, #15 );
#12946=EDGE_CURVE ( 'NONE', #14385, #4437, #8700, .T. );
#12947=ORIENTED_EDGE ( 'NONE', *, *, #8482, .F. );
#12948=CARTESIAN_POINT ( 'NONE',  ( 0.0000000000000000000, 0.8000000000000000400, 10.42999999999999600 ) );
#12949=PLANE ( 'NONE',  #1394 );
#12950=LINE ( 'NONE', #960, #4 );
#12951=AXIS2_PLACEMENT_3D ( 'NONE', #11544, #250, #31 );
#12952=ORIENTED_EDGE ( 'NONE', *, *, #12174, .T. );
#12953=LINE ( 'NONE', #3057, #205 );
#12954=ORIENTED_EDGE ( 'NONE', *, *, #2212, .F. );
#12955=VERTEX_POINT ( 'NONE', #8175 );
#12956=ORIENTED_EDGE ( 'NONE', *, *, #9790, .T. );
#12957=CARTESIAN_POINT ( 'NONE',  ( 0.0000000000000000000, 0.8000000000000000400, 3.179999999999989900 ) );
#12958=CARTESIAN_POINT ( 'NONE',  ( -8.999999999999944900, 0.8000000000000000400, -0.4550000000000062900 ) );
#12959=VERTEX_POINT ( 'NONE', #10142 );
#12960=ORIENTED_EDGE ( 'NONE', *, *, #13019, .T. );
#12961=LINE ( 'NONE', #112, #4 );
#12962=EDGE_CURVE ( 'NONE', #8318, #8400, #10493, .T. );
#12963=ORIENTED_EDGE ( 'NONE', *, *, #7816, .T. );
#12964=EDGE_CURVE ( 'NONE', #10364, #9859, #14427, .T. );
#12965=EDGE_LOOP ( 'NONE', ( #10500, #2455, #1330, #13305 ) );
#12966=FACE_OUTER_BOUND ( 'NONE', #940, .T. );
#12967=PLANE ( 'NONE',  #9311 );
#12968=PRESENTATION_LAYER_ASSIGNMENT (  '', '', ( #8197 ) );
#12969=ADVANCED_FACE ( 'NONE', ( #13409 ), #8324, .T. );
#12970=ORIENTED_EDGE ( 'NONE', *, *, #5565, .T. );
#12971=CARTESIAN_POINT ( 'NONE',  ( 9.000000000000012400, 0.8000000000000000400, -3.715000000000034900 ) );
#12972=ADVANCED_FACE ( 'NONE', ( #7685 ), #49, .T. );
#12973=LINE ( 'NONE', #2969, #45 );
#12974=CARTESIAN_POINT ( 'NONE',  ( 8.550000000000093100, -1.006230589874914900, 3.179999999999995300 ) );
#12975=ORIENTED_EDGE ( 'NONE', *, *, #6996, .F. );
#12976=ORIENTED_EDGE ( 'NONE', *, *, #5281, .T. );
#12977=CARTESIAN_POINT ( 'NONE',  ( 8.550000000000169500, 0.05000000000000000300, -3.170000000000004800 ) );
#12978=FACE_OUTER_BOUND ( 'NONE', #14278, .T. );
#12979=ORIENTED_EDGE ( 'NONE', *, *, #8542, .T. );
#12980=EDGE_CURVE ( 'NONE', #6367, #10991, #12544, .T. );
#12981=EDGE_LOOP ( 'NONE', ( #3876, #2583, #1857, #9035 ) );
#12982=ORIENTED_EDGE ( 'NONE', *, *, #13368, .F. );
#12983=CARTESIAN_POINT ( 'NONE',  ( 9.000000000000039100, 0.0000000000000000000, -1.900000000000005000 ) );
#12984=ADVANCED_FACE ( 'NONE', ( #8380 ), #14152, .F. );
#12985=AXIS2_PLACEMENT_3D ( 'NONE', #3078, #15, #575 );
#12986=FACE_OUTER_BOUND ( 'NONE', #10995, .T. );
#12987=PLANE ( 'NONE',  #4963 );
#12988=ORIENTED_EDGE ( 'NONE', *, *, #8233, .F. );
#12989=LINE ( 'NONE', #6730, #93 );
#12990=VERTEX_POINT ( 'NONE', #981 );
#12991=VERTEX_POINT ( 'NONE', #10248 );
#12992=ORIENTED_EDGE ( 'NONE', *, *, #14431, .F. );
#12993=ORIENTED_EDGE ( 'NONE', *, *, #9323, .T. );
#12994=EDGE_CURVE ( 'NONE', #7230, #13495, #4623, .T. );
#12995=EDGE_LOOP ( 'NONE', ( #9440, #6170, #2509, #4050 ) );
#12996=EDGE_CURVE ( 'NONE', #3705, #3854, #7350, .T. );
#12997=CARTESIAN_POINT ( 'NONE',  ( 9.000000000000104800, 0.8000000000000000400, 4.624999999999751300 ) );
#12998=ADVANCED_FACE ( 'NONE', ( #13564 ), #233, .T. );
#12999=FACE_OUTER_BOUND ( 'NONE', #9465, .T. );
#13000=EDGE_LOOP ( 'NONE', ( #2901, #9756, #8944, #8309 ) );
#13001=LINE ( 'NONE', #487, #493 );
#13002=ORIENTED_EDGE ( 'NONE', *, *, #13844, .T. );
#13003=ORIENTED_EDGE ( 'NONE', *, *, #7797, .F. );
#13004=ORIENTED_EDGE ( 'NONE', *, *, #14052, .T. );
#13005=CARTESIAN_POINT ( 'NONE',  ( 9.000000000000092400, -1.006230589874914900, 3.179999999999995300 ) );
#13006=PLANE ( 'NONE',  #3809 );
#13007=CARTESIAN_POINT ( 'NONE',  ( -8.549999999999853300, 0.8000000000000000400, 0.0000000000000000000 ) );
#13008=ORIENTED_EDGE ( 'NONE', *, *, #11870, .T. );
#13009=DIRECTION ( 'NONE',  ( -1.000000000000000000, 0.0000000000000000000, -9.637352644315584900E-016 ) );
#13010=ORIENTED_EDGE ( 'NONE', *, *, #880, .T. );
#13011=VERTEX_POINT ( 'NONE', #3548 );
#13012=CARTESIAN_POINT ( 'NONE',  ( 9.000000000000133200, 0.0000000000000000000, 7.164999999999905000 ) );
#13013=AXIS2_PLACEMENT_3D ( 'NONE', #475, #31, #135 );
#13014=EDGE_CURVE ( 'NONE', #4419, #2040, #8852, .T. );
#13015=EDGE_CURVE ( 'NONE', #1479, #12106, #11618, .T. );
#13016=EDGE_CURVE ( 'NONE', #14156, #5250, #6606, .T. );
#13017=FACE_OUTER_BOUND ( 'NONE', #7527, .T. );
#13018=FACE_OUTER_BOUND ( 'NONE', #1968, .T. );
#13019=EDGE_CURVE ( 'NONE', #899, #11272, #2670, .T. );
#13020=VERTEX_POINT ( 'NONE', #1498 );
#13021=AXIS2_PLACEMENT_3D ( 'NONE', #925, #575, #19 );
#13022=ORIENTED_EDGE ( 'NONE', *, *, #7557, .F. );
#13023=ORIENTED_EDGE ( 'NONE', *, *, #6501, .F. );
#13024=LINE ( 'NONE', #1258, #36 );
#13025=LINE ( 'NONE', #634, #45 );
#13026=CLOSED_SHELL ( 'NONE', ( #9093, #12532, #11344, #5598, #10631, #14008, #10497, #11456, #681, #10997, #1243, #10162, #543, #4457, #11443, #6601, #14101, #6326, #5711, #11037, #5142, #11124, #1506, #10828, #9484, #9837, #9487, #5096, #7491, #13459, #12493, #6167, #926, #10552, #4777, #13978, #13795, #2495, #2601, #10232, #1290, #1601, #9219, #1015, #8120, #9294, #10963, #9202, #5542, #6304, #3756, #11965, #1831, #10933, #2615, #12171, #6856, #5013, #4625, #168, #6144, #9767, #11401, #8362, #8715, #7215, #3272, #4730, #5637, #5300, #4816, #13034, #13033, #2164, #13816, #10287, #14128, #13574, #12566, #9278, #13345, #2245, #2581, #5492, #9373, #273, #6468, #752, #11526, #11597, #4987, #14163, #4344, #9027, #11380, #11506, #6080, #7397, #10767, #7431, #7211, #2209, #6241, #5336, #14388, #8022, #8933, #12594, #11695, #6890, #3077, #930, #12926, #12609, #12887, #7379, #11902, #9975, #2675, #749, #11245, #1426, #11257, #11823, #6927, #2491, #9414, #7095, #13903, #887, #7301, #5144, #13882, #11102, #2024, #5954, #11838, #10194, #8829, #12025, #8844, #5758, #7757, #771, #3120, #13177, #10005, #1919, #6386, #12622, #6616, #6106, #7830, #10426, #14378, #13703, #2900, #2577, #14299, #3037, #13512, #1551, #8383, #12121, #7505, #8267, #1670, #5451, #9698, #7288, #13947, #5265, #459, #8229, #3006, #6562, #4699, #9908, #2291, #1667, #5619, #1404, #4078, #8323, #12401, #6943, #7791, #5383, #10698, #14039, #8005, #8955, #2269, #12155, #13767, #7134, #4663, #48, #8849, #11536, #7461, #11070, #5405, #219, #13630, #12597, #10099, #2170, #7361, #8587, #10285, #11836, #11056, #2516, #8591, #6651, #2697, #12673, #14494, #11300, #12972, #5560, #2452, #8862, #7377, #3889, #11566, #11916, #53, #13603, #7654, #8305, #3247, #5653, #4796, #14367, #10921, #1573, #10064, #11036, #963, #3650, #4571, #10846, #84, #6063, #4238, #12646, #9515, #6611, #12289, #12183, #5243, #14418, #14218, #8528, #10165, #10046, #7872, #6994, #8877, #1043, #13407, #13445, #1814, #6711, #2360, #13219, #3940, #13157, #5528, #3978, #2078, #5384, #1915, #12056, #14249, #9498, #10516, #13106, #9069, #1463, #3698, #6849, #1467, #10605, #12151, #7489, #6383, #13509, #6527, #3670, #8607, #13663, #5183, #7964, #13589, #12334, #3080, #9565, #7780, #2989, #2657, #5225, #14245, #13819, #4861, #11242, #6010, #7894, #8481, #10244, #7323, #10648, #3018, #9444, #6961, #2659, #6412, #3204 ) );
#13027=ORIENTED_EDGE ( 'NONE', *, *, #7477, .T. );
#13028=ORIENTED_EDGE ( 'NONE', *, *, #9852, .F. );
#13029=ORIENTED_EDGE ( 'NONE', *, *, #8969, .T. );
#13030=FACE_OUTER_BOUND ( 'NONE', #4629, .T. );
#13031=CARTESIAN_POINT ( 'NONE',  ( -7.529289321881346800, 0.7999999999999999300, 11.42928932188134200 ) );
#13032=ORIENTED_EDGE ( 'NONE', *, *, #13865, .T. );
#13033=ADVANCED_FACE ( 'NONE', ( #10818 ), #746, .F. );
#13034=ADVANCED_FACE ( 'NONE', ( #5697 ), #746, .F. );
#13035=EDGE_CURVE ( 'NONE', #9663, #10364, #5, .T. );
#13036=ORIENTED_EDGE ( 'NONE', *, *, #9942, .F. );
#13037=EDGE_CURVE ( 'NONE', #6133, #12749, #1106, .T. );
#13038=AXIS2_PLACEMENT_3D ( 'NONE', #7322, #21, #31 );
#13039=ORIENTED_EDGE ( 'NONE', *, *, #2311, .T. );
#13040=ORIENTED_EDGE ( 'NONE', *, *, #7109, .T. );
#13041=EDGE_CURVE ( 'NONE', #9417, #6189, #8405, .T. );
#13042=ORIENTED_EDGE ( 'NONE', *, *, #14336, .T. );
#13043=LINE ( 'NONE', #1387, #10 );
#13044=ORIENTED_EDGE ( 'NONE', *, *, #7741, .F. );
#13045=ORIENTED_EDGE ( 'NONE', *, *, #4846, .T. );
#13046=ORIENTED_EDGE ( 'NONE', *, *, #9735, .F. );
#13047=ADVANCED_FACE ( 'NONE', ( #8026 ), #685, .T. );
#13048=ORIENTED_EDGE ( 'NONE', *, *, #1978, .T. );
#13049=LINE ( 'NONE', #431, #1276 );
#13050=EDGE_CURVE ( 'NONE', #13885, #8017, #2275, .T. );
#13051=ORIENTED_EDGE ( 'NONE', *, *, #13928, .T. );
#13052=LINE ( 'NONE', #4275, #45 );
#13053=ORIENTED_EDGE ( 'NONE', *, *, #9800, .T. );
#13054=EDGE_LOOP ( 'NONE', ( #1619, #13183, #11535, #2296, #13068, #13051 ) );
#13055=VERTEX_POINT ( 'NONE', #13657 );
#13056=FACE_OUTER_BOUND ( 'NONE', #10405, .T. );
#13057=ORIENTED_EDGE ( 'NONE', *, *, #5962, .F. );
#13058=EDGE_CURVE ( 'NONE', #13486, #5791, #732, .T. );
#13059=ORIENTED_EDGE ( 'NONE', *, *, #3577, .T. );
#13060=ORIENTED_EDGE ( 'NONE', *, *, #10391, .T. );
#13061=AXIS2_PLACEMENT_3D ( 'NONE', #2885, #891, #669 );
#13062=LINE ( 'NONE', #1092, #205 );
#13063=FACE_OUTER_BOUND ( 'NONE', #12365, .T. );
#13064=EDGE_CURVE ( 'NONE', #3007, #864, #509, .T. );
#13065=EDGE_LOOP ( 'NONE', ( #9392, #3647, #6725, #8555 ) );
#13066=ADVANCED_FACE ( 'NONE', ( #9708 ), #6388, .T. );
#13067=ORIENTED_EDGE ( 'NONE', *, *, #10825, .F. );
#13068=ORIENTED_EDGE ( 'NONE', *, *, #5843, .F. );
#13069=ORIENTED_EDGE ( 'NONE', *, *, #11875, .T. );
#13070=ORIENTED_EDGE ( 'NONE', *, *, #13227, .F. );
#13071=ORIENTED_EDGE ( 'NONE', *, *, #3982, .F. );
#13072=FACE_OUTER_BOUND ( 'NONE', #4012, .T. );
#13073=ORIENTED_EDGE ( 'NONE', *, *, #1136, .F. );
#13074=EDGE_CURVE ( 'NONE', #9322, #13391, #6451, .T. );
#13075=EDGE_CURVE ( 'NONE', #4649, #4802, #3665, .T. );
#13076=ORIENTED_EDGE ( 'NONE', *, *, #11345, .T. );
#13077=EDGE_CURVE ( 'NONE', #12749, #8476, #9374, .T. );
#13078=( GEOMETRIC_REPRESENTATION_CONTEXT ( 3 ) GLOBAL_UNCERTAINTY_ASSIGNED_CONTEXT ( ( #178 ) ) GLOBAL_UNIT_ASSIGNED_CONTEXT ( ( #7, #195, #16 ) ) REPRESENTATION_CONTEXT ( 'NONE', 'WORKASPACE' ) );
#13079=FACE_OUTER_BOUND ( 'NONE', #12668, .T. );
#13080=AXIS2_PLACEMENT_3D ( 'NONE', #2129, #214, #15 );
#13081=LINE ( 'NONE', #3525, #4 );
#13082=VERTEX_POINT ( 'NONE', #845 );
#13083=ORIENTED_EDGE ( 'NONE', *, *, #6175, .T. );
#13084=ORIENTED_EDGE ( 'NONE', *, *, #1303, .T. );
#13085=FACE_OUTER_BOUND ( 'NONE', #10340, .T. );
#13086=ORIENTED_EDGE ( 'NONE', *, *, #3453, .T. );
#13087=EDGE_CURVE ( 'NONE', #12792, #5278, #9038, .T. );
#13088=EDGE_CURVE ( 'NONE', #8400, #3427, #130, .T. );
#13089=ORIENTED_EDGE ( 'NONE', *, *, #11574, .T. );
#13090=ADVANCED_FACE ( 'NONE', ( #5512 ), #233, .T. );
#13091=VERTEX_POINT ( 'NONE', #12934 );
#13092=EDGE_CURVE ( 'NONE', #3792, #7697, #1665, .T. );
#13093=ADVANCED_FACE ( 'NONE', ( #2063 ), #8812, .T. );
#13094=CARTESIAN_POINT ( 'NONE',  ( -8.999999999999825900, 0.8000000000000000400, 10.79999999999999700 ) );
#13095=ORIENTED_EDGE ( 'NONE', *, *, #9670, .T. );
#13096=PLANE ( 'NONE',  #2237 );
#13097=ORIENTED_EDGE ( 'NONE', *, *, #3014, .F. );
#13098=ORIENTED_EDGE ( 'NONE', *, *, #9668, .F. );
#13099=LINE ( 'NONE', #3976, #36 );
#13100=EDGE_LOOP ( 'NONE', ( #6233, #7373, #5312, #3492 ) );
#13101=EDGE_CURVE ( 'NONE', #10553, #13566, #13120, .T. );
#13102=EDGE_CURVE ( 'NONE', #13582, #854, #4966, .T. );
#13103=EDGE_LOOP ( 'NONE', ( #2207, #8296, #4319, #1102 ) );
#13104=EDGE_CURVE ( 'NONE', #8625, #2176, #10019, .T. );
#13105=CARTESIAN_POINT ( 'NONE',  ( -8.999999999999825900, 0.0000000000000000000, 10.79999999999998800 ) );
#13106=ADVANCED_FACE ( 'NONE', ( #6061 ), #49, .T. );
#13107=FACE_OUTER_BOUND ( 'NONE', #13977, .T. );
#13108=EDGE_CURVE ( 'NONE', #3938, #11123, #3561, .T. );
#13109=AXIS2_PLACEMENT_3D ( 'NONE', #440, #10929, #1638 );
#13110=ORIENTED_EDGE ( 'NONE', *, *, #12498, .T. );
#13111=ORIENTED_EDGE ( 'NONE', *, *, #5588, .T. );
#13112=ORIENTED_EDGE ( 'NONE', *, *, #11559, .F. );
#13113=FACE_OUTER_BOUND ( 'NONE', #11346, .T. );
#13114=LINE ( 'NONE', #88, #10 );
#13115=VERTEX_POINT ( 'NONE', #5456 );
#13116=ORIENTED_EDGE ( 'NONE', *, *, #4764, .T. );
#13117=ORIENTED_EDGE ( 'NONE', *, *, #10145, .T. );
#13118=CARTESIAN_POINT ( 'NONE',  ( -8.999999999999953800, -1.006230589874914900, 7.439999999999989700 ) );
#13119=CARTESIAN_POINT ( 'NONE',  ( -0.1849999999999976700, 0.8000000000000000400, 0.0000000000000000000 ) );
#13120=LINE ( 'NONE', #3027, #577 );
#13121=PLANE ( 'NONE',  #14373 );
#13122=FACE_OUTER_BOUND ( 'NONE', #9948, .T. );
#13123=PLANE ( 'NONE',  #11047 );
#13124=ADVANCED_FACE ( 'NONE', ( #14283 ), #11763, .F. );
#13125=EDGE_CURVE ( 'NONE', #816, #1908, #1106, .T. );
#13126=ORIENTED_EDGE ( 'NONE', *, *, #3616, .T. );
#13127=EDGE_CURVE ( 'NONE', #10365, #10553, #12374, .T. );
#13128=ORIENTED_EDGE ( 'NONE', *, *, #7481, .T. );
#13129=EDGE_CURVE ( 'NONE', #6332, #12734, #8688, .T. );
#13130=ORIENTED_EDGE ( 'NONE', *, *, #8772, .T. );
#13131=ORIENTED_EDGE ( 'NONE', *, *, #7467, .F. );
#13132=EDGE_CURVE ( 'NONE', #9844, #1053, #9026, .T. );
#13133=CARTESIAN_POINT ( 'NONE',  ( 0.0000000000000000000, 0.0000000000000000000, -2.270000000000004000 ) );
#13134=VERTEX_POINT ( 'NONE', #9801 );
#13135=CARTESIAN_POINT ( 'NONE',  ( 8.550000000000132200, 0.8000000000000000400, -0.0000000000000000000 ) );
#13136=EDGE_LOOP ( 'NONE', ( #14401, #1864, #13654, #5309, #6066, #2101 ) );
#13137=ORIENTED_EDGE ( 'NONE', *, *, #12573, .T. );
#13138=CARTESIAN_POINT ( 'NONE',  ( 0.0000000000000000000, -1.006230589874914900, 2.809999999999995600 ) );
#13139=CARTESIAN_POINT ( 'NONE',  ( -7.434999999999999600, -1.006230589874914900, 12.29999999999999700 ) );
#13140=ORIENTED_EDGE ( 'NONE', *, *, #11260, .T. );
#13141=VERTEX_POINT ( 'NONE', #1703 );
#13142=ORIENTED_EDGE ( 'NONE', *, *, #5231, .F. );
#13143=ORIENTED_EDGE ( 'NONE', *, *, #5200, .T. );
#13144=FACE_OUTER_BOUND ( 'NONE', #12750, .T. );
#13145=EDGE_CURVE ( 'NONE', #7625, #9438, #6435, .T. );
#13146=VERTEX_POINT ( 'NONE', #2032 );
#13147=PLANE ( 'NONE',  #11003 );
#13148=EDGE_CURVE ( 'NONE', #6908, #12439, #1975, .T. );
#13149=AXIS2_PLACEMENT_3D ( 'NONE', #714, #3384, #502 );
#13150=LINE ( 'NONE', #7515, #36 );
#13151=LINE ( 'NONE', #2244, #493 );
#13152=ORIENTED_EDGE ( 'NONE', *, *, #11821, .T. );
#13153=CARTESIAN_POINT ( 'NONE',  ( 4.720000000000000600, -1.006230589874914900, 12.74999999999999800 ) );
#13154=AXIS2_PLACEMENT_3D ( 'NONE', #190, #15, #575 );
#13155=ORIENTED_EDGE ( 'NONE', *, *, #1531, .T. );
#13156=EDGE_LOOP ( 'NONE', ( #4089, #9194, #2700, #9067, #11583, #12824 ) );
#13157=ADVANCED_FACE ( 'NONE', ( #6807 ), #10102, .F. );
#13158=ORIENTED_EDGE ( 'NONE', *, *, #14511, .F. );
#13159=ADVANCED_FACE ( 'NONE', ( #5683 ), #9964, .T. );
#13160=FACE_OUTER_BOUND ( 'NONE', #982, .T. );
#13161=ORIENTED_EDGE ( 'NONE', *, *, #10163, .F. );
#13162=EDGE_LOOP ( 'NONE', ( #8937, #12461, #2671, #11651 ) );
#13163=CARTESIAN_POINT ( 'NONE',  ( -4.719999999999998000, -1.006230589874914900, 12.74999999999999800 ) );
#13164=LINE ( 'NONE', #858, #493 );
#13165=EDGE_LOOP ( 'NONE', ( #2889, #13792, #12167, #14083 ) );
#13166=LINE ( 'NONE', #666, #184 );
#13167=ORIENTED_EDGE ( 'NONE', *, *, #4958, .T. );
#13168=EDGE_CURVE ( 'NONE', #12348, #13055, #11307, .T. );
#13169=EDGE_CURVE ( 'NONE', #6309, #1138, #2484, .T. );
#13170=ORIENTED_EDGE ( 'NONE', *, *, #121, .F. );
#13171=EDGE_CURVE ( 'NONE', #10429, #5233, #9526, .T. );
#13172=ORIENTED_EDGE ( 'NONE', *, *, #3382, .F. );
#13173=AXIS2_PLACEMENT_3D ( 'NONE', #8098, #62, #12200 );
#13174=VERTEX_POINT ( 'NONE', #11085 );
#13175=LINE ( 'NONE', #700, #205 );
#13176=PRESENTATION_LAYER_ASSIGNMENT (  '', '', ( #12126 ) );
#13177=ADVANCED_FACE ( 'NONE', ( #7667 ), #5760, .F. );
#13178=ORIENTED_EDGE ( 'NONE', *, *, #4290, .F. );
#13179=LINE ( 'NONE', #290, #45 );
#13180=ORIENTED_EDGE ( 'NONE', *, *, #12760, .T. );
#13181=CARTESIAN_POINT ( 'NONE',  ( 0.0000000000000000000, 0.8000000000000000400, -0.6300000000000073300 ) );
#13182=CARTESIAN_POINT ( 'NONE',  ( -8.549999999999919000, 0.8000000000000000400, 1.909999999999991500 ) );
#13183=ORIENTED_EDGE ( 'NONE', *, *, #7913, .F. );
#13184=CARTESIAN_POINT ( 'NONE',  ( 0.0000000000000000000, 0.7500000000000000000, 0.0000000000000000000 ) );
#13185=EDGE_CURVE ( 'NONE', #6226, #6541, #8360, .T. );
#13186=EDGE_CURVE ( 'NONE', #4714, #4833, #13274, .T. );
#13187=EDGE_CURVE ( 'NONE', #1151, #13576, #347, .T. );
#13188=AXIS2_PLACEMENT_3D ( 'NONE', #1944, #95, #31 );
#13189=ORIENTED_EDGE ( 'NONE', *, *, #10085, .T. );
#13190=ADVANCED_FACE ( 'NONE', ( #12978 ), #6949, .T. );
#13191=ORIENTED_EDGE ( 'NONE', *, *, #6771, .T. );
#13192=ORIENTED_EDGE ( 'NONE', *, *, #8969, .F. );
#13193=FACE_OUTER_BOUND ( 'NONE', #2621, .T. );
#13194=VERTEX_POINT ( 'NONE', #10187 );
#13195=CIRCLE ( 'NONE', #7456, 0.2749999999999997400 );
#13196=LINE ( 'NONE', #12049, #209 );
#13197=ORIENTED_EDGE ( 'NONE', *, *, #8319, .T. );
#13198=EDGE_LOOP ( 'NONE', ( #10269, #1497, #12601, #14029 ) );
#13199=EDGE_LOOP ( 'NONE', ( #9674, #10677, #7681, #7422, #490, #11645 ) );
#13200=EDGE_CURVE ( 'NONE', #7787, #6609, #13402, .T. );
#13201=CARTESIAN_POINT ( 'NONE',  ( 8.000000000000000000, 0.8000000000000000400, 11.69999999999999800 ) );
#13202=CLOSED_SHELL ( 'NONE', ( #13231, #9978, #10693, #8248, #4512, #2735, #9048, #12333, #788, #11192 ) );
#13203=ORIENTED_EDGE ( 'NONE', *, *, #12798, .F. );
#13204=EDGE_CURVE ( 'NONE', #8185, #9179, #10483, .T. );
#13205=CARTESIAN_POINT ( 'NONE',  ( 9.000000000000133200, 0.0000000000000000000, 7.715000000000088700 ) );
#13206=VERTEX_POINT ( 'NONE', #13993 );
#13207=PLANE ( 'NONE',  #1520 );
#13208=ORIENTED_EDGE ( 'NONE', *, *, #7501, .T. );
#13209=EDGE_LOOP ( 'NONE', ( #6232, #8431, #7380, #2456, #5169, #3907 ) );
#13210=VERTEX_POINT ( 'NONE', #7140 );
#13211=AXIS2_PLACEMENT_3D ( 'NONE', #2288, #2403, #1169 );
#13212=ORIENTED_EDGE ( 'NONE', *, *, #10942, .T. );
#13213=LINE ( 'NONE', #2037, #1767 );
#13214=FACE_OUTER_BOUND ( 'NONE', #14320, .T. );
#13215=EDGE_LOOP ( 'NONE', ( #11441, #4180, #1415, #8144 ) );
#13216=PLANE ( 'NONE',  #7395 );
#13217=ORIENTED_EDGE ( 'NONE', *, *, #9445, .F. );
#13218=CARTESIAN_POINT ( 'NONE',  ( -7.800000000000001600, 2.999200000000000500, 11.42928932188134200 ) );
#13219=ADVANCED_FACE ( 'NONE', ( #1014 ), #6016, .F. );
#13220=ORIENTED_EDGE ( 'NONE', *, *, #13338, .F. );
#13221=ADVANCED_FACE ( 'NONE', ( #11140 ), #7338, .F. );
#13222=LINE ( 'NONE', #3255, #209 );
#13223=EDGE_CURVE ( 'NONE', #6222, #8582, #2464, .T. );
#13224=FACE_OUTER_BOUND ( 'NONE', #11542, .T. );
#13225=LINE ( 'NONE', #4789, #493 );
#13226=ORIENTED_EDGE ( 'NONE', *, *, #2724, .T. );
#13227=EDGE_CURVE ( 'NONE', #10994, #9502, #786, .T. );
#13228=MANIFOLD_SOLID_BREP ( 'Boss-Extrude5[17]', #9149 );
#13229=ORIENTED_EDGE ( 'NONE', *, *, #12980, .T. );
#13230=ORIENTED_EDGE ( 'NONE', *, *, #5248, .F. );
#13231=ADVANCED_FACE ( 'NONE', ( #4235 ), #843, .T. );
#13232=EDGE_CURVE ( 'NONE', #14463, #7090, #3044, .T. );
#13233=LINE ( 'NONE', #1028, #36 );
#13234=ORIENTED_EDGE ( 'NONE', *, *, #28, .T. );
#13235=ORIENTED_EDGE ( 'NONE', *, *, #7345, .T. );
#13236=EDGE_CURVE ( 'NONE', #12439, #3588, #9193, .T. );
#13237=EDGE_CURVE ( 'NONE', #11094, #5997, #3452, .T. );
#13238=ORIENTED_EDGE ( 'NONE', *, *, #12679, .T. );
#13239=CARTESIAN_POINT ( 'NONE',  ( 7.435000000000003200, -1.006230589874914900, 12.29999999999999700 ) );
#13240=CARTESIAN_POINT ( 'NONE',  ( 8.550000000000052200, 0.8000000000000000400, 0.2699999999999959100 ) );
#13241=CARTESIAN_POINT ( 'NONE',  ( 1.455000000000000500, -1.006230589874914900, 12.29999999999999700 ) );
#13242=ORIENTED_EDGE ( 'NONE', *, *, #4727, .F. );
#13243=ADVANCED_FACE ( 'NONE', ( #4786 ), #685, .T. );
#13244=ORIENTED_EDGE ( 'NONE', *, *, #6479, .F. );
#13245=ORIENTED_EDGE ( 'NONE', *, *, #12635, .F. );
#13246=CARTESIAN_POINT ( 'NONE',  ( -8.549999999999853300, -1.006230589874914900, 9.159999999999998400 ) );
#13247=EDGE_CURVE ( 'NONE', #3622, #183, #6247, .T. );
#13248=EDGE_CURVE ( 'NONE', #9746, #4404, #4032, .T. );
#13249=ORIENTED_EDGE ( 'NONE', *, *, #8438, .T. );
#13250=ORIENTED_EDGE ( 'NONE', *, *, #11125, .T. );
#13251=PLANE ( 'NONE',  #12902 );
#13252=AXIS2_PLACEMENT_3D ( 'NONE', #2743, #215, #15 );
#13253=VERTEX_POINT ( 'NONE', #3682 );
#13254=CIRCLE ( 'NONE', #10650, 0.2749999999999991900 );
#13255=ORIENTED_EDGE ( 'NONE', *, *, #4444, .T. );
#13256=VERTEX_POINT ( 'NONE', #2017 );
#13257=ORIENTED_EDGE ( 'NONE', *, *, #8161, .F. );
#13258=CARTESIAN_POINT ( 'NONE',  ( -8.999999999999944900, 0.8000000000000000400, 0.09499999999999320100 ) );
#13259=ORIENTED_EDGE ( 'NONE', *, *, #6174, .T. );
#13260=FACE_OUTER_BOUND ( 'NONE', #7629, .T. );
#13261=EDGE_LOOP ( 'NONE', ( #1167, #12130, #13249, #1848 ) );
#13262=EDGE_CURVE ( 'NONE', #8693, #14486, #2048, .T. );
#13263=EDGE_CURVE ( 'NONE', #68, #9164, #6423, .T. );
#13264=VERTEX_POINT ( 'NONE', #8531 );
#13265=EDGE_CURVE ( 'NONE', #9721, #6868, #3927, .T. );
#13266=ORIENTED_EDGE ( 'NONE', *, *, #8822, .F. );
#13267=CARTESIAN_POINT ( 'NONE',  ( -8.999999999999982200, 0.8000000000000000400, -0.1800000000000065400 ) );
#13268=AXIS2_PLACEMENT_3D ( 'NONE', #2382, #215, #15 );
#13269=EDGE_CURVE ( 'NONE', #7074, #713, #558, .T. );
#13270=( GEOMETRIC_REPRESENTATION_CONTEXT ( 3 ) GLOBAL_UNCERTAINTY_ASSIGNED_CONTEXT ( ( #178 ) ) GLOBAL_UNIT_ASSIGNED_CONTEXT ( ( #7, #195, #16 ) ) REPRESENTATION_CONTEXT ( 'NONE', 'WORKASPACE' ) );
#13271=CARTESIAN_POINT ( 'NONE',  ( -9.000000000000000000, 0.0000000000000000000, -5.535000000000008100 ) );
#13272=CARTESIAN_POINT ( 'NONE',  ( -8.549999999999878100, 0.8000000000000000400, 5.719999999999990900 ) );
#13273=LINE ( 'NONE', #1109, #45 );
#13274=LINE ( 'NONE', #5605, #184 );
#13275=CARTESIAN_POINT ( 'NONE',  ( 0.0000000000000000000, 0.8000000000000000400, 6.619999999999996600 ) );
#13276=ADVANCED_FACE ( 'NONE', ( #11606 ), #4606, .T. );
#13277=ADVANCED_FACE ( 'NONE', ( #2656 ), #13838, .F. );
#13278=PLANE ( 'NONE',  #14170 );
#13279=EDGE_LOOP ( 'NONE', ( #13752, #3343, #12579, #1763, #1428, #8658 ) );
#13280=ORIENTED_EDGE ( 'NONE', *, *, #6436, .T. );
#13281=EDGE_LOOP ( 'NONE', ( #9053, #7403, #12012, #10576 ) );
#13282=ORIENTED_EDGE ( 'NONE', *, *, #13677, .F. );
#13283=EDGE_LOOP ( 'NONE', ( #12046, #6129, #11717, #2393, #10104, #6477 ) );
#13284=CARTESIAN_POINT ( 'NONE',  ( -0.3599999999999988800, 0.8000000000000000400, 12.74999999999999800 ) );
#13285=EDGE_LOOP ( 'NONE', ( #3363, #10880, #2151, #12453 ) );
#13286=CARTESIAN_POINT ( 'NONE',  ( 1.630000000000001200, 0.8000000000000000400, 12.74999999999999800 ) );
#13287=EDGE_CURVE ( 'NONE', #12091, #3805, #5498, .T. );
#13288=EDGE_LOOP ( 'NONE', ( #6769, #9793, #12001, #6368, #14426, #5493 ) );
#13289=ADVANCED_FACE ( 'NONE', ( #6043 ), #49, .F. );
#13290=FACE_OUTER_BOUND ( 'NONE', #5838, .T. );
#13291=LINE ( 'NONE', #11906, #205 );
#13292=ORIENTED_EDGE ( 'NONE', *, *, #8071, .T. );
#13293=EDGE_LOOP ( 'NONE', ( #5658, #1432, #3783, #13131 ) );
#13294=EDGE_LOOP ( 'NONE', ( #107, #10715, #13003, #4597, #2536, #3644 ) );
#13295=EDGE_CURVE ( 'NONE', #14397, #12959, #10961, .T. );
#13296=ORIENTED_EDGE ( 'NONE', *, *, #2410, .F. );
#13297=CARTESIAN_POINT ( 'NONE',  ( 0.0000000000000000000, -1.006230589874914900, 4.449999999999990400 ) );
#13298=FACE_OUTER_BOUND ( 'NONE', #2779, .T. );
#13299=FACE_OUTER_BOUND ( 'NONE', #13293, .T. );
#13300=CARTESIAN_POINT ( 'NONE',  ( -7.259999999999997100, 0.8000000000000000400, 12.74999999999999800 ) );
#13301=CARTESIAN_POINT ( 'NONE',  ( -7.600000000000001400, 30.15163842104813000, -5.629289321881345600 ) );
#13302=FACE_OUTER_BOUND ( 'NONE', #2247, .T. );
#13303=EDGE_CURVE ( 'NONE', #2759, #9951, #10010, .T. );
#13304=LINE ( 'NONE', #1777, #493 );
#13305=ORIENTED_EDGE ( 'NONE', *, *, #11837, .T. );
#13306=ADVANCED_FACE ( 'NONE', ( #8000 ), #10531, .T. );
#13307=EDGE_CURVE ( 'NONE', #9775, #11497, #8194, .T. );
#13308=ORIENTED_EDGE ( 'NONE', *, *, #7500, .T. );
#13309=EDGE_CURVE ( 'NONE', #769, #7090, #5141, .T. );
#13310=LINE ( 'NONE', #1323, #4 );
#13311=AXIS2_PLACEMENT_3D ( 'NONE', #1289, #6584, #1627 );
#13312=PLANE ( 'NONE',  #13371 );
#13313=ORIENTED_EDGE ( 'NONE', *, *, #6362, .F. );
#13314=LINE ( 'NONE', #2743, #493 );
#13315=LINE ( 'NONE', #5837, #205 );
#13316=ORIENTED_EDGE ( 'NONE', *, *, #7779, .T. );
#13317=VERTEX_POINT ( 'NONE', #9550 );
#13318=ORIENTED_EDGE ( 'NONE', *, *, #5633, .T. );
#13319=EDGE_CURVE ( 'NONE', #1053, #9844, #12063, .T. );
#13320=ORIENTED_EDGE ( 'NONE', *, *, #4498, .T. );
#13321=CARTESIAN_POINT ( 'NONE',  ( -8.999999999999973400, -1.006230589874914900, -3.170000000000006100 ) );
#13322=CARTESIAN_POINT ( 'NONE',  ( -8.999999999999985800, -1.006230589874914900, -1.450000000000006000 ) );
#13323=VERTEX_POINT ( 'NONE', #2848 );
#13324=AXIS2_PLACEMENT_3D ( 'NONE', #8113, #21, #31 );
#13325=ORIENTED_EDGE ( 'NONE', *, *, #5636, .T. );
#13326=ORIENTED_EDGE ( 'NONE', *, *, #6259, .T. );
#13327=ADVANCED_FACE ( 'NONE', ( #12966 ), #233, .T. );
#13328=VERTEX_POINT ( 'NONE', #10756 );
#13329=ADVANCED_FACE ( 'NONE', ( #8675 ), #1556, .F. );
#13330=EDGE_LOOP ( 'NONE', ( #55, #10869, #11834, #12828 ) );
#13331=PLANE ( 'NONE',  #5991 );
#13332=EDGE_CURVE ( 'NONE', #13727, #5431, #996, .T. );
#13333=EDGE_CURVE ( 'NONE', #1768, #12187, #13687, .T. );
#13334=FACE_OUTER_BOUND ( 'NONE', #4490, .T. );
#13335=ORIENTED_EDGE ( 'NONE', *, *, #7451, .T. );
#13336=EDGE_CURVE ( 'NONE', #2312, #8927, #3207, .T. );
#13337=LINE ( 'NONE', #1323, #493 );
#13338=EDGE_CURVE ( 'NONE', #5064, #5063, #10318, .T. );
#13339=PRESENTATION_LAYER_ASSIGNMENT (  '', '', ( #10709 ) );
#13340=ORIENTED_EDGE ( 'NONE', *, *, #4955, .T. );
#13341=FACE_OUTER_BOUND ( 'NONE', #1790, .T. );
#13342=EDGE_LOOP ( 'NONE', ( #12753, #11402, #4775, #7806, #1565, #1819 ) );
#13343=EDGE_LOOP ( 'NONE', ( #1086, #11174, #408, #3324 ) );
#13344=ORIENTED_EDGE ( 'NONE', *, *, #14291, .T. );
#13345=ADVANCED_FACE ( 'NONE', ( #4950 ), #2655, .F. );
#13346=VERTEX_POINT ( 'NONE', #4007 );
#13347=PLANE ( 'NONE',  #6715 );
#13348=CARTESIAN_POINT ( 'NONE',  ( 9.000000000000053300, 0.0000000000000000000, 9.979999999999995100 ) );
#13349=ORIENTED_EDGE ( 'NONE', *, *, #10581, .F. );
#13350=ORIENTED_EDGE ( 'NONE', *, *, #1655, .F. );
#13351=ORIENTED_EDGE ( 'NONE', *, *, #6071, .T. );
#13352=EDGE_CURVE ( 'NONE', #5017, #73, #12051, .T. );
#13353=FACE_OUTER_BOUND ( 'NONE', #3011, .T. );
#13354=ORIENTED_EDGE ( 'NONE', *, *, #3715, .F. );
#13355=EDGE_CURVE ( 'NONE', #5139, #3757, #8837, .T. );
#13356=CIRCLE ( 'NONE', #13038, 0.2749999999999996300 );
#13357=ORIENTED_EDGE ( 'NONE', *, *, #3868, .T. );
#13358=ORIENTED_EDGE ( 'NONE', *, *, #10876, .T. );
#13359=ADVANCED_FACE ( 'NONE', ( #14126 ), #2636, .T. );
#13360=EDGE_CURVE ( 'NONE', #2590, #2355, #11276, .T. );
#13361=ORIENTED_EDGE ( 'NONE', *, *, #8690, .F. );
#13362=AXIS2_PLACEMENT_3D ( 'NONE', #10736, #15, #575 );
#13363=LINE ( 'NONE', #2288, #1276 );
#13364=LINE ( 'NONE', #2313, #209 );
#13365=FACE_OUTER_BOUND ( 'NONE', #9236, .T. );
#13366=MANIFOLD_SOLID_BREP ( 'Boss-Extrude5[7]', #10725 );
#13367=ORIENTED_EDGE ( 'NONE', *, *, #6380, .F. );
#13368=EDGE_CURVE ( 'NONE', #14246, #13894, #1649, .T. );
#13369=EDGE_LOOP ( 'NONE', ( #3701, #877, #13189, #3979 ) );
#13370=CARTESIAN_POINT ( 'NONE',  ( 9.000000000000000000, 0.8000000000000000400, -5.260000000000004200 ) );
#13371=AXIS2_PLACEMENT_3D ( 'NONE', #3549, #95, #31 );
#13372=AXIS2_PLACEMENT_3D ( 'NONE', #4684, #11250, #5840 );
#13373=FACE_OUTER_BOUND ( 'NONE', #12412, .T. );
#13374=LINE ( 'NONE', #11182, #36 );
#13375=ORIENTED_EDGE ( 'NONE', *, *, #6844, .T. );
#13376=EDGE_LOOP ( 'NONE', ( #11363, #8548, #861, #10713, #10521, #13137 ) );
#13377=LINE ( 'NONE', #3425, #4 );
#13378=CYLINDRICAL_SURFACE ( 'NONE', #11562, 0.2750000000000998300 );
#13379=ORIENTED_EDGE ( 'NONE', *, *, #14509, .T. );
#13380=CARTESIAN_POINT ( 'NONE',  ( 0.0000000000000000000, -1.006230589874914900, 5.719999999999996200 ) );
#13381=ADVANCED_FACE ( 'NONE', ( #3817 ), #49, .F. );
#13382=EDGE_CURVE ( 'NONE', #2322, #410, #2641, .T. );
#13383=ORIENTED_EDGE ( 'NONE', *, *, #7916, .F. );
#13384=ORIENTED_EDGE ( 'NONE', *, *, #12157, .T. );
#13385=LINE ( 'NONE', #8410, #36 );
#13386=EDGE_CURVE ( 'NONE', #1764, #2476, #1422, .T. );
#13387=ADVANCED_FACE ( 'NONE', ( #13107 ), #9999, .F. );
#13388=ORIENTED_EDGE ( 'NONE', *, *, #10164, .F. );
#13389=PLANE ( 'NONE',  #1871 );
#13390=ORIENTED_EDGE ( 'NONE', *, *, #13074, .T. );
#13391=VERTEX_POINT ( 'NONE', #4075 );
#13392=ORIENTED_EDGE ( 'NONE', *, *, #12174, .F. );
#13393=LINE ( 'NONE', #3276, #209 );
#13394=ORIENTED_EDGE ( 'NONE', *, *, #7538, .F. );
#13395=ADVANCED_FACE ( 'NONE', ( #12813 ), #3225, .F. );
#13396=PLANE ( 'NONE',  #3853 );
#13397=EDGE_CURVE ( 'NONE', #3938, #6272, #7317, .T. );
#13398=EDGE_CURVE ( 'NONE', #9859, #5822, #10471, .T. );
#13399=EDGE_CURVE ( 'NONE', #5025, #4956, #12653, .T. );
#13400=AXIS2_PLACEMENT_3D ( 'NONE', #3724, #135, #15 );
#13401=FACE_OUTER_BOUND ( 'NONE', #14505, .T. );
#13402=LINE ( 'NONE', #1923, #36 );
#13403=ORIENTED_EDGE ( 'NONE', *, *, #13585, .T. );
#13404=ORIENTED_EDGE ( 'NONE', *, *, #13718, .F. );
#13405=LINE ( 'NONE', #8589, #327 );
#13406=VERTEX_POINT ( 'NONE', #12884 );
#13407=ADVANCED_FACE ( 'NONE', ( #13539 ), #49, .T. );
#13408=LINE ( 'NONE', #3816, #45 );
#13409=FACE_OUTER_BOUND ( 'NONE', #565, .T. );
#13410=EDGE_CURVE ( 'NONE', #8115, #1462, #13825, .T. );
#13411=EDGE_LOOP ( 'NONE', ( #4760, #7618, #8613, #6809 ) );
#13412=PLANE ( 'NONE',  #4081 );
#13413=EDGE_CURVE ( 'NONE', #8307, #3757, #6776, .T. );
#13414=CARTESIAN_POINT ( 'NONE',  ( 9.000000000000007100, 0.0000000000000000000, -2.720000000000065900 ) );
#13415=EDGE_LOOP ( 'NONE', ( #9863, #1237, #10063, #85, #4499, #770 ) );
#13416=LINE ( 'NONE', #1421, #577 );
#13417=ORIENTED_EDGE ( 'NONE', *, *, #3875, .T. );
#13418=AXIS2_PLACEMENT_3D ( 'NONE', #9157, #95, #31 );
#13419=PLANE ( 'NONE',  #1041 );
#13420=LINE ( 'NONE', #511, #4 );
#13421=ORIENTED_EDGE ( 'NONE', *, *, #7562, .T. );
#13422=EDGE_LOOP ( 'NONE', ( #9422, #4228, #7732, #2785, #11782, #3730 ) );
#13423=VERTEX_POINT ( 'NONE', #756 );
#13424=CARTESIAN_POINT ( 'NONE',  ( -8.999999999999879200, 0.8000000000000000400, 6.619999999999997400 ) );
#13425=ORIENTED_EDGE ( 'NONE', *, *, #11227, .F. );
#13426=ORIENTED_EDGE ( 'NONE', *, *, #13058, .F. );
#13427=ORIENTED_EDGE ( 'NONE', *, *, #687, .T. );
#13428=CARTESIAN_POINT ( 'NONE',  ( 3.175000000000001600, 0.0000000000000000000, 12.74999999999999800 ) );
#13429=VERTEX_POINT ( 'NONE', #7790 );
#13430=PLANE ( 'NONE',  #10916 );
#13431=ORIENTED_EDGE ( 'NONE', *, *, #393, .F. );
#13432=EDGE_CURVE ( 'NONE', #8230, #9044, #5858, .T. );
#13433=CARTESIAN_POINT ( 'NONE',  ( 8.550000000000171200, -1.006230589874914900, 11.69999999999999600 ) );
#13434=CARTESIAN_POINT ( 'NONE',  ( 8.000000000000000000, 2.999200000000000500, -5.629289321881345600 ) );
#13435=EDGE_CURVE ( 'NONE', #1051, #141, #3439, .T. );
#13436=EDGE_LOOP ( 'NONE', ( #10251, #9703, #8228, #13126, #10794, #6108 ) );
#13437=ORIENTED_EDGE ( 'NONE', *, *, #8989, .F. );
#13438=FACE_OUTER_BOUND ( 'NONE', #8774, .T. );
#13439=ORIENTED_EDGE ( 'NONE', *, *, #8684, .F. );
#13440=FACE_OUTER_BOUND ( 'NONE', #6968, .T. );
#13441=LINE ( 'NONE', #13135, #184 );
#13442=EDGE_CURVE ( 'NONE', #1908, #11108, #2240, .T. );
#13443=ORIENTED_EDGE ( 'NONE', *, *, #7062, .T. );
#13444=CARTESIAN_POINT ( 'NONE',  ( 3.625000000000002200, 0.8000000000000000400, -0.0000000000000000000 ) );
#13445=ADVANCED_FACE ( 'NONE', ( #328 ), #7033, .F. );
#13446=ADVANCED_FACE ( 'NONE', ( #8174 ), #2016, .T. );
#13447=ORIENTED_EDGE ( 'NONE', *, *, #12043, .F. );
#13448=ORIENTED_EDGE ( 'NONE', *, *, #2169, .T. );
#13449=DIRECTION ( 'NONE',  ( 1.000000000000000000, 0.0000000000000000000, 8.191749747668242200E-015 ) );
#13450=ORIENTED_EDGE ( 'NONE', *, *, #8683, .T. );
#13451=ORIENTED_EDGE ( 'NONE', *, *, #11837, .F. );
#13452=ORIENTED_EDGE ( 'NONE', *, *, #7635, .T. );
#13453=ORIENTED_EDGE ( 'NONE', *, *, #5847, .T. );
#13454=EDGE_CURVE ( 'NONE', #10976, #2483, #979, .T. );
#13455=FACE_OUTER_BOUND ( 'NONE', #4369, .T. );
#13456=EDGE_LOOP ( 'NONE', ( #13812, #9112, #11026, #12755 ) );
#13457=EDGE_CURVE ( 'NONE', #13429, #11353, #9512, .T. );
#13458=EDGE_CURVE ( 'NONE', #10561, #3094, #5, .T. );
#13459=ADVANCED_FACE ( 'NONE', ( #9167 ), #13121, .F. );
#13460=ORIENTED_EDGE ( 'NONE', *, *, #14259, .F. );
#13461=CARTESIAN_POINT ( 'NONE',  ( 5.440000000000003100, 0.0000000000000000000, 12.74999999999999800 ) );
#13462=ADVANCED_FACE ( 'NONE', ( #5470 ), #685, .T. );
#13463=ORIENTED_EDGE ( 'NONE', *, *, #3662, .F. );
#13464=AXIS2_PLACEMENT_3D ( 'NONE', #6171, #214, #15 );
#13465=FACE_OUTER_BOUND ( 'NONE', #3863, .T. );
#13466=CARTESIAN_POINT ( 'NONE',  ( -8.999999999999879200, -1.006230589874914900, 6.444999999999991400 ) );
#13467=AXIS2_PLACEMENT_3D ( 'NONE', #13763, #250, #31 );
#13468=ORIENTED_EDGE ( 'NONE', *, *, #14298, .T. );
#13469=LINE ( 'NONE', #4375, #327 );
#13470=ORIENTED_EDGE ( 'NONE', *, *, #10761, .T. );
#13471=VERTEX_POINT ( 'NONE', #3401 );
#13472=EDGE_LOOP ( 'NONE', ( #3881, #9461, #7885, #8892 ) );
#13473=ORIENTED_EDGE ( 'NONE', *, *, #11129, .F. );
#13474=EDGE_CURVE ( 'NONE', #3994, #10891, #6211, .T. );
#13475=ORIENTED_EDGE ( 'NONE', *, *, #8684, .T. );
#13476=ADVANCED_FACE ( 'NONE', ( #11110 ), #12163, .F. );
#13477=VERTEX_POINT ( 'NONE', #7955 );
#13478=EDGE_LOOP ( 'NONE', ( #5380, #13443, #6563, #9610 ) );
#13479=ORIENTED_EDGE ( 'NONE', *, *, #2745, .T. );
#13480=ORIENTED_EDGE ( 'NONE', *, *, #6658, .F. );
#13481=ORIENTED_EDGE ( 'NONE', *, *, #11670, .T. );
#13482=ORIENTED_EDGE ( 'NONE', *, *, #3254, .F. );
#13483=CARTESIAN_POINT ( 'NONE',  ( 8.550000000000171200, -1.006230589874914900, 10.79999999999999500 ) );
#13484=ORIENTED_EDGE ( 'NONE', *, *, #8881, .T. );
#13485=ORIENTED_EDGE ( 'NONE', *, *, #5564, .T. );
#13486=VERTEX_POINT ( 'NONE', #3880 );
#13487=ORIENTED_EDGE ( 'NONE', *, *, #2480, .F. );
#13488=CARTESIAN_POINT ( 'NONE',  ( -7.549200000000003500, 3.049999999999999800, 11.42928932188134200 ) );
#13489=FACE_OUTER_BOUND ( 'NONE', #9926, .T. );
#13490=ORIENTED_EDGE ( 'NONE', *, *, #7410, .F. );
#13491=EDGE_LOOP ( 'NONE', ( #4937, #9132, #5891, #5014, #1727, #9503, #11399, #4276 ) );
#13492=PLANE ( 'NONE',  #14447 );
#13493=CARTESIAN_POINT ( 'NONE',  ( 0.0000000000000000000, 0.0000000000000000000, 5.719999999999990900 ) );
#13494=FACE_OUTER_BOUND ( 'NONE', #1878, .T. );
#13495=VERTEX_POINT ( 'NONE', #4688 );
#13496=VERTEX_POINT ( 'NONE', #3288 );
#13497=EDGE_CURVE ( 'NONE', #10984, #8789, #8660, .T. );
#13498=EDGE_CURVE ( 'NONE', #6222, #8582, #7645, .T. );
#13499=LINE ( 'NONE', #1082, #205 );
#13500=EDGE_CURVE ( 'NONE', #83, #6485, #2622, .T. );
#13501=ORIENTED_EDGE ( 'NONE', *, *, #8369, .T. );
#13502=ORIENTED_EDGE ( 'NONE', *, *, #1566, .T. );
#13503=LINE ( 'NONE', #2740, #209 );
#13504=ORIENTED_EDGE ( 'NONE', *, *, #13516, .F. );
#13505=FACE_OUTER_BOUND ( 'NONE', #4770, .T. );
#13506=CARTESIAN_POINT ( 'NONE',  ( 8.550000000000169500, 0.05000000000000000300, 8.259999999999996200 ) );
#13507=ORIENTED_EDGE ( 'NONE', *, *, #11795, .T. );
#13508=CARTESIAN_POINT ( 'NONE',  ( 8.550000000000169500, 0.05000000000000000300, -0.6300000000000046700 ) );
#13509=ADVANCED_FACE ( 'NONE', ( #754 ), #49, .T. );
#13510=VERTEX_POINT ( 'NONE', #984 );
#13511=FACE_OUTER_BOUND ( 'NONE', #8948, .T. );
#13512=ADVANCED_FACE ( 'NONE', ( #14115 ), #6045, .F. );
#13513=EDGE_CURVE ( 'NONE', #9726, #6855, #2036, .T. );
#13514=VERTEX_POINT ( 'NONE', #6102 );
#13515=EDGE_CURVE ( 'NONE', #5504, #5709, #12510, .T. );
#13516=EDGE_CURVE ( 'NONE', #6163, #9087, #5, .T. );
#13517=PRESENTATION_LAYER_ASSIGNMENT (  '', '', ( #2869 ) );
#13518=CARTESIAN_POINT ( 'NONE',  ( -8.999999999999854300, 0.0000000000000000000, 8.434999999999989800 ) );
#13519=LINE ( 'NONE', #3200, #577 );
#13520=AXIS2_PLACEMENT_3D ( 'NONE', #3526, #95, #31 );
#13521=LINE ( 'NONE', #2704, #416 );
#13522=CARTESIAN_POINT ( 'NONE',  ( 9.000000000000021300, 0.0000000000000000000, 1.089999999999841100 ) );
#13523=LINE ( 'NONE', #3398, #493 );
#13524=ORIENTED_EDGE ( 'NONE', *, *, #9366, .T. );
#13525=EDGE_CURVE ( 'NONE', #1828, #5064, #10603, .T. );
#13526=EDGE_LOOP ( 'NONE', ( #632, #7045, #4011, #11829 ) );
#13527=ADVANCED_FACE ( 'NONE', ( #8817 ), #1184, .T. );
#13528=ADVANCED_FACE ( 'NONE', ( #6030 ), #233, .T. );
#13529=ORIENTED_EDGE ( 'NONE', *, *, #9528, .F. );
#13530=ORIENTED_EDGE ( 'NONE', *, *, #7451, .F. );
#13531=ORIENTED_EDGE ( 'NONE', *, *, #5001, .T. );
#13532=LINE ( 'NONE', #3958, #493 );
#13533=ORIENTED_EDGE ( 'NONE', *, *, #9290, .T. );
#13534=EDGE_CURVE ( 'NONE', #11525, #897, #4579, .T. );
#13535=CARTESIAN_POINT ( 'NONE',  ( 0.0000000000000000000, -1.006230589874914900, -4.810000000000004100 ) );
#13536=EDGE_CURVE ( 'NONE', #231, #1399, #10774, .T. );
#13537=VERTEX_POINT ( 'NONE', #13284 );
#13538=ORIENTED_EDGE ( 'NONE', *, *, #8015, .T. );
#13539=FACE_OUTER_BOUND ( 'NONE', #14147, .T. );
#13540=CIRCLE ( 'NONE', #12684, 0.2749999999999996300 );
#13541=ADVANCED_FACE ( 'NONE', ( #7302 ), #2155, .F. );
#13542=ORIENTED_EDGE ( 'NONE', *, *, #13980, .T. );
#13543=ORIENTED_EDGE ( 'NONE', *, *, #6459, .F. );
#13544=EDGE_LOOP ( 'NONE', ( #6725, #869, #9328, #13853 ) );
#13545=ORIENTED_EDGE ( 'NONE', *, *, #2945, .T. );
#13546=FACE_OUTER_BOUND ( 'NONE', #570, .T. );
#13547=ORIENTED_EDGE ( 'NONE', *, *, #2606, .T. );
#13548=PLANE ( 'NONE',  #12456 );
#13549=ORIENTED_EDGE ( 'NONE', *, *, #953, .T. );
#13550=EDGE_CURVE ( 'NONE', #4668, #2618, #13377, .T. );
#13551=FACE_OUTER_BOUND ( 'NONE', #5170, .T. );
#13552=EDGE_CURVE ( 'NONE', #10589, #11644, #4211, .T. );
#13553=ORIENTED_EDGE ( 'NONE', *, *, #5503, .F. );
#13554=EDGE_CURVE ( 'NONE', #7369, #13495, #2437, .T. );
#13555=LINE ( 'NONE', #5094, #209 );
#13556=AXIS2_PLACEMENT_3D ( 'NONE', #2313, #15, #575 );
#13557=FACE_OUTER_BOUND ( 'NONE', #12288, .T. );
#13558=ORIENTED_EDGE ( 'NONE', *, *, #14079, .T. );
#13559=EDGE_LOOP ( 'NONE', ( #799, #5870, #2340, #5008, #11205, #11284 ) );
#13560=ORIENTED_EDGE ( 'NONE', *, *, #9772, .T. );
#13561=PLANE ( 'NONE',  #4755 );
#13562=EDGE_LOOP ( 'NONE', ( #360, #3286, #9607, #7925, #4204, #13862 ) );
#13563=CARTESIAN_POINT ( 'NONE',  ( -8.999999999999893400, 0.0000000000000000000, 4.449999999999990400 ) );
#13564=FACE_OUTER_BOUND ( 'NONE', #10083, .T. );
#13565=PLANE ( 'NONE',  #11417 );
#13566=VERTEX_POINT ( 'NONE', #3684 );
#13567=FACE_OUTER_BOUND ( 'NONE', #12410, .T. );
#13568=ORIENTED_EDGE ( 'NONE', *, *, #13077, .F. );
#13569=EDGE_CURVE ( 'NONE', #1772, #3373, #3424, .T. );
#13570=EDGE_CURVE ( 'NONE', #9247, #1151, #732, .T. );
#13571=ORIENTED_EDGE ( 'NONE', *, *, #5381, .T. );
#13572=EDGE_LOOP ( 'NONE', ( #1062, #8214, #3728, #10209 ) );
#13573=ORIENTED_EDGE ( 'NONE', *, *, #2648, .T. );
#13574=ADVANCED_FACE ( 'NONE', ( #6952 ), #746, .F. );
#13575=EDGE_CURVE ( 'NONE', #5712, #1908, #6583, .T. );
#13576=VERTEX_POINT ( 'NONE', #2082 );
#13577=ADVANCED_FACE ( 'NONE', ( #10935 ), #1820, .F. );
#13578=LINE ( 'NONE', #13483, #36 );
#13579=CARTESIAN_POINT ( 'NONE',  ( -8.999999999999996400, 0.8000000000000000400, -4.265000000000005000 ) );
#13580=VECTOR ( 'NONE', #891, 1000.000000000000000 );
#13581=FACE_OUTER_BOUND ( 'NONE', #1935, .T. );
#13582=VERTEX_POINT ( 'NONE', #1726 );
#13583=ORIENTED_EDGE ( 'NONE', *, *, #4955, .F. );
#13584=ORIENTED_EDGE ( 'NONE', *, *, #12411, .T. );
#13585=EDGE_CURVE ( 'NONE', #7566, #3937, #5117, .T. );
#13586=ADVANCED_FACE ( 'NONE', ( #13678 ), #685, .T. );
#13587=ORIENTED_EDGE ( 'NONE', *, *, #2838, .T. );
#13588=EDGE_CURVE ( 'NONE', #6089, #5494, #8340, .T. );
#13589=ADVANCED_FACE ( 'NONE', ( #1626 ), #8691, .F. );
#13590=ORIENTED_EDGE ( 'NONE', *, *, #7041, .T. );
#13591=EDGE_CURVE ( 'NONE', #3707, #3656, #5649, .T. );
#13592=CARTESIAN_POINT ( 'NONE',  ( 7.729289321881345200, 3.049999999999999800, -5.649200000000005800 ) );
#13593=LINE ( 'NONE', #4079, #4 );
#13594=CARTESIAN_POINT ( 'NONE',  ( -4.170000000000000800, 0.0000000000000000000, 12.74999999999999800 ) );
#13595=VERTEX_POINT ( 'NONE', #5829 );
#13596=LINE ( 'NONE', #3517, #4 );
#13597=FACE_OUTER_BOUND ( 'NONE', #848, .T. );
#13598=ORIENTED_EDGE ( 'NONE', *, *, #9228, .F. );
#13599=ORIENTED_EDGE ( 'NONE', *, *, #2505, .T. );
#13600=ORIENTED_EDGE ( 'NONE', *, *, #7232, .F. );
#13601=VERTEX_POINT ( 'NONE', #8782 );
#13602=CARTESIAN_POINT ( 'NONE',  ( -8.549999999999865700, -1.006230589874914900, 6.989999999999989600 ) );
#13603=ADVANCED_FACE ( 'NONE', ( #13973 ), #4217, .F. );
#13604=ORIENTED_EDGE ( 'NONE', *, *, #12780, .T. );
#13605=FACE_OUTER_BOUND ( 'NONE', #13162, .T. );
#13606=EDGE_LOOP ( 'NONE', ( #13902, #13545, #13040, #11434, #2127, #8388 ) );
#13607=MANIFOLD_SOLID_BREP ( 'Boss-Extrude5[31]', #13668 );
#13608=ORIENTED_EDGE ( 'NONE', *, *, #10962, .F. );
#13609=EDGE_CURVE ( 'NONE', #2677, #1817, #9155, .T. );
#13610=FACE_OUTER_BOUND ( 'NONE', #5664, .T. );
#13611=EDGE_LOOP ( 'NONE', ( #7998, #10093, #13235, #1133 ) );
#13612=STYLED_ITEM ( 'NONE', ( #77 ), #9564 );
#13613=CARTESIAN_POINT ( 'NONE',  ( -3.624999999999999600, -1.006230589874914900, 12.29999999999999700 ) );
#13614=ORIENTED_EDGE ( 'NONE', *, *, #5696, .T. );
#13615=LINE ( 'NONE', #6481, #205 );
#13616=LINE ( 'NONE', #9813, #209 );
#13617=ORIENTED_EDGE ( 'NONE', *, *, #12930, .T. );
#13618=PLANE ( 'NONE',  #3055 );
#13619=ORIENTED_EDGE ( 'NONE', *, *, #4753, .T. );
#13620=EDGE_LOOP ( 'NONE', ( #3762, #375, #3053, #9745 ) );
#13621=EDGE_CURVE ( 'NONE', #3612, #5017, #4197, .T. );
#13622=EDGE_CURVE ( 'NONE', #1451, #4718, #12942, .T. );
#13623=ORIENTED_EDGE ( 'NONE', *, *, #6007, .F. );
#13624=AXIS2_PLACEMENT_3D ( 'NONE', #1115, #74, #65 );
#13625=ORIENTED_EDGE ( 'NONE', *, *, #451, .F. );
#13626=ORIENTED_EDGE ( 'NONE', *, *, #3941, .T. );
#13627=AXIS2_PLACEMENT_3D ( 'NONE', #3788, #135, #15 );
#13628=FACE_OUTER_BOUND ( 'NONE', #13000, .T. );
#13629=ORIENTED_EDGE ( 'NONE', *, *, #4025, .F. );
#13630=ADVANCED_FACE ( 'NONE', ( #8652 ), #49, .T. );
#13631=LINE ( 'NONE', #5486, #209 );
#13632=EDGE_LOOP ( 'NONE', ( #13439, #2709, #8795, #11280, #4349, #7346 ) );
#13633=EDGE_LOOP ( 'NONE', ( #5101, #10021, #2097, #5478, #12248, #13344 ) );
#13634=ORIENTED_EDGE ( 'NONE', *, *, #11797, .F. );
#13635=EDGE_LOOP ( 'NONE', ( #8638, #8090, #361, #5750 ) );
#13636=LINE ( 'NONE', #11806, #36 );
#13637=EDGE_CURVE ( 'NONE', #7526, #3585, #14251, .T. );
#13638=ORIENTED_EDGE ( 'NONE', *, *, #12787, .T. );
#13639=EDGE_CURVE ( 'NONE', #6524, #126, #1405, .T. );
#13640=PLANE ( 'NONE',  #13362 );
#13641=FACE_OUTER_BOUND ( 'NONE', #5902, .T. );
#13642=EDGE_CURVE ( 'NONE', #585, #12108, #6399, .T. );
#13643=LINE ( 'NONE', #3499, #36 );
#13644=EDGE_CURVE ( 'NONE', #2937, #1110, #4933, .T. );
#13645=STYLED_ITEM ( 'NONE', ( #77 ), #11917 );
#13646=ORIENTED_EDGE ( 'NONE', *, *, #5572, .T. );
#13647=FACE_OUTER_BOUND ( 'NONE', #10746, .T. );
#13648=ADVANCED_FACE ( 'NONE', ( #6762 ), #13, .T. );
#13649=ORIENTED_EDGE ( 'NONE', *, *, #14036, .F. );
#13650=ORIENTED_EDGE ( 'NONE', *, *, #10509, .F. );
#13651=LINE ( 'NONE', #5849, #184 );
#13652=ADVANCED_FACE ( 'NONE', ( #740 ), #12185, .F. );
#13653=CARTESIAN_POINT ( 'NONE',  ( -8.999999999999968000, 0.8000000000000000400, 3.629999999999991000 ) );
#13654=ORIENTED_EDGE ( 'NONE', *, *, #2584, .F. );
#13655=ORIENTED_EDGE ( 'NONE', *, *, #10393, .T. );
#13656=PLANE ( 'NONE',  #13211 );
#13657=CARTESIAN_POINT ( 'NONE',  ( 9.000000000000000000, 0.8000000000000000400, -5.710000000000005300 ) );
#13658=EDGE_CURVE ( 'NONE', #3532, #3919, #8623, .T. );
#13659=LINE ( 'NONE', #10320, #36 );
#13660=FACE_OUTER_BOUND ( 'NONE', #14073, .T. );
#13661=EDGE_CURVE ( 'NONE', #3720, #1125, #12499, .T. );
#13662=FACE_OUTER_BOUND ( 'NONE', #10524, .T. );
#13663=ADVANCED_FACE ( 'NONE', ( #12643 ), #1885, .F. );
#13664=LINE ( 'NONE', #12794, #36 );
#13665=EDGE_LOOP ( 'NONE', ( #1341, #1625, #12048, #9839 ) );
#13666=ORIENTED_EDGE ( 'NONE', *, *, #13809, .F. );
#13667=PLANE ( 'NONE',  #4884 );
#13668=CLOSED_SHELL ( 'NONE', ( #11707, #14194, #6148, #2190, #13779, #11969, #3491, #1068, #9156, #1022 ) );
#13669=FACE_OUTER_BOUND ( 'NONE', #9335, .T. );
#13670=ORIENTED_EDGE ( 'NONE', *, *, #2260, .F. );
#13671=LINE ( 'NONE', #10630, #36 );
#13672=CIRCLE ( 'NONE', #6640, 0.2749999999999991900 );
#13673=VERTEX_POINT ( 'NONE', #5668 );
#13674=EDGE_CURVE ( 'NONE', #12749, #8476, #12039, .T. );
#13675=EDGE_LOOP ( 'NONE', ( #11389, #3339, #1464, #3677 ) );
#13676=LINE ( 'NONE', #12359, #205 );
#13677=EDGE_CURVE ( 'NONE', #4216, #1267, #11861, .T. );
#13678=FACE_OUTER_BOUND ( 'NONE', #9081, .T. );
#13679=EDGE_CURVE ( 'NONE', #12187, #8617, #11885, .T. );
#13680=EDGE_LOOP ( 'NONE', ( #8894, #5065, #2366, #7700 ) );
#13681=ORIENTED_EDGE ( 'NONE', *, *, #9552, .T. );
#13682=ORIENTED_EDGE ( 'NONE', *, *, #9491, .F. );
#13683=ORIENTED_EDGE ( 'NONE', *, *, #10678, .T. );
#13684=CLOSED_SHELL ( 'NONE', ( #108, #3165, #12211, #5692, #8574, #7558, #14429, #3438, #3993, #11470 ) );
#13685=EDGE_LOOP ( 'NONE', ( #10910, #4641, #10101, #3024 ) );
#13686=FACE_OUTER_BOUND ( 'NONE', #12215, .T. );
#13687=LINE ( 'NONE', #4123, #184 );
#13688=EDGE_LOOP ( 'NONE', ( #12054, #9493, #4651, #10511, #1544, #14120 ) );
#13689=CARTESIAN_POINT ( 'NONE',  ( 0.3499999999999989800, 0.0000000000000000000, 4.310000000000017400 ) );
#13690=EDGE_CURVE ( 'NONE', #10011, #8450, #9818, .T. );
#13691=ADVANCED_FACE ( 'NONE', ( #6941 ), #49, .F. );
#13692=ORIENTED_EDGE ( 'NONE', *, *, #9939, .T. );
#13693=EDGE_CURVE ( 'NONE', #12091, #8365, #11730, .T. );
#13694=CARTESIAN_POINT ( 'NONE',  ( 0.0000000000000000000, -1.006230589874914900, 1.539999999999996300 ) );
#13695=CARTESIAN_POINT ( 'NONE',  ( 8.550000000000038000, 0.05000000000000000300, -1.900000000000005000 ) );
#13696=EDGE_CURVE ( 'NONE', #9075, #7356, #44, .T. );
#13697=LINE ( 'NONE', #12409, #205 );
#13698=ORIENTED_EDGE ( 'NONE', *, *, #9646, .T. );
#13699=VERTEX_POINT ( 'NONE', #689 );
#13700=ORIENTED_EDGE ( 'NONE', *, *, #1776, .F. );
#13701=AXIS2_PLACEMENT_3D ( 'NONE', #1798, #95, #31 );
#13702=CIRCLE ( 'NONE', #2396, 0.2750000000001067700 );
#13703=ADVANCED_FACE ( 'NONE', ( #1181 ), #14092, .F. );
#13704=EDGE_LOOP ( 'NONE', ( #10766, #11314, #14191, #9829 ) );
#13705=PLANE ( 'NONE',  #5710 );
#13706=FACE_OUTER_BOUND ( 'NONE', #9967, .T. );
#13707=ADVANCED_FACE ( 'NONE', ( #6568 ), #685, .T. );
#13708=ORIENTED_EDGE ( 'NONE', *, *, #549, .F. );
#13709=PLANE ( 'NONE',  #12204 );
#13710=CARTESIAN_POINT ( 'NONE',  ( 0.0000000000000000000, -1.006230589874914900, 5.719999999999990900 ) );
#13711=LINE ( 'NONE', #8961, #205 );
#13712=ORIENTED_EDGE ( 'NONE', *, *, #10199, .F. );
#13713=ORIENTED_EDGE ( 'NONE', *, *, #4922, .F. );
#13714=( GEOMETRIC_REPRESENTATION_CONTEXT ( 3 ) GLOBAL_UNCERTAINTY_ASSIGNED_CONTEXT ( ( #178 ) ) GLOBAL_UNIT_ASSIGNED_CONTEXT ( ( #7, #195, #16 ) ) REPRESENTATION_CONTEXT ( 'NONE', 'WORKASPACE' ) );
#13715=ORIENTED_EDGE ( 'NONE', *, *, #2555, .F. );
#13716=ORIENTED_EDGE ( 'NONE', *, *, #9593, .T. );
#13717=EDGE_CURVE ( 'NONE', #6865, #3376, #9786, .T. );
#13718=EDGE_CURVE ( 'NONE', #5831, #9726, #2566, .T. );
#13719=EDGE_CURVE ( 'NONE', #5494, #8582, #12339, .T. );
#13720=ORIENTED_EDGE ( 'NONE', *, *, #5720, .T. );
#13721=FACE_OUTER_BOUND ( 'NONE', #11197, .T. );
#13722=LINE ( 'NONE', #4070, #908 );
#13723=VERTEX_POINT ( 'NONE', #11154 );
#13724=ORIENTED_EDGE ( 'NONE', *, *, #11446, .F. );
#13725=ORIENTED_EDGE ( 'NONE', *, *, #384, .T. );
#13726=ADVANCED_FACE ( 'NONE', ( #8980 ), #3900, .T. );
#13727=VERTEX_POINT ( 'NONE', #14174 );
#13728=ORIENTED_EDGE ( 'NONE', *, *, #11607, .T. );
#13729=ORIENTED_EDGE ( 'NONE', *, *, #4127, .F. );
#13730=EDGE_CURVE ( 'NONE', #11120, #11029, #5639, .T. );
#13731=EDGE_CURVE ( 'NONE', #11621, #1388, #1168, .T. );
#13732=FACE_OUTER_BOUND ( 'NONE', #10121, .T. );
#13733=AXIS2_PLACEMENT_3D ( 'NONE', #8993, #214, #15 );
#13734=LINE ( 'NONE', #8, #45 );
#13735=ORIENTED_EDGE ( 'NONE', *, *, #1066, .F. );
#13736=EDGE_CURVE ( 'NONE', #2864, #3610, #27, .T. );
#13737=STYLED_ITEM ( 'NONE', ( #77 ), #12844 );
#13738=LINE ( 'NONE', #9394, #36 );
#13739=ORIENTED_EDGE ( 'NONE', *, *, #13860, .F. );
#13740=ORIENTED_EDGE ( 'NONE', *, *, #664, .F. );
#13741=ORIENTED_EDGE ( 'NONE', *, *, #9410, .T. );
#13742=ORIENTED_EDGE ( 'NONE', *, *, #2945, .F. );
#13743=CIRCLE ( 'NONE', #8828, 0.05080000000000015100 );
#13744=ORIENTED_EDGE ( 'NONE', *, *, #2624, .T. );
#13745=CARTESIAN_POINT ( 'NONE',  ( 9.000000000000119000, -1.006230589874914900, 5.719999999999996200 ) );
#13746=ORIENTED_EDGE ( 'NONE', *, *, #6405, .T. );
#13747=EDGE_LOOP ( 'NONE', ( #7539, #2831, #6654, #3462 ) );
#13748=ORIENTED_EDGE ( 'NONE', *, *, #10701, .F. );
#13749=LINE ( 'NONE', #12210, #209 );
#13750=ORIENTED_EDGE ( 'NONE', *, *, #13413, .T. );
#13751=EDGE_CURVE ( 'NONE', #14463, #1908, #2406, .T. );
#13752=ORIENTED_EDGE ( 'NONE', *, *, #3058, .T. );
#13753=CARTESIAN_POINT ( 'NONE',  ( 0.0000000000000000000, 0.8000000000000000400, -3.540000000000003100 ) );
#13754=LINE ( 'NONE', #134, #6914 );
#13755=ORIENTED_EDGE ( 'NONE', *, *, #11647, .F. );
#13756=MECHANICAL_DESIGN_GEOMETRIC_PRESENTATION_REPRESENTATION (  '', ( #8104 ), #773 );
#13757=ORIENTED_EDGE ( 'NONE', *, *, #2212, .T. );
#13758=EDGE_CURVE ( 'NONE', #13020, #10683, #4557, .T. );
#13759=ORIENTED_EDGE ( 'NONE', *, *, #11166, .F. );
#13760=VERTEX_POINT ( 'NONE', #9333 );
#13761=ORIENTED_EDGE ( 'NONE', *, *, #6595, .T. );
#13762=LINE ( 'NONE', #6838, #209 );
#13763=CARTESIAN_POINT ( 'NONE',  ( 9.000000000000056800, -1.006230589874914900, 11.24999999999999600 ) );
#13764=VERTEX_POINT ( 'NONE', #1765 );
#13765=FACE_OUTER_BOUND ( 'NONE', #13103, .T. );
#13766=ORIENTED_EDGE ( 'NONE', *, *, #1758, .F. );
#13767=ADVANCED_FACE ( 'NONE', ( #5108 ), #7115, .F. );
#13768=CARTESIAN_POINT ( 'NONE',  ( 8.550000000000144600, 0.05000000000000000300, 8.259999999999996200 ) );
#13769=EDGE_CURVE ( 'NONE', #10011, #4644, #961, .T. );
#13770=ADVANCED_FACE ( 'NONE', ( #4747 ), #49, .F. );
#13771=ORIENTED_EDGE ( 'NONE', *, *, #12682, .F. );
#13772=ORIENTED_EDGE ( 'NONE', *, *, #10523, .T. );
#13773=FACE_OUTER_BOUND ( 'NONE', #13472, .T. );
#13774=ORIENTED_EDGE ( 'NONE', *, *, #2623, .T. );
#13775=DIRECTION ( 'NONE',  ( 1.084202172485504000E-015, 0.0000000000000000000, 1.000000000000000000 ) );
#13776=FACE_OUTER_BOUND ( 'NONE', #5923, .T. );
#13777=ORIENTED_EDGE ( 'NONE', *, *, #7067, .T. );
#13778=ORIENTED_EDGE ( 'NONE', *, *, #11297, .F. );
#13779=ADVANCED_FACE ( 'NONE', ( #9312 ), #11503, .F. );
#13780=EDGE_LOOP ( 'NONE', ( #2881, #2974, #2867, #2909, #14005, #3461 ) );
#13781=EDGE_CURVE ( 'NONE', #3916, #1808, #2611, .T. );
#13782=EDGE_CURVE ( 'NONE', #13471, #2962, #5626, .T. );
#13783=ORIENTED_EDGE ( 'NONE', *, *, #8466, .T. );
#13784=LINE ( 'NONE', #4991, #36 );
#13785=ORIENTED_EDGE ( 'NONE', *, *, #10446, .F. );
#13786=EDGE_CURVE ( 'NONE', #3945, #7725, #8152, .T. );
#13787=CARTESIAN_POINT ( 'NONE',  ( 9.000000000000024900, 0.0000000000000000000, -3.170000000000004800 ) );
#13788=LINE ( 'NONE', #2761, #184 );
#13789=VERTEX_POINT ( 'NONE', #13424 );
#13790=CYLINDRICAL_SURFACE ( 'NONE', #10143, 0.2749999999999991900 );
#13791=( GEOMETRIC_REPRESENTATION_CONTEXT ( 3 ) GLOBAL_UNCERTAINTY_ASSIGNED_CONTEXT ( ( #178 ) ) GLOBAL_UNIT_ASSIGNED_CONTEXT ( ( #7, #195, #16 ) ) REPRESENTATION_CONTEXT ( 'NONE', 'WORKASPACE' ) );
#13792=ORIENTED_EDGE ( 'NONE', *, *, #11758, .T. );
#13793=ORIENTED_EDGE ( 'NONE', *, *, #2835, .T. );
#13794=VERTEX_POINT ( 'NONE', #1352 );
#13795=ADVANCED_FACE ( 'NONE', ( #8320 ), #9662, .F. );
#13796=LINE ( 'NONE', #6736, #45 );
#13797=EDGE_CURVE ( 'NONE', #14145, #1451, #1494, .T. );
#13798=ORIENTED_EDGE ( 'NONE', *, *, #11589, .F. );
#13799=ORIENTED_EDGE ( 'NONE', *, *, #3996, .T. );
#13800=LINE ( 'NONE', #8226, #184 );
#13801=STYLED_ITEM ( 'NONE', ( #77 ), #2856 );
#13802=PLANE ( 'NONE',  #8418 );
#13803=ORIENTED_EDGE ( 'NONE', *, *, #303, .T. );
#13804=ADVANCED_FACE ( 'NONE', ( #1392 ), #685, .T. );
#13805=CYLINDRICAL_SURFACE ( 'NONE', #10783, 0.2507999999999998000 );
#13806=ORIENTED_EDGE ( 'NONE', *, *, #1359, .F. );
#13807=CARTESIAN_POINT ( 'NONE',  ( 8.550000000000169500, 0.05000000000000000300, 4.449999999999995700 ) );
#13808=CARTESIAN_POINT ( 'NONE',  ( 8.549999999999998900, 0.8000000000000000400, -0.0000000000000000000 ) );
#13809=EDGE_CURVE ( 'NONE', #13391, #8449, #2658, .T. );
#13810=ORIENTED_EDGE ( 'NONE', *, *, #6397, .F. );
#13811=ORIENTED_EDGE ( 'NONE', *, *, #11127, .F. );
#13812=ORIENTED_EDGE ( 'NONE', *, *, #722, .F. );
#13813=ORIENTED_EDGE ( 'NONE', *, *, #10053, .F. );
#13814=FACE_OUTER_BOUND ( 'NONE', #2508, .T. );
#13815=AXIS2_PLACEMENT_3D ( 'NONE', #9651, #65, #2 );
#13816=ADVANCED_FACE ( 'NONE', ( #11569 ), #746, .F. );
#13817=EDGE_LOOP ( 'NONE', ( #4096, #1732, #13116, #12118 ) );
#13818=LINE ( 'NONE', #362, #184 );
#13819=ADVANCED_FACE ( 'NONE', ( #11720 ), #9527, .F. );
#13820=CARTESIAN_POINT ( 'NONE',  ( 1.905000000000001400, 0.8000000000000000400, 12.74999999999999800 ) );
#13821=PLANE ( 'NONE',  #6239 );
#13822=EDGE_LOOP ( 'NONE', ( #8680, #7430, #13558, #5964 ) );
#13823=LINE ( 'NONE', #435, #110 );
#13824=PLANE ( 'NONE',  #6552 );
#13825=LINE ( 'NONE', #6625, #36 );
#13826=CARTESIAN_POINT ( 'NONE',  ( 8.550000000000103700, 0.05000000000000000300, 4.449999999999995700 ) );
#13827=LINE ( 'NONE', #56, #493 );
#13828=EDGE_CURVE ( 'NONE', #5746, #243, #3708, .T. );
#13829=ORIENTED_EDGE ( 'NONE', *, *, #2702, .F. );
#13830=ORIENTED_EDGE ( 'NONE', *, *, #9064, .F. );
#13831=ORIENTED_EDGE ( 'NONE', *, *, #9595, .T. );
#13832=VERTEX_POINT ( 'NONE', #13508 );
#13833=EDGE_CURVE ( 'NONE', #4269, #6367, #3986, .T. );
#13834=LINE ( 'NONE', #2122, #493 );
#13835=ORIENTED_EDGE ( 'NONE', *, *, #8987, .F. );
#13836=EDGE_LOOP ( 'NONE', ( #7946, #11128, #803, #1272 ) );
#13837=ADVANCED_FACE ( 'NONE', ( #10280 ), #13, .T. );
#13838=CYLINDRICAL_SURFACE ( 'NONE', #7266, 0.2750000000000000800 );
#13839=EDGE_LOOP ( 'NONE', ( #13755, #2523, #6980, #12897 ) );
#13840=CLOSED_SHELL ( 'NONE', ( #3915, #10441, #8511, #14069, #4321, #4940 ) );
#13841=ORIENTED_EDGE ( 'NONE', *, *, #12120, .F. );
#13842=ORIENTED_EDGE ( 'NONE', *, *, #4974, .T. );
#13843=EDGE_CURVE ( 'NONE', #2378, #5893, #9979, .T. );
#13844=EDGE_CURVE ( 'NONE', #3916, #1808, #3589, .T. );
#13845=EDGE_CURVE ( 'NONE', #2499, #12154, #4371, .T. );
#13846=ADVANCED_FACE ( 'NONE', ( #6749 ), #2009, .F. );
#13847=ORIENTED_EDGE ( 'NONE', *, *, #947, .F. );
#13848=LINE ( 'NONE', #1434, #184 );
#13849=AXIS2_PLACEMENT_3D ( 'NONE', #11985, #95, #31 );
#13850=EDGE_LOOP ( 'NONE', ( #12552, #8514, #9291, #2727, #9381, #10791 ) );
#13851=ORIENTED_EDGE ( 'NONE', *, *, #12120, .T. );
#13852=ORIENTED_EDGE ( 'NONE', *, *, #8925, .T. );
#13853=ORIENTED_EDGE ( 'NONE', *, *, #5962, .T. );
#13854=LINE ( 'NONE', #11863, #36 );
#13855=CARTESIAN_POINT ( 'NONE',  ( -8.999999999999964500, 0.0000000000000000000, 4.899999999999991500 ) );
#13856=ORIENTED_EDGE ( 'NONE', *, *, #953, .F. );
#13857=CARTESIAN_POINT ( 'NONE',  ( -2.724999999999998300, -1.006230589874914900, 0.0000000000000000000 ) );
#13858=FACE_OUTER_BOUND ( 'NONE', #3963, .T. );
#13859=ORIENTED_EDGE ( 'NONE', *, *, #9693, .F. );
#13860=EDGE_CURVE ( 'NONE', #5645, #4719, #6006, .T. );
#13861=EDGE_CURVE ( 'NONE', #2939, #6222, #13363, .T. );
#13862=ORIENTED_EDGE ( 'NONE', *, *, #6751, .T. );
#13863=STYLED_ITEM ( 'NONE', ( #77 ), #7469 );
#13864=EDGE_LOOP ( 'NONE', ( #7003, #9090, #144, #143 ) );
#13865=EDGE_CURVE ( 'NONE', #6250, #12310, #14240, .T. );
#13866=ORIENTED_EDGE ( 'NONE', *, *, #4027, .F. );
#13867=AXIS2_PLACEMENT_3D ( 'NONE', #4382, #19, #135 );
#13868=CARTESIAN_POINT ( 'NONE',  ( 8.550000000000103700, 0.8000000000000000400, 5.349999999999996100 ) );
#13869=CIRCLE ( 'NONE', #4271, 0.2750000000000000800 );
#13870=FACE_OUTER_BOUND ( 'NONE', #646, .T. );
#13871=EDGE_LOOP ( 'NONE', ( #11021, #1593, #2125, #6022 ) );
#13872=ORIENTED_EDGE ( 'NONE', *, *, #13263, .T. );
#13873=CARTESIAN_POINT ( 'NONE',  ( 9.000000000000158100, 0.0000000000000000000, 10.25500000000010200 ) );
#13874=CYLINDRICAL_SURFACE ( 'NONE', #10780, 0.2750000000000035200 );
#13875=LINE ( 'NONE', #9880, #36 );
#13876=ORIENTED_EDGE ( 'NONE', *, *, #5027, .F. );
#13877=VERTEX_POINT ( 'NONE', #10814 );
#13878=ORIENTED_EDGE ( 'NONE', *, *, #2217, .F. );
#13879=ADVANCED_FACE ( 'NONE', ( #12176 ), #241, .F. );
#13880=ORIENTED_EDGE ( 'NONE', *, *, #12442, .T. );
#13881=ORIENTED_EDGE ( 'NONE', *, *, #5397, .F. );
#13882=ADVANCED_FACE ( 'NONE', ( #10918 ), #6553, .F. );
#13883=LINE ( 'NONE', #4627, #36 );
#13884=EDGE_CURVE ( 'NONE', #9667, #12690, #2199, .T. );
#13885=VERTEX_POINT ( 'NONE', #5367 );
#13886=EDGE_CURVE ( 'NONE', #6699, #9997, #5818, .T. );
#13887=AXIS2_PLACEMENT_3D ( 'NONE', #2382, #135, #15 );
#13888=ORIENTED_EDGE ( 'NONE', *, *, #5597, .T. );
#13889=EDGE_CURVE ( 'NONE', #3712, #9868, #2010, .T. );
#13890=AXIS2_PLACEMENT_3D ( 'NONE', #9477, #31, #10970 );
#13891=LINE ( 'NONE', #977, #209 );
#13892=LINE ( 'NONE', #6400, #184 );
#13893=AXIS2_PLACEMENT_3D ( 'NONE', #2141, #215, #15 );
#13894=VERTEX_POINT ( 'NONE', #9749 );
#13895=CARTESIAN_POINT ( 'NONE',  ( 9.000000000000000000, -1.006230589874914900, -5.260000000000004200 ) );
#13896=ORIENTED_EDGE ( 'NONE', *, *, #10864, .F. );
#13897=CARTESIAN_POINT ( 'NONE',  ( 7.435000000000003200, -1.006230589874914900, 0.0000000000000000000 ) );
#13898=EDGE_LOOP ( 'NONE', ( #12432, #14289, #10826, #10464 ) );
#13899=EDGE_LOOP ( 'NONE', ( #11828, #13646, #3901, #13242 ) );
#13900=LINE ( 'NONE', #3788, #209 );
#13901=ORIENTED_EDGE ( 'NONE', *, *, #12457, .T. );
#13902=ORIENTED_EDGE ( 'NONE', *, *, #4206, .F. );
#13903=ADVANCED_FACE ( 'NONE', ( #6735 ), #5277, .F. );
#13904=ORIENTED_EDGE ( 'NONE', *, *, #4501, .F. );
#13905=LINE ( 'NONE', #438, #4 );
#13906=ORIENTED_EDGE ( 'NONE', *, *, #8336, .T. );
#13907=EDGE_CURVE ( 'NONE', #4635, #5139, #14095, .T. );
#13908=EDGE_CURVE ( 'NONE', #4482, #9303, #2599, .T. );
#13909=VERTEX_POINT ( 'NONE', #12771 );
#13910=EDGE_CURVE ( 'NONE', #10267, #883, #9640, .T. );
#13911=PLANE ( 'NONE',  #4981 );
#13912=ORIENTED_EDGE ( 'NONE', *, *, #1273, .F. );
#13913=FACE_OUTER_BOUND ( 'NONE', #8593, .T. );
#13914=AXIS2_PLACEMENT_3D ( 'NONE', #1751, #9103, #5604 );
#13915=EDGE_CURVE ( 'NONE', #9868, #3916, #9609, .T. );
#13916=VERTEX_POINT ( 'NONE', #422 );
#13917=ADVANCED_FACE ( 'NONE', ( #495 ), #3146, .T. );
#13918=LINE ( 'NONE', #465, #493 );
#13919=ORIENTED_EDGE ( 'NONE', *, *, #2940, .F. );
#13920=VERTEX_POINT ( 'NONE', #13826 );
#13921=PLANE ( 'NONE',  #7765 );
#13922=FACE_OUTER_BOUND ( 'NONE', #248, .T. );
#13923=ORIENTED_EDGE ( 'NONE', *, *, #303, .F. );
#13924=ORIENTED_EDGE ( 'NONE', *, *, #9772, .F. );
#13925=LINE ( 'NONE', #3724, #209 );
#13926=CARTESIAN_POINT ( 'NONE',  ( -8.549999999999853300, 0.8000000000000000400, 8.259999999999987400 ) );
#13927=ORIENTED_EDGE ( 'NONE', *, *, #7813, .T. );
#13928=EDGE_CURVE ( 'NONE', #11038, #4304, #1376, .T. );
#13929=EDGE_CURVE ( 'NONE', #11123, #792, #13222, .T. );
#13930=ORIENTED_EDGE ( 'NONE', *, *, #11976, .T. );
#13931=VERTEX_POINT ( 'NONE', #12977 );
#13932=EDGE_CURVE ( 'NONE', #738, #6163, #2993, .T. );
#13933=ORIENTED_EDGE ( 'NONE', *, *, #4998, .T. );
#13934=STYLED_ITEM ( 'NONE', ( #77 ), #10823 );
#13935=FACE_OUTER_BOUND ( 'NONE', #10569, .T. );
#13936=AXIS2_PLACEMENT_3D ( 'NONE', #2468, #234, #885 );
#13937=CARTESIAN_POINT ( 'NONE',  ( 0.0000000000000000000, 0.0000000000000000000, 0.6399999999999955700 ) );
#13938=ORIENTED_EDGE ( 'NONE', *, *, #8462, .T. );
#13939=LINE ( 'NONE', #561, #493 );
#13940=ORIENTED_EDGE ( 'NONE', *, *, #3737, .T. );
#13941=VERTEX_POINT ( 'NONE', #12935 );
#13942=EDGE_LOOP ( 'NONE', ( #9766, #3844, #8639, #12541, #5719, #5533 ) );
#13943=AXIS2_PLACEMENT_3D ( 'NONE', #1380, #31, #65 );
#13944=EDGE_CURVE ( 'NONE', #11468, #126, #5995, .T. );
#13945=LINE ( 'NONE', #4198, #36 );
#13946=EDGE_CURVE ( 'NONE', #8927, #6274, #13939, .T. );
#13947=ADVANCED_FACE ( 'NONE', ( #12490 ), #8012, .F. );
#13948=EDGE_CURVE ( 'NONE', #246, #5147, #8484, .T. );
#13949=VERTEX_POINT ( 'NONE', #602 );
#13950=ADVANCED_FACE ( 'NONE', ( #10124 ), #1986, .T. );
#13951=PLANE ( 'NONE',  #10439 );
#13952=LINE ( 'NONE', #5056, #205 );
#13953=LINE ( 'NONE', #11654, #184 );
#13954=LINE ( 'NONE', #4706, #209 );
#13955=VERTEX_POINT ( 'NONE', #4601 );
#13956=ORIENTED_EDGE ( 'NONE', *, *, #14452, .T. );
#13957=CARTESIAN_POINT ( 'NONE',  ( 0.0000000000000000000, 0.8000000000000000400, -4.440000000000005700 ) );
#13958=EDGE_CURVE ( 'NONE', #11194, #5321, #9143, .T. );
#13959=EDGE_CURVE ( 'NONE', #1602, #12959, #5093, .T. );
#13960=EDGE_CURVE ( 'NONE', #1908, #11108, #932, .T. );
#13961=ADVANCED_FACE ( 'NONE', ( #280 ), #13096, .F. );
#13962=MECHANICAL_DESIGN_GEOMETRIC_PRESENTATION_REPRESENTATION (  '', ( #12304 ), #10705 );
#13963=VERTEX_POINT ( 'NONE', #13995 );
#13964=EDGE_CURVE ( 'NONE', #2040, #5196, #6194, .T. );
#13965=MECHANICAL_DESIGN_GEOMETRIC_PRESENTATION_REPRESENTATION (  '', ( #10709 ), #2321 );
#13966=CARTESIAN_POINT ( 'NONE',  ( -8.999999999999985800, 0.0000000000000000000, -3.540000000000003100 ) );
#13967=LINE ( 'NONE', #12052, #36 );
#13968=CARTESIAN_POINT ( 'NONE',  ( 9.000000000000145700, -1.006230589874914900, 8.434999999999897500 ) );
#13969=VERTEX_POINT ( 'NONE', #3238 );
#13970=CARTESIAN_POINT ( 'NONE',  ( 3.995000000000001000, -1.006230589874914900, 12.74999999999999800 ) );
#13971=ORIENTED_EDGE ( 'NONE', *, *, #8708, .F. );
#13972=EDGE_LOOP ( 'NONE', ( #191, #12542, #944, #12184, #3659, #9910 ) );
#13973=FACE_OUTER_BOUND ( 'NONE', #5848, .T. );
#13974=PLANE ( 'NONE',  #10491 );
#13975=PLANE ( 'NONE',  #2750 );
#13976=ORIENTED_EDGE ( 'NONE', *, *, #11630, .F. );
#13977=EDGE_LOOP ( 'NONE', ( #11455, #11986, #9344, #813 ) );
#13978=ADVANCED_FACE ( 'NONE', ( #8957 ), #4357, .F. );
#13979=ORIENTED_EDGE ( 'NONE', *, *, #11023, .T. );
#13980=EDGE_CURVE ( 'NONE', #13146, #1110, #10271, .T. );
#13981=ORIENTED_EDGE ( 'NONE', *, *, #7816, .F. );
#13982=EDGE_CURVE ( 'NONE', #4873, #1451, #10585, .T. );
#13983=EDGE_CURVE ( 'NONE', #5516, #5160, #3178, .T. );
#13984=AXIS2_PLACEMENT_3D ( 'NONE', #5798, #6835, #250 );
#13985=CARTESIAN_POINT ( 'NONE',  ( 8.550000000000144600, 0.04999999999999991300, 9.159999999999998400 ) );
#13986=ORIENTED_EDGE ( 'NONE', *, *, #13570, .F. );
#13987=EDGE_CURVE ( 'NONE', #10383, #11015, #4736, .T. );
#13988=ORIENTED_EDGE ( 'NONE', *, *, #8764, .F. );
#13989=DIRECTION ( 'NONE',  ( -3.532527805625508400E-013, 0.0000000000000000000, -1.000000000000000000 ) );
#13990=CARTESIAN_POINT ( 'NONE',  ( 0.0000000000000000000, 0.8000000000000000400, -3.540000000000004000 ) );
#13991=CYLINDRICAL_SURFACE ( 'NONE', #2627, 0.2749999999999996300 );
#13992=LINE ( 'NONE', #10378, #184 );
#13993=CARTESIAN_POINT ( 'NONE',  ( -8.999999999999985800, 0.8000000000000000400, -3.540000000000003100 ) );
#13994=EDGE_LOOP ( 'NONE', ( #5140, #11347, #3617, #1633, #13547, #1295 ) );
#13995=CARTESIAN_POINT ( 'NONE',  ( -7.600000000000001400, 0.8000000000000056000, -5.629289321881345600 ) );
#13996=ORIENTED_EDGE ( 'NONE', *, *, #10053, .T. );
#13997=FACE_OUTER_BOUND ( 'NONE', #5981, .T. );
#13998=ORIENTED_EDGE ( 'NONE', *, *, #8433, .F. );
#13999=LINE ( 'NONE', #10827, #327 );
#14000=FACE_OUTER_BOUND ( 'NONE', #78, .T. );
#14001=ORIENTED_EDGE ( 'NONE', *, *, #12589, .F. );
#14002=CARTESIAN_POINT ( 'NONE',  ( -8.549999999999892400, 0.0000000000000000000, 5.349999999999997000 ) );
#14003=ORIENTED_EDGE ( 'NONE', *, *, #10446, .T. );
#14004=EDGE_LOOP ( 'NONE', ( #8508, #12537, #7244, #10325 ) );
#14005=ORIENTED_EDGE ( 'NONE', *, *, #14055, .T. );
#14006=CARTESIAN_POINT ( 'NONE',  ( 9.000000000000021300, -1.006230589874914900, 1.089999999999841100 ) );
#14007=CARTESIAN_POINT ( 'NONE',  ( 8.550000000000013100, 0.0000000000000000000, -3.540000000000003100 ) );
#14008=ADVANCED_FACE ( 'NONE', ( #4362 ), #4757, .F. );
#14009=ADVANCED_FACE ( 'NONE', ( #14231 ), #1031, .T. );
#14010=CARTESIAN_POINT ( 'NONE',  ( -8.549999999999972300, 0.8000000000000000400, -3.170000000000006100 ) );
#14011=ORIENTED_EDGE ( 'NONE', *, *, #4098, .F. );
#14012=EDGE_LOOP ( 'NONE', ( #4256, #2323, #2755, #13128 ) );
#14013=CIRCLE ( 'NONE', #12882, 0.2749999999999991900 );
#14014=LINE ( 'NONE', #11858, #184 );
#14015=ORIENTED_EDGE ( 'NONE', *, *, #10465, .T. );
#14016=EDGE_LOOP ( 'NONE', ( #12925, #12058, #12868, #2257 ) );
#14017=EDGE_LOOP ( 'NONE', ( #2986, #9536, #7536, #6588 ) );
#14018=EDGE_CURVE ( 'NONE', #3984, #5536, #6376, .T. );
#14019=EDGE_CURVE ( 'NONE', #8115, #3767, #5628, .T. );
#14020=FACE_OUTER_BOUND ( 'NONE', #4119, .T. );
#14021=CARTESIAN_POINT ( 'NONE',  ( -8.549999999999972300, -1.006230589874914900, -2.270000000000003600 ) );
#14022=ORIENTED_EDGE ( 'NONE', *, *, #4761, .F. );
#14023=AXIS2_PLACEMENT_3D ( 'NONE', #4385, #15, #575 );
#14024=ORIENTED_EDGE ( 'NONE', *, *, #330, .F. );
#14025=LINE ( 'NONE', #2921, #493 );
#14026=ADVANCED_FACE ( 'NONE', ( #12319 ), #1182, .F. );
#14027=LINE ( 'NONE', #277, #209 );
#14028=LINE ( 'NONE', #6065, #184 );
#14029=ORIENTED_EDGE ( 'NONE', *, *, #7871, .F. );
#14030=ORIENTED_EDGE ( 'NONE', *, *, #524, .F. );
#14031=EDGE_LOOP ( 'NONE', ( #2238, #14456, #10330, #9372 ) );
#14032=EDGE_LOOP ( 'NONE', ( #7851, #13313, #8371, #14193, #9712, #11850 ) );
#14033=ORIENTED_EDGE ( 'NONE', *, *, #14370, .F. );
#14034=CARTESIAN_POINT ( 'NONE',  ( 0.0000000000000000000, 0.0000000000000000000, -4.440000000000005700 ) );
#14035=EDGE_CURVE ( 'NONE', #3349, #2837, #5286, .T. );
#14036=EDGE_CURVE ( 'NONE', #6076, #626, #8631, .T. );
#14037=AXIS2_PLACEMENT_3D ( 'NONE', #333, #575, #19 );
#14038=FACE_OUTER_BOUND ( 'NONE', #1446, .T. );
#14039=ADVANCED_FACE ( 'NONE', ( #13079 ), #5912, .F. );
#14040=CARTESIAN_POINT ( 'NONE',  ( -8.549999999999904800, 0.8000000000000000400, 0.0000000000000000000 ) );
#14041=EDGE_LOOP ( 'NONE', ( #4619, #6401, #5602, #10289, #6965, #6314 ) );
#14042=ORIENTED_EDGE ( 'NONE', *, *, #11894, .F. );
#14043=CARTESIAN_POINT ( 'NONE',  ( -8.549999999999892400, -1.006230589874914900, 4.449999999999990400 ) );
#14044=CARTESIAN_POINT ( 'NONE',  ( -8.999999999999989300, 0.0000000000000000000, -3.715000000000004700 ) );
#14045=CARTESIAN_POINT ( 'NONE',  ( -8.999999999999865000, -1.006230589874914900, 6.989999999999989600 ) );
#14046=ORIENTED_EDGE ( 'NONE', *, *, #13591, .T. );
#14047=CARTESIAN_POINT ( 'NONE',  ( -8.999999999999920100, 0.0000000000000000000, 2.809999999999996500 ) );
#14048=EDGE_LOOP ( 'NONE', ( #10459, #12462, #6202, #8553, #8062, #11528 ) );
#14049=LINE ( 'NONE', #4624, #10 );
#14050=LINE ( 'NONE', #2812, #4 );
#14051=ORIENTED_EDGE ( 'NONE', *, *, #13319, .F. );
#14052=EDGE_CURVE ( 'NONE', #897, #5736, #2011, .T. );
#14053=EDGE_LOOP ( 'NONE', ( #6037, #10893, #894, #8086 ) );
#14054=ORIENTED_EDGE ( 'NONE', *, *, #4071, .T. );
#14055=EDGE_CURVE ( 'NONE', #1690, #14084, #14081, .T. );
#14056=ORIENTED_EDGE ( 'NONE', *, *, #10181, .F. );
#14057=EDGE_CURVE ( 'NONE', #4436, #10735, #8781, .T. );
#14058=VERTEX_POINT ( 'NONE', #8029 );
#14059=CARTESIAN_POINT ( 'NONE',  ( -8.549999999999972300, 0.8000000000000000400, 0.0000000000000000000 ) );
#14060=CARTESIAN_POINT ( 'NONE',  ( 8.550000000000093100, 0.8000000000000000400, -0.0000000000000000000 ) );
#14061=FACE_OUTER_BOUND ( 'NONE', #6213, .T. );
#14062=ORIENTED_EDGE ( 'NONE', *, *, #6893, .F. );
#14063=VERTEX_POINT ( 'NONE', #2591 );
#14064=LINE ( 'NONE', #440, #36 );
#14065=VERTEX_POINT ( 'NONE', #9466 );
#14066=CIRCLE ( 'NONE', #7782, 0.2749999999999996300 );
#14067=ORIENTED_EDGE ( 'NONE', *, *, #631, .T. );
#14068=FACE_OUTER_BOUND ( 'NONE', #5413, .T. );
#14069=ADVANCED_FACE ( 'NONE', ( #12778 ), #11413, .T. );
#14070=LINE ( 'NONE', #12324, #36 );
#14071=ORIENTED_EDGE ( 'NONE', *, *, #2816, .T. );
#14072=ADVANCED_FACE ( 'NONE', ( #7606 ), #49, .F. );
#14073=EDGE_LOOP ( 'NONE', ( #1724, #4794, #9432, #8201 ) );
#14074=ORIENTED_EDGE ( 'NONE', *, *, #3596, .F. );
#14075=EDGE_CURVE ( 'NONE', #6503, #5228, #8306, .T. );
#14076=ORIENTED_EDGE ( 'NONE', *, *, #12572, .F. );
#14077=CARTESIAN_POINT ( 'NONE',  ( -4.444999999999999400, 0.0000000000000000000, 12.74999999999999800 ) );
#14078=ORIENTED_EDGE ( 'NONE', *, *, #499, .T. );
#14079=EDGE_CURVE ( 'NONE', #4867, #8400, #4906, .T. );
#14080=AXIS2_PLACEMENT_3D ( 'NONE', #112, #1353, #1025 );
#14081=LINE ( 'NONE', #2473, #36 );
#14082=VERTEX_POINT ( 'NONE', #4915 );
#14083=ORIENTED_EDGE ( 'NONE', *, *, #9013, .T. );
#14084=VERTEX_POINT ( 'NONE', #3921 );
#14085=ORIENTED_EDGE ( 'NONE', *, *, #11736, .T. );
#14086=CARTESIAN_POINT ( 'NONE',  ( 9.000000000000079900, 0.0000000000000000000, 1.909999999999995000 ) );
#14087=ADVANCED_FACE ( 'NONE', ( #11406 ), #3739, .T. );
#14088=EDGE_LOOP ( 'NONE', ( #8638, #4888, #7059, #1117 ) );
#14089=LINE ( 'NONE', #1549, #209 );
#14090=EDGE_CURVE ( 'NONE', #12694, #4543, #2582, .T. );
#14091=CARTESIAN_POINT ( 'NONE',  ( 9.000000000000133200, -1.006230589874914900, 6.989999999999996700 ) );
#14092=PLANE ( 'NONE',  #1128 );
#14093=ORIENTED_EDGE ( 'NONE', *, *, #13661, .F. );
#14094=EDGE_CURVE ( 'NONE', #4690, #9997, #3372, .T. );
#14095=LINE ( 'NONE', #2918, #4 );
#14096=FACE_OUTER_BOUND ( 'NONE', #548, .T. );
#14097=FACE_OUTER_BOUND ( 'NONE', #7938, .T. );
#14098=MECHANICAL_DESIGN_GEOMETRIC_PRESENTATION_REPRESENTATION (  '', ( #9480 ), #2177 );
#14099=ORIENTED_EDGE ( 'NONE', *, *, #3498, .F. );
#14100=ORIENTED_EDGE ( 'NONE', *, *, #7924, .F. );
#14101=ADVANCED_FACE ( 'NONE', ( #12474 ), #6018, .F. );
#14102=ORIENTED_EDGE ( 'NONE', *, *, #6851, .F. );
#14103=CARTESIAN_POINT ( 'NONE',  ( 8.550000000000171200, 0.05000000000000000300, 10.79999999999999500 ) );
#14104=EDGE_CURVE ( 'NONE', #13256, #4723, #8218, .T. );
#14105=FACE_OUTER_BOUND ( 'NONE', #11490, .T. );
#14106=EDGE_CURVE ( 'NONE', #6159, #6321, #262, .T. );
#14107=AXIS2_PLACEMENT_3D ( 'NONE', #603, #19, #135 );
#14108=LINE ( 'NONE', #6676, #36 );
#14109=EDGE_LOOP ( 'NONE', ( #4969, #13059, #13357, #8499 ) );
#14110=ORIENTED_EDGE ( 'NONE', *, *, #2564, .F. );
#14111=EDGE_CURVE ( 'NONE', #10452, #2590, #13952, .T. );
#14112=AXIS2_PLACEMENT_3D ( 'NONE', #56, #95, #31 );
#14113=AXIS2_PLACEMENT_3D ( 'NONE', #8177, #95, #31 );
#14114=EDGE_LOOP ( 'NONE', ( #12927, #13427, #6472, #10035, #4045, #7190 ) );
#14115=FACE_OUTER_BOUND ( 'NONE', #8030, .T. );
#14116=ORIENTED_EDGE ( 'NONE', *, *, #2914, .F. );
#14117=ORIENTED_EDGE ( 'NONE', *, *, #1603, .F. );
#14118=ORIENTED_EDGE ( 'NONE', *, *, #4697, .F. );
#14119=ORIENTED_EDGE ( 'NONE', *, *, #607, .T. );
#14120=ORIENTED_EDGE ( 'NONE', *, *, #1949, .T. );
#14121=EDGE_CURVE ( 'NONE', #4304, #9164, #2566, .T. );
#14122=EDGE_CURVE ( 'NONE', #10364, #7418, #521, .T. );
#14123=ORIENTED_EDGE ( 'NONE', *, *, #3781, .F. );
#14124=ORIENTED_EDGE ( 'NONE', *, *, #11772, .T. );
#14125=EDGE_CURVE ( 'NONE', #8757, #9696, #707, .T. );
#14126=FACE_OUTER_BOUND ( 'NONE', #3764, .T. );
#14127=EDGE_CURVE ( 'NONE', #25, #4084, #470, .T. );
#14128=ADVANCED_FACE ( 'NONE', ( #13660 ), #746, .F. );
#14129=ORIENTED_EDGE ( 'NONE', *, *, #6124, .T. );
#14130=ADVANCED_FACE ( 'NONE', ( #11424 ), #275, .F. );
#14131=LINE ( 'NONE', #5765, #209 );
#14132=MANIFOLD_SOLID_BREP ( 'Boss-Extrude6[9]', #9482 );
#14133=VERTEX_POINT ( 'NONE', #13579 );
#14134=ORIENTED_EDGE ( 'NONE', *, *, #5023, .F. );
#14135=CIRCLE ( 'NONE', #6015, 0.2749999999999991900 );
#14136=PLANE ( 'NONE',  #9649 );
#14137=ORIENTED_EDGE ( 'NONE', *, *, #13736, .T. );
#14138=LINE ( 'NONE', #4136, #577 );
#14139=CARTESIAN_POINT ( 'NONE',  ( 4.445000000000002100, 0.8000000000000000400, 12.74999999999999800 ) );
#14140=EDGE_CURVE ( 'NONE', #710, #9889, #9789, .T. );
#14141=ORIENTED_EDGE ( 'NONE', *, *, #9994, .F. );
#14142=EDGE_LOOP ( 'NONE', ( #13778, #3042, #9354, #8167 ) );
#14143=EDGE_CURVE ( 'NONE', #4304, #6896, #283, .T. );
#14144=LINE ( 'NONE', #510, #36 );
#14145=VERTEX_POINT ( 'NONE', #4010 );
#14146=VERTEX_POINT ( 'NONE', #2690 );
#14147=EDGE_LOOP ( 'NONE', ( #6134, #12415, #11794, #7769 ) );
#14148=ADVANCED_FACE ( 'NONE', ( #13647 ), #11776, .T. );
#14149=ORIENTED_EDGE ( 'NONE', *, *, #3478, .T. );
#14150=ORIENTED_EDGE ( 'NONE', *, *, #13016, .F. );
#14151=EDGE_CURVE ( 'NONE', #13920, #14385, #8142, .T. );
#14152=CYLINDRICAL_SURFACE ( 'NONE', #2652, 0.2749999999999991900 );
#14153=CARTESIAN_POINT ( 'NONE',  ( -8.549999999999933200, -1.006230589874914900, 0.6399999999999921300 ) );
#14154=ORIENTED_EDGE ( 'NONE', *, *, #393, .T. );
#14155=PLANE ( 'NONE',  #11781 );
#14156=VERTEX_POINT ( 'NONE', #14469 );
#14157=LINE ( 'NONE', #714, #209 );
#14158=VERTEX_POINT ( 'NONE', #4147 );
#14159=LINE ( 'NONE', #2827, #4 );
#14160=ORIENTED_EDGE ( 'NONE', *, *, #282, .F. );
#14161=VERTEX_POINT ( 'NONE', #5259 );
#14162=ORIENTED_EDGE ( 'NONE', *, *, #4999, .T. );
#14163=ADVANCED_FACE ( 'NONE', ( #2789 ), #3900, .F. );
#14164=FACE_OUTER_BOUND ( 'NONE', #7717, .T. );
#14165=EDGE_CURVE ( 'NONE', #4725, #3354, #1318, .T. );
#14166=EDGE_CURVE ( 'NONE', #9784, #7950, #497, .T. );
#14167=ORIENTED_EDGE ( 'NONE', *, *, #9187, .T. );
#14168=( GEOMETRIC_REPRESENTATION_CONTEXT ( 3 ) GLOBAL_UNCERTAINTY_ASSIGNED_CONTEXT ( ( #178 ) ) GLOBAL_UNIT_ASSIGNED_CONTEXT ( ( #7, #195, #16 ) ) REPRESENTATION_CONTEXT ( 'NONE', 'WORKASPACE' ) );
#14169=FACE_OUTER_BOUND ( 'NONE', #12785, .T. );
#14170=AXIS2_PLACEMENT_3D ( 'NONE', #805, #19, #135 );
#14171=CLOSED_SHELL ( 'NONE', ( #6486, #10300, #14482, #1166, #4626, #9334, #3595, #13577, #5992, #6323 ) );
#14172=CARTESIAN_POINT ( 'NONE',  ( 9.000000000000024900, 0.8000000000000000400, -3.170000000000004800 ) );
#14173=EDGE_LOOP ( 'NONE', ( #3168, #14225, #12547, #9029, #10562, #544 ) );
#14174=CARTESIAN_POINT ( 'NONE',  ( 9.000000000000092400, 0.8000000000000000400, 3.179999999999995300 ) );
#14175=ORIENTED_EDGE ( 'NONE', *, *, #2841, .T. );
#14176=FACE_OUTER_BOUND ( 'NONE', #9163, .T. );
#14177=FACE_OUTER_BOUND ( 'NONE', #14221, .T. );
#14178=ORIENTED_EDGE ( 'NONE', *, *, #5701, .T. );
#14179=ORIENTED_EDGE ( 'NONE', *, *, #1273, .T. );
#14180=EDGE_CURVE ( 'NONE', #8449, #2198, #6560, .T. );
#14181=VERTEX_POINT ( 'NONE', #3122 );
#14182=ORIENTED_EDGE ( 'NONE', *, *, #8841, .T. );
#14183=EDGE_LOOP ( 'NONE', ( #9575, #3036, #14361, #1963 ) );
#14184=EDGE_CURVE ( 'NONE', #12599, #8582, #1378, .T. );
#14185=VERTEX_POINT ( 'NONE', #10800 );
#14186=VERTEX_POINT ( 'NONE', #7857 );
#14187=CARTESIAN_POINT ( 'NONE',  ( -8.549999999999824900, 0.0000000000000000000, 11.69999999999999800 ) );
#14188=FACE_OUTER_BOUND ( 'NONE', #468, .T. );
#14189=ORIENTED_EDGE ( 'NONE', *, *, #7712, .F. );
#14190=CARTESIAN_POINT ( 'NONE',  ( -8.999999999999905900, 0.8000000000000000400, 4.079999999999996500 ) );
#14191=ORIENTED_EDGE ( 'NONE', *, *, #8001, .F. );
#14192=ORIENTED_EDGE ( 'NONE', *, *, #10958, .T. );
#14193=ORIENTED_EDGE ( 'NONE', *, *, #1561, .T. );
#14194=ADVANCED_FACE ( 'NONE', ( #8800 ), #7104, .F. );
#14195=EDGE_LOOP ( 'NONE', ( #1259, #11857, #5150, #13549, #6951, #8294 ) );
#14196=ADVANCED_FACE ( 'NONE', ( #12628 ), #9920, .T. );
#14197=VERTEX_POINT ( 'NONE', #2468 );
#14198=CARTESIAN_POINT ( 'NONE',  ( 7.729289321881345200, 3.049999999999999800, -5.629289321881345600 ) );
#14199=LINE ( 'NONE', #3959, #4 );
#14200=VERTEX_POINT ( 'NONE', #3015 );
#14201=FACE_OUTER_BOUND ( 'NONE', #5540, .T. );
#14202=LINE ( 'NONE', #2854, #2780 );
#14203=ORIENTED_EDGE ( 'NONE', *, *, #1867, .T. );
#14204=CARTESIAN_POINT ( 'NONE',  ( -8.999999999999879200, -1.006230589874914900, 5.894999999999991600 ) );
#14205=ORIENTED_EDGE ( 'NONE', *, *, #12798, .T. );
#14206=ADVANCED_FACE ( 'NONE', ( #11712 ), #233, .T. );
#14207=ORIENTED_EDGE ( 'NONE', *, *, #1439, .F. );
#14208=LINE ( 'NONE', #1553, #229 );
#14209=FACE_OUTER_BOUND ( 'NONE', #939, .T. );
#14210=EDGE_LOOP ( 'NONE', ( #9993, #9841, #3039, #8734 ) );
#14211=LINE ( 'NONE', #7402, #36 );
#14212=ORIENTED_EDGE ( 'NONE', *, *, #9911, .T. );
#14213=EDGE_CURVE ( 'NONE', #5709, #8283, #2057, .T. );
#14214=LINE ( 'NONE', #3508, #493 );
#14215=ORIENTED_EDGE ( 'NONE', *, *, #9571, .F. );
#14216=FACE_OUTER_BOUND ( 'NONE', #5532, .T. );
#14217=ORIENTED_EDGE ( 'NONE', *, *, #13928, .F. );
#14218=ADVANCED_FACE ( 'NONE', ( #3396 ), #49, .T. );
#14219=EDGE_CURVE ( 'NONE', #1492, #6271, #9969, .T. );
#14220=PLANE ( 'NONE',  #472 );
#14221=EDGE_LOOP ( 'NONE', ( #8926, #6744, #12797, #14408 ) );
#14222=ORIENTED_EDGE ( 'NONE', *, *, #11670, .F. );
#14223=AXIS2_PLACEMENT_3D ( 'NONE', #5219, #74, #135 );
#14224=EDGE_LOOP ( 'NONE', ( #13394, #11372, #14286, #12642 ) );
#14225=ORIENTED_EDGE ( 'NONE', *, *, #2775, .T. );
#14226=CYLINDRICAL_SURFACE ( 'NONE', #1466, 0.2750000000000000800 );
#14227=ORIENTED_EDGE ( 'NONE', *, *, #10522, .T. );
#14228=ORIENTED_EDGE ( 'NONE', *, *, #8856, .F. );
#14229=LINE ( 'NONE', #11486, #184 );
#14230=ORIENTED_EDGE ( 'NONE', *, *, #9404, .F. );
#14231=FACE_OUTER_BOUND ( 'NONE', #8527, .T. );
#14232=ORIENTED_EDGE ( 'NONE', *, *, #24, .T. );
#14233=FACE_OUTER_BOUND ( 'NONE', #4914, .T. );
#14234=EDGE_CURVE ( 'NONE', #11550, #11029, #81, .T. );
#14235=EDGE_LOOP ( 'NONE', ( #14134, #6431, #11669, #1588 ) );
#14236=EDGE_CURVE ( 'NONE', #10450, #3112, #3181, .T. );
#14237=ORIENTED_EDGE ( 'NONE', *, *, #259, .F. );
#14238=LINE ( 'NONE', #86, #209 );
#14239=AXIS2_PLACEMENT_3D ( 'NONE', #960, #575, #19 );
#14240=LINE ( 'NONE', #11927, #327 );
#14241=CARTESIAN_POINT ( 'NONE',  ( -8.549999999999839100, 0.8000000000000000400, 0.0000000000000000000 ) );
#14242=LINE ( 'NONE', #6627, #205 );
#14243=CARTESIAN_POINT ( 'NONE',  ( -8.999999999999879200, 0.0000000000000000000, 6.619999999999997400 ) );
#14244=ORIENTED_EDGE ( 'NONE', *, *, #7818, .F. );
#14245=ADVANCED_FACE ( 'NONE', ( #12178 ), #49, .T. );
#14246=VERTEX_POINT ( 'NONE', #8042 );
#14247=EDGE_CURVE ( 'NONE', #3571, #13931, #10092, .T. );
#14248=EDGE_CURVE ( 'NONE', #3488, #9329, #14380, .T. );
#14249=ADVANCED_FACE ( 'NONE', ( #9145 ), #6784, .F. );
#14250=ORIENTED_EDGE ( 'NONE', *, *, #5592, .T. );
#14251=LINE ( 'NONE', #3860, #4 );
#14252=CARTESIAN_POINT ( 'NONE',  ( -8.999999999999991100, 0.0000000000000000000, -2.720000000000005500 ) );
#14253=PLANE ( 'NONE',  #3034 );
#14254=ORIENTED_EDGE ( 'NONE', *, *, #6869, .T. );
#14255=ORIENTED_EDGE ( 'NONE', *, *, #3793, .F. );
#14256=ADVANCED_FACE ( 'NONE', ( #13224 ), #1905, .F. );
#14257=EDGE_CURVE ( 'NONE', #3896, #5675, #5615, .T. );
#14258=FACE_OUTER_BOUND ( 'NONE', #3206, .T. );
#14259=EDGE_CURVE ( 'NONE', #8108, #141, #3973, .T. );
#14260=MECHANICAL_DESIGN_GEOMETRIC_PRESENTATION_REPRESENTATION (  '', ( #13863 ), #5460 );
#14261=EDGE_CURVE ( 'NONE', #4514, #201, #732, .T. );
#14262=( GEOMETRIC_REPRESENTATION_CONTEXT ( 3 ) GLOBAL_UNCERTAINTY_ASSIGNED_CONTEXT ( ( #178 ) ) GLOBAL_UNIT_ASSIGNED_CONTEXT ( ( #7, #195, #16 ) ) REPRESENTATION_CONTEXT ( 'NONE', 'WORKASPACE' ) );
#14263=ORIENTED_EDGE ( 'NONE', *, *, #5824, .T. );
#14264=COLOUR_RGB ( '',0.5019607843137254800, 0.5019607843137254800, 0.5019607843137254800 );
#14265=LINE ( 'NONE', #10634, #36 );
#14266=ORIENTED_EDGE ( 'NONE', *, *, #5001, .F. );
#14267=ORIENTED_EDGE ( 'NONE', *, *, #11084, .F. );
#14268=CARTESIAN_POINT ( 'NONE',  ( 8.550000000000052200, 0.04999999999999991300, 0.2699999999999959100 ) );
#14269=LINE ( 'NONE', #3508, #4 );
#14270=ADVANCED_FACE ( 'NONE', ( #7785 ), #5808, .F. );
#14271=ORIENTED_EDGE ( 'NONE', *, *, #7869, .F. );
#14272=LINE ( 'NONE', #6143, #209 );
#14273=EDGE_CURVE ( 'NONE', #2649, #4419, #5227, .T. );
#14274=EDGE_LOOP ( 'NONE', ( #6011, #13475, #10191, #650 ) );
#14275=EDGE_CURVE ( 'NONE', #11094, #13832, #4643, .T. );
#14276=PLANE ( 'NONE',  #508 );
#14277=ORIENTED_EDGE ( 'NONE', *, *, #4630, .T. );
#14278=EDGE_LOOP ( 'NONE', ( #4944, #10297, #3643, #7198 ) );
#14279=EDGE_CURVE ( 'NONE', #8820, #8855, #1096, .T. );
#14280=AXIS2_PLACEMENT_3D ( 'NONE', #1937, #575, #19 );
#14281=CARTESIAN_POINT ( 'NONE',  ( -4.895000000000000500, 0.04999999999999991300, 12.29999999999999700 ) );
#14282=PLANE ( 'NONE',  #5872 );
#14283=FACE_OUTER_BOUND ( 'NONE', #9427, .T. );
#14284=( GEOMETRIC_REPRESENTATION_CONTEXT ( 3 ) GLOBAL_UNCERTAINTY_ASSIGNED_CONTEXT ( ( #178 ) ) GLOBAL_UNIT_ASSIGNED_CONTEXT ( ( #7, #195, #16 ) ) REPRESENTATION_CONTEXT ( 'NONE', 'WORKASPACE' ) );
#14285=ORIENTED_EDGE ( 'NONE', *, *, #2503, .T. );
#14286=ORIENTED_EDGE ( 'NONE', *, *, #5400, .T. );
#14287=CARTESIAN_POINT ( 'NONE',  ( -8.999999999999982200, 0.0000000000000000000, -0.1800000000000065400 ) );
#14288=PLANE ( 'NONE',  #2998 );
#14289=ORIENTED_EDGE ( 'NONE', *, *, #13382, .T. );
#14290=ORIENTED_EDGE ( 'NONE', *, *, #13536, .F. );
#14291=EDGE_CURVE ( 'NONE', #9545, #6855, #10117, .T. );
#14292=CARTESIAN_POINT ( 'NONE',  ( -8.549999999999839100, -1.006230589874914900, 0.0000000000000000000 ) );
#14293=EDGE_CURVE ( 'NONE', #6718, #8376, #9464, .T. );
#14294=ORIENTED_EDGE ( 'NONE', *, *, #3826, .F. );
#14295=AXIS2_PLACEMENT_3D ( 'NONE', #6042, #95, #31 );
#14296=ORIENTED_EDGE ( 'NONE', *, *, #7388, .F. );
#14297=EDGE_LOOP ( 'NONE', ( #13421, #6516, #11600, #505 ) );
#14298=EDGE_CURVE ( 'NONE', #2081, #5212, #12479, .T. );
#14299=ADVANCED_FACE ( 'NONE', ( #6185 ), #14220, .F. );
#14300=ORIENTED_EDGE ( 'NONE', *, *, #10451, .T. );
#14301=CARTESIAN_POINT ( 'NONE',  ( 4.445000000000002100, 0.0000000000000000000, 12.74999999999999800 ) );
#14302=ORIENTED_EDGE ( 'NONE', *, *, #12247, .T. );
#14303=ADVANCED_FACE ( 'NONE', ( #13494 ), #7084, .F. );
#14304=FACE_OUTER_BOUND ( 'NONE', #10628, .T. );
#14305=FACE_OUTER_BOUND ( 'NONE', #1906, .T. );
#14306=ORIENTED_EDGE ( 'NONE', *, *, #5281, .F. );
#14307=ORIENTED_EDGE ( 'NONE', *, *, #12758, .F. );
#14308=EDGE_CURVE ( 'NONE', #7958, #6646, #266, .T. );
#14309=LINE ( 'NONE', #10936, #36 );
#14310=PLANE ( 'NONE',  #14080 );
#14311=PLANE ( 'NONE',  #589 );
#14312=ORIENTED_EDGE ( 'NONE', *, *, #7631, .T. );
#14313=ADVANCED_FACE ( 'NONE', ( #13353 ), #10284, .T. );
#14314=AXIS2_PLACEMENT_3D ( 'NONE', #1736, #95, #31 );
#14315=ORIENTED_EDGE ( 'NONE', *, *, #9351, .F. );
#14316=AXIS2_PLACEMENT_3D ( 'NONE', #4279, #214, #15 );
#14317=LINE ( 'NONE', #12847, #10 );
#14318=LINE ( 'NONE', #2871, #327 );
#14319=ORIENTED_EDGE ( 'NONE', *, *, #8603, .F. );
#14320=EDGE_LOOP ( 'NONE', ( #2525, #2667, #391, #10567, #1530, #3706 ) );
#14321=ORIENTED_EDGE ( 'NONE', *, *, #3982, .T. );
#14322=VERTEX_POINT ( 'NONE', #10262 );
#14323=ORIENTED_EDGE ( 'NONE', *, *, #3089, .F. );
#14324=LINE ( 'NONE', #13613, #36 );
#14325=ORIENTED_EDGE ( 'NONE', *, *, #9672, .T. );
#14326=EDGE_CURVE ( 'NONE', #1677, #12599, #13651, .T. );
#14327=ORIENTED_EDGE ( 'NONE', *, *, #7586, .F. );
#14328=CARTESIAN_POINT ( 'NONE',  ( 0.0000000000000000000, 0.0000000000000000000, 6.989999999999996700 ) );
#14329=CARTESIAN_POINT ( 'NONE',  ( 8.550000000000169500, 0.05000000000000000300, -5.710000000000005300 ) );
#14330=ORIENTED_EDGE ( 'NONE', *, *, #8048, .F. );
#14331=EDGE_CURVE ( 'NONE', #7020, #7474, #11869, .T. );
#14332=ADVANCED_FACE ( 'NONE', ( #10903 ), #10296, .T. );
#14333=ORIENTED_EDGE ( 'NONE', *, *, #8744, .T. );
#14334=LINE ( 'NONE', #7057, #209 );
#14335=ORIENTED_EDGE ( 'NONE', *, *, #6570, .T. );
#14336=EDGE_CURVE ( 'NONE', #11217, #724, #5085, .T. );
#14337=AXIS2_PLACEMENT_3D ( 'NONE', #290, #135, #15 );
#14338=AXIS2_PLACEMENT_3D ( 'NONE', #2082, #31, #891 );
#14339=ORIENTED_EDGE ( 'NONE', *, *, #13232, .T. );
#14340=LINE ( 'NONE', #440, #4510 );
#14341=VERTEX_POINT ( 'NONE', #3510 );
#14342=EDGE_LOOP ( 'NONE', ( #6591, #7682, #9588, #13748 ) );
#14343=EDGE_LOOP ( 'NONE', ( #14042, #1630, #7197, #11800 ) );
#14344=LINE ( 'NONE', #456, #205 );
#14345=FACE_OUTER_BOUND ( 'NONE', #10954, .T. );
#14346=EDGE_LOOP ( 'NONE', ( #7655, #6382, #6128, #10572, #14129, #5090 ) );
#14347=CARTESIAN_POINT ( 'NONE',  ( -3.449999999999999300, -1.006230589874914900, 12.74999999999999800 ) );
#14348=CARTESIAN_POINT ( 'NONE',  ( 9.000000000000172300, -1.006230589874914900, 10.79999999999999500 ) );
#14349=VERTEX_POINT ( 'NONE', #6047 );
#14350=EDGE_CURVE ( 'NONE', #13916, #105, #11552, .T. );
#14351=ORIENTED_EDGE ( 'NONE', *, *, #3534, .T. );
#14352=EDGE_CURVE ( 'NONE', #12310, #4404, #13788, .T. );
#14353=AXIS2_PLACEMENT_3D ( 'NONE', #7584, #250, #31 );
#14354=ORIENTED_EDGE ( 'NONE', *, *, #7496, .F. );
#14355=FACE_OUTER_BOUND ( 'NONE', #9709, .T. );
#14356=EDGE_CURVE ( 'NONE', #3399, #13115, #8311, .T. );
#14357=ORIENTED_EDGE ( 'NONE', *, *, #7548, .T. );
#14358=LINE ( 'NONE', #5214, #577 );
#14359=ORIENTED_EDGE ( 'NONE', *, *, #2645, .F. );
#14360=ORIENTED_EDGE ( 'NONE', *, *, #14473, .T. );
#14361=ORIENTED_EDGE ( 'NONE', *, *, #127, .T. );
#14362=FACE_OUTER_BOUND ( 'NONE', #13456, .T. );
#14363=VERTEX_POINT ( 'NONE', #12243 );
#14364=ORIENTED_EDGE ( 'NONE', *, *, #7187, .T. );
#14365=FACE_OUTER_BOUND ( 'NONE', #13279, .T. );
#14366=CIRCLE ( 'NONE', #12376, 0.2749999999999996300 );
#14367=ADVANCED_FACE ( 'NONE', ( #8126 ), #6446, .F. );
#14368=CLOSED_SHELL ( 'NONE', ( #12503, #381, #8803, #12830, #10981, #14303, #661, #9832, #11580, #7075 ) );
#14369=ADVANCED_FACE ( 'NONE', ( #4174 ), #13, .T. );
#14370=EDGE_CURVE ( 'NONE', #11497, #5791, #2187, .T. );
#14371=ORIENTED_EDGE ( 'NONE', *, *, #12043, .T. );
#14372=ORIENTED_EDGE ( 'NONE', *, *, #13915, .F. );
#14373=AXIS2_PLACEMENT_3D ( 'NONE', #10171, #95, #31 );
#14374=FACE_OUTER_BOUND ( 'NONE', #3103, .T. );
#14375=LINE ( 'NONE', #4355, #36 );
#14376=EDGE_CURVE ( 'NONE', #13264, #12253, #8473, .T. );
#14377=ORIENTED_EDGE ( 'NONE', *, *, #9757, .T. );
#14378=ADVANCED_FACE ( 'NONE', ( #5616 ), #11749, .F. );
#14379=CARTESIAN_POINT ( 'NONE',  ( 8.550000000000064700, 0.8000000000000000400, 1.539999999999997100 ) );
#14380=LINE ( 'NONE', #977, #36 );
#14381=ADVANCED_FACE ( 'NONE', ( #5271 ), #11672, .F. );
#14382=LINE ( 'NONE', #296, #4 );
#14383=EDGE_LOOP ( 'NONE', ( #4303, #6257, #993, #11499 ) );
#14384=EDGE_CURVE ( 'NONE', #8964, #312, #8787, .T. );
#14385=VERTEX_POINT ( 'NONE', #7441 );
#14386=CARTESIAN_POINT ( 'NONE',  ( -8.999999999999953800, 0.8000000000000000400, 7.439999999999989700 ) );
#14387=STYLED_ITEM ( 'NONE', ( #77 ), #5909 );
#14388=ADVANCED_FACE ( 'NONE', ( #2395 ), #4028, .F. );
#14389=FACE_OUTER_BOUND ( 'NONE', #8446, .T. );
#14390=CARTESIAN_POINT ( 'NONE',  ( 8.550000000000132200, 0.05000000000000000300, 6.989999999999996700 ) );
#14391=DIRECTION ( 'NONE',  ( 1.000000000000000000, -0.0000000000000000000, 3.690901012716612100E-016 ) );
#14392=VERTEX_POINT ( 'NONE', #2985 );
#14393=CARTESIAN_POINT ( 'NONE',  ( 9.000000000000016000, -1.006230589874914900, -0.1800000000001279700 ) );
#14394=CARTESIAN_POINT ( 'NONE',  ( -8.999999999999879200, 0.8000000000000000400, 5.894999999999991600 ) );
#14395=EDGE_CURVE ( 'NONE', #3861, #590, #13025, .T. );
#14396=ORIENTED_EDGE ( 'NONE', *, *, #8841, .F. );
#14397=VERTEX_POINT ( 'NONE', #5322 );
#14398=FACE_OUTER_BOUND ( 'NONE', #4433, .T. );
#14399=EDGE_CURVE ( 'NONE', #12602, #3808, #2328, .T. );
#14400=ORIENTED_EDGE ( 'NONE', *, *, #368, .F. );
#14401=ORIENTED_EDGE ( 'NONE', *, *, #9576, .T. );
#14402=EDGE_CURVE ( 'NONE', #13174, #8693, #7026, .T. );
#14403=EDGE_LOOP ( 'NONE', ( #4669, #13048, #12889, #14406 ) );
#14404=ORIENTED_EDGE ( 'NONE', *, *, #10973, .F. );
#14405=LINE ( 'NONE', #1407, #4 );
#14406=ORIENTED_EDGE ( 'NONE', *, *, #383, .F. );
#14407=LINE ( 'NONE', #14091, #36 );
#14408=ORIENTED_EDGE ( 'NONE', *, *, #10817, .F. );
#14409=EDGE_LOOP ( 'NONE', ( #4824, #696, #5125, #3835 ) );
#14410=FACE_OUTER_BOUND ( 'NONE', #11876, .T. );
#14411=ORIENTED_EDGE ( 'NONE', *, *, #5547, .F. );
#14412=EDGE_CURVE ( 'NONE', #12807, #585, #5666, .T. );
#14413=EDGE_CURVE ( 'NONE', #12857, #1479, #2811, .T. );
#14414=MECHANICAL_DESIGN_GEOMETRIC_PRESENTATION_REPRESENTATION (  '', ( #12783 ), #851 );
#14415=LINE ( 'NONE', #10940, #205 );
#14416=ADVANCED_FACE ( 'NONE', ( #9300 ), #13, .T. );
#14417=EDGE_CURVE ( 'NONE', #8749, #8522, #5447, .T. );
#14418=ADVANCED_FACE ( 'NONE', ( #10431 ), #13548, .F. );
#14419=AXIS2_PLACEMENT_3D ( 'NONE', #6883, #19, #135 );
#14420=ORIENTED_EDGE ( 'NONE', *, *, #6871, .F. );
#14421=PLANE ( 'NONE',  #7798 );
#14422=LINE ( 'NONE', #3066, #36 );
#14423=ORIENTED_EDGE ( 'NONE', *, *, #9710, .T. );
#14424=VERTEX_POINT ( 'NONE', #12531 );
#14425=ORIENTED_EDGE ( 'NONE', *, *, #4468, .T. );
#14426=ORIENTED_EDGE ( 'NONE', *, *, #1136, .T. );
#14427=LINE ( 'NONE', #8225, #36 );
#14428=EDGE_CURVE ( 'NONE', #10298, #2176, #5246, .T. );
#14429=ADVANCED_FACE ( 'NONE', ( #9243 ), #685, .T. );
#14430=ORIENTED_EDGE ( 'NONE', *, *, #12701, .T. );
#14431=EDGE_CURVE ( 'NONE', #8318, #8503, #6645, .T. );
#14432=LINE ( 'NONE', #1069, #209 );
#14433=ADVANCED_FACE ( 'NONE', ( #7837 ), #11071, .T. );
#14434=ORIENTED_EDGE ( 'NONE', *, *, #13751, .T. );
#14435=FACE_OUTER_BOUND ( 'NONE', #13198, .T. );
#14436=ORIENTED_EDGE ( 'NONE', *, *, #4811, .F. );
#14437=EDGE_CURVE ( 'NONE', #11912, #3310, #12330, .T. );
#14438=LINE ( 'NONE', #12221, #36 );
#14439=ORIENTED_EDGE ( 'NONE', *, *, #2064, .F. );
#14440=SURFACE_SIDE_STYLE ('',( #1430 ) );
#14441=EDGE_LOOP ( 'NONE', ( #1170, #12724, #3657, #9554 ) );
#14442=PLANE ( 'NONE',  #6050 );
#14443=ORIENTED_EDGE ( 'NONE', *, *, #10860, .T. );
#14444=AXIS2_PLACEMENT_3D ( 'NONE', #820, #135, #15 );
#14445=FACE_OUTER_BOUND ( 'NONE', #11964, .T. );
#14446=MECHANICAL_DESIGN_GEOMETRIC_PRESENTATION_REPRESENTATION (  '', ( #8197 ), #1811 );
#14447=AXIS2_PLACEMENT_3D ( 'NONE', #5053, #215, #15 );
#14448=CARTESIAN_POINT ( 'NONE',  ( 3.625000000000002200, -1.006230589874914900, 12.29999999999999700 ) );
#14449=CLOSED_SHELL ( 'NONE', ( #12206, #6689, #9431, #10582, #9273, #3918, #1118, #293, #12704, #5111 ) );
#14450=ORIENTED_EDGE ( 'NONE', *, *, #5185, .F. );
#14451=ADVANCED_FACE ( 'NONE', ( #7119 ), #685, .T. );
#14452=EDGE_CURVE ( 'NONE', #5769, #6977, #11390, .T. );
#14453=ORIENTED_EDGE ( 'NONE', *, *, #8127, .F. );
#14454=ORIENTED_EDGE ( 'NONE', *, *, #9494, .T. );
#14455=EDGE_CURVE ( 'NONE', #7526, #3585, #9052, .T. );
#14456=ORIENTED_EDGE ( 'NONE', *, *, #7670, .T. );
#14457=ORIENTED_EDGE ( 'NONE', *, *, #10505, .T. );
#14458=AXIS2_PLACEMENT_3D ( 'NONE', #923, #234, #885 );
#14459=LINE ( 'NONE', #10186, #205 );
#14460=ORIENTED_EDGE ( 'NONE', *, *, #8984, .F. );
#14461=FACE_OUTER_BOUND ( 'NONE', #5579, .T. );
#14462=ORIENTED_EDGE ( 'NONE', *, *, #10259, .T. );
#14463=VERTEX_POINT ( 'NONE', #5071 );
#14464=AXIS2_PLACEMENT_3D ( 'NONE', #2098, #2595, #1452 );
#14465=EDGE_LOOP ( 'NONE', ( #12817, #14312, #12380, #3267 ) );
#14466=ORIENTED_EDGE ( 'NONE', *, *, #1363, .F. );
#14467=ORIENTED_EDGE ( 'NONE', *, *, #9752, .F. );
#14468=CARTESIAN_POINT ( 'NONE',  ( -8.999999999999920100, -1.006230589874914900, 2.084999999999992900 ) );
#14469=CARTESIAN_POINT ( 'NONE',  ( 8.550000000000169500, 0.05000000000000000300, -1.900000000000005000 ) );
#14470=VERTEX_POINT ( 'NONE', #7927 );
#14471=LINE ( 'NONE', #5550, #205 );
#14472=ORIENTED_EDGE ( 'NONE', *, *, #1563, .F. );
#14473=EDGE_CURVE ( 'NONE', #13406, #13141, #9744, .T. );
#14474=ORIENTED_EDGE ( 'NONE', *, *, #8884, .T. );
#14475=ORIENTED_EDGE ( 'NONE', *, *, #2108, .F. );
#14476=CARTESIAN_POINT ( 'NONE',  ( -8.999999999999959100, 0.0000000000000000000, -1.000000000000003600 ) );
#14477=ORIENTED_EDGE ( 'NONE', *, *, #12624, .T. );
#14478=ORIENTED_EDGE ( 'NONE', *, *, #154, .T. );
#14479=PLANE ( 'NONE',  #9820 );
#14480=CARTESIAN_POINT ( 'NONE',  ( -8.549999999999958100, -1.006230589874914900, -1.000000000000003600 ) );
#14481=MECHANICAL_DESIGN_GEOMETRIC_PRESENTATION_REPRESENTATION (  '', ( #3856 ), #346 );
#14482=ADVANCED_FACE ( 'NONE', ( #1591 ), #13, .T. );
#14483=ORIENTED_EDGE ( 'NONE', *, *, #13287, .F. );
#14484=ADVANCED_FACE ( 'NONE', ( #3390 ), #11718, .F. );
#14485=LINE ( 'NONE', #4379, #2780 );
#14486=VERTEX_POINT ( 'NONE', #4149 );
#14487=EDGE_CURVE ( 'NONE', #10751, #13514, #1370, .T. );
#14488=EDGE_CURVE ( 'NONE', #6485, #10364, #8315, .T. );
#14489=PLANE ( 'NONE',  #1810 );
#14490=ORIENTED_EDGE ( 'NONE', *, *, #8739, .T. );
#14491=EDGE_CURVE ( 'NONE', #4802, #1634, #12922, .T. );
#14492=MANIFOLD_SOLID_BREP ( 'Boss-Extrude5[2]', #2906 );
#14493=EDGE_LOOP ( 'NONE', ( #4824, #4410, #6662, #2109 ) );
#14494=ADVANCED_FACE ( 'NONE', ( #7778 ), #49, .T. );
#14495=ADVANCED_FACE ( 'NONE', ( #12773 ), #5221, .T. );
#14496=ORIENTED_EDGE ( 'NONE', *, *, #7321, .T. );
#14497=ORIENTED_EDGE ( 'NONE', *, *, #6867, .T. );
#14498=FACE_OUTER_BOUND ( 'NONE', #13836, .T. );
#14499=ORIENTED_EDGE ( 'NONE', *, *, #4610, .F. );
#14500=CARTESIAN_POINT ( 'NONE',  ( 0.0000000000000000000, 0.0000000000000000000, 0.6399999999999921300 ) );
#14501=FACE_OUTER_BOUND ( 'NONE', #13704, .T. );
#14502=EDGE_LOOP ( 'NONE', ( #10086, #10926, #7545, #8773 ) );
#14503=LINE ( 'NONE', #4330, #36 );
#14504=ORIENTED_EDGE ( 'NONE', *, *, #11558, .T. );
#14505=EDGE_LOOP ( 'NONE', ( #12588, #14404, #8125, #9894 ) );
#14506=CARTESIAN_POINT ( 'NONE',  ( 8.550000000000013100, 0.8000000000000000400, -3.540000000000003100 ) );
#14507=ORIENTED_EDGE ( 'NONE', *, *, #846, .T. );
#14508=ORIENTED_EDGE ( 'NONE', *, *, #3796, .F. );
#14509=EDGE_CURVE ( 'NONE', #9663, #13916, #7967, .T. );
#14510=EDGE_CURVE ( 'NONE', #4295, #3791, #10753, .T. );
#14511=EDGE_CURVE ( 'NONE', #11194, #5321, #7620, .T. );
#14512=ORIENTED_EDGE ( 'NONE', *, *, #1942, .T. );
#14513=ORIENTED_EDGE ( 'NONE', *, *, #9490, .F. );
#14514=EDGE_CURVE ( 'NONE', #7907, #11108, #10122, .T. );
#14515=ADVANCED_FACE ( 'NONE', ( #14374 ), #13824, .T. );
ENDSEC;
END-ISO-10303-21;
