ISO-10303-21;
HEADER;
FILE_DESCRIPTION((''),'2;1');
FILE_NAME('PW0020A_ASM','2017-02-03T',('a0412086'),(''),
'CREO PARAMETRIC BY PTC INC, 2016050','CREO PARAMETRIC BY PTC INC, 2016050','');
FILE_SCHEMA(('AUTOMOTIVE_DESIGN { 1 0 10303 214 1 1 1 1 }'));
ENDSEC;
DATA;
#1=COLOUR_RGB('',0.E0,4.3E-1,1.E0);
#2=COLOUR_RGB('',0.E0,6.6E-1,0.E0);
#3=COLOUR_RGB('',1.29412E-1,5.E-2,1.E-1);
#4=COLOUR_RGB('',1.80392E-1,2.7451E-1,9.8039E-2);
#5=COLOUR_RGB('',2.54902E-1,5.4902E-1,0.E0);
#6=COLOUR_RGB('',2.7451E-1,2.7451E-1,2.7451E-1);
#7=COLOUR_RGB('',3.E-1,1.29412E-1,2.5098E-1);
#8=COLOUR_RGB('',3.13725E-1,3.13725E-1,3.13725E-1);
#9=COLOUR_RGB('',3.5E-1,3.5E-1,3.5E-1);
#10=COLOUR_RGB('',3.92157E-1,3.92157E-1,3.92157E-1);
#11=COLOUR_RGB('',5.7E-1,0.E0,1.E0);
#12=COLOUR_RGB('',5.9E-1,3.E-1,0.E0);
#13=COLOUR_RGB('',6.E-1,6.E-1,6.E-1);
#14=COLOUR_RGB('',6.9E-1,0.E0,0.E0);
#15=COLOUR_RGB('',6.952E-1,7.426E-1,7.9E-1);
#16=COLOUR_RGB('',7.E-1,7.E-1,7.E-1);
#17=COLOUR_RGB('',7.45098E-1,3.92157E-1,2.94118E-1);
#18=COLOUR_RGB('',8.27451E-1,3.29412E-1,7.0588E-2);
#19=COLOUR_RGB('',8.39216E-1,8.90196E-1,7.68627E-1);
#20=COLOUR_RGB('',8.7E-1,7.5E-1,4.9E-1);
#21=COLOUR_RGB('',8.9E-1,9.2E-1,9.4E-1);
#22=COLOUR_RGB('',9.80392E-1,9.80392E-1,9.80392E-1);
#23=COLOUR_RGB('',9.9E-1,1.E0,0.E0);
#24=COLOUR_RGB('',1.E0,5.E-1,0.E0);
#25=COLOUR_RGB('',1.E0,7.84314E-1,0.E0);
#26=DRAUGHTING_PRE_DEFINED_COLOUR('white');
#27=STYLED_ITEM('',(#1108),#1102);
#28=DIRECTION('',(0.E0,0.E0,-1.E0));
#29=VECTOR('',#28,6.167997944025E0);
#30=CARTESIAN_POINT('',(-2.033998972012E0,-5.5E-1,3.083998972012E0));
#31=LINE('',#30,#29);
#32=DRAUGHTING_PRE_DEFINED_CURVE_FONT('continuous');
#33=CURVE_STYLE('',#32,POSITIVE_LENGTH_MEASURE(2.E-2),#6);
#34=PRESENTATION_STYLE_ASSIGNMENT((#33));
#35=STYLED_ITEM('',(#34),#31);
#36=DIRECTION('',(-1.E0,0.E0,0.E0));
#37=VECTOR('',#36,4.067997944025E0);
#38=CARTESIAN_POINT('',(2.033998972012E0,-5.5E-1,3.083998972012E0));
#39=LINE('',#38,#37);
#40=STYLED_ITEM('',(#34),#39);
#41=DIRECTION('',(0.E0,0.E0,1.E0));
#42=VECTOR('',#41,6.167997944025E0);
#43=CARTESIAN_POINT('',(2.033998972012E0,-5.5E-1,-3.083998972012E0));
#44=LINE('',#43,#42);
#45=STYLED_ITEM('',(#34),#44);
#46=DIRECTION('',(1.E0,0.E0,0.E0));
#47=VECTOR('',#46,4.067997944025E0);
#48=CARTESIAN_POINT('',(-2.033998972012E0,-5.5E-1,-3.083998972012E0));
#49=LINE('',#48,#47);
#50=STYLED_ITEM('',(#34),#49);
#51=CARTESIAN_POINT('',(-2.131813732086E0,-4.707911690818E-1,3.083998972012E0));
#52=LINE('',#51,#29);
#53=STYLED_ITEM('',(#34),#52);
#54=DIRECTION('',(2.035585949528E-1,-9.576678948580E-1,2.035585949528E-1));
#55=VECTOR('',#54,3.348563926524E-1);
#56=CARTESIAN_POINT('',(-2.199976628885E0,-1.501099524506E-1,-3.152161868812E0));
#57=LINE('',#56,#55);
#58=STYLED_ITEM('',(#34),#57);
#59=CARTESIAN_POINT('',(-2.2E0,-1.5E-1,-3.15E0));
#60=CARTESIAN_POINT('',(-2.2E0,-1.5E-1,-3.150722566200E0));
#61=CARTESIAN_POINT('',(-2.199992169645E0,-1.500368389259E-1,-3.151443179163E0));
#62=B_SPLINE_CURVE_WITH_KNOTS('',3,(#59,#60,#61,#56),.UNSPECIFIED.,.F.,.F.,(4,4),(0.E0,1.E0),.UNSPECIFIED.);
#63=STYLED_ITEM('',(#34),#62);
#64=CARTESIAN_POINT('',(-2.199976628885E0,-1.501099524506E-1,3.152161868812E0));
#65=CARTESIAN_POINT('',(-2.199992169645E0,-1.500368389259E-1,3.151443179163E0));
#66=CARTESIAN_POINT('',(-2.2E0,-1.5E-1,3.150722566200E0));
#67=CARTESIAN_POINT('',(-2.2E0,-1.5E-1,3.15E0));
#68=B_SPLINE_CURVE_WITH_KNOTS('',3,(#64,#65,#66,#67),.UNSPECIFIED.,.F.,.F.,(4,4),(0.E0,1.E0),.UNSPECIFIED.);
#69=STYLED_ITEM('',(#34),#68);
#70=DIRECTION('',(2.035585949528E-1,-9.576678948580E-1,-2.035585949528E-1));
#71=VECTOR('',#70,3.348563926524E-1);
#72=LINE('',#64,#71);
#73=STYLED_ITEM('',(#34),#72);
#74=DIRECTION('',(-2.035585949528E-1,-9.576678948580E-1,2.035585949528E-1));
#75=VECTOR('',#74,3.348563926524E-1);
#76=CARTESIAN_POINT('',(2.102161868812E0,-1.501099524506E-1,-3.249976628885E0));
#77=LINE('',#76,#75);
#78=STYLED_ITEM('',(#34),#77);
#79=CARTESIAN_POINT('',(2.1E0,-1.5E-1,-3.25E0));
#80=CARTESIAN_POINT('',(2.100722566200E0,-1.5E-1,-3.25E0));
#81=CARTESIAN_POINT('',(2.101443179163E0,-1.500368389259E-1,-3.249992169645E0));
#82=B_SPLINE_CURVE_WITH_KNOTS('',3,(#79,#80,#81,#76),.UNSPECIFIED.,.F.,.F.,(4,4),(0.E0,1.E0),.UNSPECIFIED.);
#83=STYLED_ITEM('',(#34),#82);
#84=CARTESIAN_POINT('',(-2.102161868812E0,-1.501099524506E-1,-3.249976628885E0));
#85=CARTESIAN_POINT('',(-2.101443179163E0,-1.500368389259E-1,-3.249992169645E0));
#86=CARTESIAN_POINT('',(-2.100722566200E0,-1.5E-1,-3.25E0));
#87=CARTESIAN_POINT('',(-2.1E0,-1.5E-1,-3.25E0));
#88=B_SPLINE_CURVE_WITH_KNOTS('',3,(#84,#85,#86,#87),.UNSPECIFIED.,.F.,.F.,(4,4),(0.E0,1.E0),.UNSPECIFIED.);
#89=STYLED_ITEM('',(#34),#88);
#90=LINE('',#84,#55);
#91=STYLED_ITEM('',(#34),#90);
#92=CARTESIAN_POINT('',(-2.033998972012E0,-4.707911690818E-1,-3.181813732086E0));
#93=LINE('',#92,#47);
#94=STYLED_ITEM('',(#34),#93);
#95=CARTESIAN_POINT('',(2.199976628885E0,-1.501099524506E-1,-3.152161868812E0));
#96=LINE('',#95,#75);
#97=STYLED_ITEM('',(#34),#96);
#98=CARTESIAN_POINT('',(2.131813732086E0,-4.707911690818E-1,-3.083998972012E0));
#99=LINE('',#98,#42);
#100=STYLED_ITEM('',(#34),#99);
#101=DIRECTION('',(-2.035585949528E-1,-9.576678948580E-1,-2.035585949528E-1));
#102=VECTOR('',#101,3.348563926524E-1);
#103=CARTESIAN_POINT('',(2.199976628885E0,-1.501099524506E-1,3.152161868812E0));
#104=LINE('',#103,#102);
#105=STYLED_ITEM('',(#34),#104);
#106=CARTESIAN_POINT('',(2.2E0,-1.5E-1,3.15E0));
#107=CARTESIAN_POINT('',(2.2E0,-1.5E-1,3.150722566200E0));
#108=CARTESIAN_POINT('',(2.199992169645E0,-1.500368389259E-1,3.151443179163E0));
#109=B_SPLINE_CURVE_WITH_KNOTS('',3,(#106,#107,#108,#103),.UNSPECIFIED.,.F.,.F.,(4,4),(0.E0,1.E0),.UNSPECIFIED.);
#110=STYLED_ITEM('',(#34),#109);
#111=CARTESIAN_POINT('',(2.199992169645E0,-1.500368389259E-1,-3.151443179163E0));
#112=CARTESIAN_POINT('',(2.2E0,-1.5E-1,-3.150722566200E0));
#113=CARTESIAN_POINT('',(2.2E0,-1.5E-1,-3.15E0));
#114=B_SPLINE_CURVE_WITH_KNOTS('',3,(#95,#111,#112,#113),.UNSPECIFIED.,.F.,.F.,(4,4),(0.E0,1.E0),.UNSPECIFIED.);
#115=STYLED_ITEM('',(#34),#114);
#116=CARTESIAN_POINT('',(2.033998972012E0,-4.5E-1,3.083998972012E0));
#117=DIRECTION('',(0.E0,-2.079116908178E-1,9.781476007338E-1));
#118=AXIS2_PLACEMENT_3D('',#116,#46,#117);
#119=CIRCLE('',#118,1.E-1);
#120=STYLED_ITEM('',(#34),#119);
#121=DIRECTION('',(9.781476007338E-1,-2.079116908178E-1,0.E0));
#122=AXIS2_PLACEMENT_3D('',#116,#101,#121);
#123=CIRCLE('',#122,1.E-1);
#124=STYLED_ITEM('',(#34),#123);
#125=DIRECTION('',(0.E0,-1.E0,0.E0));
#126=AXIS2_PLACEMENT_3D('',#116,#41,#125);
#127=CIRCLE('',#126,1.E-1);
#128=STYLED_ITEM('',(#34),#127);
#129=CARTESIAN_POINT('',(-2.033998972012E0,-4.5E-1,3.083998972012E0));
#130=AXIS2_PLACEMENT_3D('',#129,#36,#125);
#131=CIRCLE('',#130,1.E-1);
#132=STYLED_ITEM('',(#34),#131);
#133=DIRECTION('',(-9.781476007338E-1,-2.079116908178E-1,0.E0));
#134=AXIS2_PLACEMENT_3D('',#129,#41,#133);
#135=CIRCLE('',#134,1.E-1);
#136=STYLED_ITEM('',(#34),#135);
#137=AXIS2_PLACEMENT_3D('',#129,#70,#117);
#138=CIRCLE('',#137,1.E-1);
#139=STYLED_ITEM('',(#34),#138);
#140=CARTESIAN_POINT('',(-2.102161868812E0,-1.501099524506E-1,3.249976628885E0));
#141=CARTESIAN_POINT('',(-2.112322128377E0,-1.511435729984E-1,3.249756926055E0));
#142=CARTESIAN_POINT('',(-2.132584742378E0,-1.528802164750E-1,3.246195995320E0));
#143=CARTESIAN_POINT('',(-2.160023658365E0,-1.542511780825E-1,3.231941919426E0));
#144=CARTESIAN_POINT('',(-2.181941919426E0,-1.542511780825E-1,3.210023658365E0));
#145=CARTESIAN_POINT('',(-2.196195995320E0,-1.528802164750E-1,3.182584742378E0));
#146=CARTESIAN_POINT('',(-2.199756926055E0,-1.511435729985E-1,3.162322128377E0));
#147=B_SPLINE_CURVE_WITH_KNOTS('',3,(#140,#141,#142,#143,#144,#145,#146,#64),.UNSPECIFIED.,.F.,.F.,(4,1,1,1,1,4),(0.E0,2.E-1,4.E-1,6.E-1,8.E-1,1.E0),.UNSPECIFIED.);
#148=STYLED_ITEM('',(#34),#147);
#149=CARTESIAN_POINT('',(-2.199976628885E0,1.099524505775E-4,3.152161868812E0));
#150=CARTESIAN_POINT('',(-2.199756926055E0,1.143572998450E-3,3.162322128377E0));
#151=CARTESIAN_POINT('',(-2.196195995320E0,2.880216475046E-3,3.182584742378E0));
#152=CARTESIAN_POINT('',(-2.181941919426E0,4.251178082523E-3,3.210023658365E0));
#153=CARTESIAN_POINT('',(-2.160023658365E0,4.251178082524E-3,3.231941919426E0));
#154=CARTESIAN_POINT('',(-2.132584742378E0,2.880216475044E-3,3.246195995320E0));
#155=CARTESIAN_POINT('',(-2.112322128377E0,1.143572998450E-3,3.249756926055E0));
#156=CARTESIAN_POINT('',(-2.102161868812E0,1.099524505766E-4,3.249976628885E0));
#157=B_SPLINE_CURVE_WITH_KNOTS('',3,(#149,#150,#151,#152,#153,#154,#155,#156),.UNSPECIFIED.,.F.,.F.,(4,1,1,1,1,4),(0.E0,2.E-1,4.E-1,6.E-1,8.E-1,1.E0),.UNSPECIFIED.);
#158=STYLED_ITEM('',(#34),#157);
#159=VECTOR('',#125,1.5E-1);
#160=CARTESIAN_POINT('',(2.1E0,0.E0,3.25E0));
#161=LINE('',#160,#159);
#162=STYLED_ITEM('',(#34),#161);
#163=VECTOR('',#46,4.2E0);
#164=CARTESIAN_POINT('',(-2.1E0,-1.5E-1,3.25E0));
#165=LINE('',#164,#163);
#166=STYLED_ITEM('',(#34),#165);
#167=CARTESIAN_POINT('',(-2.1E0,0.E0,3.25E0));
#168=LINE('',#167,#159);
#169=STYLED_ITEM('',(#34),#168);
#170=CARTESIAN_POINT('',(2.199756926055E0,-1.511435729985E-1,3.162322128377E0));
#171=CARTESIAN_POINT('',(2.196195995320E0,-1.528802164750E-1,3.182584742378E0));
#172=CARTESIAN_POINT('',(2.181941919426E0,-1.542511780825E-1,3.210023658365E0));
#173=CARTESIAN_POINT('',(2.160023658365E0,-1.542511780825E-1,3.231941919426E0));
#174=CARTESIAN_POINT('',(2.132584742378E0,-1.528802164750E-1,3.246195995320E0));
#175=CARTESIAN_POINT('',(2.112322128377E0,-1.511435729985E-1,3.249756926055E0));
#176=CARTESIAN_POINT('',(2.102161868812E0,-1.501099524506E-1,3.249976628885E0));
#177=B_SPLINE_CURVE_WITH_KNOTS('',3,(#103,#170,#171,#172,#173,#174,#175,#176),.UNSPECIFIED.,.F.,.F.,(4,1,1,1,1,4),(0.E0,2.E-1,4.E-1,6.E-1,8.E-1,1.E0),.UNSPECIFIED.);
#178=STYLED_ITEM('',(#34),#177);
#179=CARTESIAN_POINT('',(2.102161868812E0,1.099524505768E-4,3.249976628885E0));
#180=CARTESIAN_POINT('',(2.112322128377E0,1.143572998450E-3,3.249756926055E0));
#181=CARTESIAN_POINT('',(2.132584742378E0,2.880216475046E-3,3.246195995320E0));
#182=CARTESIAN_POINT('',(2.160023658365E0,4.251178082522E-3,3.231941919426E0));
#183=CARTESIAN_POINT('',(2.181941919426E0,4.251178082524E-3,3.210023658365E0));
#184=CARTESIAN_POINT('',(2.196195995320E0,2.880216475046E-3,3.182584742378E0));
#185=CARTESIAN_POINT('',(2.199756926055E0,1.143572998451E-3,3.162322128377E0));
#186=CARTESIAN_POINT('',(2.199976628885E0,1.099524505781E-4,3.152161868812E0));
#187=B_SPLINE_CURVE_WITH_KNOTS('',3,(#179,#180,#181,#182,#183,#184,#185,#186),.UNSPECIFIED.,.F.,.F.,(4,1,1,1,1,4),(0.E0,2.E-1,4.E-1,6.E-1,8.E-1,1.E0),.UNSPECIFIED.);
#188=STYLED_ITEM('',(#34),#187);
#189=CARTESIAN_POINT('',(2.2E0,0.E0,-3.15E0));
#190=LINE('',#189,#159);
#191=STYLED_ITEM('',(#34),#190);
#192=VECTOR('',#28,6.3E0);
#193=LINE('',#106,#192);
#194=STYLED_ITEM('',(#34),#193);
#195=CARTESIAN_POINT('',(2.2E0,0.E0,3.15E0));
#196=LINE('',#195,#159);
#197=STYLED_ITEM('',(#34),#196);
#198=CARTESIAN_POINT('',(2.112322128377E0,-1.511435729984E-1,-3.249756926055E0));
#199=CARTESIAN_POINT('',(2.132584742378E0,-1.528802164750E-1,-3.246195995320E0));
#200=CARTESIAN_POINT('',(2.160023658365E0,-1.542511780825E-1,-3.231941919426E0));
#201=CARTESIAN_POINT('',(2.181941919426E0,-1.542511780825E-1,-3.210023658365E0));
#202=CARTESIAN_POINT('',(2.196195995320E0,-1.528802164750E-1,-3.182584742378E0));
#203=CARTESIAN_POINT('',(2.199756926055E0,-1.511435729985E-1,-3.162322128377E0));
#204=B_SPLINE_CURVE_WITH_KNOTS('',3,(#76,#198,#199,#200,#201,#202,#203,#95),.UNSPECIFIED.,.F.,.F.,(4,1,1,1,1,4),(0.E0,2.E-1,4.E-1,6.E-1,8.E-1,1.E0),.UNSPECIFIED.);
#205=STYLED_ITEM('',(#34),#204);
#206=CARTESIAN_POINT('',(2.199976628885E0,1.099524505775E-4,-3.152161868812E0));
#207=CARTESIAN_POINT('',(2.199756926055E0,1.143572998450E-3,-3.162322128377E0));
#208=CARTESIAN_POINT('',(2.196195995320E0,2.880216475046E-3,-3.182584742378E0));
#209=CARTESIAN_POINT('',(2.181941919426E0,4.251178082523E-3,-3.210023658365E0));
#210=CARTESIAN_POINT('',(2.160023658365E0,4.251178082524E-3,-3.231941919426E0));
#211=CARTESIAN_POINT('',(2.132584742378E0,2.880216475044E-3,-3.246195995320E0));
#212=CARTESIAN_POINT('',(2.112322128377E0,1.143572998450E-3,-3.249756926055E0));
#213=CARTESIAN_POINT('',(2.102161868812E0,1.099524505766E-4,-3.249976628885E0));
#214=B_SPLINE_CURVE_WITH_KNOTS('',3,(#206,#207,#208,#209,#210,#211,#212,#213),.UNSPECIFIED.,.F.,.F.,(4,1,1,1,1,4),(0.E0,2.E-1,4.E-1,6.E-1,8.E-1,1.E0),.UNSPECIFIED.);
#215=STYLED_ITEM('',(#34),#214);
#216=CARTESIAN_POINT('',(2.1E0,0.E0,-3.25E0));
#217=LINE('',#216,#159);
#218=STYLED_ITEM('',(#34),#217);
#219=CARTESIAN_POINT('',(-2.1E0,0.E0,-3.25E0));
#220=LINE('',#219,#159);
#221=STYLED_ITEM('',(#34),#220);
#222=VECTOR('',#36,4.2E0);
#223=LINE('',#79,#222);
#224=STYLED_ITEM('',(#34),#223);
#225=CARTESIAN_POINT('',(2.102161868812E0,1.099524505768E-4,-3.249976628885E0));
#226=CARTESIAN_POINT('',(2.101443179163E0,3.683892593640E-5,-3.249992169645E0));
#227=CARTESIAN_POINT('',(2.100722566200E0,0.E0,-3.25E0));
#228=B_SPLINE_CURVE_WITH_KNOTS('',3,(#225,#226,#227,#216),.UNSPECIFIED.,.F.,.F.,(4,4),(0.E0,1.E0),.UNSPECIFIED.);
#229=STYLED_ITEM('',(#34),#228);
#230=VECTOR('',#70,3.870665588995E-1);
#231=CARTESIAN_POINT('',(2.023371143929E0,3.707911690818E-1,-3.171185904002E0));
#232=LINE('',#231,#230);
#233=STYLED_ITEM('',(#34),#232);
#234=VECTOR('',#36,4.046742287858E0);
#235=LINE('',#231,#234);
#236=STYLED_ITEM('',(#34),#235);
#237=VECTOR('',#101,3.870665588995E-1);
#238=CARTESIAN_POINT('',(-2.023371143929E0,3.707911690818E-1,-3.171185904002E0));
#239=LINE('',#238,#237);
#240=STYLED_ITEM('',(#34),#239);
#241=CARTESIAN_POINT('',(-2.100722566200E0,0.E0,-3.25E0));
#242=CARTESIAN_POINT('',(-2.101443179163E0,3.683892593640E-5,-3.249992169645E0));
#243=CARTESIAN_POINT('',(-2.102161868812E0,1.099524505768E-4,-3.249976628885E0));
#244=B_SPLINE_CURVE_WITH_KNOTS('',3,(#219,#241,#242,#243),.UNSPECIFIED.,.F.,.F.,(4,4),(0.E0,1.E0),.UNSPECIFIED.);
#245=STYLED_ITEM('',(#34),#244);
#246=LINE('',#216,#222);
#247=STYLED_ITEM('',(#34),#246);
#248=VECTOR('',#28,6.146742287858E0);
#249=CARTESIAN_POINT('',(2.121185904002E0,3.707911690818E-1,3.073371143929E0));
#250=LINE('',#249,#248);
#251=STYLED_ITEM('',(#34),#250);
#252=CARTESIAN_POINT('',(2.121185904002E0,3.707911690818E-1,-3.073371143929E0));
#253=LINE('',#252,#230);
#254=STYLED_ITEM('',(#34),#253);
#255=CARTESIAN_POINT('',(2.2E0,0.E0,-3.150722566200E0));
#256=CARTESIAN_POINT('',(2.199992169645E0,3.683892593637E-5,-3.151443179163E0));
#257=CARTESIAN_POINT('',(2.199976628885E0,1.099524505768E-4,-3.152161868812E0));
#258=B_SPLINE_CURVE_WITH_KNOTS('',3,(#189,#255,#256,#257),.UNSPECIFIED.,.F.,.F.,(4,4),(0.E0,1.E0),.UNSPECIFIED.);
#259=STYLED_ITEM('',(#34),#258);
#260=LINE('',#195,#192);
#261=STYLED_ITEM('',(#34),#260);
#262=CARTESIAN_POINT('',(2.199976628885E0,1.099524505768E-4,3.152161868812E0));
#263=CARTESIAN_POINT('',(2.199992169645E0,3.683892593636E-5,3.151443179163E0));
#264=CARTESIAN_POINT('',(2.2E0,0.E0,3.150722566200E0));
#265=B_SPLINE_CURVE_WITH_KNOTS('',3,(#262,#263,#264,#195),.UNSPECIFIED.,.F.,.F.,(4,4),(0.E0,1.E0),.UNSPECIFIED.);
#266=STYLED_ITEM('',(#34),#265);
#267=VECTOR('',#54,3.870665588995E-1);
#268=LINE('',#249,#267);
#269=STYLED_ITEM('',(#34),#268);
#270=CARTESIAN_POINT('',(2.023371143929E0,3.5E-1,3.073371143929E0));
#271=DIRECTION('',(0.E0,1.E0,0.E0));
#272=AXIS2_PLACEMENT_3D('',#270,#46,#271);
#273=CIRCLE('',#272,1.E-1);
#274=STYLED_ITEM('',(#34),#273);
#275=DIRECTION('',(9.781476007338E-1,2.079116908178E-1,0.E0));
#276=AXIS2_PLACEMENT_3D('',#270,#41,#275);
#277=CIRCLE('',#276,1.E-1);
#278=STYLED_ITEM('',(#34),#277);
#279=DIRECTION('',(-2.035585949528E-1,9.576678948580E-1,-2.035585949528E-1));
#280=DIRECTION('',(0.E0,2.079116908178E-1,9.781476007338E-1));
#281=AXIS2_PLACEMENT_3D('',#270,#279,#280);
#282=CIRCLE('',#281,1.E-1);
#283=STYLED_ITEM('',(#34),#282);
#284=CARTESIAN_POINT('',(2.100722566200E0,0.E0,3.25E0));
#285=CARTESIAN_POINT('',(2.101443179163E0,3.683892593640E-5,3.249992169645E0));
#286=B_SPLINE_CURVE_WITH_KNOTS('',3,(#160,#284,#285,#179),.UNSPECIFIED.,.F.,.F.,(4,4),(0.E0,1.E0),.UNSPECIFIED.);
#287=STYLED_ITEM('',(#34),#286);
#288=LINE('',#167,#163);
#289=STYLED_ITEM('',(#34),#288);
#290=CARTESIAN_POINT('',(-2.102161868812E0,1.099524505768E-4,3.249976628885E0));
#291=CARTESIAN_POINT('',(-2.101443179163E0,3.683892593640E-5,3.249992169645E0));
#292=CARTESIAN_POINT('',(-2.100722566200E0,0.E0,3.25E0));
#293=B_SPLINE_CURVE_WITH_KNOTS('',3,(#290,#291,#292,#167),.UNSPECIFIED.,.F.,.F.,(4,4),(0.E0,1.E0),.UNSPECIFIED.);
#294=STYLED_ITEM('',(#34),#293);
#295=VECTOR('',#74,3.870665588995E-1);
#296=CARTESIAN_POINT('',(-2.023371143929E0,3.707911690818E-1,3.171185904002E0));
#297=LINE('',#296,#295);
#298=STYLED_ITEM('',(#34),#297);
#299=VECTOR('',#46,4.046742287858E0);
#300=LINE('',#296,#299);
#301=STYLED_ITEM('',(#34),#300);
#302=CARTESIAN_POINT('',(2.023371143929E0,3.707911690818E-1,3.171185904002E0));
#303=LINE('',#302,#267);
#304=STYLED_ITEM('',(#34),#303);
#305=VECTOR('',#41,6.146742287858E0);
#306=CARTESIAN_POINT('',(-2.121185904002E0,3.707911690818E-1,-3.073371143929E0));
#307=LINE('',#306,#305);
#308=STYLED_ITEM('',(#34),#307);
#309=CARTESIAN_POINT('',(-2.121185904002E0,3.707911690818E-1,3.073371143929E0));
#310=LINE('',#309,#295);
#311=STYLED_ITEM('',(#34),#310);
#312=CARTESIAN_POINT('',(-2.2E0,0.E0,3.15E0));
#313=CARTESIAN_POINT('',(-2.2E0,0.E0,3.150722566200E0));
#314=CARTESIAN_POINT('',(-2.199992169645E0,3.683892593637E-5,3.151443179163E0));
#315=CARTESIAN_POINT('',(-2.199976628885E0,1.099524505768E-4,3.152161868812E0));
#316=B_SPLINE_CURVE_WITH_KNOTS('',3,(#312,#313,#314,#315),.UNSPECIFIED.,.F.,.F.,(4,4),(0.E0,1.E0),.UNSPECIFIED.);
#317=STYLED_ITEM('',(#34),#316);
#318=VECTOR('',#41,6.3E0);
#319=CARTESIAN_POINT('',(-2.2E0,0.E0,-3.15E0));
#320=LINE('',#319,#318);
#321=STYLED_ITEM('',(#34),#320);
#322=CARTESIAN_POINT('',(-2.199976628885E0,1.099524505768E-4,-3.152161868812E0));
#323=CARTESIAN_POINT('',(-2.199992169645E0,3.683892593636E-5,-3.151443179163E0));
#324=CARTESIAN_POINT('',(-2.2E0,0.E0,-3.150722566200E0));
#325=B_SPLINE_CURVE_WITH_KNOTS('',3,(#322,#323,#324,#319),.UNSPECIFIED.,.F.,.F.,(4,4),(0.E0,1.E0),.UNSPECIFIED.);
#326=STYLED_ITEM('',(#34),#325);
#327=LINE('',#306,#237);
#328=STYLED_ITEM('',(#34),#327);
#329=CARTESIAN_POINT('',(-2.023371143929E0,3.5E-1,-3.073371143929E0));
#330=DIRECTION('',(2.035585949528E-1,9.576678948580E-1,2.035585949528E-1));
#331=DIRECTION('',(0.E0,2.079116908178E-1,-9.781476007338E-1));
#332=AXIS2_PLACEMENT_3D('',#329,#330,#331);
#333=CIRCLE('',#332,1.E-1);
#334=STYLED_ITEM('',(#34),#333);
#335=AXIS2_PLACEMENT_3D('',#329,#36,#271);
#336=CIRCLE('',#335,1.E-1);
#337=STYLED_ITEM('',(#34),#336);
#338=DIRECTION('',(-9.781476007338E-1,2.079116908178E-1,0.E0));
#339=AXIS2_PLACEMENT_3D('',#329,#28,#338);
#340=CIRCLE('',#339,1.E-1);
#341=STYLED_ITEM('',(#34),#340);
#342=CARTESIAN_POINT('',(-2.199756926055E0,-1.511435729985E-1,-3.162322128377E0));
#343=CARTESIAN_POINT('',(-2.196195995320E0,-1.528802164750E-1,-3.182584742378E0));
#344=CARTESIAN_POINT('',(-2.181941919426E0,-1.542511780825E-1,-3.210023658365E0));
#345=CARTESIAN_POINT('',(-2.160023658365E0,-1.542511780825E-1,-3.231941919426E0));
#346=CARTESIAN_POINT('',(-2.132584742378E0,-1.528802164750E-1,-3.246195995320E0));
#347=CARTESIAN_POINT('',(-2.112322128377E0,-1.511435729985E-1,-3.249756926055E0));
#348=B_SPLINE_CURVE_WITH_KNOTS('',3,(#56,#342,#343,#344,#345,#346,#347,#84),.UNSPECIFIED.,.F.,.F.,(4,1,1,1,1,4),(0.E0,2.E-1,4.E-1,6.E-1,8.E-1,1.E0),.UNSPECIFIED.);
#349=STYLED_ITEM('',(#34),#348);
#350=CARTESIAN_POINT('',(-2.112322128377E0,1.143572998450E-3,-3.249756926055E0));
#351=CARTESIAN_POINT('',(-2.132584742378E0,2.880216475043E-3,-3.246195995320E0));
#352=CARTESIAN_POINT('',(-2.160023658365E0,4.251178082525E-3,-3.231941919426E0));
#353=CARTESIAN_POINT('',(-2.181941919426E0,4.251178082522E-3,-3.210023658365E0));
#354=CARTESIAN_POINT('',(-2.196195995320E0,2.880216475047E-3,-3.182584742378E0));
#355=CARTESIAN_POINT('',(-2.199756926055E0,1.143572998451E-3,-3.162322128377E0));
#356=CARTESIAN_POINT('',(-2.199976628885E0,1.099524505781E-4,-3.152161868812E0));
#357=B_SPLINE_CURVE_WITH_KNOTS('',3,(#243,#350,#351,#352,#353,#354,#355,#356),.UNSPECIFIED.,.F.,.F.,(4,1,1,1,1,4),(0.E0,2.E-1,4.E-1,6.E-1,8.E-1,1.E0),.UNSPECIFIED.);
#358=STYLED_ITEM('',(#34),#357);
#359=LINE('',#319,#159);
#360=STYLED_ITEM('',(#34),#359);
#361=LINE('',#312,#159);
#362=STYLED_ITEM('',(#34),#361);
#363=LINE('',#59,#318);
#364=STYLED_ITEM('',(#34),#363);
#365=CARTESIAN_POINT('',(-1.4E0,4.5E-1,-2.45E0));
#366=AXIS2_PLACEMENT_3D('',#365,#125,#46);
#367=CIRCLE('',#366,4.E-1);
#368=STYLED_ITEM('',(#34),#367);
#369=AXIS2_PLACEMENT_3D('',#365,#125,#36);
#370=CIRCLE('',#369,4.E-1);
#371=STYLED_ITEM('',(#34),#370);
#372=CARTESIAN_POINT('',(-2.023371143929E0,4.5E-1,-3.073371143929E0));
#373=LINE('',#372,#305);
#374=STYLED_ITEM('',(#34),#373);
#375=CARTESIAN_POINT('',(2.023371143929E0,4.5E-1,-3.073371143929E0));
#376=LINE('',#375,#234);
#377=STYLED_ITEM('',(#34),#376);
#378=CARTESIAN_POINT('',(2.023371143929E0,4.5E-1,3.073371143929E0));
#379=LINE('',#378,#248);
#380=STYLED_ITEM('',(#34),#379);
#381=CARTESIAN_POINT('',(-2.023371143929E0,4.5E-1,3.073371143929E0));
#382=LINE('',#381,#299);
#383=STYLED_ITEM('',(#34),#382);
#384=VECTOR('',#125,5.E-2);
#385=CARTESIAN_POINT('',(-1.E0,4.5E-1,-2.45E0));
#386=LINE('',#385,#384);
#387=STYLED_ITEM('',(#34),#386);
#388=CARTESIAN_POINT('',(-1.8E0,4.5E-1,-2.45E0));
#389=LINE('',#388,#384);
#390=STYLED_ITEM('',(#34),#389);
#391=CARTESIAN_POINT('',(-1.4E0,4.E-1,-2.45E0));
#392=AXIS2_PLACEMENT_3D('',#391,#125,#46);
#393=CIRCLE('',#392,4.E-1);
#394=STYLED_ITEM('',(#34),#393);
#395=AXIS2_PLACEMENT_3D('',#391,#125,#36);
#396=CIRCLE('',#395,4.E-1);
#397=STYLED_ITEM('',(#34),#396);
#398=CARTESIAN_POINT('',(2.023371143929E0,3.5E-1,-3.073371143929E0));
#399=AXIS2_PLACEMENT_3D('',#398,#46,#331);
#400=CIRCLE('',#399,1.E-1);
#401=STYLED_ITEM('',(#34),#400);
#402=DIRECTION('',(-2.035585949528E-1,9.576678948580E-1,2.035585949528E-1));
#403=AXIS2_PLACEMENT_3D('',#398,#402,#275);
#404=CIRCLE('',#403,1.E-1);
#405=STYLED_ITEM('',(#34),#404);
#406=AXIS2_PLACEMENT_3D('',#398,#28,#271);
#407=CIRCLE('',#406,1.E-1);
#408=STYLED_ITEM('',(#34),#407);
#409=CARTESIAN_POINT('',(-2.023371143929E0,3.5E-1,3.073371143929E0));
#410=DIRECTION('',(2.035585949528E-1,9.576678948580E-1,-2.035585949528E-1));
#411=AXIS2_PLACEMENT_3D('',#409,#410,#338);
#412=CIRCLE('',#411,1.E-1);
#413=STYLED_ITEM('',(#34),#412);
#414=AXIS2_PLACEMENT_3D('',#409,#41,#271);
#415=CIRCLE('',#414,1.E-1);
#416=STYLED_ITEM('',(#34),#415);
#417=AXIS2_PLACEMENT_3D('',#409,#36,#280);
#418=CIRCLE('',#417,1.E-1);
#419=STYLED_ITEM('',(#34),#418);
#420=LINE('',#176,#102);
#421=STYLED_ITEM('',(#34),#420);
#422=CARTESIAN_POINT('',(2.033998972012E0,-4.707911690818E-1,3.181813732086E0));
#423=LINE('',#422,#37);
#424=STYLED_ITEM('',(#34),#423);
#425=LINE('',#140,#71);
#426=STYLED_ITEM('',(#34),#425);
#427=CARTESIAN_POINT('',(-2.100722566200E0,-1.5E-1,3.25E0));
#428=CARTESIAN_POINT('',(-2.101443179163E0,-1.500368389259E-1,3.249992169645E0));
#429=B_SPLINE_CURVE_WITH_KNOTS('',3,(#164,#427,#428,#140),.UNSPECIFIED.,.F.,.F.,(4,4),(0.E0,1.E0),.UNSPECIFIED.);
#430=STYLED_ITEM('',(#34),#429);
#431=CARTESIAN_POINT('',(2.101443179163E0,-1.500368389259E-1,3.249992169645E0));
#432=CARTESIAN_POINT('',(2.100722566200E0,-1.5E-1,3.25E0));
#433=CARTESIAN_POINT('',(2.1E0,-1.5E-1,3.25E0));
#434=B_SPLINE_CURVE_WITH_KNOTS('',3,(#176,#431,#432,#433),.UNSPECIFIED.,.F.,.F.,(4,4),(0.E0,1.E0),.UNSPECIFIED.);
#435=STYLED_ITEM('',(#34),#434);
#436=CARTESIAN_POINT('',(2.033998972012E0,-4.5E-1,-3.083998972012E0));
#437=AXIS2_PLACEMENT_3D('',#436,#28,#121);
#438=CIRCLE('',#437,1.E-1);
#439=STYLED_ITEM('',(#34),#438);
#440=DIRECTION('',(0.E0,-2.079116908178E-1,-9.781476007338E-1));
#441=AXIS2_PLACEMENT_3D('',#436,#74,#440);
#442=CIRCLE('',#441,1.E-1);
#443=STYLED_ITEM('',(#34),#442);
#444=AXIS2_PLACEMENT_3D('',#436,#46,#125);
#445=CIRCLE('',#444,1.E-1);
#446=STYLED_ITEM('',(#34),#445);
#447=CARTESIAN_POINT('',(-2.033998972012E0,-4.5E-1,-3.083998972012E0));
#448=AXIS2_PLACEMENT_3D('',#447,#36,#440);
#449=CIRCLE('',#448,1.E-1);
#450=STYLED_ITEM('',(#34),#449);
#451=AXIS2_PLACEMENT_3D('',#447,#54,#133);
#452=CIRCLE('',#451,1.E-1);
#453=STYLED_ITEM('',(#34),#452);
#454=AXIS2_PLACEMENT_3D('',#447,#28,#125);
#455=CIRCLE('',#454,1.E-1);
#456=STYLED_ITEM('',(#34),#455);
#457=CARTESIAN_POINT('',(-1.E0,4.E-1,-2.45E0));
#458=CARTESIAN_POINT('',(-1.8E0,4.E-1,-2.45E0));
#459=VERTEX_POINT('',#457);
#460=VERTEX_POINT('',#458);
#461=VERTEX_POINT('',#385);
#462=VERTEX_POINT('',#388);
#463=CARTESIAN_POINT('',(-2.131813732086E0,-4.707911690818E-1,-3.083998972012E0));
#464=VERTEX_POINT('',#51);
#465=VERTEX_POINT('',#463);
#466=VERTEX_POINT('',#30);
#467=VERTEX_POINT('',#48);
#468=VERTEX_POINT('',#306);
#469=VERTEX_POINT('',#309);
#470=VERTEX_POINT('',#372);
#471=VERTEX_POINT('',#381);
#472=VERTEX_POINT('',#249);
#473=VERTEX_POINT('',#252);
#474=VERTEX_POINT('',#378);
#475=VERTEX_POINT('',#375);
#476=VERTEX_POINT('',#95);
#477=VERTEX_POINT('',#98);
#478=CARTESIAN_POINT('',(2.033998972012E0,-4.707911690818E-1,-3.181813732086E0));
#479=VERTEX_POINT('',#76);
#480=VERTEX_POINT('',#478);
#481=VERTEX_POINT('',#216);
#482=VERTEX_POINT('',#79);
#483=VERTEX_POINT('',#113);
#484=VERTEX_POINT('',#189);
#485=VERTEX_POINT('',#257);
#486=VERTEX_POINT('',#225);
#487=VERTEX_POINT('',#231);
#488=VERTEX_POINT('',#238);
#489=VERTEX_POINT('',#356);
#490=VERTEX_POINT('',#243);
#491=VERTEX_POINT('',#319);
#492=VERTEX_POINT('',#59);
#493=VERTEX_POINT('',#56);
#494=VERTEX_POINT('',#84);
#495=VERTEX_POINT('',#87);
#496=VERTEX_POINT('',#219);
#497=VERTEX_POINT('',#92);
#498=VERTEX_POINT('',#43);
#499=VERTEX_POINT('',#38);
#500=CARTESIAN_POINT('',(2.131813732086E0,-4.707911690818E-1,3.083998972012E0));
#501=VERTEX_POINT('',#500);
#502=VERTEX_POINT('',#176);
#503=VERTEX_POINT('',#422);
#504=VERTEX_POINT('',#103);
#505=VERTEX_POINT('',#195);
#506=VERTEX_POINT('',#106);
#507=VERTEX_POINT('',#433);
#508=VERTEX_POINT('',#160);
#509=VERTEX_POINT('',#179);
#510=VERTEX_POINT('',#262);
#511=VERTEX_POINT('',#302);
#512=VERTEX_POINT('',#296);
#513=VERTEX_POINT('',#156);
#514=VERTEX_POINT('',#149);
#515=VERTEX_POINT('',#167);
#516=VERTEX_POINT('',#164);
#517=VERTEX_POINT('',#140);
#518=VERTEX_POINT('',#64);
#519=VERTEX_POINT('',#67);
#520=VERTEX_POINT('',#312);
#521=CARTESIAN_POINT('',(-2.033998972012E0,-4.707911690818E-1,3.181813732086E0));
#522=VERTEX_POINT('',#521);
#523=CARTESIAN_POINT('',(0.E0,-5.5E-1,0.E0));
#524=AXIS2_PLACEMENT_3D('',#523,#271,#46);
#525=PLANE('',#524);
#526=EDGE_CURVE('',#466,#467,#31,.T.);
#527=ORIENTED_EDGE('',*,*,#526,.F.);
#528=EDGE_CURVE('',#499,#466,#39,.T.);
#529=ORIENTED_EDGE('',*,*,#528,.F.);
#530=EDGE_CURVE('',#498,#499,#44,.T.);
#531=ORIENTED_EDGE('',*,*,#530,.F.);
#532=EDGE_CURVE('',#467,#498,#49,.T.);
#533=ORIENTED_EDGE('',*,*,#532,.F.);
#534=EDGE_LOOP('',(#527,#529,#531,#533));
#535=FACE_OUTER_BOUND('',#534,.F.);
#536=ADVANCED_FACE('',(#535),#525,.F.);
#537=CARTESIAN_POINT('',(-2.033998972012E0,-4.5E-1,1.17234E1));
#538=AXIS2_PLACEMENT_3D('',#537,#28,#125);
#539=CYLINDRICAL_SURFACE('',#538,1.E-1);
#540=EDGE_CURVE('',#464,#465,#52,.T.);
#541=ORIENTED_EDGE('',*,*,#540,.F.);
#542=EDGE_CURVE('',#464,#466,#135,.T.);
#543=ORIENTED_EDGE('',*,*,#542,.T.);
#544=ORIENTED_EDGE('',*,*,#526,.T.);
#545=EDGE_CURVE('',#467,#465,#455,.T.);
#546=ORIENTED_EDGE('',*,*,#545,.T.);
#547=EDGE_LOOP('',(#541,#543,#544,#546));
#548=FACE_OUTER_BOUND('',#547,.F.);
#549=ADVANCED_FACE('',(#548),#539,.T.);
#550=CARTESIAN_POINT('',(-2.2E0,-1.5E-1,-3.25E0));
#551=AXIS2_PLACEMENT_3D('',#550,#133,#41);
#552=PLANE('',#551);
#553=ORIENTED_EDGE('',*,*,#540,.T.);
#554=EDGE_CURVE('',#493,#465,#57,.T.);
#555=ORIENTED_EDGE('',*,*,#554,.F.);
#556=EDGE_CURVE('',#492,#493,#62,.T.);
#557=ORIENTED_EDGE('',*,*,#556,.F.);
#558=EDGE_CURVE('',#492,#519,#363,.T.);
#559=ORIENTED_EDGE('',*,*,#558,.T.);
#560=EDGE_CURVE('',#518,#519,#68,.T.);
#561=ORIENTED_EDGE('',*,*,#560,.F.);
#562=EDGE_CURVE('',#518,#464,#72,.T.);
#563=ORIENTED_EDGE('',*,*,#562,.T.);
#564=EDGE_LOOP('',(#553,#555,#557,#559,#561,#563));
#565=FACE_OUTER_BOUND('',#564,.F.);
#566=ADVANCED_FACE('',(#565),#552,.T.);
#567=CARTESIAN_POINT('',(-2.502388611309E0,1.7536E0,-3.552388611309E0));
#568=AXIS2_PLACEMENT_3D('',#567,#54,#133);
#569=CYLINDRICAL_SURFACE('',#568,1.E-1);
#570=EDGE_CURVE('',#494,#497,#90,.T.);
#571=ORIENTED_EDGE('',*,*,#570,.F.);
#572=EDGE_CURVE('',#493,#494,#348,.T.);
#573=ORIENTED_EDGE('',*,*,#572,.F.);
#574=ORIENTED_EDGE('',*,*,#554,.T.);
#575=EDGE_CURVE('',#465,#497,#452,.T.);
#576=ORIENTED_EDGE('',*,*,#575,.T.);
#577=EDGE_LOOP('',(#571,#573,#574,#576));
#578=FACE_OUTER_BOUND('',#577,.F.);
#579=ADVANCED_FACE('',(#578),#569,.T.);
#580=CARTESIAN_POINT('',(2.2E0,-1.5E-1,-3.25E0));
#581=AXIS2_PLACEMENT_3D('',#580,#440,#36);
#582=PLANE('',#581);
#583=EDGE_CURVE('',#479,#480,#77,.T.);
#584=ORIENTED_EDGE('',*,*,#583,.F.);
#585=EDGE_CURVE('',#482,#479,#82,.T.);
#586=ORIENTED_EDGE('',*,*,#585,.F.);
#587=EDGE_CURVE('',#482,#495,#223,.T.);
#588=ORIENTED_EDGE('',*,*,#587,.T.);
#589=EDGE_CURVE('',#494,#495,#88,.T.);
#590=ORIENTED_EDGE('',*,*,#589,.F.);
#591=ORIENTED_EDGE('',*,*,#570,.T.);
#592=EDGE_CURVE('',#497,#480,#93,.T.);
#593=ORIENTED_EDGE('',*,*,#592,.T.);
#594=EDGE_LOOP('',(#584,#586,#588,#590,#591,#593));
#595=FACE_OUTER_BOUND('',#594,.F.);
#596=ADVANCED_FACE('',(#595),#582,.T.);
#597=CARTESIAN_POINT('',(2.502388611309E0,1.7536E0,-3.552388611309E0));
#598=AXIS2_PLACEMENT_3D('',#597,#74,#440);
#599=CYLINDRICAL_SURFACE('',#598,1.E-1);
#600=EDGE_CURVE('',#476,#477,#96,.T.);
#601=ORIENTED_EDGE('',*,*,#600,.F.);
#602=EDGE_CURVE('',#479,#476,#204,.T.);
#603=ORIENTED_EDGE('',*,*,#602,.F.);
#604=ORIENTED_EDGE('',*,*,#583,.T.);
#605=EDGE_CURVE('',#480,#477,#442,.T.);
#606=ORIENTED_EDGE('',*,*,#605,.T.);
#607=EDGE_LOOP('',(#601,#603,#604,#606));
#608=FACE_OUTER_BOUND('',#607,.F.);
#609=ADVANCED_FACE('',(#608),#599,.T.);
#610=CARTESIAN_POINT('',(2.2E0,-1.5E-1,3.25E0));
#611=AXIS2_PLACEMENT_3D('',#610,#121,#28);
#612=PLANE('',#611);
#613=ORIENTED_EDGE('',*,*,#600,.T.);
#614=EDGE_CURVE('',#477,#501,#99,.T.);
#615=ORIENTED_EDGE('',*,*,#614,.T.);
#616=EDGE_CURVE('',#504,#501,#104,.T.);
#617=ORIENTED_EDGE('',*,*,#616,.F.);
#618=EDGE_CURVE('',#506,#504,#109,.T.);
#619=ORIENTED_EDGE('',*,*,#618,.F.);
#620=EDGE_CURVE('',#506,#483,#193,.T.);
#621=ORIENTED_EDGE('',*,*,#620,.T.);
#622=EDGE_CURVE('',#476,#483,#114,.T.);
#623=ORIENTED_EDGE('',*,*,#622,.F.);
#624=EDGE_LOOP('',(#613,#615,#617,#619,#621,#623));
#625=FACE_OUTER_BOUND('',#624,.F.);
#626=ADVANCED_FACE('',(#625),#612,.T.);
#627=CARTESIAN_POINT('',(2.033998972012E0,-4.5E-1,-1.17234E1));
#628=AXIS2_PLACEMENT_3D('',#627,#41,#125);
#629=CYLINDRICAL_SURFACE('',#628,1.E-1);
#630=ORIENTED_EDGE('',*,*,#530,.T.);
#631=EDGE_CURVE('',#499,#501,#127,.T.);
#632=ORIENTED_EDGE('',*,*,#631,.T.);
#633=ORIENTED_EDGE('',*,*,#614,.F.);
#634=EDGE_CURVE('',#477,#498,#438,.T.);
#635=ORIENTED_EDGE('',*,*,#634,.T.);
#636=EDGE_LOOP('',(#630,#632,#633,#635));
#637=FACE_OUTER_BOUND('',#636,.F.);
#638=ADVANCED_FACE('',(#637),#629,.T.);
#639=DIRECTION('',(7.071067811865E-1,0.E0,-7.071067811865E-1));
#640=DIRECTION('',(6.771734625787E-1,-2.878753257198E-1,6.771734625787E-1));
#641=AXIS2_PLACEMENT_3D('',#116,#639,#640);
#642=SPHERICAL_SURFACE('',#641,1.E-1);
#643=EDGE_CURVE('',#503,#499,#119,.T.);
#644=ORIENTED_EDGE('',*,*,#643,.F.);
#645=EDGE_CURVE('',#501,#503,#123,.T.);
#646=ORIENTED_EDGE('',*,*,#645,.F.);
#647=ORIENTED_EDGE('',*,*,#631,.F.);
#648=EDGE_LOOP('',(#644,#646,#647));
#649=FACE_OUTER_BOUND('',#648,.F.);
#650=ADVANCED_FACE('',(#649),#642,.T.);
#651=CARTESIAN_POINT('',(7.93584E0,-4.5E-1,3.083998972012E0));
#652=AXIS2_PLACEMENT_3D('',#651,#36,#125);
#653=CYLINDRICAL_SURFACE('',#652,1.E-1);
#654=ORIENTED_EDGE('',*,*,#528,.T.);
#655=EDGE_CURVE('',#466,#522,#131,.T.);
#656=ORIENTED_EDGE('',*,*,#655,.T.);
#657=EDGE_CURVE('',#503,#522,#423,.T.);
#658=ORIENTED_EDGE('',*,*,#657,.F.);
#659=ORIENTED_EDGE('',*,*,#643,.T.);
#660=EDGE_LOOP('',(#654,#656,#658,#659));
#661=FACE_OUTER_BOUND('',#660,.F.);
#662=ADVANCED_FACE('',(#661),#653,.T.);
#663=DIRECTION('',(7.071067811865E-1,0.E0,7.071067811865E-1));
#664=DIRECTION('',(-6.771734625787E-1,-2.878753257198E-1,6.771734625787E-1));
#665=AXIS2_PLACEMENT_3D('',#129,#663,#664);
#666=SPHERICAL_SURFACE('',#665,1.E-1);
#667=ORIENTED_EDGE('',*,*,#655,.F.);
#668=ORIENTED_EDGE('',*,*,#542,.F.);
#669=EDGE_CURVE('',#522,#464,#138,.T.);
#670=ORIENTED_EDGE('',*,*,#669,.F.);
#671=EDGE_LOOP('',(#667,#668,#670));
#672=FACE_OUTER_BOUND('',#671,.F.);
#673=ADVANCED_FACE('',(#672),#666,.T.);
#674=CARTESIAN_POINT('',(-2.502388611309E0,1.7536E0,3.552388611309E0));
#675=AXIS2_PLACEMENT_3D('',#674,#70,#117);
#676=CYLINDRICAL_SURFACE('',#675,1.E-1);
#677=ORIENTED_EDGE('',*,*,#562,.F.);
#678=EDGE_CURVE('',#517,#518,#147,.T.);
#679=ORIENTED_EDGE('',*,*,#678,.F.);
#680=EDGE_CURVE('',#517,#522,#425,.T.);
#681=ORIENTED_EDGE('',*,*,#680,.T.);
#682=ORIENTED_EDGE('',*,*,#669,.T.);
#683=EDGE_LOOP('',(#677,#679,#681,#682));
#684=FACE_OUTER_BOUND('',#683,.F.);
#685=ADVANCED_FACE('',(#684),#676,.T.);
#686=CARTESIAN_POINT('',(-2.1E0,1.7536E0,3.15E0));
#687=AXIS2_PLACEMENT_3D('',#686,#125,#41);
#688=CYLINDRICAL_SURFACE('',#687,1.E-1);
#689=EDGE_CURVE('',#515,#516,#168,.T.);
#690=ORIENTED_EDGE('',*,*,#689,.T.);
#691=EDGE_CURVE('',#516,#517,#429,.T.);
#692=ORIENTED_EDGE('',*,*,#691,.T.);
#693=ORIENTED_EDGE('',*,*,#678,.T.);
#694=ORIENTED_EDGE('',*,*,#560,.T.);
#695=EDGE_CURVE('',#520,#519,#361,.T.);
#696=ORIENTED_EDGE('',*,*,#695,.F.);
#697=EDGE_CURVE('',#520,#514,#316,.T.);
#698=ORIENTED_EDGE('',*,*,#697,.T.);
#699=EDGE_CURVE('',#514,#513,#157,.T.);
#700=ORIENTED_EDGE('',*,*,#699,.T.);
#701=EDGE_CURVE('',#513,#515,#293,.T.);
#702=ORIENTED_EDGE('',*,*,#701,.T.);
#703=EDGE_LOOP('',(#690,#692,#693,#694,#696,#698,#700,#702));
#704=FACE_OUTER_BOUND('',#703,.F.);
#705=ADVANCED_FACE('',(#704),#688,.T.);
#706=CARTESIAN_POINT('',(-2.2E0,-5.5E-1,3.25E0));
#707=AXIS2_PLACEMENT_3D('',#706,#41,#46);
#708=PLANE('',#707);
#709=EDGE_CURVE('',#508,#507,#161,.T.);
#710=ORIENTED_EDGE('',*,*,#709,.T.);
#711=EDGE_CURVE('',#516,#507,#165,.T.);
#712=ORIENTED_EDGE('',*,*,#711,.F.);
#713=ORIENTED_EDGE('',*,*,#689,.F.);
#714=EDGE_CURVE('',#515,#508,#288,.T.);
#715=ORIENTED_EDGE('',*,*,#714,.T.);
#716=EDGE_LOOP('',(#710,#712,#713,#715));
#717=FACE_OUTER_BOUND('',#716,.F.);
#718=ADVANCED_FACE('',(#717),#708,.T.);
#719=CARTESIAN_POINT('',(2.1E0,1.7536E0,3.15E0));
#720=AXIS2_PLACEMENT_3D('',#719,#125,#46);
#721=CYLINDRICAL_SURFACE('',#720,1.E-1);
#722=EDGE_CURVE('',#505,#506,#196,.T.);
#723=ORIENTED_EDGE('',*,*,#722,.T.);
#724=ORIENTED_EDGE('',*,*,#618,.T.);
#725=EDGE_CURVE('',#504,#502,#177,.T.);
#726=ORIENTED_EDGE('',*,*,#725,.T.);
#727=EDGE_CURVE('',#502,#507,#434,.T.);
#728=ORIENTED_EDGE('',*,*,#727,.T.);
#729=ORIENTED_EDGE('',*,*,#709,.F.);
#730=EDGE_CURVE('',#508,#509,#286,.T.);
#731=ORIENTED_EDGE('',*,*,#730,.T.);
#732=EDGE_CURVE('',#509,#510,#187,.T.);
#733=ORIENTED_EDGE('',*,*,#732,.T.);
#734=EDGE_CURVE('',#510,#505,#265,.T.);
#735=ORIENTED_EDGE('',*,*,#734,.T.);
#736=EDGE_LOOP('',(#723,#724,#726,#728,#729,#731,#733,#735));
#737=FACE_OUTER_BOUND('',#736,.F.);
#738=ADVANCED_FACE('',(#737),#721,.T.);
#739=CARTESIAN_POINT('',(2.2E0,-5.5E-1,3.25E0));
#740=AXIS2_PLACEMENT_3D('',#739,#46,#28);
#741=PLANE('',#740);
#742=EDGE_CURVE('',#484,#483,#190,.T.);
#743=ORIENTED_EDGE('',*,*,#742,.T.);
#744=ORIENTED_EDGE('',*,*,#620,.F.);
#745=ORIENTED_EDGE('',*,*,#722,.F.);
#746=EDGE_CURVE('',#505,#484,#260,.T.);
#747=ORIENTED_EDGE('',*,*,#746,.T.);
#748=EDGE_LOOP('',(#743,#744,#745,#747));
#749=FACE_OUTER_BOUND('',#748,.F.);
#750=ADVANCED_FACE('',(#749),#741,.T.);
#751=CARTESIAN_POINT('',(2.1E0,1.7536E0,-3.15E0));
#752=AXIS2_PLACEMENT_3D('',#751,#125,#28);
#753=CYLINDRICAL_SURFACE('',#752,1.E-1);
#754=EDGE_CURVE('',#481,#482,#217,.T.);
#755=ORIENTED_EDGE('',*,*,#754,.T.);
#756=ORIENTED_EDGE('',*,*,#585,.T.);
#757=ORIENTED_EDGE('',*,*,#602,.T.);
#758=ORIENTED_EDGE('',*,*,#622,.T.);
#759=ORIENTED_EDGE('',*,*,#742,.F.);
#760=EDGE_CURVE('',#484,#485,#258,.T.);
#761=ORIENTED_EDGE('',*,*,#760,.T.);
#762=EDGE_CURVE('',#485,#486,#214,.T.);
#763=ORIENTED_EDGE('',*,*,#762,.T.);
#764=EDGE_CURVE('',#486,#481,#228,.T.);
#765=ORIENTED_EDGE('',*,*,#764,.T.);
#766=EDGE_LOOP('',(#755,#756,#757,#758,#759,#761,#763,#765));
#767=FACE_OUTER_BOUND('',#766,.F.);
#768=ADVANCED_FACE('',(#767),#753,.T.);
#769=CARTESIAN_POINT('',(2.2E0,-5.5E-1,-3.25E0));
#770=AXIS2_PLACEMENT_3D('',#769,#28,#36);
#771=PLANE('',#770);
#772=ORIENTED_EDGE('',*,*,#754,.F.);
#773=EDGE_CURVE('',#481,#496,#246,.T.);
#774=ORIENTED_EDGE('',*,*,#773,.T.);
#775=EDGE_CURVE('',#496,#495,#220,.T.);
#776=ORIENTED_EDGE('',*,*,#775,.T.);
#777=ORIENTED_EDGE('',*,*,#587,.F.);
#778=EDGE_LOOP('',(#772,#774,#776,#777));
#779=FACE_OUTER_BOUND('',#778,.F.);
#780=ADVANCED_FACE('',(#779),#771,.T.);
#781=CARTESIAN_POINT('',(2.2E0,0.E0,-3.25E0));
#782=AXIS2_PLACEMENT_3D('',#781,#331,#36);
#783=PLANE('',#782);
#784=ORIENTED_EDGE('',*,*,#764,.F.);
#785=EDGE_CURVE('',#487,#486,#232,.T.);
#786=ORIENTED_EDGE('',*,*,#785,.F.);
#787=EDGE_CURVE('',#487,#488,#235,.T.);
#788=ORIENTED_EDGE('',*,*,#787,.T.);
#789=EDGE_CURVE('',#488,#490,#239,.T.);
#790=ORIENTED_EDGE('',*,*,#789,.T.);
#791=EDGE_CURVE('',#496,#490,#244,.T.);
#792=ORIENTED_EDGE('',*,*,#791,.F.);
#793=ORIENTED_EDGE('',*,*,#773,.F.);
#794=EDGE_LOOP('',(#784,#786,#788,#790,#792,#793));
#795=FACE_OUTER_BOUND('',#794,.F.);
#796=ADVANCED_FACE('',(#795),#783,.T.);
#797=CARTESIAN_POINT('',(1.725026753969E0,1.7536E0,-2.775026753969E0));
#798=AXIS2_PLACEMENT_3D('',#797,#70,#331);
#799=CYLINDRICAL_SURFACE('',#798,1.E-1);
#800=ORIENTED_EDGE('',*,*,#785,.T.);
#801=ORIENTED_EDGE('',*,*,#762,.F.);
#802=EDGE_CURVE('',#473,#485,#253,.T.);
#803=ORIENTED_EDGE('',*,*,#802,.F.);
#804=EDGE_CURVE('',#473,#487,#404,.T.);
#805=ORIENTED_EDGE('',*,*,#804,.T.);
#806=EDGE_LOOP('',(#800,#801,#803,#805));
#807=FACE_OUTER_BOUND('',#806,.F.);
#808=ADVANCED_FACE('',(#807),#799,.T.);
#809=CARTESIAN_POINT('',(2.2E0,0.E0,3.25E0));
#810=AXIS2_PLACEMENT_3D('',#809,#275,#28);
#811=PLANE('',#810);
#812=EDGE_CURVE('',#472,#473,#250,.T.);
#813=ORIENTED_EDGE('',*,*,#812,.T.);
#814=ORIENTED_EDGE('',*,*,#802,.T.);
#815=ORIENTED_EDGE('',*,*,#760,.F.);
#816=ORIENTED_EDGE('',*,*,#746,.F.);
#817=ORIENTED_EDGE('',*,*,#734,.F.);
#818=EDGE_CURVE('',#472,#510,#268,.T.);
#819=ORIENTED_EDGE('',*,*,#818,.F.);
#820=EDGE_LOOP('',(#813,#814,#815,#816,#817,#819));
#821=FACE_OUTER_BOUND('',#820,.F.);
#822=ADVANCED_FACE('',(#821),#811,.T.);
#823=CARTESIAN_POINT('',(2.023371143929E0,3.5E-1,1.17234E1));
#824=AXIS2_PLACEMENT_3D('',#823,#28,#271);
#825=CYLINDRICAL_SURFACE('',#824,1.E-1);
#826=ORIENTED_EDGE('',*,*,#812,.F.);
#827=EDGE_CURVE('',#472,#474,#277,.T.);
#828=ORIENTED_EDGE('',*,*,#827,.T.);
#829=EDGE_CURVE('',#474,#475,#379,.T.);
#830=ORIENTED_EDGE('',*,*,#829,.T.);
#831=EDGE_CURVE('',#475,#473,#407,.T.);
#832=ORIENTED_EDGE('',*,*,#831,.T.);
#833=EDGE_LOOP('',(#826,#828,#830,#832));
#834=FACE_OUTER_BOUND('',#833,.F.);
#835=ADVANCED_FACE('',(#834),#825,.T.);
#836=DIRECTION('',(7.771459614570E-1,-6.293203910498E-1,0.E0));
#837=DIRECTION('',(6.293203910498E-1,7.771459614570E-1,0.E0));
#838=AXIS2_PLACEMENT_3D('',#270,#836,#837);
#839=SPHERICAL_SURFACE('',#838,1.E-1);
#840=EDGE_CURVE('',#474,#511,#273,.T.);
#841=ORIENTED_EDGE('',*,*,#840,.F.);
#842=ORIENTED_EDGE('',*,*,#827,.F.);
#843=EDGE_CURVE('',#511,#472,#282,.T.);
#844=ORIENTED_EDGE('',*,*,#843,.F.);
#845=EDGE_LOOP('',(#841,#842,#844));
#846=FACE_OUTER_BOUND('',#845,.F.);
#847=ADVANCED_FACE('',(#846),#839,.T.);
#848=CARTESIAN_POINT('',(-7.93584E0,3.5E-1,3.073371143929E0));
#849=AXIS2_PLACEMENT_3D('',#848,#46,#271);
#850=CYLINDRICAL_SURFACE('',#849,1.E-1);
#851=EDGE_CURVE('',#512,#511,#300,.T.);
#852=ORIENTED_EDGE('',*,*,#851,.F.);
#853=EDGE_CURVE('',#512,#471,#418,.T.);
#854=ORIENTED_EDGE('',*,*,#853,.T.);
#855=EDGE_CURVE('',#471,#474,#382,.T.);
#856=ORIENTED_EDGE('',*,*,#855,.T.);
#857=ORIENTED_EDGE('',*,*,#840,.T.);
#858=EDGE_LOOP('',(#852,#854,#856,#857));
#859=FACE_OUTER_BOUND('',#858,.F.);
#860=ADVANCED_FACE('',(#859),#850,.T.);
#861=CARTESIAN_POINT('',(-2.2E0,0.E0,3.25E0));
#862=AXIS2_PLACEMENT_3D('',#861,#280,#46);
#863=PLANE('',#862);
#864=ORIENTED_EDGE('',*,*,#730,.F.);
#865=ORIENTED_EDGE('',*,*,#714,.F.);
#866=ORIENTED_EDGE('',*,*,#701,.F.);
#867=EDGE_CURVE('',#512,#513,#297,.T.);
#868=ORIENTED_EDGE('',*,*,#867,.F.);
#869=ORIENTED_EDGE('',*,*,#851,.T.);
#870=EDGE_CURVE('',#511,#509,#303,.T.);
#871=ORIENTED_EDGE('',*,*,#870,.T.);
#872=EDGE_LOOP('',(#864,#865,#866,#868,#869,#871));
#873=FACE_OUTER_BOUND('',#872,.F.);
#874=ADVANCED_FACE('',(#873),#863,.T.);
#875=CARTESIAN_POINT('',(-1.725026753969E0,1.7536E0,2.775026753969E0));
#876=AXIS2_PLACEMENT_3D('',#875,#74,#280);
#877=CYLINDRICAL_SURFACE('',#876,1.E-1);
#878=ORIENTED_EDGE('',*,*,#867,.T.);
#879=ORIENTED_EDGE('',*,*,#699,.F.);
#880=EDGE_CURVE('',#469,#514,#310,.T.);
#881=ORIENTED_EDGE('',*,*,#880,.F.);
#882=EDGE_CURVE('',#469,#512,#412,.T.);
#883=ORIENTED_EDGE('',*,*,#882,.T.);
#884=EDGE_LOOP('',(#878,#879,#881,#883));
#885=FACE_OUTER_BOUND('',#884,.F.);
#886=ADVANCED_FACE('',(#885),#877,.T.);
#887=CARTESIAN_POINT('',(-2.2E0,0.E0,-3.25E0));
#888=AXIS2_PLACEMENT_3D('',#887,#338,#41);
#889=PLANE('',#888);
#890=EDGE_CURVE('',#468,#469,#307,.T.);
#891=ORIENTED_EDGE('',*,*,#890,.T.);
#892=ORIENTED_EDGE('',*,*,#880,.T.);
#893=ORIENTED_EDGE('',*,*,#697,.F.);
#894=EDGE_CURVE('',#491,#520,#320,.T.);
#895=ORIENTED_EDGE('',*,*,#894,.F.);
#896=EDGE_CURVE('',#489,#491,#325,.T.);
#897=ORIENTED_EDGE('',*,*,#896,.F.);
#898=EDGE_CURVE('',#468,#489,#327,.T.);
#899=ORIENTED_EDGE('',*,*,#898,.F.);
#900=EDGE_LOOP('',(#891,#892,#893,#895,#897,#899));
#901=FACE_OUTER_BOUND('',#900,.F.);
#902=ADVANCED_FACE('',(#901),#889,.T.);
#903=CARTESIAN_POINT('',(-2.023371143929E0,3.5E-1,-1.17234E1));
#904=AXIS2_PLACEMENT_3D('',#903,#41,#271);
#905=CYLINDRICAL_SURFACE('',#904,1.E-1);
#906=ORIENTED_EDGE('',*,*,#890,.F.);
#907=EDGE_CURVE('',#468,#470,#340,.T.);
#908=ORIENTED_EDGE('',*,*,#907,.T.);
#909=EDGE_CURVE('',#470,#471,#373,.T.);
#910=ORIENTED_EDGE('',*,*,#909,.T.);
#911=EDGE_CURVE('',#471,#469,#415,.T.);
#912=ORIENTED_EDGE('',*,*,#911,.T.);
#913=EDGE_LOOP('',(#906,#908,#910,#912));
#914=FACE_OUTER_BOUND('',#913,.F.);
#915=ADVANCED_FACE('',(#914),#905,.T.);
#916=DIRECTION('',(-6.771734625787E-1,2.878753257198E-1,-6.771734625787E-1));
#917=AXIS2_PLACEMENT_3D('',#329,#639,#916);
#918=SPHERICAL_SURFACE('',#917,1.E-1);
#919=EDGE_CURVE('',#488,#468,#333,.T.);
#920=ORIENTED_EDGE('',*,*,#919,.F.);
#921=EDGE_CURVE('',#470,#488,#336,.T.);
#922=ORIENTED_EDGE('',*,*,#921,.F.);
#923=ORIENTED_EDGE('',*,*,#907,.F.);
#924=EDGE_LOOP('',(#920,#922,#923));
#925=FACE_OUTER_BOUND('',#924,.F.);
#926=ADVANCED_FACE('',(#925),#918,.T.);
#927=CARTESIAN_POINT('',(-1.725026753969E0,1.7536E0,-2.775026753969E0));
#928=AXIS2_PLACEMENT_3D('',#927,#101,#338);
#929=CYLINDRICAL_SURFACE('',#928,1.E-1);
#930=ORIENTED_EDGE('',*,*,#898,.T.);
#931=EDGE_CURVE('',#490,#489,#357,.T.);
#932=ORIENTED_EDGE('',*,*,#931,.F.);
#933=ORIENTED_EDGE('',*,*,#789,.F.);
#934=ORIENTED_EDGE('',*,*,#919,.T.);
#935=EDGE_LOOP('',(#930,#932,#933,#934));
#936=FACE_OUTER_BOUND('',#935,.F.);
#937=ADVANCED_FACE('',(#936),#929,.T.);
#938=CARTESIAN_POINT('',(-2.1E0,1.7536E0,-3.15E0));
#939=AXIS2_PLACEMENT_3D('',#938,#125,#36);
#940=CYLINDRICAL_SURFACE('',#939,1.E-1);
#941=EDGE_CURVE('',#491,#492,#359,.T.);
#942=ORIENTED_EDGE('',*,*,#941,.T.);
#943=ORIENTED_EDGE('',*,*,#556,.T.);
#944=ORIENTED_EDGE('',*,*,#572,.T.);
#945=ORIENTED_EDGE('',*,*,#589,.T.);
#946=ORIENTED_EDGE('',*,*,#775,.F.);
#947=ORIENTED_EDGE('',*,*,#791,.T.);
#948=ORIENTED_EDGE('',*,*,#931,.T.);
#949=ORIENTED_EDGE('',*,*,#896,.T.);
#950=EDGE_LOOP('',(#942,#943,#944,#945,#946,#947,#948,#949));
#951=FACE_OUTER_BOUND('',#950,.F.);
#952=ADVANCED_FACE('',(#951),#940,.T.);
#953=CARTESIAN_POINT('',(-2.2E0,-5.5E-1,-3.25E0));
#954=AXIS2_PLACEMENT_3D('',#953,#36,#41);
#955=PLANE('',#954);
#956=ORIENTED_EDGE('',*,*,#941,.F.);
#957=ORIENTED_EDGE('',*,*,#894,.T.);
#958=ORIENTED_EDGE('',*,*,#695,.T.);
#959=ORIENTED_EDGE('',*,*,#558,.F.);
#960=EDGE_LOOP('',(#956,#957,#958,#959));
#961=FACE_OUTER_BOUND('',#960,.F.);
#962=ADVANCED_FACE('',(#961),#955,.T.);
#963=CARTESIAN_POINT('',(7.93584E0,3.5E-1,-3.073371143929E0));
#964=AXIS2_PLACEMENT_3D('',#963,#36,#271);
#965=CYLINDRICAL_SURFACE('',#964,1.E-1);
#966=EDGE_CURVE('',#475,#470,#376,.T.);
#967=ORIENTED_EDGE('',*,*,#966,.T.);
#968=ORIENTED_EDGE('',*,*,#921,.T.);
#969=ORIENTED_EDGE('',*,*,#787,.F.);
#970=EDGE_CURVE('',#487,#475,#400,.T.);
#971=ORIENTED_EDGE('',*,*,#970,.T.);
#972=EDGE_LOOP('',(#967,#968,#969,#971));
#973=FACE_OUTER_BOUND('',#972,.F.);
#974=ADVANCED_FACE('',(#973),#965,.T.);
#975=CARTESIAN_POINT('',(0.E0,4.5E-1,0.E0));
#976=AXIS2_PLACEMENT_3D('',#975,#271,#46);
#977=PLANE('',#976);
#978=ORIENTED_EDGE('',*,*,#909,.F.);
#979=ORIENTED_EDGE('',*,*,#966,.F.);
#980=ORIENTED_EDGE('',*,*,#829,.F.);
#981=ORIENTED_EDGE('',*,*,#855,.F.);
#982=EDGE_LOOP('',(#978,#979,#980,#981));
#983=FACE_OUTER_BOUND('',#982,.F.);
#984=EDGE_CURVE('',#461,#462,#367,.T.);
#985=ORIENTED_EDGE('',*,*,#984,.F.);
#986=EDGE_CURVE('',#462,#461,#370,.T.);
#987=ORIENTED_EDGE('',*,*,#986,.F.);
#988=EDGE_LOOP('',(#985,#987));
#989=FACE_BOUND('',#988,.F.);
#990=ADVANCED_FACE('',(#983,#989),#977,.T.);
#991=CYLINDRICAL_SURFACE('',#366,4.E-1);
#992=ORIENTED_EDGE('',*,*,#984,.T.);
#993=EDGE_CURVE('',#462,#460,#389,.T.);
#994=ORIENTED_EDGE('',*,*,#993,.T.);
#995=EDGE_CURVE('',#459,#460,#393,.T.);
#996=ORIENTED_EDGE('',*,*,#995,.F.);
#997=EDGE_CURVE('',#461,#459,#386,.T.);
#998=ORIENTED_EDGE('',*,*,#997,.F.);
#999=EDGE_LOOP('',(#992,#994,#996,#998));
#1000=FACE_OUTER_BOUND('',#999,.F.);
#1001=ADVANCED_FACE('',(#1000),#991,.F.);
#1002=ORIENTED_EDGE('',*,*,#986,.T.);
#1003=ORIENTED_EDGE('',*,*,#997,.T.);
#1004=EDGE_CURVE('',#460,#459,#396,.T.);
#1005=ORIENTED_EDGE('',*,*,#1004,.F.);
#1006=ORIENTED_EDGE('',*,*,#993,.F.);
#1007=EDGE_LOOP('',(#1002,#1003,#1005,#1006));
#1008=FACE_OUTER_BOUND('',#1007,.F.);
#1009=ADVANCED_FACE('',(#1008),#991,.F.);
#1010=PLANE('',#392);
#1011=ORIENTED_EDGE('',*,*,#995,.T.);
#1012=ORIENTED_EDGE('',*,*,#1004,.T.);
#1013=EDGE_LOOP('',(#1011,#1012));
#1014=FACE_OUTER_BOUND('',#1013,.F.);
#1015=ADVANCED_FACE('',(#1014),#1010,.F.);
#1016=DIRECTION('',(0.E0,-6.293203910498E-1,-7.771459614570E-1));
#1017=DIRECTION('',(0.E0,7.771459614570E-1,-6.293203910498E-1));
#1018=AXIS2_PLACEMENT_3D('',#398,#1016,#1017);
#1019=SPHERICAL_SURFACE('',#1018,1.E-1);
#1020=ORIENTED_EDGE('',*,*,#970,.F.);
#1021=ORIENTED_EDGE('',*,*,#804,.F.);
#1022=ORIENTED_EDGE('',*,*,#831,.F.);
#1023=EDGE_LOOP('',(#1020,#1021,#1022));
#1024=FACE_OUTER_BOUND('',#1023,.F.);
#1025=ADVANCED_FACE('',(#1024),#1019,.T.);
#1026=DIRECTION('',(0.E0,-6.293203910498E-1,7.771459614570E-1));
#1027=DIRECTION('',(0.E0,7.771459614570E-1,6.293203910498E-1));
#1028=AXIS2_PLACEMENT_3D('',#409,#1026,#1027);
#1029=SPHERICAL_SURFACE('',#1028,1.E-1);
#1030=ORIENTED_EDGE('',*,*,#882,.F.);
#1031=ORIENTED_EDGE('',*,*,#911,.F.);
#1032=ORIENTED_EDGE('',*,*,#853,.F.);
#1033=EDGE_LOOP('',(#1030,#1031,#1032));
#1034=FACE_OUTER_BOUND('',#1033,.F.);
#1035=ADVANCED_FACE('',(#1034),#1029,.T.);
#1036=CARTESIAN_POINT('',(1.725026753969E0,1.7536E0,2.775026753969E0));
#1037=AXIS2_PLACEMENT_3D('',#1036,#54,#275);
#1038=CYLINDRICAL_SURFACE('',#1037,1.E-1);
#1039=ORIENTED_EDGE('',*,*,#818,.T.);
#1040=ORIENTED_EDGE('',*,*,#732,.F.);
#1041=ORIENTED_EDGE('',*,*,#870,.F.);
#1042=ORIENTED_EDGE('',*,*,#843,.T.);
#1043=EDGE_LOOP('',(#1039,#1040,#1041,#1042));
#1044=FACE_OUTER_BOUND('',#1043,.F.);
#1045=ADVANCED_FACE('',(#1044),#1038,.T.);
#1046=CARTESIAN_POINT('',(2.502388611309E0,1.7536E0,3.552388611309E0));
#1047=AXIS2_PLACEMENT_3D('',#1046,#101,#121);
#1048=CYLINDRICAL_SURFACE('',#1047,1.E-1);
#1049=EDGE_CURVE('',#502,#503,#420,.T.);
#1050=ORIENTED_EDGE('',*,*,#1049,.F.);
#1051=ORIENTED_EDGE('',*,*,#725,.F.);
#1052=ORIENTED_EDGE('',*,*,#616,.T.);
#1053=ORIENTED_EDGE('',*,*,#645,.T.);
#1054=EDGE_LOOP('',(#1050,#1051,#1052,#1053));
#1055=FACE_OUTER_BOUND('',#1054,.F.);
#1056=ADVANCED_FACE('',(#1055),#1048,.T.);
#1057=CARTESIAN_POINT('',(-2.2E0,-1.5E-1,3.25E0));
#1058=AXIS2_PLACEMENT_3D('',#1057,#117,#46);
#1059=PLANE('',#1058);
#1060=ORIENTED_EDGE('',*,*,#1049,.T.);
#1061=ORIENTED_EDGE('',*,*,#657,.T.);
#1062=ORIENTED_EDGE('',*,*,#680,.F.);
#1063=ORIENTED_EDGE('',*,*,#691,.F.);
#1064=ORIENTED_EDGE('',*,*,#711,.T.);
#1065=ORIENTED_EDGE('',*,*,#727,.F.);
#1066=EDGE_LOOP('',(#1060,#1061,#1062,#1063,#1064,#1065));
#1067=FACE_OUTER_BOUND('',#1066,.F.);
#1068=ADVANCED_FACE('',(#1067),#1059,.T.);
#1069=DIRECTION('',(-7.071067811865E-1,0.E0,-7.071067811865E-1));
#1070=DIRECTION('',(6.771734625787E-1,-2.878753257198E-1,-6.771734625787E-1));
#1071=AXIS2_PLACEMENT_3D('',#436,#1069,#1070);
#1072=SPHERICAL_SURFACE('',#1071,1.E-1);
#1073=ORIENTED_EDGE('',*,*,#634,.F.);
#1074=ORIENTED_EDGE('',*,*,#605,.F.);
#1075=EDGE_CURVE('',#498,#480,#445,.T.);
#1076=ORIENTED_EDGE('',*,*,#1075,.F.);
#1077=EDGE_LOOP('',(#1073,#1074,#1076));
#1078=FACE_OUTER_BOUND('',#1077,.F.);
#1079=ADVANCED_FACE('',(#1078),#1072,.T.);
#1080=CARTESIAN_POINT('',(-7.93584E0,-4.5E-1,-3.083998972012E0));
#1081=AXIS2_PLACEMENT_3D('',#1080,#46,#125);
#1082=CYLINDRICAL_SURFACE('',#1081,1.E-1);
#1083=ORIENTED_EDGE('',*,*,#592,.F.);
#1084=EDGE_CURVE('',#497,#467,#449,.T.);
#1085=ORIENTED_EDGE('',*,*,#1084,.T.);
#1086=ORIENTED_EDGE('',*,*,#532,.T.);
#1087=ORIENTED_EDGE('',*,*,#1075,.T.);
#1088=EDGE_LOOP('',(#1083,#1085,#1086,#1087));
#1089=FACE_OUTER_BOUND('',#1088,.F.);
#1090=ADVANCED_FACE('',(#1089),#1082,.T.);
#1091=DIRECTION('',(0.E0,6.293203910498E-1,-7.771459614570E-1));
#1092=DIRECTION('',(0.E0,-7.771459614570E-1,-6.293203910498E-1));
#1093=AXIS2_PLACEMENT_3D('',#447,#1091,#1092);
#1094=SPHERICAL_SURFACE('',#1093,1.E-1);
#1095=ORIENTED_EDGE('',*,*,#1084,.F.);
#1096=ORIENTED_EDGE('',*,*,#575,.F.);
#1097=ORIENTED_EDGE('',*,*,#545,.F.);
#1098=EDGE_LOOP('',(#1095,#1096,#1097));
#1099=FACE_OUTER_BOUND('',#1098,.F.);
#1100=ADVANCED_FACE('',(#1099),#1094,.T.);
#1101=CLOSED_SHELL('',(#536,#549,#566,#579,#596,#609,#626,#638,#650,#662,#673,#685,#705,#718,#738,#750,#768,#780,#796,#808,#822,#835,#847,#860,#874,#886,#902,#915,#926,#937,#952,#962,#974,#990,#1001,#1009,#1015,#1025,#1035,#1045,#1056,#1068,#1079,#1090,#1100));
#1102=MANIFOLD_SOLID_BREP('',#1101);
#1103=FILL_AREA_STYLE_COLOUR('',#6);
#1104=FILL_AREA_STYLE('',(#1103));
#1105=SURFACE_STYLE_FILL_AREA(#1104);
#1106=SURFACE_SIDE_STYLE('',(#1105));
#1107=SURFACE_STYLE_USAGE(.BOTH.,#1106);
#1108=PRESENTATION_STYLE_ASSIGNMENT((#1107));
#1109=(LENGTH_UNIT()NAMED_UNIT(*)SI_UNIT(.MILLI.,.METRE.));
#1110=(NAMED_UNIT(*)PLANE_ANGLE_UNIT()SI_UNIT($,.RADIAN.));
#1111=PLANE_ANGLE_MEASURE_WITH_UNIT(PLANE_ANGLE_MEASURE(1.745329251994E-2),#1110);
#1112=(CONVERSION_BASED_UNIT('DEGREE',#1111)NAMED_UNIT(*)PLANE_ANGLE_UNIT());
#1113=(NAMED_UNIT(*)SI_UNIT($,.STERADIAN.)SOLID_ANGLE_UNIT());
#1114=UNCERTAINTY_MEASURE_WITH_UNIT(LENGTH_MEASURE(8.633778794437E-4),#1109,'distance_accuracy_value','Maximum model space distance between geometric entities at asserted connectivities');
#1115=(GEOMETRIC_REPRESENTATION_CONTEXT(3)GLOBAL_UNCERTAINTY_ASSIGNED_CONTEXT((#1114))GLOBAL_UNIT_ASSIGNED_CONTEXT((#1109,#1112,#1113))REPRESENTATION_CONTEXT('ID1','3'));
#1116=CARTESIAN_POINT('',(0.E0,0.E0,0.E0));
#1117=AXIS2_PLACEMENT_3D('',#1116,#41,#46);
#1118=ADVANCED_BREP_SHAPE_REPRESENTATION('',(#1117,#1102),#1115);
#1119=APPLICATION_CONTEXT('automotive_design');
#1120=APPLICATION_PROTOCOL_DEFINITION('international standard','automotive_design',2001,#1119);
#1121=PRODUCT_DEFINITION_CONTEXT('part definition',#1119,'design');
#1122=PRODUCT_CONTEXT('',#1119,'mechanical');
#1123=PRODUCT('BODY-TSSOP','BODY-TSSOP','NOT SPECIFIED',(#1122));
#1124=PRODUCT_DEFINITION_FORMATION('18','LAST_VERSION',#1123);
#1125=PRODUCT_DEFINITION('part definition','',#1124,#1121);
#1126=PRODUCT_DEFINITION_SHAPE('','SHAPE FOR BODY-TSSOP.',#1125);
#1127=SHAPE_ASPECT('','solid data associated with BODY-TSSOP',#1126,.F.);
#1128=PROPERTY_DEFINITION('','shape for solid data with which properties are associated',#1127);
#1129=SHAPE_REPRESENTATION('',(#1102),#1115);
#1130=SHAPE_DEFINITION_REPRESENTATION(#1128,#1129);
#1131=DERIVED_UNIT_ELEMENT(#1109,2.E0);
#1132=DERIVED_UNIT((#1131));
#1133=MEASURE_REPRESENTATION_ITEM('surface area measure',AREA_MEASURE(7.408976021816E1),#1132);
#1134=PROPERTY_DEFINITION('geometric validation property','area of BODY-TSSOP',#1127);
#1135=REPRESENTATION('surface area',(#1133),#1115);
#1136=PROPERTY_DEFINITION_REPRESENTATION(#1134,#1135);
#1137=DERIVED_UNIT_ELEMENT(#1109,3.E0);
#1138=DERIVED_UNIT((#1137));
#1139=MEASURE_REPRESENTATION_ITEM('volume measure',VOLUME_MEASURE(2.768252892329E1),#1138);
#1140=PROPERTY_DEFINITION('geometric validation property','volume of BODY-TSSOP',#1127);
#1141=REPRESENTATION('volume',(#1139),#1115);
#1142=PROPERTY_DEFINITION_REPRESENTATION(#1140,#1141);
#1143=CARTESIAN_POINT('centre point',(1.271138176577E-3,-5.142983164469E-2,2.224504985826E-3));
#1144=PROPERTY_DEFINITION('geometric validation property','centroid of BODY-TSSOP',#1127);
#1145=REPRESENTATION('centroid',(#1143),#1115);
#1146=PROPERTY_DEFINITION_REPRESENTATION(#1144,#1145);
#1147=MEASURE_REPRESENTATION_ITEM('surface area measure',AREA_MEASURE(7.408976021816E1),#1132);
#1148=PROPERTY_DEFINITION('geometric validation property','area of BODY-TSSOP',#1126);
#1149=REPRESENTATION('surface area',(#1147),#1115);
#1150=PROPERTY_DEFINITION_REPRESENTATION(#1148,#1149);
#1151=MEASURE_REPRESENTATION_ITEM('volume measure',VOLUME_MEASURE(2.768252892329E1),#1138);
#1152=PROPERTY_DEFINITION('geometric validation property','volume of BODY-TSSOP',#1126);
#1153=REPRESENTATION('volume',(#1151),#1115);
#1154=PROPERTY_DEFINITION_REPRESENTATION(#1152,#1153);
#1155=PROPERTY_DEFINITION('geometric validation property','centroid of BODY-TSSOP',#1126);
#1156=REPRESENTATION('centroid',(#1143),#1115);
#1157=PROPERTY_DEFINITION_REPRESENTATION(#1155,#1156);
#1158=SHAPE_DEFINITION_REPRESENTATION(#1126,#1118);
#1159=PROPERTY_DEFINITION('DESCRIPTION','user defined attribute',#1125);
#1160=GENERAL_PROPERTY('','DESCRIPTION','user defined attribute');
#1161=GENERAL_PROPERTY_ASSOCIATION('user defined attribute','',#1160,#1159);
#1162=DESCRIPTIVE_REPRESENTATION_ITEM('DESCRIPTION','');
#1163=REPRESENTATION('',(#1162),#1115);
#1164=PROPERTY_DEFINITION_REPRESENTATION(#1159,#1163);
#1165=PROPERTY_DEFINITION('MODELED_BY','user defined attribute',#1125);
#1166=GENERAL_PROPERTY('','MODELED_BY','user defined attribute');
#1167=GENERAL_PROPERTY_ASSOCIATION('user defined attribute','',#1166,#1165);
#1168=DESCRIPTIVE_REPRESENTATION_ITEM('MODELED_BY','');
#1169=REPRESENTATION('',(#1168),#1115);
#1170=PROPERTY_DEFINITION_REPRESENTATION(#1165,#1169);
#1171=PROPERTY_DEFINITION('REV','user defined attribute',#1125);
#1172=GENERAL_PROPERTY('','REV','user defined attribute');
#1173=GENERAL_PROPERTY_ASSOCIATION('user defined attribute','',#1172,#1171);
#1174=DESCRIPTIVE_REPRESENTATION_ITEM('REV','');
#1175=REPRESENTATION('',(#1174),#1115);
#1176=PROPERTY_DEFINITION_REPRESENTATION(#1171,#1175);
#1177=PROPERTY_DEFINITION('TITLE','user defined attribute',#1125);
#1178=GENERAL_PROPERTY('','TITLE','user defined attribute');
#1179=GENERAL_PROPERTY_ASSOCIATION('user defined attribute','',#1178,#1177);
#1180=PROPERTY_DEFINITION('DWG_NO','user defined attribute',#1125);
#1181=GENERAL_PROPERTY('','DWG_NO','user defined attribute');
#1182=GENERAL_PROPERTY_ASSOCIATION('user defined attribute','',#1181,#1180);
#1183=DESCRIPTIVE_REPRESENTATION_ITEM('DWG_NO','');
#1184=REPRESENTATION('',(#1183),#1115);
#1185=PROPERTY_DEFINITION_REPRESENTATION(#1180,#1184);
#1186=PROPERTY_DEFINITION('AUTHOR','user defined attribute',#1125);
#1187=GENERAL_PROPERTY('','AUTHOR','user defined attribute');
#1188=GENERAL_PROPERTY_ASSOCIATION('user defined attribute','',#1187,#1186);
#1189=DESCRIPTIVE_REPRESENTATION_ITEM('AUTHOR','');
#1190=REPRESENTATION('',(#1189),#1115);
#1191=PROPERTY_DEFINITION_REPRESENTATION(#1186,#1190);
#1192=PROPERTY_DEFINITION('DATE','user defined attribute',#1125);
#1193=GENERAL_PROPERTY('','DATE','user defined attribute');
#1194=GENERAL_PROPERTY_ASSOCIATION('user defined attribute','',#1193,#1192);
#1195=DESCRIPTIVE_REPRESENTATION_ITEM('DATE','');
#1196=REPRESENTATION('',(#1195),#1115);
#1197=PROPERTY_DEFINITION_REPRESENTATION(#1192,#1196);
#1198=PROPERTY_DEFINITION('DESIGNER','user defined attribute',#1125);
#1199=GENERAL_PROPERTY('','DESIGNER','user defined attribute');
#1200=GENERAL_PROPERTY_ASSOCIATION('user defined attribute','',#1199,#1198);
#1201=DESCRIPTIVE_REPRESENTATION_ITEM('DESIGNER','');
#1202=REPRESENTATION('',(#1201),#1115);
#1203=PROPERTY_DEFINITION_REPRESENTATION(#1198,#1202);
#1204=PROPERTY_DEFINITION('DES_DATE','user defined attribute',#1125);
#1205=GENERAL_PROPERTY('','DES_DATE','user defined attribute');
#1206=GENERAL_PROPERTY_ASSOCIATION('user defined attribute','',#1205,#1204);
#1207=DESCRIPTIVE_REPRESENTATION_ITEM('DES_DATE','');
#1208=REPRESENTATION('',(#1207),#1115);
#1209=PROPERTY_DEFINITION_REPRESENTATION(#1204,#1208);
#1210=PROPERTY_DEFINITION('DCHK','user defined attribute',#1125);
#1211=GENERAL_PROPERTY('','DCHK','user defined attribute');
#1212=GENERAL_PROPERTY_ASSOCIATION('user defined attribute','',#1211,#1210);
#1213=DESCRIPTIVE_REPRESENTATION_ITEM('DCHK','');
#1214=REPRESENTATION('',(#1213),#1115);
#1215=PROPERTY_DEFINITION_REPRESENTATION(#1210,#1214);
#1216=PROPERTY_DEFINITION('DCHK_DATE','user defined attribute',#1125);
#1217=GENERAL_PROPERTY('','DCHK_DATE','user defined attribute');
#1218=GENERAL_PROPERTY_ASSOCIATION('user defined attribute','',#1217,#1216);
#1219=DESCRIPTIVE_REPRESENTATION_ITEM('DCHK_DATE','');
#1220=REPRESENTATION('',(#1219),#1115);
#1221=PROPERTY_DEFINITION_REPRESENTATION(#1216,#1220);
#1222=PROPERTY_DEFINITION('ECHK','user defined attribute',#1125);
#1223=GENERAL_PROPERTY('','ECHK','user defined attribute');
#1224=GENERAL_PROPERTY_ASSOCIATION('user defined attribute','',#1223,#1222);
#1225=DESCRIPTIVE_REPRESENTATION_ITEM('ECHK','');
#1226=REPRESENTATION('',(#1225),#1115);
#1227=PROPERTY_DEFINITION_REPRESENTATION(#1222,#1226);
#1228=PROPERTY_DEFINITION('ECHK_DATE','user defined attribute',#1125);
#1229=GENERAL_PROPERTY('','ECHK_DATE','user defined attribute');
#1230=GENERAL_PROPERTY_ASSOCIATION('user defined attribute','',#1229,#1228);
#1231=DESCRIPTIVE_REPRESENTATION_ITEM('ECHK_DATE','');
#1232=REPRESENTATION('',(#1231),#1115);
#1233=PROPERTY_DEFINITION_REPRESENTATION(#1228,#1232);
#1234=PROPERTY_DEFINITION('APPROVER','user defined attribute',#1125);
#1235=GENERAL_PROPERTY('','APPROVER','user defined attribute');
#1236=GENERAL_PROPERTY_ASSOCIATION('user defined attribute','',#1235,#1234);
#1237=DESCRIPTIVE_REPRESENTATION_ITEM('APPROVER','');
#1238=REPRESENTATION('',(#1237),#1115);
#1239=PROPERTY_DEFINITION_REPRESENTATION(#1234,#1238);
#1240=PROPERTY_DEFINITION('APP_DATE','user defined attribute',#1125);
#1241=GENERAL_PROPERTY('','APP_DATE','user defined attribute');
#1242=GENERAL_PROPERTY_ASSOCIATION('user defined attribute','',#1241,#1240);
#1243=DESCRIPTIVE_REPRESENTATION_ITEM('APP_DATE','');
#1244=REPRESENTATION('',(#1243),#1115);
#1245=PROPERTY_DEFINITION_REPRESENTATION(#1240,#1244);
#1246=PROPERTY_DEFINITION('RELEASED','user defined attribute',#1125);
#1247=GENERAL_PROPERTY('','RELEASED','user defined attribute');
#1248=GENERAL_PROPERTY_ASSOCIATION('user defined attribute','',#1247,#1246);
#1249=DESCRIPTIVE_REPRESENTATION_ITEM('RELEASED','');
#1250=REPRESENTATION('',(#1249),#1115);
#1251=PROPERTY_DEFINITION_REPRESENTATION(#1246,#1250);
#1252=PROPERTY_DEFINITION('REL_DATE','user defined attribute',#1125);
#1253=GENERAL_PROPERTY('','REL_DATE','user defined attribute');
#1254=GENERAL_PROPERTY_ASSOCIATION('user defined attribute','',#1253,#1252);
#1255=DESCRIPTIVE_REPRESENTATION_ITEM('REL_DATE','');
#1256=REPRESENTATION('',(#1255),#1115);
#1257=PROPERTY_DEFINITION_REPRESENTATION(#1252,#1256);
#1258=PROPERTY_DEFINITION('ASSY1','user defined attribute',#1125);
#1259=GENERAL_PROPERTY('','ASSY1','user defined attribute');
#1260=GENERAL_PROPERTY_ASSOCIATION('user defined attribute','',#1259,#1258);
#1261=DESCRIPTIVE_REPRESENTATION_ITEM('ASSY1','');
#1262=REPRESENTATION('',(#1261),#1115);
#1263=PROPERTY_DEFINITION_REPRESENTATION(#1258,#1262);
#1264=PROPERTY_DEFINITION('ASSY2','user defined attribute',#1125);
#1265=GENERAL_PROPERTY('','ASSY2','user defined attribute');
#1266=GENERAL_PROPERTY_ASSOCIATION('user defined attribute','',#1265,#1264);
#1267=DESCRIPTIVE_REPRESENTATION_ITEM('ASSY2','');
#1268=REPRESENTATION('',(#1267),#1115);
#1269=PROPERTY_DEFINITION_REPRESENTATION(#1264,#1268);
#1270=PROPERTY_DEFINITION('ASSY3','user defined attribute',#1125);
#1271=GENERAL_PROPERTY('','ASSY3','user defined attribute');
#1272=GENERAL_PROPERTY_ASSOCIATION('user defined attribute','',#1271,#1270);
#1273=DESCRIPTIVE_REPRESENTATION_ITEM('ASSY3','');
#1274=REPRESENTATION('',(#1273),#1115);
#1275=PROPERTY_DEFINITION_REPRESENTATION(#1270,#1274);
#1276=PROPERTY_DEFINITION('ASSY4','user defined attribute',#1125);
#1277=GENERAL_PROPERTY('','ASSY4','user defined attribute');
#1278=GENERAL_PROPERTY_ASSOCIATION('user defined attribute','',#1277,#1276);
#1279=DESCRIPTIVE_REPRESENTATION_ITEM('ASSY4','');
#1280=REPRESENTATION('',(#1279),#1115);
#1281=PROPERTY_DEFINITION_REPRESENTATION(#1276,#1280);
#1282=PROPERTY_DEFINITION('MATERIAL','user defined attribute',#1125);
#1283=GENERAL_PROPERTY('','MATERIAL','user defined attribute');
#1284=GENERAL_PROPERTY_ASSOCIATION('user defined attribute','',#1283,#1282);
#1285=PROPERTY_DEFINITION('PROCESSES','user defined attribute',#1125);
#1286=GENERAL_PROPERTY('','PROCESSES','user defined attribute');
#1287=GENERAL_PROPERTY_ASSOCIATION('user defined attribute','',#1286,#1285);
#1288=PROPERTY_DEFINITION('TOLX_MM','user defined attribute',#1125);
#1289=GENERAL_PROPERTY('','TOLX_MM','user defined attribute');
#1290=GENERAL_PROPERTY_ASSOCIATION('user defined attribute','',#1289,#1288);
#1291=DESCRIPTIVE_REPRESENTATION_ITEM('TOLX_MM','');
#1292=REPRESENTATION('',(#1291),#1115);
#1293=PROPERTY_DEFINITION_REPRESENTATION(#1288,#1292);
#1294=PROPERTY_DEFINITION('TOLXX_MM','user defined attribute',#1125);
#1295=GENERAL_PROPERTY('','TOLXX_MM','user defined attribute');
#1296=GENERAL_PROPERTY_ASSOCIATION('user defined attribute','',#1295,#1294);
#1297=DESCRIPTIVE_REPRESENTATION_ITEM('TOLXX_MM','');
#1298=REPRESENTATION('',(#1297),#1115);
#1299=PROPERTY_DEFINITION_REPRESENTATION(#1294,#1298);
#1300=PROPERTY_DEFINITION('TOLXXX_MM','user defined attribute',#1125);
#1301=GENERAL_PROPERTY('','TOLXXX_MM','user defined attribute');
#1302=GENERAL_PROPERTY_ASSOCIATION('user defined attribute','',#1301,#1300);
#1303=DESCRIPTIVE_REPRESENTATION_ITEM('TOLXXX_MM','');
#1304=REPRESENTATION('',(#1303),#1115);
#1305=PROPERTY_DEFINITION_REPRESENTATION(#1300,#1304);
#1306=PROPERTY_DEFINITION('TOLX_IN','user defined attribute',#1125);
#1307=GENERAL_PROPERTY('','TOLX_IN','user defined attribute');
#1308=GENERAL_PROPERTY_ASSOCIATION('user defined attribute','',#1307,#1306);
#1309=DESCRIPTIVE_REPRESENTATION_ITEM('TOLX_IN','');
#1310=REPRESENTATION('',(#1309),#1115);
#1311=PROPERTY_DEFINITION_REPRESENTATION(#1306,#1310);
#1312=PROPERTY_DEFINITION('TOLXX_IN','user defined attribute',#1125);
#1313=GENERAL_PROPERTY('','TOLXX_IN','user defined attribute');
#1314=GENERAL_PROPERTY_ASSOCIATION('user defined attribute','',#1313,#1312);
#1315=DESCRIPTIVE_REPRESENTATION_ITEM('TOLXX_IN','');
#1316=REPRESENTATION('',(#1315),#1115);
#1317=PROPERTY_DEFINITION_REPRESENTATION(#1312,#1316);
#1318=PROPERTY_DEFINITION('TOLXXX_IN','user defined attribute',#1125);
#1319=GENERAL_PROPERTY('','TOLXXX_IN','user defined attribute');
#1320=GENERAL_PROPERTY_ASSOCIATION('user defined attribute','',#1319,#1318);
#1321=DESCRIPTIVE_REPRESENTATION_ITEM('TOLXXX_IN','');
#1322=REPRESENTATION('',(#1321),#1115);
#1323=PROPERTY_DEFINITION_REPRESENTATION(#1318,#1322);
#1324=PROPERTY_DEFINITION('TOLXXXX_IN','user defined attribute',#1125);
#1325=GENERAL_PROPERTY('','TOLXXXX_IN','user defined attribute');
#1326=GENERAL_PROPERTY_ASSOCIATION('user defined attribute','',#1325,#1324);
#1327=DESCRIPTIVE_REPRESENTATION_ITEM('TOLXXXX_IN','');
#1328=REPRESENTATION('',(#1327),#1115);
#1329=PROPERTY_DEFINITION_REPRESENTATION(#1324,#1328);
#1330=PROPERTY_DEFINITION('FORMERLY','user defined attribute',#1125);
#1331=GENERAL_PROPERTY('','FORMERLY','user defined attribute');
#1332=GENERAL_PROPERTY_ASSOCIATION('user defined attribute','',#1331,#1330);
#1333=DESCRIPTIVE_REPRESENTATION_ITEM('FORMERLY','');
#1334=REPRESENTATION('',(#1333),#1115);
#1335=PROPERTY_DEFINITION_REPRESENTATION(#1330,#1334);
#1336=SHAPE_DEFINITION_REPRESENTATION(#1337,#1338);
#1337=PRODUCT_DEFINITION_SHAPE('','SHAPE FOR PW0020A_ASM.',#2267);
#1338=SHAPE_REPRESENTATION('',(#1346,#1887,#1898,#1909,#1920,#1931,#1942,#1953,#1964,#1975,#1986,#1997,#2008,#2019,#2030,#2041,#2052,#2063,#2074,#2085,#2096,#2258,#1117),#2263);
#1339=NEXT_ASSEMBLY_USAGE_OCCURRENCE('0','Next assembly relationship','BODY-TSSOP',#2267,#1125,$);
#1340=PRODUCT_DEFINITION_SHAPE('Placement #0','Placement of BODY-TSSOP with respect to PW0020A_ASM',#1339);
#1341=CARTESIAN_POINT('centre point',(1.271138176577E-3,-2.224504985826E-3,6.285701683553E-1));
#1342=PROPERTY_DEFINITION('geometric validation property','centroid of BODY-TSSOP',#1340);
#1343=REPRESENTATION('centroid',(#1341),#1115);
#1344=PROPERTY_DEFINITION_REPRESENTATION(#1342,#1343);
#1345=CARTESIAN_POINT('',(0.E0,0.E0,6.8E-1));
#1346=AXIS2_PLACEMENT_3D('',#1345,#125,#46);
#1347=ITEM_DEFINED_TRANSFORMATION('','',#1117,#1346);
#1348=(REPRESENTATION_RELATIONSHIP('','',#1118,#1338)REPRESENTATION_RELATIONSHIP_WITH_TRANSFORMATION(#1347)SHAPE_REPRESENTATION_RELATIONSHIP());
#1349=CONTEXT_DEPENDENT_SHAPE_REPRESENTATION(#1348,#1340);
#1350=STYLED_ITEM('',(#1700),#1694);
#1351=CARTESIAN_POINT('',(-1.225E-1,1.3E-1,-1.724597461104E-1));
#1352=DIRECTION('',(0.E0,1.564344650402E-1,9.876883405951E-1));
#1353=AXIS2_PLACEMENT_3D('',#1351,#36,#1352);
#1354=CIRCLE('',#1353,3.E-1);
#1355=CURVE_STYLE('',#32,POSITIVE_LENGTH_MEASURE(2.E-2),#26);
#1356=PRESENTATION_STYLE_ASSIGNMENT((#1355));
#1357=STYLED_ITEM('',(#1356),#1354);
#1358=DIRECTION('',(0.E0,-9.876883405951E-1,1.564344650402E-1));
#1359=VECTOR('',#1358,1.287028749020E-1);
#1360=CARTESIAN_POINT('',(-1.225E-1,1.769303395121E-1,1.238467560682E-1));
#1361=LINE('',#1360,#1359);
#1362=STYLED_ITEM('',(#1356),#1361);
#1363=DIRECTION('',(0.E0,-6.975647374413E-2,9.975640502598E-1));
#1364=VECTOR('',#1363,3.441682751402E-1);
#1365=CARTESIAN_POINT('',(-1.225E-1,-7.635742721265E-2,2.816701014802E-1));
#1366=LINE('',#1365,#1364);
#1367=STYLED_ITEM('',(#1356),#1366);
#1368=DIRECTION('',(0.E0,-9.975640502598E-1,-6.975647374412E-2));
#1369=VECTOR('',#1368,1.5E-1);
#1370=CARTESIAN_POINT('',(-1.225E-1,-1.003653924610E-1,6.25E-1));
#1371=LINE('',#1370,#1369);
#1372=STYLED_ITEM('',(#1356),#1371);
#1373=DIRECTION('',(0.E0,6.975647374413E-2,-9.975640502598E-1));
#1374=VECTOR('',#1373,3.441682751402E-1);
#1375=CARTESIAN_POINT('',(-1.225E-1,-2.5E-1,6.145365289384E-1));
#1376=LINE('',#1375,#1374);
#1377=STYLED_ITEM('',(#1356),#1376);
#1378=CARTESIAN_POINT('',(-1.225E-1,7.327718032632E-2,2.921335725419E-1));
#1379=DIRECTION('',(0.E0,-1.564344650402E-1,-9.876883405951E-1));
#1380=AXIS2_PLACEMENT_3D('',#1378,#36,#1379);
#1381=CIRCLE('',#1380,3.E-1);
#1382=STYLED_ITEM('',(#1356),#1381);
#1383=DIRECTION('',(0.E0,9.876883405951E-1,-1.564344650402E-1));
#1384=VECTOR('',#1383,1.287028749020E-1);
#1385=CARTESIAN_POINT('',(-1.225E-1,2.634684081425E-2,-4.172929636685E-3));
#1386=LINE('',#1385,#1384);
#1387=STYLED_ITEM('',(#1356),#1386);
#1388=VECTOR('',#28,2.025402538896E-1);
#1389=CARTESIAN_POINT('',(-1.225E-1,2.8E-1,-1.724597461104E-1));
#1390=LINE('',#1389,#1388);
#1391=STYLED_ITEM('',(#1356),#1390);
#1392=VECTOR('',#271,1.5E-1);
#1393=CARTESIAN_POINT('',(-1.225E-1,2.8E-1,-3.75E-1));
#1394=LINE('',#1393,#1392);
#1395=STYLED_ITEM('',(#1356),#1394);
#1396=VECTOR('',#41,2.025402538896E-1);
#1397=CARTESIAN_POINT('',(-1.225E-1,4.3E-1,-3.75E-1));
#1398=LINE('',#1397,#1396);
#1399=STYLED_ITEM('',(#1356),#1398);
#1400=VECTOR('',#36,2.45E-1);
#1401=CARTESIAN_POINT('',(1.225E-1,4.3E-1,-1.724597461104E-1));
#1402=LINE('',#1401,#1400);
#1403=STYLED_ITEM('',(#1356),#1402);
#1404=VECTOR('',#46,2.45E-1);
#1405=LINE('',#1397,#1404);
#1406=STYLED_ITEM('',(#1356),#1405);
#1407=LINE('',#1393,#1404);
#1408=STYLED_ITEM('',(#1356),#1407);
#1409=LINE('',#1389,#1404);
#1410=STYLED_ITEM('',(#1356),#1409);
#1411=AXIS2_PLACEMENT_3D('',#1351,#46,#271);
#1412=CIRCLE('',#1411,1.5E-1);
#1413=STYLED_ITEM('',(#1356),#1412);
#1414=CARTESIAN_POINT('',(1.225E-1,1.3E-1,-1.724597461104E-1));
#1415=AXIS2_PLACEMENT_3D('',#1414,#36,#1352);
#1416=CIRCLE('',#1415,1.5E-1);
#1417=STYLED_ITEM('',(#1356),#1416);
#1418=CARTESIAN_POINT('',(1.225E-1,2.634684081425E-2,-4.172929636685E-3));
#1419=LINE('',#1418,#1400);
#1420=STYLED_ITEM('',(#1356),#1419);
#1421=CARTESIAN_POINT('',(-1.225E-1,1.534651697560E-1,-2.430649502112E-2));
#1422=LINE('',#1421,#1404);
#1423=STYLED_ITEM('',(#1356),#1422);
#1424=CARTESIAN_POINT('',(1.225E-1,-2.259920347516E-1,2.712066304186E-1));
#1425=LINE('',#1424,#1400);
#1426=STYLED_ITEM('',(#1356),#1425);
#1427=LINE('',#1375,#1404);
#1428=STYLED_ITEM('',(#1356),#1427);
#1429=LINE('',#1370,#1404);
#1430=STYLED_ITEM('',(#1356),#1429);
#1431=LINE('',#1365,#1404);
#1432=STYLED_ITEM('',(#1356),#1431);
#1433=AXIS2_PLACEMENT_3D('',#1378,#46,#1368);
#1434=CIRCLE('',#1433,1.5E-1);
#1435=STYLED_ITEM('',(#1356),#1434);
#1436=CARTESIAN_POINT('',(1.225E-1,7.327718032632E-2,2.921335725419E-1));
#1437=AXIS2_PLACEMENT_3D('',#1436,#36,#1379);
#1438=CIRCLE('',#1437,1.5E-1);
#1439=STYLED_ITEM('',(#1356),#1438);
#1440=CARTESIAN_POINT('',(1.225E-1,1.769303395121E-1,1.238467560682E-1));
#1441=LINE('',#1440,#1400);
#1442=STYLED_ITEM('',(#1356),#1441);
#1443=CARTESIAN_POINT('',(-1.225E-1,4.981201057029E-2,1.439803214526E-1));
#1444=LINE('',#1443,#1404);
#1445=STYLED_ITEM('',(#1356),#1444);
#1446=AXIS2_PLACEMENT_3D('',#1414,#46,#271);
#1447=CIRCLE('',#1446,3.E-1);
#1448=STYLED_ITEM('',(#1356),#1447);
#1449=CARTESIAN_POINT('',(1.225E-1,4.3E-1,-3.75E-1));
#1450=LINE('',#1449,#1396);
#1451=STYLED_ITEM('',(#1356),#1450);
#1452=CARTESIAN_POINT('',(1.225E-1,2.8E-1,-3.75E-1));
#1453=LINE('',#1452,#1392);
#1454=STYLED_ITEM('',(#1356),#1453);
#1455=CARTESIAN_POINT('',(1.225E-1,2.8E-1,-1.724597461104E-1));
#1456=LINE('',#1455,#1388);
#1457=STYLED_ITEM('',(#1356),#1456);
#1458=CARTESIAN_POINT('',(1.225E-1,1.534651697560E-1,-2.430649502112E-2));
#1459=LINE('',#1458,#1359);
#1460=STYLED_ITEM('',(#1356),#1459);
#1461=DIRECTION('',(0.E0,-9.975640502598E-1,-6.975647374413E-2));
#1462=AXIS2_PLACEMENT_3D('',#1436,#46,#1461);
#1463=CIRCLE('',#1462,3.E-1);
#1464=STYLED_ITEM('',(#1356),#1463);
#1465=CARTESIAN_POINT('',(1.225E-1,-2.5E-1,6.145365289384E-1));
#1466=LINE('',#1465,#1374);
#1467=STYLED_ITEM('',(#1356),#1466);
#1468=CARTESIAN_POINT('',(1.225E-1,-1.003653924610E-1,6.25E-1));
#1469=LINE('',#1468,#1369);
#1470=STYLED_ITEM('',(#1356),#1469);
#1471=CARTESIAN_POINT('',(1.225E-1,-7.635742721265E-2,2.816701014802E-1));
#1472=LINE('',#1471,#1364);
#1473=STYLED_ITEM('',(#1356),#1472);
#1474=CARTESIAN_POINT('',(1.225E-1,4.981201057029E-2,1.439803214526E-1));
#1475=LINE('',#1474,#1384);
#1476=STYLED_ITEM('',(#1356),#1475);
#1477=VERTEX_POINT('',#1370);
#1478=VERTEX_POINT('',#1375);
#1479=VERTEX_POINT('',#1468);
#1480=VERTEX_POINT('',#1465);
#1481=VERTEX_POINT('',#1393);
#1482=VERTEX_POINT('',#1397);
#1483=VERTEX_POINT('',#1452);
#1484=VERTEX_POINT('',#1449);
#1485=VERTEX_POINT('',#1365);
#1486=VERTEX_POINT('',#1471);
#1487=VERTEX_POINT('',#1443);
#1488=VERTEX_POINT('',#1474);
#1489=VERTEX_POINT('',#1389);
#1490=VERTEX_POINT('',#1455);
#1491=VERTEX_POINT('',#1421);
#1492=VERTEX_POINT('',#1458);
#1493=CARTESIAN_POINT('',(-1.225E-1,4.3E-1,-1.724597461104E-1));
#1494=VERTEX_POINT('',#1360);
#1495=VERTEX_POINT('',#1493);
#1496=VERTEX_POINT('',#1401);
#1497=VERTEX_POINT('',#1440);
#1498=CARTESIAN_POINT('',(-1.225E-1,-2.259920347516E-1,2.712066304186E-1));
#1499=VERTEX_POINT('',#1385);
#1500=VERTEX_POINT('',#1498);
#1501=VERTEX_POINT('',#1424);
#1502=VERTEX_POINT('',#1418);
#1503=CARTESIAN_POINT('',(-1.225E-1,0.E0,0.E0));
#1504=AXIS2_PLACEMENT_3D('',#1503,#46,#28);
#1505=PLANE('',#1504);
#1506=EDGE_CURVE('',#1494,#1495,#1354,.T.);
#1507=ORIENTED_EDGE('',*,*,#1506,.F.);
#1508=EDGE_CURVE('',#1494,#1487,#1361,.T.);
#1509=ORIENTED_EDGE('',*,*,#1508,.T.);
#1510=EDGE_CURVE('',#1485,#1487,#1434,.T.);
#1511=ORIENTED_EDGE('',*,*,#1510,.F.);
#1512=EDGE_CURVE('',#1485,#1477,#1366,.T.);
#1513=ORIENTED_EDGE('',*,*,#1512,.T.);
#1514=EDGE_CURVE('',#1477,#1478,#1371,.T.);
#1515=ORIENTED_EDGE('',*,*,#1514,.T.);
#1516=EDGE_CURVE('',#1478,#1500,#1376,.T.);
#1517=ORIENTED_EDGE('',*,*,#1516,.T.);
#1518=EDGE_CURVE('',#1499,#1500,#1381,.T.);
#1519=ORIENTED_EDGE('',*,*,#1518,.F.);
#1520=EDGE_CURVE('',#1499,#1491,#1386,.T.);
#1521=ORIENTED_EDGE('',*,*,#1520,.T.);
#1522=EDGE_CURVE('',#1489,#1491,#1412,.T.);
#1523=ORIENTED_EDGE('',*,*,#1522,.F.);
#1524=EDGE_CURVE('',#1489,#1481,#1390,.T.);
#1525=ORIENTED_EDGE('',*,*,#1524,.T.);
#1526=EDGE_CURVE('',#1481,#1482,#1394,.T.);
#1527=ORIENTED_EDGE('',*,*,#1526,.T.);
#1528=EDGE_CURVE('',#1482,#1495,#1398,.T.);
#1529=ORIENTED_EDGE('',*,*,#1528,.T.);
#1530=EDGE_LOOP('',(#1507,#1509,#1511,#1513,#1515,#1517,#1519,#1521,#1523,#1525,#1527,#1529));
#1531=FACE_OUTER_BOUND('',#1530,.F.);
#1532=ADVANCED_FACE('',(#1531),#1505,.F.);
#1533=CARTESIAN_POINT('',(5.08014E-1,1.3E-1,-1.724597461104E-1));
#1534=AXIS2_PLACEMENT_3D('',#1533,#36,#1352);
#1535=CYLINDRICAL_SURFACE('',#1534,3.E-1);
#1536=ORIENTED_EDGE('',*,*,#1506,.T.);
#1537=EDGE_CURVE('',#1496,#1495,#1402,.T.);
#1538=ORIENTED_EDGE('',*,*,#1537,.F.);
#1539=EDGE_CURVE('',#1496,#1497,#1447,.T.);
#1540=ORIENTED_EDGE('',*,*,#1539,.T.);
#1541=EDGE_CURVE('',#1497,#1494,#1441,.T.);
#1542=ORIENTED_EDGE('',*,*,#1541,.T.);
#1543=EDGE_LOOP('',(#1536,#1538,#1540,#1542));
#1544=FACE_OUTER_BOUND('',#1543,.F.);
#1545=ADVANCED_FACE('',(#1544),#1535,.T.);
#1546=AXIS2_PLACEMENT_3D('',#1397,#271,#41);
#1547=PLANE('',#1546);
#1548=ORIENTED_EDGE('',*,*,#1537,.T.);
#1549=ORIENTED_EDGE('',*,*,#1528,.F.);
#1550=EDGE_CURVE('',#1482,#1484,#1405,.T.);
#1551=ORIENTED_EDGE('',*,*,#1550,.T.);
#1552=EDGE_CURVE('',#1484,#1496,#1450,.T.);
#1553=ORIENTED_EDGE('',*,*,#1552,.T.);
#1554=EDGE_LOOP('',(#1548,#1549,#1551,#1553));
#1555=FACE_OUTER_BOUND('',#1554,.F.);
#1556=ADVANCED_FACE('',(#1555),#1547,.T.);
#1557=AXIS2_PLACEMENT_3D('',#1393,#28,#271);
#1558=PLANE('',#1557);
#1559=ORIENTED_EDGE('',*,*,#1526,.F.);
#1560=EDGE_CURVE('',#1481,#1483,#1407,.T.);
#1561=ORIENTED_EDGE('',*,*,#1560,.T.);
#1562=EDGE_CURVE('',#1483,#1484,#1453,.T.);
#1563=ORIENTED_EDGE('',*,*,#1562,.T.);
#1564=ORIENTED_EDGE('',*,*,#1550,.F.);
#1565=EDGE_LOOP('',(#1559,#1561,#1563,#1564));
#1566=FACE_OUTER_BOUND('',#1565,.F.);
#1567=ADVANCED_FACE('',(#1566),#1558,.T.);
#1568=CARTESIAN_POINT('',(-1.225E-1,2.8E-1,-4.434764329087E-2));
#1569=AXIS2_PLACEMENT_3D('',#1568,#125,#28);
#1570=PLANE('',#1569);
#1571=EDGE_CURVE('',#1489,#1490,#1409,.T.);
#1572=ORIENTED_EDGE('',*,*,#1571,.T.);
#1573=EDGE_CURVE('',#1490,#1483,#1456,.T.);
#1574=ORIENTED_EDGE('',*,*,#1573,.T.);
#1575=ORIENTED_EDGE('',*,*,#1560,.F.);
#1576=ORIENTED_EDGE('',*,*,#1524,.F.);
#1577=EDGE_LOOP('',(#1572,#1574,#1575,#1576));
#1578=FACE_OUTER_BOUND('',#1577,.F.);
#1579=ADVANCED_FACE('',(#1578),#1570,.T.);
#1580=CARTESIAN_POINT('',(-4.41882E-1,1.3E-1,-1.724597461104E-1));
#1581=AXIS2_PLACEMENT_3D('',#1580,#46,#271);
#1582=CYLINDRICAL_SURFACE('',#1581,1.5E-1);
#1583=ORIENTED_EDGE('',*,*,#1571,.F.);
#1584=ORIENTED_EDGE('',*,*,#1522,.T.);
#1585=EDGE_CURVE('',#1491,#1492,#1422,.T.);
#1586=ORIENTED_EDGE('',*,*,#1585,.T.);
#1587=EDGE_CURVE('',#1492,#1490,#1416,.T.);
#1588=ORIENTED_EDGE('',*,*,#1587,.T.);
#1589=EDGE_LOOP('',(#1583,#1584,#1586,#1588));
#1590=FACE_OUTER_BOUND('',#1589,.F.);
#1591=ADVANCED_FACE('',(#1590),#1582,.F.);
#1592=CARTESIAN_POINT('',(-1.225E-1,-2.093459933608E-1,3.315714799263E-2));
#1593=AXIS2_PLACEMENT_3D('',#1592,#1379,#1383);
#1594=PLANE('',#1593);
#1595=EDGE_CURVE('',#1502,#1499,#1419,.T.);
#1596=ORIENTED_EDGE('',*,*,#1595,.F.);
#1597=EDGE_CURVE('',#1492,#1502,#1459,.T.);
#1598=ORIENTED_EDGE('',*,*,#1597,.F.);
#1599=ORIENTED_EDGE('',*,*,#1585,.F.);
#1600=ORIENTED_EDGE('',*,*,#1520,.F.);
#1601=EDGE_LOOP('',(#1596,#1598,#1599,#1600));
#1602=FACE_OUTER_BOUND('',#1601,.F.);
#1603=ADVANCED_FACE('',(#1602),#1594,.T.);
#1604=CARTESIAN_POINT('',(5.08014E-1,7.327718032632E-2,2.921335725419E-1));
#1605=AXIS2_PLACEMENT_3D('',#1604,#36,#1379);
#1606=CYLINDRICAL_SURFACE('',#1605,3.E-1);
#1607=ORIENTED_EDGE('',*,*,#1518,.T.);
#1608=EDGE_CURVE('',#1501,#1500,#1425,.T.);
#1609=ORIENTED_EDGE('',*,*,#1608,.F.);
#1610=EDGE_CURVE('',#1501,#1502,#1463,.T.);
#1611=ORIENTED_EDGE('',*,*,#1610,.T.);
#1612=ORIENTED_EDGE('',*,*,#1595,.T.);
#1613=EDGE_LOOP('',(#1607,#1609,#1611,#1612));
#1614=FACE_OUTER_BOUND('',#1613,.F.);
#1615=ADVANCED_FACE('',(#1614),#1606,.T.);
#1616=AXIS2_PLACEMENT_3D('',#1375,#1461,#1373);
#1617=PLANE('',#1616);
#1618=ORIENTED_EDGE('',*,*,#1608,.T.);
#1619=ORIENTED_EDGE('',*,*,#1516,.F.);
#1620=EDGE_CURVE('',#1478,#1480,#1427,.T.);
#1621=ORIENTED_EDGE('',*,*,#1620,.T.);
#1622=EDGE_CURVE('',#1480,#1501,#1466,.T.);
#1623=ORIENTED_EDGE('',*,*,#1622,.T.);
#1624=EDGE_LOOP('',(#1618,#1619,#1621,#1623));
#1625=FACE_OUTER_BOUND('',#1624,.F.);
#1626=ADVANCED_FACE('',(#1625),#1617,.T.);
#1627=DIRECTION('',(0.E0,-6.975647374412E-2,9.975640502598E-1));
#1628=AXIS2_PLACEMENT_3D('',#1370,#1627,#1368);
#1629=PLANE('',#1628);
#1630=ORIENTED_EDGE('',*,*,#1514,.F.);
#1631=EDGE_CURVE('',#1477,#1479,#1429,.T.);
#1632=ORIENTED_EDGE('',*,*,#1631,.T.);
#1633=EDGE_CURVE('',#1479,#1480,#1469,.T.);
#1634=ORIENTED_EDGE('',*,*,#1633,.T.);
#1635=ORIENTED_EDGE('',*,*,#1620,.F.);
#1636=EDGE_LOOP('',(#1630,#1632,#1634,#1635));
#1637=FACE_OUTER_BOUND('',#1636,.F.);
#1638=ADVANCED_FACE('',(#1637),#1629,.T.);
#1639=CARTESIAN_POINT('',(-1.225E-1,-6.803440651722E-2,1.626453602672E-1));
#1640=DIRECTION('',(0.E0,9.975640502598E-1,6.975647374413E-2));
#1641=AXIS2_PLACEMENT_3D('',#1639,#1640,#1363);
#1642=PLANE('',#1641);
#1643=EDGE_CURVE('',#1485,#1486,#1431,.T.);
#1644=ORIENTED_EDGE('',*,*,#1643,.T.);
#1645=EDGE_CURVE('',#1486,#1479,#1472,.T.);
#1646=ORIENTED_EDGE('',*,*,#1645,.T.);
#1647=ORIENTED_EDGE('',*,*,#1631,.F.);
#1648=ORIENTED_EDGE('',*,*,#1512,.F.);
#1649=EDGE_LOOP('',(#1644,#1646,#1647,#1648));
#1650=FACE_OUTER_BOUND('',#1649,.F.);
#1651=ADVANCED_FACE('',(#1650),#1642,.T.);
#1652=CARTESIAN_POINT('',(-4.41882E-1,7.327718032632E-2,2.921335725419E-1));
#1653=AXIS2_PLACEMENT_3D('',#1652,#46,#1461);
#1654=CYLINDRICAL_SURFACE('',#1653,1.5E-1);
#1655=ORIENTED_EDGE('',*,*,#1643,.F.);
#1656=ORIENTED_EDGE('',*,*,#1510,.T.);
#1657=EDGE_CURVE('',#1487,#1488,#1444,.T.);
#1658=ORIENTED_EDGE('',*,*,#1657,.T.);
#1659=EDGE_CURVE('',#1488,#1486,#1438,.T.);
#1660=ORIENTED_EDGE('',*,*,#1659,.T.);
#1661=EDGE_LOOP('',(#1655,#1656,#1658,#1660));
#1662=FACE_OUTER_BOUND('',#1661,.F.);
#1663=ADVANCED_FACE('',(#1662),#1654,.F.);
#1664=CARTESIAN_POINT('',(-1.225E-1,2.346516975603E-2,1.481532510893E-1));
#1665=AXIS2_PLACEMENT_3D('',#1664,#1352,#1358);
#1666=PLANE('',#1665);
#1667=ORIENTED_EDGE('',*,*,#1541,.F.);
#1668=EDGE_CURVE('',#1488,#1497,#1475,.T.);
#1669=ORIENTED_EDGE('',*,*,#1668,.F.);
#1670=ORIENTED_EDGE('',*,*,#1657,.F.);
#1671=ORIENTED_EDGE('',*,*,#1508,.F.);
#1672=EDGE_LOOP('',(#1667,#1669,#1670,#1671));
#1673=FACE_OUTER_BOUND('',#1672,.F.);
#1674=ADVANCED_FACE('',(#1673),#1666,.T.);
#1675=CARTESIAN_POINT('',(1.225E-1,0.E0,0.E0));
#1676=AXIS2_PLACEMENT_3D('',#1675,#46,#28);
#1677=PLANE('',#1676);
#1678=ORIENTED_EDGE('',*,*,#1539,.F.);
#1679=ORIENTED_EDGE('',*,*,#1552,.F.);
#1680=ORIENTED_EDGE('',*,*,#1562,.F.);
#1681=ORIENTED_EDGE('',*,*,#1573,.F.);
#1682=ORIENTED_EDGE('',*,*,#1587,.F.);
#1683=ORIENTED_EDGE('',*,*,#1597,.T.);
#1684=ORIENTED_EDGE('',*,*,#1610,.F.);
#1685=ORIENTED_EDGE('',*,*,#1622,.F.);
#1686=ORIENTED_EDGE('',*,*,#1633,.F.);
#1687=ORIENTED_EDGE('',*,*,#1645,.F.);
#1688=ORIENTED_EDGE('',*,*,#1659,.F.);
#1689=ORIENTED_EDGE('',*,*,#1668,.T.);
#1690=EDGE_LOOP('',(#1678,#1679,#1680,#1681,#1682,#1683,#1684,#1685,#1686,#1687,#1688,#1689));
#1691=FACE_OUTER_BOUND('',#1690,.F.);
#1692=ADVANCED_FACE('',(#1691),#1677,.T.);
#1693=CLOSED_SHELL('',(#1532,#1545,#1556,#1567,#1579,#1591,#1603,#1615,#1626,#1638,#1651,#1663,#1674,#1692));
#1694=MANIFOLD_SOLID_BREP('',#1693);
#1695=FILL_AREA_STYLE_COLOUR('',#26);
#1696=FILL_AREA_STYLE('',(#1695));
#1697=SURFACE_STYLE_FILL_AREA(#1696);
#1698=SURFACE_SIDE_STYLE('',(#1697));
#1699=SURFACE_STYLE_USAGE(.BOTH.,#1698);
#1700=PRESENTATION_STYLE_ASSIGNMENT((#1699));
#1701=UNCERTAINTY_MEASURE_WITH_UNIT(LENGTH_MEASURE(1.233816521382E-4),#1109,'distance_accuracy_value','Maximum model space distance between geometric entities at asserted connectivities');
#1702=(GEOMETRIC_REPRESENTATION_CONTEXT(3)GLOBAL_UNCERTAINTY_ASSIGNED_CONTEXT((#1701))GLOBAL_UNIT_ASSIGNED_CONTEXT((#1109,#1112,#1113))REPRESENTATION_CONTEXT('ID2','3'));
#1703=ADVANCED_BREP_SHAPE_REPRESENTATION('',(#1117,#1694),#1702);
#1704=PRODUCT('LEAD-TSSOP','LEAD-TSSOP','NOT SPECIFIED',(#1122));
#1705=PRODUCT_DEFINITION_FORMATION('6','LAST_VERSION',#1704);
#1706=PRODUCT_DEFINITION('part definition','',#1705,#1121);
#1707=PRODUCT_DEFINITION_SHAPE('','SHAPE FOR LEAD-TSSOP.',#1706);
#1708=SHAPE_ASPECT('','solid data associated with LEAD-TSSOP',#1707,.F.);
#1709=PROPERTY_DEFINITION('','shape for solid data with which properties are associated',#1708);
#1710=SHAPE_REPRESENTATION('',(#1694),#1702);
#1711=SHAPE_DEFINITION_REPRESENTATION(#1709,#1710);
#1712=MEASURE_REPRESENTATION_ITEM('surface area measure',AREA_MEASURE(1.097242002884E0),#1132);
#1713=PROPERTY_DEFINITION('geometric validation property','area of LEAD-TSSOP',#1708);
#1714=REPRESENTATION('surface area',(#1712),#1702);
#1715=PROPERTY_DEFINITION_REPRESENTATION(#1713,#1714);
#1716=MEASURE_REPRESENTATION_ITEM('volume measure',VOLUME_MEASURE(4.762344126120E-2),#1138);
#1717=PROPERTY_DEFINITION('geometric validation property','volume of LEAD-TSSOP',#1708);
#1718=REPRESENTATION('volume',(#1716),#1702);
#1719=PROPERTY_DEFINITION_REPRESENTATION(#1717,#1718);
#1720=CARTESIAN_POINT('centre point',(0.E0,7.407567836324E-2,1.081033053337E-1));
#1721=PROPERTY_DEFINITION('geometric validation property','centroid of LEAD-TSSOP',#1708);
#1722=REPRESENTATION('centroid',(#1720),#1702);
#1723=PROPERTY_DEFINITION_REPRESENTATION(#1721,#1722);
#1724=PROPERTY_DEFINITION('geometric validation property','area of LEAD-TSSOP',#1707);
#1725=REPRESENTATION('surface area',(#1712),#1702);
#1726=PROPERTY_DEFINITION_REPRESENTATION(#1724,#1725);
#1727=PROPERTY_DEFINITION('geometric validation property','volume of LEAD-TSSOP',#1707);
#1728=REPRESENTATION('volume',(#1716),#1702);
#1729=PROPERTY_DEFINITION_REPRESENTATION(#1727,#1728);
#1730=PROPERTY_DEFINITION('geometric validation property','centroid of LEAD-TSSOP',#1707);
#1731=REPRESENTATION('centroid',(#1720),#1702);
#1732=PROPERTY_DEFINITION_REPRESENTATION(#1730,#1731);
#1733=SHAPE_DEFINITION_REPRESENTATION(#1707,#1703);
#1734=PROPERTY_DEFINITION('DESCRIPTION','user defined attribute',#1706);
#1735=GENERAL_PROPERTY_ASSOCIATION('user defined attribute','',#1160,#1734);
#1736=DESCRIPTIVE_REPRESENTATION_ITEM('DESCRIPTION','');
#1737=REPRESENTATION('',(#1736),#1702);
#1738=PROPERTY_DEFINITION_REPRESENTATION(#1734,#1737);
#1739=PROPERTY_DEFINITION('MODELED_BY','user defined attribute',#1706);
#1740=GENERAL_PROPERTY_ASSOCIATION('user defined attribute','',#1166,#1739);
#1741=DESCRIPTIVE_REPRESENTATION_ITEM('MODELED_BY','');
#1742=REPRESENTATION('',(#1741),#1702);
#1743=PROPERTY_DEFINITION_REPRESENTATION(#1739,#1742);
#1744=PROPERTY_DEFINITION('REV','user defined attribute',#1706);
#1745=GENERAL_PROPERTY_ASSOCIATION('user defined attribute','',#1172,#1744);
#1746=DESCRIPTIVE_REPRESENTATION_ITEM('REV','');
#1747=REPRESENTATION('',(#1746),#1702);
#1748=PROPERTY_DEFINITION_REPRESENTATION(#1744,#1747);
#1749=PROPERTY_DEFINITION('TITLE','user defined attribute',#1706);
#1750=GENERAL_PROPERTY_ASSOCIATION('user defined attribute','',#1178,#1749);
#1751=PROPERTY_DEFINITION('DWG_NO','user defined attribute',#1706);
#1752=GENERAL_PROPERTY_ASSOCIATION('user defined attribute','',#1181,#1751);
#1753=DESCRIPTIVE_REPRESENTATION_ITEM('DWG_NO','');
#1754=REPRESENTATION('',(#1753),#1702);
#1755=PROPERTY_DEFINITION_REPRESENTATION(#1751,#1754);
#1756=PROPERTY_DEFINITION('AUTHOR','user defined attribute',#1706);
#1757=GENERAL_PROPERTY_ASSOCIATION('user defined attribute','',#1187,#1756);
#1758=DESCRIPTIVE_REPRESENTATION_ITEM('AUTHOR','');
#1759=REPRESENTATION('',(#1758),#1702);
#1760=PROPERTY_DEFINITION_REPRESENTATION(#1756,#1759);
#1761=PROPERTY_DEFINITION('DATE','user defined attribute',#1706);
#1762=GENERAL_PROPERTY_ASSOCIATION('user defined attribute','',#1193,#1761);
#1763=DESCRIPTIVE_REPRESENTATION_ITEM('DATE','');
#1764=REPRESENTATION('',(#1763),#1702);
#1765=PROPERTY_DEFINITION_REPRESENTATION(#1761,#1764);
#1766=PROPERTY_DEFINITION('DESIGNER','user defined attribute',#1706);
#1767=GENERAL_PROPERTY_ASSOCIATION('user defined attribute','',#1199,#1766);
#1768=DESCRIPTIVE_REPRESENTATION_ITEM('DESIGNER','');
#1769=REPRESENTATION('',(#1768),#1702);
#1770=PROPERTY_DEFINITION_REPRESENTATION(#1766,#1769);
#1771=PROPERTY_DEFINITION('DES_DATE','user defined attribute',#1706);
#1772=GENERAL_PROPERTY_ASSOCIATION('user defined attribute','',#1205,#1771);
#1773=DESCRIPTIVE_REPRESENTATION_ITEM('DES_DATE','');
#1774=REPRESENTATION('',(#1773),#1702);
#1775=PROPERTY_DEFINITION_REPRESENTATION(#1771,#1774);
#1776=PROPERTY_DEFINITION('DCHK','user defined attribute',#1706);
#1777=GENERAL_PROPERTY_ASSOCIATION('user defined attribute','',#1211,#1776);
#1778=DESCRIPTIVE_REPRESENTATION_ITEM('DCHK','');
#1779=REPRESENTATION('',(#1778),#1702);
#1780=PROPERTY_DEFINITION_REPRESENTATION(#1776,#1779);
#1781=PROPERTY_DEFINITION('DCHK_DATE','user defined attribute',#1706);
#1782=GENERAL_PROPERTY_ASSOCIATION('user defined attribute','',#1217,#1781);
#1783=DESCRIPTIVE_REPRESENTATION_ITEM('DCHK_DATE','');
#1784=REPRESENTATION('',(#1783),#1702);
#1785=PROPERTY_DEFINITION_REPRESENTATION(#1781,#1784);
#1786=PROPERTY_DEFINITION('ECHK','user defined attribute',#1706);
#1787=GENERAL_PROPERTY_ASSOCIATION('user defined attribute','',#1223,#1786);
#1788=DESCRIPTIVE_REPRESENTATION_ITEM('ECHK','');
#1789=REPRESENTATION('',(#1788),#1702);
#1790=PROPERTY_DEFINITION_REPRESENTATION(#1786,#1789);
#1791=PROPERTY_DEFINITION('ECHK_DATE','user defined attribute',#1706);
#1792=GENERAL_PROPERTY_ASSOCIATION('user defined attribute','',#1229,#1791);
#1793=DESCRIPTIVE_REPRESENTATION_ITEM('ECHK_DATE','');
#1794=REPRESENTATION('',(#1793),#1702);
#1795=PROPERTY_DEFINITION_REPRESENTATION(#1791,#1794);
#1796=PROPERTY_DEFINITION('APPROVER','user defined attribute',#1706);
#1797=GENERAL_PROPERTY_ASSOCIATION('user defined attribute','',#1235,#1796);
#1798=DESCRIPTIVE_REPRESENTATION_ITEM('APPROVER','');
#1799=REPRESENTATION('',(#1798),#1702);
#1800=PROPERTY_DEFINITION_REPRESENTATION(#1796,#1799);
#1801=PROPERTY_DEFINITION('APP_DATE','user defined attribute',#1706);
#1802=GENERAL_PROPERTY_ASSOCIATION('user defined attribute','',#1241,#1801);
#1803=DESCRIPTIVE_REPRESENTATION_ITEM('APP_DATE','');
#1804=REPRESENTATION('',(#1803),#1702);
#1805=PROPERTY_DEFINITION_REPRESENTATION(#1801,#1804);
#1806=PROPERTY_DEFINITION('RELEASED','user defined attribute',#1706);
#1807=GENERAL_PROPERTY_ASSOCIATION('user defined attribute','',#1247,#1806);
#1808=DESCRIPTIVE_REPRESENTATION_ITEM('RELEASED','');
#1809=REPRESENTATION('',(#1808),#1702);
#1810=PROPERTY_DEFINITION_REPRESENTATION(#1806,#1809);
#1811=PROPERTY_DEFINITION('REL_DATE','user defined attribute',#1706);
#1812=GENERAL_PROPERTY_ASSOCIATION('user defined attribute','',#1253,#1811);
#1813=DESCRIPTIVE_REPRESENTATION_ITEM('REL_DATE','');
#1814=REPRESENTATION('',(#1813),#1702);
#1815=PROPERTY_DEFINITION_REPRESENTATION(#1811,#1814);
#1816=PROPERTY_DEFINITION('ASSY1','user defined attribute',#1706);
#1817=GENERAL_PROPERTY_ASSOCIATION('user defined attribute','',#1259,#1816);
#1818=DESCRIPTIVE_REPRESENTATION_ITEM('ASSY1','');
#1819=REPRESENTATION('',(#1818),#1702);
#1820=PROPERTY_DEFINITION_REPRESENTATION(#1816,#1819);
#1821=PROPERTY_DEFINITION('ASSY2','user defined attribute',#1706);
#1822=GENERAL_PROPERTY_ASSOCIATION('user defined attribute','',#1265,#1821);
#1823=DESCRIPTIVE_REPRESENTATION_ITEM('ASSY2','');
#1824=REPRESENTATION('',(#1823),#1702);
#1825=PROPERTY_DEFINITION_REPRESENTATION(#1821,#1824);
#1826=PROPERTY_DEFINITION('ASSY3','user defined attribute',#1706);
#1827=GENERAL_PROPERTY_ASSOCIATION('user defined attribute','',#1271,#1826);
#1828=DESCRIPTIVE_REPRESENTATION_ITEM('ASSY3','');
#1829=REPRESENTATION('',(#1828),#1702);
#1830=PROPERTY_DEFINITION_REPRESENTATION(#1826,#1829);
#1831=PROPERTY_DEFINITION('ASSY4','user defined attribute',#1706);
#1832=GENERAL_PROPERTY_ASSOCIATION('user defined attribute','',#1277,#1831);
#1833=DESCRIPTIVE_REPRESENTATION_ITEM('ASSY4','');
#1834=REPRESENTATION('',(#1833),#1702);
#1835=PROPERTY_DEFINITION_REPRESENTATION(#1831,#1834);
#1836=PROPERTY_DEFINITION('MATERIAL','user defined attribute',#1706);
#1837=GENERAL_PROPERTY_ASSOCIATION('user defined attribute','',#1283,#1836);
#1838=PROPERTY_DEFINITION('PROCESSES','user defined attribute',#1706);
#1839=GENERAL_PROPERTY_ASSOCIATION('user defined attribute','',#1286,#1838);
#1840=PROPERTY_DEFINITION('TOLX_MM','user defined attribute',#1706);
#1841=GENERAL_PROPERTY_ASSOCIATION('user defined attribute','',#1289,#1840);
#1842=DESCRIPTIVE_REPRESENTATION_ITEM('TOLX_MM','');
#1843=REPRESENTATION('',(#1842),#1702);
#1844=PROPERTY_DEFINITION_REPRESENTATION(#1840,#1843);
#1845=PROPERTY_DEFINITION('TOLXX_MM','user defined attribute',#1706);
#1846=GENERAL_PROPERTY_ASSOCIATION('user defined attribute','',#1295,#1845);
#1847=DESCRIPTIVE_REPRESENTATION_ITEM('TOLXX_MM','');
#1848=REPRESENTATION('',(#1847),#1702);
#1849=PROPERTY_DEFINITION_REPRESENTATION(#1845,#1848);
#1850=PROPERTY_DEFINITION('TOLXXX_MM','user defined attribute',#1706);
#1851=GENERAL_PROPERTY_ASSOCIATION('user defined attribute','',#1301,#1850);
#1852=DESCRIPTIVE_REPRESENTATION_ITEM('TOLXXX_MM','');
#1853=REPRESENTATION('',(#1852),#1702);
#1854=PROPERTY_DEFINITION_REPRESENTATION(#1850,#1853);
#1855=PROPERTY_DEFINITION('TOLX_IN','user defined attribute',#1706);
#1856=GENERAL_PROPERTY_ASSOCIATION('user defined attribute','',#1307,#1855);
#1857=DESCRIPTIVE_REPRESENTATION_ITEM('TOLX_IN','');
#1858=REPRESENTATION('',(#1857),#1702);
#1859=PROPERTY_DEFINITION_REPRESENTATION(#1855,#1858);
#1860=PROPERTY_DEFINITION('TOLXX_IN','user defined attribute',#1706);
#1861=GENERAL_PROPERTY_ASSOCIATION('user defined attribute','',#1313,#1860);
#1862=DESCRIPTIVE_REPRESENTATION_ITEM('TOLXX_IN','');
#1863=REPRESENTATION('',(#1862),#1702);
#1864=PROPERTY_DEFINITION_REPRESENTATION(#1860,#1863);
#1865=PROPERTY_DEFINITION('TOLXXX_IN','user defined attribute',#1706);
#1866=GENERAL_PROPERTY_ASSOCIATION('user defined attribute','',#1319,#1865);
#1867=DESCRIPTIVE_REPRESENTATION_ITEM('TOLXXX_IN','');
#1868=REPRESENTATION('',(#1867),#1702);
#1869=PROPERTY_DEFINITION_REPRESENTATION(#1865,#1868);
#1870=PROPERTY_DEFINITION('TOLXXXX_IN','user defined attribute',#1706);
#1871=GENERAL_PROPERTY_ASSOCIATION('user defined attribute','',#1325,#1870);
#1872=DESCRIPTIVE_REPRESENTATION_ITEM('TOLXXXX_IN','');
#1873=REPRESENTATION('',(#1872),#1702);
#1874=PROPERTY_DEFINITION_REPRESENTATION(#1870,#1873);
#1875=PROPERTY_DEFINITION('FORMERLY','user defined attribute',#1706);
#1876=GENERAL_PROPERTY_ASSOCIATION('user defined attribute','',#1331,#1875);
#1877=DESCRIPTIVE_REPRESENTATION_ITEM('FORMERLY','');
#1878=REPRESENTATION('',(#1877),#1702);
#1879=PROPERTY_DEFINITION_REPRESENTATION(#1875,#1878);
#1880=NEXT_ASSEMBLY_USAGE_OCCURRENCE('1','Next assembly relationship','LEAD-TSSOP',#2267,#1706,$);
#1881=PRODUCT_DEFINITION_SHAPE('Placement #1','Placement of LEAD-TSSOP with respect to PW0020A_ASM',#1880);
#1882=CARTESIAN_POINT('centre point',(-2.683103305334E0,2.925E0,3.240756783632E-1));
#1883=PROPERTY_DEFINITION('geometric validation property','centroid of LEAD-TSSOP',#1881);
#1884=REPRESENTATION('centroid',(#1882),#1702);
#1885=PROPERTY_DEFINITION_REPRESENTATION(#1883,#1884);
#1886=CARTESIAN_POINT('',(-2.575E0,2.925E0,2.5E-1));
#1887=AXIS2_PLACEMENT_3D('',#1886,#36,#125);
#1888=ITEM_DEFINED_TRANSFORMATION('','',#1117,#1887);
#1889=(REPRESENTATION_RELATIONSHIP('','',#1703,#1338)REPRESENTATION_RELATIONSHIP_WITH_TRANSFORMATION(#1888)SHAPE_REPRESENTATION_RELATIONSHIP());
#1890=CONTEXT_DEPENDENT_SHAPE_REPRESENTATION(#1889,#1881);
#1891=NEXT_ASSEMBLY_USAGE_OCCURRENCE('2','Next assembly relationship','LEAD-TSSOP',#2267,#1706,$);
#1892=PRODUCT_DEFINITION_SHAPE('Placement #2','Placement of LEAD-TSSOP with respect to PW0020A_ASM',#1891);
#1893=CARTESIAN_POINT('centre point',(-2.683103305334E0,2.275E0,3.240756783632E-1));
#1894=PROPERTY_DEFINITION('geometric validation property','centroid of LEAD-TSSOP',#1892);
#1895=REPRESENTATION('centroid',(#1893),#1702);
#1896=PROPERTY_DEFINITION_REPRESENTATION(#1894,#1895);
#1897=CARTESIAN_POINT('',(-2.575E0,2.275E0,2.5E-1));
#1898=AXIS2_PLACEMENT_3D('',#1897,#36,#125);
#1899=ITEM_DEFINED_TRANSFORMATION('','',#1117,#1898);
#1900=(REPRESENTATION_RELATIONSHIP('','',#1703,#1338)REPRESENTATION_RELATIONSHIP_WITH_TRANSFORMATION(#1899)SHAPE_REPRESENTATION_RELATIONSHIP());
#1901=CONTEXT_DEPENDENT_SHAPE_REPRESENTATION(#1900,#1892);
#1902=NEXT_ASSEMBLY_USAGE_OCCURRENCE('3','Next assembly relationship','LEAD-TSSOP',#2267,#1706,$);
#1903=PRODUCT_DEFINITION_SHAPE('Placement #3','Placement of LEAD-TSSOP with respect to PW0020A_ASM',#1902);
#1904=CARTESIAN_POINT('centre point',(-2.683103305334E0,1.625E0,3.240756783632E-1));
#1905=PROPERTY_DEFINITION('geometric validation property','centroid of LEAD-TSSOP',#1903);
#1906=REPRESENTATION('centroid',(#1904),#1702);
#1907=PROPERTY_DEFINITION_REPRESENTATION(#1905,#1906);
#1908=CARTESIAN_POINT('',(-2.575E0,1.625E0,2.5E-1));
#1909=AXIS2_PLACEMENT_3D('',#1908,#36,#125);
#1910=ITEM_DEFINED_TRANSFORMATION('','',#1117,#1909);
#1911=(REPRESENTATION_RELATIONSHIP('','',#1703,#1338)REPRESENTATION_RELATIONSHIP_WITH_TRANSFORMATION(#1910)SHAPE_REPRESENTATION_RELATIONSHIP());
#1912=CONTEXT_DEPENDENT_SHAPE_REPRESENTATION(#1911,#1903);
#1913=NEXT_ASSEMBLY_USAGE_OCCURRENCE('4','Next assembly relationship','LEAD-TSSOP',#2267,#1706,$);
#1914=PRODUCT_DEFINITION_SHAPE('Placement #4','Placement of LEAD-TSSOP with respect to PW0020A_ASM',#1913);
#1915=CARTESIAN_POINT('centre point',(-2.683103305334E0,9.75E-1,3.240756783632E-1));
#1916=PROPERTY_DEFINITION('geometric validation property','centroid of LEAD-TSSOP',#1914);
#1917=REPRESENTATION('centroid',(#1915),#1702);
#1918=PROPERTY_DEFINITION_REPRESENTATION(#1916,#1917);
#1919=CARTESIAN_POINT('',(-2.575E0,9.75E-1,2.5E-1));
#1920=AXIS2_PLACEMENT_3D('',#1919,#36,#125);
#1921=ITEM_DEFINED_TRANSFORMATION('','',#1117,#1920);
#1922=(REPRESENTATION_RELATIONSHIP('','',#1703,#1338)REPRESENTATION_RELATIONSHIP_WITH_TRANSFORMATION(#1921)SHAPE_REPRESENTATION_RELATIONSHIP());
#1923=CONTEXT_DEPENDENT_SHAPE_REPRESENTATION(#1922,#1914);
#1924=NEXT_ASSEMBLY_USAGE_OCCURRENCE('5','Next assembly relationship','LEAD-TSSOP',#2267,#1706,$);
#1925=PRODUCT_DEFINITION_SHAPE('Placement #5','Placement of LEAD-TSSOP with respect to PW0020A_ASM',#1924);
#1926=CARTESIAN_POINT('centre point',(-2.683103305334E0,3.25E-1,3.240756783632E-1));
#1927=PROPERTY_DEFINITION('geometric validation property','centroid of LEAD-TSSOP',#1925);
#1928=REPRESENTATION('centroid',(#1926),#1702);
#1929=PROPERTY_DEFINITION_REPRESENTATION(#1927,#1928);
#1930=CARTESIAN_POINT('',(-2.575E0,3.25E-1,2.5E-1));
#1931=AXIS2_PLACEMENT_3D('',#1930,#36,#125);
#1932=ITEM_DEFINED_TRANSFORMATION('','',#1117,#1931);
#1933=(REPRESENTATION_RELATIONSHIP('','',#1703,#1338)REPRESENTATION_RELATIONSHIP_WITH_TRANSFORMATION(#1932)SHAPE_REPRESENTATION_RELATIONSHIP());
#1934=CONTEXT_DEPENDENT_SHAPE_REPRESENTATION(#1933,#1925);
#1935=NEXT_ASSEMBLY_USAGE_OCCURRENCE('6','Next assembly relationship','LEAD-TSSOP',#2267,#1706,$);
#1936=PRODUCT_DEFINITION_SHAPE('Placement #6','Placement of LEAD-TSSOP with respect to PW0020A_ASM',#1935);
#1937=CARTESIAN_POINT('centre point',(-2.683103305334E0,-3.25E-1,3.240756783632E-1));
#1938=PROPERTY_DEFINITION('geometric validation property','centroid of LEAD-TSSOP',#1936);
#1939=REPRESENTATION('centroid',(#1937),#1702);
#1940=PROPERTY_DEFINITION_REPRESENTATION(#1938,#1939);
#1941=CARTESIAN_POINT('',(-2.575E0,-3.25E-1,2.5E-1));
#1942=AXIS2_PLACEMENT_3D('',#1941,#36,#125);
#1943=ITEM_DEFINED_TRANSFORMATION('','',#1117,#1942);
#1944=(REPRESENTATION_RELATIONSHIP('','',#1703,#1338)REPRESENTATION_RELATIONSHIP_WITH_TRANSFORMATION(#1943)SHAPE_REPRESENTATION_RELATIONSHIP());
#1945=CONTEXT_DEPENDENT_SHAPE_REPRESENTATION(#1944,#1936);
#1946=NEXT_ASSEMBLY_USAGE_OCCURRENCE('7','Next assembly relationship','LEAD-TSSOP',#2267,#1706,$);
#1947=PRODUCT_DEFINITION_SHAPE('Placement #7','Placement of LEAD-TSSOP with respect to PW0020A_ASM',#1946);
#1948=CARTESIAN_POINT('centre point',(-2.683103305334E0,-9.75E-1,3.240756783632E-1));
#1949=PROPERTY_DEFINITION('geometric validation property','centroid of LEAD-TSSOP',#1947);
#1950=REPRESENTATION('centroid',(#1948),#1702);
#1951=PROPERTY_DEFINITION_REPRESENTATION(#1949,#1950);
#1952=CARTESIAN_POINT('',(-2.575E0,-9.75E-1,2.5E-1));
#1953=AXIS2_PLACEMENT_3D('',#1952,#36,#125);
#1954=ITEM_DEFINED_TRANSFORMATION('','',#1117,#1953);
#1955=(REPRESENTATION_RELATIONSHIP('','',#1703,#1338)REPRESENTATION_RELATIONSHIP_WITH_TRANSFORMATION(#1954)SHAPE_REPRESENTATION_RELATIONSHIP());
#1956=CONTEXT_DEPENDENT_SHAPE_REPRESENTATION(#1955,#1947);
#1957=NEXT_ASSEMBLY_USAGE_OCCURRENCE('8','Next assembly relationship','LEAD-TSSOP',#2267,#1706,$);
#1958=PRODUCT_DEFINITION_SHAPE('Placement #8','Placement of LEAD-TSSOP with respect to PW0020A_ASM',#1957);
#1959=CARTESIAN_POINT('centre point',(-2.683103305334E0,-1.625E0,3.240756783632E-1));
#1960=PROPERTY_DEFINITION('geometric validation property','centroid of LEAD-TSSOP',#1958);
#1961=REPRESENTATION('centroid',(#1959),#1702);
#1962=PROPERTY_DEFINITION_REPRESENTATION(#1960,#1961);
#1963=CARTESIAN_POINT('',(-2.575E0,-1.625E0,2.5E-1));
#1964=AXIS2_PLACEMENT_3D('',#1963,#36,#125);
#1965=ITEM_DEFINED_TRANSFORMATION('','',#1117,#1964);
#1966=(REPRESENTATION_RELATIONSHIP('','',#1703,#1338)REPRESENTATION_RELATIONSHIP_WITH_TRANSFORMATION(#1965)SHAPE_REPRESENTATION_RELATIONSHIP());
#1967=CONTEXT_DEPENDENT_SHAPE_REPRESENTATION(#1966,#1958);
#1968=NEXT_ASSEMBLY_USAGE_OCCURRENCE('9','Next assembly relationship','LEAD-TSSOP',#2267,#1706,$);
#1969=PRODUCT_DEFINITION_SHAPE('Placement #9','Placement of LEAD-TSSOP with respect to PW0020A_ASM',#1968);
#1970=CARTESIAN_POINT('centre point',(-2.683103305334E0,-2.275E0,3.240756783632E-1));
#1971=PROPERTY_DEFINITION('geometric validation property','centroid of LEAD-TSSOP',#1969);
#1972=REPRESENTATION('centroid',(#1970),#1702);
#1973=PROPERTY_DEFINITION_REPRESENTATION(#1971,#1972);
#1974=CARTESIAN_POINT('',(-2.575E0,-2.275E0,2.5E-1));
#1975=AXIS2_PLACEMENT_3D('',#1974,#36,#125);
#1976=ITEM_DEFINED_TRANSFORMATION('','',#1117,#1975);
#1977=(REPRESENTATION_RELATIONSHIP('','',#1703,#1338)REPRESENTATION_RELATIONSHIP_WITH_TRANSFORMATION(#1976)SHAPE_REPRESENTATION_RELATIONSHIP());
#1978=CONTEXT_DEPENDENT_SHAPE_REPRESENTATION(#1977,#1969);
#1979=NEXT_ASSEMBLY_USAGE_OCCURRENCE('10','Next assembly relationship','LEAD-TSSOP',#2267,#1706,$);
#1980=PRODUCT_DEFINITION_SHAPE('Placement #10','Placement of LEAD-TSSOP with respect to PW0020A_ASM',#1979);
#1981=CARTESIAN_POINT('centre point',(-2.683103305334E0,-2.925E0,3.240756783632E-1));
#1982=PROPERTY_DEFINITION('geometric validation property','centroid of LEAD-TSSOP',#1980);
#1983=REPRESENTATION('centroid',(#1981),#1702);
#1984=PROPERTY_DEFINITION_REPRESENTATION(#1982,#1983);
#1985=CARTESIAN_POINT('',(-2.575E0,-2.925E0,2.5E-1));
#1986=AXIS2_PLACEMENT_3D('',#1985,#36,#125);
#1987=ITEM_DEFINED_TRANSFORMATION('','',#1117,#1986);
#1988=(REPRESENTATION_RELATIONSHIP('','',#1703,#1338)REPRESENTATION_RELATIONSHIP_WITH_TRANSFORMATION(#1987)SHAPE_REPRESENTATION_RELATIONSHIP());
#1989=CONTEXT_DEPENDENT_SHAPE_REPRESENTATION(#1988,#1980);
#1990=NEXT_ASSEMBLY_USAGE_OCCURRENCE('11','Next assembly relationship','LEAD-TSSOP',#2267,#1706,$);
#1991=PRODUCT_DEFINITION_SHAPE('Placement #11','Placement of LEAD-TSSOP with respect to PW0020A_ASM',#1990);
#1992=CARTESIAN_POINT('centre point',(2.683103305334E0,-2.925E0,3.240756783632E-1));
#1993=PROPERTY_DEFINITION('geometric validation property','centroid of LEAD-TSSOP',#1991);
#1994=REPRESENTATION('centroid',(#1992),#1702);
#1995=PROPERTY_DEFINITION_REPRESENTATION(#1993,#1994);
#1996=CARTESIAN_POINT('',(2.575E0,-2.925E0,2.5E-1));
#1997=AXIS2_PLACEMENT_3D('',#1996,#46,#271);
#1998=ITEM_DEFINED_TRANSFORMATION('','',#1117,#1997);
#1999=(REPRESENTATION_RELATIONSHIP('','',#1703,#1338)REPRESENTATION_RELATIONSHIP_WITH_TRANSFORMATION(#1998)SHAPE_REPRESENTATION_RELATIONSHIP());
#2000=CONTEXT_DEPENDENT_SHAPE_REPRESENTATION(#1999,#1991);
#2001=NEXT_ASSEMBLY_USAGE_OCCURRENCE('12','Next assembly relationship','LEAD-TSSOP',#2267,#1706,$);
#2002=PRODUCT_DEFINITION_SHAPE('Placement #12','Placement of LEAD-TSSOP with respect to PW0020A_ASM',#2001);
#2003=CARTESIAN_POINT('centre point',(2.683103305334E0,-2.275E0,3.240756783632E-1));
#2004=PROPERTY_DEFINITION('geometric validation property','centroid of LEAD-TSSOP',#2002);
#2005=REPRESENTATION('centroid',(#2003),#1702);
#2006=PROPERTY_DEFINITION_REPRESENTATION(#2004,#2005);
#2007=CARTESIAN_POINT('',(2.575E0,-2.275E0,2.5E-1));
#2008=AXIS2_PLACEMENT_3D('',#2007,#46,#271);
#2009=ITEM_DEFINED_TRANSFORMATION('','',#1117,#2008);
#2010=(REPRESENTATION_RELATIONSHIP('','',#1703,#1338)REPRESENTATION_RELATIONSHIP_WITH_TRANSFORMATION(#2009)SHAPE_REPRESENTATION_RELATIONSHIP());
#2011=CONTEXT_DEPENDENT_SHAPE_REPRESENTATION(#2010,#2002);
#2012=NEXT_ASSEMBLY_USAGE_OCCURRENCE('13','Next assembly relationship','LEAD-TSSOP',#2267,#1706,$);
#2013=PRODUCT_DEFINITION_SHAPE('Placement #13','Placement of LEAD-TSSOP with respect to PW0020A_ASM',#2012);
#2014=CARTESIAN_POINT('centre point',(2.683103305334E0,-1.625E0,3.240756783632E-1));
#2015=PROPERTY_DEFINITION('geometric validation property','centroid of LEAD-TSSOP',#2013);
#2016=REPRESENTATION('centroid',(#2014),#1702);
#2017=PROPERTY_DEFINITION_REPRESENTATION(#2015,#2016);
#2018=CARTESIAN_POINT('',(2.575E0,-1.625E0,2.5E-1));
#2019=AXIS2_PLACEMENT_3D('',#2018,#46,#271);
#2020=ITEM_DEFINED_TRANSFORMATION('','',#1117,#2019);
#2021=(REPRESENTATION_RELATIONSHIP('','',#1703,#1338)REPRESENTATION_RELATIONSHIP_WITH_TRANSFORMATION(#2020)SHAPE_REPRESENTATION_RELATIONSHIP());
#2022=CONTEXT_DEPENDENT_SHAPE_REPRESENTATION(#2021,#2013);
#2023=NEXT_ASSEMBLY_USAGE_OCCURRENCE('14','Next assembly relationship','LEAD-TSSOP',#2267,#1706,$);
#2024=PRODUCT_DEFINITION_SHAPE('Placement #14','Placement of LEAD-TSSOP with respect to PW0020A_ASM',#2023);
#2025=CARTESIAN_POINT('centre point',(2.683103305334E0,-9.75E-1,3.240756783632E-1));
#2026=PROPERTY_DEFINITION('geometric validation property','centroid of LEAD-TSSOP',#2024);
#2027=REPRESENTATION('centroid',(#2025),#1702);
#2028=PROPERTY_DEFINITION_REPRESENTATION(#2026,#2027);
#2029=CARTESIAN_POINT('',(2.575E0,-9.75E-1,2.5E-1));
#2030=AXIS2_PLACEMENT_3D('',#2029,#46,#271);
#2031=ITEM_DEFINED_TRANSFORMATION('','',#1117,#2030);
#2032=(REPRESENTATION_RELATIONSHIP('','',#1703,#1338)REPRESENTATION_RELATIONSHIP_WITH_TRANSFORMATION(#2031)SHAPE_REPRESENTATION_RELATIONSHIP());
#2033=CONTEXT_DEPENDENT_SHAPE_REPRESENTATION(#2032,#2024);
#2034=NEXT_ASSEMBLY_USAGE_OCCURRENCE('15','Next assembly relationship','LEAD-TSSOP',#2267,#1706,$);
#2035=PRODUCT_DEFINITION_SHAPE('Placement #15','Placement of LEAD-TSSOP with respect to PW0020A_ASM',#2034);
#2036=CARTESIAN_POINT('centre point',(2.683103305334E0,-3.25E-1,3.240756783632E-1));
#2037=PROPERTY_DEFINITION('geometric validation property','centroid of LEAD-TSSOP',#2035);
#2038=REPRESENTATION('centroid',(#2036),#1702);
#2039=PROPERTY_DEFINITION_REPRESENTATION(#2037,#2038);
#2040=CARTESIAN_POINT('',(2.575E0,-3.25E-1,2.5E-1));
#2041=AXIS2_PLACEMENT_3D('',#2040,#46,#271);
#2042=ITEM_DEFINED_TRANSFORMATION('','',#1117,#2041);
#2043=(REPRESENTATION_RELATIONSHIP('','',#1703,#1338)REPRESENTATION_RELATIONSHIP_WITH_TRANSFORMATION(#2042)SHAPE_REPRESENTATION_RELATIONSHIP());
#2044=CONTEXT_DEPENDENT_SHAPE_REPRESENTATION(#2043,#2035);
#2045=NEXT_ASSEMBLY_USAGE_OCCURRENCE('16','Next assembly relationship','LEAD-TSSOP',#2267,#1706,$);
#2046=PRODUCT_DEFINITION_SHAPE('Placement #16','Placement of LEAD-TSSOP with respect to PW0020A_ASM',#2045);
#2047=CARTESIAN_POINT('centre point',(2.683103305334E0,3.25E-1,3.240756783632E-1));
#2048=PROPERTY_DEFINITION('geometric validation property','centroid of LEAD-TSSOP',#2046);
#2049=REPRESENTATION('centroid',(#2047),#1702);
#2050=PROPERTY_DEFINITION_REPRESENTATION(#2048,#2049);
#2051=CARTESIAN_POINT('',(2.575E0,3.25E-1,2.5E-1));
#2052=AXIS2_PLACEMENT_3D('',#2051,#46,#271);
#2053=ITEM_DEFINED_TRANSFORMATION('','',#1117,#2052);
#2054=(REPRESENTATION_RELATIONSHIP('','',#1703,#1338)REPRESENTATION_RELATIONSHIP_WITH_TRANSFORMATION(#2053)SHAPE_REPRESENTATION_RELATIONSHIP());
#2055=CONTEXT_DEPENDENT_SHAPE_REPRESENTATION(#2054,#2046);
#2056=NEXT_ASSEMBLY_USAGE_OCCURRENCE('17','Next assembly relationship','LEAD-TSSOP',#2267,#1706,$);
#2057=PRODUCT_DEFINITION_SHAPE('Placement #17','Placement of LEAD-TSSOP with respect to PW0020A_ASM',#2056);
#2058=CARTESIAN_POINT('centre point',(2.683103305334E0,9.75E-1,3.240756783632E-1));
#2059=PROPERTY_DEFINITION('geometric validation property','centroid of LEAD-TSSOP',#2057);
#2060=REPRESENTATION('centroid',(#2058),#1702);
#2061=PROPERTY_DEFINITION_REPRESENTATION(#2059,#2060);
#2062=CARTESIAN_POINT('',(2.575E0,9.75E-1,2.5E-1));
#2063=AXIS2_PLACEMENT_3D('',#2062,#46,#271);
#2064=ITEM_DEFINED_TRANSFORMATION('','',#1117,#2063);
#2065=(REPRESENTATION_RELATIONSHIP('','',#1703,#1338)REPRESENTATION_RELATIONSHIP_WITH_TRANSFORMATION(#2064)SHAPE_REPRESENTATION_RELATIONSHIP());
#2066=CONTEXT_DEPENDENT_SHAPE_REPRESENTATION(#2065,#2057);
#2067=NEXT_ASSEMBLY_USAGE_OCCURRENCE('18','Next assembly relationship','LEAD-TSSOP',#2267,#1706,$);
#2068=PRODUCT_DEFINITION_SHAPE('Placement #18','Placement of LEAD-TSSOP with respect to PW0020A_ASM',#2067);
#2069=CARTESIAN_POINT('centre point',(2.683103305334E0,1.625E0,3.240756783632E-1));
#2070=PROPERTY_DEFINITION('geometric validation property','centroid of LEAD-TSSOP',#2068);
#2071=REPRESENTATION('centroid',(#2069),#1702);
#2072=PROPERTY_DEFINITION_REPRESENTATION(#2070,#2071);
#2073=CARTESIAN_POINT('',(2.575E0,1.625E0,2.5E-1));
#2074=AXIS2_PLACEMENT_3D('',#2073,#46,#271);
#2075=ITEM_DEFINED_TRANSFORMATION('','',#1117,#2074);
#2076=(REPRESENTATION_RELATIONSHIP('','',#1703,#1338)REPRESENTATION_RELATIONSHIP_WITH_TRANSFORMATION(#2075)SHAPE_REPRESENTATION_RELATIONSHIP());
#2077=CONTEXT_DEPENDENT_SHAPE_REPRESENTATION(#2076,#2068);
#2078=NEXT_ASSEMBLY_USAGE_OCCURRENCE('19','Next assembly relationship','LEAD-TSSOP',#2267,#1706,$);
#2079=PRODUCT_DEFINITION_SHAPE('Placement #19','Placement of LEAD-TSSOP with respect to PW0020A_ASM',#2078);
#2080=CARTESIAN_POINT('centre point',(2.683103305334E0,2.275E0,3.240756783632E-1));
#2081=PROPERTY_DEFINITION('geometric validation property','centroid of LEAD-TSSOP',#2079);
#2082=REPRESENTATION('centroid',(#2080),#1702);
#2083=PROPERTY_DEFINITION_REPRESENTATION(#2081,#2082);
#2084=CARTESIAN_POINT('',(2.575E0,2.275E0,2.5E-1));
#2085=AXIS2_PLACEMENT_3D('',#2084,#46,#271);
#2086=ITEM_DEFINED_TRANSFORMATION('','',#1117,#2085);
#2087=(REPRESENTATION_RELATIONSHIP('','',#1703,#1338)REPRESENTATION_RELATIONSHIP_WITH_TRANSFORMATION(#2086)SHAPE_REPRESENTATION_RELATIONSHIP());
#2088=CONTEXT_DEPENDENT_SHAPE_REPRESENTATION(#2087,#2079);
#2089=NEXT_ASSEMBLY_USAGE_OCCURRENCE('20','Next assembly relationship','LEAD-TSSOP',#2267,#1706,$);
#2090=PRODUCT_DEFINITION_SHAPE('Placement #20','Placement of LEAD-TSSOP with respect to PW0020A_ASM',#2089);
#2091=CARTESIAN_POINT('centre point',(2.683103305334E0,2.925E0,3.240756783632E-1));
#2092=PROPERTY_DEFINITION('geometric validation property','centroid of LEAD-TSSOP',#2090);
#2093=REPRESENTATION('centroid',(#2091),#1702);
#2094=PROPERTY_DEFINITION_REPRESENTATION(#2092,#2093);
#2095=CARTESIAN_POINT('',(2.575E0,2.925E0,2.5E-1));
#2096=AXIS2_PLACEMENT_3D('',#2095,#46,#271);
#2097=ITEM_DEFINED_TRANSFORMATION('','',#1117,#2096);
#2098=(REPRESENTATION_RELATIONSHIP('','',#1703,#1338)REPRESENTATION_RELATIONSHIP_WITH_TRANSFORMATION(#2097)SHAPE_REPRESENTATION_RELATIONSHIP());
#2099=CONTEXT_DEPENDENT_SHAPE_REPRESENTATION(#2098,#2090);
#2100=UNCERTAINTY_MEASURE_WITH_UNIT(LENGTH_MEASURE(2.597972288305E-4),#1109,'distance_accuracy_value','Maximum model space distance between geometric entities at asserted connectivities');
#2101=(GEOMETRIC_REPRESENTATION_CONTEXT(3)GLOBAL_UNCERTAINTY_ASSIGNED_CONTEXT((#2100))GLOBAL_UNIT_ASSIGNED_CONTEXT((#1109,#1112,#1113))REPRESENTATION_CONTEXT('ID3','3'));
#2102=SHAPE_REPRESENTATION('',(#1117),#2101);
#2103=PRODUCT_DEFINITION_CONTEXT('part definition',#1119,'design');
#2104=PRODUCT('PIN1','PIN1','NOT SPECIFIED',(#1122));
#2105=PRODUCT_DEFINITION_FORMATION('7','LAST_VERSION',#2104);
#2106=PRODUCT_DEFINITION('part definition','',#2105,#2103);
#2107=PRODUCT_DEFINITION_SHAPE('','SHAPE FOR PIN1.',#2106);
#2108=SHAPE_DEFINITION_REPRESENTATION(#2107,#2102);
#2109=PROPERTY_DEFINITION('DESCRIPTION','user defined attribute',#2106);
#2110=GENERAL_PROPERTY_ASSOCIATION('user defined attribute','',#1160,#2109);
#2111=DESCRIPTIVE_REPRESENTATION_ITEM('DESCRIPTION','');
#2112=REPRESENTATION('',(#2111),#2101);
#2113=PROPERTY_DEFINITION_REPRESENTATION(#2109,#2112);
#2114=PROPERTY_DEFINITION('MODELED_BY','user defined attribute',#2106);
#2115=GENERAL_PROPERTY_ASSOCIATION('user defined attribute','',#1166,#2114);
#2116=DESCRIPTIVE_REPRESENTATION_ITEM('MODELED_BY','');
#2117=REPRESENTATION('',(#2116),#2101);
#2118=PROPERTY_DEFINITION_REPRESENTATION(#2114,#2117);
#2119=PROPERTY_DEFINITION('REV','user defined attribute',#2106);
#2120=GENERAL_PROPERTY_ASSOCIATION('user defined attribute','',#1172,#2119);
#2121=DESCRIPTIVE_REPRESENTATION_ITEM('REV','');
#2122=REPRESENTATION('',(#2121),#2101);
#2123=PROPERTY_DEFINITION_REPRESENTATION(#2119,#2122);
#2124=PROPERTY_DEFINITION('TITLE','user defined attribute',#2106);
#2125=GENERAL_PROPERTY_ASSOCIATION('user defined attribute','',#1178,#2124);
#2126=PROPERTY_DEFINITION('DWG_NO','user defined attribute',#2106);
#2127=GENERAL_PROPERTY_ASSOCIATION('user defined attribute','',#1181,#2126);
#2128=DESCRIPTIVE_REPRESENTATION_ITEM('DWG_NO','');
#2129=REPRESENTATION('',(#2128),#2101);
#2130=PROPERTY_DEFINITION_REPRESENTATION(#2126,#2129);
#2131=PROPERTY_DEFINITION('AUTHOR','user defined attribute',#2106);
#2132=GENERAL_PROPERTY_ASSOCIATION('user defined attribute','',#1187,#2131);
#2133=DESCRIPTIVE_REPRESENTATION_ITEM('AUTHOR','');
#2134=REPRESENTATION('',(#2133),#2101);
#2135=PROPERTY_DEFINITION_REPRESENTATION(#2131,#2134);
#2136=PROPERTY_DEFINITION('DATE','user defined attribute',#2106);
#2137=GENERAL_PROPERTY_ASSOCIATION('user defined attribute','',#1193,#2136);
#2138=DESCRIPTIVE_REPRESENTATION_ITEM('DATE','');
#2139=REPRESENTATION('',(#2138),#2101);
#2140=PROPERTY_DEFINITION_REPRESENTATION(#2136,#2139);
#2141=PROPERTY_DEFINITION('DESIGNER','user defined attribute',#2106);
#2142=GENERAL_PROPERTY_ASSOCIATION('user defined attribute','',#1199,#2141);
#2143=DESCRIPTIVE_REPRESENTATION_ITEM('DESIGNER','');
#2144=REPRESENTATION('',(#2143),#2101);
#2145=PROPERTY_DEFINITION_REPRESENTATION(#2141,#2144);
#2146=PROPERTY_DEFINITION('DES_DATE','user defined attribute',#2106);
#2147=GENERAL_PROPERTY_ASSOCIATION('user defined attribute','',#1205,#2146);
#2148=DESCRIPTIVE_REPRESENTATION_ITEM('DES_DATE','');
#2149=REPRESENTATION('',(#2148),#2101);
#2150=PROPERTY_DEFINITION_REPRESENTATION(#2146,#2149);
#2151=PROPERTY_DEFINITION('DCHK','user defined attribute',#2106);
#2152=GENERAL_PROPERTY_ASSOCIATION('user defined attribute','',#1211,#2151);
#2153=DESCRIPTIVE_REPRESENTATION_ITEM('DCHK','');
#2154=REPRESENTATION('',(#2153),#2101);
#2155=PROPERTY_DEFINITION_REPRESENTATION(#2151,#2154);
#2156=PROPERTY_DEFINITION('DCHK_DATE','user defined attribute',#2106);
#2157=GENERAL_PROPERTY_ASSOCIATION('user defined attribute','',#1217,#2156);
#2158=DESCRIPTIVE_REPRESENTATION_ITEM('DCHK_DATE','');
#2159=REPRESENTATION('',(#2158),#2101);
#2160=PROPERTY_DEFINITION_REPRESENTATION(#2156,#2159);
#2161=PROPERTY_DEFINITION('ECHK','user defined attribute',#2106);
#2162=GENERAL_PROPERTY_ASSOCIATION('user defined attribute','',#1223,#2161);
#2163=DESCRIPTIVE_REPRESENTATION_ITEM('ECHK','');
#2164=REPRESENTATION('',(#2163),#2101);
#2165=PROPERTY_DEFINITION_REPRESENTATION(#2161,#2164);
#2166=PROPERTY_DEFINITION('ECHK_DATE','user defined attribute',#2106);
#2167=GENERAL_PROPERTY_ASSOCIATION('user defined attribute','',#1229,#2166);
#2168=DESCRIPTIVE_REPRESENTATION_ITEM('ECHK_DATE','');
#2169=REPRESENTATION('',(#2168),#2101);
#2170=PROPERTY_DEFINITION_REPRESENTATION(#2166,#2169);
#2171=PROPERTY_DEFINITION('APPROVER','user defined attribute',#2106);
#2172=GENERAL_PROPERTY_ASSOCIATION('user defined attribute','',#1235,#2171);
#2173=DESCRIPTIVE_REPRESENTATION_ITEM('APPROVER','');
#2174=REPRESENTATION('',(#2173),#2101);
#2175=PROPERTY_DEFINITION_REPRESENTATION(#2171,#2174);
#2176=PROPERTY_DEFINITION('APP_DATE','user defined attribute',#2106);
#2177=GENERAL_PROPERTY_ASSOCIATION('user defined attribute','',#1241,#2176);
#2178=DESCRIPTIVE_REPRESENTATION_ITEM('APP_DATE','');
#2179=REPRESENTATION('',(#2178),#2101);
#2180=PROPERTY_DEFINITION_REPRESENTATION(#2176,#2179);
#2181=PROPERTY_DEFINITION('RELEASED','user defined attribute',#2106);
#2182=GENERAL_PROPERTY_ASSOCIATION('user defined attribute','',#1247,#2181);
#2183=DESCRIPTIVE_REPRESENTATION_ITEM('RELEASED','');
#2184=REPRESENTATION('',(#2183),#2101);
#2185=PROPERTY_DEFINITION_REPRESENTATION(#2181,#2184);
#2186=PROPERTY_DEFINITION('REL_DATE','user defined attribute',#2106);
#2187=GENERAL_PROPERTY_ASSOCIATION('user defined attribute','',#1253,#2186);
#2188=DESCRIPTIVE_REPRESENTATION_ITEM('REL_DATE','');
#2189=REPRESENTATION('',(#2188),#2101);
#2190=PROPERTY_DEFINITION_REPRESENTATION(#2186,#2189);
#2191=PROPERTY_DEFINITION('ASSY1','user defined attribute',#2106);
#2192=GENERAL_PROPERTY_ASSOCIATION('user defined attribute','',#1259,#2191);
#2193=DESCRIPTIVE_REPRESENTATION_ITEM('ASSY1','');
#2194=REPRESENTATION('',(#2193),#2101);
#2195=PROPERTY_DEFINITION_REPRESENTATION(#2191,#2194);
#2196=PROPERTY_DEFINITION('ASSY2','user defined attribute',#2106);
#2197=GENERAL_PROPERTY_ASSOCIATION('user defined attribute','',#1265,#2196);
#2198=DESCRIPTIVE_REPRESENTATION_ITEM('ASSY2','');
#2199=REPRESENTATION('',(#2198),#2101);
#2200=PROPERTY_DEFINITION_REPRESENTATION(#2196,#2199);
#2201=PROPERTY_DEFINITION('ASSY3','user defined attribute',#2106);
#2202=GENERAL_PROPERTY_ASSOCIATION('user defined attribute','',#1271,#2201);
#2203=DESCRIPTIVE_REPRESENTATION_ITEM('ASSY3','');
#2204=REPRESENTATION('',(#2203),#2101);
#2205=PROPERTY_DEFINITION_REPRESENTATION(#2201,#2204);
#2206=PROPERTY_DEFINITION('ASSY4','user defined attribute',#2106);
#2207=GENERAL_PROPERTY_ASSOCIATION('user defined attribute','',#1277,#2206);
#2208=DESCRIPTIVE_REPRESENTATION_ITEM('ASSY4','');
#2209=REPRESENTATION('',(#2208),#2101);
#2210=PROPERTY_DEFINITION_REPRESENTATION(#2206,#2209);
#2211=PROPERTY_DEFINITION('MATERIAL','user defined attribute',#2106);
#2212=GENERAL_PROPERTY_ASSOCIATION('user defined attribute','',#1283,#2211);
#2213=PROPERTY_DEFINITION('PROCESSES','user defined attribute',#2106);
#2214=GENERAL_PROPERTY_ASSOCIATION('user defined attribute','',#1286,#2213);
#2215=PROPERTY_DEFINITION('TOLX_MM','user defined attribute',#2106);
#2216=GENERAL_PROPERTY_ASSOCIATION('user defined attribute','',#1289,#2215);
#2217=DESCRIPTIVE_REPRESENTATION_ITEM('TOLX_MM','');
#2218=REPRESENTATION('',(#2217),#2101);
#2219=PROPERTY_DEFINITION_REPRESENTATION(#2215,#2218);
#2220=PROPERTY_DEFINITION('TOLXX_MM','user defined attribute',#2106);
#2221=GENERAL_PROPERTY_ASSOCIATION('user defined attribute','',#1295,#2220);
#2222=DESCRIPTIVE_REPRESENTATION_ITEM('TOLXX_MM','');
#2223=REPRESENTATION('',(#2222),#2101);
#2224=PROPERTY_DEFINITION_REPRESENTATION(#2220,#2223);
#2225=PROPERTY_DEFINITION('TOLXXX_MM','user defined attribute',#2106);
#2226=GENERAL_PROPERTY_ASSOCIATION('user defined attribute','',#1301,#2225);
#2227=DESCRIPTIVE_REPRESENTATION_ITEM('TOLXXX_MM','');
#2228=REPRESENTATION('',(#2227),#2101);
#2229=PROPERTY_DEFINITION_REPRESENTATION(#2225,#2228);
#2230=PROPERTY_DEFINITION('TOLX_IN','user defined attribute',#2106);
#2231=GENERAL_PROPERTY_ASSOCIATION('user defined attribute','',#1307,#2230);
#2232=DESCRIPTIVE_REPRESENTATION_ITEM('TOLX_IN','');
#2233=REPRESENTATION('',(#2232),#2101);
#2234=PROPERTY_DEFINITION_REPRESENTATION(#2230,#2233);
#2235=PROPERTY_DEFINITION('TOLXX_IN','user defined attribute',#2106);
#2236=GENERAL_PROPERTY_ASSOCIATION('user defined attribute','',#1313,#2235);
#2237=DESCRIPTIVE_REPRESENTATION_ITEM('TOLXX_IN','');
#2238=REPRESENTATION('',(#2237),#2101);
#2239=PROPERTY_DEFINITION_REPRESENTATION(#2235,#2238);
#2240=PROPERTY_DEFINITION('TOLXXX_IN','user defined attribute',#2106);
#2241=GENERAL_PROPERTY_ASSOCIATION('user defined attribute','',#1319,#2240);
#2242=DESCRIPTIVE_REPRESENTATION_ITEM('TOLXXX_IN','');
#2243=REPRESENTATION('',(#2242),#2101);
#2244=PROPERTY_DEFINITION_REPRESENTATION(#2240,#2243);
#2245=PROPERTY_DEFINITION('TOLXXXX_IN','user defined attribute',#2106);
#2246=GENERAL_PROPERTY_ASSOCIATION('user defined attribute','',#1325,#2245);
#2247=DESCRIPTIVE_REPRESENTATION_ITEM('TOLXXXX_IN','');
#2248=REPRESENTATION('',(#2247),#2101);
#2249=PROPERTY_DEFINITION_REPRESENTATION(#2245,#2248);
#2250=PROPERTY_DEFINITION('FORMERLY','user defined attribute',#2106);
#2251=GENERAL_PROPERTY_ASSOCIATION('user defined attribute','',#1331,#2250);
#2252=DESCRIPTIVE_REPRESENTATION_ITEM('FORMERLY','');
#2253=REPRESENTATION('',(#2252),#2101);
#2254=PROPERTY_DEFINITION_REPRESENTATION(#2250,#2253);
#2255=NEXT_ASSEMBLY_USAGE_OCCURRENCE('21','Next assembly relationship','PIN1',#2267,#2106,$);
#2256=PRODUCT_DEFINITION_SHAPE('Placement #21','Placement of PIN1 with respect to PW0020A_ASM',#2255);
#2257=CARTESIAN_POINT('',(0.E0,0.E0,1.13E0));
#2258=AXIS2_PLACEMENT_3D('',#2257,#125,#46);
#2259=ITEM_DEFINED_TRANSFORMATION('','',#1117,#2258);
#2260=(REPRESENTATION_RELATIONSHIP('','',#2102,#1338)REPRESENTATION_RELATIONSHIP_WITH_TRANSFORMATION(#2259)SHAPE_REPRESENTATION_RELATIONSHIP());
#2261=CONTEXT_DEPENDENT_SHAPE_REPRESENTATION(#2260,#2256);
#2262=UNCERTAINTY_MEASURE_WITH_UNIT(LENGTH_MEASURE(9.314436192332E-4),#1109,'distance_accuracy_value','Maximum model space distance between geometric entities at asserted connectivities');
#2263=(GEOMETRIC_REPRESENTATION_CONTEXT(3)GLOBAL_UNCERTAINTY_ASSIGNED_CONTEXT((#2262))GLOBAL_UNIT_ASSIGNED_CONTEXT((#1109,#1112,#1113))REPRESENTATION_CONTEXT('ID4','3'));
#2264=MECHANICAL_DESIGN_GEOMETRIC_PRESENTATION_REPRESENTATION('',(#35,#40,#45,#50,#53,#58,#63,#69,#73,#78,#83,#89,#91,#94,#97,#100,#105,#110,#115,#120,#124,#128,#132,#136,#139,#148,#158,#162,#166,#169,#178,#188,#191,#194,#197,#205,#215,#218,#221,#224,#229,#233,#236,#240,#245,#247,#251,#254,#259,#261,#266,#269,#274,#278,#283,#287,#289,#294,#298,#301,#304,#308,#311,#317,#321,#326,#328,#334,#337,#341,#349,#358,#360,#362,#364,#368,#371,#374,#377,#380,#383,#387,#390,#394,#397,#401,#405,#408,#413,#416,#419,#421,#424,#426,#430,#435,#439,#443,#446,#450,#453,#456,#27,#1357,#1362,#1367,#1372,#1377,#1382,#1387,#1391,#1395,#1399,#1403,#1406,#1408,#1410,#1413,#1417,#1420,#1423,#1426,#1428,#1430,#1432,#1435,#1439,#1442,#1445,#1448,#1451,#1454,#1457,#1460,#1464,#1467,#1470,#1473,#1476,#1350),#2263);
#2265=PRODUCT('PW0020A_ASM','PW0020A_ASM','NOT SPECIFIED',(#1122));
#2266=PRODUCT_DEFINITION_FORMATION('46','LAST_VERSION',#2265);
#2267=PRODUCT_DEFINITION('part definition','',#2266,#2103);
#2268=MEASURE_REPRESENTATION_ITEM('surface area measure',AREA_MEASURE(9.603460027583E1),#1132);
#2269=PROPERTY_DEFINITION('geometric validation property','area of PW0020A_ASM',#1337);
#2270=REPRESENTATION('surface area',(#2268),#2263);
#2271=PROPERTY_DEFINITION_REPRESENTATION(#2269,#2270);
#2272=MEASURE_REPRESENTATION_ITEM('volume measure',VOLUME_MEASURE(2.863499774852E1),#1138);
#2273=PROPERTY_DEFINITION('geometric validation property','volume of PW0020A_ASM',#1337);
#2274=REPRESENTATION('volume',(#2272),#2263);
#2275=PROPERTY_DEFINITION_REPRESENTATION(#2273,#2274);
#2276=CARTESIAN_POINT('centre point',(1.228857066714E-3,-2.150512605272E-3,6.184419500220E-1));
#2277=PROPERTY_DEFINITION('geometric validation property','centroid of PW0020A_ASM',#1337);
#2278=REPRESENTATION('centroid',(#2276),#2263);
#2279=PROPERTY_DEFINITION_REPRESENTATION(#2277,#2278);
#2280=PRODUCT_RELATED_PRODUCT_CATEGORY('part','',(#2265,#1123,#1704,#2104));
#2281=PROPERTY_DEFINITION('DESCRIPTION','user defined attribute',#2267);
#2282=GENERAL_PROPERTY_ASSOCIATION('user defined attribute','',#1160,#2281);
#2283=DESCRIPTIVE_REPRESENTATION_ITEM('DESCRIPTION','');
#2284=REPRESENTATION('',(#2283),#2263);
#2285=PROPERTY_DEFINITION_REPRESENTATION(#2281,#2284);
#2286=PROPERTY_DEFINITION('MODELED_BY','user defined attribute',#2267);
#2287=GENERAL_PROPERTY_ASSOCIATION('user defined attribute','',#1166,#2286);
#2288=DESCRIPTIVE_REPRESENTATION_ITEM('MODELED_BY','');
#2289=REPRESENTATION('',(#2288),#2263);
#2290=PROPERTY_DEFINITION_REPRESENTATION(#2286,#2289);
#2291=PROPERTY_DEFINITION('REV','user defined attribute',#2267);
#2292=GENERAL_PROPERTY_ASSOCIATION('user defined attribute','',#1172,#2291);
#2293=DESCRIPTIVE_REPRESENTATION_ITEM('REV','A');
#2294=REPRESENTATION('',(#2293),#2263);
#2295=PROPERTY_DEFINITION_REPRESENTATION(#2291,#2294);
#2296=PROPERTY_DEFINITION('TITLE','user defined attribute',#2267);
#2297=GENERAL_PROPERTY_ASSOCIATION('user defined attribute','',#1178,#2296);
#2298=PROPERTY_DEFINITION('DWG_NO','user defined attribute',#2267);
#2299=GENERAL_PROPERTY_ASSOCIATION('user defined attribute','',#1181,#2298);
#2300=DESCRIPTIVE_REPRESENTATION_ITEM('DWG_NO','4220206');
#2301=REPRESENTATION('',(#2300),#2263);
#2302=PROPERTY_DEFINITION_REPRESENTATION(#2298,#2301);
#2303=PROPERTY_DEFINITION('AUTHOR','user defined attribute',#2267);
#2304=GENERAL_PROPERTY_ASSOCIATION('user defined attribute','',#1187,#2303);
#2305=DESCRIPTIVE_REPRESENTATION_ITEM('AUTHOR','K. SINCERBOX');
#2306=REPRESENTATION('',(#2305),#2263);
#2307=PROPERTY_DEFINITION_REPRESENTATION(#2303,#2306);
#2308=PROPERTY_DEFINITION('DATE','user defined attribute',#2267);
#2309=GENERAL_PROPERTY_ASSOCIATION('user defined attribute','',#1193,#2308);
#2310=DESCRIPTIVE_REPRESENTATION_ITEM('DATE','02/03/2017');
#2311=REPRESENTATION('',(#2310),#2263);
#2312=PROPERTY_DEFINITION_REPRESENTATION(#2308,#2311);
#2313=PROPERTY_DEFINITION('DESIGNER','user defined attribute',#2267);
#2314=GENERAL_PROPERTY_ASSOCIATION('user defined attribute','',#1199,#2313);
#2315=DESCRIPTIVE_REPRESENTATION_ITEM('DESIGNER','');
#2316=REPRESENTATION('',(#2315),#2263);
#2317=PROPERTY_DEFINITION_REPRESENTATION(#2313,#2316);
#2318=PROPERTY_DEFINITION('DES_DATE','user defined attribute',#2267);
#2319=GENERAL_PROPERTY_ASSOCIATION('user defined attribute','',#1205,#2318);
#2320=DESCRIPTIVE_REPRESENTATION_ITEM('DES_DATE','');
#2321=REPRESENTATION('',(#2320),#2263);
#2322=PROPERTY_DEFINITION_REPRESENTATION(#2318,#2321);
#2323=PROPERTY_DEFINITION('DCHK','user defined attribute',#2267);
#2324=GENERAL_PROPERTY_ASSOCIATION('user defined attribute','',#1211,#2323);
#2325=DESCRIPTIVE_REPRESENTATION_ITEM('DCHK','T. LEQUANG');
#2326=REPRESENTATION('',(#2325),#2263);
#2327=PROPERTY_DEFINITION_REPRESENTATION(#2323,#2326);
#2328=PROPERTY_DEFINITION('DCHK_DATE','user defined attribute',#2267);
#2329=GENERAL_PROPERTY_ASSOCIATION('user defined attribute','',#1217,#2328);
#2330=DESCRIPTIVE_REPRESENTATION_ITEM('DCHK_DATE','02/03/2017');
#2331=REPRESENTATION('',(#2330),#2263);
#2332=PROPERTY_DEFINITION_REPRESENTATION(#2328,#2331);
#2333=PROPERTY_DEFINITION('ECHK','user defined attribute',#2267);
#2334=GENERAL_PROPERTY_ASSOCIATION('user defined attribute','',#1223,#2333);
#2335=DESCRIPTIVE_REPRESENTATION_ITEM('ECHK','B. TAN');
#2336=REPRESENTATION('',(#2335),#2263);
#2337=PROPERTY_DEFINITION_REPRESENTATION(#2333,#2336);
#2338=PROPERTY_DEFINITION('ECHK_DATE','user defined attribute',#2267);
#2339=GENERAL_PROPERTY_ASSOCIATION('user defined attribute','',#1229,#2338);
#2340=DESCRIPTIVE_REPRESENTATION_ITEM('ECHK_DATE','02/03/2017');
#2341=REPRESENTATION('',(#2340),#2263);
#2342=PROPERTY_DEFINITION_REPRESENTATION(#2338,#2341);
#2343=PROPERTY_DEFINITION('APPROVER','user defined attribute',#2267);
#2344=GENERAL_PROPERTY_ASSOCIATION('user defined attribute','',#1235,#2343);
#2345=DESCRIPTIVE_REPRESENTATION_ITEM('APPROVER','E. REY');
#2346=REPRESENTATION('',(#2345),#2263);
#2347=PROPERTY_DEFINITION_REPRESENTATION(#2343,#2346);
#2348=PROPERTY_DEFINITION('APP_DATE','user defined attribute',#2267);
#2349=GENERAL_PROPERTY_ASSOCIATION('user defined attribute','',#1241,#2348);
#2350=DESCRIPTIVE_REPRESENTATION_ITEM('APP_DATE','02/03/2017');
#2351=REPRESENTATION('',(#2350),#2263);
#2352=PROPERTY_DEFINITION_REPRESENTATION(#2348,#2351);
#2353=PROPERTY_DEFINITION('RELEASED','user defined attribute',#2267);
#2354=GENERAL_PROPERTY_ASSOCIATION('user defined attribute','',#1247,#2353);
#2355=DESCRIPTIVE_REPRESENTATION_ITEM('RELEASED','WDM');
#2356=REPRESENTATION('',(#2355),#2263);
#2357=PROPERTY_DEFINITION_REPRESENTATION(#2353,#2356);
#2358=PROPERTY_DEFINITION('REL_DATE','user defined attribute',#2267);
#2359=GENERAL_PROPERTY_ASSOCIATION('user defined attribute','',#1253,#2358);
#2360=DESCRIPTIVE_REPRESENTATION_ITEM('REL_DATE','02/03/2017');
#2361=REPRESENTATION('',(#2360),#2263);
#2362=PROPERTY_DEFINITION_REPRESENTATION(#2358,#2361);
#2363=PROPERTY_DEFINITION('PINS','user defined attribute',#2267);
#2364=GENERAL_PROPERTY('','PINS','user defined attribute');
#2365=GENERAL_PROPERTY_ASSOCIATION('user defined attribute','',#2364,#2363);
#2366=VALUE_REPRESENTATION_ITEM('PINS',NUMERIC_MEASURE(2.E1));
#2367=REPRESENTATION('',(#2366),#2263);
#2368=PROPERTY_DEFINITION_REPRESENTATION(#2363,#2367);
#2369=DESCRIPTIVE_REPRESENTATION_ITEM('attribute description','Real Number');
#2370=REPRESENTATION('',(#2369),#2263);
#2371=PROPERTY_DEFINITION('attribute type designation','Real Number',#2364);
#2372=PROPERTY_DEFINITION_REPRESENTATION(#2371,#2370);
#2373=PROPERTY_DEFINITION('BODYL','user defined attribute',#2267);
#2374=GENERAL_PROPERTY('','BODYL','user defined attribute');
#2375=GENERAL_PROPERTY_ASSOCIATION('user defined attribute','',#2374,#2373);
#2376=VALUE_REPRESENTATION_ITEM('BODYL',NUMERIC_MEASURE(6.5E0));
#2377=REPRESENTATION('',(#2376),#2263);
#2378=PROPERTY_DEFINITION_REPRESENTATION(#2373,#2377);
#2379=DESCRIPTIVE_REPRESENTATION_ITEM('attribute description','Real Number');
#2380=REPRESENTATION('',(#2379),#2263);
#2381=PROPERTY_DEFINITION('attribute type designation','Real Number',#2374);
#2382=PROPERTY_DEFINITION_REPRESENTATION(#2381,#2380);
#2383=PROPERTY_DEFINITION('PIN1_LOC','user defined attribute',#2267);
#2384=GENERAL_PROPERTY('','PIN1_LOC','user defined attribute');
#2385=GENERAL_PROPERTY_ASSOCIATION('user defined attribute','',#2384,#2383);
#2386=VALUE_REPRESENTATION_ITEM('PIN1_LOC',NUMERIC_MEASURE(2.45E0));
#2387=REPRESENTATION('',(#2386),#2263);
#2388=PROPERTY_DEFINITION_REPRESENTATION(#2383,#2387);
#2389=DESCRIPTIVE_REPRESENTATION_ITEM('attribute description','Real Number');
#2390=REPRESENTATION('',(#2389),#2263);
#2391=PROPERTY_DEFINITION('attribute type designation','Real Number',#2384);
#2392=PROPERTY_DEFINITION_REPRESENTATION(#2391,#2390);
#2393=PROPERTY_DEFINITION('PITCH','user defined attribute',#2267);
#2394=GENERAL_PROPERTY('','PITCH','user defined attribute');
#2395=GENERAL_PROPERTY_ASSOCIATION('user defined attribute','',#2394,#2393);
#2396=VALUE_REPRESENTATION_ITEM('PITCH',NUMERIC_MEASURE(6.5E-1));
#2397=REPRESENTATION('',(#2396),#2263);
#2398=PROPERTY_DEFINITION_REPRESENTATION(#2393,#2397);
#2399=DESCRIPTIVE_REPRESENTATION_ITEM('attribute description','Real Number');
#2400=REPRESENTATION('',(#2399),#2263);
#2401=PROPERTY_DEFINITION('attribute type designation','Real Number',#2394);
#2402=PROPERTY_DEFINITION_REPRESENTATION(#2401,#2400);
#2403=PROPERTY_DEFINITION('PNA','user defined attribute',#2267);
#2404=GENERAL_PROPERTY('','PNA','user defined attribute');
#2405=GENERAL_PROPERTY_ASSOCIATION('user defined attribute','',#2404,#2403);
#2406=VALUE_REPRESENTATION_ITEM('PNA',NUMERIC_MEASURE(1.E1));
#2407=REPRESENTATION('',(#2406),#2263);
#2408=PROPERTY_DEFINITION_REPRESENTATION(#2403,#2407);
#2409=DESCRIPTIVE_REPRESENTATION_ITEM('attribute description','Real Number');
#2410=REPRESENTATION('',(#2409),#2263);
#2411=PROPERTY_DEFINITION('attribute type designation','Real Number',#2404);
#2412=PROPERTY_DEFINITION_REPRESENTATION(#2411,#2410);
#2413=PROPERTY_DEFINITION('PNB','user defined attribute',#2267);
#2414=GENERAL_PROPERTY('','PNB','user defined attribute');
#2415=GENERAL_PROPERTY_ASSOCIATION('user defined attribute','',#2414,#2413);
#2416=VALUE_REPRESENTATION_ITEM('PNB',NUMERIC_MEASURE(1.1E1));
#2417=REPRESENTATION('',(#2416),#2263);
#2418=PROPERTY_DEFINITION_REPRESENTATION(#2413,#2417);
#2419=DESCRIPTIVE_REPRESENTATION_ITEM('attribute description','Real Number');
#2420=REPRESENTATION('',(#2419),#2263);
#2421=PROPERTY_DEFINITION('attribute type designation','Real Number',#2414);
#2422=PROPERTY_DEFINITION_REPRESENTATION(#2421,#2420);
#2423=PROPERTY_DEFINITION('DESG','user defined attribute',#2267);
#2424=GENERAL_PROPERTY('','DESG','user defined attribute');
#2425=GENERAL_PROPERTY_ASSOCIATION('user defined attribute','',#2424,#2423);
#2426=DESCRIPTIVE_REPRESENTATION_ITEM('DESG','PW0020A');
#2427=REPRESENTATION('',(#2426),#2263);
#2428=PROPERTY_DEFINITION_REPRESENTATION(#2423,#2427);
#2429=PROPERTY_DEFINITION('TI_PACKAGE_NAME','user defined attribute',#2267);
#2430=GENERAL_PROPERTY('','TI_PACKAGE_NAME','user defined attribute');
#2431=GENERAL_PROPERTY_ASSOCIATION('user defined attribute','',#2430,#2429);
#2432=DESCRIPTIVE_REPRESENTATION_ITEM('TI_PACKAGE_NAME','TSSOP - 1.2 mm max height');
#2433=REPRESENTATION('',(#2432),#2263);
#2434=PROPERTY_DEFINITION_REPRESENTATION(#2429,#2433);
#2435=PROPERTY_DEFINITION('INDUSTRY_NAME','user defined attribute',#2267);
#2436=GENERAL_PROPERTY('','INDUSTRY_NAME','user defined attribute');
#2437=GENERAL_PROPERTY_ASSOCIATION('user defined attribute','',#2436,#2435);
#2438=DESCRIPTIVE_REPRESENTATION_ITEM('INDUSTRY_NAME','SMALL OUTLINE PACKAGE');
#2439=REPRESENTATION('',(#2438),#2263);
#2440=PROPERTY_DEFINITION_REPRESENTATION(#2435,#2439);
#2441=PROPERTY_DEFINITION('PKG_NAME','user defined attribute',#2267);
#2442=GENERAL_PROPERTY('','PKG_NAME','user defined attribute');
#2443=GENERAL_PROPERTY_ASSOCIATION('user defined attribute','',#2442,#2441);
#2444=DESCRIPTIVE_REPRESENTATION_ITEM('PKG_NAME','TSSOP');
#2445=REPRESENTATION('',(#2444),#2263);
#2446=PROPERTY_DEFINITION_REPRESENTATION(#2441,#2445);
#2447=PROPERTY_DEFINITION('MM_YYYY','user defined attribute',#2267);
#2448=GENERAL_PROPERTY('','MM_YYYY','user defined attribute');
#2449=GENERAL_PROPERTY_ASSOCIATION('user defined attribute','',#2448,#2447);
#2450=DESCRIPTIVE_REPRESENTATION_ITEM('MM_YYYY','02/2017');
#2451=REPRESENTATION('',(#2450),#2263);
#2452=PROPERTY_DEFINITION_REPRESENTATION(#2447,#2451);
#2453=PROPERTY_DEFINITION('PITCH_COUNT','user defined attribute',#2267);
#2454=GENERAL_PROPERTY('','PITCH_COUNT','user defined attribute');
#2455=GENERAL_PROPERTY_ASSOCIATION('user defined attribute','',#2454,#2453);
#2456=VALUE_REPRESENTATION_ITEM('PITCH_COUNT',NUMERIC_MEASURE(1.8E1));
#2457=REPRESENTATION('',(#2456),#2263);
#2458=PROPERTY_DEFINITION_REPRESENTATION(#2453,#2457);
#2459=DESCRIPTIVE_REPRESENTATION_ITEM('attribute description','Real Number');
#2460=REPRESENTATION('',(#2459),#2263);
#2461=PROPERTY_DEFINITION('attribute type designation','Real Number',#2454);
#2462=PROPERTY_DEFINITION_REPRESENTATION(#2461,#2460);
ENDSEC;
END-ISO-10303-21;
