ISO-10303-21;
HEADER;
FILE_DESCRIPTION (( 'STEP AP214' ),
'1' );
FILE_NAME ('L293DNE.STEP',
'2020-07-04T01:03:13',
( '' ),
( '' ),
'SwSTEP 2.0',
'SolidWorks 2017',
'' );
FILE_SCHEMA (( 'AUTOMOTIVE_DESIGN' ));
ENDSEC;
DATA;
#1=DIRECTION ( 'NONE',  ( 0.0000000000000000000, 1.000000000000000000, -1.352399996863496200E-016 ) );
#2=DIRECTION ( 'NONE',  ( 0.7071067811865454600, -0.7071067811865495700, -5.020827797899680600E-018 ) );
#3=VERTEX_POINT ( 'NONE', #1192 );
#4=FACE_OUTER_BOUND ( 'NONE', #4864, .T. );
#5=AXIS2_PLACEMENT_3D ( 'NONE', #912, #1089, #20 );
#6=VECTOR ( 'NONE', #10, 39.37007874015748100 );
#7=ORIENTED_EDGE ( 'NONE', *, *, #4803, .T. );
#8=PLANE ( 'NONE',  #3782 );
#9=LINE ( 'NONE', #1112, #1498 );
#10=DIRECTION ( 'NONE',  ( 0.0000000000000000000, 1.000000000000000000, 0.0000000000000000000 ) );
#11=ORIENTED_EDGE ( 'NONE', *, *, #3692, .T. );
#12=ADVANCED_FACE ( 'NONE', ( #2069 ), #430, .T. );
#13=LINE ( 'NONE', #1788, #35 );
#14=ORIENTED_EDGE ( 'NONE', *, *, #405, .F. );
#15=AXIS2_PLACEMENT_3D ( 'NONE', #2521, #1089, #20 );
#16=EDGE_CURVE ( 'NONE', #773, #1481, #1743, .T. );
#17=AXIS2_PLACEMENT_3D ( 'NONE', #2195, #836, #487 );
#18=ORIENTED_EDGE ( 'NONE', *, *, #1946, .T. );
#19=ORIENTED_EDGE ( 'NONE', *, *, #4606, .F. );
#20=DIRECTION ( 'NONE',  ( 0.0000000000000000000, 0.0000000000000000000, 1.000000000000000000 ) );
#21=CARTESIAN_POINT ( 'NONE',  ( 0.3899999999999999600, 0.1150000000000000600, 0.1249999999999999300 ) );
#22=ORIENTED_EDGE ( 'NONE', *, *, #3371, .F. );
#23=VERTEX_POINT ( 'NONE', #1681 );
#24=VECTOR ( 'NONE', #1277, 39.37007874015748100 );
#25=DIRECTION ( 'NONE',  ( -1.000000000000000000, -0.0000000000000000000, -0.0000000000000000000 ) );
#26=FACE_OUTER_BOUND ( 'NONE', #2262, .T. );
#27=VERTEX_POINT ( 'NONE', #2937 );
#28=CARTESIAN_POINT ( 'NONE',  ( 0.2410000000000002400, 0.09750000000000005900, -0.1324999999999999800 ) );
#29=FACE_OUTER_BOUND ( 'NONE', #4318, .T. );
#30=ORIENTED_EDGE ( 'NONE', *, *, #5056, .F. );
#31=VECTOR ( 'NONE', #20, 39.37007874015748100 );
#32=PLANE ( 'NONE',  #750 );
#33=ORIENTED_EDGE ( 'NONE', *, *, #515, .T. );
#34=EDGE_CURVE ( 'NONE', #5065, #4611, #1666, .T. );
#35=VECTOR ( 'NONE', #110, 39.37007874015748100 );
#36=ORIENTED_EDGE ( 'NONE', *, *, #5182, .T. );
#37=PLANE ( 'NONE',  #1720 );
#38=CARTESIAN_POINT ( 'NONE',  ( 0.1730000000000002900, -1.707404996040164500E-017, -0.1499999999999999900 ) );
#39=VERTEX_POINT ( 'NONE', #4496 );
#40=CARTESIAN_POINT ( 'NONE',  ( -0.1849999999999997500, 0.09750000000000005900, 0.1324999999999999800 ) );
#41=EDGE_CURVE ( 'NONE', #3734, #1676, #5029, .T. );
#42=EDGE_CURVE ( 'NONE', #2380, #3722, #4113, .T. );
#43=ORIENTED_EDGE ( 'NONE', *, *, #3249, .F. );
#44=EDGE_CURVE ( 'NONE', #2006, #5161, #4791, .T. );
#45=CARTESIAN_POINT ( 'NONE',  ( -0.2409999999999997700, 0.09750000000000005900, -0.1324999999999999800 ) );
#46=LINE ( 'NONE', #1938, #408 );
#47=CARTESIAN_POINT ( 'NONE',  ( -0.04099999999999978000, 0.09750000000000005900, 0.1499999999999999900 ) );
#48=VERTEX_POINT ( 'NONE', #2492 );
#49=ORIENTED_EDGE ( 'NONE', *, *, #1123, .F. );
#50=DIRECTION ( 'NONE',  ( 0.0000000000000000000, 0.0000000000000000000, -1.000000000000000000 ) );
#51=PLANE ( 'NONE',  #2647 );
#52=ORIENTED_EDGE ( 'NONE', *, *, #2734, .T. );
#53=FACE_OUTER_BOUND ( 'NONE', #2291, .T. );
#54=EDGE_CURVE ( 'NONE', #1467, #3617, #4304, .T. );
#55=PRESENTATION_LAYER_ASSIGNMENT (  '', '', ( #539 ) );
#56=VECTOR ( 'NONE', #25, 39.37007874015748100 );
#57=ADVANCED_FACE ( 'NONE', ( #5096 ), #3804, .F. );
#58=CARTESIAN_POINT ( 'NONE',  ( -0.1729999999999997100, -1.778575257266404500E-017, -0.1499999999999999900 ) );
#59=EDGE_LOOP ( 'NONE', ( #2095, #3186, #2621, #694 ) );
#60=VECTOR ( 'NONE', #235, 39.37007874015748100 );
#61=CARTESIAN_POINT ( 'NONE',  ( 0.1590000000000002200, 0.09750000000000005900, 0.1399999999999999900 ) );
#62=VERTEX_POINT ( 'NONE', #2205 );
#63=ORIENTED_EDGE ( 'NONE', *, *, #1274, .F. );
#64=CARTESIAN_POINT ( 'NONE',  ( -0.1849999999999997500, 0.01200000000000005200, -0.1324999999999999800 ) );
#65=ORIENTED_EDGE ( 'NONE', *, *, #3207, .T. );
#66=AXIS2_PLACEMENT_3D ( 'NONE', #328, #836, #487 );
#67=CARTESIAN_POINT ( 'NONE',  ( -0.2849999999999997000, 0.1050000000000000400, -0.1324999999999999800 ) );
#68=ORIENTED_EDGE ( 'NONE', *, *, #923, .T. );
#69=EDGE_CURVE ( 'NONE', #5196, #3466, #4188, .T. );
#70=AXIS2_PLACEMENT_3D ( 'NONE', #1723, #323, #235 );
#71=VECTOR ( 'NONE', #1409, 39.37007874015748900 );
#72=CARTESIAN_POINT ( 'NONE',  ( 0.2850000000000003100, 0.09750000000000005900, 0.1324999999999999800 ) );
#73=ORIENTED_EDGE ( 'NONE', *, *, #5395, .F. );
#74=LINE ( 'NONE', #4144, #35 );
#75=LINE ( 'NONE', #114, #60 );
#76=ORIENTED_EDGE ( 'NONE', *, *, #1085, .F. );
#77=CARTESIAN_POINT ( 'NONE',  ( -0.2149999999999996900, -1.714505518806294100E-017, 0.1399999999999999900 ) );
#78=FACE_OUTER_BOUND ( 'NONE', #940, .T. );
#79=CARTESIAN_POINT ( 'NONE',  ( -0.04099999999999978000, 0.09750000000000005900, 0.1324999999999999800 ) );
#80=ORIENTED_EDGE ( 'NONE', *, *, #863, .F. );
#81=CARTESIAN_POINT ( 'NONE',  ( 0.1730000000000002900, -1.714505518806294100E-017, -0.1399999999999999900 ) );
#82=DIRECTION ( 'NONE',  ( 0.0000000000000000000, 2.276539994720223100E-015, -1.000000000000000000 ) );
#83=CARTESIAN_POINT ( 'NONE',  ( -0.1409999999999998200, -1.707404996040164500E-017, -0.1499999999999999900 ) );
#84=LINE ( 'NONE', #1011, #494 );
#85=ADVANCED_FACE ( 'NONE', ( #3579 ), #2600, .F. );
#86=LINE ( 'NONE', #555, #35 );
#87=CARTESIAN_POINT ( 'NONE',  ( -0.2589999999999997300, -1.707404996040164500E-017, -0.1499999999999999900 ) );
#88=MANIFOLD_SOLID_BREP ( 'Mirror2[2]', #1363 );
#89=CARTESIAN_POINT ( 'NONE',  ( -0.08499999999999971500, 0.09750000000000005900, -0.1324999999999999800 ) );
#90=EDGE_CURVE ( 'NONE', #1481, #5223, #1173, .T. );
#91=EDGE_CURVE ( 'NONE', #4409, #5230, #431, .T. );
#92=( LENGTH_UNIT ( ) NAMED_UNIT ( * ) SI_UNIT ( $, .METRE. ) );
#93=CARTESIAN_POINT ( 'NONE',  ( -0.3590000000000002600, 0.09750000000000005900, 0.1399999999999999900 ) );
#94=FACE_OUTER_BOUND ( 'NONE', #1730, .T. );
#95=EDGE_LOOP ( 'NONE', ( #3581, #4847, #3150, #3908 ) );
#96=VERTEX_POINT ( 'NONE', #4189 );
#97=FACE_OUTER_BOUND ( 'NONE', #1325, .T. );
#98=MECHANICAL_DESIGN_GEOMETRIC_PRESENTATION_REPRESENTATION (  '', ( #3331 ), #360 );
#99=CARTESIAN_POINT ( 'NONE',  ( 0.08500000000000032500, 0.01199999999999995000, 0.1324999999999999800 ) );
#100=VERTEX_POINT ( 'NONE', #733 );
#101=EDGE_CURVE ( 'NONE', #2579, #898, #4677, .T. );
#102=ORIENTED_EDGE ( 'NONE', *, *, #4517, .F. );
#103=ORIENTED_EDGE ( 'NONE', *, *, #3886, .T. );
#104=PLANE ( 'NONE',  #5136 );
#105=CARTESIAN_POINT ( 'NONE',  ( 0.07300000000000028700, -1.707404996040164500E-017, 0.1499999999999999900 ) );
#106=VERTEX_POINT ( 'NONE', #1790 );
#107=ADVANCED_FACE ( 'NONE', ( #3510 ), #4171, .F. );
#108=CARTESIAN_POINT ( 'NONE',  ( -0.1409999999999998200, 0.1150000000000000700, 0.1324999999999999800 ) );
#109=LINE ( 'NONE', #4684, #498 );
#110=DIRECTION ( 'NONE',  ( -1.000000000000000000, -0.0000000000000000000, 0.0000000000000000000 ) );
#111=CARTESIAN_POINT ( 'NONE',  ( 0.1590000000000002200, -0.1550000000000000000, -0.1499999999999999700 ) );
#112=( GEOMETRIC_REPRESENTATION_CONTEXT ( 3 ) GLOBAL_UNCERTAINTY_ASSIGNED_CONTEXT ( ( #132 ) ) GLOBAL_UNIT_ASSIGNED_CONTEXT ( ( #559, #327, #131 ) ) REPRESENTATION_CONTEXT ( 'NONE', 'WORKASPACE' ) );
#113=CARTESIAN_POINT ( 'NONE',  ( 0.08500000000000032500, 0.1050000000000000400, 0.1324999999999999800 ) );
#114=CARTESIAN_POINT ( 'NONE',  ( -0.3590000000000002600, 0.1050000000000000500, -0.1250000000000000000 ) );
#115=LINE ( 'NONE', #2593, #985 );
#116=SURFACE_SIDE_STYLE ('',( #186 ) );
#117=FACE_OUTER_BOUND ( 'NONE', #1640, .T. );
#118=LINE ( 'NONE', #4234, #270 );
#119=VERTEX_POINT ( 'NONE', #344 );
#120=ORIENTED_EDGE ( 'NONE', *, *, #4370, .F. );
#121=ORIENTED_EDGE ( 'NONE', *, *, #3208, .F. );
#122=ADVANCED_FACE ( 'NONE', ( #97 ), #5384, .F. );
#123=EDGE_CURVE ( 'NONE', #5037, #5131, #3188, .T. );
#124=EDGE_CURVE ( 'NONE', #3789, #3162, #2213, .T. );
#125=AXIS2_PLACEMENT_3D ( 'NONE', #1692, #25, #20 );
#126=CARTESIAN_POINT ( 'NONE',  ( -0.3270000000000003500, -1.778575257266404500E-017, 0.1499999999999999900 ) );
#127=FACE_OUTER_BOUND ( 'NONE', #4478, .T. );
#128=EDGE_LOOP ( 'NONE', ( #251, #4565, #4994, #1139 ) );
#129=PLANE ( 'NONE',  #5038 );
#130=ORIENTED_EDGE ( 'NONE', *, *, #3923, .F. );
#131=( NAMED_UNIT ( * ) SI_UNIT ( $, .STERADIAN. ) SOLID_ANGLE_UNIT ( ) );
#132=UNCERTAINTY_MEASURE_WITH_UNIT (LENGTH_MEASURE( 1.000000000000000100E-005 ), #559, 'distance_accuracy_value', 'NONE');
#133=FACE_OUTER_BOUND ( 'NONE', #3636, .T. );
#134=PLANE ( 'NONE',  #1731 );
#135=PLANE ( 'NONE',  #5017 );
#136=VERTEX_POINT ( 'NONE', #2484 );
#137=DIRECTION ( 'NONE',  ( 2.731847993664263200E-016, 0.0000000000000000000, 1.000000000000000000 ) );
#138=DIRECTION ( 'NONE',  ( -0.0000000000000000000, 1.000000000000000000, -0.0000000000000000000 ) );
#139=FILL_AREA_STYLE_COLOUR ( '', #726 );
#140=LINE ( 'NONE', #3570, #35 );
#141=ADVANCED_FACE ( 'NONE', ( #2336 ), #2600, .F. );
#142=ORIENTED_EDGE ( 'NONE', *, *, #3738, .F. );
#143=EDGE_CURVE ( 'NONE', #1700, #2805, #5449, .T. );
#144=ORIENTED_EDGE ( 'NONE', *, *, #2401, .F. );
#145=EDGE_CURVE ( 'NONE', #4581, #3848, #2833, .T. );
#146=VECTOR ( 'NONE', #612, 39.37007874015748100 );
#147=ORIENTED_EDGE ( 'NONE', *, *, #3638, .F. );
#148=VERTEX_POINT ( 'NONE', #5069 );
#149=VECTOR ( 'NONE', #370, 39.37007874015748100 );
#150=ADVANCED_FACE ( 'NONE', ( #3648 ), #4358, .F. );
#151=DIRECTION ( 'NONE',  ( -0.7071067811865464600, 0.7071067811865484600, -0.0000000000000000000 ) );
#152=ORIENTED_EDGE ( 'NONE', *, *, #4989, .F. );
#153=FACE_OUTER_BOUND ( 'NONE', #5169, .T. );
#154=CARTESIAN_POINT ( 'NONE',  ( -0.08499999999999971500, 0.09750000000000005900, 0.1499999999999999900 ) );
#155=VERTEX_POINT ( 'NONE', #2523 );
#156=EDGE_CURVE ( 'NONE', #3279, #2590, #1805, .T. );
#157=CARTESIAN_POINT ( 'NONE',  ( 0.2590000000000002300, -1.707404996040164500E-017, -0.1324999999999999800 ) );
#158=ADVANCED_FACE ( 'NONE', ( #3053 ), #902, .F. );
#159=ADVANCED_FACE ( 'NONE', ( #5031 ), #2231, .F. );
#160=ORIENTED_EDGE ( 'NONE', *, *, #2994, .F. );
#161=LINE ( 'NONE', #1865, #4163 );
#162=ORIENTED_EDGE ( 'NONE', *, *, #2645, .F. );
#163=VECTOR ( 'NONE', #296, 39.37007874015748100 );
#164=VERTEX_POINT ( 'NONE', #3043 );
#165=PLANE ( 'NONE',  #1029 );
#166=DIRECTION ( 'NONE',  ( 0.0000000000000000000, 7.100522766129548600E-018, 1.000000000000000000 ) );
#167=EDGE_CURVE ( 'NONE', #1118, #1410, #2000, .T. );
#168=VECTOR ( 'NONE', #166, 39.37007874015748100 );
#169=VECTOR ( 'NONE', #839, 39.37007874015748100 );
#170=ADVANCED_FACE ( 'NONE', ( #5401 ), #421, .F. );
#171=CARTESIAN_POINT ( 'NONE',  ( 0.08500000000000032500, -1.707404996040164500E-017, 0.1499999999999999900 ) );
#172=LENGTH_MEASURE_WITH_UNIT ( LENGTH_MEASURE( 0.02539999999999999900 ), #92 );
#173=EDGE_CURVE ( 'NONE', #4772, #400, #2471, .T. );
#174=CARTESIAN_POINT ( 'NONE',  ( -0.2409999999999997700, -1.707404996040164500E-017, 0.1499999999999999900 ) );
#175=LINE ( 'NONE', #1937, #225 );
#176=CARTESIAN_POINT ( 'NONE',  ( 0.1150000000000003100, 0.09750000000000005900, -0.1324999999999999800 ) );
#177=DIRECTION ( 'NONE',  ( 0.0000000000000000000, 2.276539994720223100E-015, 1.000000000000000000 ) );
#178=ORIENTED_EDGE ( 'NONE', *, *, #2335, .F. );
#179=ORIENTED_EDGE ( 'NONE', *, *, #3515, .T. );
#180=EDGE_CURVE ( 'NONE', #3711, #3865, #5149, .T. );
#181=EDGE_CURVE ( 'NONE', #2624, #3789, #4420, .T. );
#182=EDGE_CURVE ( 'NONE', #1699, #993, #5338, .T. );
#183=VERTEX_POINT ( 'NONE', #955 );
#184=LINE ( 'NONE', #2451, #6 );
#185=EDGE_LOOP ( 'NONE', ( #2227, #747, #4645, #453 ) );
#186=SURFACE_STYLE_FILL_AREA ( #491 );
#187=ADVANCED_FACE ( 'NONE', ( #1933 ), #4270, .F. );
#188=CARTESIAN_POINT ( 'NONE',  ( -0.3853921625844405900, 0.1499999999999999400, 0.02799999999999999700 ) );
#189=CARTESIAN_POINT ( 'NONE',  ( -0.01499999999999970300, 0.01199999999999995000, 0.1324999999999999800 ) );
#190=ORIENTED_EDGE ( 'NONE', *, *, #2666, .F. );
#191=EDGE_CURVE ( 'NONE', #5044, #1405, #1314, .T. );
#192=EDGE_CURVE ( 'NONE', #3215, #2071, #2070, .T. );
#193=ORIENTED_EDGE ( 'NONE', *, *, #5389, .T. );
#194=VERTEX_POINT ( 'NONE', #1060 );
#195=CIRCLE ( 'NONE', #3302, 0.01750000000000001900 );
#196=CYLINDRICAL_SURFACE ( 'NONE', #3011, 0.007499999999999988400 );
#197=ORIENTED_EDGE ( 'NONE', *, *, #4223, .F. );
#198=VERTEX_POINT ( 'NONE', #1839 );
#199=CARTESIAN_POINT ( 'NONE',  ( 0.1590000000000002200, -0.1550000000000000000, 0.1399999999999999900 ) );
#200=ADVANCED_FACE ( 'NONE', ( #1019 ), #3561, .T. );
#201=VERTEX_POINT ( 'NONE', #4402 );
#202=CARTESIAN_POINT ( 'NONE',  ( 0.2590000000000002300, 0.09750000000000005900, 0.1399999999999999900 ) );
#203=LINE ( 'NONE', #275, #60 );
#204=CARTESIAN_POINT ( 'NONE',  ( 0.3590000000000002600, 0.1050000000000000500, -0.1250000000000000000 ) );
#205=DIRECTION ( 'NONE',  ( -0.0000000000000000000, -0.0000000000000000000, 1.000000000000000000 ) );
#206=EDGE_CURVE ( 'NONE', #4374, #772, #1096, .T. );
#207=AXIS2_PLACEMENT_3D ( 'NONE', #1125, #25, #50 );
#208=ORIENTED_EDGE ( 'NONE', *, *, #2587, .T. );
#209=CARTESIAN_POINT ( 'NONE',  ( -0.3590000000000002600, 0.09750000000000005900, -0.1324999999999999800 ) );
#210=LINE ( 'NONE', #716, #56 );
#211=CARTESIAN_POINT ( 'NONE',  ( -0.2149999999999996900, 0.09750000000000005900, 0.1499999999999999900 ) );
#212=ORIENTED_EDGE ( 'NONE', *, *, #3697, .T. );
#213=FACE_OUTER_BOUND ( 'NONE', #3964, .T. );
#214=ORIENTED_EDGE ( 'NONE', *, *, #4507, .T. );
#215=DIRECTION ( 'NONE',  ( 6.129146139631366000E-016, -0.0000000000000000000, 1.000000000000000000 ) );
#216=LINE ( 'NONE', #3175, #498 );
#217=AXIS2_PLACEMENT_3D ( 'NONE', #89, #258, #20 );
#218=CARTESIAN_POINT ( 'NONE',  ( 0.2590000000000002300, 0.09750000000000005900, -0.1399999999999999900 ) );
#219=AXIS2_PLACEMENT_3D ( 'NONE', #2478, #235, #50 );
#220=ORIENTED_EDGE ( 'NONE', *, *, #2373, .T. );
#221=VERTEX_POINT ( 'NONE', #2760 );
#222=ORIENTED_EDGE ( 'NONE', *, *, #4387, .T. );
#223=ORIENTED_EDGE ( 'NONE', *, *, #2763, .T. );
#224=CARTESIAN_POINT ( 'NONE',  ( -0.3150000000000003400, 0.09750000000000005900, 0.1324999999999999800 ) );
#225=VECTOR ( 'NONE', #205, 39.37007874015748100 );
#226=CARTESIAN_POINT ( 'NONE',  ( 0.01500000000000031900, 0.1050000000000000500, 0.1250000000000000000 ) );
#227=EDGE_CURVE ( 'NONE', #4416, #3954, #4298, .T. );
#228=ORIENTED_EDGE ( 'NONE', *, *, #4703, .T. );
#229=ADVANCED_FACE ( 'NONE', ( #4 ), #511, .T. );
#230=LINE ( 'NONE', #64, #163 );
#231=EDGE_CURVE ( 'NONE', #967, #3788, #943, .T. );
#232=CARTESIAN_POINT ( 'NONE',  ( -0.3270000000000003500, -1.714505518806294100E-017, -0.1399999999999999900 ) );
#233=CARTESIAN_POINT ( 'NONE',  ( -0.3590000000000002600, 0.09750000000000005900, 0.1499999999999999900 ) );
#234=EDGE_LOOP ( 'NONE', ( #4338, #2688, #4628, #2438 ) );
#235=DIRECTION ( 'NONE',  ( 1.000000000000000000, 0.0000000000000000000, 0.0000000000000000000 ) );
#236=LINE ( 'NONE', #641, #498 );
#237=ORIENTED_EDGE ( 'NONE', *, *, #3362, .F. );
#238=LINE ( 'NONE', #4355, #146 );
#239=AXIS2_PLACEMENT_3D ( 'NONE', #330, #10, #20 );
#240=EDGE_CURVE ( 'NONE', #2845, #4802, #3881, .T. );
#241=DIRECTION ( 'NONE',  ( -0.1294283079955639300, 0.9831056027603600800, 0.1294283079955639600 ) );
#242=ORIENTED_EDGE ( 'NONE', *, *, #2373, .F. );
#243=CARTESIAN_POINT ( 'NONE',  ( 0.2150000000000003000, 0.1150000000000000600, 0.1250000000000000000 ) );
#244=FACE_OUTER_BOUND ( 'NONE', #3532, .T. );
#245=LINE ( 'NONE', #3113, #35 );
#246=ORIENTED_EDGE ( 'NONE', *, *, #5122, .T. );
#247=VERTEX_POINT ( 'NONE', #1015 );
#248=ADVANCED_FACE ( 'NONE', ( #5207 ), #1003, .F. );
#249=CYLINDRICAL_SURFACE ( 'NONE', #2075, 0.007499999999999988400 );
#250=VECTOR ( 'NONE', #260, 39.37007874015748100 );
#251=ORIENTED_EDGE ( 'NONE', *, *, #4889, .T. );
#252=CARTESIAN_POINT ( 'NONE',  ( -0.3899999999999994600, 0.1050000000000000500, -0.1249999999999995800 ) );
#253=CARTESIAN_POINT ( 'NONE',  ( 0.2590000000000002300, -0.1550000000000000000, 0.1399999999999999900 ) );
#254=CARTESIAN_POINT ( 'NONE',  ( 0.3410000000000002500, 0.09750000000000005900, 0.1399999999999999900 ) );
#255=AXIS2_PLACEMENT_3D ( 'NONE', #2865, #258, #20 );
#256=CARTESIAN_POINT ( 'NONE',  ( -0.1589999999999997800, -0.1550000000000000000, -0.1499999999999999700 ) );
#257=LINE ( 'NONE', #426, #408 );
#258=DIRECTION ( 'NONE',  ( 1.000000000000000000, 0.0000000000000000000, -0.0000000000000000000 ) );
#259=CARTESIAN_POINT ( 'NONE',  ( -0.2849999999999997000, 0.1050000000000000500, 0.1250000000000000000 ) );
#260=DIRECTION ( 'NONE',  ( -0.0000000000000000000, -0.0000000000000000000, -1.000000000000000000 ) );
#261=CARTESIAN_POINT ( 'NONE',  ( 0.1590000000000002200, 0.1050000000000000400, 0.1324999999999999800 ) );
#262=ORIENTED_EDGE ( 'NONE', *, *, #4201, .F. );
#263=EDGE_CURVE ( 'NONE', #3082, #4453, #3328, .T. );
#264=ORIENTED_EDGE ( 'NONE', *, *, #3976, .F. );
#265=VECTOR ( 'NONE', #2140, 39.37007874015748100 );
#266=CARTESIAN_POINT ( 'NONE',  ( -0.2409999999999997700, 0.09750000000000005900, 0.1324999999999999800 ) );
#267=EDGE_CURVE ( 'NONE', #301, #1700, #4792, .T. );
#268=LINE ( 'NONE', #218, #6 );
#269=ORIENTED_EDGE ( 'NONE', *, *, #710, .F. );
#270=VECTOR ( 'NONE', #138, 39.37007874015748100 );
#271=DIRECTION ( 'NONE',  ( -1.000000000000000000, -0.0000000000000000000, 6.129146139631365000E-016 ) );
#272=ORIENTED_EDGE ( 'NONE', *, *, #537, .F. );
#273=CARTESIAN_POINT ( 'NONE',  ( -0.04099999999999978000, 0.1050000000000000500, 0.1250000000000000000 ) );
#274=EDGE_CURVE ( 'NONE', #194, #1877, #1668, .T. );
#275=CARTESIAN_POINT ( 'NONE',  ( -0.3850000000000003400, -1.714505518806294100E-017, -0.1399999999999999900 ) );
#276=CARTESIAN_POINT ( 'NONE',  ( -0.01499999999999970300, 0.01199999999999995000, 0.1399999999999999900 ) );
#277=DIRECTION ( 'NONE',  ( 0.0000000000000000000, 0.1305261922200518800, 0.9914448613738103800 ) );
#278=VERTEX_POINT ( 'NONE', #3193 );
#279=CARTESIAN_POINT ( 'NONE',  ( -0.2409999999999997700, 0.1150000000000000700, -0.1324999999999999800 ) );
#280=ORIENTED_EDGE ( 'NONE', *, *, #3321, .F. );
#281=LINE ( 'NONE', #2816, #56 );
#282=FACE_OUTER_BOUND ( 'NONE', #952, .T. );
#283=ORIENTED_EDGE ( 'NONE', *, *, #1460, .T. );
#284=DIRECTION ( 'NONE',  ( 0.0000000000000000000, 1.000000000000000000, -2.276539994720223100E-015 ) );
#285=EDGE_LOOP ( 'NONE', ( #2931, #655, #4023, #5416, #4408, #1079, #817, #4704, #637, #5019 ) );
#286=ORIENTED_EDGE ( 'NONE', *, *, #4337, .T. );
#287=ORIENTED_EDGE ( 'NONE', *, *, #724, .F. );
#288=CARTESIAN_POINT ( 'NONE',  ( -0.1849999999999997500, 0.01200000000000005200, 0.1499999999999999900 ) );
#289=ORIENTED_EDGE ( 'NONE', *, *, #5090, .T. );
#290=LINE ( 'NONE', #4583, #149 );
#291=ORIENTED_EDGE ( 'NONE', *, *, #3208, .T. );
#292=CARTESIAN_POINT ( 'NONE',  ( -0.3150000000000003400, 0.1150000000000000700, -0.1324999999999999800 ) );
#293=VERTEX_POINT ( 'NONE', #3952 );
#294=AXIS2_PLACEMENT_3D ( 'NONE', #855, #258, #20 );
#295=CARTESIAN_POINT ( 'NONE',  ( 0.2150000000000003000, 0.09750000000000005900, -0.1324999999999999800 ) );
#296=DIRECTION ( 'NONE',  ( 0.0000000000000000000, 7.100522766129548600E-018, -1.000000000000000000 ) );
#297=ORIENTED_EDGE ( 'NONE', *, *, #4250, .F. );
#298=CARTESIAN_POINT ( 'NONE',  ( 0.1270000000000003300, -1.714505518806294100E-017, 0.1399999999999999900 ) );
#299=ORIENTED_EDGE ( 'NONE', *, *, #3544, .F. );
#300=CARTESIAN_POINT ( 'NONE',  ( -0.2589999999999997300, -0.1550000000000000000, 0.1399999999999999900 ) );
#301=VERTEX_POINT ( 'NONE', #67 );
#302=MANIFOLD_SOLID_BREP ( 'LPattern1[11]', #4495 );
#303=VERTEX_POINT ( 'NONE', #3968 );
#304=LINE ( 'NONE', #61, #56 );
#305=CARTESIAN_POINT ( 'NONE',  ( 0.1410000000000002600, -1.707404996040164500E-017, -0.1399999999999999900 ) );
#306=VECTOR ( 'NONE', #1055, 39.37007874015748100 );
#307=VERTEX_POINT ( 'NONE', #975 );
#308=CARTESIAN_POINT ( 'NONE',  ( -0.2409999999999997700, 0.1050000000000000500, -0.1250000000000000000 ) );
#309=ORIENTED_EDGE ( 'NONE', *, *, #3900, .F. );
#310=LINE ( 'NONE', #503, #56 );
#311=EDGE_LOOP ( 'NONE', ( #3556, #4623, #4063, #558 ) );
#312=CARTESIAN_POINT ( 'NONE',  ( -0.01499999999999970300, 0.01199999999999995000, -0.1324999999999999800 ) );
#313=EDGE_CURVE ( 'NONE', #1226, #1999, #2853, .T. );
#314=FACE_OUTER_BOUND ( 'NONE', #2576, .T. );
#315=EDGE_CURVE ( 'NONE', #4516, #1118, #5272, .T. );
#316=EDGE_LOOP ( 'NONE', ( #1095, #3351, #1884, #1261, #2962, #4157, #3187 ) );
#317=CARTESIAN_POINT ( 'NONE',  ( -0.1849999999999997500, 0.09750000000000005900, -0.1324999999999999800 ) );
#318=CARTESIAN_POINT ( 'NONE',  ( 0.3788095377050712000, 0.1999999999999999600, -0.1138095377050713900 ) );
#319=VERTEX_POINT ( 'NONE', #5216 );
#320=CARTESIAN_POINT ( 'NONE',  ( 0.1850000000000003000, 0.09750000000000005900, -0.1399999999999999900 ) );
#321=ORIENTED_EDGE ( 'NONE', *, *, #4009, .F. );
#322=EDGE_CURVE ( 'NONE', #4598, #3013, #2908, .T. );
#323=DIRECTION ( 'NONE',  ( -0.0000000000000000000, 0.0000000000000000000, 1.000000000000000000 ) );
#324=EDGE_CURVE ( 'NONE', #4802, #1970, #4175, .T. );
#325=VERTEX_POINT ( 'NONE', #2017 );
#326=ORIENTED_EDGE ( 'NONE', *, *, #3965, .F. );
#327=( NAMED_UNIT ( * ) PLANE_ANGLE_UNIT ( ) SI_UNIT ( $, .RADIAN. ) );
#328=CARTESIAN_POINT ( 'NONE',  ( 0.2270000000000003400, -1.714505518806294100E-017, -0.1399999999999999900 ) );
#329=CARTESIAN_POINT ( 'NONE',  ( 0.04100000000000025800, -0.1550000000000000000, 0.1399999999999999900 ) );
#330=CARTESIAN_POINT ( 'NONE',  ( -0.3590000000000002600, -0.1550000000000000000, 0.1399999999999999900 ) );
#331=LINE ( 'NONE', #481, #56 );
#332=ORIENTED_EDGE ( 'NONE', *, *, #4617, .T. );
#333=CARTESIAN_POINT ( 'NONE',  ( 0.3150000000000003400, 0.09750000000000005900, -0.1399999999999999900 ) );
#334=CARTESIAN_POINT ( 'NONE',  ( -0.1269999999999997500, -1.707404996040164500E-017, 0.1499999999999999900 ) );
#335=AXIS2_PLACEMENT_3D ( 'NONE', #28, #258, #20 );
#336=FACE_OUTER_BOUND ( 'NONE', #4839, .T. );
#337=ORIENTED_EDGE ( 'NONE', *, *, #5027, .T. );
#338=ADVANCED_FACE ( 'NONE', ( #1733 ), #3664, .F. );
#339=ORIENTED_EDGE ( 'NONE', *, *, #4323, .F. );
#340=PLANE ( 'NONE',  #1266 );
#341=ORIENTED_EDGE ( 'NONE', *, *, #617, .F. );
#342=LINE ( 'NONE', #547, #3248 );
#343=DIRECTION ( 'NONE',  ( 0.0000000000000000000, -0.0000000000000000000, -1.000000000000000000 ) );
#344=CARTESIAN_POINT ( 'NONE',  ( 0.3270000000000003500, -1.714505518806294100E-017, 0.1399999999999999900 ) );
#345=DIRECTION ( 'NONE',  ( 0.0000000000000000000, -1.000000000000000000, 1.352399996863496500E-016 ) );
#346=DIMENSIONAL_EXPONENTS ( 1.000000000000000000, 0.0000000000000000000, 0.0000000000000000000, 0.0000000000000000000, 0.0000000000000000000, 0.0000000000000000000, 0.0000000000000000000 );
#347=CARTESIAN_POINT ( 'NONE',  ( -0.1589999999999997800, -0.1550000000000000000, 0.1399999999999999900 ) );
#348=ORIENTED_EDGE ( 'NONE', *, *, #91, .F. );
#349=LINE ( 'NONE', #1128, #6 );
#350=CARTESIAN_POINT ( 'NONE',  ( -0.01499999999999970300, 0.1050000000000000400, 0.1324999999999999800 ) );
#351=EDGE_CURVE ( 'NONE', #3190, #3909, #1445, .T. );
#352=ORIENTED_EDGE ( 'NONE', *, *, #4133, .F. );
#353=CARTESIAN_POINT ( 'NONE',  ( 0.2150000000000003000, 0.1050000000000000400, 0.1324999999999999800 ) );
#354=FACE_OUTER_BOUND ( 'NONE', #4861, .T. );
#355=ORIENTED_EDGE ( 'NONE', *, *, #1576, .T. );
#356=ORIENTED_EDGE ( 'NONE', *, *, #5354, .T. );
#357=ORIENTED_EDGE ( 'NONE', *, *, #2971, .F. );
#358=LINE ( 'NONE', #226, #6 );
#359=PLANE ( 'NONE',  #987 );
#360=( GEOMETRIC_REPRESENTATION_CONTEXT ( 3 ) GLOBAL_UNCERTAINTY_ASSIGNED_CONTEXT ( ( #132 ) ) GLOBAL_UNIT_ASSIGNED_CONTEXT ( ( #559, #327, #131 ) ) REPRESENTATION_CONTEXT ( 'NONE', 'WORKASPACE' ) );
#361=DIRECTION ( 'NONE',  ( 1.000000000000000000, -0.0000000000000000000, -0.0000000000000000000 ) );
#362=EDGE_CURVE ( 'NONE', #3237, #3417, #5494, .T. );
#363=CARTESIAN_POINT ( 'NONE',  ( -0.2149999999999996900, 0.09750000000000005900, -0.1499999999999999900 ) );
#364=AXIS2_PLACEMENT_3D ( 'NONE', #317, #258, #20 );
#365=EDGE_CURVE ( 'NONE', #4783, #1322, #4351, .T. );
#366=ORIENTED_EDGE ( 'NONE', *, *, #5285, .T. );
#367=ORIENTED_EDGE ( 'NONE', *, *, #4911, .T. );
#368=VECTOR ( 'NONE', #82, 39.37007874015748100 );
#369=LINE ( 'NONE', #2175, #4993 );
#370=DIRECTION ( 'NONE',  ( 0.0000000000000000000, -1.000000000000000000, 1.751184611323244400E-016 ) );
#371=VECTOR ( 'NONE', #151, 39.37007874015748900 );
#372=ORIENTED_EDGE ( 'NONE', *, *, #3083, .T. );
#373=CARTESIAN_POINT ( 'NONE',  ( -0.08499999999999971500, 0.1050000000000000500, -0.1250000000000000000 ) );
#374=ADVANCED_FACE ( 'NONE', ( #932 ), #4028, .F. );
#375=CARTESIAN_POINT ( 'NONE',  ( -0.1849999999999997500, 0.09750000000000005900, 0.1499999999999999900 ) );
#376=ORIENTED_EDGE ( 'NONE', *, *, #958, .F. );
#377=VERTEX_POINT ( 'NONE', #4043 );
#378=LINE ( 'NONE', #2947, #6 );
#379=AXIS2_PLACEMENT_3D ( 'NONE', #224, #361, #50 );
#380=FACE_OUTER_BOUND ( 'NONE', #697, .T. );
#381=CARTESIAN_POINT ( 'NONE',  ( -0.1149999999999997300, -1.714505518806294100E-017, -0.1399999999999999900 ) );
#382=ADVANCED_FACE ( 'NONE', ( #1366 ), #4411, .F. );
#383=ORIENTED_EDGE ( 'NONE', *, *, #263, .F. );
#384=ORIENTED_EDGE ( 'NONE', *, *, #4054, .T. );
#385=AXIS2_PLACEMENT_3D ( 'NONE', #716, #461, #166 );
#386=LINE ( 'NONE', #2219, #24 );
#387=LINE ( 'NONE', #1606, #225 );
#388=CARTESIAN_POINT ( 'NONE',  ( -0.2729999999999996300, -1.714505518806294100E-017, -0.1399999999999999900 ) );
#389=ORIENTED_EDGE ( 'NONE', *, *, #5025, .T. );
#390=CARTESIAN_POINT ( 'NONE',  ( -0.01499999999999970300, 0.1050000000000000500, -0.1250000000000000000 ) );
#391=MANIFOLD_SOLID_BREP ( 'LPattern1[12]', #4522 );
#392=ORIENTED_EDGE ( 'NONE', *, *, #5127, .F. );
#393=EDGE_CURVE ( 'NONE', #1023, #106, #2474, .T. );
#394=CARTESIAN_POINT ( 'NONE',  ( 0.3899999999999999600, 0.01999999999999994100, 0.1138095377050712400 ) );
#395=AXIS2_PLACEMENT_3D ( 'NONE', #1102, #1084, #137 );
#396=EDGE_LOOP ( 'NONE', ( #3716, #4742, #1697, #2146 ) );
#397=CARTESIAN_POINT ( 'NONE',  ( -0.04099999999999978000, -1.707404996040164500E-017, 0.1324999999999999800 ) );
#398=CARTESIAN_POINT ( 'NONE',  ( 0.2590000000000002300, 0.09750000000000005900, 0.1499999999999999900 ) );
#399=ORIENTED_EDGE ( 'NONE', *, *, #4744, .T. );
#400=VERTEX_POINT ( 'NONE', #2388 );
#401=ADVANCED_FACE ( 'NONE', ( #3820 ), #1566, .F. );
#402=ORIENTED_EDGE ( 'NONE', *, *, #2468, .F. );
#403=CARTESIAN_POINT ( 'NONE',  ( 0.2150000000000003000, 0.1050000000000000500, -0.1250000000000000000 ) );
#404=LINE ( 'NONE', #1071, #2781 );
#405=EDGE_CURVE ( 'NONE', #2344, #3528, #3390, .T. );
#406=EDGE_CURVE ( 'NONE', #1875, #3617, #5203, .T. );
#407=VERTEX_POINT ( 'NONE', #1163 );
#408=VECTOR ( 'NONE', #487, 39.37007874015748100 );
#409=EDGE_CURVE ( 'NONE', #4808, #1451, #1736, .T. );
#410=LINE ( 'NONE', #2925, #519 );
#411=ORIENTED_EDGE ( 'NONE', *, *, #3014, .T. );
#412=FACE_OUTER_BOUND ( 'NONE', #5298, .T. );
#413=CARTESIAN_POINT ( 'NONE',  ( -0.2149999999999996900, 0.01199999999999995000, 0.1399999999999999900 ) );
#414=CARTESIAN_POINT ( 'NONE',  ( 0.1270000000000003300, -1.707404996040164500E-017, 0.1499999999999999900 ) );
#415=FACE_OUTER_BOUND ( 'NONE', #605, .T. );
#416=VERTEX_POINT ( 'NONE', #3313 );
#417=EDGE_CURVE ( 'NONE', #2387, #198, #1509, .T. );
#418=AXIS2_PLACEMENT_3D ( 'NONE', #1475, #50, #235 );
#419=DIRECTION ( 'NONE',  ( 0.0000000000000000000, 1.352399996863496200E-016, 1.000000000000000000 ) );
#420=PLANE ( 'NONE',  #2359 );
#421=PLANE ( 'NONE',  #3439 );
#422=LINE ( 'NONE', #1390, #6 );
#423=CARTESIAN_POINT ( 'NONE',  ( 0.3850000000000003400, -1.707404996040164500E-017, 0.1499999999999999900 ) );
#424=FACE_OUTER_BOUND ( 'NONE', #2101, .T. );
#425=EDGE_CURVE ( 'NONE', #1467, #5290, #5020, .T. );
#426=CARTESIAN_POINT ( 'NONE',  ( 0.02700000000000035400, -1.714505518806294100E-017, -0.1399999999999999900 ) );
#427=MECHANICAL_DESIGN_GEOMETRIC_PRESENTATION_REPRESENTATION (  '', ( #1819 ), #1554 );
#428=VECTOR ( 'NONE', #810, 39.37007874015748900 );
#429=ORIENTED_EDGE ( 'NONE', *, *, #4753, .F. );
#430=CYLINDRICAL_SURFACE ( 'NONE', #455, 0.01750000000000001900 );
#431=LINE ( 'NONE', #2986, #306 );
#432=LINE ( 'NONE', #723, #2604 );
#433=CARTESIAN_POINT ( 'NONE',  ( -0.3590000000000002600, 0.09750000000000005900, 0.1324999999999999800 ) );
#434=CARTESIAN_POINT ( 'NONE',  ( -0.08499999999999971500, 0.09750000000000005900, 0.1324999999999999800 ) );
#435=FACE_OUTER_BOUND ( 'NONE', #2489, .T. );
#436=ORIENTED_EDGE ( 'NONE', *, *, #3434, .T. );
#437=EDGE_CURVE ( 'NONE', #1129, #3297, #1587, .T. );
#438=CARTESIAN_POINT ( 'NONE',  ( 0.1590000000000002200, 0.1150000000000000600, 0.1250000000000000000 ) );
#439=VECTOR ( 'NONE', #2904, 39.37007874015748100 );
#440=CYLINDRICAL_SURFACE ( 'NONE', #3015, 0.01750000000000001900 );
#441=DIRECTION ( 'NONE',  ( 0.0000000000000000000, 1.352399996863496200E-016, -1.000000000000000000 ) );
#442=ORIENTED_EDGE ( 'NONE', *, *, #3694, .F. );
#443=CARTESIAN_POINT ( 'NONE',  ( 0.2410000000000002400, -0.1550000000000000000, 0.1399999999999999900 ) );
#444=EDGE_CURVE ( 'NONE', #2244, #4887, #3941, .T. );
#445=EDGE_LOOP ( 'NONE', ( #1239, #4064, #1292, #357 ) );
#446=AXIS2_PLACEMENT_3D ( 'NONE', #1215, #258, #20 );
#447=ORIENTED_EDGE ( 'NONE', *, *, #1472, .T. );
#448=EDGE_CURVE ( 'NONE', #5409, #4343, #1983, .T. );
#449=FACE_OUTER_BOUND ( 'NONE', #2232, .T. );
#450=LINE ( 'NONE', #1994, #2604 );
#451=PLANE ( 'NONE',  #2742 );
#452=ORIENTED_EDGE ( 'NONE', *, *, #592, .T. );
#453=ORIENTED_EDGE ( 'NONE', *, *, #1793, .T. );
#454=PLANE ( 'NONE',  #2351 );
#455=AXIS2_PLACEMENT_3D ( 'NONE', #2899, #110, #50 );
#456=VERTEX_POINT ( 'NONE', #2950 );
#457=EDGE_CURVE ( 'NONE', #293, #3599, #2775, .T. );
#458=CARTESIAN_POINT ( 'NONE',  ( 0.1590000000000002200, 0.09750000000000005900, -0.1324999999999999800 ) );
#459=LINE ( 'NONE', #944, #31 );
#460=EDGE_CURVE ( 'NONE', #5037, #3734, #5319, .T. );
#461=DIRECTION ( 'NONE',  ( 0.0000000000000000000, 1.000000000000000000, -7.100522766129548600E-018 ) );
#462=LINE ( 'NONE', #1086, #270 );
#463=PLANE ( 'NONE',  #3478 );
#464=ORIENTED_EDGE ( 'NONE', *, *, #3425, .F. );
#465=ORIENTED_EDGE ( 'NONE', *, *, #5287, .F. );
#466=ORIENTED_EDGE ( 'NONE', *, *, #1300, .F. );
#467=ORIENTED_EDGE ( 'NONE', *, *, #2510, .F. );
#468=LINE ( 'NONE', #4827, #35 );
#469=ADVANCED_FACE ( 'NONE', ( #3227 ), #1238, .F. );
#470=LINE ( 'NONE', #1571, #35 );
#471=ORIENTED_EDGE ( 'NONE', *, *, #1235, .T. );
#472=ORIENTED_EDGE ( 'NONE', *, *, #4642, .T. );
#473=EDGE_LOOP ( 'NONE', ( #2436, #4426, #1344, #3906, #984, #3693, #5367 ) );
#474=AXIS2_PLACEMENT_3D ( 'NONE', #1781, #419, #1 );
#475=VERTEX_POINT ( 'NONE', #256 );
#476=LINE ( 'NONE', #259, #6 );
#477=LINE ( 'NONE', #1380, #56 );
#478=ORIENTED_EDGE ( 'NONE', *, *, #1146, .F. );
#479=EDGE_CURVE ( 'NONE', #5147, #864, #2118, .T. );
#480=( GEOMETRIC_REPRESENTATION_CONTEXT ( 3 ) GLOBAL_UNCERTAINTY_ASSIGNED_CONTEXT ( ( #132 ) ) GLOBAL_UNIT_ASSIGNED_CONTEXT ( ( #559, #327, #131 ) ) REPRESENTATION_CONTEXT ( 'NONE', 'WORKASPACE' ) );
#481=CARTESIAN_POINT ( 'NONE',  ( 0.3590000000000002600, 0.1050000000000000500, 0.1250000000000000000 ) );
#482=CARTESIAN_POINT ( 'NONE',  ( -0.04099999999999978000, -0.1550000000000000000, 0.1399999999999999900 ) );
#483=VERTEX_POINT ( 'NONE', #4525 );
#484=FACE_OUTER_BOUND ( 'NONE', #1188, .T. );
#485=ORIENTED_EDGE ( 'NONE', *, *, #4982, .F. );
#486=LINE ( 'NONE', #3420, #494 );
#487=DIRECTION ( 'NONE',  ( 0.0000000000000000000, -7.100522766129548600E-018, 1.000000000000000000 ) );
#488=ORIENTED_EDGE ( 'NONE', *, *, #1492, .T. );
#489=CIRCLE ( 'NONE', #4491, 0.007499999999999988400 );
#490=LINE ( 'NONE', #2147, #35 );
#491=FILL_AREA_STYLE ('',( #139 ) );
#492=DIRECTION ( 'NONE',  ( 0.0000000000000000000, -7.100522766129548600E-018, -1.000000000000000000 ) );
#493=EDGE_LOOP ( 'NONE', ( #299, #4369, #3219, #2470, #2592, #4404, #3682, #2948, #214, #1249 ) );
#494=VECTOR ( 'NONE', #345, 39.37007874015748100 );
#495=ORIENTED_EDGE ( 'NONE', *, *, #3974, .T. );
#496=FACE_OUTER_BOUND ( 'NONE', #1156, .T. );
#497=EDGE_LOOP ( 'NONE', ( #4079, #5325, #4161, #4013 ) );
#498=VECTOR ( 'NONE', #177, 39.37007874015748100 );
#499=CARTESIAN_POINT ( 'NONE',  ( 0.1850000000000003000, 0.09750000000000005900, -0.1324999999999999800 ) );
#500=DIRECTION ( 'NONE',  ( -0.0000000000000000000, -1.000000000000000000, -0.0000000000000000000 ) );
#501=LINE ( 'NONE', #3793, #225 );
#502=CARTESIAN_POINT ( 'NONE',  ( -0.2409999999999997700, -0.1550000000000000000, -0.1399999999999999900 ) );
#503=CARTESIAN_POINT ( 'NONE',  ( -0.1149999999999997300, -1.714505518806294100E-017, 0.1399999999999999900 ) );
#504=AXIS2_PLACEMENT_3D ( 'NONE', #717, #258, #20 );
#505=LINE ( 'NONE', #2842, #368 );
#506=CARTESIAN_POINT ( 'NONE',  ( 0.08500000000000032500, 0.09750000000000005900, 0.1499999999999999900 ) );
#507=AXIS2_PLACEMENT_3D ( 'NONE', #1619, #1089, #20 );
#508=ORIENTED_EDGE ( 'NONE', *, *, #1348, .F. );
#509=VERTEX_POINT ( 'NONE', #298 );
#510=CARTESIAN_POINT ( 'NONE',  ( -0.2849999999999997000, 0.09750000000000005900, 0.1324999999999999800 ) );
#511=PLANE ( 'NONE',  #2420 );
#512=LINE ( 'NONE', #588, #56 );
#513=ADVANCED_FACE ( 'NONE', ( #2831 ), #5308, .T. );
#514=AXIS2_PLACEMENT_3D ( 'NONE', #548, #1089, #343 );
#515=EDGE_CURVE ( 'NONE', #1625, #1738, #5186, .T. );
#516=AXIS2_PLACEMENT_3D ( 'NONE', #2403, #25, #50 );
#517=LINE ( 'NONE', #3791, #428 );
#518=ORIENTED_EDGE ( 'NONE', *, *, #5398, .T. );
#519=VECTOR ( 'NONE', #361, 39.37007874015748100 );
#520=LINE ( 'NONE', #126, #5041 );
#521=ORIENTED_EDGE ( 'NONE', *, *, #4215, .T. );
#522=ORIENTED_EDGE ( 'NONE', *, *, #3434, .F. );
#523=EDGE_CURVE ( 'NONE', #826, #947, #919, .T. );
#524=ORIENTED_EDGE ( 'NONE', *, *, #4910, .T. );
#525=FACE_OUTER_BOUND ( 'NONE', #3740, .T. );
#526=VERTEX_POINT ( 'NONE', #4542 );
#527=ORIENTED_EDGE ( 'NONE', *, *, #1674, .T. );
#528=ADVANCED_FACE ( 'NONE', ( #1713 ), #3391, .F. );
#529=LINE ( 'NONE', #1991, #371 );
#530=EDGE_LOOP ( 'NONE', ( #4909, #3927, #3979, #2698, #1684, #2200, #909, #4835 ) );
#531=EDGE_CURVE ( 'NONE', #3477, #136, #4829, .T. );
#532=EDGE_CURVE ( 'NONE', #4799, #4581, #2512, .T. );
#533=EDGE_LOOP ( 'NONE', ( #3008, #2454, #1275, #5166 ) );
#534=EDGE_CURVE ( 'NONE', #5482, #4194, #1425, .T. );
#535=FACE_OUTER_BOUND ( 'NONE', #2719, .T. );
#536=VERTEX_POINT ( 'NONE', #2911 );
#537=EDGE_CURVE ( 'NONE', #1760, #2366, #5475, .T. );
#538=EDGE_LOOP ( 'NONE', ( #4548, #3988, #5192, #2456, #2988, #4824, #3688, #701, #5006, #5365 ) );
#539=STYLED_ITEM ( 'NONE', ( #746 ), #3681 );
#540=ADVANCED_FACE ( 'NONE', ( #4229 ), #1756, .F. );
#541=EDGE_CURVE ( 'NONE', #2292, #4598, #2560, .T. );
#542=ORIENTED_EDGE ( 'NONE', *, *, #2020, .F. );
#543=ORIENTED_EDGE ( 'NONE', *, *, #2204, .T. );
#544=ORIENTED_EDGE ( 'NONE', *, *, #1911, .T. );
#545=CARTESIAN_POINT ( 'NONE',  ( -0.1149999999999997300, 0.1050000000000000500, 0.1250000000000000000 ) );
#546=ORIENTED_EDGE ( 'NONE', *, *, #274, .F. );
#547=CARTESIAN_POINT ( 'NONE',  ( -0.3899999999999994000, 0.1050000000000000500, 0.1249999999999999300 ) );
#548=CARTESIAN_POINT ( 'NONE',  ( 0.0000000000000000000, 0.01999999999999994100, 0.0000000000000000000 ) );
#549=AXIS2_PLACEMENT_3D ( 'NONE', #718, #50, #832 );
#550=ADVANCED_FACE ( 'NONE', ( #4142 ), #1782, .F. );
#551=EDGE_LOOP ( 'NONE', ( #636, #11, #5292, #5427 ) );
#552=ORIENTED_EDGE ( 'NONE', *, *, #3285, .F. );
#553=LINE ( 'NONE', #1128, #35 );
#554=ORIENTED_EDGE ( 'NONE', *, *, #1655, .F. );
#555=CARTESIAN_POINT ( 'NONE',  ( 0.2850000000000003100, -1.714505518806294100E-017, -0.1399999999999999900 ) );
#556=AXIS2_PLACEMENT_3D ( 'NONE', #344, #875, #492 );
#557=VERTEX_POINT ( 'NONE', #2612 );
#558=ORIENTED_EDGE ( 'NONE', *, *, #1459, .T. );
#559=( CONVERSION_BASED_UNIT ( 'INCH', #172 ) LENGTH_UNIT ( ) NAMED_UNIT ( #346 ) );
#560=EDGE_LOOP ( 'NONE', ( #3512, #1905, #738, #806 ) );
#561=CARTESIAN_POINT ( 'NONE',  ( 0.07300000000000028700, -1.707404996040164500E-017, -0.1499999999999999900 ) );
#562=CYLINDRICAL_SURFACE ( 'NONE', #2680, 0.01750000000000001900 );
#563=CARTESIAN_POINT ( 'NONE',  ( -0.3590000000000002600, 0.1150000000000000600, -0.1250000000000000000 ) );
#564=EDGE_LOOP ( 'NONE', ( #3800, #4728, #1822, #2501 ) );
#565=LINE ( 'NONE', #4865, #163 );
#566=LINE ( 'NONE', #1024, #6 );
#567=EDGE_CURVE ( 'NONE', #2643, #4464, #1131, .T. );
#568=EDGE_CURVE ( 'NONE', #4825, #4570, #1765, .T. );
#569=CARTESIAN_POINT ( 'NONE',  ( 0.3410000000000002500, 0.09750000000000005900, -0.1399999999999999900 ) );
#570=ADVANCED_FACE ( 'NONE', ( #2294 ), #816, .F. );
#571=SHAPE_DEFINITION_REPRESENTATION ( #2115, #3891 );
#572=EDGE_CURVE ( 'NONE', #4643, #221, #1623, .T. );
#573=DIRECTION ( 'NONE',  ( -0.7071067811865464600, -0.7071067811865484600, -9.562912086588451800E-017 ) );
#574=EDGE_CURVE ( 'NONE', #3535, #2223, #4876, .T. );
#575=AXIS2_PLACEMENT_3D ( 'NONE', #853, #50, #235 );
#576=CARTESIAN_POINT ( 'NONE',  ( -0.2149999999999996900, -1.714505518806294100E-017, -0.1399999999999999900 ) );
#577=CARTESIAN_POINT ( 'NONE',  ( -0.1729999999999997100, -1.714505518806294100E-017, 0.1399999999999999900 ) );
#578=CARTESIAN_POINT ( 'NONE',  ( 0.01500000000000031900, 0.09750000000000005900, -0.1499999999999999900 ) );
#579=FACE_OUTER_BOUND ( 'NONE', #59, .T. );
#580=LINE ( 'NONE', #1342, #6 );
#581=CARTESIAN_POINT ( 'NONE',  ( -0.1149999999999997300, 0.01199999999999995000, -0.1324999999999999800 ) );
#582=ORIENTED_EDGE ( 'NONE', *, *, #2011, .T. );
#583=CARTESIAN_POINT ( 'NONE',  ( -0.2849999999999997000, 0.01200000000000005200, 0.1399999999999999900 ) );
#584=AXIS2_PLACEMENT_3D ( 'NONE', #581, #2, #296 );
#585=ORIENTED_EDGE ( 'NONE', *, *, #568, .F. );
#586=PLANE ( 'NONE',  #219 );
#587=FACE_OUTER_BOUND ( 'NONE', #4424, .T. );
#588=CARTESIAN_POINT ( 'NONE',  ( -0.2409999999999997700, 0.1050000000000000500, 0.1250000000000000000 ) );
#589=FACE_OUTER_BOUND ( 'NONE', #2421, .T. );
#590=ADVANCED_FACE ( 'NONE', ( #3973 ), #4653, .F. );
#591=ADVANCED_FACE ( 'NONE', ( #5121 ), #3479, .F. );
#592=EDGE_CURVE ( 'NONE', #957, #2773, #5246, .T. );
#593=STYLED_ITEM ( 'NONE', ( #746 ), #2074 );
#594=ORIENTED_EDGE ( 'NONE', *, *, #2894, .F. );
#595=ORIENTED_EDGE ( 'NONE', *, *, #3974, .F. );
#596=PRODUCT_DEFINITION_CONTEXT ( 'detailed design', #3863, 'design' );
#597=ORIENTED_EDGE ( 'NONE', *, *, #567, .F. );
#598=ORIENTED_EDGE ( 'NONE', *, *, #34, .T. );
#599=ORIENTED_EDGE ( 'NONE', *, *, #3218, .F. );
#600=LINE ( 'NONE', #2534, #56 );
#601=ORIENTED_EDGE ( 'NONE', *, *, #3177, .F. );
#602=CARTESIAN_POINT ( 'NONE',  ( 0.2410000000000002400, -0.1550000000000000000, -0.1499999999999999700 ) );
#603=EDGE_LOOP ( 'NONE', ( #2687, #2503, #5265, #1940 ) );
#604=LINE ( 'NONE', #1617, #498 );
#605=EDGE_LOOP ( 'NONE', ( #3604, #5339, #3386, #3981 ) );
#606=EDGE_LOOP ( 'NONE', ( #3666, #1336, #1718, #2154 ) );
#607=FACE_OUTER_BOUND ( 'NONE', #1958, .T. );
#608=CARTESIAN_POINT ( 'NONE',  ( -0.2849999999999997000, 0.1150000000000000600, -0.1250000000000000000 ) );
#609=ORIENTED_EDGE ( 'NONE', *, *, #2391, .F. );
#610=ORIENTED_EDGE ( 'NONE', *, *, #3696, .T. );
#611=CARTESIAN_POINT ( 'NONE',  ( -0.3590000000000002600, -0.1550000000000000000, -0.1399999999999999900 ) );
#612=DIRECTION ( 'NONE',  ( -0.0000000000000000000, 7.100522766129548600E-018, 1.000000000000000000 ) );
#613=EDGE_LOOP ( 'NONE', ( #4051, #740, #366, #2979 ) );
#614=ORIENTED_EDGE ( 'NONE', *, *, #3194, .F. );
#615=ORIENTED_EDGE ( 'NONE', *, *, #850, .T. );
#616=ADVANCED_FACE ( 'NONE', ( #535 ), #871, .F. );
#617=EDGE_CURVE ( 'NONE', #3730, #3252, #2888, .T. );
#618=VERTEX_POINT ( 'NONE', #320 );
#619=ORIENTED_EDGE ( 'NONE', *, *, #460, .T. );
#620=PLANE ( 'NONE',  #1374 );
#621=ORIENTED_EDGE ( 'NONE', *, *, #1198, .F. );
#622=ADVANCED_FACE ( 'NONE', ( #3017 ), #3817, .F. );
#623=ORIENTED_EDGE ( 'NONE', *, *, #3501, .F. );
#624=AXIS2_PLACEMENT_3D ( 'NONE', #2478, #25, #20 );
#625=FACE_OUTER_BOUND ( 'NONE', #3010, .T. );
#626=ORIENTED_EDGE ( 'NONE', *, *, #4617, .F. );
#627=MECHANICAL_DESIGN_GEOMETRIC_PRESENTATION_REPRESENTATION (  '', ( #3705 ), #2452 );
#628=FACE_OUTER_BOUND ( 'NONE', #3359, .T. );
#629=FACE_OUTER_BOUND ( 'NONE', #2735, .T. );
#630=ORIENTED_EDGE ( 'NONE', *, *, #574, .T. );
#631=ADVANCED_FACE ( 'NONE', ( #3847 ), #3419, .F. );
#632=ADVANCED_FACE ( 'NONE', ( #4881 ), #3502, .F. );
#633=CARTESIAN_POINT ( 'NONE',  ( -0.1849999999999997500, 0.01200000000000005200, -0.1499999999999999900 ) );
#634=CARTESIAN_POINT ( 'NONE',  ( -0.2149999999999996900, -1.707404996040164500E-017, 0.1499999999999999900 ) );
#635=ORIENTED_EDGE ( 'NONE', *, *, #1836, .F. );
#636=ORIENTED_EDGE ( 'NONE', *, *, #4777, .T. );
#637=ORIENTED_EDGE ( 'NONE', *, *, #2638, .F. );
#638=AXIS2_PLACEMENT_3D ( 'NONE', #5083, #258, #20 );
#639=ORIENTED_EDGE ( 'NONE', *, *, #3997, .F. );
#640=ORIENTED_EDGE ( 'NONE', *, *, #4922, .T. );
#641=CARTESIAN_POINT ( 'NONE',  ( 0.1850000000000003000, 0.1150000000000000600, 0.1250000000000000000 ) );
#642=ORIENTED_EDGE ( 'NONE', *, *, #2271, .T. );
#643=EDGE_LOOP ( 'NONE', ( #3023, #337, #4879, #1500 ) );
#644=PRODUCT_RELATED_PRODUCT_CATEGORY ( 'part', '', ( #2324 ) );
#645=PLANE ( 'NONE',  #5335 );
#646=ADVANCED_FACE ( 'NONE', ( #380 ), #5046, .F. );
#647=CARTESIAN_POINT ( 'NONE',  ( 0.2850000000000003100, 0.01199999999999995000, -0.1399999999999999900 ) );
#648=FACE_OUTER_BOUND ( 'NONE', #3437, .T. );
#649=DIRECTION ( 'NONE',  ( 0.0000000000000000000, -1.000000000000000000, -1.352399996863496500E-016 ) );
#650=CARTESIAN_POINT ( 'NONE',  ( -0.04099999999999978000, 0.09750000000000005900, -0.1499999999999999900 ) );
#651=EDGE_CURVE ( 'NONE', #3601, #3327, #4662, .T. );
#652=EDGE_CURVE ( 'NONE', #2043, #3623, #1856, .T. );
#653=CARTESIAN_POINT ( 'NONE',  ( 0.2850000000000003100, 0.1050000000000000400, 0.1324999999999999800 ) );
#654=CYLINDRICAL_SURFACE ( 'NONE', #3418, 0.007499999999999988400 );
#655=ORIENTED_EDGE ( 'NONE', *, *, #3372, .T. );
#656=ORIENTED_EDGE ( 'NONE', *, *, #5254, .T. );
#657=EDGE_CURVE ( 'NONE', #5176, #1321, #310, .T. );
#658=EDGE_CURVE ( 'NONE', #1388, #4480, #3930, .T. );
#659=MECHANICAL_DESIGN_GEOMETRIC_PRESENTATION_REPRESENTATION (  '', ( #4044 ), #1208 );
#660=LINE ( 'NONE', #3583, #56 );
#661=EDGE_LOOP ( 'NONE', ( #4436, #930, #2573, #2524 ) );
#662=ORIENTED_EDGE ( 'NONE', *, *, #1806, .T. );
#663=ORIENTED_EDGE ( 'NONE', *, *, #5391, .T. );
#664=CARTESIAN_POINT ( 'NONE',  ( -0.3410000000000002500, -0.1550000000000000000, 0.1399999999999999900 ) );
#665=LINE ( 'NONE', #1324, #149 );
#666=ORIENTED_EDGE ( 'NONE', *, *, #1575, .T. );
#667=VERTEX_POINT ( 'NONE', #5081 );
#668=LINE ( 'NONE', #202, #56 );
#669=CARTESIAN_POINT ( 'NONE',  ( -0.1409999999999998200, 0.1150000000000000600, 0.1250000000000000000 ) );
#670=LINE ( 'NONE', #2745, #1218 );
#671=EDGE_LOOP ( 'NONE', ( #4149, #1753, #829, #1980 ) );
#672=VERTEX_POINT ( 'NONE', #1372 );
#673=ORIENTED_EDGE ( 'NONE', *, *, #2782, .F. );
#674=ORIENTED_EDGE ( 'NONE', *, *, #2125, .F. );
#675=EDGE_LOOP ( 'NONE', ( #2796, #429, #5487, #1559 ) );
#676=EDGE_CURVE ( 'NONE', #2721, #4050, #5194, .T. );
#677=ORIENTED_EDGE ( 'NONE', *, *, #3184, .T. );
#678=ORIENTED_EDGE ( 'NONE', *, *, #4074, .T. );
#679=LINE ( 'NONE', #328, #408 );
#680=ORIENTED_EDGE ( 'NONE', *, *, #5153, .F. );
#681=CARTESIAN_POINT ( 'NONE',  ( 0.1850000000000003000, 0.09750000000000005900, -0.1499999999999999900 ) );
#682=CARTESIAN_POINT ( 'NONE',  ( -0.01499999999999970300, 0.01199999999999995000, -0.1399999999999999900 ) );
#683=EDGE_CURVE ( 'NONE', #3722, #1137, #236, .T. );
#684=ADVANCED_FACE ( 'NONE', ( #4647 ), #2722, .F. );
#685=ADVANCED_FACE ( 'NONE', ( #3907 ), #5445, .T. );
#686=EDGE_CURVE ( 'NONE', #4580, #3994, #1006, .T. );
#687=CARTESIAN_POINT ( 'NONE',  ( 0.2850000000000003100, 0.1150000000000000600, -0.1250000000000000000 ) );
#688=ORIENTED_EDGE ( 'NONE', *, *, #765, .T. );
#689=CARTESIAN_POINT ( 'NONE',  ( -0.04099999999999978000, -0.1550000000000000000, -0.1399999999999999900 ) );
#690=LINE ( 'NONE', #2755, #56 );
#691=ORIENTED_EDGE ( 'NONE', *, *, #1553, .F. );
#692=EDGE_LOOP ( 'NONE', ( #5461, #4159, #4027, #2660 ) );
#693=ADVANCED_FACE ( 'NONE', ( #4474 ), #973, .F. );
#694=ORIENTED_EDGE ( 'NONE', *, *, #1649, .T. );
#695=CARTESIAN_POINT ( 'NONE',  ( -0.3410000000000002500, -0.1550000000000000000, -0.1499999999999999700 ) );
#696=ORIENTED_EDGE ( 'NONE', *, *, #2234, .T. );
#697=EDGE_LOOP ( 'NONE', ( #1288, #4985, #4341, #1438 ) );
#698=ORIENTED_EDGE ( 'NONE', *, *, #4700, .F. );
#699=LINE ( 'NONE', #2740, #56 );
#700=ADVANCED_FACE ( 'NONE', ( #1631 ), #2737, .F. );
#701=ORIENTED_EDGE ( 'NONE', *, *, #3178, .T. );
#702=VERTEX_POINT ( 'NONE', #791 );
#703=CARTESIAN_POINT ( 'NONE',  ( -0.2409999999999997700, 0.1150000000000000600, 0.1250000000000000000 ) );
#704=FACE_OUTER_BOUND ( 'NONE', #3047, .T. );
#705=CIRCLE ( 'NONE', #3268, 0.007499999999999988400 );
#706=ORIENTED_EDGE ( 'NONE', *, *, #3769, .F. );
#707=SURFACE_STYLE_USAGE ( .BOTH. , #116 );
#708=EDGE_LOOP ( 'NONE', ( #5489, #1687, #2776, #639 ) );
#709=AXIS2_PLACEMENT_3D ( 'NONE', #2484, #3771, #2144 );
#710=EDGE_CURVE ( 'NONE', #3722, #772, #4212, .T. );
#711=CARTESIAN_POINT ( 'NONE',  ( -0.2849999999999997000, 0.09750000000000005900, 0.1399999999999999900 ) );
#712=EDGE_CURVE ( 'NONE', #1577, #3052, #5066, .T. );
#713=DIRECTION ( 'NONE',  ( 1.000000000000000000, 0.0000000000000000000, -6.129146139631366000E-016 ) );
#714=VERTEX_POINT ( 'NONE', #1957 );
#715=ADVANCED_FACE ( 'NONE', ( #2889 ), #1922, .F. );
#716=CARTESIAN_POINT ( 'NONE',  ( -0.01499999999999970300, -1.714505518806294100E-017, 0.1399999999999999900 ) );
#717=CARTESIAN_POINT ( 'NONE',  ( -0.1589999999999997800, 0.09750000000000005900, -0.1324999999999999800 ) );
#718=CARTESIAN_POINT ( 'NONE',  ( -0.3899999999999994000, 0.1150000000000000600, 0.1249999999999999300 ) );
#719=EDGE_CURVE ( 'NONE', #1646, #5439, #386, .T. );
#720=CARTESIAN_POINT ( 'NONE',  ( -0.1149999999999997300, 0.01199999999999995000, -0.1399999999999999900 ) );
#721=LINE ( 'NONE', #2612, #56 );
#722=ADVANCED_FACE ( 'NONE', ( #3018 ), #1027, .F. );
#723=CARTESIAN_POINT ( 'NONE',  ( -0.3590000000000002600, 0.1150000000000000600, 0.1250000000000000000 ) );
#724=EDGE_CURVE ( 'NONE', #5139, #1321, #3546, .T. );
#725=EDGE_CURVE ( 'NONE', #4648, #3708, #5247, .T. );
#726=COLOUR_RGB ( '',0.7921568627450980000, 0.8196078431372548800, 0.9333333333333333500 );
#727=ORIENTED_EDGE ( 'NONE', *, *, #731, .F. );
#728=VECTOR ( 'NONE', #911, 39.37007874015748100 );
#729=CARTESIAN_POINT ( 'NONE',  ( 0.1150000000000003100, 0.01200000000000005200, -0.1499999999999999900 ) );
#730=EDGE_LOOP ( 'NONE', ( #2282, #3484, #4556, #4502 ) );
#731=EDGE_CURVE ( 'NONE', #221, #3082, #4221, .T. );
#732=AXIS2_PLACEMENT_3D ( 'NONE', #4240, #323, #235 );
#733=CARTESIAN_POINT ( 'NONE',  ( 0.1850000000000003000, 0.09750000000000005900, 0.1499999999999999900 ) );
#734=LINE ( 'NONE', #718, #60 );
#735=LINE ( 'NONE', #2700, #270 );
#736=PLANE ( 'NONE',  #1964 );
#737=DIRECTION ( 'NONE',  ( -0.0000000000000000000, -7.100522766129548600E-018, -1.000000000000000000 ) );
#738=ORIENTED_EDGE ( 'NONE', *, *, #2447, .F. );
#739=ORIENTED_EDGE ( 'NONE', *, *, #2866, .T. );
#740=ORIENTED_EDGE ( 'NONE', *, *, #5104, .T. );
#741=LINE ( 'NONE', #837, #6 );
#742=CARTESIAN_POINT ( 'NONE',  ( 0.3410000000000002500, -1.707404996040164500E-017, -0.1499999999999999900 ) );
#743=ORIENTED_EDGE ( 'NONE', *, *, #5181, .F. );
#744=CIRCLE ( 'NONE', #516, 0.007499999999999988400 );
#745=DIRECTION ( 'NONE',  ( 0.0000000000000000000, -0.9914448613738103800, 0.1305261922200518800 ) );
#746=PRESENTATION_STYLE_ASSIGNMENT (( #707 ) );
#747=ORIENTED_EDGE ( 'NONE', *, *, #1769, .T. );
#748=LINE ( 'NONE', #502, #35 );
#749=ORIENTED_EDGE ( 'NONE', *, *, #324, .F. );
#750=AXIS2_PLACEMENT_3D ( 'NONE', #563, #50, #1469 );
#751=EDGE_CURVE ( 'NONE', #1106, #1461, #5473, .T. );
#752=ADVANCED_FACE ( 'NONE', ( #3154 ), #3658, .T. );
#753=CARTESIAN_POINT ( 'NONE',  ( 0.08500000000000032500, 0.01199999999999995000, -0.1399999999999999900 ) );
#754=AXIS2_PLACEMENT_3D ( 'NONE', #295, #258, #20 );
#755=ORIENTED_EDGE ( 'NONE', *, *, #2142, .F. );
#756=CARTESIAN_POINT ( 'NONE',  ( -0.1849999999999997500, 0.1050000000000000500, -0.1250000000000000000 ) );
#757=ORIENTED_EDGE ( 'NONE', *, *, #3572, .F. );
#758=CARTESIAN_POINT ( 'NONE',  ( 0.3150000000000003400, 0.1050000000000000400, -0.1324999999999999800 ) );
#759=ORIENTED_EDGE ( 'NONE', *, *, #4845, .F. );
#760=PLANE ( 'NONE',  #3119 );
#761=EDGE_CURVE ( 'NONE', #891, #5396, #4458, .T. );
#762=ORIENTED_EDGE ( 'NONE', *, *, #2896, .T. );
#763=EDGE_LOOP ( 'NONE', ( #1855, #1122, #73, #5379 ) );
#764=LINE ( 'NONE', #4295, #6 );
#765=EDGE_CURVE ( 'NONE', #4678, #3213, #3977, .T. );
#766=CARTESIAN_POINT ( 'NONE',  ( 0.05900000000000024700, 0.1050000000000000500, -0.1250000000000000000 ) );
#767=ORIENTED_EDGE ( 'NONE', *, *, #4337, .F. );
#768=LINE ( 'NONE', #1050, #1218 );
#769=ORIENTED_EDGE ( 'NONE', *, *, #5364, .F. );
#770=ORIENTED_EDGE ( 'NONE', *, *, #2391, .T. );
#771=CARTESIAN_POINT ( 'NONE',  ( -0.2729999999999996300, -1.778575257266404500E-017, 0.1499999999999999900 ) );
#772=VERTEX_POINT ( 'NONE', #1530 );
#773=VERTEX_POINT ( 'NONE', #561 );
#774=EDGE_CURVE ( 'NONE', #4135, #3675, #768, .T. );
#775=AXIS2_PLACEMENT_3D ( 'NONE', #555, #1097, #296 );
#776=ORIENTED_EDGE ( 'NONE', *, *, #2081, .T. );
#777=ADVANCED_FACE ( 'NONE', ( #4029 ), #1093, .T. );
#778=CARTESIAN_POINT ( 'NONE',  ( -0.1589999999999997800, -1.707404996040164500E-017, -0.1399999999999999900 ) );
#779=CARTESIAN_POINT ( 'NONE',  ( -0.04099999999999978000, -1.707404996040164500E-017, 0.1499999999999999900 ) );
#780=CARTESIAN_POINT ( 'NONE',  ( 0.05900000000000024700, 0.09750000000000005900, -0.1499999999999999900 ) );
#781=LINE ( 'NONE', #3165, #71 );
#782=ORIENTED_EDGE ( 'NONE', *, *, #3900, .T. );
#783=PLANE ( 'NONE',  #2804 );
#784=LINE ( 'NONE', #3224, #368 );
#785=ORIENTED_EDGE ( 'NONE', *, *, #4360, .F. );
#786=LINE ( 'NONE', #1749, #225 );
#787=LINE ( 'NONE', #3311, #71 );
#788=ORIENTED_EDGE ( 'NONE', *, *, #2443, .F. );
#789=CARTESIAN_POINT ( 'NONE',  ( 0.08500000000000032500, 0.09750000000000005900, -0.1499999999999999900 ) );
#790=VERTEX_POINT ( 'NONE', #4782 );
#791=CARTESIAN_POINT ( 'NONE',  ( -0.2149999999999996900, 0.1050000000000000500, 0.1250000000000000000 ) );
#792=CARTESIAN_POINT ( 'NONE',  ( -0.2149999999999996900, 0.01199999999999995000, -0.1399999999999999900 ) );
#793=CARTESIAN_POINT ( 'NONE',  ( -0.3150000000000003400, 0.1050000000000000400, -0.1324999999999999800 ) );
#794=DIRECTION ( 'NONE',  ( 0.7071067811865454600, -0.7071067811865495700, 5.020827797899680600E-018 ) );
#795=AXIS2_PLACEMENT_3D ( 'NONE', #1296, #10, #50 );
#796=CARTESIAN_POINT ( 'NONE',  ( 0.3150000000000003400, 0.01200000000000005200, -0.1399999999999999900 ) );
#797=LINE ( 'NONE', #1390, #35 );
#798=PLANE ( 'NONE',  #4752 );
#799=ORIENTED_EDGE ( 'NONE', *, *, #4145, .T. );
#800=CARTESIAN_POINT ( 'NONE',  ( 0.1410000000000002600, 0.09750000000000005900, 0.1399999999999999900 ) );
#801=ORIENTED_EDGE ( 'NONE', *, *, #42, .T. );
#802=ORIENTED_EDGE ( 'NONE', *, *, #1584, .F. );
#803=EDGE_CURVE ( 'NONE', #3052, #3378, #1774, .T. );
#804=VERTEX_POINT ( 'NONE', #664 );
#805=ADVANCED_FACE ( 'NONE', ( #4152 ), #3223, .F. );
#806=ORIENTED_EDGE ( 'NONE', *, *, #531, .T. );
#807=CARTESIAN_POINT ( 'NONE',  ( -0.1849999999999997500, -1.714505518806294100E-017, 0.1399999999999999900 ) );
#808=VERTEX_POINT ( 'NONE', #2397 );
#809=CARTESIAN_POINT ( 'NONE',  ( -0.3410000000000002500, 0.09750000000000005900, -0.1499999999999999900 ) );
#810=DIRECTION ( 'NONE',  ( 0.7071067811865464600, -0.7071067811865484600, 9.562912086588451800E-017 ) );
#811=EDGE_CURVE ( 'NONE', #23, #3451, #2302, .T. );
#812=PLANE ( 'NONE',  #795 );
#813=CARTESIAN_POINT ( 'NONE',  ( -0.1589999999999997800, 0.09750000000000005900, 0.1499999999999999900 ) );
#814=LINE ( 'NONE', #1102, #439 );
#815=ORIENTED_EDGE ( 'NONE', *, *, #5117, .T. );
#816=PLANE ( 'NONE',  #3158 );
#817=ORIENTED_EDGE ( 'NONE', *, *, #4796, .F. );
#818=ORIENTED_EDGE ( 'NONE', *, *, #3294, .F. );
#819=VERTEX_POINT ( 'NONE', #3611 );
#820=ORIENTED_EDGE ( 'NONE', *, *, #143, .T. );
#821=CIRCLE ( 'NONE', #3086, 0.007499999999999988400 );
#822=FACE_OUTER_BOUND ( 'NONE', #4432, .T. );
#823=CARTESIAN_POINT ( 'NONE',  ( -0.3899999999999994600, 0.1150000000000000600, -0.02799999999999999700 ) );
#824=EDGE_LOOP ( 'NONE', ( #1572, #5119, #5180, #1244, #3918, #2956, #4956, #1746 ) );
#825=ORIENTED_EDGE ( 'NONE', *, *, #3534, .F. );
#826=VERTEX_POINT ( 'NONE', #3588 );
#827=LINE ( 'NONE', #1112, #2954 );
#828=FACE_OUTER_BOUND ( 'NONE', #445, .T. );
#829=ORIENTED_EDGE ( 'NONE', *, *, #2254, .T. );
#830=AXIS2_PLACEMENT_3D ( 'NONE', #1183, #1469, #20 );
#831=APPLICATION_PROTOCOL_DEFINITION ( 'draft international standard', 'automotive_design', 1998, #3863 );
#832=DIRECTION ( 'NONE',  ( -1.000000000000000000, 0.0000000000000000000, -0.0000000000000000000 ) );
#833=VERTEX_POINT ( 'NONE', #1546 );
#834=CARTESIAN_POINT ( 'NONE',  ( 0.1410000000000002600, 0.09750000000000005900, 0.1324999999999999800 ) );
#835=EDGE_CURVE ( 'NONE', #2354, #3845, #690, .T. );
#836=DIRECTION ( 'NONE',  ( 0.7071067811865485700, 0.7071067811865465700, 5.020827797899659000E-018 ) );
#837=CARTESIAN_POINT ( 'NONE',  ( -0.08499999999999971500, -1.714505518806294100E-017, -0.1399999999999999900 ) );
#838=CARTESIAN_POINT ( 'NONE',  ( 0.2150000000000003000, 0.09750000000000005900, -0.1499999999999999900 ) );
#839=DIRECTION ( 'NONE',  ( 0.7071067811865495700, 0.7071067811865454600, -9.562912086588408700E-017 ) );
#840=CARTESIAN_POINT ( 'NONE',  ( 0.05900000000000024700, 0.1050000000000000500, 0.1250000000000000000 ) );
#841=LINE ( 'NONE', #3968, #149 );
#842=ORIENTED_EDGE ( 'NONE', *, *, #5146, .F. );
#843=ADVANCED_FACE ( 'NONE', ( #3797 ), #4065, .F. );
#844=EDGE_CURVE ( 'NONE', #4233, #2334, #4882, .T. );
#845=LINE ( 'NONE', #1638, #60 );
#846=ORIENTED_EDGE ( 'NONE', *, *, #4407, .T. );
#847=CARTESIAN_POINT ( 'NONE',  ( -0.1589999999999997800, 0.09750000000000005900, 0.1399999999999999900 ) );
#848=ORIENTED_EDGE ( 'NONE', *, *, #2859, .F. );
#849=PRESENTATION_STYLE_ASSIGNMENT (( #1662 ) );
#850=EDGE_CURVE ( 'NONE', #4228, #5219, #3917, .T. );
#851=EDGE_CURVE ( 'NONE', #2473, #4266, #2705, .T. );
#852=ORIENTED_EDGE ( 'NONE', *, *, #572, .F. );
#853=CARTESIAN_POINT ( 'NONE',  ( -0.1409999999999998200, 0.1150000000000000600, -0.1250000000000000000 ) );
#854=ORIENTED_EDGE ( 'NONE', *, *, #3444, .T. );
#855=CARTESIAN_POINT ( 'NONE',  ( 0.01500000000000031900, 0.09750000000000005900, -0.1324999999999999800 ) );
#856=FACE_OUTER_BOUND ( 'NONE', #316, .T. );
#857=CARTESIAN_POINT ( 'NONE',  ( -0.08499999999999971500, 0.1150000000000000600, -0.1250000000000000000 ) );
#858=ORIENTED_EDGE ( 'NONE', *, *, #1299, .F. );
#859=LINE ( 'NONE', #388, #408 );
#860=LINE ( 'NONE', #1772, #371 );
#861=VERTEX_POINT ( 'NONE', #1611 );
#862=ORIENTED_EDGE ( 'NONE', *, *, #16, .T. );
#863=EDGE_CURVE ( 'NONE', #3855, #5330, #4763, .T. );
#864=VERTEX_POINT ( 'NONE', #2941 );
#865=LINE ( 'NONE', #718, #5393 );
#866=CARTESIAN_POINT ( 'NONE',  ( 0.1150000000000003100, -1.714505518806294100E-017, -0.1399999999999999900 ) );
#867=LINE ( 'NONE', #2507, #169 );
#868=CARTESIAN_POINT ( 'NONE',  ( -0.2409999999999997700, -0.1550000000000000000, -0.1499999999999999700 ) );
#869=CARTESIAN_POINT ( 'NONE',  ( 0.1730000000000002900, -1.707404996040164500E-017, 0.1499999999999999900 ) );
#870=CARTESIAN_POINT ( 'NONE',  ( 0.2850000000000003100, 0.01199999999999995000, 0.1324999999999999800 ) );
#871=PLANE ( 'NONE',  #3966 );
#872=ORIENTED_EDGE ( 'NONE', *, *, #4770, .T. );
#873=AXIS2_PLACEMENT_3D ( 'NONE', #588, #2206, #911 );
#874=DIRECTION ( 'NONE',  ( -0.7071067811865495700, -0.7071067811865454600, 0.0000000000000000000 ) );
#875=DIRECTION ( 'NONE',  ( 0.7071067811865485700, 0.7071067811865465700, -5.020827797899659000E-018 ) );
#876=EDGE_LOOP ( 'NONE', ( #3476, #2857, #5063, #3295 ) );
#877=FACE_OUTER_BOUND ( 'NONE', #3936, .T. );
#878=ORIENTED_EDGE ( 'NONE', *, *, #1845, .F. );
#879=LINE ( 'NONE', #2034, #35 );
#880=EDGE_CURVE ( 'NONE', #618, #808, #470, .T. );
#881=LINE ( 'NONE', #1816, #35 );
#882=LINE ( 'NONE', #2265, #56 );
#883=EDGE_CURVE ( 'NONE', #27, #5352, #1555, .T. );
#884=ADVANCED_FACE ( 'NONE', ( #1974 ), #1116, .F. );
#885=PLANE ( 'NONE',  #1785 );
#886=EDGE_LOOP ( 'NONE', ( #65, #3853, #1311, #2119 ) );
#887=LINE ( 'NONE', #4500, #146 );
#888=LINE ( 'NONE', #1709, #24 );
#889=CARTESIAN_POINT ( 'NONE',  ( -0.3899999999999994000, 0.1999999999999999600, -0.02799999999999999700 ) );
#890=AXIS2_PLACEMENT_3D ( 'NONE', #45, #110, #50 );
#891=VERTEX_POINT ( 'NONE', #2007 );
#892=EDGE_CURVE ( 'NONE', #1364, #1426, #2825, .T. );
#893=ORIENTED_EDGE ( 'NONE', *, *, #4433, .F. );
#894=AXIS2_PLACEMENT_3D ( 'NONE', #968, #441, #1866 );
#895=CARTESIAN_POINT ( 'NONE',  ( -0.3150000000000003400, 0.1150000000000000700, 0.1324999999999999800 ) );
#896=VERTEX_POINT ( 'NONE', #3318 );
#897=LINE ( 'NONE', #988, #56 );
#898=VERTEX_POINT ( 'NONE', #2838 );
#899=ORIENTED_EDGE ( 'NONE', *, *, #2335, .T. );
#900=ADVANCED_FACE ( 'NONE', ( #3672 ), #4483, .F. );
#901=ORIENTED_EDGE ( 'NONE', *, *, #4080, .T. );
#902=PLANE ( 'NONE',  #3812 );
#903=LINE ( 'NONE', #1077, #6 );
#904=AXIS2_PLACEMENT_3D ( 'NONE', #1077, #50, #235 );
#905=ORIENTED_EDGE ( 'NONE', *, *, #1690, .F. );
#906=LINE ( 'NONE', #1878, #168 );
#907=ORIENTED_EDGE ( 'NONE', *, *, #2056, .F. );
#908=ADVANCED_FACE ( 'NONE', ( #625 ), #1140, .T. );
#909=ORIENTED_EDGE ( 'NONE', *, *, #712, .F. );
#910=FACE_OUTER_BOUND ( 'NONE', #4947, .T. );
#911=DIRECTION ( 'NONE',  ( 0.0000000000000000000, -2.276539994720223100E-015, 1.000000000000000000 ) );
#912=CARTESIAN_POINT ( 'NONE',  ( 0.1590000000000002200, 0.1150000000000000600, -0.1250000000000000000 ) );
#913=LINE ( 'NONE', #2869, #163 );
#914=ORIENTED_EDGE ( 'NONE', *, *, #5491, .T. );
#915=VERTEX_POINT ( 'NONE', #4102 );
#916=EDGE_CURVE ( 'NONE', #1877, #301, #2571, .T. );
#917=EDGE_CURVE ( 'NONE', #804, #714, #4329, .T. );
#918=ORIENTED_EDGE ( 'NONE', *, *, #3748, .F. );
#919=CIRCLE ( 'NONE', #2214, 0.007499999999999988400 );
#920=VERTEX_POINT ( 'NONE', #1991 );
#921=ORIENTED_EDGE ( 'NONE', *, *, #2790, .T. );
#922=LINE ( 'NONE', #2353, #56 );
#923=EDGE_CURVE ( 'NONE', #1738, #4746, #1967, .T. );
#924=ORIENTED_EDGE ( 'NONE', *, *, #1988, .F. );
#925=ADVANCED_FACE ( 'NONE', ( #3088 ), #2390, .T. );
#926=CARTESIAN_POINT ( 'NONE',  ( -0.2849999999999997000, 0.01200000000000005200, 0.1499999999999999900 ) );
#927=PLANE ( 'NONE',  #775 );
#928=LINE ( 'NONE', #889, #56 );
#929=CARTESIAN_POINT ( 'NONE',  ( 0.1590000000000002200, -1.707404996040164500E-017, -0.1324999999999999800 ) );
#930=ORIENTED_EDGE ( 'NONE', *, *, #1944, .T. );
#931=CIRCLE ( 'NONE', #1058, 0.007499999999999988400 );
#932=FACE_OUTER_BOUND ( 'NONE', #1485, .T. );
#933=CARTESIAN_POINT ( 'NONE',  ( -0.2409999999999997700, 0.09750000000000005900, 0.1399999999999999900 ) );
#934=STYLED_ITEM ( 'NONE', ( #849 ), #3773 );
#935=STYLED_ITEM ( 'NONE', ( #746 ), #391 );
#936=ADVANCED_FACE ( 'NONE', ( #1228 ), #2131, .F. );
#937=LINE ( 'NONE', #3098, #250 );
#938=EDGE_LOOP ( 'NONE', ( #2278, #978, #4941, #2299 ) );
#939=CARTESIAN_POINT ( 'NONE',  ( -0.07299999999999967600, -1.714505518806294100E-017, -0.1399999999999999900 ) );
#940=EDGE_LOOP ( 'NONE', ( #1328, #2346, #4110, #5014, #1184, #5011, #1634, #1185 ) );
#941=EDGE_LOOP ( 'NONE', ( #4597, #3961, #1340, #3201 ) );
#942=CARTESIAN_POINT ( 'NONE',  ( -0.2149999999999996900, 0.09750000000000005900, 0.1324999999999999800 ) );
#943=LINE ( 'NONE', #2774, #494 );
#944=CARTESIAN_POINT ( 'NONE',  ( -0.3590000000000002600, 0.1150000000000000600, -0.1499999999999999900 ) );
#945=CARTESIAN_POINT ( 'NONE',  ( -0.2409999999999997700, 0.09750000000000005900, 0.1499999999999999900 ) );
#946=LINE ( 'NONE', #4619, #56 );
#947=VERTEX_POINT ( 'NONE', #1231 );
#948=AXIS2_PLACEMENT_3D ( 'NONE', #703, #1089, #343 );
#949=AXIS2_PLACEMENT_3D ( 'NONE', #189, #794, #612 );
#950=ORIENTED_EDGE ( 'NONE', *, *, #2444, .F. );
#951=FACE_OUTER_BOUND ( 'NONE', #4990, .T. );
#952=EDGE_LOOP ( 'NONE', ( #842, #5125, #901, #2602 ) );
#953=ORIENTED_EDGE ( 'NONE', *, *, #4831, .F. );
#954=LINE ( 'NONE', #2088, #6 );
#955=CARTESIAN_POINT ( 'NONE',  ( -0.08499999999999971500, 0.09750000000000005900, 0.1399999999999999900 ) );
#956=ORIENTED_EDGE ( 'NONE', *, *, #3585, .T. );
#957=VERTEX_POINT ( 'NONE', #2148 );
#958=EDGE_CURVE ( 'NONE', #2773, #4172, #5443, .T. );
#959=EDGE_CURVE ( 'NONE', #1264, #1066, #1585, .T. );
#960=ORIENTED_EDGE ( 'NONE', *, *, #5370, .F. );
#961=EDGE_CURVE ( 'NONE', #4094, #4409, #3695, .T. );
#962=LINE ( 'NONE', #1009, #306 );
#963=ORIENTED_EDGE ( 'NONE', *, *, #3138, .T. );
#964=CARTESIAN_POINT ( 'NONE',  ( -0.2729999999999996300, -1.707404996040164500E-017, 0.1499999999999999900 ) );
#965=EDGE_LOOP ( 'NONE', ( #3629, #4037, #1985, #1493 ) );
#966=ORIENTED_EDGE ( 'NONE', *, *, #2994, .T. );
#967=VERTEX_POINT ( 'NONE', #4535 );
#968=CARTESIAN_POINT ( 'NONE',  ( -0.1409999999999998200, 0.09750000000000005900, 0.1499999999999999900 ) );
#969=EDGE_CURVE ( 'NONE', #1410, #4702, #84, .T. );
#970=FACE_OUTER_BOUND ( 'NONE', #2747, .T. );
#971=VERTEX_POINT ( 'NONE', #288 );
#972=ADVANCED_FACE ( 'NONE', ( #2527 ), #4359, .T. );
#973=PLANE ( 'NONE',  #2145 );
#974=ORIENTED_EDGE ( 'NONE', *, *, #2020, .T. );
#975=CARTESIAN_POINT ( 'NONE',  ( 0.1850000000000003000, 0.1050000000000000400, -0.1324999999999999800 ) );
#976=ORIENTED_EDGE ( 'NONE', *, *, #5212, .F. );
#977=ORIENTED_EDGE ( 'NONE', *, *, #686, .T. );
#978=ORIENTED_EDGE ( 'NONE', *, *, #2894, .T. );
#979=ORIENTED_EDGE ( 'NONE', *, *, #4571, .T. );
#980=PLANE ( 'NONE',  #514 );
#981=CARTESIAN_POINT ( 'NONE',  ( 0.2850000000000003100, 0.1050000000000000400, -0.1324999999999999800 ) );
#982=MECHANICAL_DESIGN_GEOMETRIC_PRESENTATION_REPRESENTATION (  '', ( #4555 ), #112 );
#983=VERTEX_POINT ( 'NONE', #4936 );
#984=ORIENTED_EDGE ( 'NONE', *, *, #2790, .F. );
#985=VECTOR ( 'NONE', #649, 39.37007874015748100 );
#986=ORIENTED_EDGE ( 'NONE', *, *, #2587, .F. );
#987=AXIS2_PLACEMENT_3D ( 'NONE', #1352, #1097, #296 );
#988=CARTESIAN_POINT ( 'NONE',  ( -0.1409999999999998200, 0.09750000000000005900, 0.1399999999999999900 ) );
#989=EDGE_LOOP ( 'NONE', ( #3634, #193, #2283, #2194 ) );
#990=ADVANCED_FACE ( 'NONE', ( #4726 ), #2545, .F. );
#991=EDGE_LOOP ( 'NONE', ( #5137, #3912, #2030, #1817, #2677, #2989, #755, #2581, #3129, #4257 ) );
#992=EDGE_CURVE ( 'NONE', #5044, #119, #3123, .T. );
#993=VERTEX_POINT ( 'NONE', #789 );
#994=EDGE_LOOP ( 'NONE', ( #1034, #5434, #1136, #4949 ) );
#995=ADVANCED_FACE ( 'NONE', ( #1162 ), #4903, .T. );
#996=ORIENTED_EDGE ( 'NONE', *, *, #5105, .F. );
#997=CARTESIAN_POINT ( 'NONE',  ( 0.3410000000000002500, 0.09750000000000005900, 0.1499999999999999900 ) );
#998=CIRCLE ( 'NONE', #125, 0.01750000000000001900 );
#999=CARTESIAN_POINT ( 'NONE',  ( -0.3899999999999994000, 0.1499999999999999400, 0.0000000000000000000 ) );
#1000=CLOSED_SHELL ( 'NONE', ( #1521, #936, #1121, #2382, #2327, #2530, #122, #3176, #1494, #3122, #4396, #646, #1020 ) );
#1001=CARTESIAN_POINT ( 'NONE',  ( -0.2269999999999997300, -1.714505518806294100E-017, -0.1399999999999999900 ) );
#1002=EDGE_CURVE ( 'NONE', #5176, #2627, #3329, .T. );
#1003=PLANE ( 'NONE',  #4586 );
#1004=ORIENTED_EDGE ( 'NONE', *, *, #3128, .F. );
#1005=ORIENTED_EDGE ( 'NONE', *, *, #3443, .F. );
#1006=LINE ( 'NONE', #1225, #368 );
#1007=ORIENTED_EDGE ( 'NONE', *, *, #2268, .F. );
#1008=EDGE_CURVE ( 'NONE', #2224, #1999, #4979, .T. );
#1009=CARTESIAN_POINT ( 'NONE',  ( -0.2149999999999996900, 0.01199999999999994800, 0.1499999999999999900 ) );
#1010=ORIENTED_EDGE ( 'NONE', *, *, #2487, .F. );
#1011=CARTESIAN_POINT ( 'NONE',  ( 0.1590000000000002200, 0.09750000000000005900, -0.1499999999999999900 ) );
#1012=PRESENTATION_LAYER_ASSIGNMENT (  '', '', ( #3705 ) );
#1013=PLANE ( 'NONE',  #4122 );
#1014=ORIENTED_EDGE ( 'NONE', *, *, #362, .T. );
#1015=CARTESIAN_POINT ( 'NONE',  ( -0.1149999999999997300, 0.1050000000000000500, -0.1250000000000000000 ) );
#1016=LINE ( 'NONE', #93, #519 );
#1017=AXIS2_PLACEMENT_3D ( 'NONE', #114, #284, #4527 );
#1018=ORIENTED_EDGE ( 'NONE', *, *, #1784, .T. );
#1019=FACE_OUTER_BOUND ( 'NONE', #3076, .T. );
#1020=ADVANCED_FACE ( 'NONE', ( #877 ), #3824, .F. );
#1021=EDGE_CURVE ( 'NONE', #3297, #2379, #1934, .T. );
#1022=STYLED_ITEM ( 'NONE', ( #746 ), #2248 );
#1023=VERTEX_POINT ( 'NONE', #2168 );
#1024=CARTESIAN_POINT ( 'NONE',  ( -0.04099999999999978000, 0.09750000000000005900, -0.1399999999999999900 ) );
#1025=ORIENTED_EDGE ( 'NONE', *, *, #5251, .F. );
#1026=ADVANCED_FACE ( 'NONE', ( #5150 ), #760, .F. );
#1027=PLANE ( 'NONE',  #335 );
#1028=LINE ( 'NONE', #2757, #250 );
#1029=AXIS2_PLACEMENT_3D ( 'NONE', #1595, #235, #50 );
#1030=EDGE_CURVE ( 'NONE', #1471, #4416, #432, .T. );
#1031=CARTESIAN_POINT ( 'NONE',  ( -0.04099999999999978000, 0.09750000000000005900, -0.1324999999999999800 ) );
#1032=CARTESIAN_POINT ( 'NONE',  ( -0.1409999999999998200, 0.09750000000000005900, -0.1499999999999999900 ) );
#1033=ORIENTED_EDGE ( 'NONE', *, *, #1048, .F. );
#1034=ORIENTED_EDGE ( 'NONE', *, *, #1946, .F. );
#1035=LINE ( 'NONE', #5305, #60 );
#1036=ORIENTED_EDGE ( 'NONE', *, *, #3951, .T. );
#1037=ADVANCED_FACE ( 'NONE', ( #4550 ), #1330, .F. );
#1038=ORIENTED_EDGE ( 'NONE', *, *, #1082, .F. );
#1039=EDGE_CURVE ( 'NONE', #2027, #4066, #3398, .T. );
#1040=EDGE_CURVE ( 'NONE', #1833, #2344, #3574, .T. );
#1041=VERTEX_POINT ( 'NONE', #329 );
#1042=VERTEX_POINT ( 'NONE', #3676 );
#1043=LINE ( 'NONE', #2732, #270 );
#1044=ORIENTED_EDGE ( 'NONE', *, *, #3827, .T. );
#1045=ORIENTED_EDGE ( 'NONE', *, *, #3039, .T. );
#1046=FACE_OUTER_BOUND ( 'NONE', #4222, .T. );
#1047=ORIENTED_EDGE ( 'NONE', *, *, #765, .F. );
#1048=EDGE_CURVE ( 'NONE', #714, #3156, #4943, .T. );
#1049=ORIENTED_EDGE ( 'NONE', *, *, #1070, .T. );
#1050=CARTESIAN_POINT ( 'NONE',  ( 0.2850000000000003100, 0.01199999999999995000, 0.1399999999999999900 ) );
#1051=ORIENTED_EDGE ( 'NONE', *, *, #3713, .F. );
#1052=VERTEX_POINT ( 'NONE', #1335 );
#1053=FACE_OUTER_BOUND ( 'NONE', #3956, .T. );
#1054=EDGE_LOOP ( 'NONE', ( #2832, #854, #4117, #3048 ) );
#1055=DIRECTION ( 'NONE',  ( 0.7071067811865495700, 0.7071067811865454600, 9.562912086588408700E-017 ) );
#1056=CARTESIAN_POINT ( 'NONE',  ( -0.05899999999999976800, 0.09750000000000005900, 0.1499999999999999900 ) );
#1057=EDGE_LOOP ( 'NONE', ( #4345, #4331, #2015, #4012, #4899, #1535, #1115, #1677, #1645, #2826 ) );
#1058=AXIS2_PLACEMENT_3D ( 'NONE', #224, #1469, #50 );
#1059=LINE ( 'NONE', #253, #250 );
#1060=CARTESIAN_POINT ( 'NONE',  ( -0.2149999999999996900, 0.09750000000000005900, -0.1399999999999999900 ) );
#1061=VERTEX_POINT ( 'NONE', #4234 );
#1062=PLANE ( 'NONE',  #1058 );
#1063=AXIS2_PLACEMENT_3D ( 'NONE', #433, #1469, #50 );
#1064=LINE ( 'NONE', #2088, #56 );
#1065=VERTEX_POINT ( 'NONE', #3506 );
#1066=VERTEX_POINT ( 'NONE', #3072 );
#1067=ORIENTED_EDGE ( 'NONE', *, *, #4652, .T. );
#1068=VERTEX_POINT ( 'NONE', #426 );
#1069=AXIS2_PLACEMENT_3D ( 'NONE', #4068, #235, #50 );
#1070=EDGE_CURVE ( 'NONE', #4702, #4253, #2709, .T. );
#1071=CARTESIAN_POINT ( 'NONE',  ( 0.1850000000000003000, 0.01199999999999995000, -0.1399999999999999900 ) );
#1072=VERTEX_POINT ( 'NONE', #4995 );
#1073=LINE ( 'NONE', #647, #408 );
#1074=LINE ( 'NONE', #682, #408 );
#1075=CARTESIAN_POINT ( 'NONE',  ( 0.3150000000000003400, 0.1050000000000000400, 0.1324999999999999800 ) );
#1076=ORIENTED_EDGE ( 'NONE', *, *, #1838, .F. );
#1077=CARTESIAN_POINT ( 'NONE',  ( 0.05900000000000024700, 0.09750000000000005900, -0.1399999999999999900 ) );
#1078=ORIENTED_EDGE ( 'NONE', *, *, #3075, .F. );
#1079=ORIENTED_EDGE ( 'NONE', *, *, #124, .T. );
#1080=FACE_OUTER_BOUND ( 'NONE', #5079, .T. );
#1081=EDGE_CURVE ( 'NONE', #2368, #4991, #3919, .T. );
#1082=EDGE_CURVE ( 'NONE', #4579, #325, #476, .T. );
#1083=EDGE_LOOP ( 'NONE', ( #3125, #1036, #2310, #2280, #4373, #1789, #4575, #1099, #1963, #2508 ) );
#1084=DIRECTION ( 'NONE',  ( -1.000000000000000000, 0.0000000000000000000, 2.731847993664263200E-016 ) );
#1085=EDGE_CURVE ( 'NONE', #3942, #4734, #1558, .T. );
#1086=CARTESIAN_POINT ( 'NONE',  ( -0.04099999999999978000, 0.09750000000000005900, 0.1399999999999999900 ) );
#1087=ADVANCED_FACE ( 'NONE', ( #3096 ), #1229, .F. );
#1088=ADVANCED_FACE ( 'NONE', ( #4706 ), #3049, .F. );
#1089=DIRECTION ( 'NONE',  ( 0.0000000000000000000, -1.000000000000000000, 0.0000000000000000000 ) );
#1090=EDGE_CURVE ( 'NONE', #4094, #1760, #310, .T. );
#1091=CARTESIAN_POINT ( 'NONE',  ( -0.04099999999999978000, 0.1150000000000000600, -0.1250000000000000000 ) );
#1092=PLANE ( 'NONE',  #1267 );
#1093=PLANE ( 'NONE',  #3578 );
#1094=VERTEX_POINT ( 'NONE', #353 );
#1095=ORIENTED_EDGE ( 'NONE', *, *, #2548, .T. );
#1096=LINE ( 'NONE', #1891, #6 );
#1097=DIRECTION ( 'NONE',  ( 0.0000000000000000000, 1.000000000000000000, 7.100522766129548600E-018 ) );
#1098=LINE ( 'NONE', #1446, #163 );
#1099=ORIENTED_EDGE ( 'NONE', *, *, #2056, .T. );
#1100=CARTESIAN_POINT ( 'NONE',  ( -0.1149999999999997300, 0.09750000000000005900, 0.1499999999999999900 ) );
#1101=CARTESIAN_POINT ( 'NONE',  ( 0.07300000000000028700, -1.714505518806294100E-017, 0.1399999999999999900 ) );
#1102=CARTESIAN_POINT ( 'NONE',  ( 0.3899999999999998500, 0.1150000000000000600, -0.1250000000000000600 ) );
#1103=VERTEX_POINT ( 'NONE', #3441 );
#1104=ADVANCED_FACE ( 'NONE', ( #3554 ), #4646, .F. );
#1105=LINE ( 'NONE', #847, #270 );
#1106=VERTEX_POINT ( 'NONE', #330 );
#1107=CARTESIAN_POINT ( 'NONE',  ( 0.1850000000000003000, 0.1050000000000000500, -0.1250000000000000000 ) );
#1108=VERTEX_POINT ( 'NONE', #2646 );
#1109=ADVANCED_FACE ( 'NONE', ( #314 ), #2678, .T. );
#1110=LINE ( 'NONE', #840, #56 );
#1111=ORIENTED_EDGE ( 'NONE', *, *, #3606, .T. );
#1112=CARTESIAN_POINT ( 'NONE',  ( -0.3899999999999994600, 0.1150000000000000600, -0.1249999999999995800 ) );
#1113=LINE ( 'NONE', #398, #985 );
#1114=LINE ( 'NONE', #3148, #60 );
#1115=ORIENTED_EDGE ( 'NONE', *, *, #657, .T. );
#1116=PLANE ( 'NONE',  #2188 );
#1117=MANIFOLD_SOLID_BREP ( 'LPattern1[3]', #1989 );
#1118=VERTEX_POINT ( 'NONE', #38 );
#1119=ORIENTED_EDGE ( 'NONE', *, *, #69, .F. );
#1120=ADVANCED_FACE ( 'NONE', ( #4342 ), #451, .F. );
#1121=ADVANCED_FACE ( 'NONE', ( #1916 ), #2427, .F. );
#1122=ORIENTED_EDGE ( 'NONE', *, *, #2001, .T. );
#1123=EDGE_CURVE ( 'NONE', #4748, #4516, #404, .T. );
#1124=LINE ( 'NONE', #252, #4319 );
#1125=CARTESIAN_POINT ( 'NONE',  ( 0.2150000000000003000, 0.09750000000000005900, 0.1324999999999999800 ) );
#1126=ORIENTED_EDGE ( 'NONE', *, *, #1495, .T. );
#1127=CARTESIAN_POINT ( 'NONE',  ( 0.3410000000000002500, -1.707404996040164500E-017, 0.1399999999999999900 ) );
#1128=CARTESIAN_POINT ( 'NONE',  ( 0.1850000000000003000, -1.714505518806294100E-017, -0.1399999999999999900 ) );
#1129=VERTEX_POINT ( 'NONE', #211 );
#1130=EDGE_CURVE ( 'NONE', #4391, #96, #5383, .T. );
#1131=LINE ( 'NONE', #3879, #6 );
#1132=EDGE_CURVE ( 'NONE', #3784, #2953, #1059, .T. );
#1133=ORIENTED_EDGE ( 'NONE', *, *, #3138, .F. );
#1134=DIRECTION ( 'NONE',  ( -0.0000000000000000000, 1.000000000000000000, 0.0000000000000000000 ) );
#1135=CARTESIAN_POINT ( 'NONE',  ( 0.05900000000000024700, 0.09750000000000005900, 0.1499999999999999900 ) );
#1136=ORIENTED_EDGE ( 'NONE', *, *, #3146, .T. );
#1137=VERTEX_POINT ( 'NONE', #3350 );
#1138=ORIENTED_EDGE ( 'NONE', *, *, #2022, .F. );
#1139=ORIENTED_EDGE ( 'NONE', *, *, #1430, .F. );
#1140=PLANE ( 'NONE',  #2844 );
#1141=PRESENTATION_LAYER_ASSIGNMENT (  '', '', ( #935 ) );
#1142=ORIENTED_EDGE ( 'NONE', *, *, #3712, .F. );
#1143=PLANE ( 'NONE',  #1169 );
#1144=AXIS2_PLACEMENT_3D ( 'NONE', #1504, #235, #50 );
#1145=CARTESIAN_POINT ( 'NONE',  ( 0.2590000000000002300, 0.1150000000000000700, 0.1324999999999999800 ) );
#1146=EDGE_CURVE ( 'NONE', #2884, #3699, #3153, .T. );
#1147=ORIENTED_EDGE ( 'NONE', *, *, #2520, .T. );
#1148=STYLED_ITEM ( 'NONE', ( #746 ), #2155 );
#1149=VERTEX_POINT ( 'NONE', #3326 );
#1150=ADVANCED_FACE ( 'NONE', ( #213 ), #4897, .T. );
#1151=ADVANCED_FACE ( 'NONE', ( #3602 ), #1476, .F. );
#1152=DIRECTION ( 'NONE',  ( 0.0000000000000000000, -0.0000000000000000000, 1.000000000000000000 ) );
#1153=LINE ( 'NONE', #1233, #371 );
#1154=ORIENTED_EDGE ( 'NONE', *, *, #3526, .T. );
#1155=ORIENTED_EDGE ( 'NONE', *, *, #3249, .T. );
#1156=EDGE_LOOP ( 'NONE', ( #63, #1716, #2328, #464, #3271, #3969, #3883, #1355, #1570, #4297 ) );
#1157=ADVANCED_FACE ( 'NONE', ( #4637 ), #4087, .T. );
#1158=CARTESIAN_POINT ( 'NONE',  ( -0.2149999999999996900, 0.1150000000000000700, -0.1324999999999999800 ) );
#1159=CARTESIAN_POINT ( 'NONE',  ( 0.2590000000000002300, -1.707404996040164500E-017, -0.1499999999999999900 ) );
#1160=EDGE_CURVE ( 'NONE', #1165, #3005, #4511, .T. );
#1161=EDGE_CURVE ( 'NONE', #1676, #39, #1043, .T. );
#1162=FACE_OUTER_BOUND ( 'NONE', #5123, .T. );
#1163=CARTESIAN_POINT ( 'NONE',  ( 0.3590000000000002600, 0.1050000000000000400, -0.1324999999999999800 ) );
#1164=CARTESIAN_POINT ( 'NONE',  ( -0.3150000000000003400, 0.09750000000000005900, -0.1399999999999999900 ) );
#1165=VERTEX_POINT ( 'NONE', #1444 );
#1166=ORIENTED_EDGE ( 'NONE', *, *, #3244, .F. );
#1167=VERTEX_POINT ( 'NONE', #300 );
#1168=EDGE_CURVE ( 'NONE', #3854, #1986, #4533, .T. );
#1169=AXIS2_PLACEMENT_3D ( 'NONE', #1128, #1097, #296 );
#1170=FACE_OUTER_BOUND ( 'NONE', #3553, .T. );
#1171=CARTESIAN_POINT ( 'NONE',  ( -0.1409999999999998200, -0.1550000000000000000, -0.1399999999999999900 ) );
#1172=ORIENTED_EDGE ( 'NONE', *, *, #1503, .T. );
#1173=LINE ( 'NONE', #780, #494 );
#1174=EDGE_LOOP ( 'NONE', ( #2298, #3069, #5498, #3461 ) );
#1175=LINE ( 'NONE', #154, #24 );
#1176=ADVANCED_FACE ( 'NONE', ( #4776 ), #1143, .F. );
#1177=CARTESIAN_POINT ( 'NONE',  ( -0.2149999999999996900, 0.01199999999999995000, -0.1499999999999999900 ) );
#1178=CARTESIAN_POINT ( 'NONE',  ( -0.08499999999999971500, 0.1050000000000000400, -0.1324999999999999800 ) );
#1179=CARTESIAN_POINT ( 'NONE',  ( 0.05900000000000024700, 0.1050000000000000400, -0.1324999999999999800 ) );
#1180=LINE ( 'NONE', #5294, #169 );
#1181=ORIENTED_EDGE ( 'NONE', *, *, #2664, .F. );
#1182=CIRCLE ( 'NONE', #3586, 0.007499999999999988400 );
#1183=CARTESIAN_POINT ( 'NONE',  ( -0.3150000000000003400, 0.09750000000000005900, -0.1324999999999999800 ) );
#1184=ORIENTED_EDGE ( 'NONE', *, *, #5224, .F. );
#1185=ORIENTED_EDGE ( 'NONE', *, *, #2697, .T. );
#1186=AXIS2_PLACEMENT_3D ( 'NONE', #2528, #235, #50 );
#1187=ADVANCED_FACE ( 'NONE', ( #3626 ), #2446, .T. );
#1188=EDGE_LOOP ( 'NONE', ( #2572, #4328, #376, #3305 ) );
#1189=CARTESIAN_POINT ( 'NONE',  ( 0.2590000000000002300, -0.1550000000000000000, 0.1499999999999999700 ) );
#1190=AXIS2_PLACEMENT_3D ( 'NONE', #233, #441, #1866 );
#1191=CARTESIAN_POINT ( 'NONE',  ( 0.1590000000000002200, 0.1050000000000000400, -0.1324999999999999800 ) );
#1192=CARTESIAN_POINT ( 'NONE',  ( 0.1270000000000003300, -1.707404996040164500E-017, -0.1499999999999999900 ) );
#1193=ORIENTED_EDGE ( 'NONE', *, *, #3362, .T. );
#1194=ADVANCED_FACE ( 'NONE', ( #244 ), #2877, .T. );
#1195=LINE ( 'NONE', #4078, #163 );
#1196=ADVANCED_FACE ( 'NONE', ( #704 ), #4509, .F. );
#1197=ORIENTED_EDGE ( 'NONE', *, *, #3444, .F. );
#1198=EDGE_CURVE ( 'NONE', #2627, #1108, #2377, .T. );
#1199=EDGE_CURVE ( 'NONE', #2066, #301, #74, .T. );
#1200=CYLINDRICAL_SURFACE ( 'NONE', #3418, 0.01750000000000001900 );
#1201=VERTEX_POINT ( 'NONE', #226 );
#1202=CARTESIAN_POINT ( 'NONE',  ( 0.2850000000000003100, 0.1050000000000000500, -0.1250000000000000000 ) );
#1203=CARTESIAN_POINT ( 'NONE',  ( 0.1270000000000003300, -1.778575257266404500E-017, -0.1499999999999999900 ) );
#1204=AXIS2_PLACEMENT_3D ( 'NONE', #1215, #25, #20 );
#1205=LINE ( 'NONE', #1573, #985 );
#1206=EDGE_LOOP ( 'NONE', ( #1395, #1290, #4311, #1289 ) );
#1207=EDGE_CURVE ( 'NONE', #3280, #5477, #3493, .T. );
#1208=( GEOMETRIC_REPRESENTATION_CONTEXT ( 3 ) GLOBAL_UNCERTAINTY_ASSIGNED_CONTEXT ( ( #132 ) ) GLOBAL_UNIT_ASSIGNED_CONTEXT ( ( #559, #327, #131 ) ) REPRESENTATION_CONTEXT ( 'NONE', 'WORKASPACE' ) );
#1209=CARTESIAN_POINT ( 'NONE',  ( 0.1410000000000002600, -1.707404996040164500E-017, 0.1499999999999999900 ) );
#1210=EDGE_LOOP ( 'NONE', ( #1608, #4020, #996, #3164 ) );
#1211=EDGE_LOOP ( 'NONE', ( #2766, #601, #4475, #2157 ) );
#1212=CARTESIAN_POINT ( 'NONE',  ( 0.08500000000000032500, 0.09750000000000005900, 0.1399999999999999900 ) );
#1213=ORIENTED_EDGE ( 'NONE', *, *, #4363, .T. );
#1214=VERTEX_POINT ( 'NONE', #3913 );
#1215=CARTESIAN_POINT ( 'NONE',  ( 0.08500000000000032500, 0.09750000000000005900, -0.1324999999999999800 ) );
#1216=DIRECTION ( 'NONE',  ( 2.731847993664269100E-016, -0.0000000000000000000, 1.000000000000000000 ) );
#1217=ORIENTED_EDGE ( 'NONE', *, *, #101, .F. );
#1218=VECTOR ( 'NONE', #492, 39.37007874015748100 );
#1219=VERTEX_POINT ( 'NONE', #857 );
#1220=AXIS2_PLACEMENT_3D ( 'NONE', #482, #10, #1152 );
#1221=ORIENTED_EDGE ( 'NONE', *, *, #568, .T. );
#1222=FACE_OUTER_BOUND ( 'NONE', #3589, .T. );
#1223=LINE ( 'NONE', #4206, #1329 );
#1224=MANIFOLD_SOLID_BREP ( 'LPattern1[5]', #2129 );
#1225=CARTESIAN_POINT ( 'NONE',  ( -0.1849999999999997500, 0.1150000000000000600, -0.1250000000000000000 ) );
#1226=VERTEX_POINT ( 'NONE', #895 );
#1227=CARTESIAN_POINT ( 'NONE',  ( -0.3590000000000002600, 0.1050000000000000400, 0.1324999999999999800 ) );
#1228=FACE_OUTER_BOUND ( 'NONE', #2415, .T. );
#1229=PLANE ( 'NONE',  #3309 );
#1230=LINE ( 'NONE', #1296, #225 );
#1231=CARTESIAN_POINT ( 'NONE',  ( -0.2149999999999996900, 0.1050000000000000400, 0.1324999999999999800 ) );
#1232=ORIENTED_EDGE ( 'NONE', *, *, #4798, .F. );
#1233=CARTESIAN_POINT ( 'NONE',  ( -0.2729999999999996300, -1.714505518806294100E-017, 0.1399999999999999900 ) );
#1234=LINE ( 'NONE', #569, #6 );
#1235=EDGE_CURVE ( 'NONE', #3068, #3466, #3542, .T. );
#1236=PLANE ( 'NONE',  #3126 );
#1237=ORIENTED_EDGE ( 'NONE', *, *, #523, .T. );
#1238=PLANE ( 'NONE',  #2733 );
#1239=ORIENTED_EDGE ( 'NONE', *, *, #1008, .T. );
#1240=FACE_OUTER_BOUND ( 'NONE', #1766, .T. );
#1241=ORIENTED_EDGE ( 'NONE', *, *, #534, .T. );
#1242=PLANE ( 'NONE',  #4814 );
#1243=LINE ( 'NONE', #2279, #519 );
#1244=ORIENTED_EDGE ( 'NONE', *, *, #3595, .F. );
#1245=PLANE ( 'NONE',  #5076 );
#1246=AXIS2_PLACEMENT_3D ( 'NONE', #2098, #138, #20 );
#1247=CARTESIAN_POINT ( 'NONE',  ( -0.08499999999999971500, 0.1050000000000000400, 0.1324999999999999800 ) );
#1248=AXIS2_PLACEMENT_3D ( 'NONE', #3337, #25, #20 );
#1249=ORIENTED_EDGE ( 'NONE', *, *, #1729, .F. );
#1250=ADVANCED_FACE ( 'NONE', ( #5472 ), #1404, .T. );
#1251=ORIENTED_EDGE ( 'NONE', *, *, #3116, .T. );
#1252=CARTESIAN_POINT ( 'NONE',  ( -0.3410000000000002500, 0.09750000000000005900, 0.1499999999999999900 ) );
#1253=ORIENTED_EDGE ( 'NONE', *, *, #4054, .F. );
#1254=CARTESIAN_POINT ( 'NONE',  ( 0.01500000000000031900, 0.01200000000000005200, 0.1499999999999999900 ) );
#1255=LINE ( 'NONE', #4236, #56 );
#1256=LINE ( 'NONE', #3118, #56 );
#1257=AXIS2_PLACEMENT_3D ( 'NONE', #4068, #25, #20 );
#1258=ORIENTED_EDGE ( 'NONE', *, *, #2546, .T. );
#1259=CARTESIAN_POINT ( 'NONE',  ( 0.2150000000000003000, 0.09750000000000005900, 0.1499999999999999900 ) );
#1260=CARTESIAN_POINT ( 'NONE',  ( -0.1149999999999997300, 0.09750000000000005900, -0.1324999999999999800 ) );
#1261=ORIENTED_EDGE ( 'NONE', *, *, #4735, .F. );
#1262=ORIENTED_EDGE ( 'NONE', *, *, #3866, .F. );
#1263=ORIENTED_EDGE ( 'NONE', *, *, #3639, .F. );
#1264=VERTEX_POINT ( 'NONE', #3587 );
#1265=ORIENTED_EDGE ( 'NONE', *, *, #5002, .F. );
#1266=AXIS2_PLACEMENT_3D ( 'NONE', #204, #284, #1272 );
#1267=AXIS2_PLACEMENT_3D ( 'NONE', #1032, #419, #1 );
#1268=LINE ( 'NONE', #1837, #35 );
#1269=ORIENTED_EDGE ( 'NONE', *, *, #2695, .T. );
#1270=ORIENTED_EDGE ( 'NONE', *, *, #3142, .T. );
#1271=ORIENTED_EDGE ( 'NONE', *, *, #457, .F. );
#1272=DIRECTION ( 'NONE',  ( 0.0000000000000000000, -2.276539994720223100E-015, -1.000000000000000000 ) );
#1273=EDGE_CURVE ( 'NONE', #957, #4147, #3423, .T. );
#1274=EDGE_CURVE ( 'NONE', #5477, #1149, #5369, .T. );
#1275=ORIENTED_EDGE ( 'NONE', *, *, #362, .F. );
#1276=ADVANCED_FACE ( 'NONE', ( #3972 ), #1416, .F. );
#1277=DIRECTION ( 'NONE',  ( 0.0000000000000000000, -1.000000000000000000, -1.751184611323244400E-016 ) );
#1278=CARTESIAN_POINT ( 'NONE',  ( 0.2590000000000002300, 0.1150000000000000600, 0.1250000000000000000 ) );
#1279=EDGE_LOOP ( 'NONE', ( #3944, #4239, #1857, #5313 ) );
#1280=EDGE_CURVE ( 'NONE', #307, #4022, #3152, .T. );
#1281=AXIS2_PLACEMENT_3D ( 'NONE', #510, #235, #50 );
#1282=ORIENTED_EDGE ( 'NONE', *, *, #1873, .T. );
#1283=ORIENTED_EDGE ( 'NONE', *, *, #2476, .F. );
#1284=PLANE ( 'NONE',  #1281 );
#1285=LINE ( 'NONE', #232, #408 );
#1286=CARTESIAN_POINT ( 'NONE',  ( 0.3150000000000003400, 0.09750000000000005900, 0.1324999999999999800 ) );
#1287=CARTESIAN_POINT ( 'NONE',  ( -0.1409999999999998200, -1.707404996040164500E-017, -0.1324999999999999800 ) );
#1288=ORIENTED_EDGE ( 'NONE', *, *, #3637, .F. );
#1289=ORIENTED_EDGE ( 'NONE', *, *, #322, .F. );
#1290=ORIENTED_EDGE ( 'NONE', *, *, #4729, .T. );
#1291=LINE ( 'NONE', #945, #56 );
#1292=ORIENTED_EDGE ( 'NONE', *, *, #5070, .F. );
#1293=CARTESIAN_POINT ( 'NONE',  ( -0.01499999999999970300, 0.01199999999999995000, 0.1499999999999999900 ) );
#1294=ORIENTED_EDGE ( 'NONE', *, *, #5118, .T. );
#1295=LINE ( 'NONE', #2340, #35 );
#1296=CARTESIAN_POINT ( 'NONE',  ( 0.1590000000000002200, -0.1550000000000000000, -0.1399999999999999900 ) );
#1297=PLANE ( 'NONE',  #2750 );
#1298=AXIS2_PLACEMENT_3D ( 'NONE', #1112, #4413, #2426 );
#1299=EDGE_CURVE ( 'NONE', #456, #3213, #881, .T. );
#1300=EDGE_CURVE ( 'NONE', #1682, #3, #2000, .T. );
#1301=AXIS2_PLACEMENT_3D ( 'NONE', #2757, #10, #1152 );
#1302=CARTESIAN_POINT ( 'NONE',  ( 0.3899999999999998500, 0.1050000000000000500, -0.1250000000000000600 ) );
#1303=LINE ( 'NONE', #793, #498 );
#1304=CARTESIAN_POINT ( 'NONE',  ( -0.3410000000000002500, 0.09750000000000005900, -0.1399999999999999900 ) );
#1305=CARTESIAN_POINT ( 'NONE',  ( 0.05900000000000024700, -0.1550000000000000000, 0.1499999999999999700 ) );
#1306=VERTEX_POINT ( 'NONE', #506 );
#1307=EDGE_CURVE ( 'NONE', #4611, #1219, #3916, .T. );
#1308=EDGE_CURVE ( 'NONE', #3808, #456, #1903, .T. );
#1309=ADVANCED_FACE ( 'NONE', ( #1972 ), #2738, .F. );
#1310=CIRCLE ( 'NONE', #2606, 0.01750000000000001900 );
#1311=ORIENTED_EDGE ( 'NONE', *, *, #4201, .T. );
#1312=ORIENTED_EDGE ( 'NONE', *, *, #5062, .T. );
#1313=CARTESIAN_POINT ( 'NONE',  ( 0.3270000000000003500, -1.778575257266404500E-017, -0.1499999999999999900 ) );
#1314=LINE ( 'NONE', #1800, #146 );
#1315=EDGE_CURVE ( 'NONE', #1405, #2773, #1770, .T. );
#1316=CARTESIAN_POINT ( 'NONE',  ( 0.1730000000000002900, -1.714505518806294100E-017, 0.1399999999999999900 ) );
#1317=CARTESIAN_POINT ( 'NONE',  ( -0.3590000000000002600, 0.1050000000000000400, -0.1324999999999999800 ) );
#1318=AXIS2_PLACEMENT_3D ( 'NONE', #266, #25, #20 );
#1319=LINE ( 'NONE', #1444, #498 );
#1320=LINE ( 'NONE', #3312, #149 );
#1321=VERTEX_POINT ( 'NONE', #577 );
#1322=VERTEX_POINT ( 'NONE', #4696 );
#1323=FACE_OUTER_BOUND ( 'NONE', #5174, .T. );
#1324=CARTESIAN_POINT ( 'NONE',  ( -0.1849999999999997500, 0.09750000000000005900, -0.1499999999999999900 ) );
#1325=EDGE_LOOP ( 'NONE', ( #4060, #1007, #1776, #3898 ) );
#1326=AXIS2_PLACEMENT_3D ( 'NONE', #232, #1533, #487 );
#1327=EDGE_LOOP ( 'NONE', ( #4256, #3157, #4393, #5321, #447, #2675, #3144 ) );
#1328=ORIENTED_EDGE ( 'NONE', *, *, #751, .F. );
#1329=VECTOR ( 'NONE', #874, 39.37007874015748100 );
#1330=PLANE ( 'NONE',  #3939 );
#1331=FACE_OUTER_BOUND ( 'NONE', #4312, .T. );
#1332=ORIENTED_EDGE ( 'NONE', *, *, #1274, .T. );
#1333=ORIENTED_EDGE ( 'NONE', *, *, #3620, .F. );
#1334=FACE_OUTER_BOUND ( 'NONE', #3159, .T. );
#1335=CARTESIAN_POINT ( 'NONE',  ( 0.3590000000000002600, 0.09750000000000005900, 0.1499999999999999900 ) );
#1336=ORIENTED_EDGE ( 'NONE', *, *, #240, .T. );
#1337=EDGE_CURVE ( 'NONE', #3971, #278, #764, .T. );
#1338=ORIENTED_EDGE ( 'NONE', *, *, #651, .F. );
#1339=EDGE_LOOP ( 'NONE', ( #286, #5377, #1847, #2837, #3483, #4378, #178, #2625, #2375, #4896 ) );
#1340=ORIENTED_EDGE ( 'NONE', *, *, #231, .F. );
#1341=AXIS2_PLACEMENT_3D ( 'NONE', #933, #323, #235 );
#1342=CARTESIAN_POINT ( 'NONE',  ( -0.08499999999999971500, 0.1050000000000000500, 0.1250000000000000000 ) );
#1343=EDGE_CURVE ( 'NONE', #5113, #2323, #2887, .T. );
#1344=ORIENTED_EDGE ( 'NONE', *, *, #959, .F. );
#1345=LINE ( 'NONE', #5177, #168 );
#1346=ORIENTED_EDGE ( 'NONE', *, *, #5175, .T. );
#1347=EDGE_CURVE ( 'NONE', #3215, #5258, #468, .T. );
#1348=EDGE_CURVE ( 'NONE', #5055, #2247, #2704, .T. );
#1349=EDGE_CURVE ( 'NONE', #1364, #2304, #304, .T. );
#1350=ORIENTED_EDGE ( 'NONE', *, *, #5318, .F. );
#1351=LINE ( 'NONE', #105, #168 );
#1352=CARTESIAN_POINT ( 'NONE',  ( 0.08500000000000032500, -1.714505518806294100E-017, -0.1399999999999999900 ) );
#1353=CARTESIAN_POINT ( 'NONE',  ( -0.2849999999999997000, 0.01200000000000005200, -0.1324999999999999800 ) );
#1354=VERTEX_POINT ( 'NONE', #1936 );
#1355=ORIENTED_EDGE ( 'NONE', *, *, #2476, .T. );
#1356=ORIENTED_EDGE ( 'NONE', *, *, #3829, .F. );
#1357=EDGE_CURVE ( 'NONE', #247, #5116, #1701, .T. );
#1358=ORIENTED_EDGE ( 'NONE', *, *, #5070, .T. );
#1359=AXIS2_PLACEMENT_3D ( 'NONE', #2044, #1134, #1152 );
#1360=EDGE_LOOP ( 'NONE', ( #2891, #2715, #2347, #1574 ) );
#1361=PLANE ( 'NONE',  #217 );
#1362=PLANE ( 'NONE',  #4551 );
#1363=CLOSED_SHELL ( 'NONE', ( #1157, #3600, #5279, #2770, #3487, #1909, #2064, #3111, #1151, #4573, #5206, #4801, #374 ) );
#1364=VERTEX_POINT ( 'NONE', #1527 );
#1365=ADVANCED_FACE ( 'NONE', ( #1581 ), #4840, .F. );
#1366=FACE_OUTER_BOUND ( 'NONE', #3739, .T. );
#1367=PLANE ( 'NONE',  #1144 );
#1368=CARTESIAN_POINT ( 'NONE',  ( -0.1149999999999997300, 0.09750000000000005900, 0.1324999999999999800 ) );
#1369=CARTESIAN_POINT ( 'NONE',  ( -0.01499999999999970300, 0.1150000000000000700, -0.1324999999999999800 ) );
#1370=CARTESIAN_POINT ( 'NONE',  ( -0.3899999999999994000, 0.1499999999999999400, 0.02799999999999999700 ) );
#1371=AXIS2_PLACEMENT_3D ( 'NONE', #3322, #20, #235 );
#1372=CARTESIAN_POINT ( 'NONE',  ( -0.08499999999999971500, 0.1150000000000000700, -0.1324999999999999800 ) );
#1373=EDGE_CURVE ( 'NONE', #2552, #3942, #4101, .T. );
#1374=AXIS2_PLACEMENT_3D ( 'NONE', #3700, #235, #50 );
#1375=LINE ( 'NONE', #3616, #6 );
#1376=ORIENTED_EDGE ( 'NONE', *, *, #572, .T. );
#1377=ADVANCED_FACE ( 'NONE', ( #4479 ), #1959, .F. );
#1378=ORIENTED_EDGE ( 'NONE', *, *, #4545, .T. );
#1379=CARTESIAN_POINT ( 'NONE',  ( -0.05899999999999976800, 0.09750000000000005900, 0.1399999999999999900 ) );
#1380=CARTESIAN_POINT ( 'NONE',  ( 0.2850000000000003100, -1.714505518806294100E-017, 0.1399999999999999900 ) );
#1381=LINE ( 'NONE', #1727, #163 );
#1382=EDGE_CURVE ( 'NONE', #2552, #3994, #3306, .T. );
#1383=LINE ( 'NONE', #171, #56 );
#1384=LINE ( 'NONE', #4014, #368 );
#1385=CARTESIAN_POINT ( 'NONE',  ( -0.01499999999999970300, 0.09750000000000005900, 0.1324999999999999800 ) );
#1386=PLANE ( 'NONE',  #575 );
#1387=AXIS2_PLACEMENT_3D ( 'NONE', #1548, #284, #1272 );
#1388=VERTEX_POINT ( 'NONE', #3661 );
#1389=EDGE_CURVE ( 'NONE', #5005, #5113, #865, .T. );
#1390=CARTESIAN_POINT ( 'NONE',  ( -0.01499999999999970300, -1.714505518806294100E-017, -0.1399999999999999900 ) );
#1391=ORIENTED_EDGE ( 'NONE', *, *, #3925, .T. );
#1392=FACE_OUTER_BOUND ( 'NONE', #876, .T. );
#1393=ADVANCED_FACE ( 'NONE', ( #4349 ), #3935, .T. );
#1394=ORIENTED_EDGE ( 'NONE', *, *, #2548, .F. );
#1395=ORIENTED_EDGE ( 'NONE', *, *, #541, .F. );
#1396=ORIENTED_EDGE ( 'NONE', *, *, #5395, .T. );
#1397=EDGE_LOOP ( 'NONE', ( #663, #4376, #4906, #2543 ) );
#1398=EDGE_LOOP ( 'NONE', ( #2499, #5158, #3892, #222 ) );
#1399=CARTESIAN_POINT ( 'NONE',  ( 0.2150000000000003000, 0.1050000000000000500, 0.1250000000000000000 ) );
#1400=AXIS2_PLACEMENT_3D ( 'NONE', #3288, #25, #50 );
#1401=ORIENTED_EDGE ( 'NONE', *, *, #2172, .F. );
#1402=ORIENTED_EDGE ( 'NONE', *, *, #3453, .F. );
#1403=ORIENTED_EDGE ( 'NONE', *, *, #531, .F. );
#1404=PLANE ( 'NONE',  #4001 );
#1405=VERTEX_POINT ( 'NONE', #2442 );
#1406=CARTESIAN_POINT ( 'NONE',  ( 0.3150000000000003400, 0.09750000000000005900, -0.1324999999999999800 ) );
#1407=ADVANCED_FACE ( 'NONE', ( #648 ), #4793, .F. );
#1408=AXIS2_PLACEMENT_3D ( 'NONE', #1579, #258, #20 );
#1409=DIRECTION ( 'NONE',  ( 0.7071067811865464600, -0.7071067811865484600, -9.562912086588451800E-017 ) );
#1410=VERTEX_POINT ( 'NONE', #2841 );
#1411=CARTESIAN_POINT ( 'NONE',  ( -0.08499999999999971500, 0.1150000000000000600, 0.1250000000000000000 ) );
#1412=ORIENTED_EDGE ( 'NONE', *, *, #123, .F. );
#1413=LINE ( 'NONE', #682, #2781 );
#1414=LINE ( 'NONE', #3282, #306 );
#1415=VERTEX_POINT ( 'NONE', #1937 );
#1416=PLANE ( 'NONE',  #1900 );
#1417=ORIENTED_EDGE ( 'NONE', *, *, #1622, .T. );
#1418=EDGE_LOOP ( 'NONE', ( #4268, #3745, #848, #3753, #1895, #2536, #2744, #3408 ) );
#1419=VERTEX_POINT ( 'NONE', #1075 );
#1420=EDGE_CURVE ( 'NONE', #2805, #1103, #2595, .T. );
#1421=CARTESIAN_POINT ( 'NONE',  ( 0.2850000000000003100, 0.01199999999999994800, -0.1499999999999999900 ) );
#1422=ORIENTED_EDGE ( 'NONE', *, *, #1198, .T. );
#1423=ORIENTED_EDGE ( 'NONE', *, *, #5372, .T. );
#1424=LINE ( 'NONE', #503, #6 );
#1425=LINE ( 'NONE', #3400, #35 );
#1426=VERTEX_POINT ( 'NONE', #3224 );
#1427=LINE ( 'NONE', #1163, #35 );
#1428=EDGE_LOOP ( 'NONE', ( #3480, #2083, #2544, #621 ) );
#1429=LINE ( 'NONE', #791, #6 );
#1430=EDGE_CURVE ( 'NONE', #4307, #3780, #565, .T. );
#1431=ORIENTED_EDGE ( 'NONE', *, *, #4735, .T. );
#1432=EDGE_CURVE ( 'NONE', #3601, #1023, #331, .T. );
#1433=CARTESIAN_POINT ( 'NONE',  ( 0.1590000000000002200, 0.1050000000000000500, 0.1250000000000000000 ) );
#1434=PLANE ( 'NONE',  #2139 );
#1435=ORIENTED_EDGE ( 'NONE', *, *, #2341, .F. );
#1436=LINE ( 'NONE', #2013, #4231 );
#1437=EDGE_LOOP ( 'NONE', ( #5001, #3840, #4587, #2449, #4730, #2417, #2809, #5112 ) );
#1438=ORIENTED_EDGE ( 'NONE', *, *, #1622, .F. );
#1439=DIRECTION ( 'NONE',  ( -0.1294283079955639800, -0.9831056027603600800, -0.1294283079955638700 ) );
#1440=FACE_OUTER_BOUND ( 'NONE', #692, .T. );
#1441=CARTESIAN_POINT ( 'NONE',  ( 0.2590000000000002300, -1.707404996040164500E-017, 0.1499999999999999900 ) );
#1442=CARTESIAN_POINT ( 'NONE',  ( -0.02699999999999973900, -1.707404996040164500E-017, 0.1499999999999999900 ) );
#1443=ORIENTED_EDGE ( 'NONE', *, *, #3990, .T. );
#1444=CARTESIAN_POINT ( 'NONE',  ( 0.08500000000000032500, 0.1050000000000000400, -0.1324999999999999800 ) );
#1445=LINE ( 'NONE', #4860, #6 );
#1446=CARTESIAN_POINT ( 'NONE',  ( -0.05899999999999976800, -1.707404996040164500E-017, -0.1324999999999999800 ) );
#1447=EDGE_CURVE ( 'NONE', #4228, #325, #1650, .T. );
#1448=AXIS2_PLACEMENT_3D ( 'NONE', #1457, #235, #50 );
#1449=FACE_OUTER_BOUND ( 'NONE', #1360, .T. );
#1450=LINE ( 'NONE', #2612, #250 );
#1451=VERTEX_POINT ( 'NONE', #4583 );
#1452=CARTESIAN_POINT ( 'NONE',  ( -0.1409999999999998200, 0.1050000000000000500, 0.1250000000000000000 ) );
#1453=ORIENTED_EDGE ( 'NONE', *, *, #5048, .T. );
#1454=CARTESIAN_POINT ( 'NONE',  ( -0.1409999999999998200, -1.714505518806294100E-017, 0.1399999999999999900 ) );
#1455=CARTESIAN_POINT ( 'NONE',  ( 0.1150000000000003100, 0.1050000000000000400, 0.1324999999999999800 ) );
#1456=ORIENTED_EDGE ( 'NONE', *, *, #3738, .T. );
#1457=CARTESIAN_POINT ( 'NONE',  ( 0.3410000000000002500, 0.09750000000000005900, 0.1324999999999999800 ) );
#1458=CARTESIAN_POINT ( 'NONE',  ( -0.3788095377050707000, 0.1999999999999999600, 0.1138095377050712800 ) );
#1459=EDGE_CURVE ( 'NONE', #2834, #3808, #2847, .T. );
#1460=EDGE_CURVE ( 'NONE', #5258, #1986, #5266, .T. );
#1461=VERTEX_POINT ( 'NONE', #93 );
#1462=PLANE ( 'NONE',  #3945 );
#1463=ORIENTED_EDGE ( 'NONE', *, *, #173, .T. );
#1464=ORIENTED_EDGE ( 'NONE', *, *, #2630, .T. );
#1465=ORIENTED_EDGE ( 'NONE', *, *, #5198, .T. );
#1466=ORIENTED_EDGE ( 'NONE', *, *, #1621, .F. );
#1467=VERTEX_POINT ( 'NONE', #204 );
#1468=LINE ( 'NONE', #506, #24 );
#1469=DIRECTION ( 'NONE',  ( -1.000000000000000000, 0.0000000000000000000, 0.0000000000000000000 ) );
#1470=DIRECTION ( 'NONE',  ( -0.0000000000000000000, 0.0000000000000000000, -1.000000000000000000 ) );
#1471=VERTEX_POINT ( 'NONE', #723 );
#1472=EDGE_CURVE ( 'NONE', #3090, #4657, #3037, .T. );
#1473=LINE ( 'NONE', #5361, #163 );
#1474=EDGE_LOOP ( 'NONE', ( #3278, #1794, #1172, #5159, #4893, #5424, #815, #1665 ) );
#1475=CARTESIAN_POINT ( 'NONE',  ( -0.1409999999999998200, 0.09750000000000005900, -0.1399999999999999900 ) );
#1476=CYLINDRICAL_SURFACE ( 'NONE', #3015, 0.007499999999999988400 );
#1477=VERTEX_POINT ( 'NONE', #1171 );
#1478=LINE ( 'NONE', #578, #149 );
#1479=VERTEX_POINT ( 'NONE', #687 );
#1480=VERTEX_POINT ( 'NONE', #1671 );
#1481=VERTEX_POINT ( 'NONE', #4878 );
#1482=ORIENTED_EDGE ( 'NONE', *, *, #3764, .F. );
#1483=ORIENTED_EDGE ( 'NONE', *, *, #4892, .F. );
#1484=EDGE_LOOP ( 'NONE', ( #2225, #3097, #1443, #1237, #2275, #3870, #615, #2433 ) );
#1485=EDGE_LOOP ( 'NONE', ( #1271, #3702, #5486, #4618 ) );
#1486=AXIS2_PLACEMENT_3D ( 'NONE', #1302, #4600, #2178 );
#1487=ORIENTED_EDGE ( 'NONE', *, *, #1348, .T. );
#1488=CARTESIAN_POINT ( 'NONE',  ( -0.3270000000000003500, -1.707404996040164500E-017, -0.1499999999999999900 ) );
#1489=ADVANCED_FACE ( 'NONE', ( #412 ), #2924, .F. );
#1490=VERTEX_POINT ( 'NONE', #1158 );
#1491=PLANE ( 'NONE',  #4561 );
#1492=EDGE_CURVE ( 'NONE', #2247, #2071, #5144, .T. );
#1493=ORIENTED_EDGE ( 'NONE', *, *, #883, .T. );
#1494=ADVANCED_FACE ( 'NONE', ( #4900 ), #249, .F. );
#1495=EDGE_CURVE ( 'NONE', #2223, #4612, #1797, .T. );
#1496=DIRECTION ( 'NONE',  ( -0.9914448613738103800, -0.1305261922200518800, 2.708476655372792900E-016 ) );
#1497=VERTEX_POINT ( 'NONE', #1749 );
#1498=VECTOR ( 'NONE', #3517, 39.37007874015748100 );
#1499=CARTESIAN_POINT ( 'NONE',  ( -0.3150000000000003400, 0.1150000000000000600, -0.1250000000000000000 ) );
#1500=ORIENTED_EDGE ( 'NONE', *, *, #683, .F. );
#1501=LINE ( 'NONE', #2846, #163 );
#1502=VERTEX_POINT ( 'NONE', #3346 );
#1503=EDGE_CURVE ( 'NONE', #833, #4391, #1726, .T. );
#1504=CARTESIAN_POINT ( 'NONE',  ( 0.1150000000000003100, 0.09750000000000005900, 0.1324999999999999800 ) );
#1505=CYLINDRICAL_SURFACE ( 'NONE', #1257, 0.01750000000000001900 );
#1506=EDGE_CURVE ( 'NONE', #3378, #2644, #4663, .T. );
#1507=VERTEX_POINT ( 'NONE', #3323 );
#1508=EDGE_CURVE ( 'NONE', #4394, #4094, #3814, .T. );
#1509=LINE ( 'NONE', #1145, #56 );
#1510=PLANE ( 'NONE',  #3555 );
#1511=PLANE ( 'NONE',  #5214 );
#1512=AXIS2_PLACEMENT_3D ( 'NONE', #1578, #794, #612 );
#1513=ADVANCED_FACE ( 'NONE', ( #2522 ), #1505, .T. );
#1514=LINE ( 'NONE', #1421, #169 );
#1515=EDGE_LOOP ( 'NONE', ( #4258, #5353, #2047, #2400, #2554, #4468, #2422, #2692, #2307, #3978 ) );
#1516=EDGE_LOOP ( 'NONE', ( #2933, #1568, #2054, #2137 ) );
#1517=AXIS2_PLACEMENT_3D ( 'NONE', #3393, #461, #166 );
#1518=ORIENTED_EDGE ( 'NONE', *, *, #574, .F. );
#1519=EDGE_CURVE ( 'NONE', #4554, #1711, #4720, .T. );
#1520=( GEOMETRIC_REPRESENTATION_CONTEXT ( 3 ) GLOBAL_UNCERTAINTY_ASSIGNED_CONTEXT ( ( #132 ) ) GLOBAL_UNIT_ASSIGNED_CONTEXT ( ( #559, #327, #131 ) ) REPRESENTATION_CONTEXT ( 'NONE', 'WORKASPACE' ) );
#1521=ADVANCED_FACE ( 'NONE', ( #78 ), #2067, .T. );
#1522=ORIENTED_EDGE ( 'NONE', *, *, #3741, .F. );
#1523=EDGE_CURVE ( 'NONE', #62, #1813, #3562, .T. );
#1524=ADVANCED_FACE ( 'NONE', ( #4834 ), #4592, .F. );
#1525=EDGE_CURVE ( 'NONE', #2845, #4692, #3931, .T. );
#1526=EDGE_LOOP ( 'NONE', ( #1821, #332, #2537, #1678 ) );
#1527=CARTESIAN_POINT ( 'NONE',  ( 0.1850000000000003000, 0.09750000000000005900, 0.1399999999999999900 ) );
#1528=PLANE ( 'NONE',  #3871 );
#1529=VERTEX_POINT ( 'NONE', #3777 );
#1530=CARTESIAN_POINT ( 'NONE',  ( 0.1150000000000003100, 0.1150000000000000600, 0.1250000000000000000 ) );
#1531=ORIENTED_EDGE ( 'NONE', *, *, #2170, .F. );
#1532=VERTEX_POINT ( 'NONE', #5322 );
#1533=DIRECTION ( 'NONE',  ( -0.7071067811865485700, 0.7071067811865465700, 5.020827797899659000E-018 ) );
#1534=CYLINDRICAL_SURFACE ( 'NONE', #890, 0.01750000000000001900 );
#1535=ORIENTED_EDGE ( 'NONE', *, *, #4186, .T. );
#1536=ORIENTED_EDGE ( 'NONE', *, *, #1432, .F. );
#1537=FACE_OUTER_BOUND ( 'NONE', #3822, .T. );
#1538=VERTEX_POINT ( 'NONE', #4198 );
#1539=ORIENTED_EDGE ( 'NONE', *, *, #5199, .T. );
#1540=EDGE_LOOP ( 'NONE', ( #3514, #3067, #3016, #1138 ) );
#1541=LINE ( 'NONE', #1938, #371 );
#1542=ORIENTED_EDGE ( 'NONE', *, *, #1729, .T. );
#1543=CARTESIAN_POINT ( 'NONE',  ( -0.3590000000000002600, 0.1150000000000000600, 0.1324999999999999800 ) );
#1544=LINE ( 'NONE', #1619, #35 );
#1545=ORIENTED_EDGE ( 'NONE', *, *, #803, .F. );
#1546=CARTESIAN_POINT ( 'NONE',  ( -0.3150000000000003400, 0.1050000000000000400, 0.1324999999999999800 ) );
#1547=VERTEX_POINT ( 'NONE', #2607 );
#1548=CARTESIAN_POINT ( 'NONE',  ( -0.1409999999999998200, 0.1050000000000000500, -0.1250000000000000000 ) );
#1549=ORIENTED_EDGE ( 'NONE', *, *, #3178, .F. );
#1550=CARTESIAN_POINT ( 'NONE',  ( -0.02699999999999973900, -1.714505518806294100E-017, 0.1399999999999999900 ) );
#1551=ORIENTED_EDGE ( 'NONE', *, *, #2668, .F. );
#1552=ORIENTED_EDGE ( 'NONE', *, *, #1432, .T. );
#1553=EDGE_CURVE ( 'NONE', #4837, #1065, #2315, .T. );
#1554=( GEOMETRIC_REPRESENTATION_CONTEXT ( 3 ) GLOBAL_UNCERTAINTY_ASSIGNED_CONTEXT ( ( #132 ) ) GLOBAL_UNIT_ASSIGNED_CONTEXT ( ( #559, #327, #131 ) ) REPRESENTATION_CONTEXT ( 'NONE', 'WORKASPACE' ) );
#1555=LINE ( 'NONE', #199, #250 );
#1556=FACE_OUTER_BOUND ( 'NONE', #3884, .T. );
#1557=ORIENTED_EDGE ( 'NONE', *, *, #2930, .T. );
#1558=LINE ( 'NONE', #1032, #35 );
#1559=ORIENTED_EDGE ( 'NONE', *, *, #1161, .T. );
#1560=ADVANCED_FACE ( 'NONE', ( #1222 ), #2133, .T. );
#1561=CARTESIAN_POINT ( 'NONE',  ( -0.2149999999999996900, 0.01199999999999995000, -0.1324999999999999800 ) );
#1562=VERTEX_POINT ( 'NONE', #2192 );
#1563=AXIS2_PLACEMENT_3D ( 'NONE', #3313, #323, #235 );
#1564=LINE ( 'NONE', #838, #149 );
#1565=EDGE_CURVE ( 'NONE', #4514, #983, #860, .T. );
#1566=PLANE ( 'NONE',  #4613 );
#1567=( GEOMETRIC_REPRESENTATION_CONTEXT ( 3 ) GLOBAL_UNCERTAINTY_ASSIGNED_CONTEXT ( ( #132 ) ) GLOBAL_UNIT_ASSIGNED_CONTEXT ( ( #559, #327, #131 ) ) REPRESENTATION_CONTEXT ( 'NONE', 'WORKASPACE' ) );
#1568=ORIENTED_EDGE ( 'NONE', *, *, #2789, .T. );
#1569=CARTESIAN_POINT ( 'NONE',  ( 0.3410000000000002500, 0.09750000000000005900, -0.1324999999999999800 ) );
#1570=ORIENTED_EDGE ( 'NONE', *, *, #3976, .T. );
#1571=CARTESIAN_POINT ( 'NONE',  ( 0.1590000000000002200, 0.09750000000000005900, -0.1399999999999999900 ) );
#1572=ORIENTED_EDGE ( 'NONE', *, *, #173, .F. );
#1573=CARTESIAN_POINT ( 'NONE',  ( 0.04100000000000025800, 0.09750000000000005900, 0.1499999999999999900 ) );
#1574=ORIENTED_EDGE ( 'NONE', *, *, #191, .T. );
#1575=EDGE_CURVE ( 'NONE', #3052, #4621, #5138, .T. );
#1576=EDGE_CURVE ( 'NONE', #3327, #1419, #4095, .T. );
#1577=VERTEX_POINT ( 'NONE', #720 );
#1578=CARTESIAN_POINT ( 'NONE',  ( -0.2149999999999996900, 0.01199999999999995000, 0.1324999999999999800 ) );
#1579=CARTESIAN_POINT ( 'NONE',  ( 0.2590000000000002300, 0.09750000000000005900, -0.1324999999999999800 ) );
#1580=ADVANCED_FACE ( 'NONE', ( #3810 ), #2173, .F. );
#1581=FACE_OUTER_BOUND ( 'NONE', #1428, .T. );
#1582=ORIENTED_EDGE ( 'NONE', *, *, #1732, .F. );
#1583=CARTESIAN_POINT ( 'NONE',  ( 0.05900000000000024700, -0.1550000000000000000, -0.1499999999999999700 ) );
#1584=EDGE_CURVE ( 'NONE', #4746, #3190, #1153, .T. );
#1585=LINE ( 'NONE', #1252, #2326 );
#1586=CARTESIAN_POINT ( 'NONE',  ( 0.08500000000000032500, 0.01199999999999995000, 0.1399999999999999900 ) );
#1587=LINE ( 'NONE', #211, #24 );
#1588=DIRECTION ( 'NONE',  ( 0.0000000000000000000, 0.9914448613738103800, -0.1305261922200518800 ) );
#1589=VERTEX_POINT ( 'NONE', #793 );
#1590=ADVANCED_FACE ( 'NONE', ( #3030 ), #4180, .F. );
#1591=ADVANCED_FACE ( 'NONE', ( #3987 ), #5333, .F. );
#1592=CARTESIAN_POINT ( 'NONE',  ( -0.1849999999999997500, 0.01200000000000005200, -0.1399999999999999900 ) );
#1593=AXIS2_PLACEMENT_3D ( 'NONE', #3315, #25, #20 );
#1594=ORIENTED_EDGE ( 'NONE', *, *, #4141, .F. );
#1595=CARTESIAN_POINT ( 'NONE',  ( -0.2589999999999997300, 0.09750000000000005900, 0.1324999999999999800 ) );
#1596=AXIS2_PLACEMENT_3D ( 'NONE', #3337, #258, #20 );
#1597=CYLINDRICAL_SURFACE ( 'NONE', #624, 0.01750000000000001900 );
#1598=CYLINDRICAL_SURFACE ( 'NONE', #455, 0.007499999999999988400 );
#1599=ADVANCED_FACE ( 'NONE', ( #2259 ), #2569, .T. );
#1600=AXIS2_PLACEMENT_3D ( 'NONE', #47, #441, #1866 );
#1601=ORIENTED_EDGE ( 'NONE', *, *, #1908, .T. );
#1602=ORIENTED_EDGE ( 'NONE', *, *, #4490, .T. );
#1603=ORIENTED_EDGE ( 'NONE', *, *, #3860, .F. );
#1604=FACE_OUTER_BOUND ( 'NONE', #675, .T. );
#1605=ORIENTED_EDGE ( 'NONE', *, *, #1698, .T. );
#1606=CARTESIAN_POINT ( 'NONE',  ( 0.3590000000000002600, 0.1150000000000000600, -0.1499999999999999900 ) );
#1607=ADVANCED_FACE ( 'NONE', ( #1080 ), #4220, .F. );
#1608=ORIENTED_EDGE ( 'NONE', *, *, #417, .T. );
#1609=ORIENTED_EDGE ( 'NONE', *, *, #479, .T. );
#1610=ORIENTED_EDGE ( 'NONE', *, *, #1082, .T. );
#1611=CARTESIAN_POINT ( 'NONE',  ( 0.3150000000000003400, 0.1150000000000000600, -0.1250000000000000000 ) );
#1612=ORIENTED_EDGE ( 'NONE', *, *, #44, .T. );
#1613=ORIENTED_EDGE ( 'NONE', *, *, #1519, .T. );
#1614=EDGE_CURVE ( 'NONE', #1950, #377, #4287, .T. );
#1615=VECTOR ( 'NONE', #3878, 39.37007874015748100 );
#1616=ORIENTED_EDGE ( 'NONE', *, *, #143, .F. );
#1617=CARTESIAN_POINT ( 'NONE',  ( -0.2149999999999996900, 0.1050000000000000400, -0.1324999999999999800 ) );
#1618=ORIENTED_EDGE ( 'NONE', *, *, #3498, .F. );
#1619=CARTESIAN_POINT ( 'NONE',  ( -0.2409999999999997700, 0.1150000000000000600, -0.1250000000000000000 ) );
#1620=EDGE_LOOP ( 'NONE', ( #1376, #3402, #4954, #4877 ) );
#1621=EDGE_CURVE ( 'NONE', #96, #1226, #3685, .T. );
#1622=EDGE_CURVE ( 'NONE', #483, #3156, #1436, .T. );
#1623=LINE ( 'NONE', #933, #270 );
#1624=ORIENTED_EDGE ( 'NONE', *, *, #4731, .T. );
#1625=VERTEX_POINT ( 'NONE', #926 );
#1626=ADVANCED_FACE ( 'NONE', ( #2198 ), #3527, .T. );
#1627=CYLINDRICAL_SURFACE ( 'NONE', #1257, 0.007499999999999988400 );
#1628=ORIENTED_EDGE ( 'NONE', *, *, #1663, .F. );
#1629=CARTESIAN_POINT ( 'NONE',  ( 0.2410000000000002400, -1.707404996040164500E-017, -0.1399999999999999900 ) );
#1630=EDGE_LOOP ( 'NONE', ( #966, #1356, #1025, #4127 ) );
#1631=FACE_OUTER_BOUND ( 'NONE', #2946, .T. );
#1632=ORIENTED_EDGE ( 'NONE', *, *, #4405, .T. );
#1633=FACE_OUTER_BOUND ( 'NONE', #3838, .T. );
#1634=ORIENTED_EDGE ( 'NONE', *, *, #227, .T. );
#1635=CARTESIAN_POINT ( 'NONE',  ( 0.04100000000000025800, 0.09750000000000005900, -0.1324999999999999800 ) );
#1636=ADVANCED_FACE ( 'NONE', ( #2589 ), #454, .T. );
#1637=ORIENTED_EDGE ( 'NONE', *, *, #3355, .T. );
#1638=CARTESIAN_POINT ( 'NONE',  ( -0.3590000000000002600, 0.1150000000000000700, -0.1324999999999999800 ) );
#1639=AXIS2_PLACEMENT_3D ( 'NONE', #1091, #50, #235 );
#1640=EDGE_LOOP ( 'NONE', ( #262, #1628, #5010, #899 ) );
#1641=EDGE_CURVE ( 'NONE', #1507, #896, #705, .T. );
#1642=( GEOMETRIC_REPRESENTATION_CONTEXT ( 3 ) GLOBAL_UNCERTAINTY_ASSIGNED_CONTEXT ( ( #132 ) ) GLOBAL_UNIT_ASSIGNED_CONTEXT ( ( #559, #327, #131 ) ) REPRESENTATION_CONTEXT ( 'NONE', 'WORKASPACE' ) );
#1643=ADVANCED_FACE ( 'NONE', ( #3238 ), #2649, .T. );
#1644=ORIENTED_EDGE ( 'NONE', *, *, #5438, .T. );
#1645=ORIENTED_EDGE ( 'NONE', *, *, #1553, .T. );
#1646=VERTEX_POINT ( 'NONE', #2219 );
#1647=EDGE_CURVE ( 'NONE', #3548, #5131, #928, .T. );
#1648=LINE ( 'NONE', #426, #371 );
#1649=EDGE_CURVE ( 'NONE', #3298, #1828, #161, .T. );
#1650=LINE ( 'NONE', #703, #56 );
#1651=CARTESIAN_POINT ( 'NONE',  ( 0.3590000000000002600, 0.09750000000000005900, -0.1324999999999999800 ) );
#1652=FACE_OUTER_BOUND ( 'NONE', #1418, .T. );
#1653=ORIENTED_EDGE ( 'NONE', *, *, #4145, .F. );
#1654=ADVANCED_FACE ( 'NONE', ( #5328 ), #1846, .F. );
#1655=EDGE_CURVE ( 'NONE', #3669, #475, #245, .T. );
#1656=EDGE_CURVE ( 'NONE', #48, #2815, #3867, .T. );
#1657=CARTESIAN_POINT ( 'NONE',  ( -0.05899999999999976800, -0.1550000000000000000, -0.1399999999999999900 ) );
#1658=EDGE_CURVE ( 'NONE', #407, #1875, #1427, .T. );
#1659=CARTESIAN_POINT ( 'NONE',  ( 0.04100000000000025800, 0.09750000000000005900, 0.1324999999999999800 ) );
#1660=MANIFOLD_SOLID_BREP ( 'LPattern1[4]', #3136 );
#1661=PLANE ( 'NONE',  #1017 );
#1662=SURFACE_STYLE_USAGE ( .BOTH. , #2983 );
#1663=EDGE_CURVE ( 'NONE', #3788, #2496, #3102, .T. );
#1664=LINE ( 'NONE', #202, #270 );
#1665=ORIENTED_EDGE ( 'NONE', *, *, #3404, .F. );
#1666=LINE ( 'NONE', #1178, #498 );
#1667=ORIENTED_EDGE ( 'NONE', *, *, #3116, .F. );
#1668=LINE ( 'NONE', #2419, #35 );
#1669=EDGE_LOOP ( 'NONE', ( #527, #3679, #269, #4987 ) );
#1670=LINE ( 'NONE', #3922, #4361 );
#1671=CARTESIAN_POINT ( 'NONE',  ( -0.2269999999999997300, -1.714505518806294100E-017, 0.1399999999999999900 ) );
#1672=ORIENTED_EDGE ( 'NONE', *, *, #4490, .F. );
#1673=EDGE_CURVE ( 'NONE', #4416, #4391, #3627, .T. );
#1674=EDGE_CURVE ( 'NONE', #2380, #4374, #1852, .T. );
#1675=FACE_OUTER_BOUND ( 'NONE', #965, .T. );
#1676=VERTEX_POINT ( 'NONE', #2732 );
#1677=ORIENTED_EDGE ( 'NONE', *, *, #4762, .T. );
#1678=ORIENTED_EDGE ( 'NONE', *, *, #1641, .F. );
#1679=ORIENTED_EDGE ( 'NONE', *, *, #5327, .F. );
#1680=ORIENTED_EDGE ( 'NONE', *, *, #4798, .T. );
#1681=CARTESIAN_POINT ( 'NONE',  ( -0.02699999999999973900, -1.714505518806294100E-017, -0.1399999999999999900 ) );
#1682=VERTEX_POINT ( 'NONE', #3549 );
#1683=FACE_OUTER_BOUND ( 'NONE', #5312, .T. );
#1684=ORIENTED_EDGE ( 'NONE', *, *, #3565, .F. );
#1685=CLOSED_SHELL ( 'NONE', ( #4914, #2932, #4444, #5243, #3975, #4833, #2723, #2940, #3234, #2308, #4277, #2441, #2771, #4471, #1194, #2226 ) );
#1686=DIRECTION ( 'NONE',  ( -0.0000000000000000000, -1.000000000000000000, -1.352399996863496500E-016 ) );
#1687=ORIENTED_EDGE ( 'NONE', *, *, #2468, .T. );
#1688=ORIENTED_EDGE ( 'NONE', *, *, #3591, .F. );
#1689=EDGE_CURVE ( 'NONE', #557, #915, #3229, .T. );
#1690=EDGE_CURVE ( 'NONE', #407, #1467, #2312, .T. );
#1691=LINE ( 'NONE', #1452, #56 );
#1692=CARTESIAN_POINT ( 'NONE',  ( 0.3590000000000002600, 0.09750000000000005900, 0.1324999999999999800 ) );
#1693=EDGE_LOOP ( 'NONE', ( #4977, #3429, #367, #852, #4774, #2228, #3826, #5284, #4209, #3160 ) );
#1694=CARTESIAN_POINT ( 'NONE',  ( -0.1589999999999997800, -1.707404996040164500E-017, 0.1499999999999999900 ) );
#1695=EDGE_LOOP ( 'NONE', ( #4765, #2465, #5098, #4714 ) );
#1696=EDGE_CURVE ( 'NONE', #2731, #5189, #4950, .T. );
#1697=ORIENTED_EDGE ( 'NONE', *, *, #156, .F. );
#1698=EDGE_CURVE ( 'NONE', #5009, #2334, #2833, .T. );
#1699=VERTEX_POINT ( 'NONE', #2306 );
#1700=VERTEX_POINT ( 'NONE', #3624 );
#1701=LINE ( 'NONE', #1548, #35 );
#1702=CARTESIAN_POINT ( 'NONE',  ( -0.1589999999999997800, -0.1550000000000000000, -0.1399999999999999900 ) );
#1703=CARTESIAN_POINT ( 'NONE',  ( -0.3788095377050708100, 0.1999999999999999600, -0.02799999999999999700 ) );
#1704=VERTEX_POINT ( 'NONE', #3980 );
#1705=ORIENTED_EDGE ( 'NONE', *, *, #4992, .F. );
#1706=ORIENTED_EDGE ( 'NONE', *, *, #3486, .F. );
#1707=CARTESIAN_POINT ( 'NONE',  ( 0.2410000000000002400, -1.707404996040164500E-017, -0.1499999999999999900 ) );
#1708=CARTESIAN_POINT ( 'NONE',  ( -0.2409999999999997700, -1.707404996040164500E-017, -0.1324999999999999800 ) );
#1709=CARTESIAN_POINT ( 'NONE',  ( 0.2850000000000003100, 0.09750000000000005900, 0.1499999999999999900 ) );
#1710=AXIS2_PLACEMENT_3D ( 'NONE', #5299, #1469, #50 );
#1711=VERTEX_POINT ( 'NONE', #2767 );
#1712=CARTESIAN_POINT ( 'NONE',  ( 0.2590000000000002300, 0.1050000000000000400, -0.1324999999999999800 ) );
#1713=FACE_OUTER_BOUND ( 'NONE', #185, .T. );
#1714=ORIENTED_EDGE ( 'NONE', *, *, #5148, .F. );
#1715=CIRCLE ( 'NONE', #1186, 0.01750000000000001900 );
#1716=ORIENTED_EDGE ( 'NONE', *, *, #4223, .T. );
#1717=CYLINDRICAL_SURFACE ( 'NONE', #1879, 0.01750000000000001900 );
#1718=ORIENTED_EDGE ( 'NONE', *, *, #324, .T. );
#1719=EDGE_CURVE ( 'NONE', #4464, #3603, #86, .T. );
#1720=AXIS2_PLACEMENT_3D ( 'NONE', #999, #10, #1152 );
#1721=VERTEX_POINT ( 'NONE', #2480 );
#1722=EDGE_LOOP ( 'NONE', ( #3300, #1609, #1680, #3649 ) );
#1723=CARTESIAN_POINT ( 'NONE',  ( 0.05900000000000024700, 0.1150000000000000600, 0.1250000000000000000 ) );
#1724=ORIENTED_EDGE ( 'NONE', *, *, #969, .F. );
#1725=ADVANCED_FACE ( 'NONE', ( #153 ), #51, .F. );
#1726=LINE ( 'NONE', #1546, #368 );
#1727=CARTESIAN_POINT ( 'NONE',  ( 0.3150000000000003400, 0.01200000000000005200, -0.1324999999999999800 ) );
#1728=LINE ( 'NONE', #3286, #168 );
#1729=EDGE_CURVE ( 'NONE', #4184, #4715, #2777, .T. );
#1730=EDGE_LOOP ( 'NONE', ( #2158, #2663, #341, #4986, #4252, #3319, #759, #5375 ) );
#1731=AXIS2_PLACEMENT_3D ( 'NONE', #93, #20, #1469 );
#1732=EDGE_CURVE ( 'NONE', #5222, #136, #3491, .T. );
#1733=FACE_OUTER_BOUND ( 'NONE', #4443, .T. );
#1734=CARTESIAN_POINT ( 'NONE',  ( 0.1590000000000002200, 0.1150000000000000700, -0.1324999999999999800 ) );
#1735=LINE ( 'NONE', #347, #250 );
#1736=LINE ( 'NONE', #2774, #35 );
#1737=EDGE_CURVE ( 'NONE', #3780, #3205, #140, .T. );
#1738=VERTEX_POINT ( 'NONE', #964 );
#1739=ORIENTED_EDGE ( 'NONE', *, *, #4429, .F. );
#1740=FACE_OUTER_BOUND ( 'NONE', #5435, .T. );
#1741=ORIENTED_EDGE ( 'NONE', *, *, #1199, .F. );
#1742=ORIENTED_EDGE ( 'NONE', *, *, #3619, .T. );
#1743=LINE ( 'NONE', #3361, #35 );
#1744=EDGE_CURVE ( 'NONE', #4516, #3592, #553, .T. );
#1745=CYLINDRICAL_SURFACE ( 'NONE', #3011, 0.01750000000000001900 );
#1746=ORIENTED_EDGE ( 'NONE', *, *, #1784, .F. );
#1747=LINE ( 'NONE', #2120, #35 );
#1748=CARTESIAN_POINT ( 'NONE',  ( 0.1270000000000003300, -1.778575257266404500E-017, 0.1499999999999999900 ) );
#1749=CARTESIAN_POINT ( 'NONE',  ( 0.05900000000000024700, -0.1550000000000000000, -0.1399999999999999900 ) );
#1750=ORIENTED_EDGE ( 'NONE', *, *, #1207, .T. );
#1751=AXIS2_PLACEMENT_3D ( 'NONE', #855, #25, #20 );
#1752=DIRECTION ( 'NONE',  ( -0.7071067811865495700, -0.7071067811865454600, -0.0000000000000000000 ) );
#1753=ORIENTED_EDGE ( 'NONE', *, *, #4832, .F. );
#1754=CARTESIAN_POINT ( 'NONE',  ( -0.05899999999999976800, -1.707404996040164500E-017, -0.1399999999999999900 ) );
#1755=ORIENTED_EDGE ( 'NONE', *, *, #534, .F. );
#1756=PLANE ( 'NONE',  #4049 );
#1757=ORIENTED_EDGE ( 'NONE', *, *, #923, .F. );
#1758=FACE_OUTER_BOUND ( 'NONE', #1437, .T. );
#1759=ORIENTED_EDGE ( 'NONE', *, *, #1337, .T. );
#1760=VERTEX_POINT ( 'NONE', #1454 );
#1761=ORIENTED_EDGE ( 'NONE', *, *, #4105, .T. );
#1762=LINE ( 'NONE', #664, #3641 );
#1763=CARTESIAN_POINT ( 'NONE',  ( 0.3150000000000003400, 0.1150000000000000700, -0.1324999999999999800 ) );
#1764=FACE_OUTER_BOUND ( 'NONE', #1515, .T. );
#1765=LINE ( 'NONE', #114, #498 );
#1766=EDGE_LOOP ( 'NONE', ( #3041, #1193, #1812, #147, #976, #1038, #4862, #2582 ) );
#1767=ORIENTED_EDGE ( 'NONE', *, *, #4507, .F. );
#1768=EDGE_CURVE ( 'NONE', #808, #4718, #3373, .T. );
#1769=EDGE_CURVE ( 'NONE', #4920, #920, #3920, .T. );
#1770=LINE ( 'NONE', #997, #985 );
#1771=EDGE_CURVE ( 'NONE', #4915, #3100, #4773, .T. );
#1772=CARTESIAN_POINT ( 'NONE',  ( 0.02700000000000035400, -1.714505518806294100E-017, 0.1399999999999999900 ) );
#1773=CARTESIAN_POINT ( 'NONE',  ( 0.1150000000000003100, 0.01200000000000005200, 0.1499999999999999900 ) );
#1774=LINE ( 'NONE', #1475, #35 );
#1775=LINE ( 'NONE', #634, #56 );
#1776=ORIENTED_EDGE ( 'NONE', *, *, #5429, .T. );
#1777=CARTESIAN_POINT ( 'NONE',  ( -0.3788095377050708100, 0.1999999999999999600, -0.1249999999999995800 ) );
#1778=ORIENTED_EDGE ( 'NONE', *, *, #4344, .F. );
#1779=CARTESIAN_POINT ( 'NONE',  ( -0.2589999999999997300, -1.707404996040164500E-017, 0.1499999999999999900 ) );
#1780=EDGE_LOOP ( 'NONE', ( #1431, #1792, #4476, #3903 ) );
#1781=CARTESIAN_POINT ( 'NONE',  ( 0.2590000000000002300, 0.09750000000000005900, -0.1499999999999999900 ) );
#1782=PLANE ( 'NONE',  #3293 );
#1783=ORIENTED_EDGE ( 'NONE', *, *, #5023, .F. );
#1784=EDGE_CURVE ( 'NONE', #400, #1094, #2049, .T. );
#1785=AXIS2_PLACEMENT_3D ( 'NONE', #61, #323, #235 );
#1786=LINE ( 'NONE', #1107, #6 );
#1787=EDGE_LOOP ( 'NONE', ( #1605, #1601, #5297, #3674 ) );
#1788=CARTESIAN_POINT ( 'NONE',  ( -0.01499999999999970300, -1.707404996040164500E-017, -0.1499999999999999900 ) );
#1789=ORIENTED_EDGE ( 'NONE', *, *, #3741, .T. );
#1790=CARTESIAN_POINT ( 'NONE',  ( 0.3150000000000003400, 0.1150000000000000600, 0.1250000000000000000 ) );
#1791=ORIENTED_EDGE ( 'NONE', *, *, #5394, .T. );
#1792=ORIENTED_EDGE ( 'NONE', *, *, #2127, .T. );
#1793=EDGE_CURVE ( 'NONE', #4216, #3947, #238, .T. );
#1794=ORIENTED_EDGE ( 'NONE', *, *, #4939, .T. );
#1795=AXIS2_PLACEMENT_3D ( 'NONE', #2151, #258, #20 );
#1796=ORIENTED_EDGE ( 'NONE', *, *, #425, .F. );
#1797=LINE ( 'NONE', #792, #408 );
#1798=ORIENTED_EDGE ( 'NONE', *, *, #2341, .T. );
#1799=AXIS2_PLACEMENT_3D ( 'NONE', #1561, #2, #296 );
#1800=CARTESIAN_POINT ( 'NONE',  ( 0.3410000000000002500, -1.707404996040164500E-017, 0.1324999999999999800 ) );
#1801=EDGE_CURVE ( 'NONE', #5053, #4039, #1351, .T. );
#1802=EDGE_CURVE ( 'NONE', #1813, #2884, #2650, .T. );
#1803=ADVANCED_FACE ( 'NONE', ( #4526 ), #5015, .F. );
#1804=CARTESIAN_POINT ( 'NONE',  ( -0.04099999999999978000, -0.1550000000000000000, 0.1499999999999999700 ) );
#1805=LINE ( 'NONE', #3518, #2818 );
#1806=EDGE_CURVE ( 'NONE', #3199, #3378, #2959, .T. );
#1807=ORIENTED_EDGE ( 'NONE', *, *, #1808, .F. );
#1808=EDGE_CURVE ( 'NONE', #4147, #416, #1915, .T. );
#1809=AXIS2_PLACEMENT_3D ( 'NONE', #942, #235, #50 );
#1810=LINE ( 'NONE', #298, #371 );
#1811=EDGE_LOOP ( 'NONE', ( #3409, #4232, #1973, #4185 ) );
#1812=ORIENTED_EDGE ( 'NONE', *, *, #4642, .F. );
#1813=VERTEX_POINT ( 'NONE', #3242 );
#1814=LINE ( 'NONE', #1077, #35 );
#1815=ORIENTED_EDGE ( 'NONE', *, *, #2295, .F. );
#1816=CARTESIAN_POINT ( 'NONE',  ( -0.1149999999999997300, -1.707404996040164500E-017, -0.1499999999999999900 ) );
#1817=ORIENTED_EDGE ( 'NONE', *, *, #2399, .F. );
#1818=ORIENTED_EDGE ( 'NONE', *, *, #4323, .T. );
#1819=STYLED_ITEM ( 'NONE', ( #746 ), #1224 );
#1820=ORIENTED_EDGE ( 'NONE', *, *, #1343, .T. );
#1821=ORIENTED_EDGE ( 'NONE', *, *, #2596, .T. );
#1822=ORIENTED_EDGE ( 'NONE', *, *, #3216, .T. );
#1823=ORIENTED_EDGE ( 'NONE', *, *, #5190, .T. );
#1824=VERTEX_POINT ( 'NONE', #1543 );
#1825=AXIS2_PLACEMENT_3D ( 'NONE', #40, #25, #50 );
#1826=EDGE_CURVE ( 'NONE', #4066, #5342, #2371, .T. );
#1827=CARTESIAN_POINT ( 'NONE',  ( -0.2849999999999997000, 0.01200000000000005200, 0.1324999999999999800 ) );
#1828=VERTEX_POINT ( 'NONE', #2128 );
#1829=AXIS2_PLACEMENT_3D ( 'NONE', #72, #25, #50 );
#1830=CARTESIAN_POINT ( 'NONE',  ( 0.08500000000000032500, 0.1150000000000000700, 0.1324999999999999800 ) );
#1831=ORIENTED_EDGE ( 'NONE', *, *, #5148, .T. );
#1832=LINE ( 'NONE', #1278, #56 );
#1833=VERTEX_POINT ( 'NONE', #443 );
#1834=ORIENTED_EDGE ( 'NONE', *, *, #2850, .F. );
#1835=ORIENTED_EDGE ( 'NONE', *, *, #3161, .F. );
#1836=EDGE_CURVE ( 'NONE', #4715, #5300, #2193, .T. );
#1837=CARTESIAN_POINT ( 'NONE',  ( 0.2590000000000002300, -0.1550000000000000000, -0.1399999999999999900 ) );
#1838=EDGE_CURVE ( 'NONE', #2379, #1480, #3984, .T. );
#1839=CARTESIAN_POINT ( 'NONE',  ( 0.2150000000000003000, 0.1150000000000000700, 0.1324999999999999800 ) );
#1840=FACE_OUTER_BOUND ( 'NONE', #2408, .T. );
#1841=ORIENTED_EDGE ( 'NONE', *, *, #3194, .T. );
#1842=ORIENTED_EDGE ( 'NONE', *, *, #4873, .F. );
#1843=FACE_OUTER_BOUND ( 'NONE', #4631, .T. );
#1844=ORIENTED_EDGE ( 'NONE', *, *, #2880, .T. );
#1845=EDGE_CURVE ( 'NONE', #5439, #1704, #4230, .T. );
#1846=PLANE ( 'NONE',  #3195 );
#1847=ORIENTED_EDGE ( 'NONE', *, *, #5469, .F. );
#1848=PLANE ( 'NONE',  #4371 );
#1849=CARTESIAN_POINT ( 'NONE',  ( -0.1849999999999997500, 0.1050000000000000400, 0.1324999999999999800 ) );
#1850=PLANE ( 'NONE',  #1220 );
#1851=ORIENTED_EDGE ( 'NONE', *, *, #4406, .F. );
#1852=LINE ( 'NONE', #1433, #56 );
#1853=ORIENTED_EDGE ( 'NONE', *, *, #4873, .T. );
#1854=LINE ( 'NONE', #157, #163 );
#1855=ORIENTED_EDGE ( 'NONE', *, *, #4372, .T. );
#1856=LINE ( 'NONE', #1112, #2053 );
#1857=ORIENTED_EDGE ( 'NONE', *, *, #2610, .F. );
#1858=PLANE ( 'NONE',  #2976 );
#1859=LINE ( 'NONE', #2017, #498 );
#1860=VERTEX_POINT ( 'NONE', #2917 );
#1861=AXIS2_PLACEMENT_3D ( 'NONE', #3288, #235, #50 );
#1862=EDGE_CURVE ( 'NONE', #1529, #1562, #4279, .T. );
#1863=ADVANCED_FACE ( 'NONE', ( #2113 ), #129, .F. );
#1864=CIRCLE ( 'NONE', #1898, 0.01750000000000001900 );
#1865=CARTESIAN_POINT ( 'NONE',  ( -0.3788095377050707000, 0.01999999999999994100, 0.1249999999999999300 ) );
#1866=DIRECTION ( 'NONE',  ( 0.0000000000000000000, 1.000000000000000000, 1.352399996863496200E-016 ) );
#1867=VECTOR ( 'NONE', #271, 39.37007874015748100 );
#1868=EDGE_CURVE ( 'NONE', #3806, #2473, #553, .T. );
#1869=ADVANCED_FACE ( 'NONE', ( #4340 ), #736, .F. );
#1870=LINE ( 'NONE', #1202, #6 );
#1871=ORIENTED_EDGE ( 'NONE', *, *, #3396, .T. );
#1872=CARTESIAN_POINT ( 'NONE',  ( 0.3590000000000002600, 0.1150000000000000700, 0.1324999999999999800 ) );
#1873=EDGE_CURVE ( 'NONE', #1577, #1072, #5428, .T. );
#1874=EDGE_CURVE ( 'NONE', #4854, #4226, #699, .T. );
#1875=VERTEX_POINT ( 'NONE', #758 );
#1876=ORIENTED_EDGE ( 'NONE', *, *, #724, .T. );
#1877=VERTEX_POINT ( 'NONE', #3642 );
#1878=CARTESIAN_POINT ( 'NONE',  ( -0.3150000000000003400, 0.01200000000000005200, 0.1324999999999999800 ) );
#1879=AXIS2_PLACEMENT_3D ( 'NONE', #1579, #110, #50 );
#1880=EDGE_LOOP ( 'NONE', ( #4354, #2293, #1705, #4520 ) );
#1881=ORIENTED_EDGE ( 'NONE', *, *, #2320, .T. );
#1882=EDGE_CURVE ( 'NONE', #4621, #2644, #2509, .T. );
#1883=LINE ( 'NONE', #2526, #6 );
#1884=ORIENTED_EDGE ( 'NONE', *, *, #457, .T. );
#1885=ORIENTED_EDGE ( 'NONE', *, *, #592, .F. );
#1886=PLANE ( 'NONE',  #2392 );
#1887=EDGE_LOOP ( 'NONE', ( #2559, #4088, #3265, #5167, #2016, #4498, #1885 ) );
#1888=ORIENTED_EDGE ( 'NONE', *, *, #2032, .T. );
#1889=CARTESIAN_POINT ( 'NONE',  ( -0.3590000000000002600, 0.1050000000000000500, 0.1250000000000000000 ) );
#1890=LINE ( 'NONE', #2135, #225 );
#1891=CARTESIAN_POINT ( 'NONE',  ( 0.1150000000000003100, 0.1050000000000000500, 0.1250000000000000000 ) );
#1892=LINE ( 'NONE', #1998, #6 );
#1893=ORIENTED_EDGE ( 'NONE', *, *, #4540, .T. );
#1894=FACE_OUTER_BOUND ( 'NONE', #4024, .T. );
#1895=ORIENTED_EDGE ( 'NONE', *, *, #3267, .F. );
#1896=VERTEX_POINT ( 'NONE', #4410 );
#1897=ORIENTED_EDGE ( 'NONE', *, *, #5198, .F. );
#1898=AXIS2_PLACEMENT_3D ( 'NONE', #434, #235, #50 );
#1899=EDGE_CURVE ( 'NONE', #2344, #2890, #477, .T. );
#1900=AXIS2_PLACEMENT_3D ( 'NONE', #576, #1097, #296 );
#1901=ORIENTED_EDGE ( 'NONE', *, *, #4225, .T. );
#1902=EDGE_LOOP ( 'NONE', ( #3109, #543, #1221, #1464, #3513, #2614, #4697, #914 ) );
#1903=LINE ( 'NONE', #3533, #163 );
#1904=LINE ( 'NONE', #5255, #163 );
#1905=ORIENTED_EDGE ( 'NONE', *, *, #4571, .F. );
#1906=ORIENTED_EDGE ( 'NONE', *, *, #393, .T. );
#1907=ADVANCED_FACE ( 'NONE', ( #629 ), #4572, .F. );
#1908=EDGE_CURVE ( 'NONE', #2334, #967, #1977, .T. );
#1909=ADVANCED_FACE ( 'NONE', ( #856 ), #3428, .F. );
#1910=ORIENTED_EDGE ( 'NONE', *, *, #4924, .F. );
#1911=EDGE_CURVE ( 'NONE', #119, #4778, #4090, .T. );
#1912=CARTESIAN_POINT ( 'NONE',  ( 0.1590000000000002200, -1.707404996040164500E-017, 0.1324999999999999800 ) );
#1913=ORIENTED_EDGE ( 'NONE', *, *, #69, .T. );
#1914=ORIENTED_EDGE ( 'NONE', *, *, #3077, .F. );
#1915=LINE ( 'NONE', #3313, #270 );
#1916=FACE_OUTER_BOUND ( 'NONE', #234, .T. );
#1917=EDGE_CURVE ( 'NONE', #3528, #2608, #4395, .T. );
#1918=EDGE_CURVE ( 'NONE', #3994, #4734, #4032, .T. );
#1919=ORIENTED_EDGE ( 'NONE', *, *, #1565, .F. );
#1920=ORIENTED_EDGE ( 'NONE', *, *, #3467, .F. );
#1921=ADVANCED_FACE ( 'NONE', ( #5381 ), #2992, .T. );
#1922=PLANE ( 'NONE',  #2105 );
#1923=ORIENTED_EDGE ( 'NONE', *, *, #2823, .F. );
#1924=ORIENTED_EDGE ( 'NONE', *, *, #4429, .T. );
#1925=CARTESIAN_POINT ( 'NONE',  ( 0.1850000000000003000, -1.707404996040164500E-017, -0.1499999999999999900 ) );
#1926=AXIS2_PLACEMENT_3D ( 'NONE', #1135, #441, #1866 );
#1927=AXIS2_PLACEMENT_3D ( 'NONE', #1171, #10, #50 );
#1928=AXIS2_PLACEMENT_3D ( 'NONE', #870, #794, #612 );
#1929=LINE ( 'NONE', #4179, #6 );
#1930=ORIENTED_EDGE ( 'NONE', *, *, #3443, .T. );
#1931=CIRCLE ( 'NONE', #4322, 0.01750000000000001900 );
#1932=AXIS2_PLACEMENT_3D ( 'NONE', #1889, #4427, #911 );
#1933=FACE_OUTER_BOUND ( 'NONE', #5468, .T. );
#1934=LINE ( 'NONE', #413, #1218 );
#1935=EDGE_CURVE ( 'NONE', #3617, #861, #4656, .T. );
#1936=CARTESIAN_POINT ( 'NONE',  ( -0.2149999999999996900, 0.1150000000000000600, -0.1250000000000000000 ) );
#1937=CARTESIAN_POINT ( 'NONE',  ( 0.04100000000000025800, -0.1550000000000000000, -0.1399999999999999900 ) );
#1938=CARTESIAN_POINT ( 'NONE',  ( -0.1729999999999997100, -1.714505518806294100E-017, -0.1399999999999999900 ) );
#1939=LINE ( 'NONE', #2201, #985 );
#1940=ORIENTED_EDGE ( 'NONE', *, *, #405, .T. );
#1941=EDGE_LOOP ( 'NONE', ( #2824, #2169, #3566, #2329 ) );
#1942=CARTESIAN_POINT ( 'NONE',  ( -0.08499999999999971500, 0.01200000000000005200, 0.1399999999999999900 ) );
#1943=EDGE_CURVE ( 'NONE', #4991, #2343, #5314, .T. );
#1944=EDGE_CURVE ( 'NONE', #3198, #3436, #5259, .T. );
#1945=CIRCLE ( 'NONE', #5076, 0.01750000000000001900 );
#1946=EDGE_CURVE ( 'NONE', #2648, #4611, #1295, .T. );
#1947=LINE ( 'NONE', #4886, #168 );
#1948=ORIENTED_EDGE ( 'NONE', *, *, #4242, .T. );
#1949=VERTEX_POINT ( 'NONE', #3012 );
#1950=VERTEX_POINT ( 'NONE', #1804 );
#1951=VERTEX_POINT ( 'NONE', #3440 );
#1952=ORIENTED_EDGE ( 'NONE', *, *, #1719, .F. );
#1953=ORIENTED_EDGE ( 'NONE', *, *, #2453, .T. );
#1954=ORIENTED_EDGE ( 'NONE', *, *, #1955, .F. );
#1955=EDGE_CURVE ( 'NONE', #4267, #3254, #1073, .T. );
#1956=EDGE_LOOP ( 'NONE', ( #2132, #1018, #3758, #4191 ) );
#1957=CARTESIAN_POINT ( 'NONE',  ( -0.3410000000000002500, -1.707404996040164500E-017, 0.1399999999999999900 ) );
#1958=EDGE_LOOP ( 'NONE', ( #2878, #3257, #1049, #4125, #3560, #3183, #4463, #2685, #5276, #2504 ) );
#1959=PLANE ( 'NONE',  #2416 );
#1960=EDGE_LOOP ( 'NONE', ( #466, #5152, #3403, #4457 ) );
#1961=AXIS2_PLACEMENT_3D ( 'NONE', #499, #258, #20 );
#1962=EDGE_CURVE ( 'NONE', #1072, #3198, #4944, .T. );
#1963=ORIENTED_EDGE ( 'NONE', *, *, #1614, .F. );
#1964=AXIS2_PLACEMENT_3D ( 'NONE', #2419, #50, #235 );
#1965=ADVANCED_FACE ( 'NONE', ( #2130 ), #1717, .T. );
#1966=ADVANCED_FACE ( 'NONE', ( #2967 ), #8, .F. );
#1967=LINE ( 'NONE', #1233, #1218 );
#1968=LINE ( 'NONE', #1102, #2818 );
#1969=ORIENTED_EDGE ( 'NONE', *, *, #1235, .F. );
#1970=VERTEX_POINT ( 'NONE', #3028 );
#1971=ORIENTED_EDGE ( 'NONE', *, *, #725, .T. );
#1972=FACE_OUTER_BOUND ( 'NONE', #2811, .T. );
#1973=ORIENTED_EDGE ( 'NONE', *, *, #145, .T. );
#1974=FACE_OUTER_BOUND ( 'NONE', #938, .T. );
#1975=SURFACE_STYLE_FILL_AREA ( #4546 );
#1976=PLANE ( 'NONE',  #1069 );
#1977=LINE ( 'NONE', #1708, #163 );
#1978=ORIENTED_EDGE ( 'NONE', *, *, #54, .T. );
#1979=CARTESIAN_POINT ( 'NONE',  ( -0.1409999999999998200, 0.1150000000000000700, -0.1324999999999999800 ) );
#1980=ORIENTED_EDGE ( 'NONE', *, *, #3321, .T. );
#1981=EDGE_LOOP ( 'NONE', ( #2778, #4919, #4124, #5433, #2958, #3071, #5080, #5296 ) );
#1982=CARTESIAN_POINT ( 'NONE',  ( 0.2410000000000002400, -1.707404996040164500E-017, 0.1324999999999999800 ) );
#1983=LINE ( 'NONE', #4477, #368 );
#1984=VERTEX_POINT ( 'NONE', #3537 );
#1985=ORIENTED_EDGE ( 'NONE', *, *, #4011, .T. );
#1986=VERTEX_POINT ( 'NONE', #2195 );
#1987=EDGE_CURVE ( 'NONE', #4854, #1760, #5191, .T. );
#1988=EDGE_CURVE ( 'NONE', #1052, #2116, #998, .T. );
#1989=CLOSED_SHELL ( 'NONE', ( #5307, #469, #1196, #4590, #1513, #591, #2060, #4348, #3239, #632, #1524, #401, #4771, #3982, #2785, #631 ) );
#1990=PLANE ( 'NONE',  #1927 );
#1991=CARTESIAN_POINT ( 'NONE',  ( -0.07299999999999967600, -1.714505518806294100E-017, 0.1399999999999999900 ) );
#1992=LINE ( 'NONE', #687, #368 );
#1993=ADVANCED_FACE ( 'NONE', ( #4472 ), #37, .T. );
#1994=CARTESIAN_POINT ( 'NONE',  ( 0.3590000000000002600, 0.1150000000000000600, 0.1250000000000000000 ) );
#1995=CARTESIAN_POINT ( 'NONE',  ( -0.08499999999999971500, 0.09750000000000005900, -0.1399999999999999900 ) );
#1996=PLANE ( 'NONE',  #395 );
#1997=ORIENTED_EDGE ( 'NONE', *, *, #2057, .T. );
#1998=CARTESIAN_POINT ( 'NONE',  ( 0.04100000000000025800, 0.09750000000000005900, -0.1399999999999999900 ) );
#1999=VERTEX_POINT ( 'NONE', #3949 );
#2000=LINE ( 'NONE', #1925, #35 );
#2001=EDGE_CURVE ( 'NONE', #183, #4128, #489, .T. );
#2002=CARTESIAN_POINT ( 'NONE',  ( 0.3410000000000002500, -0.1550000000000000000, 0.1499999999999999700 ) );
#2003=FACE_OUTER_BOUND ( 'NONE', #3929, .T. );
#2004=ORIENTED_EDGE ( 'NONE', *, *, #5391, .F. );
#2005=EDGE_LOOP ( 'NONE', ( #749, #2360, #2654, #1672 ) );
#2006=VERTEX_POINT ( 'NONE', #2772 );
#2007=CARTESIAN_POINT ( 'NONE',  ( -0.3150000000000003400, 0.1050000000000000500, -0.1250000000000000000 ) );
#2008=FACE_OUTER_BOUND ( 'NONE', #95, .T. );
#2009=EDGE_LOOP ( 'NONE', ( #5304, #4699, #5345, #3172, #2515, #3656, #5414, #4567, #4858, #49 ) );
#2010=EDGE_CURVE ( 'NONE', #4643, #1167, #5483, .T. );
#2011=EDGE_CURVE ( 'NONE', #3942, #2110, #3107, .T. );
#2012=EDGE_LOOP ( 'NONE', ( #5441, #3299, #5195, #4739 ) );
#2013=CARTESIAN_POINT ( 'NONE',  ( -0.3270000000000003500, -1.714505518806294100E-017, 0.1399999999999999900 ) );
#2014=LINE ( 'NONE', #2542, #306 );
#2015=ORIENTED_EDGE ( 'NONE', *, *, #1090, .T. );
#2016=ORIENTED_EDGE ( 'NONE', *, *, #4306, .F. );
#2017=CARTESIAN_POINT ( 'NONE',  ( -0.2849999999999997000, 0.1150000000000000600, 0.1250000000000000000 ) );
#2018=LINE ( 'NONE', #1586, #1218 );
#2019=ORIENTED_EDGE ( 'NONE', *, *, #5260, .F. );
#2020=EDGE_CURVE ( 'NONE', #3369, #5300, #2316, .T. );
#2021=EDGE_LOOP ( 'NONE', ( #144, #3715, #4894, #4084, #339, #5142, #5160, #1954 ) );
#2022=EDGE_CURVE ( 'NONE', #2644, #5116, #216, .T. );
#2023=VERTEX_POINT ( 'NONE', #1441 );
#2024=ADVANCED_FACE ( 'NONE', ( #1764 ), #1013, .F. );
#2025=ADVANCED_FACE ( 'NONE', ( #484 ), #2724, .F. );
#2026=LINE ( 'NONE', #1100, #24 );
#2027=VERTEX_POINT ( 'NONE', #2120 );
#2028=FACE_OUTER_BOUND ( 'NONE', #2179, .T. );
#2029=ORIENTED_EDGE ( 'NONE', *, *, #1343, .F. );
#2030=ORIENTED_EDGE ( 'NONE', *, *, #1806, .F. );
#2031=CARTESIAN_POINT ( 'NONE',  ( -0.02699999999999973900, -1.707404996040164500E-017, -0.1499999999999999900 ) );
#2032=EDGE_CURVE ( 'NONE', #303, #4805, #841, .T. );
#2033=CARTESIAN_POINT ( 'NONE',  ( -0.1849999999999997500, 0.1150000000000000700, 0.1324999999999999800 ) );
#2034=CARTESIAN_POINT ( 'NONE',  ( 0.3590000000000002600, 0.09750000000000005900, -0.1499999999999999900 ) );
#2035=LINE ( 'NONE', #1313, #428 );
#2036=CARTESIAN_POINT ( 'NONE',  ( 0.2150000000000003000, 0.01200000000000005200, -0.1499999999999999900 ) );
#2037=CARTESIAN_POINT ( 'NONE',  ( -0.2589999999999997300, -0.1550000000000000000, -0.1499999999999999700 ) );
#2038=PRESENTATION_LAYER_ASSIGNMENT (  '', '', ( #593 ) );
#2039=CIRCLE ( 'NONE', #4430, 0.01750000000000001900 );
#2040=ADVANCED_FACE ( 'NONE', ( #4076 ), #4766, .F. );
#2041=ORIENTED_EDGE ( 'NONE', *, *, #1307, .T. );
#2042=ORIENTED_EDGE ( 'NONE', *, *, #4273, .T. );
#2043=VERTEX_POINT ( 'NONE', #4698 );
#2044=CARTESIAN_POINT ( 'NONE',  ( 0.0000000000000000000, 0.1999999999999999600, 0.0000000000000000000 ) );
#2045=DIRECTION ( 'NONE',  ( -0.1305261922200518800, -0.9914448613738103800, -0.0000000000000000000 ) );
#2046=CYLINDRICAL_SURFACE ( 'NONE', #2680, 0.007499999999999988400 );
#2047=ORIENTED_EDGE ( 'NONE', *, *, #2691, .F. );
#2048=ORIENTED_EDGE ( 'NONE', *, *, #811, .F. );
#2049=CIRCLE ( 'NONE', #207, 0.007499999999999988400 );
#2050=ORIENTED_EDGE ( 'NONE', *, *, #1935, .F. );
#2051=CARTESIAN_POINT ( 'NONE',  ( -0.3150000000000003400, 0.09750000000000005900, 0.1399999999999999900 ) );
#2052=ADVANCED_FACE ( 'NONE', ( #1334 ), #1491, .T. );
#2053=VECTOR ( 'NONE', #1439, 39.37007874015748100 );
#2054=ORIENTED_EDGE ( 'NONE', *, *, #4176, .F. );
#2055=CARTESIAN_POINT ( 'NONE',  ( 0.3590000000000002600, -0.1550000000000000000, 0.1399999999999999900 ) );
#2056=EDGE_CURVE ( 'NONE', #3947, #377, #3680, .T. );
#2057=EDGE_CURVE ( 'NONE', #1094, #4310, #2112, .T. );
#2058=ORIENTED_EDGE ( 'NONE', *, *, #3619, .F. );
#2059=ORIENTED_EDGE ( 'NONE', *, *, #3235, .F. );
#2060=ADVANCED_FACE ( 'NONE', ( #628 ), #1886, .F. );
#2061=EDGE_CURVE ( 'NONE', #4418, #4748, #2505, .T. );
#2062=CARTESIAN_POINT ( 'NONE',  ( 0.1150000000000003100, 0.01200000000000005200, -0.1324999999999999800 ) );
#2063=MECHANICAL_DESIGN_GEOMETRIC_PRESENTATION_REPRESENTATION (  '', ( #539 ), #4081 );
#2064=ADVANCED_FACE ( 'NONE', ( #53 ), #135, .F. );
#2065=LINE ( 'NONE', #2513, #24 );
#2066=VERTEX_POINT ( 'NONE', #1617 );
#2067=PLANE ( 'NONE',  #1063 );
#2068=PLANE ( 'NONE',  #446 );
#2069=FACE_OUTER_BOUND ( 'NONE', #1695, .T. );
#2070=LINE ( 'NONE', #5032, #494 );
#2071=VERTEX_POINT ( 'NONE', #4841 );
#2072=FACE_OUTER_BOUND ( 'NONE', #493, .T. );
#2073=EDGE_LOOP ( 'NONE', ( #3733, #2493, #4758, #918 ) );
#2074=MANIFOLD_SOLID_BREP ( 'LPattern1[10]', #2637 );
#2075=AXIS2_PLACEMENT_3D ( 'NONE', #433, #361, #20 );
#2076=CARTESIAN_POINT ( 'NONE',  ( 0.2850000000000003100, 0.1150000000000000700, -0.1324999999999999800 ) );
#2077=FACE_OUTER_BOUND ( 'NONE', #2212, .T. );
#2078=CARTESIAN_POINT ( 'NONE',  ( -0.07299999999999967600, -1.707404996040164500E-017, 0.1499999999999999900 ) );
#2079=ORIENTED_EDGE ( 'NONE', *, *, #1299, .T. );
#2080=CARTESIAN_POINT ( 'NONE',  ( 0.1590000000000002200, 0.1050000000000000500, -0.1250000000000000000 ) );
#2081=EDGE_CURVE ( 'NONE', #3369, #3971, #4392, .T. );
#2082=ADVANCED_FACE ( 'NONE', ( #2369 ), #5426, .F. );
#2083=ORIENTED_EDGE ( 'NONE', *, *, #4186, .F. );
#2084=ORIENTED_EDGE ( 'NONE', *, *, #1719, .T. );
#2085=ORIENTED_EDGE ( 'NONE', *, *, #3834, .F. );
#2086=EDGE_CURVE ( 'NONE', #672, #2799, #2107, .T. );
#2087=LINE ( 'NONE', #611, #60 );
#2088=CARTESIAN_POINT ( 'NONE',  ( 0.08500000000000032500, -1.714505518806294100E-017, 0.1399999999999999900 ) );
#2089=ORIENTED_EDGE ( 'NONE', *, *, #2759, .F. );
#2090=CARTESIAN_POINT ( 'NONE',  ( -0.3150000000000003400, 0.01200000000000005200, 0.1499999999999999900 ) );
#2091=CARTESIAN_POINT ( 'NONE',  ( 0.2270000000000003400, -1.714505518806294100E-017, 0.1399999999999999900 ) );
#2092=LINE ( 'NONE', #2055, #56 );
#2093=PLANE ( 'NONE',  #1341 );
#2094=ORIENTED_EDGE ( 'NONE', *, *, #2763, .F. );
#2095=ORIENTED_EDGE ( 'NONE', *, *, #2475, .T. );
#2096=LINE ( 'NONE', #3262, #6 );
#2097=EDGE_CURVE ( 'NONE', #1984, #2027, #3220, .T. );
#2098=CARTESIAN_POINT ( 'NONE',  ( -0.3676190754101421600, 0.1499999999999999400, 0.0000000000000000000 ) );
#2099=CIRCLE ( 'NONE', #1809, 0.01750000000000001900 );
#2100=CARTESIAN_POINT ( 'NONE',  ( 0.04100000000000025800, 0.09750000000000005900, -0.1499999999999999900 ) );
#2101=EDGE_LOOP ( 'NONE', ( #3392, #5164, #160, #907 ) );
#2102=ORIENTED_EDGE ( 'NONE', *, *, #4249, .T. );
#2103=CARTESIAN_POINT ( 'NONE',  ( 0.3850000000000003400, -1.714505518806294100E-017, -0.1399999999999999900 ) );
#2104=VERTEX_POINT ( 'NONE', #1837 );
#2105=AXIS2_PLACEMENT_3D ( 'NONE', #273, #2206, #911 );
#2106=ORIENTED_EDGE ( 'NONE', *, *, #1769, .F. );
#2107=CIRCLE ( 'NONE', #3163, 0.01750000000000001900 );
#2108=PLANE ( 'NONE',  #2136 );
#2109=CARTESIAN_POINT ( 'NONE',  ( 0.1410000000000002600, -1.707404996040164500E-017, 0.1324999999999999800 ) );
#2110=VERTEX_POINT ( 'NONE', #5238 );
#2111=ORIENTED_EDGE ( 'NONE', *, *, #1420, .F. );
#2112=LINE ( 'NONE', #353, #368 );
#2113=FACE_OUTER_BOUND ( 'NONE', #1211, .T. );
#2114=EDGE_CURVE ( 'NONE', #3199, #4678, #230, .T. );
#2115=PRODUCT_DEFINITION_SHAPE ( 'NONE', 'NONE',  #3760 );
#2116=VERTEX_POINT ( 'NONE', #3283 );
#2117=ORIENTED_EDGE ( 'NONE', *, *, #2610, .T. );
#2118=CIRCLE ( 'NONE', #1248, 0.01750000000000001900 );
#2119=ORIENTED_EDGE ( 'NONE', *, *, #532, .T. );
#2120=CARTESIAN_POINT ( 'NONE',  ( -0.04099999999999978000, -0.1550000000000000000, -0.1499999999999999700 ) );
#2121=ORIENTED_EDGE ( 'NONE', *, *, #2920, .T. );
#2122=CIRCLE ( 'NONE', #294, 0.007499999999999988400 );
#2123=ORIENTED_EDGE ( 'NONE', *, *, #5026, .T. );
#2124=PLANE ( 'NONE',  #5197 );
#2125=EDGE_CURVE ( 'NONE', #4772, #3789, #1345, .T. );
#2126=FACE_OUTER_BOUND ( 'NONE', #3490, .T. );
#2127=EDGE_CURVE ( 'NONE', #3599, #3090, #1285, .T. );
#2128=CARTESIAN_POINT ( 'NONE',  ( -0.3788095377050708100, 0.01999999999999994100, -0.1138095377050709200 ) );
#2129=CLOSED_SHELL ( 'NONE', ( #4086, #1365, #2640, #616, #5183, #3384, #1120, #4492, #4119, #4501, #158, #4946, #1087, #777, #1560, #187 ) );
#2130=FACE_OUTER_BOUND ( 'NONE', #1722, .T. );
#2131=PLANE ( 'NONE',  #1710 );
#2132=ORIENTED_EDGE ( 'NONE', *, *, #3472, .T. );
#2133=PLANE ( 'NONE',  #4055 );
#2134=EDGE_CURVE ( 'NONE', #3675, #1547, #2242, .T. );
#2135=CARTESIAN_POINT ( 'NONE',  ( 0.3590000000000002600, -0.1550000000000000000, -0.1399999999999999900 ) );
#2136=AXIS2_PLACEMENT_3D ( 'NONE', #689, #10, #50 );
#2137=ORIENTED_EDGE ( 'NONE', *, *, #892, .F. );
#2138=ADVANCED_FACE ( 'NONE', ( #1894 ), #2386, .T. );
#2139=AXIS2_PLACEMENT_3D ( 'NONE', #176, #258, #20 );
#2140=DIRECTION ( 'NONE',  ( 0.1305261922200518800, 0.9914448613738103800, -0.0000000000000000000 ) );
#2141=LINE ( 'NONE', #2875, #6 );
#2142=EDGE_CURVE ( 'NONE', #1477, #2834, #3844, .T. );
#2143=LINE ( 'NONE', #2593, #56 );
#2144=DIRECTION ( 'NONE',  ( 0.0000000000000000000, -0.9914448613738103800, -0.1305261922200518800 ) );
#2145=AXIS2_PLACEMENT_3D ( 'NONE', #853, #1089, #20 );
#2146=ORIENTED_EDGE ( 'NONE', *, *, #2636, .T. );
#2147=CARTESIAN_POINT ( 'NONE',  ( 0.2590000000000002300, 0.1050000000000000500, -0.1250000000000000000 ) );
#2148=CARTESIAN_POINT ( 'NONE',  ( 0.3590000000000002600, -0.1550000000000000000, 0.1499999999999999700 ) );
#2149=FACE_OUTER_BOUND ( 'NONE', #2174, .T. );
#2150=ORIENTED_EDGE ( 'NONE', *, *, #4703, .F. );
#2151=CARTESIAN_POINT ( 'NONE',  ( -0.2149999999999996900, 0.09750000000000005900, -0.1324999999999999800 ) );
#2152=AXIS2_PLACEMENT_3D ( 'NONE', #2498, #258, #20 );
#2153=PLANE ( 'NONE',  #754 );
#2154=ORIENTED_EDGE ( 'NONE', *, *, #5463, .F. );
#2155=MANIFOLD_SOLID_BREP ( 'LPattern1[2]', #2985 );
#2156=PLANE ( 'NONE',  #4397 );
#2157=ORIENTED_EDGE ( 'NONE', *, *, #1460, .F. );
#2158=ORIENTED_EDGE ( 'NONE', *, *, #3645, .F. );
#2159=LINE ( 'NONE', #4156, #6 );
#2160=PLANE ( 'NONE',  #4238 );
#2161=FACE_OUTER_BOUND ( 'NONE', #1981, .T. );
#2162=VERTEX_POINT ( 'NONE', #1995 );
#2163=ORIENTED_EDGE ( 'NONE', *, *, #5261, .F. );
#2164=ORIENTED_EDGE ( 'NONE', *, *, #5493, .T. );
#2165=ORIENTED_EDGE ( 'NONE', *, *, #2629, .F. );
#2166=LINE ( 'NONE', #2221, #163 );
#2167=EDGE_LOOP ( 'NONE', ( #688, #963, #5295, #4439 ) );
#2168=CARTESIAN_POINT ( 'NONE',  ( 0.3150000000000003400, 0.1050000000000000500, 0.1250000000000000000 ) );
#2169=ORIENTED_EDGE ( 'NONE', *, *, #2372, .T. );
#2170=EDGE_CURVE ( 'NONE', #4147, #4172, #2092, .T. );
#2171=EDGE_CURVE ( 'NONE', #4184, #3369, #744, .T. );
#2172=EDGE_CURVE ( 'NONE', #3492, #4594, #4998, .T. );
#2173=PLANE ( 'NONE',  #5373 );
#2174=EDGE_LOOP ( 'NONE', ( #858, #2246, #4385, #1133 ) );
#2175=CARTESIAN_POINT ( 'NONE',  ( -0.3899999999999994000, 0.1999999999999999600, 0.1138095377050712800 ) );
#2176=CARTESIAN_POINT ( 'NONE',  ( -0.2149999999999996900, -1.707404996040164500E-017, -0.1499999999999999900 ) );
#2177=( GEOMETRIC_REPRESENTATION_CONTEXT ( 3 ) GLOBAL_UNCERTAINTY_ASSIGNED_CONTEXT ( ( #132 ) ) GLOBAL_UNIT_ASSIGNED_CONTEXT ( ( #559, #327, #131 ) ) REPRESENTATION_CONTEXT ( 'NONE', 'WORKASPACE' ) );
#2178=DIRECTION ( 'NONE',  ( 0.1305261922200518800, 0.9914448613738103800, 0.0000000000000000000 ) );
#2179=EDGE_LOOP ( 'NONE', ( #1893, #2801, #436, #4576 ) );
#2180=EDGE_CURVE ( 'NONE', #3155, #1502, #210, .T. );
#2181=AXIS2_PLACEMENT_3D ( 'NONE', #3115, #1469, #20 );
#2182=ORIENTED_EDGE ( 'NONE', *, *, #5090, .F. );
#2183=CARTESIAN_POINT ( 'NONE',  ( 0.2270000000000003400, -1.778575257266404500E-017, 0.1499999999999999900 ) );
#2184=ORIENTED_EDGE ( 'NONE', *, *, #4838, .F. );
#2185=VERTEX_POINT ( 'NONE', #4139 );
#2186=CARTESIAN_POINT ( 'NONE',  ( 0.08500000000000032500, 0.01199999999999995000, 0.1499999999999999900 ) );
#2187=CARTESIAN_POINT ( 'NONE',  ( -0.3850000000000003400, -1.714505518806294100E-017, 0.1399999999999999900 ) );
#2188=AXIS2_PLACEMENT_3D ( 'NONE', #1635, #258, #20 );
#2189=VERTEX_POINT ( 'NONE', #2533 );
#2190=PRODUCT_CONTEXT ( 'NONE', #3863, 'mechanical' );
#2191=ORIENTED_EDGE ( 'NONE', *, *, #4213, .T. );
#2192=CARTESIAN_POINT ( 'NONE',  ( 0.1150000000000003100, 0.1150000000000000700, -0.1324999999999999800 ) );
#2193=CIRCLE ( 'NONE', #4523, 0.007499999999999988400 );
#2194=ORIENTED_EDGE ( 'NONE', *, *, #4675, .F. );
#2195=CARTESIAN_POINT ( 'NONE',  ( 0.3270000000000003500, -1.714505518806294100E-017, -0.1399999999999999900 ) );
#2196=ORIENTED_EDGE ( 'NONE', *, *, #3486, .T. );
#2197=EDGE_CURVE ( 'NONE', #2189, #4021, #4750, .T. );
#2198=FACE_OUTER_BOUND ( 'NONE', #396, .T. );
#2199=ORIENTED_EDGE ( 'NONE', *, *, #1944, .F. );
#2200=ORIENTED_EDGE ( 'NONE', *, *, #1575, .F. );
#2201=CARTESIAN_POINT ( 'NONE',  ( 0.1410000000000002600, 0.09750000000000005900, 0.1499999999999999900 ) );
#2202=LINE ( 'NONE', #3318, #368 );
#2203=EDGE_CURVE ( 'NONE', #3675, #4531, #5239, .T. );
#2204=EDGE_CURVE ( 'NONE', #2445, #4825, #4377, .T. );
#2205=CARTESIAN_POINT ( 'NONE',  ( -0.3590000000000002600, 0.09750000000000005900, -0.1499999999999999900 ) );
#2206=DIRECTION ( 'NONE',  ( -0.0000000000000000000, 1.000000000000000000, 2.276539994720223100E-015 ) );
#2207=EDGE_CURVE ( 'NONE', #2066, #155, #604, .T. );
#2208=CARTESIAN_POINT ( 'NONE',  ( 0.1150000000000003100, 0.09750000000000005900, 0.1399999999999999900 ) );
#2209=EDGE_CURVE ( 'NONE', #5189, #3, #4210, .T. );
#2210=ORIENTED_EDGE ( 'NONE', *, *, #91, .T. );
#2211=CARTESIAN_POINT ( 'NONE',  ( -0.3899999999999994600, 0.01999999999999994100, -0.1138095377050708900 ) );
#2212=EDGE_LOOP ( 'NONE', ( #3382, #4389, #5368, #3727 ) );
#2213=LINE ( 'NONE', #2183, #71 );
#2214=AXIS2_PLACEMENT_3D ( 'NONE', #942, #25, #50 );
#2215=CIRCLE ( 'NONE', #2416, 0.01750000000000001900 );
#2216=LINE ( 'NONE', #2100, #494 );
#2217=CLOSED_SHELL ( 'NONE', ( #4324, #884, #5346, #1654, #12, #3703, #1088, #805, #2874, #4368, #1607, #4719, #4435, #3196, #1109, #248 ) );
#2218=FACE_OUTER_BOUND ( 'NONE', #4585, .T. );
#2219=CARTESIAN_POINT ( 'NONE',  ( 0.01500000000000031900, 0.09750000000000005900, 0.1499999999999999900 ) );
#2220=MECHANICAL_DESIGN_GEOMETRIC_PRESENTATION_REPRESENTATION (  '', ( #1148 ), #1520 );
#2221=CARTESIAN_POINT ( 'NONE',  ( -0.3410000000000002500, -1.707404996040164500E-017, -0.1324999999999999800 ) );
#2222=ORIENTED_EDGE ( 'NONE', *, *, #5156, .T. );
#2223=VERTEX_POINT ( 'NONE', #1177 );
#2224=VERTEX_POINT ( 'NONE', #233 );
#2225=ORIENTED_EDGE ( 'NONE', *, *, #437, .T. );
#2226=ADVANCED_FACE ( 'NONE', ( #1683 ), #4880, .F. );
#2227=ORIENTED_EDGE ( 'NONE', *, *, #4708, .T. );
#2228=ORIENTED_EDGE ( 'NONE', *, *, #3572, .T. );
#2229=PLANE ( 'NONE',  #1517 );
#2230=VERTEX_POINT ( 'NONE', #3736 );
#2231=PLANE ( 'NONE',  #5151 );
#2232=EDGE_LOOP ( 'NONE', ( #1539, #4461, #326, #4123 ) );
#2233=CARTESIAN_POINT ( 'NONE',  ( 0.2410000000000002400, 0.09750000000000005900, 0.1399999999999999900 ) );
#2234=EDGE_CURVE ( 'NONE', #4825, #1589, #5114, .T. );
#2235=EDGE_CURVE ( 'NONE', #5406, #3730, #2355, .T. );
#2236=VERTEX_POINT ( 'NONE', #3348 );
#2237=EDGE_CURVE ( 'NONE', #4676, #5196, #3145, .T. );
#2238=PLANE ( 'NONE',  #873 );
#2239=ORIENTED_EDGE ( 'NONE', *, *, #2032, .F. );
#2240=ORIENTED_EDGE ( 'NONE', *, *, #4367, .T. );
#2241=ORIENTED_EDGE ( 'NONE', *, *, #1280, .F. );
#2242=LINE ( 'NONE', #1380, #6 );
#2243=EDGE_CURVE ( 'NONE', #1547, #2338, #4874, .T. );
#2244=VERTEX_POINT ( 'NONE', #1296 );
#2245=PRESENTATION_LAYER_ASSIGNMENT (  '', '', ( #934 ) );
#2246=ORIENTED_EDGE ( 'NONE', *, *, #1308, .F. );
#2247=VERTEX_POINT ( 'NONE', #3368 );
#2248=MANIFOLD_SOLID_BREP ( 'Mirror2[1]', #1000 );
#2249=EDGE_LOOP ( 'NONE', ( #5317, #4035, #5111, #2287 ) );
#2250=CARTESIAN_POINT ( 'NONE',  ( 0.01500000000000031900, 0.1150000000000000700, -0.1324999999999999800 ) );
#2251=ORIENTED_EDGE ( 'NONE', *, *, #192, .F. );
#2252=AXIS2_PLACEMENT_3D ( 'NONE', #988, #323, #235 );
#2253=ORIENTED_EDGE ( 'NONE', *, *, #2331, .F. );
#2254=EDGE_CURVE ( 'NONE', #4997, #2104, #2939, .T. );
#2255=ADVANCED_FACE ( 'NONE', ( #29 ), #3830, .F. );
#2256=AXIS2_PLACEMENT_3D ( 'NONE', #3189, #235, #50 );
#2257=ORIENTED_EDGE ( 'NONE', *, *, #2134, .T. );
#2258=VERTEX_POINT ( 'NONE', #1754 );
#2259=FACE_OUTER_BOUND ( 'NONE', #4202, .T. );
#2260=CARTESIAN_POINT ( 'NONE',  ( 0.2850000000000003100, 0.1150000000000000600, 0.1250000000000000000 ) );
#2261=LINE ( 'NONE', #4380, #35 );
#2262=EDGE_LOOP ( 'NONE', ( #1624, #2879, #1851, #4568 ) );
#2263=ADVANCED_FACE ( 'NONE', ( #1537 ), #5000, .F. );
#2264=MECHANICAL_DESIGN_GEOMETRIC_PRESENTATION_REPRESENTATION (  '', ( #5244 ), #4725 );
#2265=CARTESIAN_POINT ( 'NONE',  ( -0.3899999999999994000, 0.1499999999999999400, -0.02799999999999999700 ) );
#2266=CARTESIAN_POINT ( 'NONE',  ( -0.1849999999999997500, 0.1050000000000000500, 0.1250000000000000000 ) );
#2267=EDGE_CURVE ( 'NONE', #3222, #5396, #4807, .T. );
#2268=EDGE_CURVE ( 'NONE', #1532, #1066, #4687, .T. );
#2269=LINE ( 'NONE', #3410, #146 );
#2270=ORIENTED_EDGE ( 'NONE', *, *, #1943, .T. );
#2271=EDGE_CURVE ( 'NONE', #4041, #3848, #859, .T. );
#2272=EDGE_CURVE ( 'NONE', #3665, #2961, #4165, .T. );
#2273=PLANE ( 'NONE',  #4981 );
#2274=FACE_OUTER_BOUND ( 'NONE', #3905, .T. );
#2275=ORIENTED_EDGE ( 'NONE', *, *, #3850, .T. );
#2276=ORIENTED_EDGE ( 'NONE', *, *, #1160, .T. );
#2277=LINE ( 'NONE', #2570, #225 );
#2278=ORIENTED_EDGE ( 'NONE', *, *, #365, .T. );
#2279=CARTESIAN_POINT ( 'NONE',  ( -0.3850000000000003400, -1.707404996040164500E-017, 0.1499999999999999900 ) );
#2280=ORIENTED_EDGE ( 'NONE', *, *, #1771, .T. );
#2281=VERTEX_POINT ( 'NONE', #2135 );
#2282=ORIENTED_EDGE ( 'NONE', *, *, #4433, .T. );
#2283=ORIENTED_EDGE ( 'NONE', *, *, #2792, .F. );
#2284=ORIENTED_EDGE ( 'NONE', *, *, #4034, .T. );
#2285=AXIS2_PLACEMENT_3D ( 'NONE', #295, #25, #20 );
#2286=ORIENTED_EDGE ( 'NONE', *, *, #3014, .F. );
#2287=ORIENTED_EDGE ( 'NONE', *, *, #2759, .T. );
#2288=CARTESIAN_POINT ( 'NONE',  ( 0.2590000000000002300, -1.714505518806294100E-017, -0.1399999999999999900 ) );
#2289=ORIENTED_EDGE ( 'NONE', *, *, #2296, .T. );
#2290=CARTESIAN_POINT ( 'NONE',  ( -0.1729999999999997100, -1.778575257266404500E-017, 0.1499999999999999900 ) );
#2291=EDGE_LOOP ( 'NONE', ( #2960, #2165, #4278, #3862 ) );
#2292=VERTEX_POINT ( 'NONE', #1316 );
#2293=ORIENTED_EDGE ( 'NONE', *, *, #1874, .F. );
#2294=FACE_OUTER_BOUND ( 'NONE', #3888, .T. );
#2295=EDGE_CURVE ( 'NONE', #4648, #5470, #5412, .T. );
#2296=EDGE_CURVE ( 'NONE', #2485, #5005, #2349, .T. );
#2297=LINE ( 'NONE', #1499, #368 );
#2298=ORIENTED_EDGE ( 'NONE', *, *, #3960, .F. );
#2299=ORIENTED_EDGE ( 'NONE', *, *, #2418, .T. );
#2300=EDGE_LOOP ( 'NONE', ( #4224, #3799, #678, #3520, #5288, #801, #2345, #1213 ) );
#2301=ADVANCED_FACE ( 'NONE', ( #1331 ), #5018, .T. );
#2302=LINE ( 'NONE', #2031, #163 );
#2303=LINE ( 'NONE', #1091, #35 );
#2304=VERTEX_POINT ( 'NONE', #2208 );
#2305=EDGE_CURVE ( 'NONE', #4039, #3539, #2352, .T. );
#2306=CARTESIAN_POINT ( 'NONE',  ( 0.08500000000000032500, 0.1150000000000000700, -0.1324999999999999800 ) );
#2307=ORIENTED_EDGE ( 'NONE', *, *, #4670, .F. );
#2308=ADVANCED_FACE ( 'NONE', ( #26 ), #2238, .F. );
#2309=ORIENTED_EDGE ( 'NONE', *, *, #2668, .T. );
#2310=ORIENTED_EDGE ( 'NONE', *, *, #5438, .F. );
#2311=VERTEX_POINT ( 'NONE', #1369 );
#2312=LINE ( 'NONE', #204, #498 );
#2313=AXIS2_PLACEMENT_3D ( 'NONE', #718, #277, #745 );
#2314=ORIENTED_EDGE ( 'NONE', *, *, #417, .F. );
#2315=LINE ( 'NONE', #807, #6 );
#2316=LINE ( 'NONE', #2739, #56 );
#2317=ORIENTED_EDGE ( 'NONE', *, *, #5430, .T. );
#2318=ORIENTED_EDGE ( 'NONE', *, *, #3066, .T. );
#2319=CARTESIAN_POINT ( 'NONE',  ( -0.3676190754101421600, 0.1999999999999999600, -0.02799999999999999700 ) );
#2320=EDGE_CURVE ( 'NONE', #5185, #4325, #1832, .T. );
#2321=EDGE_CURVE ( 'NONE', #3432, #3222, #459, .T. );
#2322=PRESENTATION_LAYER_ASSIGNMENT (  '', '', ( #1022 ) );
#2323=VERTEX_POINT ( 'NONE', #547 );
#2324=PRODUCT ( 'L293DNE', 'L293DNE', '', ( #2190 ) );
#2325=CARTESIAN_POINT ( 'NONE',  ( 0.05900000000000024700, 0.09750000000000005900, 0.1399999999999999900 ) );
#2326=VECTOR ( 'NONE', #1686, 39.37007874015748100 );
#2327=ADVANCED_FACE ( 'NONE', ( #828 ), #3412, .T. );
#2328=ORIENTED_EDGE ( 'NONE', *, *, #2180, .T. );
#2329=ORIENTED_EDGE ( 'NONE', *, *, #315, .F. );
#2330=LINE ( 'NONE', #4722, #6 );
#2331=EDGE_CURVE ( 'NONE', #3603, #4676, #3902, .T. );
#2332=EDGE_CURVE ( 'NONE', #2965, #526, #4071, .T. );
#2333=ADVANCED_FACE ( 'NONE', ( #2753 ), #3130, .T. );
#2334=VERTEX_POINT ( 'NONE', #4664 );
#2335=EDGE_CURVE ( 'NONE', #4233, #4799, #748, .T. );
#2336=FACE_OUTER_BOUND ( 'NONE', #603, .T. );
#2337=LINE ( 'NONE', #981, #498 );
#2338=VERTEX_POINT ( 'NONE', #653 );
#2339=FACE_OUTER_BOUND ( 'NONE', #3821, .T. );
#2340=CARTESIAN_POINT ( 'NONE',  ( -0.04099999999999978000, 0.1050000000000000500, -0.1250000000000000000 ) );
#2341=EDGE_CURVE ( 'NONE', #1103, #1451, #4996, .T. );
#2342=LINE ( 'NONE', #3341, #163 );
#2343=VERTEX_POINT ( 'NONE', #3497 );
#2344=VERTEX_POINT ( 'NONE', #3893 );
#2345=ORIENTED_EDGE ( 'NONE', *, *, #683, .T. );
#2346=ORIENTED_EDGE ( 'NONE', *, *, #5429, .F. );
#2347=ORIENTED_EDGE ( 'NONE', *, *, #992, .F. );
#2348=VERTEX_POINT ( 'NONE', #4709 );
#2349=LINE ( 'NONE', #1777, #3272 );
#2350=EDGE_CURVE ( 'NONE', #1052, #957, #3143, .T. );
#2351=AXIS2_PLACEMENT_3D ( 'NONE', #1385, #235, #50 );
#2352=LINE ( 'NONE', #4629, #306 );
#2353=CARTESIAN_POINT ( 'NONE',  ( -0.04099999999999978000, 0.1050000000000000400, 0.1324999999999999800 ) );
#2354=VERTEX_POINT ( 'NONE', #1830 );
#2355=CIRCLE ( 'NONE', #1144, 0.01750000000000001900 );
#2356=ORIENTED_EDGE ( 'NONE', *, *, #1337, .F. );
#2357=CIRCLE ( 'NONE', #2351, 0.01750000000000001900 );
#2358=ORIENTED_EDGE ( 'NONE', *, *, #2235, .T. );
#2359=AXIS2_PLACEMENT_3D ( 'NONE', #2451, #461, #166 );
#2360=ORIENTED_EDGE ( 'NONE', *, *, #3453, .T. );
#2361=PLANE ( 'NONE',  #4760 );
#2362=ADVANCED_FACE ( 'NONE', ( #2425 ), #1416, .F. );
#2363=LINE ( 'NONE', #2611, #225 );
#2364=VERTEX_POINT ( 'NONE', #753 );
#2365=CARTESIAN_POINT ( 'NONE',  ( 0.2270000000000003400, -1.707404996040164500E-017, 0.1499999999999999900 ) );
#2366=VERTEX_POINT ( 'NONE', #5417 );
#2367=CARTESIAN_POINT ( 'NONE',  ( -0.3853921625844405900, 0.1499999999999999400, -0.02799999999999999700 ) );
#2368=VERTEX_POINT ( 'NONE', #403 );
#2369=FACE_OUTER_BOUND ( 'NONE', #1956, .T. );
#2370=FACE_OUTER_BOUND ( 'NONE', #1206, .T. );
#2371=LINE ( 'NONE', #689, #35 );
#2372=EDGE_CURVE ( 'NONE', #3592, #1410, #4634, .T. );
#2373=EDGE_CURVE ( 'NONE', #5482, #5055, #4018, .T. );
#2374=ORIENTED_EDGE ( 'NONE', *, *, #4141, .T. );
#2375=ORIENTED_EDGE ( 'NONE', *, *, #1698, .F. );
#2376=ORIENTED_EDGE ( 'NONE', *, *, #5221, .T. );
#2377=LINE ( 'NONE', #813, #985 );
#2378=ORIENTED_EDGE ( 'NONE', *, *, #5182, .F. );
#2379=VERTEX_POINT ( 'NONE', #413 );
#2380=VERTEX_POINT ( 'NONE', #3314 );
#2381=LINE ( 'NONE', #753, #2781 );
#2382=ADVANCED_FACE ( 'NONE', ( #3007 ), #3877, .F. );
#2383=VERTEX_POINT ( 'NONE', #1849 );
#2384=PLANE ( 'NONE',  #1932 );
#2385=LINE ( 'NONE', #3557, #163 );
#2386=PLANE ( 'NONE',  #1408 );
#2387=VERTEX_POINT ( 'NONE', #5172 );
#2388=CARTESIAN_POINT ( 'NONE',  ( 0.2150000000000003000, 0.09750000000000005900, 0.1399999999999999900 ) );
#2389=CARTESIAN_POINT ( 'NONE',  ( -0.01499999999999970300, 0.1050000000000000400, -0.1324999999999999800 ) );
#2390=CYLINDRICAL_SURFACE ( 'NONE', #1593, 0.01750000000000001900 );
#2391=EDGE_CURVE ( 'NONE', #3594, #3615, #4926, .T. );
#2392=AXIS2_PLACEMENT_3D ( 'NONE', #2612, #10, #1152 );
#2393=FACE_OUTER_BOUND ( 'NONE', #3230, .T. );
#2394=PLANE ( 'NONE',  #3851 );
#2395=ADVANCED_FACE ( 'NONE', ( #2028 ), #3275, .T. );
#2396=FACE_OUTER_BOUND ( 'NONE', #2839, .T. );
#2397=CARTESIAN_POINT ( 'NONE',  ( 0.1150000000000003100, 0.09750000000000005900, -0.1399999999999999900 ) );
#2398=ORIENTED_EDGE ( 'NONE', *, *, #5469, .T. );
#2399=EDGE_CURVE ( 'NONE', #2906, #3199, #1541, .T. );
#2400=ORIENTED_EDGE ( 'NONE', *, *, #2525, .F. );
#2401=EDGE_CURVE ( 'NONE', #864, #4267, #4442, .T. );
#2402=ORIENTED_EDGE ( 'NONE', *, *, #3332, .F. );
#2403=CARTESIAN_POINT ( 'NONE',  ( 0.08500000000000032500, 0.09750000000000005900, 0.1324999999999999800 ) );
#2404=ORIENTED_EDGE ( 'NONE', *, *, #4299, .T. );
#2405=EDGE_CURVE ( 'NONE', #148, #3603, #679, .T. );
#2406=FACE_OUTER_BOUND ( 'NONE', #2706, .T. );
#2407=VERTEX_POINT ( 'NONE', #4014 );
#2408=EDGE_LOOP ( 'NONE', ( #1401, #3728, #2535, #2665 ) );
#2409=ADVANCED_FACE ( 'NONE', ( #3786 ), #2618, .F. );
#2410=PLANE ( 'NONE',  #4093 );
#2411=FACE_OUTER_BOUND ( 'NONE', #311, .T. );
#2412=ORIENTED_EDGE ( 'NONE', *, *, #2510, .T. );
#2413=ORIENTED_EDGE ( 'NONE', *, *, #1663, .T. );
#2414=FACE_OUTER_BOUND ( 'NONE', #4332, .T. );
#2415=EDGE_LOOP ( 'NONE', ( #3569, #4282, #1557, #4315 ) );
#2416=AXIS2_PLACEMENT_3D ( 'NONE', #1125, #235, #50 );
#2417=ORIENTED_EDGE ( 'NONE', *, *, #4488, .T. );
#2418=EDGE_CURVE ( 'NONE', #1415, #4783, #1892, .T. );
#2419=CARTESIAN_POINT ( 'NONE',  ( -0.2409999999999997700, 0.09750000000000005900, -0.1399999999999999900 ) );
#2420=AXIS2_PLACEMENT_3D ( 'NONE', #547, #1496, #4768 );
#2421=EDGE_LOOP ( 'NONE', ( #3471, #554, #799, #5484 ) );
#2422=ORIENTED_EDGE ( 'NONE', *, *, #1826, .F. );
#2423=ORIENTED_EDGE ( 'NONE', *, *, #4244, .F. );
#2424=VERTEX_POINT ( 'NONE', #482 );
#2425=FACE_OUTER_BOUND ( 'NONE', #1787, .T. );
#2426=DIRECTION ( 'NONE',  ( -2.731847993664268600E-016, 0.0000000000000000000, -1.000000000000000000 ) );
#2427=PLANE ( 'NONE',  #5071 );
#2428=AXIS2_PLACEMENT_3D ( 'NONE', #2852, #836, #487 );
#2429=ORIENTED_EDGE ( 'NONE', *, *, #1040, .T. );
#2430=EDGE_CURVE ( 'NONE', #3436, #3669, #3598, .T. );
#2431=EDGE_LOOP ( 'NONE', ( #1761, #2358, #5278, #4132 ) );
#2432=AXIS2_PLACEMENT_3D ( 'NONE', #21, #5077, #4308 );
#2433=ORIENTED_EDGE ( 'NONE', *, *, #3395, .T. );
#2434=VERTEX_POINT ( 'NONE', #611 );
#2435=AXIS2_PLACEMENT_3D ( 'NONE', #3677, #50, #235 );
#2436=ORIENTED_EDGE ( 'NONE', *, *, #3813, .T. );
#2437=VECTOR ( 'NONE', #3261, 39.37007874015748900 );
#2438=ORIENTED_EDGE ( 'NONE', *, *, #1030, .F. );
#2439=ORIENTED_EDGE ( 'NONE', *, *, #1207, .F. );
#2440=ADVANCED_FACE ( 'NONE', ( #4691 ), #420, .F. );
#2441=ADVANCED_FACE ( 'NONE', ( #127 ), #2394, .F. );
#2442=CARTESIAN_POINT ( 'NONE',  ( 0.3410000000000002500, -1.707404996040164500E-017, 0.1499999999999999900 ) );
#2443=EDGE_CURVE ( 'NONE', #3699, #1896, #4320, .T. );
#2444=EDGE_CURVE ( 'NONE', #1451, #164, #290, .T. );
#2445=VERTEX_POINT ( 'NONE', #2990 );
#2446=PLANE ( 'NONE',  #1861 );
#2447=EDGE_CURVE ( 'NONE', #3477, #3298, #5236, .T. );
#2448=ORIENTED_EDGE ( 'NONE', *, *, #2197, .F. );
#2449=ORIENTED_EDGE ( 'NONE', *, *, #1935, .T. );
#2450=LINE ( 'NONE', #3193, #498 );
#2451=CARTESIAN_POINT ( 'NONE',  ( 0.1850000000000003000, -1.714505518806294100E-017, 0.1399999999999999900 ) );
#2452=( GEOMETRIC_REPRESENTATION_CONTEXT ( 3 ) GLOBAL_UNCERTAINTY_ASSIGNED_CONTEXT ( ( #132 ) ) GLOBAL_UNIT_ASSIGNED_CONTEXT ( ( #559, #327, #131 ) ) REPRESENTATION_CONTEXT ( 'NONE', 'WORKASPACE' ) );
#2453=EDGE_CURVE ( 'NONE', #5264, #971, #3725, .T. );
#2454=ORIENTED_EDGE ( 'NONE', *, *, #4344, .T. );
#2455=ORIENTED_EDGE ( 'NONE', *, *, #3355, .F. );
#2456=ORIENTED_EDGE ( 'NONE', *, *, #2792, .T. );
#2457=CARTESIAN_POINT ( 'NONE',  ( 0.08500000000000032500, 0.1150000000000000600, -0.1250000000000000000 ) );
#2458=LINE ( 'NONE', #1994, #56 );
#2459=PRESENTATION_LAYER_ASSIGNMENT (  '', '', ( #3803 ) );
#2460=CARTESIAN_POINT ( 'NONE',  ( -0.08499999999999971500, 0.01200000000000005200, 0.1324999999999999800 ) );
#2461=PLANE ( 'NONE',  #2547 );
#2462=EDGE_CURVE ( 'NONE', #3451, #1984, #13, .T. );
#2463=AXIS2_PLACEMENT_3D ( 'NONE', #1749, #10, #50 );
#2464=FACE_OUTER_BOUND ( 'NONE', #5068, .T. );
#2465=ORIENTED_EDGE ( 'NONE', *, *, #182, .T. );
#2466=ORIENTED_EDGE ( 'NONE', *, *, #3284, .T. );
#2467=ADVANCED_FACE ( 'NONE', ( #970 ), #4636, .F. );
#2468=EDGE_CURVE ( 'NONE', #1951, #1481, #1473, .T. );
#2469=AXIS2_PLACEMENT_3D ( 'NONE', #176, #25, #20 );
#2470=ORIENTED_EDGE ( 'NONE', *, *, #1689, .F. );
#2471=LINE ( 'NONE', #4251, #6 );
#2472=PLANE ( 'NONE',  #4346 );
#2473=VERTEX_POINT ( 'NONE', #2852 );
#2474=LINE ( 'NONE', #2168, #6 );
#2475=EDGE_CURVE ( 'NONE', #1828, #4061, #4871, .T. );
#2476=EDGE_CURVE ( 'NONE', #920, #4554, #529, .T. );
#2477=CARTESIAN_POINT ( 'NONE',  ( -0.1589999999999997800, 0.09750000000000005900, -0.1399999999999999900 ) );
#2478=CARTESIAN_POINT ( 'NONE',  ( 0.2590000000000002300, 0.09750000000000005900, 0.1324999999999999800 ) );
#2479=CARTESIAN_POINT ( 'NONE',  ( -0.1409999999999998200, 0.09750000000000005900, -0.1324999999999999800 ) );
#2480=CARTESIAN_POINT ( 'NONE',  ( -0.05899999999999976800, -0.1550000000000000000, 0.1399999999999999900 ) );
#2481=LINE ( 'NONE', #653, #368 );
#2482=ORIENTED_EDGE ( 'NONE', *, *, #2237, .T. );
#2483=ORIENTED_EDGE ( 'NONE', *, *, #5410, .T. );
#2484=CARTESIAN_POINT ( 'NONE',  ( 0.3899999999999999600, 0.1050000000000000500, 0.1249999999999999300 ) );
#2485=VERTEX_POINT ( 'NONE', #3246 );
#2486=ORIENTED_EDGE ( 'NONE', *, *, #44, .F. );
#2487=EDGE_CURVE ( 'NONE', #4676, #3203, #4505, .T. );
#2488=ORIENTED_EDGE ( 'NONE', *, *, #3834, .T. );
#2489=EDGE_LOOP ( 'NONE', ( #3081, #4630, #4638, #893, #4042, #2429, #2945, #4562, #1463, #5366 ) );
#2490=LINE ( 'NONE', #1189, #56 );
#2491=DIRECTION ( 'NONE',  ( -0.0000000000000000000, -1.000000000000000000, -1.751184611323244400E-016 ) );
#2492=CARTESIAN_POINT ( 'NONE',  ( -0.08499999999999971500, 0.01200000000000005200, -0.1399999999999999900 ) );
#2493=ORIENTED_EDGE ( 'NONE', *, *, #1039, .F. );
#2494=VERTEX_POINT ( 'NONE', #3286 );
#2495=CARTESIAN_POINT ( 'NONE',  ( -0.3410000000000002500, 0.09750000000000005900, 0.1399999999999999900 ) );
#2496=VERTEX_POINT ( 'NONE', #2037 );
#2497=ADVANCED_FACE ( 'NONE', ( #4599 ), #586, .T. );
#2498=CARTESIAN_POINT ( 'NONE',  ( -0.05899999999999976800, 0.09750000000000005900, -0.1324999999999999800 ) );
#2499=ORIENTED_EDGE ( 'NONE', *, *, #3177, .T. );
#2500=PLANE ( 'NONE',  #2949 );
#2501=ORIENTED_EDGE ( 'NONE', *, *, #567, .T. );
#2502=CARTESIAN_POINT ( 'NONE',  ( -0.3270000000000003500, -1.778575257266404500E-017, -0.1499999999999999900 ) );
#2503=ORIENTED_EDGE ( 'NONE', *, *, #3767, .T. );
#2504=ORIENTED_EDGE ( 'NONE', *, *, #3991, .F. );
#2505=LINE ( 'NONE', #1071, #408 );
#2506=DIRECTION ( 'NONE',  ( -2.731847993664263200E-016, -0.0000000000000000000, -1.000000000000000000 ) );
#2507=CARTESIAN_POINT ( 'NONE',  ( 0.08500000000000032500, 0.01199999999999994800, -0.1499999999999999900 ) );
#2508=ORIENTED_EDGE ( 'NONE', *, *, #2787, .F. );
#2509=LINE ( 'NONE', #4154, #35 );
#2510=EDGE_CURVE ( 'NONE', #4778, #2230, #2626, .T. );
#2511=ORIENTED_EDGE ( 'NONE', *, *, #2555, .T. );
#2512=LINE ( 'NONE', #3742, #6 );
#2513=CARTESIAN_POINT ( 'NONE',  ( -0.01499999999999970300, 0.09750000000000005900, 0.1499999999999999900 ) );
#2514=ORIENTED_EDGE ( 'NONE', *, *, #5329, .F. );
#2515=ORIENTED_EDGE ( 'NONE', *, *, #1868, .F. );
#2516=CIRCLE ( 'NONE', #5456, 0.02799999999999999700 );
#2517=EDGE_CURVE ( 'NONE', #1562, #2731, #3054, .T. );
#2518=EDGE_CURVE ( 'NONE', #3500, #5053, #4866, .T. );
#2519=ORIENTED_EDGE ( 'NONE', *, *, #2895, .F. );
#2520=EDGE_CURVE ( 'NONE', #5470, #5230, #2026, .T. );
#2521=CARTESIAN_POINT ( 'NONE',  ( 0.3590000000000002600, 0.1150000000000000600, -0.1250000000000000000 ) );
#2522=FACE_OUTER_BOUND ( 'NONE', #989, .T. );
#2523=CARTESIAN_POINT ( 'NONE',  ( -0.2149999999999996900, 0.1050000000000000500, -0.1250000000000000000 ) );
#2524=ORIENTED_EDGE ( 'NONE', *, *, #3039, .F. );
#2525=EDGE_CURVE ( 'NONE', #3678, #48, #2935, .T. );
#2526=CARTESIAN_POINT ( 'NONE',  ( -0.08499999999999971500, -1.714505518806294100E-017, 0.1399999999999999900 ) );
#2527=FACE_OUTER_BOUND ( 'NONE', #4549, .T. );
#2528=CARTESIAN_POINT ( 'NONE',  ( 0.01500000000000031900, 0.09750000000000005900, 0.1324999999999999800 ) );
#2529=FACE_OUTER_BOUND ( 'NONE', #763, .T. );
#2530=ADVANCED_FACE ( 'NONE', ( #4504 ), #3002, .F. );
#2531=EDGE_CURVE ( 'NONE', #1896, #3090, #203, .T. );
#2532=FACE_OUTER_BOUND ( 'NONE', #5496, .T. );
#2533=CARTESIAN_POINT ( 'NONE',  ( -0.01499999999999970300, 0.1050000000000000500, 0.1250000000000000000 ) );
#2534=CARTESIAN_POINT ( 'NONE',  ( 0.1850000000000003000, -1.707404996040164500E-017, 0.1499999999999999900 ) );
#2535=ORIENTED_EDGE ( 'NONE', *, *, #4641, .F. );
#2536=ORIENTED_EDGE ( 'NONE', *, *, #761, .F. );
#2537=ORIENTED_EDGE ( 'NONE', *, *, #4855, .F. );
#2538=EDGE_LOOP ( 'NONE', ( #4644, #2210, #3383, #3959, #1953, #1742, #1706, #1422, #673, #4400 ) );
#2539=CARTESIAN_POINT ( 'NONE',  ( 0.1850000000000003000, 0.01199999999999995000, 0.1324999999999999800 ) );
#2540=EDGE_CURVE ( 'NONE', #1306, #3539, #1468, .T. );
#2541=AXIS2_PLACEMENT_3D ( 'NONE', #2135, #10, #50 );
#2542=CARTESIAN_POINT ( 'NONE',  ( -0.01499999999999970300, 0.01199999999999994800, 0.1499999999999999900 ) );
#2543=ORIENTED_EDGE ( 'NONE', *, *, #2697, .F. );
#2544=ORIENTED_EDGE ( 'NONE', *, *, #4593, .F. );
#2545=PLANE ( 'NONE',  #3841 );
#2546=EDGE_CURVE ( 'NONE', #2485, #39, #1035, .T. );
#2547=AXIS2_PLACEMENT_3D ( 'NONE', #939, #836, #487 );
#2548=EDGE_CURVE ( 'NONE', #62, #4450, #4633, .T. );
#2549=CARTESIAN_POINT ( 'NONE',  ( -0.05899999999999976800, 0.09750000000000005900, 0.1324999999999999800 ) );
#2550=FACE_OUTER_BOUND ( 'NONE', #3924, .T. );
#2551=CARTESIAN_POINT ( 'NONE',  ( 0.04100000000000025800, -1.707404996040164500E-017, 0.1399999999999999900 ) );
#2552=VERTEX_POINT ( 'NONE', #4942 );
#2553=CARTESIAN_POINT ( 'NONE',  ( 0.01500000000000031900, 0.1050000000000000400, 0.1324999999999999800 ) );
#2554=ORIENTED_EDGE ( 'NONE', *, *, #5410, .F. );
#2555=EDGE_CURVE ( 'NONE', #2043, #5131, #2349, .T. );
#2556=EDGE_LOOP ( 'NONE', ( #2561, #142, #4296, #1871 ) );
#2557=ORIENTED_EDGE ( 'NONE', *, *, #2254, .F. );
#2558=ORIENTED_EDGE ( 'NONE', *, *, #2546, .F. );
#2559=ORIENTED_EDGE ( 'NONE', *, *, #2350, .F. );
#2560=LINE ( 'NONE', #2451, #56 );
#2561=ORIENTED_EDGE ( 'NONE', *, *, #4671, .F. );
#2562=CARTESIAN_POINT ( 'NONE',  ( 0.3150000000000003400, 0.01200000000000005200, 0.1399999999999999900 ) );
#2563=MECHANICAL_DESIGN_GEOMETRIC_PRESENTATION_REPRESENTATION (  '', ( #3803 ), #2840 );
#2564=PLANE ( 'NONE',  #732 );
#2565=ORIENTED_EDGE ( 'NONE', *, *, #1161, .F. );
#2566=AXIS2_PLACEMENT_3D ( 'NONE', #2013, #3365, #737 );
#2567=ORIENTED_EDGE ( 'NONE', *, *, #5430, .F. );
#2568=ORIENTED_EDGE ( 'NONE', *, *, #2243, .T. );
#2569=PLANE ( 'NONE',  #1795 );
#2570=CARTESIAN_POINT ( 'NONE',  ( 0.3410000000000002500, -0.1550000000000000000, -0.1399999999999999900 ) );
#2571=CIRCLE ( 'NONE', #4004, 0.007499999999999988400 );
#2572=ORIENTED_EDGE ( 'NONE', *, *, #191, .F. );
#2573=ORIENTED_EDGE ( 'NONE', *, *, #3670, .F. );
#2574=ORIENTED_EDGE ( 'NONE', *, *, #992, .T. );
#2575=ORIENTED_EDGE ( 'NONE', *, *, #5221, .F. );
#2576=EDGE_LOOP ( 'NONE', ( #1831, #2488, #3003, #2749 ) );
#2577=FACE_OUTER_BOUND ( 'NONE', #1516, .T. );
#2578=ADVANCED_FACE ( 'NONE', ( #5051 ), #2153, .F. );
#2579=VERTEX_POINT ( 'NONE', #3779 );
#2580=CARTESIAN_POINT ( 'NONE',  ( -0.1149999999999997300, 0.1150000000000000600, 0.1250000000000000000 ) );
#2581=ORIENTED_EDGE ( 'NONE', *, *, #4335, .T. );
#2582=ORIENTED_EDGE ( 'NONE', *, *, #2726, .F. );
#2583=CARTESIAN_POINT ( 'NONE',  ( -0.2149999999999996900, 0.1150000000000000600, 0.1250000000000000000 ) );
#2584=EDGE_CURVE ( 'NONE', #2247, #2281, #1890, .T. );
#2585=CARTESIAN_POINT ( 'NONE',  ( 0.04100000000000025800, -1.707404996040164500E-017, -0.1399999999999999900 ) );
#2586=ORIENTED_EDGE ( 'NONE', *, *, #774, .T. );
#2587=EDGE_CURVE ( 'NONE', #4594, #2671, #600, .T. );
#2588=ORIENTED_EDGE ( 'NONE', *, *, #4406, .T. );
#2589=FACE_OUTER_BOUND ( 'NONE', #4984, .T. );
#2590=VERTEX_POINT ( 'NONE', #318 );
#2591=CARTESIAN_POINT ( 'NONE',  ( 0.3410000000000002500, -0.1550000000000000000, 0.1399999999999999900 ) );
#2592=ORIENTED_EDGE ( 'NONE', *, *, #4831, .T. );
#2593=CARTESIAN_POINT ( 'NONE',  ( 0.1590000000000002200, 0.09750000000000005900, 0.1499999999999999900 ) );
#2594=CARTESIAN_POINT ( 'NONE',  ( -0.3788095377050707000, 0.01999999999999994100, 0.1138095377050712400 ) );
#2595=LINE ( 'NONE', #608, #368 );
#2596=EDGE_CURVE ( 'NONE', #1507, #1065, #897, .T. );
#2597=PLANE ( 'NONE',  #2541 );
#2598=FACE_OUTER_BOUND ( 'NONE', #4211, .T. );
#2599=ADVANCED_FACE ( 'NONE', ( #3411 ), #2597, .F. );
#2600=PLANE ( 'NONE',  #4650 );
#2601=CARTESIAN_POINT ( 'NONE',  ( -0.2729999999999996300, -1.778575257266404500E-017, -0.1499999999999999900 ) );
#2602=ORIENTED_EDGE ( 'NONE', *, *, #4958, .F. );
#2603=ORIENTED_EDGE ( 'NONE', *, *, #2664, .T. );
#2604=VECTOR ( 'NONE', #1089, 39.37007874015748100 );
#2605=LINE ( 'NONE', #1781, #494 );
#2606=AXIS2_PLACEMENT_3D ( 'NONE', #1406, #25, #20 );
#2607=CARTESIAN_POINT ( 'NONE',  ( 0.2850000000000003100, 0.09750000000000005900, 0.1399999999999999900 ) );
#2608=VERTEX_POINT ( 'NONE', #4158 );
#2609=EDGE_CURVE ( 'NONE', #3788, #4233, #4254, .T. );
#2610=EDGE_CURVE ( 'NONE', #5005, #3279, #369, .T. );
#2611=CARTESIAN_POINT ( 'NONE',  ( 0.2410000000000002400, -0.1550000000000000000, -0.1399999999999999900 ) );
#2612=CARTESIAN_POINT ( 'NONE',  ( 0.05900000000000024700, -0.1550000000000000000, 0.1399999999999999900 ) );
#2613=LINE ( 'NONE', #1011, #35 );
#2614=ORIENTED_EDGE ( 'NONE', *, *, #3866, .T. );
#2615=LINE ( 'NONE', #1872, #56 );
#2616=CARTESIAN_POINT ( 'NONE',  ( -0.2149999999999996900, 0.01199999999999994800, -0.1499999999999999900 ) );
#2617=CARTESIAN_POINT ( 'NONE',  ( -0.2149999999999996900, 0.1150000000000000700, 0.1324999999999999800 ) );
#2618=PLANE ( 'NONE',  #2653 );
#2619=LINE ( 'NONE', #4259, #35 );
#2620=ORIENTED_EDGE ( 'NONE', *, *, #2517, .T. );
#2621=ORIENTED_EDGE ( 'NONE', *, *, #2447, .T. );
#2622=CARTESIAN_POINT ( 'NONE',  ( 0.1410000000000002600, -0.1550000000000000000, -0.1499999999999999700 ) );
#2623=ORIENTED_EDGE ( 'NONE', *, *, #406, .F. );
#2624=VERTEX_POINT ( 'NONE', #1259 );
#2625=ORIENTED_EDGE ( 'NONE', *, *, #844, .T. );
#2626=LINE ( 'NONE', #5257, #6 );
#2627=VERTEX_POINT ( 'NONE', #1694 );
#2628=EDGE_CURVE ( 'NONE', #2961, #5342, #4205, .T. );
#2629=EDGE_CURVE ( 'NONE', #2434, #3699, #2087, .T. );
#2630=EDGE_CURVE ( 'NONE', #4570, #3222, #2751, .T. );
#2631=ORIENTED_EDGE ( 'NONE', *, *, #231, .T. );
#2632=PLANE ( 'NONE',  #364 );
#2633=VERTEX_POINT ( 'NONE', #2090 );
#2634=CARTESIAN_POINT ( 'NONE',  ( 0.1850000000000003000, 0.01199999999999995000, -0.1324999999999999800 ) );
#2635=ORIENTED_EDGE ( 'NONE', *, *, #5407, .T. );
#2636=EDGE_CURVE ( 'NONE', #3279, #5222, #3963, .T. );
#2637=CLOSED_SHELL ( 'NONE', ( #5242, #1489, #4092, #5179, #3320, #843, #3204, #2024, #4666, #1725, #4969, #3874, #3131, #4761, #1921, #3197 ) );
#2638=EDGE_CURVE ( 'NONE', #3784, #2608, #2490, .T. );
#2639=ORIENTED_EDGE ( 'NONE', *, *, #54, .F. );
#2640=ADVANCED_FACE ( 'NONE', ( #4440 ), #1297, .F. );
#2641=FACE_OUTER_BOUND ( 'NONE', #1327, .T. );
#2642=ORIENTED_EDGE ( 'NONE', *, *, #4856, .F. );
#2643=VERTEX_POINT ( 'NONE', #2611 );
#2644=VERTEX_POINT ( 'NONE', #3175 );
#2645=EDGE_CURVE ( 'NONE', #3623, #3615, #827, .T. );
#2646=CARTESIAN_POINT ( 'NONE',  ( -0.1589999999999997800, -0.1550000000000000000, 0.1499999999999999700 ) );
#2647=AXIS2_PLACEMENT_3D ( 'NONE', #2340, #284, #1272 );
#2648=VERTEX_POINT ( 'NONE', #390 );
#2649=PLANE ( 'NONE',  #2910 );
#2650=LINE ( 'NONE', #3242, #60 );
#2651=CARTESIAN_POINT ( 'NONE',  ( 0.2590000000000002300, 0.1150000000000000600, -0.1250000000000000000 ) );
#2652=AXIS2_PLACEMENT_3D ( 'NONE', #1091, #1089, #20 );
#2653=AXIS2_PLACEMENT_3D ( 'NONE', #1938, #836, #487 );
#2654=ORIENTED_EDGE ( 'NONE', *, *, #4999, .T. );
#2655=PLANE ( 'NONE',  #5145 );
#2656=ORIENTED_EDGE ( 'NONE', *, *, #2666, .T. );
#2657=ORIENTED_EDGE ( 'NONE', *, *, #1647, .F. );
#2658=LINE ( 'NONE', #1530, #498 );
#2659=CARTESIAN_POINT ( 'NONE',  ( -0.2849999999999997000, 0.09750000000000005900, 0.1499999999999999900 ) );
#2660=ORIENTED_EDGE ( 'NONE', *, *, #2923, .F. );
#2661=LINE ( 'NONE', #2951, #163 );
#2662=EDGE_CURVE ( 'NONE', #2281, #4460, #3597, .T. );
#2663=ORIENTED_EDGE ( 'NONE', *, *, #4360, .T. );
#2664=EDGE_CURVE ( 'NONE', #201, #164, #4126, .T. );
#2665=ORIENTED_EDGE ( 'NONE', *, *, #4242, .F. );
#2666=EDGE_CURVE ( 'NONE', #5161, #2648, #5357, .T. );
#2667=CARTESIAN_POINT ( 'NONE',  ( -0.2849999999999997000, 0.09750000000000005900, -0.1324999999999999800 ) );
#2668=EDGE_CURVE ( 'NONE', #1828, #3615, #1124, .T. );
#2669=ADVANCED_FACE ( 'NONE', ( #1758 ), #2686, .F. );
#2670=LINE ( 'NONE', #2601, #428 );
#2671=VERTEX_POINT ( 'NONE', #414 );
#2672=ORIENTED_EDGE ( 'NONE', *, *, #3092, .T. );
#2673=ORIENTED_EDGE ( 'NONE', *, *, #537, .T. );
#2674=LINE ( 'NONE', #789, #149 );
#2675=ORIENTED_EDGE ( 'NONE', *, *, #4388, .T. );
#2676=LINE ( 'NONE', #2752, #368 );
#2677=ORIENTED_EDGE ( 'NONE', *, *, #2957, .F. );
#2678=PLANE ( 'NONE',  #3772 );
#2679=VERTEX_POINT ( 'NONE', #1779 );
#2680=AXIS2_PLACEMENT_3D ( 'NONE', #2479, #110, #50 );
#2681=FACE_OUTER_BOUND ( 'NONE', #1941, .T. );
#2682=ORIENTED_EDGE ( 'NONE', *, *, #5316, .F. );
#2683=EDGE_CURVE ( 'NONE', #1896, #4819, #2166, .T. );
#2684=AXIS2_PLACEMENT_3D ( 'NONE', #2205, #419, #1 );
#2685=ORIENTED_EDGE ( 'NONE', *, *, #4075, .F. );
#2686=PLANE ( 'NONE',  #2914 );
#2687=ORIENTED_EDGE ( 'NONE', *, *, #4796, .T. );
#2688=ORIENTED_EDGE ( 'NONE', *, *, #1130, .F. );
#2689=FACE_OUTER_BOUND ( 'NONE', #3149, .T. );
#2690=ORIENTED_EDGE ( 'NONE', *, *, #1862, .T. );
#2691=EDGE_CURVE ( 'NONE', #48, #2162, #741, .T. );
#2692=ORIENTED_EDGE ( 'NONE', *, *, #5092, .T. );
#2693=ADVANCED_FACE ( 'NONE', ( #4747 ), #3831, .F. );
#2694=EDGE_LOOP ( 'NONE', ( #1147, #3394, #7, #5363, #1294, #3519, #5460, #5387 ) );
#2695=EDGE_CURVE ( 'NONE', #5185, #2387, #3459, .T. );
#2696=ORIENTED_EDGE ( 'NONE', *, *, #4614, .T. );
#2697=EDGE_CURVE ( 'NONE', #3954, #1461, #3776, .T. );
#2698=ORIENTED_EDGE ( 'NONE', *, *, #4770, .F. );
#2699=LINE ( 'NONE', #344, #1218 );
#2700=CARTESIAN_POINT ( 'NONE',  ( -0.2589999999999997300, 0.09750000000000005900, 0.1399999999999999900 ) );
#2701=ADVANCED_FACE ( 'NONE', ( #3957 ), #3894, .F. );
#2702=ORIENTED_EDGE ( 'NONE', *, *, #2462, .F. );
#2703=ORIENTED_EDGE ( 'NONE', *, *, #1070, .F. );
#2704=LINE ( 'NONE', #2034, #494 );
#2705=LINE ( 'NONE', #2852, #371 );
#2706=EDGE_LOOP ( 'NONE', ( #3775, #2673, #2973, #3366 ) );
#2707=ORIENTED_EDGE ( 'NONE', *, *, #4537, .F. );
#2708=AXIS2_PLACEMENT_3D ( 'NONE', #2651, #50, #235 );
#2709=LINE ( 'NONE', #111, #35 );
#2710=ORIENTED_EDGE ( 'NONE', *, *, #2405, .F. );
#2711=DIRECTION ( 'NONE',  ( 2.731847993664263200E-016, -0.0000000000000000000, 1.000000000000000000 ) );
#2712=ORIENTED_EDGE ( 'NONE', *, *, #3712, .T. );
#2713=EDGE_CURVE ( 'NONE', #1986, #3859, #5103, .T. );
#2714=VERTEX_POINT ( 'NONE', #3433 );
#2715=ORIENTED_EDGE ( 'NONE', *, *, #3244, .T. );
#2716=ADVANCED_FACE ( 'NONE', ( #1392 ), #196, .F. );
#2717=CARTESIAN_POINT ( 'NONE',  ( 0.04100000000000025800, -1.707404996040164500E-017, 0.1324999999999999800 ) );
#2718=CARTESIAN_POINT ( 'NONE',  ( -0.1409999999999998200, 0.1050000000000000400, 0.1324999999999999800 ) );
#2719=EDGE_LOOP ( 'NONE', ( #1014, #5033, #5100, #5404 ) );
#2720=LINE ( 'NONE', #363, #149 );
#2721=VERTEX_POINT ( 'NONE', #1411 );
#2722=PLANE ( 'NONE',  #5 );
#2723=ADVANCED_FACE ( 'NONE', ( #449 ), #3277, .F. );
#2724=PLANE ( 'NONE',  #1448 );
#2725=CARTESIAN_POINT ( 'NONE',  ( 0.2730000000000003000, -1.714505518806294100E-017, -0.1399999999999999900 ) );
#2726=EDGE_CURVE ( 'NONE', #3909, #2407, #1182, .T. );
#2727=ADVANCED_FACE ( 'NONE', ( #2550 ), #1534, .T. );
#2728=EDGE_CURVE ( 'NONE', #4409, #2366, #4741, .T. );
#2729=LINE ( 'NONE', #2659, #24 );
#2730=ORIENTED_EDGE ( 'NONE', *, *, #2350, .T. );
#2731=VERTEX_POINT ( 'NONE', #2784 );
#2732=CARTESIAN_POINT ( 'NONE',  ( -0.3676190754101421600, 0.1499999999999999400, 0.02799999999999999700 ) );
#2733=AXIS2_PLACEMENT_3D ( 'NONE', #1659, #235, #50 );
#2734=EDGE_CURVE ( 'NONE', #3252, #2671, #5405, .T. );
#2735=EDGE_LOOP ( 'NONE', ( #1969, #1818, #3421, #5209 ) );
#2736=FACE_OUTER_BOUND ( 'NONE', #991, .T. );
#2737=PLANE ( 'NONE',  #2708 );
#2738=PLANE ( 'NONE',  #638 );
#2739=CARTESIAN_POINT ( 'NONE',  ( 0.05900000000000024700, 0.1050000000000000400, 0.1324999999999999800 ) );
#2740=CARTESIAN_POINT ( 'NONE',  ( -0.1409999999999998200, -0.1550000000000000000, 0.1399999999999999900 ) );
#2741=FACE_OUTER_BOUND ( 'NONE', #3684, .T. );
#2742=AXIS2_PLACEMENT_3D ( 'NONE', #2740, #10, #1152 );
#2743=ORIENTED_EDGE ( 'NONE', *, *, #2806, .T. );
#2744=ORIENTED_EDGE ( 'NONE', *, *, #5493, .F. );
#2745=CARTESIAN_POINT ( 'NONE',  ( -0.1149999999999997300, 0.01199999999999995000, 0.1399999999999999900 ) );
#2746=ORIENTED_EDGE ( 'NONE', *, *, #2998, .F. );
#2747=EDGE_LOOP ( 'NONE', ( #769, #3796, #3653, #1166 ) );
#2748=AXIS2_PLACEMENT_3D ( 'NONE', #1286, #235, #50 );
#2749=ORIENTED_EDGE ( 'NONE', *, *, #3997, .T. );
#2750=AXIS2_PLACEMENT_3D ( 'NONE', #669, #323, #235 );
#2751=LINE ( 'NONE', #563, #6 );
#2752=CARTESIAN_POINT ( 'NONE',  ( -0.1149999999999997300, 0.1150000000000000600, -0.1250000000000000000 ) );
#2753=FACE_OUTER_BOUND ( 'NONE', #2021, .T. );
#2754=ORIENTED_EDGE ( 'NONE', *, *, #4017, .F. );
#2755=CARTESIAN_POINT ( 'NONE',  ( 0.05900000000000024700, 0.1150000000000000700, 0.1324999999999999800 ) );
#2756=LINE ( 'NONE', #1702, #225 );
#2757=CARTESIAN_POINT ( 'NONE',  ( -0.2409999999999997700, -0.1550000000000000000, 0.1399999999999999900 ) );
#2758=VERTEX_POINT ( 'NONE', #1707 );
#2759=EDGE_CURVE ( 'NONE', #2281, #3276, #4197, .T. );
#2760=CARTESIAN_POINT ( 'NONE',  ( -0.2409999999999997700, -1.714505518806294100E-017, 0.1399999999999999900 ) );
#2761=ORIENTED_EDGE ( 'NONE', *, *, #3425, .T. );
#2762=ADVANCED_FACE ( 'NONE', ( #4804 ), #3958, .F. );
#2763=EDGE_CURVE ( 'NONE', #2494, #3297, #962, .T. );
#2764=ORIENTED_EDGE ( 'NONE', *, *, #34, .F. );
#2765=EDGE_CURVE ( 'NONE', #5230, #4394, #670, .T. );
#2766=ORIENTED_EDGE ( 'NONE', *, *, #1347, .F. );
#2767=CARTESIAN_POINT ( 'NONE',  ( -0.08499999999999971500, 0.01200000000000005200, 0.1499999999999999900 ) );
#2768=ORIENTED_EDGE ( 'NONE', *, *, #1081, .F. );
#2769=LINE ( 'NONE', #650, #35 );
#2770=ADVANCED_FACE ( 'NONE', ( #3522 ), #1462, .F. );
#2771=ADVANCED_FACE ( 'NONE', ( #525 ), #2394, .F. );
#2772=CARTESIAN_POINT ( 'NONE',  ( -0.01499999999999970300, 0.09750000000000005900, -0.1399999999999999900 ) );
#2773=VERTEX_POINT ( 'NONE', #2002 );
#2774=CARTESIAN_POINT ( 'NONE',  ( -0.2409999999999997700, 0.09750000000000005900, -0.1499999999999999900 ) );
#2775=LINE ( 'NONE', #2502, #5073 );
#2776=ORIENTED_EDGE ( 'NONE', *, *, #16, .F. );
#2777=LINE ( 'NONE', #2325, #56 );
#2778=ORIENTED_EDGE ( 'NONE', *, *, #460, .F. );
#2779=ORIENTED_EDGE ( 'NONE', *, *, #2866, .F. );
#2780=ADVANCED_FACE ( 'NONE', ( #117 ), #3640, .F. );
#2781=VECTOR ( 'NONE', #1752, 39.37007874015748100 );
#2782=EDGE_CURVE ( 'NONE', #3287, #1108, #1255, .T. );
#2783=LINE ( 'NONE', #3949, #4350 );
#2784=CARTESIAN_POINT ( 'NONE',  ( 0.1150000000000003100, 0.09750000000000005900, -0.1499999999999999900 ) );
#2785=ADVANCED_FACE ( 'NONE', ( #1323 ), #2410, .T. );
#2786=AXIS2_PLACEMENT_3D ( 'NONE', #2990, #50, #1469 );
#2787=EDGE_CURVE ( 'NONE', #3933, #1950, #4988, .T. );
#2788=CARTESIAN_POINT ( 'NONE',  ( 0.2150000000000003000, 0.01200000000000005200, -0.1399999999999999900 ) );
#2789=EDGE_CURVE ( 'NONE', #2304, #3024, #5455, .T. );
#2790=EDGE_CURVE ( 'NONE', #2633, #483, #520, .T. );
#2791=EDGE_LOOP ( 'NONE', ( #974, #3673, #4288, #5447 ) );
#2792=EDGE_CURVE ( 'NONE', #1306, #1646, #5220, .T. );
#2793=ADVANCED_FACE ( 'NONE', ( #4853 ), #3621, .T. );
#2794=LINE ( 'NONE', #423, #56 );
#2795=LINE ( 'NONE', #968, #985 );
#2796=ORIENTED_EDGE ( 'NONE', *, *, #3591, .T. );
#2797=EDGE_CURVE ( 'NONE', #5352, #4859, #3127, .T. );
#2798=( GEOMETRIC_REPRESENTATION_CONTEXT ( 3 ) GLOBAL_UNCERTAINTY_ASSIGNED_CONTEXT ( ( #132 ) ) GLOBAL_UNIT_ASSIGNED_CONTEXT ( ( #559, #327, #131 ) ) REPRESENTATION_CONTEXT ( 'NONE', 'WORKASPACE' ) );
#2799=VERTEX_POINT ( 'NONE', #2836 );
#2800=ORIENTED_EDGE ( 'NONE', *, *, #1357, .F. );
#2801=ORIENTED_EDGE ( 'NONE', *, *, #1955, .T. );
#2802=ORIENTED_EDGE ( 'NONE', *, *, #315, .T. );
#2803=ORIENTED_EDGE ( 'NONE', *, *, #3142, .F. );
#2804=AXIS2_PLACEMENT_3D ( 'NONE', #2774, #419, #1 );
#2805=VERTEX_POINT ( 'NONE', #608 );
#2806=EDGE_CURVE ( 'NONE', #3, #2473, #4682, .T. );
#2807=PLANE ( 'NONE',  #2428 );
#2808=PRESENTATION_LAYER_ASSIGNMENT (  '', '', ( #1819 ) );
#2809=ORIENTED_EDGE ( 'NONE', *, *, #4017, .T. );
#2810=ORIENTED_EDGE ( 'NONE', *, *, #1655, .T. );
#2811=EDGE_LOOP ( 'NONE', ( #389, #956, #640, #5107 ) );
#2812=MANIFOLD_SOLID_BREP ( 'LPattern1[8]', #4262 );
#2813=AXIS2_PLACEMENT_3D ( 'NONE', #1651, #25, #20 );
#2814=FACE_OUTER_BOUND ( 'NONE', #4538, .T. );
#2815=VERTEX_POINT ( 'NONE', #4003 );
#2816=CARTESIAN_POINT ( 'NONE',  ( 0.2590000000000002300, 0.1050000000000000500, 0.1250000000000000000 ) );
#2817=ADVANCED_FACE ( 'NONE', ( #5343 ), #620, .F. );
#2818=VECTOR ( 'NONE', #2506, 39.37007874015748100 );
#2819=VERTEX_POINT ( 'NONE', #4868 );
#2820=ORIENTED_EDGE ( 'NONE', *, *, #4121, .T. );
#2821=EDGE_CURVE ( 'NONE', #4783, #1068, #4366, .T. );
#2822=ORIENTED_EDGE ( 'NONE', *, *, #180, .T. );
#2823=EDGE_CURVE ( 'NONE', #2027, #2961, #1747, .T. );
#2824=ORIENTED_EDGE ( 'NONE', *, *, #1744, .T. );
#2825=CIRCLE ( 'NONE', #1400, 0.007499999999999988400 );
#2826=ORIENTED_EDGE ( 'NONE', *, *, #2596, .F. );
#2827=ORIENTED_EDGE ( 'NONE', *, *, #2097, .T. );
#2828=EDGE_CURVE ( 'NONE', #3451, #4805, #2927, .T. );
#2829=ORIENTED_EDGE ( 'NONE', *, *, #2001, .F. );
#2830=EDGE_CURVE ( 'NONE', #983, #5439, #1947, .T. );
#2831=FACE_OUTER_BOUND ( 'NONE', #1279, .T. );
#2832=ORIENTED_EDGE ( 'NONE', *, *, #3950, .F. );
#2833=LINE ( 'NONE', #576, #35 );
#2834=VERTEX_POINT ( 'NONE', #1702 );
#2835=VERTEX_POINT ( 'NONE', #4078 );
#2836=CARTESIAN_POINT ( 'NONE',  ( -0.08499999999999971500, 0.09750000000000005900, -0.1499999999999999900 ) );
#2837=ORIENTED_EDGE ( 'NONE', *, *, #4701, .F. );
#2838=CARTESIAN_POINT ( 'NONE',  ( 0.01500000000000031900, 0.01200000000000005200, -0.1499999999999999900 ) );
#2839=EDGE_LOOP ( 'NONE', ( #2952, #5457, #4462, #5021 ) );
#2840=( GEOMETRIC_REPRESENTATION_CONTEXT ( 3 ) GLOBAL_UNCERTAINTY_ASSIGNED_CONTEXT ( ( #132 ) ) GLOBAL_UNIT_ASSIGNED_CONTEXT ( ( #559, #327, #131 ) ) REPRESENTATION_CONTEXT ( 'NONE', 'WORKASPACE' ) );
#2841=CARTESIAN_POINT ( 'NONE',  ( 0.1590000000000002200, -1.707404996040164500E-017, -0.1499999999999999900 ) );
#2842=CARTESIAN_POINT ( 'NONE',  ( -0.01499999999999970300, 0.1150000000000000600, -0.1250000000000000000 ) );
#2843=ORIENTED_EDGE ( 'NONE', *, *, #2237, .F. );
#2844=AXIS2_PLACEMENT_3D ( 'NONE', #252, #5267, #1588 );
#2845=VERTEX_POINT ( 'NONE', #3596 );
#2846=CARTESIAN_POINT ( 'NONE',  ( 0.1410000000000002600, -1.707404996040164500E-017, -0.1324999999999999800 ) );
#2847=LINE ( 'NONE', #2477, #6 );
#2848=ADVANCED_FACE ( 'NONE', ( #3059 ), #2936, .T. );
#2849=EDGE_CURVE ( 'NONE', #1052, #5347, #3192, .T. );
#2850=EDGE_CURVE ( 'NONE', #2485, #3734, #3832, .T. );
#2851=AXIS2_PLACEMENT_3D ( 'NONE', #723, #4787, #1470 );
#2852=CARTESIAN_POINT ( 'NONE',  ( 0.1270000000000003300, -1.714505518806294100E-017, -0.1399999999999999900 ) );
#2853=CIRCLE ( 'NONE', #379, 0.01750000000000001900 );
#2854=LINE ( 'NONE', #2080, #35 );
#2855=CARTESIAN_POINT ( 'NONE',  ( -0.3590000000000002600, 0.1150000000000000600, -0.1324999999999999800 ) );
#2856=ORIENTED_EDGE ( 'NONE', *, *, #5086, .F. );
#2857=ORIENTED_EDGE ( 'NONE', *, *, #4481, .T. );
#2858=EDGE_CURVE ( 'NONE', #4216, #920, #210, .T. );
#2859=EDGE_CURVE ( 'NONE', #4450, #293, #1320, .T. );
#2860=LINE ( 'NONE', #3028, #368 );
#2861=EDGE_LOOP ( 'NONE', ( #5451, #2881, #3354, #1616 ) );
#2862=CARTESIAN_POINT ( 'NONE',  ( -0.2589999999999997300, 0.09750000000000005900, 0.1499999999999999900 ) );
#2863=CARTESIAN_POINT ( 'NONE',  ( 0.1850000000000003000, 0.01199999999999995000, -0.1499999999999999900 ) );
#2864=ADVANCED_FACE ( 'NONE', ( #2741 ), #4532, .F. );
#2865=CARTESIAN_POINT ( 'NONE',  ( -0.01499999999999970300, 0.09750000000000005900, -0.1324999999999999800 ) );
#2866=EDGE_CURVE ( 'NONE', #136, #3594, #5281, .T. );
#2867=EDGE_LOOP ( 'NONE', ( #1835, #223, #4143, #5374, #472, #33, #4245, #2121, #3849, #383 ) );
#2868=LINE ( 'NONE', #3538, #56 );
#2869=CARTESIAN_POINT ( 'NONE',  ( -0.04099999999999978000, -1.707404996040164500E-017, -0.1324999999999999800 ) );
#2870=ORIENTED_EDGE ( 'NONE', *, *, #4053, .F. );
#2871=LINE ( 'NONE', #2457, #368 );
#2872=ORIENTED_EDGE ( 'NONE', *, *, #5215, .T. );
#2873=ORIENTED_EDGE ( 'NONE', *, *, #2453, .F. );
#2874=ADVANCED_FACE ( 'NONE', ( #5036 ), #1598, .F. );
#2875=CARTESIAN_POINT ( 'NONE',  ( 0.01500000000000031900, -1.714505518806294100E-017, -0.1399999999999999900 ) );
#2876=ORIENTED_EDGE ( 'NONE', *, *, #4405, .F. );
#2877=PLANE ( 'NONE',  #1512 );
#2878=ORIENTED_EDGE ( 'NONE', *, *, #167, .T. );
#2879=ORIENTED_EDGE ( 'NONE', *, *, #3567, .T. );
#2880=EDGE_CURVE ( 'NONE', #1061, #5037, #882, .T. );
#2881=ORIENTED_EDGE ( 'NONE', *, *, #4577, .T. );
#2882=ORIENTED_EDGE ( 'NONE', *, *, #2726, .T. );
#2883=CARTESIAN_POINT ( 'NONE',  ( -0.01499999999999970300, 0.01199999999999994800, -0.1499999999999999900 ) );
#2884=VERTEX_POINT ( 'NONE', #695 );
#2885=EDGE_LOOP ( 'NONE', ( #5109, #4438, #1402, #5187, #4313, #2803, #1667, #2085 ) );
#2886=ORIENTED_EDGE ( 'NONE', *, *, #2332, .F. );
#2887=LINE ( 'NONE', #718, #2954 );
#2888=LINE ( 'NONE', #4964, #24 );
#2889=FACE_OUTER_BOUND ( 'NONE', #3435, .T. );
#2890=VERTEX_POINT ( 'NONE', #2091 );
#2891=ORIENTED_EDGE ( 'NONE', *, *, #4306, .T. );
#2892=ORIENTED_EDGE ( 'NONE', *, *, #2923, .T. );
#2893=CARTESIAN_POINT ( 'NONE',  ( -0.2849999999999997000, -1.714505518806294100E-017, -0.1399999999999999900 ) );
#2894=EDGE_CURVE ( 'NONE', #1322, #2348, #2216, .T. );
#2895=EDGE_CURVE ( 'NONE', #861, #4194, #3707, .T. );
#2896=EDGE_CURVE ( 'NONE', #3254, #1949, #4738, .T. );
#2897=CARTESIAN_POINT ( 'NONE',  ( 0.01500000000000031900, 0.1050000000000000400, -0.1324999999999999800 ) );
#2898=ORIENTED_EDGE ( 'NONE', *, *, #5463, .T. );
#2899=CARTESIAN_POINT ( 'NONE',  ( 0.05900000000000024700, 0.09750000000000005900, -0.1324999999999999800 ) );
#2900=EDGE_CURVE ( 'NONE', #4748, #618, #349, .T. );
#2901=ORIENTED_EDGE ( 'NONE', *, *, #2517, .F. );
#2902=FACE_OUTER_BOUND ( 'NONE', #3263, .T. );
#2903=ORIENTED_EDGE ( 'NONE', *, *, #2267, .F. );
#2904=DIRECTION ( 'NONE',  ( 0.1294283079955639300, -0.9831056027603600800, -0.1294283079955640400 ) );
#2905=LINE ( 'NONE', #3768, #169 );
#2906=VERTEX_POINT ( 'NONE', #1938 );
#2907=ADVANCED_FACE ( 'NONE', ( #2339 ), #2160, .F. );
#2908=LINE ( 'NONE', #1912, #146 );
#2909=EDGE_CURVE ( 'NONE', #3100, #1711, #1175, .T. );
#2910=AXIS2_PLACEMENT_3D ( 'NONE', #1651, #258, #20 );
#2911=CARTESIAN_POINT ( 'NONE',  ( 0.3150000000000003400, 0.1150000000000000700, 0.1324999999999999800 ) );
#2912=ADVANCED_FACE ( 'NONE', ( #4362 ), #1996, .F. );
#2913=AXIS2_PLACEMENT_3D ( 'NONE', #4129, #25, #20 );
#2914=AXIS2_PLACEMENT_3D ( 'NONE', #1406, #258, #20 );
#2915=LINE ( 'NONE', #853, #35 );
#2916=CARTESIAN_POINT ( 'NONE',  ( 0.2150000000000003000, 0.1050000000000000400, -0.1324999999999999800 ) );
#2917=CARTESIAN_POINT ( 'NONE',  ( -0.04099999999999978000, -1.714505518806294100E-017, -0.1399999999999999900 ) );
#2918=ORIENTED_EDGE ( 'NONE', *, *, #4815, .F. );
#2919=ORIENTED_EDGE ( 'NONE', *, *, #4816, .T. );
#2920=EDGE_CURVE ( 'NONE', #2679, #667, #3079, .T. );
#2921=CIRCLE ( 'NONE', #3465, 0.007499999999999988400 );
#2922=VERTEX_POINT ( 'NONE', #545 );
#2923=EDGE_CURVE ( 'NONE', #2236, #4915, #2357, .T. );
#2924=PLANE ( 'NONE',  #2152 );
#2925=CARTESIAN_POINT ( 'NONE',  ( -0.3590000000000002600, 0.1150000000000000700, 0.1324999999999999800 ) );
#2926=LINE ( 'NONE', #2580, #498 );
#2927=LINE ( 'NONE', #2883, #169 );
#2928=EDGE_CURVE ( 'NONE', #5342, #2258, #2096, .T. );
#2929=ORIENTED_EDGE ( 'NONE', *, *, #3006, .F. );
#2930=EDGE_CURVE ( 'NONE', #1066, #804, #1762, .T. );
#2931=ORIENTED_EDGE ( 'NONE', *, *, #4465, .F. );
#2932=ADVANCED_FACE ( 'NONE', ( #5170 ), #165, .F. );
#2933=ORIENTED_EDGE ( 'NONE', *, *, #1349, .T. );
#2934=ORIENTED_EDGE ( 'NONE', *, *, #2630, .F. );
#2935=LINE ( 'NONE', #939, #371 );
#2936=PLANE ( 'NONE',  #949 );
#2937=CARTESIAN_POINT ( 'NONE',  ( 0.1590000000000002200, -0.1550000000000000000, 0.1499999999999999700 ) );
#2938=CARTESIAN_POINT ( 'NONE',  ( 0.1590000000000002200, 0.1150000000000000700, 0.1324999999999999800 ) );
#2939=LINE ( 'NONE', #1837, #225 );
#2940=ADVANCED_FACE ( 'NONE', ( #3783 ), #2093, .F. );
#2941=CARTESIAN_POINT ( 'NONE',  ( 0.2850000000000003100, 0.09750000000000005900, -0.1499999999999999900 ) );
#2942=CIRCLE ( 'NONE', #3630, 0.01750000000000001900 );
#2943=EDGE_LOOP ( 'NONE', ( #623, #2876, #3093, #706, #2241, #5492, #4317, #3896 ) );
#2944=FACE_OUTER_BOUND ( 'NONE', #4654, .T. );
#2945=ORIENTED_EDGE ( 'NONE', *, *, #1899, .T. );
#2946=EDGE_LOOP ( 'NONE', ( #485, #1067, #3414, #2768 ) );
#2947=CARTESIAN_POINT ( 'NONE',  ( 0.2850000000000003100, 0.1050000000000000500, 0.1250000000000000000 ) );
#2948=ORIENTED_EDGE ( 'NONE', *, *, #1565, .T. );
#2949=AXIS2_PLACEMENT_3D ( 'NONE', #2091, #875, #492 );
#2950=CARTESIAN_POINT ( 'NONE',  ( -0.1589999999999997800, -1.707404996040164500E-017, -0.1499999999999999900 ) );
#2951=CARTESIAN_POINT ( 'NONE',  ( -0.3150000000000003400, 0.01200000000000005200, -0.1324999999999999800 ) );
#2952=ORIENTED_EDGE ( 'NONE', *, *, #4855, .T. );
#2953=VERTEX_POINT ( 'NONE', #253 );
#2954=VECTOR ( 'NONE', #500, 39.37007874015748100 );
#2955=CARTESIAN_POINT ( 'NONE',  ( -0.05899999999999976800, -1.707404996040164500E-017, 0.1499999999999999900 ) );
#2956=ORIENTED_EDGE ( 'NONE', *, *, #4910, .F. );
#2957=EDGE_CURVE ( 'NONE', #3808, #2906, #4944, .T. );
#2958=ORIENTED_EDGE ( 'NONE', *, *, #3694, .T. );
#2959=LINE ( 'NONE', #4552, #6 );
#2960=ORIENTED_EDGE ( 'NONE', *, *, #1146, .T. );
#2961=VERTEX_POINT ( 'NONE', #3325 );
#2962=ORIENTED_EDGE ( 'NONE', *, *, #4724, .T. );
#2963=VERTEX_POINT ( 'NONE', #4160 );
#2964=EDGE_CURVE ( 'NONE', #3106, #5185, #378, .T. );
#2965=VERTEX_POINT ( 'NONE', #2551 );
#2966=PLANE ( 'NONE',  #4907 );
#2967=FACE_OUTER_BOUND ( 'NONE', #2009, .T. );
#2968=EDGE_LOOP ( 'NONE', ( #4115, #674, #825, #4305 ) );
#2969=ORIENTED_EDGE ( 'NONE', *, *, #4009, .T. );
#2970=CARTESIAN_POINT ( 'NONE',  ( 0.3410000000000002500, -1.707404996040164500E-017, -0.1399999999999999900 ) );
#2971=EDGE_CURVE ( 'NONE', #2224, #1824, #2942, .T. );
#2972=AXIS2_PLACEMENT_3D ( 'NONE', #1278, #1089, #343 );
#2973=ORIENTED_EDGE ( 'NONE', *, *, #3633, .T. );
#2974=LINE ( 'NONE', #4240, #56 );
#2975=CARTESIAN_POINT ( 'NONE',  ( -0.1589999999999997800, -1.707404996040164500E-017, 0.1324999999999999800 ) );
#2976=AXIS2_PLACEMENT_3D ( 'NONE', #2325, #323, #235 );
#2977=EDGE_CURVE ( 'NONE', #4673, #4041, #4689, .T. );
#2978=CARTESIAN_POINT ( 'NONE',  ( 0.2590000000000002300, -0.1550000000000000000, -0.1499999999999999700 ) );
#2979=ORIENTED_EDGE ( 'NONE', *, *, #1943, .F. );
#2980=CIRCLE ( 'NONE', #1861, 0.01750000000000001900 );
#2981=VERTEX_POINT ( 'NONE', #5432 );
#2982=ADVANCED_FACE ( 'NONE', ( #607 ), #2361, .F. );
#2983=SURFACE_SIDE_STYLE ('',( #1975 ) );
#2984=FACE_OUTER_BOUND ( 'NONE', #4284, .T. );
#2985=CLOSED_SHELL ( 'NONE', ( #4155, #3259, #5270, #2040, #925, #1591, #4891, #3531, #5087, #1407, #4452, #2440, #3743, #1187, #4582, #1580 ) );
#2986=CARTESIAN_POINT ( 'NONE',  ( -0.1149999999999997300, 0.01199999999999994800, 0.1499999999999999900 ) );
#2987=LINE ( 'NONE', #261, #56 );
#2988=ORIENTED_EDGE ( 'NONE', *, *, #719, .T. );
#2989=ORIENTED_EDGE ( 'NONE', *, *, #1459, .F. );
#2990=CARTESIAN_POINT ( 'NONE',  ( -0.3590000000000002600, 0.09750000000000005900, -0.1399999999999999900 ) );
#2991=CIRCLE ( 'NONE', #4412, 0.007499999999999988400 );
#2992=PLANE ( 'NONE',  #3511 );
#2993=ORIENTED_EDGE ( 'NONE', *, *, #3467, .T. );
#2994=EDGE_CURVE ( 'NONE', #377, #1721, #4381, .T. );
#2995=EDGE_CURVE ( 'NONE', #1322, #5437, #1743, .T. );
#2996=ORIENTED_EDGE ( 'NONE', *, *, #4121, .F. );
#2997=EDGE_LOOP ( 'NONE', ( #4030, #642, #3726, #2603 ) );
#2998=EDGE_CURVE ( 'NONE', #5347, #2981, #4875, .T. );
#2999=LINE ( 'NONE', #2836, #149 );
#3000=ORIENTED_EDGE ( 'NONE', *, *, #41, .F. );
#3001=ORIENTED_EDGE ( 'NONE', *, *, #3763, .T. );
#3002=PLANE ( 'NONE',  #1190 );
#3003=ORIENTED_EDGE ( 'NONE', *, *, #5060, .T. );
#3004=ORIENTED_EDGE ( 'NONE', *, *, #3748, .T. );
#3005=VERTEX_POINT ( 'NONE', #2897 );
#3006=EDGE_CURVE ( 'NONE', #3659, #898, #1478, .T. );
#3007=FACE_OUTER_BOUND ( 'NONE', #3095, .T. );
#3008=ORIENTED_EDGE ( 'NONE', *, *, #3379, .T. );
#3009=ADVANCED_FACE ( 'NONE', ( #3729 ), #4806, .F. );
#3010=EDGE_LOOP ( 'NONE', ( #609, #960, #4057, #2309 ) );
#3011=AXIS2_PLACEMENT_3D ( 'NONE', #458, #110, #50 );
#3012=CARTESIAN_POINT ( 'NONE',  ( 0.2850000000000003100, 0.09750000000000005900, -0.1399999999999999900 ) );
#3013=VERTEX_POINT ( 'NONE', #3655 );
#3014=EDGE_CURVE ( 'NONE', #1497, #1951, #903, .T. );
#3015=AXIS2_PLACEMENT_3D ( 'NONE', #209, #235, #50 );
#3016=ORIENTED_EDGE ( 'NONE', *, *, #1357, .T. );
#3017=FACE_OUTER_BOUND ( 'NONE', #5245, .T. );
#3018=FACE_OUTER_BOUND ( 'NONE', #564, .T. );
#3019=FACE_OUTER_BOUND ( 'NONE', #4422, .T. );
#3020=CARTESIAN_POINT ( 'NONE',  ( -0.05899999999999976800, 0.09750000000000005900, -0.1499999999999999900 ) );
#3021=VERTEX_POINT ( 'NONE', #602 );
#3022=ORIENTED_EDGE ( 'NONE', *, *, #1696, .T. );
#3023=ORIENTED_EDGE ( 'NONE', *, *, #710, .T. );
#3024=VERTEX_POINT ( 'NONE', #1455 );
#3025=ORIENTED_EDGE ( 'NONE', *, *, #2272, .T. );
#3026=CARTESIAN_POINT ( 'NONE',  ( 0.01500000000000031900, 0.01200000000000005200, -0.1324999999999999800 ) );
#3027=ORIENTED_EDGE ( 'NONE', *, *, #3332, .T. );
#3028=CARTESIAN_POINT ( 'NONE',  ( 0.01500000000000031900, 0.1150000000000000600, -0.1250000000000000000 ) );
#3029=CARTESIAN_POINT ( 'NONE',  ( 0.2410000000000002400, -1.707404996040164500E-017, 0.1499999999999999900 ) );
#3030=FACE_OUTER_BOUND ( 'NONE', #5324, .T. );
#3031=ORIENTED_EDGE ( 'NONE', *, *, #4367, .F. );
#3032=CARTESIAN_POINT ( 'NONE',  ( -0.2589999999999997300, 0.09750000000000005900, -0.1324999999999999800 ) );
#3033=ADVANCED_FACE ( 'NONE', ( #4513 ), #1092, .F. );
#3034=CARTESIAN_POINT ( 'NONE',  ( 0.3150000000000003400, 0.09750000000000005900, -0.1499999999999999900 ) );
#3035=EDGE_LOOP ( 'NONE', ( #3141, #2882, #4437, #4067 ) );
#3036=EDGE_CURVE ( 'NONE', #5161, #5065, #3605, .T. );
#3037=LINE ( 'NONE', #232, #2437 );
#3038=LINE ( 'NONE', #329, #250 );
#3039=EDGE_CURVE ( 'NONE', #1072, #2835, #1195, .T. );
#3040=DIRECTION ( 'NONE',  ( 1.000000000000000000, -0.0000000000000000000, -6.129146139631365000E-016 ) );
#3041=ORIENTED_EDGE ( 'NONE', *, *, #351, .F. );
#3042=CARTESIAN_POINT ( 'NONE',  ( -0.08499999999999971500, 0.1150000000000000700, 0.1324999999999999800 ) );
#3043=CARTESIAN_POINT ( 'NONE',  ( -0.2849999999999997000, 0.01200000000000005200, -0.1499999999999999900 ) );
#3044=CARTESIAN_POINT ( 'NONE',  ( -0.04099999999999978000, 0.1150000000000000700, 0.1324999999999999800 ) );
#3045=AXIS2_PLACEMENT_3D ( 'NONE', #2034, #419, #1 );
#3046=MANIFOLD_SOLID_BREP ( 'LPattern1[9]', #2217 );
#3047=EDGE_LOOP ( 'NONE', ( #4932, #2993, #1679, #2356 ) );
#3048=ORIENTED_EDGE ( 'NONE', *, *, #4016, .F. );
#3049=PLANE ( 'NONE',  #2463 );
#3050=FACE_OUTER_BOUND ( 'NONE', #5386, .T. );
#3051=AXIS2_PLACEMENT_3D ( 'NONE', #945, #441, #1866 );
#3052=VERTEX_POINT ( 'NONE', #3169 );
#3053=FACE_OUTER_BOUND ( 'NONE', #5311, .T. );
#3054=CIRCLE ( 'NONE', #2469, 0.01750000000000001900 );
#3055=AXIS2_PLACEMENT_3D ( 'NONE', #1233, #875, #492 );
#3056=ORIENTED_EDGE ( 'NONE', *, *, #3452, .F. );
#3057=ORIENTED_EDGE ( 'NONE', *, *, #1503, .F. );
#3058=FACE_OUTER_BOUND ( 'NONE', #671, .T. );
#3059=FACE_OUTER_BOUND ( 'NONE', #3953, .T. );
#3060=ORIENTED_EDGE ( 'NONE', *, *, #1382, .F. );
#3061=CARTESIAN_POINT ( 'NONE',  ( 0.2150000000000003000, 0.01200000000000005200, -0.1324999999999999800 ) );
#3062=LINE ( 'NONE', #4553, #270 );
#3063=ADVANCED_FACE ( 'NONE', ( #4261 ), #1510, .F. );
#3064=ORIENTED_EDGE ( 'NONE', *, *, #2444, .T. );
#3065=AXIS2_PLACEMENT_3D ( 'NONE', #381, #1097, #296 );
#3066=EDGE_CURVE ( 'NONE', #2799, #2815, #2999, .T. );
#3067=ORIENTED_EDGE ( 'NONE', *, *, #3565, .T. );
#3068=VERTEX_POINT ( 'NONE', #981 );
#3069=ORIENTED_EDGE ( 'NONE', *, *, #1280, .T. );
#3070=ORIENTED_EDGE ( 'NONE', *, *, #2401, .T. );
#3071=ORIENTED_EDGE ( 'NONE', *, *, #1389, .F. );
#3072=CARTESIAN_POINT ( 'NONE',  ( -0.3410000000000002500, -0.1550000000000000000, 0.1499999999999999700 ) );
#3073=ORIENTED_EDGE ( 'NONE', *, *, #2267, .T. );
#3074=EDGE_CURVE ( 'NONE', #3539, #3500, #2018, .T. );
#3075=EDGE_CURVE ( 'NONE', #2383, #3450, #3584, .T. );
#3076=EDGE_LOOP ( 'NONE', ( #1483, #2184, #1724, #3568 ) );
#3077=EDGE_CURVE ( 'NONE', #4531, #2185, #3200, .T. );
#3078=CARTESIAN_POINT ( 'NONE',  ( -0.1849999999999997500, 0.1150000000000000600, 0.1250000000000000000 ) );
#3079=LINE ( 'NONE', #2862, #985 );
#3080=EDGE_LOOP ( 'NONE', ( #152, #4794, #4248, #3357 ) );
#3081=ORIENTED_EDGE ( 'NONE', *, *, #2134, .F. );
#3082=VERTEX_POINT ( 'NONE', #174 );
#3083=EDGE_CURVE ( 'NONE', #4778, #2981, #4208, .T. );
#3084=ORIENTED_EDGE ( 'NONE', *, *, #90, .T. );
#3085=EDGE_LOOP ( 'NONE', ( #3563, #1155, #4695, #179 ) );
#3086=AXIS2_PLACEMENT_3D ( 'NONE', #1651, #235, #20 );
#3087=ORIENTED_EDGE ( 'NONE', *, *, #3101, .F. );
#3088=FACE_OUTER_BOUND ( 'NONE', #2431, .T. );
#3089=FACE_OUTER_BOUND ( 'NONE', #3080, .T. );
#3090=VERTEX_POINT ( 'NONE', #232 );
#3091=ORIENTED_EDGE ( 'NONE', *, *, #1674, .F. );
#3092=EDGE_CURVE ( 'NONE', #5155, #23, #1413, .T. );
#3093=ORIENTED_EDGE ( 'NONE', *, *, #448, .F. );
#3094=ORIENTED_EDGE ( 'NONE', *, *, #5023, .T. );
#3095=EDGE_LOOP ( 'NONE', ( #1358, #1466, #4732, #4448 ) );
#3096=FACE_OUTER_BOUND ( 'NONE', #3718, .T. );
#3097=ORIENTED_EDGE ( 'NONE', *, *, #1021, .T. );
#3098=CARTESIAN_POINT ( 'NONE',  ( 0.1410000000000002600, -0.1550000000000000000, 0.1399999999999999900 ) );
#3099=ORIENTED_EDGE ( 'NONE', *, *, #4510, .F. );
#3100=VERTEX_POINT ( 'NONE', #154 );
#3101=EDGE_CURVE ( 'NONE', #4531, #1214, #477, .T. );
#3102=LINE ( 'NONE', #868, #35 );
#3103=ADVANCED_FACE ( 'NONE', ( #1053 ), #3671, .F. );
#3104=VECTOR ( 'NONE', #4098, 39.37007874015748100 );
#3105=EDGE_LOOP ( 'NONE', ( #2779, #1403, #3575, #3625 ) );
#3106=VERTEX_POINT ( 'NONE', #2947 );
#3107=LINE ( 'NONE', #3749, #149 );
#3108=EDGE_CURVE ( 'NONE', #5482, #5290, #387, .T. );
#3109=ORIENTED_EDGE ( 'NONE', *, *, #4441, .T. );
#3110=EDGE_CURVE ( 'NONE', #2323, #136, #3613, .T. );
#3111=ADVANCED_FACE ( 'NONE', ( #2641 ), #4006, .F. );
#3112=LINE ( 'NONE', #5309, #428 );
#3113=CARTESIAN_POINT ( 'NONE',  ( -0.1409999999999998200, -0.1550000000000000000, -0.1499999999999999700 ) );
#3114=FACE_OUTER_BOUND ( 'NONE', #2867, .T. );
#3115=CARTESIAN_POINT ( 'NONE',  ( -0.3410000000000002500, 0.09750000000000005900, -0.1324999999999999800 ) );
#3116=EDGE_CURVE ( 'NONE', #2364, #3468, #3856, .T. );
#3117=FACE_OUTER_BOUND ( 'NONE', #4780, .T. );
#3118=CARTESIAN_POINT ( 'NONE',  ( -0.01499999999999970300, -1.707404996040164500E-017, 0.1499999999999999900 ) );
#3119=AXIS2_PLACEMENT_3D ( 'NONE', #2080, #284, #1272 );
#3120=LINE ( 'NONE', #2266, #6 );
#3121=EDGE_LOOP ( 'NONE', ( #1051, #1632, #3210, #2901 ) );
#3122=ADVANCED_FACE ( 'NONE', ( #1633 ), #2384, .F. );
#3123=LINE ( 'NONE', #3393, #56 );
#3124=LINE ( 'NONE', #3078, #498 );
#3125=ORIENTED_EDGE ( 'NONE', *, *, #4614, .F. );
#3126=AXIS2_PLACEMENT_3D ( 'NONE', #1260, #258, #20 );
#3127=LINE ( 'NONE', #199, #56 );
#3128=EDGE_CURVE ( 'NONE', #3156, #3855, #4083, .T. );
#3129=ORIENTED_EDGE ( 'NONE', *, *, #1962, .F. );
#3130=PLANE ( 'NONE',  #1596 );
#3131=ADVANCED_FACE ( 'NONE', ( #3019 ), #1528, .F. );
#3132=LINE ( 'NONE', #4489, #168 );
#3133=ORIENTED_EDGE ( 'NONE', *, *, #5168, .F. );
#3134=EDGE_LOOP ( 'NONE', ( #4976, #4848, #1978, #2623 ) );
#3135=LINE ( 'NONE', #1024, #35 );
#3136=CLOSED_SHELL ( 'NONE', ( #995, #5476, #3503, #570, #5095, #2762, #4885, #5252, #5442, #715, #2693, #528, #4515, #1636, #2848, #3103 ) );
#3137=ORIENTED_EDGE ( 'NONE', *, *, #4109, .F. );
#3138=EDGE_CURVE ( 'NONE', #3213, #2906, #46, .T. );
#3139=ORIENTED_EDGE ( 'NONE', *, *, #3006, .T. );
#3140=VERTEX_POINT ( 'NONE', #2842 );
#3141=ORIENTED_EDGE ( 'NONE', *, *, #5293, .T. );
#3142=EDGE_CURVE ( 'NONE', #3468, #1165, #4519, .T. );
#3143=LINE ( 'NONE', #1335, #985 );
#3144=ORIENTED_EDGE ( 'NONE', *, *, #4777, .F. );
#3145=LINE ( 'NONE', #4962, #6 );
#3146=EDGE_CURVE ( 'NONE', #3140, #1219, #2303, .T. );
#3147=CARTESIAN_POINT ( 'NONE',  ( 0.3150000000000003400, 0.09750000000000005900, 0.1499999999999999900 ) );
#3148=CARTESIAN_POINT ( 'NONE',  ( -0.3850000000000003400, -1.707404996040164500E-017, -0.1499999999999999900 ) );
#3149=EDGE_LOOP ( 'NONE', ( #2239, #680, #19, #599, #190, #2486, #2642, #1603 ) );
#3150=ORIENTED_EDGE ( 'NONE', *, *, #1132, .F. );
#3151=ORIENTED_EDGE ( 'NONE', *, *, #5026, .F. );
#3152=LINE ( 'NONE', #975, #498 );
#3153=LINE ( 'NONE', #3710, #31 );
#3154=FACE_OUTER_BOUND ( 'NONE', #4339, .T. );
#3155=VERTEX_POINT ( 'NONE', #1550 );
#3156=VERTEX_POINT ( 'NONE', #2013 );
#3157=ORIENTED_EDGE ( 'NONE', *, *, #2629, .T. );
#3158=AXIS2_PLACEMENT_3D ( 'NONE', #4240, #1089, #343 );
#3159=EDGE_LOOP ( 'NONE', ( #5102, #1653, #3290, #2199 ) );
#3160=ORIENTED_EDGE ( 'NONE', *, *, #5293, .F. );
#3161=EDGE_CURVE ( 'NONE', #2494, #3082, #1775, .T. );
#3162=VERTEX_POINT ( 'NONE', #2365 );
#3163=AXIS2_PLACEMENT_3D ( 'NONE', #89, #25, #20 );
#3164=ORIENTED_EDGE ( 'NONE', *, *, #5394, .F. );
#3165=CARTESIAN_POINT ( 'NONE',  ( 0.3270000000000003500, -1.778575257266404500E-017, 0.1499999999999999900 ) );
#3166=ORIENTED_EDGE ( 'NONE', *, *, #5327, .T. );
#3167=ORIENTED_EDGE ( 'NONE', *, *, #2321, .T. );
#3168=FACE_OUTER_BOUND ( 'NONE', #2073, .T. );
#3169=CARTESIAN_POINT ( 'NONE',  ( -0.1149999999999997300, 0.09750000000000005900, -0.1399999999999999900 ) );
#3170=ORIENTED_EDGE ( 'NONE', *, *, #2830, .F. );
#3171=AXIS2_PLACEMENT_3D ( 'NONE', #2521, #50, #235 );
#3172=ORIENTED_EDGE ( 'NONE', *, *, #851, .F. );
#3173=ORIENTED_EDGE ( 'NONE', *, *, #3991, .T. );
#3174=LINE ( 'NONE', #300, #250 );
#3175=CARTESIAN_POINT ( 'NONE',  ( -0.1849999999999997500, 0.1050000000000000400, -0.1324999999999999800 ) );
#3176=ADVANCED_FACE ( 'NONE', ( #3475 ), #134, .F. );
#3177=EDGE_CURVE ( 'NONE', #3854, #3215, #4271, .T. );
#3178=EDGE_CURVE ( 'NONE', #526, #4454, #1205, .T. );
#3179=ADVANCED_FACE ( 'NONE', ( #1556 ), #1511, .F. );
#3180=FACE_OUTER_BOUND ( 'NONE', #530, .T. );
#3181=PLANE ( 'NONE',  #4052 );
#3182=LINE ( 'NONE', #5320, #1867 );
#3183=ORIENTED_EDGE ( 'NONE', *, *, #2209, .F. );
#3184=EDGE_CURVE ( 'NONE', #3349, #1388, #1414, .T. );
#3185=CARTESIAN_POINT ( 'NONE',  ( -0.2409999999999997700, -1.707404996040164500E-017, 0.1324999999999999800 ) );
#3186=ORIENTED_EDGE ( 'NONE', *, *, #3667, .T. );
#3187=ORIENTED_EDGE ( 'NONE', *, *, #1523, .F. );
#3188=LINE ( 'NONE', #823, #265 );
#3189=CARTESIAN_POINT ( 'NONE',  ( -0.1589999999999997800, 0.09750000000000005900, 0.1324999999999999800 ) );
#3190=VERTEX_POINT ( 'NONE', #583 );
#3191=LINE ( 'NONE', #3946, #494 );
#3192=LINE ( 'NONE', #1335, #56 );
#3193=CARTESIAN_POINT ( 'NONE',  ( 0.08500000000000032500, 0.1150000000000000600, 0.1250000000000000000 ) );
#3194=EDGE_CURVE ( 'NONE', #2758, #148, #140, .T. );
#3195=AXIS2_PLACEMENT_3D ( 'NONE', #3677, #1089, #20 );
#3196=ADVANCED_FACE ( 'NONE', ( #4584 ), #2068, .T. );
#3197=ADVANCED_FACE ( 'NONE', ( #4459 ), #2461, .F. );
#3198=VERTEX_POINT ( 'NONE', #4070 );
#3199=VERTEX_POINT ( 'NONE', #1592 );
#3200=LINE ( 'NONE', #4139, #168 );
#3201=ORIENTED_EDGE ( 'NONE', *, *, #1908, .F. );
#3202=EDGE_LOOP ( 'NONE', ( #2639, #4357, #4285, #2050 ) );
#3203=VERTEX_POINT ( 'NONE', #2036 );
#3204=ADVANCED_FACE ( 'NONE', ( #3547 ), #2108, .F. );
#3205=VERTEX_POINT ( 'NONE', #1159 );
#3206=ORIENTED_EDGE ( 'NONE', *, *, #4844, .T. );
#3207=EDGE_CURVE ( 'NONE', #4581, #4673, #1904, .T. );
#3208=EDGE_CURVE ( 'NONE', #1490, #4808, #2039, .T. );
#3209=ORIENTED_EDGE ( 'NONE', *, *, #1801, .F. );
#3210=ORIENTED_EDGE ( 'NONE', *, *, #4075, .T. );
#3211=ORIENTED_EDGE ( 'NONE', *, *, #409, .T. );
#3212=ORIENTED_EDGE ( 'NONE', *, *, #5251, .T. );
#3213=VERTEX_POINT ( 'NONE', #3709 );
#3214=EDGE_CURVE ( 'NONE', #3432, #3301, #845, .T. );
#3215=VERTEX_POINT ( 'NONE', #742 );
#3216=EDGE_CURVE ( 'NONE', #3021, #2643, #2363, .T. );
#3217=MANIFOLD_SOLID_BREP ( 'LPattern1[7]', #3407 );
#3218=EDGE_CURVE ( 'NONE', #2648, #3140, #4146, .T. );
#3219=ORIENTED_EDGE ( 'NONE', *, *, #5146, .T. );
#3220=LINE ( 'NONE', #650, #494 );
#3221=ORIENTED_EDGE ( 'NONE', *, *, #761, .T. );
#3222=VERTEX_POINT ( 'NONE', #563 );
#3223=PLANE ( 'NONE',  #904 );
#3224=CARTESIAN_POINT ( 'NONE',  ( 0.1850000000000003000, 0.1050000000000000400, 0.1324999999999999800 ) );
#3225=AXIS2_PLACEMENT_3D ( 'NONE', #1278, #323, #235 );
#3226=ORIENTED_EDGE ( 'NONE', *, *, #393, .F. );
#3227=FACE_OUTER_BOUND ( 'NONE', #4486, .T. );
#3228=EDGE_LOOP ( 'NONE', ( #2800, #872, #1924, #2402 ) );
#3229=LINE ( 'NONE', #2325, #270 );
#3230=EDGE_LOOP ( 'NONE', ( #4601, #2703, #4196, #3482 ) );
#3231=LINE ( 'NONE', #939, #408 );
#3232=ORIENTED_EDGE ( 'NONE', *, *, #2462, .T. );
#3233=AXIS2_PLACEMENT_3D ( 'NONE', #1651, #110, #50 );
#3234=ADVANCED_FACE ( 'NONE', ( #4934 ), #4818, .F. );
#3235=EDGE_CURVE ( 'NONE', #4690, #3594, #5467, .T. );
#3236=AXIS2_PLACEMENT_3D ( 'NONE', #2147, #284, #1272 );
#3237=VERTEX_POINT ( 'NONE', #2580 );
#3238=FACE_OUTER_BOUND ( 'NONE', #3374, .T. );
#3239=ADVANCED_FACE ( 'NONE', ( #133 ), #1627, .F. );
#3240=ORIENTED_EDGE ( 'NONE', *, *, #4685, .F. );
#3241=PLANE ( 'NONE',  #1639 );
#3242=CARTESIAN_POINT ( 'NONE',  ( -0.3590000000000002600, -0.1550000000000000000, -0.1499999999999999700 ) );
#3243=LINE ( 'NONE', #611, #31 );
#3244=EDGE_CURVE ( 'NONE', #5471, #119, #2699, .T. );
#3245=LINE ( 'NONE', #1455, #368 );
#3246=CARTESIAN_POINT ( 'NONE',  ( -0.3788095377050707000, 0.1999999999999999600, 0.02799999999999999700 ) );
#3247=PLANE ( 'NONE',  #1298 );
#3248=VECTOR ( 'NONE', #241, 39.37007874015748100 );
#3249=EDGE_CURVE ( 'NONE', #3327, #416, #3732, .T. );
#3250=EDGE_LOOP ( 'NONE', ( #1741, #4713, #3723, #3347 ) );
#3251=CIRCLE ( 'NONE', #4843, 0.007499999999999988400 );
#3252=VERTEX_POINT ( 'NONE', #1773 );
#3253=FACE_OUTER_BOUND ( 'NONE', #941, .T. );
#3254=VERTEX_POINT ( 'NONE', #647 );
#3255=AXIS2_PLACEMENT_3D ( 'NONE', #577, #875, #492 );
#3256=LINE ( 'NONE', #397, #146 );
#3257=ORIENTED_EDGE ( 'NONE', *, *, #969, .T. );
#3258=LINE ( 'NONE', #2091, #371 );
#3259=ADVANCED_FACE ( 'NONE', ( #1840 ), #4181, .F. );
#3260=ORIENTED_EDGE ( 'NONE', *, *, #3769, .T. );
#3261=DIRECTION ( 'NONE',  ( 0.7071067811865464600, 0.7071067811865484600, -0.0000000000000000000 ) );
#3262=CARTESIAN_POINT ( 'NONE',  ( -0.05899999999999976800, 0.09750000000000005900, -0.1399999999999999900 ) );
#3263=EDGE_LOOP ( 'NONE', ( #4470, #3607, #2822, #3540 ) );
#3264=ORIENTED_EDGE ( 'NONE', *, *, #2086, .T. );
#3265=ORIENTED_EDGE ( 'NONE', *, *, #2998, .T. );
#3266=AXIS2_PLACEMENT_3D ( 'NONE', #1112, #215, #713 );
#3267=EDGE_CURVE ( 'NONE', #5396, #3301, #2297, .T. );
#3268=AXIS2_PLACEMENT_3D ( 'NONE', #1368, #25, #50 );
#3269=ORIENTED_EDGE ( 'NONE', *, *, #617, .T. );
#3270=ORIENTED_EDGE ( 'NONE', *, *, #3751, .F. );
#3271=ORIENTED_EDGE ( 'NONE', *, *, #3829, .T. );
#3272=VECTOR ( 'NONE', #1216, 39.37007874015748100 );
#3273=ORIENTED_EDGE ( 'NONE', *, *, #5337, .F. );
#3274=CARTESIAN_POINT ( 'NONE',  ( -0.1269999999999997500, -1.714505518806294100E-017, 0.1399999999999999900 ) );
#3275=PLANE ( 'NONE',  #4632 );
#3276=VERTEX_POINT ( 'NONE', #2570 );
#3277=PLANE ( 'NONE',  #1301 );
#3278=ORIENTED_EDGE ( 'NONE', *, *, #863, .T. );
#3279=VERTEX_POINT ( 'NONE', #4610 );
#3280=VERTEX_POINT ( 'NONE', #1293 );
#3281=CARTESIAN_POINT ( 'NONE',  ( -0.2589999999999997300, -1.707404996040164500E-017, 0.1399999999999999900 ) );
#3282=CARTESIAN_POINT ( 'NONE',  ( 0.1850000000000003000, 0.01199999999999994800, 0.1499999999999999900 ) );
#3283=CARTESIAN_POINT ( 'NONE',  ( 0.3590000000000002600, 0.1150000000000000600, 0.1324999999999999800 ) );
#3284=EDGE_CURVE ( 'NONE', #1219, #672, #3852, .T. );
#3285=EDGE_CURVE ( 'NONE', #4578, #5258, #2035, .T. );
#3286=CARTESIAN_POINT ( 'NONE',  ( -0.2269999999999997300, -1.707404996040164500E-017, 0.1499999999999999900 ) );
#3287=VERTEX_POINT ( 'NONE', #4236 );
#3288=CARTESIAN_POINT ( 'NONE',  ( 0.1850000000000003000, 0.09750000000000005900, 0.1324999999999999800 ) );
#3289=ADVANCED_FACE ( 'NONE', ( #910 ), #5351, .F. );
#3290=ORIENTED_EDGE ( 'NONE', *, *, #2430, .F. );
#3291=ORIENTED_EDGE ( 'NONE', *, *, #2628, .T. );
#3292=ADVANCED_FACE ( 'NONE', ( #4756 ), #2632, .F. );
#3293=AXIS2_PLACEMENT_3D ( 'NONE', #1619, #50, #235 );
#3294=EDGE_CURVE ( 'NONE', #5222, #4690, #1968, .T. );
#3295=ORIENTED_EDGE ( 'NONE', *, *, #1768, .F. );
#3296=ORIENTED_EDGE ( 'NONE', *, *, #916, .T. );
#3297=VERTEX_POINT ( 'NONE', #5371 );
#3298=VERTEX_POINT ( 'NONE', #2594 );
#3299=ORIENTED_EDGE ( 'NONE', *, *, #4729, .F. );
#3300=ORIENTED_EDGE ( 'NONE', *, *, #5285, .F. );
#3301=VERTEX_POINT ( 'NONE', #292 );
#3302=AXIS2_PLACEMENT_3D ( 'NONE', #209, #1469, #20 );
#3303=LINE ( 'NONE', #279, #35 );
#3304=VERTEX_POINT ( 'NONE', #3034 );
#3305=ORIENTED_EDGE ( 'NONE', *, *, #1315, .F. );
#3306=LINE ( 'NONE', #1979, #35 );
#3307=CARTESIAN_POINT ( 'NONE',  ( -0.1589999999999997800, -1.707404996040164500E-017, 0.1399999999999999900 ) );
#3308=FACE_OUTER_BOUND ( 'NONE', #4451, .T. );
#3309=AXIS2_PLACEMENT_3D ( 'NONE', #503, #461, #166 );
#3310=EDGE_CURVE ( 'NONE', #2714, #2236, #3668, .T. );
#3311=CARTESIAN_POINT ( 'NONE',  ( -0.07299999999999967600, -1.778575257266404500E-017, 0.1499999999999999900 ) );
#3312=CARTESIAN_POINT ( 'NONE',  ( -0.3150000000000003400, 0.09750000000000005900, -0.1499999999999999900 ) );
#3313=CARTESIAN_POINT ( 'NONE',  ( 0.3590000000000002600, 0.09750000000000005900, 0.1399999999999999900 ) );
#3314=CARTESIAN_POINT ( 'NONE',  ( 0.1850000000000003000, 0.1050000000000000500, 0.1250000000000000000 ) );
#3315=CARTESIAN_POINT ( 'NONE',  ( 0.1590000000000002200, 0.09750000000000005900, 0.1324999999999999800 ) );
#3316=PLANE ( 'NONE',  #4659 );
#3317=CARTESIAN_POINT ( 'NONE',  ( -0.1149999999999997300, -1.707404996040164500E-017, 0.1499999999999999900 ) );
#3318=CARTESIAN_POINT ( 'NONE',  ( -0.1149999999999997300, 0.1050000000000000400, 0.1324999999999999800 ) );
#3319=ORIENTED_EDGE ( 'NONE', *, *, #206, .F. );
#3320=ADVANCED_FACE ( 'NONE', ( #3089 ), #1200, .T. );
#3321=EDGE_CURVE ( 'NONE', #2104, #2643, #1268, .T. );
#3322=CARTESIAN_POINT ( 'NONE',  ( 0.0000000000000000000, 0.0000000000000000000, 0.0000000000000000000 ) );
#3323=CARTESIAN_POINT ( 'NONE',  ( -0.1149999999999997300, 0.09750000000000005900, 0.1399999999999999900 ) );
#3324=FACE_OUTER_BOUND ( 'NONE', #1484, .T. );
#3325=CARTESIAN_POINT ( 'NONE',  ( -0.05899999999999976800, -0.1550000000000000000, -0.1499999999999999700 ) );
#3326=CARTESIAN_POINT ( 'NONE',  ( -0.01499999999999970300, 0.09750000000000005900, 0.1399999999999999900 ) );
#3327=VERTEX_POINT ( 'NONE', #3385 );
#3328=LINE ( 'NONE', #945, #985 );
#3329=LINE ( 'NONE', #2975, #146 );
#3330=CARTESIAN_POINT ( 'NONE',  ( 0.1150000000000003100, 0.1150000000000000700, 0.1324999999999999800 ) );
#3331=STYLED_ITEM ( 'NONE', ( #746 ), #88 );
#3332=EDGE_CURVE ( 'NONE', #5116, #4580, #5464, .T. );
#3333=ORIENTED_EDGE ( 'NONE', *, *, #3395, .F. );
#3334=LINE ( 'NONE', #3504, #6 );
#3335=ADVANCED_FACE ( 'NONE', ( #2814 ), #927, .F. );
#3336=ORIENTED_EDGE ( 'NONE', *, *, #3372, .F. );
#3337=CARTESIAN_POINT ( 'NONE',  ( 0.2850000000000003100, 0.09750000000000005900, -0.1324999999999999800 ) );
#3338=FACE_OUTER_BOUND ( 'NONE', #4952, .T. );
#3339=EDGE_LOOP ( 'NONE', ( #264, #1613, #5462, #392, #5331, #1142, #4276, #2829 ) );
#3340=ORIENTED_EDGE ( 'NONE', *, *, #3214, .T. );
#3341=CARTESIAN_POINT ( 'NONE',  ( -0.2269999999999997300, -1.707404996040164500E-017, -0.1499999999999999900 ) );
#3342=ORIENTED_EDGE ( 'NONE', *, *, #1656, .F. );
#3343=VERTEX_POINT ( 'NONE', #2288 );
#3344=EDGE_LOOP ( 'NONE', ( #1637, #2919, #4755, #4401 ) );
#3345=LINE ( 'NONE', #233, #2326 );
#3346=CARTESIAN_POINT ( 'NONE',  ( -0.04099999999999978000, -1.714505518806294100E-017, 0.1399999999999999900 ) );
#3347=ORIENTED_EDGE ( 'NONE', *, *, #267, .F. );
#3348=CARTESIAN_POINT ( 'NONE',  ( -0.01499999999999970300, 0.1150000000000000700, 0.1324999999999999800 ) );
#3349=VERTEX_POINT ( 'NONE', #869 );
#3350=CARTESIAN_POINT ( 'NONE',  ( 0.1850000000000003000, 0.1150000000000000700, 0.1324999999999999800 ) );
#3351=ORIENTED_EDGE ( 'NONE', *, *, #2859, .T. );
#3352=AXIS2_PLACEMENT_3D ( 'NONE', #275, #1097, #296 );
#3353=CARTESIAN_POINT ( 'NONE',  ( -0.3853921625844405900, 0.1499999999999999400, -0.1249999999999995800 ) );
#3354=ORIENTED_EDGE ( 'NONE', *, *, #3427, .T. );
#3355=EDGE_CURVE ( 'NONE', #898, #5437, #3413, .T. );
#3356=AXIS2_PLACEMENT_3D ( 'NONE', #317, #25, #20 );
#3357=ORIENTED_EDGE ( 'NONE', *, *, #2086, .F. );
#3358=EDGE_LOOP ( 'NONE', ( #5084, #5336, #2672, #4680 ) );
#3359=EDGE_LOOP ( 'NONE', ( #2222, #953, #3614, #2102 ) );
#3360=ORIENTED_EDGE ( 'NONE', *, *, #774, .F. );
#3361=CARTESIAN_POINT ( 'NONE',  ( 0.08500000000000032500, -1.707404996040164500E-017, -0.1499999999999999900 ) );
#3362=EDGE_CURVE ( 'NONE', #3190, #1625, #4446, .T. );
#3363=CARTESIAN_POINT ( 'NONE',  ( 0.08500000000000032500, 0.09750000000000005900, -0.1399999999999999900 ) );
#3364=ORIENTED_EDGE ( 'NONE', *, *, #5078, .T. );
#3365=DIRECTION ( 'NONE',  ( -0.7071067811865485700, 0.7071067811865465700, -5.020827797899659000E-018 ) );
#3366=ORIENTED_EDGE ( 'NONE', *, *, #4992, .T. );
#3367=ADVANCED_FACE ( 'NONE', ( #4265 ), #1386, .F. );
#3368=CARTESIAN_POINT ( 'NONE',  ( 0.3590000000000002600, -0.1550000000000000000, -0.1499999999999999700 ) );
#3369=VERTEX_POINT ( 'NONE', #113 );
#3370=ORIENTED_EDGE ( 'NONE', *, *, #1123, .T. );
#3371=EDGE_CURVE ( 'NONE', #4673, #2496, #4136, .T. );
#3372=EDGE_CURVE ( 'NONE', #2185, #4135, #4929, .T. );
#3373=CIRCLE ( 'NONE', #2139, 0.007499999999999988400 );
#3374=EDGE_LOOP ( 'NONE', ( #5344, #4901, #508, #242, #4036, #1796, #905, #1197 ) );
#3375=CARTESIAN_POINT ( 'NONE',  ( 0.2150000000000003000, 0.01200000000000005200, 0.1499999999999999900 ) );
#3376=EDGE_LOOP ( 'NONE', ( #5419, #4469, #4494, #1412 ) );
#3377=AXIS2_PLACEMENT_3D ( 'NONE', #780, #419, #1 );
#3378=VERTEX_POINT ( 'NONE', #4649 );
#3379=EDGE_CURVE ( 'NONE', #2922, #3450, #1691, .T. );
#3380=EDGE_LOOP ( 'NONE', ( #2191, #2123, #1482, #5082 ) );
#3381=CYLINDRICAL_SURFACE ( 'NONE', #1593, 0.007499999999999988400 );
#3382=ORIENTED_EDGE ( 'NONE', *, *, #5181, .T. );
#3383=ORIENTED_EDGE ( 'NONE', *, *, #2520, .F. );
#3384=ADVANCED_FACE ( 'NONE', ( #4384 ), #3551, .F. );
#3385=CARTESIAN_POINT ( 'NONE',  ( 0.3590000000000002600, 0.1050000000000000400, 0.1324999999999999800 ) );
#3386=ORIENTED_EDGE ( 'NONE', *, *, #4989, .T. );
#3387=LINE ( 'NONE', #77, #56 );
#3388=ADVANCED_FACE ( 'NONE', ( #5171 ), #1848, .F. );
#3389=LINE ( 'NONE', #545, #6 );
#3390=LINE ( 'NONE', #1982, #146 );
#3391=PLANE ( 'NONE',  #385 );
#3392=ORIENTED_EDGE ( 'NONE', *, *, #1793, .F. );
#3393=CARTESIAN_POINT ( 'NONE',  ( 0.3850000000000003400, -1.714505518806294100E-017, 0.1399999999999999900 ) );
#3394=ORIENTED_EDGE ( 'NONE', *, *, #2765, .T. );
#3395=EDGE_CURVE ( 'NONE', #5219, #1129, #2099, .T. );
#3396=EDGE_CURVE ( 'NONE', #1497, #1415, #4811, .T. );
#3397=ORIENTED_EDGE ( 'NONE', *, *, #2920, .F. );
#3398=LINE ( 'NONE', #689, #225 );
#3399=LINE ( 'NONE', #2938, #56 );
#3400=CARTESIAN_POINT ( 'NONE',  ( 0.3590000000000002600, 0.1150000000000000700, -0.1324999999999999800 ) );
#3401=AXIS2_PLACEMENT_3D ( 'NONE', #308, #284, #1272 );
#3402=ORIENTED_EDGE ( 'NONE', *, *, #731, .T. );
#3403=ORIENTED_EDGE ( 'NONE', *, *, #1868, .T. );
#3404=EDGE_CURVE ( 'NONE', #3855, #2633, #906, .T. );
#3405=LINE ( 'NONE', #4170, #56 );
#3406=ORIENTED_EDGE ( 'NONE', *, *, #4800, .T. );
#3407=CLOSED_SHELL ( 'NONE', ( #2138, #722, #700, #4863, #1965, #4608, #3647, #2907, #382, #1907, #2578, #3335, #5269, #2333, #2395, #3999 ) );
#3408=ORIENTED_EDGE ( 'NONE', *, *, #3692, .F. );
#3409=ORIENTED_EDGE ( 'NONE', *, *, #2977, .F. );
#3410=CARTESIAN_POINT ( 'NONE',  ( 0.05900000000000024700, -1.707404996040164500E-017, 0.1324999999999999800 ) );
#3411=FACE_OUTER_BOUND ( 'NONE', #2249, .T. );
#3412=CYLINDRICAL_SURFACE ( 'NONE', #2075, 0.01750000000000001900 );
#3413=LINE ( 'NONE', #4292, #428 );
#3414=ORIENTED_EDGE ( 'NONE', *, *, #3438, .T. );
#3415=ORIENTED_EDGE ( 'NONE', *, *, #686, .F. );
#3416=CARTESIAN_POINT ( 'NONE',  ( -0.01499999999999970300, 0.01199999999999995000, -0.1499999999999999900 ) );
#3417=VERTEX_POINT ( 'NONE', #3078 );
#3418=AXIS2_PLACEMENT_3D ( 'NONE', #1031, #110, #50 );
#3419=PLANE ( 'NONE',  #4484 );
#3420=CARTESIAN_POINT ( 'NONE',  ( 0.2410000000000002400, 0.09750000000000005900, -0.1499999999999999900 ) );
#3421=ORIENTED_EDGE ( 'NONE', *, *, #4982, .T. );
#3422=EDGE_LOOP ( 'NONE', ( #4455, #757, #5465, #3397 ) );
#3423=LINE ( 'NONE', #2055, #250 );
#3424=ORIENTED_EDGE ( 'NONE', *, *, #5213, .F. );
#3425=EDGE_CURVE ( 'NONE', #2424, #1502, #462, .T. );
#3426=ORIENTED_EDGE ( 'NONE', *, *, #3876, .F. );
#3427=EDGE_CURVE ( 'NONE', #1354, #2805, #1544, .T. );
#3428=PLANE ( 'NONE',  #2684 );
#3429=ORIENTED_EDGE ( 'NONE', *, *, #1838, .T. );
#3430=ADVANCED_FACE ( 'NONE', ( #1046 ), #1434, .F. );
#3431=ORIENTED_EDGE ( 'NONE', *, *, #5062, .F. );
#3432=VERTEX_POINT ( 'NONE', #2855 );
#3433=CARTESIAN_POINT ( 'NONE',  ( -0.01499999999999970300, 0.1150000000000000600, 0.1250000000000000000 ) );
#3434=EDGE_CURVE ( 'NONE', #3254, #4307, #4379, .T. );
#3435=EDGE_LOOP ( 'NONE', ( #1396, #2284, #2448, #5458 ) );
#3436=VERTEX_POINT ( 'NONE', #83 );
#3437=EDGE_LOOP ( 'NONE', ( #3550, #4674, #3091, #3843 ) );
#3438=EDGE_CURVE ( 'NONE', #1479, #4991, #3462, .T. );
#3439=AXIS2_PLACEMENT_3D ( 'NONE', #2265, #50, #832 );
#3440=CARTESIAN_POINT ( 'NONE',  ( 0.05900000000000024700, -1.714505518806294100E-017, -0.1399999999999999900 ) );
#3441=CARTESIAN_POINT ( 'NONE',  ( -0.2849999999999997000, 0.1150000000000000700, -0.1324999999999999800 ) );
#3442=AXIS2_PLACEMENT_3D ( 'NONE', #2899, #258, #20 );
#3443=EDGE_CURVE ( 'NONE', #1419, #1023, #3839, .T. );
#3444=EDGE_CURVE ( 'NONE', #4460, #407, #821, .T. );
#3445=AXIS2_PLACEMENT_3D ( 'NONE', #209, #361, #20 );
#3446=ORIENTED_EDGE ( 'NONE', *, *, #2928, .T. );
#3447=CLOSED_SHELL ( 'NONE', ( #1643, #3063, #3009, #4421, #972, #900, #2599, #3801, #4686, #5301, #2669, #1863, #2263 ) );
#3448=PLANE ( 'NONE',  #948 );
#3449=FACE_OUTER_BOUND ( 'NONE', #1474, .T. );
#3450=VERTEX_POINT ( 'NONE', #2266 );
#3451=VERTEX_POINT ( 'NONE', #2031 );
#3452=EDGE_CURVE ( 'NONE', #106, #536, #4434, .T. );
#3453=EDGE_CURVE ( 'NONE', #4802, #1699, #2871, .T. );
#3454=FACE_OUTER_BOUND ( 'NONE', #1054, .T. );
#3455=ORIENTED_EDGE ( 'NONE', *, *, #3404, .T. );
#3456=ORIENTED_EDGE ( 'NONE', *, *, #4966, .T. );
#3457=EDGE_CURVE ( 'NONE', #3106, #4310, #281, .T. );
#3458=PLANE ( 'NONE',  #3904 );
#3459=LINE ( 'NONE', #2260, #498 );
#3460=ORIENTED_EDGE ( 'NONE', *, *, #4488, .F. );
#3461=ORIENTED_EDGE ( 'NONE', *, *, #3763, .F. );
#3462=LINE ( 'NONE', #2651, #35 );
#3463=PLANE ( 'NONE',  #1486 );
#3464=EDGE_CURVE ( 'NONE', #2023, #3784, #1113, .T. );
#3465=AXIS2_PLACEMENT_3D ( 'NONE', #1183, #361, #20 );
#3466=VERTEX_POINT ( 'NONE', #2916 );
#3467=EDGE_CURVE ( 'NONE', #1201, #1042, #358, .T. );
#3468=VERTEX_POINT ( 'NONE', #3363 );
#3469=PLANE ( 'NONE',  #66 );
#3470=VERTEX_POINT ( 'NONE', #1994 );
#3471=ORIENTED_EDGE ( 'NONE', *, *, #3858, .F. );
#3472=EDGE_CURVE ( 'NONE', #1547, #400, #668, .T. );
#3473=( GEOMETRIC_REPRESENTATION_CONTEXT ( 3 ) GLOBAL_UNCERTAINTY_ASSIGNED_CONTEXT ( ( #132 ) ) GLOBAL_UNIT_ASSIGNED_CONTEXT ( ( #559, #327, #131 ) ) REPRESENTATION_CONTEXT ( 'NONE', 'WORKASPACE' ) );
#3474=CARTESIAN_POINT ( 'NONE',  ( -0.2409999999999997700, 0.1050000000000000400, 0.1324999999999999800 ) );
#3475=FACE_OUTER_BOUND ( 'NONE', #4316, .T. );
#3476=ORIENTED_EDGE ( 'NONE', *, *, #880, .F. );
#3477=VERTEX_POINT ( 'NONE', #4917 );
#3478=AXIS2_PLACEMENT_3D ( 'NONE', #438, #323, #235 );
#3479=PLANE ( 'NONE',  #1926 );
#3480=ORIENTED_EDGE ( 'NONE', *, *, #1002, .F. );
#3481=ORIENTED_EDGE ( 'NONE', *, *, #4670, .T. );
#3482=ORIENTED_EDGE ( 'NONE', *, *, #444, .T. );
#3483=ORIENTED_EDGE ( 'NONE', *, *, #145, .F. );
#3484=ORIENTED_EDGE ( 'NONE', *, *, #3923, .T. );
#3485=CARTESIAN_POINT ( 'NONE',  ( 0.3788095377050712000, 0.01999999999999994100, -0.1138095377050713800 ) );
#3486=EDGE_CURVE ( 'NONE', #2627, #5139, #4741, .T. );
#3487=ADVANCED_FACE ( 'NONE', ( #4192 ), #440, .T. );
#3488=ORIENTED_EDGE ( 'NONE', *, *, #4281, .T. );
#3489=EDGE_CURVE ( 'NONE', #5232, #1529, #2159, .T. );
#3490=EDGE_LOOP ( 'NONE', ( #3060, #3836, #3868, #5490 ) );
#3491=LINE ( 'NONE', #21, #2954 );
#3492=VERTEX_POINT ( 'NONE', #5397 );
#3493=LINE ( 'NONE', #276, #1218 );
#3494=FACE_OUTER_BOUND ( 'NONE', #2968, .T. );
#3495=DIRECTION ( 'NONE',  ( -2.731847993664269100E-016, -0.0000000000000000000, -1.000000000000000000 ) );
#3496=EDGE_CURVE ( 'NONE', #5300, #1201, #4681, .T. );
#3497=CARTESIAN_POINT ( 'NONE',  ( 0.2150000000000003000, 0.1150000000000000700, -0.1324999999999999800 ) );
#3498=EDGE_CURVE ( 'NONE', #1041, #2965, #3062, .T. );
#3499=FACE_OUTER_BOUND ( 'NONE', #497, .T. );
#3500=VERTEX_POINT ( 'NONE', #1586 );
#3501=EDGE_CURVE ( 'NONE', #4085, #4418, #5099, .T. );
#3502=PLANE ( 'NONE',  #5268 );
#3503=ADVANCED_FACE ( 'NONE', ( #3338 ), #2564, .F. );
#3504=CARTESIAN_POINT ( 'NONE',  ( 0.1150000000000003100, -1.714505518806294100E-017, 0.1399999999999999900 ) );
#3505=CARTESIAN_POINT ( 'NONE',  ( 0.2730000000000003000, -1.714505518806294100E-017, 0.1399999999999999900 ) );
#3506=CARTESIAN_POINT ( 'NONE',  ( -0.1849999999999997500, 0.09750000000000005900, 0.1399999999999999900 ) );
#3507=LINE ( 'NONE', #1086, #56 );
#3508=ORIENTED_EDGE ( 'NONE', *, *, #1382, .T. );
#3509=( GEOMETRIC_REPRESENTATION_CONTEXT ( 3 ) GLOBAL_UNCERTAINTY_ASSIGNED_CONTEXT ( ( #132 ) ) GLOBAL_UNIT_ASSIGNED_CONTEXT ( ( #559, #327, #131 ) ) REPRESENTATION_CONTEXT ( 'NONE', 'WORKASPACE' ) );
#3510=FACE_OUTER_BOUND ( 'NONE', #3250, .T. );
#3511=AXIS2_PLACEMENT_3D ( 'NONE', #312, #2, #296 );
#3512=ORIENTED_EDGE ( 'NONE', *, *, #3110, .F. );
#3513=ORIENTED_EDGE ( 'NONE', *, *, #2321, .F. );
#3514=ORIENTED_EDGE ( 'NONE', *, *, #1882, .F. );
#3515=EDGE_CURVE ( 'NONE', #2230, #1419, #2991, .T. );
#3516=CYLINDRICAL_SURFACE ( 'NONE', #1246, 0.02799999999999999700 );
#3517=DIRECTION ( 'NONE',  ( 2.731847993664268600E-016, 0.0000000000000000000, 1.000000000000000000 ) );
#3518=CARTESIAN_POINT ( 'NONE',  ( 0.3788095377050712500, 0.1999999999999999600, 0.1249999999999999300 ) );
#3519=ORIENTED_EDGE ( 'NONE', *, *, #4660, .T. );
#3520=ORIENTED_EDGE ( 'NONE', *, *, #892, .T. );
#3521=EDGE_LOOP ( 'NONE', ( #739, #2059, #818, #5163 ) );
#3522=FACE_OUTER_BOUND ( 'NONE', #5291, .T. );
#3523=LINE ( 'NONE', #3576, #35 );
#3524=ORIENTED_EDGE ( 'NONE', *, *, #5398, .F. );
#3525=VERTEX_POINT ( 'NONE', #333 );
#3526=EDGE_CURVE ( 'NONE', #5233, #4135, #888, .T. );
#3527=PLANE ( 'NONE',  #2432 );
#3528=VERTEX_POINT ( 'NONE', #3029 );
#3529=ORIENTED_EDGE ( 'NONE', *, *, #2977, .T. );
#3530=ORIENTED_EDGE ( 'NONE', *, *, #1347, .T. );
#3531=ADVANCED_FACE ( 'NONE', ( #2218 ), #885, .F. );
#3532=EDGE_LOOP ( 'NONE', ( #2094, #4336, #1076, #4830 ) );
#3533=CARTESIAN_POINT ( 'NONE',  ( -0.1589999999999997800, -1.707404996040164500E-017, -0.1324999999999999800 ) );
#3534=EDGE_CURVE ( 'NONE', #2890, #4772, #3258, .T. );
#3535=VERTEX_POINT ( 'NONE', #3341 );
#3536=ORIENTED_EDGE ( 'NONE', *, *, #2418, .F. );
#3537=CARTESIAN_POINT ( 'NONE',  ( -0.04099999999999978000, -1.707404996040164500E-017, -0.1499999999999999900 ) );
#3538=CARTESIAN_POINT ( 'NONE',  ( -0.2409999999999997700, 0.1150000000000000700, 0.1324999999999999800 ) );
#3539=VERTEX_POINT ( 'NONE', #2186 );
#3540=ORIENTED_EDGE ( 'NONE', *, *, #4605, .T. );
#3541=ORIENTED_EDGE ( 'NONE', *, *, #2430, .T. );
#3542=LINE ( 'NONE', #1712, #35 );
#3543=ADVANCED_FACE ( 'NONE', ( #2681 ), #1143, .F. );
#3544=EDGE_CURVE ( 'NONE', #3500, #4184, #954, .T. );
#3545=STYLED_ITEM ( 'NONE', ( #746 ), #1660 );
#3546=LINE ( 'NONE', #577, #1218 );
#3547=FACE_OUTER_BOUND ( 'NONE', #3792, .T. );
#3548=VERTEX_POINT ( 'NONE', #2319 );
#3549=CARTESIAN_POINT ( 'NONE',  ( 0.1410000000000002600, -1.707404996040164500E-017, -0.1499999999999999900 ) );
#3550=ORIENTED_EDGE ( 'NONE', *, *, #4176, .T. );
#3551=PLANE ( 'NONE',  #894 );
#3552=PLANE ( 'NONE',  #2181 );
#3553=EDGE_LOOP ( 'NONE', ( #3934, #2743, #3857, #495 ) );
#3554=FACE_OUTER_BOUND ( 'NONE', #4272, .T. );
#3555=AXIS2_PLACEMENT_3D ( 'NONE', #1569, #258, #20 );
#3556=ORIENTED_EDGE ( 'NONE', *, *, #1308, .T. );
#3557=CARTESIAN_POINT ( 'NONE',  ( 0.2410000000000002400, -1.707404996040164500E-017, -0.1324999999999999800 ) );
#3558=EDGE_LOOP ( 'NONE', ( #610, #3765, #4082, #3333 ) );
#3559=ORIENTED_EDGE ( 'NONE', *, *, #4545, .F. );
#3560=ORIENTED_EDGE ( 'NONE', *, *, #1300, .T. );
#3561=PLANE ( 'NONE',  #3571 );
#3562=LINE ( 'NONE', #2205, #494 );
#3563=ORIENTED_EDGE ( 'NONE', *, *, #1576, .F. );
#3564=PLANE ( 'NONE',  #3065 );
#3565=EDGE_CURVE ( 'NONE', #4621, #247, #109, .T. );
#3566=ORIENTED_EDGE ( 'NONE', *, *, #167, .F. );
#3567=EDGE_CURVE ( 'NONE', #2407, #4579, #1384, .T. );
#3568=ORIENTED_EDGE ( 'NONE', *, *, #2372, .F. );
#3569=ORIENTED_EDGE ( 'NONE', *, *, #3885, .T. );
#3570=CARTESIAN_POINT ( 'NONE',  ( 0.2850000000000003100, -1.707404996040164500E-017, -0.1499999999999999900 ) );
#3571=AXIS2_PLACEMENT_3D ( 'NONE', #458, #258, #20 );
#3572=EDGE_CURVE ( 'NONE', #1167, #4683, #735, .T. );
#3573=EDGE_LOOP ( 'NONE', ( #619, #3795, #356, #1844 ) );
#3574=LINE ( 'NONE', #2233, #270 );
#3575=ORIENTED_EDGE ( 'NONE', *, *, #3667, .F. );
#3576=CARTESIAN_POINT ( 'NONE',  ( 0.05900000000000024700, 0.1150000000000000700, -0.1324999999999999800 ) );
#3577=ORIENTED_EDGE ( 'NONE', *, *, #751, .T. );
#3578=AXIS2_PLACEMENT_3D ( 'NONE', #1368, #235, #50 );
#3579=FACE_OUTER_BOUND ( 'NONE', #5043, .T. );
#3580=FACE_OUTER_BOUND ( 'NONE', #3121, .T. );
#3581=ORIENTED_EDGE ( 'NONE', *, *, #4537, .T. );
#3582=AXIS2_PLACEMENT_3D ( 'NONE', #2539, #794, #612 );
#3583=CARTESIAN_POINT ( 'NONE',  ( 0.2850000000000003100, -1.707404996040164500E-017, 0.1499999999999999900 ) );
#3584=LINE ( 'NONE', #1849, #368 );
#3585=EDGE_CURVE ( 'NONE', #1682, #4253, #5454, .T. );
#3586=AXIS2_PLACEMENT_3D ( 'NONE', #510, #25, #50 );
#3587=CARTESIAN_POINT ( 'NONE',  ( -0.3410000000000002500, -1.707404996040164500E-017, 0.1499999999999999900 ) );
#3588=CARTESIAN_POINT ( 'NONE',  ( -0.2149999999999996900, 0.09750000000000005900, 0.1399999999999999900 ) );
#3589=EDGE_LOOP ( 'NONE', ( #348, #4002, #3986, #4097 ) );
#3590=CARTESIAN_POINT ( 'NONE',  ( -0.3150000000000003400, 0.01200000000000005200, -0.1399999999999999900 ) );
#3591=EDGE_CURVE ( 'NONE', #39, #3548, #3650, .T. );
#3592=VERTEX_POINT ( 'NONE', #5126 );
#3593=ORIENTED_EDGE ( 'NONE', *, *, #5388, .T. );
#3594=VERTEX_POINT ( 'NONE', #1302 );
#3595=EDGE_CURVE ( 'NONE', #198, #2624, #2215, .T. );
#3596=CARTESIAN_POINT ( 'NONE',  ( 0.08500000000000032500, 0.1050000000000000500, -0.1250000000000000000 ) );
#3597=LINE ( 'NONE', #4259, #6 );
#3598=LINE ( 'NONE', #1032, #494 );
#3599=VERTEX_POINT ( 'NONE', #1488 );
#3600=ADVANCED_FACE ( 'NONE', ( #4423 ), #3552, .F. );
#3601=VERTEX_POINT ( 'NONE', #481 );
#3602=FACE_OUTER_BOUND ( 'NONE', #551, .T. );
#3603=VERTEX_POINT ( 'NONE', #328 );
#3604=ORIENTED_EDGE ( 'NONE', *, *, #3146, .F. );
#3605=LINE ( 'NONE', #5188, #35 );
#3606=EDGE_CURVE ( 'NONE', #4751, #2552, #2676, .T. );
#3607=ORIENTED_EDGE ( 'NONE', *, *, #4958, .T. );
#3608=CARTESIAN_POINT ( 'NONE',  ( 0.1410000000000002600, 0.09750000000000005900, -0.1499999999999999900 ) );
#3609=ORIENTED_EDGE ( 'NONE', *, *, #657, .F. );
#3610=ORIENTED_EDGE ( 'NONE', *, *, #2821, .F. );
#3611=CARTESIAN_POINT ( 'NONE',  ( 0.08500000000000032500, 0.01199999999999995000, -0.1499999999999999900 ) );
#3612=ORIENTED_EDGE ( 'NONE', *, *, #4966, .F. );
#3613=LINE ( 'NONE', #547, #60 );
#3614=ORIENTED_EDGE ( 'NONE', *, *, #4605, .F. );
#3615=VERTEX_POINT ( 'NONE', #252 );
#3616=CARTESIAN_POINT ( 'NONE',  ( -0.3150000000000003400, -1.714505518806294100E-017, -0.1399999999999999900 ) );
#3617=VERTEX_POINT ( 'NONE', #4375 );
#3618=ORIENTED_EDGE ( 'NONE', *, *, #3214, .F. );
#3619=EDGE_CURVE ( 'NONE', #971, #5139, #4795, .T. );
#3620=EDGE_CURVE ( 'NONE', #456, #475, #3191, .T. );
#3621=PLANE ( 'NONE',  #1799 );
#3622=ORIENTED_EDGE ( 'NONE', *, *, #4800, .F. );
#3623=VERTEX_POINT ( 'NONE', #1112 );
#3624=CARTESIAN_POINT ( 'NONE',  ( -0.2849999999999997000, 0.1050000000000000500, -0.1250000000000000000 ) );
#3625=ORIENTED_EDGE ( 'NONE', *, *, #5370, .T. );
#3626=FACE_OUTER_BOUND ( 'NONE', #2300, .T. );
#3627=LINE ( 'NONE', #1889, #519 );
#3628=EDGE_LOOP ( 'NONE', ( #1453, #3221, #2903, #2934 ) );
#3629=ORIENTED_EDGE ( 'NONE', *, *, #4473, .T. );
#3630=AXIS2_PLACEMENT_3D ( 'NONE', #433, #1469, #20 );
#3631=LINE ( 'NONE', #1936, #368 );
#3632=STYLED_ITEM ( 'NONE', ( #746 ), #3891 );
#3633=EDGE_CURVE ( 'NONE', #2366, #3287, #2795, .T. );
#3634=ORIENTED_EDGE ( 'NONE', *, *, #835, .T. );
#3635=DIRECTION ( 'NONE',  ( -0.1294283079955639300, -0.9831056027603600800, 0.1294283079955639600 ) );
#3636=EDGE_LOOP ( 'NONE', ( #1542, #3811, #542, #4651 ) );
#3637=EDGE_CURVE ( 'NONE', #1264, #483, #1243, .T. );
#3638=EDGE_CURVE ( 'NONE', #319, #4026, #4005, .T. );
#3639=EDGE_CURVE ( 'NONE', #2116, #536, #2615, .T. );
#3640=PLANE ( 'NONE',  #4530 );
#3641=VECTOR ( 'NONE', #343, 39.37007874015748100 );
#3642=CARTESIAN_POINT ( 'NONE',  ( -0.2849999999999997000, 0.09750000000000005900, -0.1399999999999999900 ) );
#3643=AXIS2_PLACEMENT_3D ( 'NONE', #4259, #50, #235 );
#3644=CIRCLE ( 'NONE', #830, 0.01750000000000001900 );
#3645=EDGE_CURVE ( 'NONE', #790, #2304, #3334, .T. );
#3646=ORIENTED_EDGE ( 'NONE', *, *, #3310, .F. );
#3647=ADVANCED_FACE ( 'NONE', ( #3058 ), #3937, .F. );
#3648=FACE_OUTER_BOUND ( 'NONE', #4635, .T. );
#3649=ORIENTED_EDGE ( 'NONE', *, *, #4959, .F. );
#3650=CIRCLE ( 'NONE', #4151, 0.02799999999999999700 );
#3651=PRESENTATION_LAYER_ASSIGNMENT (  '', '', ( #3545 ) );
#3652=( GEOMETRIC_REPRESENTATION_CONTEXT ( 3 ) GLOBAL_UNCERTAINTY_ASSIGNED_CONTEXT ( ( #132 ) ) GLOBAL_UNIT_ASSIGNED_CONTEXT ( ( #559, #327, #131 ) ) REPRESENTATION_CONTEXT ( 'NONE', 'WORKASPACE' ) );
#3653=ORIENTED_EDGE ( 'NONE', *, *, #1911, .F. );
#3654=LINE ( 'NONE', #869, #168 );
#3655=CARTESIAN_POINT ( 'NONE',  ( 0.1590000000000002200, -1.707404996040164500E-017, 0.1499999999999999900 ) );
#3656=ORIENTED_EDGE ( 'NONE', *, *, #4508, .F. );
#3657=ORIENTED_EDGE ( 'NONE', *, *, #3737, .T. );
#3658=PLANE ( 'NONE',  #584 );
#3659=VERTEX_POINT ( 'NONE', #578 );
#3660=LINE ( 'NONE', #753, #408 );
#3661=CARTESIAN_POINT ( 'NONE',  ( 0.1850000000000003000, 0.01199999999999995000, 0.1499999999999999900 ) );
#3662=ORIENTED_EDGE ( 'NONE', *, *, #4700, .T. );
#3663=EDGE_CURVE ( 'NONE', #1721, #4216, #4622, .T. );
#3664=PLANE ( 'NONE',  #507 );
#3665=VERTEX_POINT ( 'NONE', #5054 );
#3666=ORIENTED_EDGE ( 'NONE', *, *, #1525, .F. );
#3667=EDGE_CURVE ( 'NONE', #4061, #3477, #1670, .T. );
#3668=LINE ( 'NONE', #3433, #498 );
#3669=VERTEX_POINT ( 'NONE', #3113 );
#3670=EDGE_CURVE ( 'NONE', #2835, #3436, #881, .T. );
#3671=PLANE ( 'NONE',  #5277 );
#3672=FACE_OUTER_BOUND ( 'NONE', #5133, .T. );
#3673=ORIENTED_EDGE ( 'NONE', *, *, #3496, .T. );
#3674=ORIENTED_EDGE ( 'NONE', *, *, #3925, .F. );
#3675=VERTEX_POINT ( 'NONE', #1050 );
#3676=CARTESIAN_POINT ( 'NONE',  ( 0.01500000000000031900, 0.1150000000000000600, 0.1250000000000000000 ) );
#3677=CARTESIAN_POINT ( 'NONE',  ( 0.05900000000000024700, 0.1150000000000000600, -0.1250000000000000000 ) );
#3678=VERTEX_POINT ( 'NONE', #939 );
#3679=ORIENTED_EDGE ( 'NONE', *, *, #206, .T. );
#3680=LINE ( 'NONE', #1056, #985 );
#3681=MANIFOLD_SOLID_BREP ( 'Cut-Extrude3[1]', #5061 );
#3682=ORIENTED_EDGE ( 'NONE', *, *, #3764, .T. );
#3683=AXIS2_PLACEMENT_3D ( 'NONE', #79, #25, #20 );
#3684=EDGE_LOOP ( 'NONE', ( #4960, #3260, #1853, #5024 ) );
#3685=LINE ( 'NONE', #4189, #498 );
#3686=ORIENTED_EDGE ( 'NONE', *, *, #1273, .F. );
#3687=LINE ( 'NONE', #3313, #56 );
#3688=ORIENTED_EDGE ( 'NONE', *, *, #4213, .F. );
#3689=DIRECTION ( 'NONE',  ( -0.9914448613738103800, 0.1305261922200518800, 2.708476655372792900E-016 ) );
#3690=CARTESIAN_POINT ( 'NONE',  ( 0.2850000000000003100, 0.01199999999999995000, -0.1324999999999999800 ) );
#3691=LINE ( 'NONE', #723, #519 );
#3692=EDGE_CURVE ( 'NONE', #3901, #1589, #2921, .T. );
#3693=ORIENTED_EDGE ( 'NONE', *, *, #5117, .F. );
#3694=EDGE_CURVE ( 'NONE', #3623, #5113, #9, .T. );
#3695=LINE ( 'NONE', #334, #168 );
#3696=EDGE_CURVE ( 'NONE', #5219, #319, #2868, .T. );
#3697=EDGE_CURVE ( 'NONE', #1165, #2845, #1319, .T. );
#3698=ADVANCED_FACE ( 'NONE', ( #4303 ), #2472, .T. );
#3699=VERTEX_POINT ( 'NONE', #3710 );
#3700=CARTESIAN_POINT ( 'NONE',  ( 0.2410000000000002400, 0.09750000000000005900, 0.1324999999999999800 ) );
#3701=CARTESIAN_POINT ( 'NONE',  ( 0.2150000000000003000, 0.01200000000000005200, 0.1399999999999999900 ) );
#3702=ORIENTED_EDGE ( 'NONE', *, *, #5201, .F. );
#3703=ADVANCED_FACE ( 'NONE', ( #587 ), #5231, .F. );
#3704=EDGE_CURVE ( 'NONE', #3535, #967, #4689, .T. );
#3705=STYLED_ITEM ( 'NONE', ( #746 ), #302 );
#3706=LINE ( 'NONE', #1247, #368 );
#3707=LINE ( 'NONE', #1611, #368 );
#3708=VERTEX_POINT ( 'NONE', #2033 );
#3709=CARTESIAN_POINT ( 'NONE',  ( -0.1729999999999997100, -1.707404996040164500E-017, -0.1499999999999999900 ) );
#3710=CARTESIAN_POINT ( 'NONE',  ( -0.3410000000000002500, -0.1550000000000000000, -0.1399999999999999900 ) );
#3711=VERTEX_POINT ( 'NONE', #5250 );
#3712=EDGE_CURVE ( 'NONE', #4021, #2721, #580, .T. );
#3713=EDGE_CURVE ( 'NONE', #4343, #1562, #4187, .T. );
#3714=AXIS2_PLACEMENT_3D ( 'NONE', #2055, #10, #1152 );
#3715=ORIENTED_EDGE ( 'NONE', *, *, #479, .F. );
#3716=ORIENTED_EDGE ( 'NONE', *, *, #3294, .T. );
#3717=PLANE ( 'NONE',  #2652 );
#3718=EDGE_LOOP ( 'NONE', ( #5040, #4737, #4235, #272 ) );
#3719=ORIENTED_EDGE ( 'NONE', *, *, #2320, .F. );
#3720=ADVANCED_FACE ( 'NONE', ( #3253 ), #3823, .T. );
#3721=ORIENTED_EDGE ( 'NONE', *, *, #1917, .F. );
#3722=VERTEX_POINT ( 'NONE', #641 );
#3723=ORIENTED_EDGE ( 'NONE', *, *, #4243, .T. );
#3724=CARTESIAN_POINT ( 'NONE',  ( -0.1729999999999997100, -1.707404996040164500E-017, 0.1499999999999999900 ) );
#3725=LINE ( 'NONE', #375, #24 );
#3726=ORIENTED_EDGE ( 'NONE', *, *, #4701, .T. );
#3727=ORIENTED_EDGE ( 'NONE', *, *, #2487, .T. );
#3728=ORIENTED_EDGE ( 'NONE', *, *, #5388, .F. );
#3729=FACE_OUTER_BOUND ( 'NONE', #3202, .T. );
#3730=VERTEX_POINT ( 'NONE', #4964 );
#3731=ADVANCED_FACE ( 'NONE', ( #2736 ), #4466, .F. );
#3732=CIRCLE ( 'NONE', #3770, 0.007499999999999988400 );
#3733=ORIENTED_EDGE ( 'NONE', *, *, #5092, .F. );
#3734=VERTEX_POINT ( 'NONE', #188 );
#3735=EDGE_LOOP ( 'NONE', ( #1258, #2565, #3000, #1834 ) );
#3736=CARTESIAN_POINT ( 'NONE',  ( 0.3150000000000003400, 0.09750000000000005900, 0.1399999999999999900 ) );
#3737=EDGE_CURVE ( 'NONE', #4325, #198, #4672, .T. );
#3738=EDGE_CURVE ( 'NONE', #5223, #2348, #5091, .T. );
#3739=EDGE_LOOP ( 'NONE', ( #3270, #246, #471, #1119 ) );
#3740=EDGE_LOOP ( 'NONE', ( #4286, #1823, #5253, #727 ) );
#3741=EDGE_CURVE ( 'NONE', #1711, #4920, #787, .T. );
#3742=CARTESIAN_POINT ( 'NONE',  ( -0.2589999999999997300, 0.09750000000000005900, -0.1399999999999999900 ) );
#3743=ADVANCED_FACE ( 'NONE', ( #2370 ), #420, .F. );
#3744=ORIENTED_EDGE ( 'NONE', *, *, #917, .F. );
#3745=ORIENTED_EDGE ( 'NONE', *, *, #5201, .T. );
#3746=PLANE ( 'NONE',  #1359 );
#3747=CARTESIAN_POINT ( 'NONE',  ( -0.3899999999999994000, 0.1150000000000000600, 0.02799999999999999700 ) );
#3748=EDGE_CURVE ( 'NONE', #1860, #1984, #913, .T. );
#3749=CARTESIAN_POINT ( 'NONE',  ( -0.1149999999999997300, 0.09750000000000005900, -0.1499999999999999900 ) );
#3750=ORIENTED_EDGE ( 'NONE', *, *, #2964, .F. );
#3751=EDGE_CURVE ( 'NONE', #1949, #5196, #4524, .T. );
#3752=ORIENTED_EDGE ( 'NONE', *, *, #3066, .F. );
#3753=ORIENTED_EDGE ( 'NONE', *, *, #4544, .F. );
#3754=ADVANCED_FACE ( 'NONE', ( #1843 ), #2046, .F. );
#3755=EDGE_CURVE ( 'NONE', #303, #2799, #2769, .T. );
#3756=ORIENTED_EDGE ( 'NONE', *, *, #4237, .T. );
#3757=AXIS2_PLACEMENT_3D ( 'NONE', #2593, #441, #1866 );
#3758=ORIENTED_EDGE ( 'NONE', *, *, #4237, .F. );
#3759=CIRCLE ( 'NONE', #217, 0.007499999999999988400 );
#3760=PRODUCT_DEFINITION ( 'UNKNOWN', '', #4264, #596 );
#3761=ADVANCED_FACE ( 'NONE', ( #4940 ), #3746, .T. );
#3762=CARTESIAN_POINT ( 'NONE',  ( 0.2850000000000003100, 0.01199999999999995000, 0.1499999999999999900 ) );
#3763=EDGE_CURVE ( 'NONE', #4718, #5232, #4227, .T. );
#3764=EDGE_CURVE ( 'NONE', #2965, #4514, #1064, .T. );
#3765=ORIENTED_EDGE ( 'NONE', *, *, #3638, .T. );
#3766=ORIENTED_EDGE ( 'NONE', *, *, #4815, .T. );
#3767=EDGE_CURVE ( 'NONE', #3162, #2890, #4821, .T. );
#3768=CARTESIAN_POINT ( 'NONE',  ( -0.1149999999999997300, 0.01199999999999994800, -0.1499999999999999900 ) );
#3769=EDGE_CURVE ( 'NONE', #4022, #5409, #1786, .T. );
#3770=AXIS2_PLACEMENT_3D ( 'NONE', #1692, #235, #20 );
#3771=DIRECTION ( 'NONE',  ( 0.0000000000000000000, -0.1305261922200518800, 0.9914448613738103800 ) );
#3772=AXIS2_PLACEMENT_3D ( 'NONE', #4624, #2, #296 );
#3773=MANIFOLD_SOLID_BREP ( 'Housing', #5035 );
#3774=CARTESIAN_POINT ( 'NONE',  ( 0.3150000000000003400, -1.714505518806294100E-017, -0.1399999999999999900 ) );
#3775=ORIENTED_EDGE ( 'NONE', *, *, #1987, .T. );
#3776=CIRCLE ( 'NONE', #2075, 0.007499999999999988400 );
#3777=CARTESIAN_POINT ( 'NONE',  ( 0.1150000000000003100, 0.1150000000000000600, -0.1250000000000000000 ) );
#3778=ORIENTED_EDGE ( 'NONE', *, *, #1495, .F. );
#3779=CARTESIAN_POINT ( 'NONE',  ( 0.01500000000000031900, 0.01200000000000005200, -0.1399999999999999900 ) );
#3780=VERTEX_POINT ( 'NONE', #4865 );
#3781=DIRECTION ( 'NONE',  ( -0.7071067811865464600, -0.7071067811865484600, 9.562912086588451800E-017 ) );
#3782=AXIS2_PLACEMENT_3D ( 'NONE', #1571, #50, #235 );
#3783=FACE_OUTER_BOUND ( 'NONE', #1693, .T. );
#3784=VERTEX_POINT ( 'NONE', #1189 );
#3785=ORIENTED_EDGE ( 'NONE', *, *, #3932, .F. );
#3786=FACE_OUTER_BOUND ( 'NONE', #2167, .T. );
#3787=CARTESIAN_POINT ( 'NONE',  ( 0.01500000000000031900, 0.1150000000000000700, 0.1324999999999999800 ) );
#3788=VERTEX_POINT ( 'NONE', #868 );
#3789=VERTEX_POINT ( 'NONE', #3375 );
#3790=PLANE ( 'NONE',  #1563 );
#3791=CARTESIAN_POINT ( 'NONE',  ( -0.07299999999999967600, -1.778575257266404500E-017, -0.1499999999999999900 ) );
#3792=EDGE_LOOP ( 'NONE', ( #4072, #1923, #4534, #5359 ) );
#3793=CARTESIAN_POINT ( 'NONE',  ( 0.1410000000000002600, -0.1550000000000000000, -0.1399999999999999900 ) );
#3794=CARTESIAN_POINT ( 'NONE',  ( 0.2410000000000002400, 0.09750000000000005900, 0.1499999999999999900 ) );
#3795=ORIENTED_EDGE ( 'NONE', *, *, #41, .T. );
#3796=ORIENTED_EDGE ( 'NONE', *, *, #3083, .F. );
#3797=FACE_OUTER_BOUND ( 'NONE', #4283, .T. );
#3798=CARTESIAN_POINT ( 'NONE',  ( -0.3410000000000002500, -1.707404996040164500E-017, -0.1499999999999999900 ) );
#3799=ORIENTED_EDGE ( 'NONE', *, *, #658, .T. );
#3800=ORIENTED_EDGE ( 'NONE', *, *, #5261, .T. );
#3801=ADVANCED_FACE ( 'NONE', ( #2944 ), #4970, .F. );
#3802=EDGE_LOOP ( 'NONE', ( #4512, #43, #1338, #4195, #2872, #924, #2730, #4757 ) );
#3803=STYLED_ITEM ( 'NONE', ( #746 ), #3996 );
#3804=PLANE ( 'NONE',  #1387 );
#3805=LINE ( 'NONE', #800, #270 );
#3806=VERTEX_POINT ( 'NONE', #305 );
#3807=MECHANICAL_DESIGN_GEOMETRIC_PRESENTATION_REPRESENTATION (  '', ( #935 ), #2177 );
#3808=VERTEX_POINT ( 'NONE', #778 );
#3809=ADVANCED_FACE ( 'NONE', ( #1604 ), #3516, .F. );
#3810=FACE_OUTER_BOUND ( 'NONE', #4935, .T. );
#3811=ORIENTED_EDGE ( 'NONE', *, *, #1836, .T. );
#3812=AXIS2_PLACEMENT_3D ( 'NONE', #40, #235, #50 );
#3813=EDGE_CURVE ( 'NONE', #2224, #1532, #3345, .T. );
#3814=LINE ( 'NONE', #2745, #1329 );
#3815=EDGE_LOOP ( 'NONE', ( #4134, #677, #352, #5110, #3269, #52, #986, #1948, #2918, #4521 ) );
#3816=CYLINDRICAL_SURFACE ( 'NONE', #3683, 0.01750000000000001900 );
#3817=PLANE ( 'NONE',  #2972 );
#3818=LINE ( 'NONE', #2978, #35 );
#3819=LINE ( 'NONE', #350, #368 );
#3820=FACE_OUTER_BOUND ( 'NONE', #3380, .T. );
#3821=EDGE_LOOP ( 'NONE', ( #762, #5013, #2843, #2253, #1952, #597, #280, #4627, #5007, #522 ) );
#3822=EDGE_LOOP ( 'NONE', ( #5178, #283, #5143, #2042 ) );
#3823=PLANE ( 'NONE',  #5129 );
#3824=PLANE ( 'NONE',  #2566 );
#3825=CIRCLE ( 'NONE', #1751, 0.01750000000000001900 );
#3826=ORIENTED_EDGE ( 'NONE', *, *, #4924, .T. );
#3827=EDGE_CURVE ( 'NONE', #2110, #1577, #5402, .T. );
#3828=EDGE_CURVE ( 'NONE', #100, #3730, #2143, .T. );
#3829=EDGE_CURVE ( 'NONE', #2424, #1721, #5256, .T. );
#3830=PLANE ( 'NONE',  #3714 );
#3831=PLANE ( 'NONE',  #1898 );
#3832=LINE ( 'NONE', #3747, #5157 );
#3833=ADVANCED_FACE ( 'NONE', ( #3846 ), #1597, .T. );
#3834=EDGE_CURVE ( 'NONE', #819, #2364, #3660, .T. );
#3835=ORIENTED_EDGE ( 'NONE', *, *, #4399, .F. );
#3836=ORIENTED_EDGE ( 'NONE', *, *, #1373, .T. );
#3837=EDGE_LOOP ( 'NONE', ( #4025, #1378, #5448, #2682, #1841, #743, #3622, #1232, #3070, #5101 ) );
#3838=EDGE_LOOP ( 'NONE', ( #4836, #3057, #2004, #4269 ) );
#3839=LINE ( 'NONE', #1075, #368 );
#3840=ORIENTED_EDGE ( 'NONE', *, *, #4016, .T. );
#3841=AXIS2_PLACEMENT_3D ( 'NONE', #2816, #2206, #911 );
#3842=VECTOR ( 'NONE', #3040, 39.37007874015748100 );
#3843=ORIENTED_EDGE ( 'NONE', *, *, #3864, .F. );
#3844=LINE ( 'NONE', #1171, #35 );
#3845=VERTEX_POINT ( 'NONE', #3787 );
#3846=FACE_OUTER_BOUND ( 'NONE', #1210, .T. );
#3847=FACE_OUTER_BOUND ( 'NONE', #4138, .T. );
#3848=VERTEX_POINT ( 'NONE', #388 );
#3849=ORIENTED_EDGE ( 'NONE', *, *, #3993, .F. );
#3850=EDGE_CURVE ( 'NONE', #947, #702, #4482, .T. );
#3851=AXIS2_PLACEMENT_3D ( 'NONE', #77, #461, #166 );
#3852=LINE ( 'NONE', #857, #368 );
#3853=ORIENTED_EDGE ( 'NONE', *, *, #3371, .T. );
#3854=VERTEX_POINT ( 'NONE', #2970 );
#3855=VERTEX_POINT ( 'NONE', #4150 );
#3856=LINE ( 'NONE', #1352, #6 );
#3857=ORIENTED_EDGE ( 'NONE', *, *, #851, .T. );
#3858=EDGE_CURVE ( 'NONE', #475, #2834, #2756, .T. );
#3859=VERTEX_POINT ( 'NONE', #796 );
#3860=EDGE_CURVE ( 'NONE', #4805, #5155, #1074, .T. );
#3861=COLOUR_RGB ( '',0.2509803921568627400, 0.2509803921568627400, 0.2509803921568627400 );
#3862=ORIENTED_EDGE ( 'NONE', *, *, #1802, .T. );
#3863=APPLICATION_CONTEXT ( 'automotive_design' );
#3864=EDGE_CURVE ( 'NONE', #1426, #2380, #784, .T. );
#3865=VERTEX_POINT ( 'NONE', #1305 );
#3866=EDGE_CURVE ( 'NONE', #3432, #62, #195, .T. );
#3867=LINE ( 'NONE', #3890, #163 );
#3868=ORIENTED_EDGE ( 'NONE', *, *, #1085, .T. );
#3869=PLANE ( 'NONE',  #474 );
#3870=ORIENTED_EDGE ( 'NONE', *, *, #5329, .T. );
#3871=AXIS2_PLACEMENT_3D ( 'NONE', #1390, #1097, #296 );
#3872=CARTESIAN_POINT ( 'NONE',  ( -0.2589999999999997300, -0.1550000000000000000, -0.1399999999999999900 ) );
#3873=CARTESIAN_POINT ( 'NONE',  ( -0.1849999999999997500, 0.01200000000000005200, 0.1324999999999999800 ) );
#3874=ADVANCED_FACE ( 'NONE', ( #2984 ), #1528, .F. );
#3875=PRESENTATION_LAYER_ASSIGNMENT (  '', '', ( #4559 ) );
#3876=EDGE_CURVE ( 'NONE', #993, #3659, #4564, .T. );
#3877=PLANE ( 'NONE',  #2851 );
#3878=DIRECTION ( 'NONE',  ( 0.1294283079955639800, -0.9831056027603600800, 0.1294283079955639600 ) );
#3879=CARTESIAN_POINT ( 'NONE',  ( 0.2410000000000002400, 0.09750000000000005900, -0.1399999999999999900 ) );
#3880=FACE_OUTER_BOUND ( 'NONE', #708, .T. );
#3881=LINE ( 'NONE', #3596, #6 );
#3882=LINE ( 'NONE', #330, #519 );
#3883=ORIENTED_EDGE ( 'NONE', *, *, #2858, .T. );
#3884=EDGE_LOOP ( 'NONE', ( #1263, #4207, #289, #4089 ) );
#3885=EDGE_CURVE ( 'NONE', #714, #1264, #3132, .T. );
#3886=EDGE_CURVE ( 'NONE', #2338, #3106, #2481, .T. );
#3887=LINE ( 'NONE', #2916, #498 );
#3888=EDGE_LOOP ( 'NONE', ( #3206, #5263, #297, #3646 ) );
#3889=EDGE_CURVE ( 'NONE', #3971, #1201, #1110, .T. );
#3890=CARTESIAN_POINT ( 'NONE',  ( -0.08499999999999971500, 0.01200000000000005200, -0.1324999999999999800 ) );
#3891=ADVANCED_BREP_SHAPE_REPRESENTATION ( 'L293DNE', ( #4888, #2155, #1117, #1660, #1224, #5108, #3217, #2812, #3046, #2074, #302, #391, #3773, #3681, #3996, #2248, #88, #1371 ), #3652 );
#3892=ORIENTED_EDGE ( 'NONE', *, *, #4140, .T. );
#3893=CARTESIAN_POINT ( 'NONE',  ( 0.2410000000000002400, -1.707404996040164500E-017, 0.1399999999999999900 ) );
#3894=PLANE ( 'NONE',  #4983 );
#3895=ORIENTED_EDGE ( 'NONE', *, *, #4275, .F. );
#3896=ORIENTED_EDGE ( 'NONE', *, *, #2061, .F. );
#3897=LINE ( 'NONE', #3474, #56 );
#3898=ORIENTED_EDGE ( 'NONE', *, *, #4275, .T. );
#3899=ORIENTED_EDGE ( 'NONE', *, *, #3515, .F. );
#3900=EDGE_CURVE ( 'NONE', #3665, #2963, #13, .T. );
#3901=VERTEX_POINT ( 'NONE', #1164 );
#3902=LINE ( 'NONE', #328, #371 );
#3903=ORIENTED_EDGE ( 'NONE', *, *, #2683, .T. );
#3904=AXIS2_PLACEMENT_3D ( 'NONE', #703, #323, #235 );
#3905=EDGE_LOOP ( 'NONE', ( #2286, #30, #5262, #402 ) );
#3906=ORIENTED_EDGE ( 'NONE', *, *, #3637, .T. );
#3907=FACE_OUTER_BOUND ( 'NONE', #2943, .T. );
#3908=ORIENTED_EDGE ( 'NONE', *, *, #2638, .T. );
#3909=VERTEX_POINT ( 'NONE', #711 );
#3910=PLANE ( 'NONE',  #2435 );
#3911=CARTESIAN_POINT ( 'NONE',  ( -0.2589999999999997300, 0.09750000000000005900, -0.1499999999999999900 ) );
#3912=ORIENTED_EDGE ( 'NONE', *, *, #803, .T. );
#3913=CARTESIAN_POINT ( 'NONE',  ( 0.2590000000000002300, -1.714505518806294100E-017, 0.1399999999999999900 ) );
#3914=ORIENTED_EDGE ( 'NONE', *, *, #2170, .T. );
#3915=EDGE_LOOP ( 'NONE', ( #3756, #1997, #5390, #4383 ) );
#3916=LINE ( 'NONE', #373, #6 );
#3917=LINE ( 'NONE', #2583, #498 );
#3918=ORIENTED_EDGE ( 'NONE', *, *, #3737, .F. );
#3919=LINE ( 'NONE', #403, #6 );
#3920=LINE ( 'NONE', #1991, #1218 );
#3921=ORIENTED_EDGE ( 'NONE', *, *, #4387, .F. );
#3922=CARTESIAN_POINT ( 'NONE',  ( 0.3788095377050712000, 0.01999999999999994100, -0.1250000000000000600 ) );
#3923=EDGE_CURVE ( 'NONE', #1214, #2023, #887, .T. );
#3924=EDGE_LOOP ( 'NONE', ( #2575, #291, #3211, #1435 ) );
#3925=EDGE_CURVE ( 'NONE', #5009, #3535, #2342, .T. );
#3926=ORIENTED_EDGE ( 'NONE', *, *, #3110, .T. );
#3927=ORIENTED_EDGE ( 'NONE', *, *, #1373, .F. );
#3928=LINE ( 'NONE', #1302, #3104 );
#3929=EDGE_LOOP ( 'NONE', ( #5415, #212, #5399, #2378 ) );
#3930=LINE ( 'NONE', #4206, #1218 );
#3931=LINE ( 'NONE', #766, #35 );
#3932=EDGE_CURVE ( 'NONE', #3859, #3525, #4118, .T. );
#3933=VERTEX_POINT ( 'NONE', #779 );
#3934=ORIENTED_EDGE ( 'NONE', *, *, #2209, .T. );
#3935=CYLINDRICAL_SURFACE ( 'NONE', #125, 0.01750000000000001900 );
#3936=EDGE_LOOP ( 'NONE', ( #921, #1417, #5479, #3455 ) );
#3937=PLANE ( 'NONE',  #4870 );
#3938=LINE ( 'NONE', #4667, #35 );
#3939=AXIS2_PLACEMENT_3D ( 'NONE', #3032, #258, #20 );
#3940=CIRCLE ( 'NONE', #2285, 0.01750000000000001900 );
#3941=LINE ( 'NONE', #1296, #35 );
#3942=VERTEX_POINT ( 'NONE', #3749 );
#3943=STYLED_ITEM ( 'NONE', ( #746 ), #5108 );
#3944=ORIENTED_EDGE ( 'NONE', *, *, #4109, .T. );
#3945=AXIS2_PLACEMENT_3D ( 'NONE', #563, #1089, #20 );
#3946=CARTESIAN_POINT ( 'NONE',  ( -0.1589999999999997800, 0.09750000000000005900, -0.1499999999999999900 ) );
#3947=VERTEX_POINT ( 'NONE', #2955 );
#3948=ADVANCED_FACE ( 'NONE', ( #2411 ), #4931, .F. );
#3949=CARTESIAN_POINT ( 'NONE',  ( -0.3150000000000003400, 0.09750000000000005900, 0.1499999999999999900 ) );
#3950=EDGE_CURVE ( 'NONE', #4460, #3525, #2619, .T. );
#3951=EDGE_CURVE ( 'NONE', #4655, #3280, #2014, .T. );
#3952=CARTESIAN_POINT ( 'NONE',  ( -0.3150000000000003400, 0.01200000000000005200, -0.1499999999999999900 ) );
#3953=EDGE_LOOP ( 'NONE', ( #5481, #1265, #197, #2439 ) );
#3954=VERTEX_POINT ( 'NONE', #1227 );
#3955=LINE ( 'NONE', #561, #163 );
#3956=EDGE_LOOP ( 'NONE', ( #1522, #5097, #1283, #2106 ) );
#3957=FACE_OUTER_BOUND ( 'NONE', #3735, .T. );
#3958=PLANE ( 'NONE',  #1600 );
#3959=ORIENTED_EDGE ( 'NONE', *, *, #4399, .T. );
#3960=EDGE_CURVE ( 'NONE', #307, #4718, #5226, .T. );
#3961=ORIENTED_EDGE ( 'NONE', *, *, #2609, .F. );
#3962=EDGE_LOOP ( 'NONE', ( #3340, #5115, #1394, #1262 ) );
#3963=LINE ( 'NONE', #21, #1615 );
#3964=EDGE_LOOP ( 'NONE', ( #521, #4417, #2567, #5228 ) );
#3965=EDGE_CURVE ( 'NONE', #4453, #4643, #1028, .T. );
#3966=AXIS2_PLACEMENT_3D ( 'NONE', #669, #1089, #343 );
#3967=ORIENTED_EDGE ( 'NONE', *, *, #2272, .F. );
#3968=CARTESIAN_POINT ( 'NONE',  ( -0.01499999999999970300, 0.09750000000000005900, -0.1499999999999999900 ) );
#3969=ORIENTED_EDGE ( 'NONE', *, *, #3663, .T. );
#3970=ORIENTED_EDGE ( 'NONE', *, *, #1420, .T. );
#3971=VERTEX_POINT ( 'NONE', #4295 );
#3972=FACE_OUTER_BOUND ( 'NONE', #1811, .T. );
#3973=FACE_OUTER_BOUND ( 'NONE', #2997, .T. );
#3974=EDGE_CURVE ( 'NONE', #4266, #5189, #4857, .T. );
#3975=ADVANCED_FACE ( 'NONE', ( #4626 ), #4365, .T. );
#3976=EDGE_CURVE ( 'NONE', #4554, #183, #1883, .T. );
#3977=LINE ( 'NONE', #58, #428 );
#3978=ORIENTED_EDGE ( 'NONE', *, *, #3092, .F. );
#3979=ORIENTED_EDGE ( 'NONE', *, *, #3606, .F. );
#3980=CARTESIAN_POINT ( 'NONE',  ( 0.02700000000000035400, -1.707404996040164500E-017, 0.1499999999999999900 ) );
#3981=ORIENTED_EDGE ( 'NONE', *, *, #3284, .F. );
#3982=ADVANCED_FACE ( 'NONE', ( #354 ), #1245, .T. );
#3983=AXIS2_PLACEMENT_3D ( 'NONE', #912, #50, #235 );
#3984=LINE ( 'NONE', #413, #1329 );
#3985=FACE_OUTER_BOUND ( 'NONE', #661, .T. );
#3986=ORIENTED_EDGE ( 'NONE', *, *, #1508, .F. );
#3987=FACE_OUTER_BOUND ( 'NONE', #3815, .T. );
#3988=ORIENTED_EDGE ( 'NONE', *, *, #2305, .T. );
#3989=FACE_OUTER_BOUND ( 'NONE', #3134, .T. );
#3990=EDGE_CURVE ( 'NONE', #2379, #826, #4431, .T. );
#3991=EDGE_CURVE ( 'NONE', #1118, #4418, #1180, .T. );
#3992=ORIENTED_EDGE ( 'NONE', *, *, #3755, .F. );
#3993=EDGE_CURVE ( 'NONE', #4453, #667, #3405, .T. );
#3994=VERTEX_POINT ( 'NONE', #4951 );
#3995=CYLINDRICAL_SURFACE ( 'NONE', #2913, 0.01750000000000001900 );
#3996=MANIFOLD_SOLID_BREP ( 'Cut-Extrude3[2]', #3447 );
#3997=EDGE_CURVE ( 'NONE', #1538, #773, #3955, .T. );
#3998=FACE_OUTER_BOUND ( 'NONE', #4137, .T. );
#3999=ADVANCED_FACE ( 'NONE', ( #2077 ), #3469, .F. );
#4000=CYLINDRICAL_SURFACE ( 'NONE', #3683, 0.007499999999999988400 );
#4001=AXIS2_PLACEMENT_3D ( 'NONE', #1692, #235, #50 );
#4002=ORIENTED_EDGE ( 'NONE', *, *, #961, .F. );
#4003=CARTESIAN_POINT ( 'NONE',  ( -0.08499999999999971500, 0.01200000000000005200, -0.1499999999999999900 ) );
#4004=AXIS2_PLACEMENT_3D ( 'NONE', #2667, #258, #20 );
#4005=CIRCLE ( 'NONE', #1281, 0.01750000000000001900 );
#4006=PLANE ( 'NONE',  #2786 );
#4007=LINE ( 'NONE', #3872, #225 );
#4008=VERTEX_POINT ( 'NONE', #838 );
#4009=EDGE_CURVE ( 'NONE', #4734, #4678, #665, .T. );
#4010=EDGE_LOOP ( 'NONE', ( #14, #5355, #2707, #3721 ) );
#4011=EDGE_CURVE ( 'NONE', #3013, #27, #115, .T. );
#4012=ORIENTED_EDGE ( 'NONE', *, *, #1987, .F. );
#4013=ORIENTED_EDGE ( 'NONE', *, *, #850, .F. );
#4014=CARTESIAN_POINT ( 'NONE',  ( -0.2849999999999997000, 0.1050000000000000400, 0.1324999999999999800 ) );
#4015=ORIENTED_EDGE ( 'NONE', *, *, #5060, .F. );
#4016=EDGE_CURVE ( 'NONE', #3525, #1875, #4056, .T. );
#4017=EDGE_CURVE ( 'NONE', #3304, #4578, #4620, .T. );
#4018=CIRCLE ( 'NONE', #2813, 0.01750000000000001900 );
#4019=CARTESIAN_POINT ( 'NONE',  ( 0.1410000000000002600, 0.09750000000000005900, -0.1399999999999999900 ) );
#4020=ORIENTED_EDGE ( 'NONE', *, *, #3595, .T. );
#4021=VERTEX_POINT ( 'NONE', #1342 );
#4022=VERTEX_POINT ( 'NONE', #1107 );
#4023=ORIENTED_EDGE ( 'NONE', *, *, #3526, .F. );
#4024=EDGE_LOOP ( 'NONE', ( #2423, #2557, #3559, #1350 ) );
#4025=ORIENTED_EDGE ( 'NONE', *, *, #1737, .T. );
#4026=VERTEX_POINT ( 'NONE', #2659 );
#4027=ORIENTED_EDGE ( 'NONE', *, *, #1771, .F. );
#4028=PLANE ( 'NONE',  #1326 );
#4029=FACE_OUTER_BOUND ( 'NONE', #2694, .T. );
#4030=ORIENTED_EDGE ( 'NONE', *, *, #4517, .T. );
#4031=PRESENTATION_LAYER_ASSIGNMENT (  '', '', ( #3943 ) );
#4032=CIRCLE ( 'NONE', #3356, 0.01750000000000001900 );
#4033=EDGE_LOOP ( 'NONE', ( #2657, #1688, #2558, #2289, #2117, #4784, #2317, #2511 ) );
#4034=EDGE_CURVE ( 'NONE', #4128, #4021, #3706, .T. );
#4035=ORIENTED_EDGE ( 'NONE', *, *, #1492, .F. );
#4036=ORIENTED_EDGE ( 'NONE', *, *, #3108, .T. );
#4037=ORIENTED_EDGE ( 'NONE', *, *, #322, .T. );
#4038=EDGE_LOOP ( 'NONE', ( #2482, #1913, #5425, #5248, #2270, #4918, #3406, #1010 ) );
#4039=VERTEX_POINT ( 'NONE', #105 );
#4040=ADVANCED_FACE ( 'NONE', ( #3580 ), #1745, .T. );
#4041=VERTEX_POINT ( 'NONE', #5422 );
#4042=ORIENTED_EDGE ( 'NONE', *, *, #5495, .T. );
#4043=CARTESIAN_POINT ( 'NONE',  ( -0.05899999999999976800, -0.1550000000000000000, 0.1499999999999999700 ) );
#4044=STYLED_ITEM ( 'NONE', ( #746 ), #3217 );
#4045=CIRCLE ( 'NONE', #2748, 0.01750000000000001900 );
#4046=LINE ( 'NONE', #912, #35 );
#4047=LINE ( 'NONE', #2893, #6 );
#4048=CARTESIAN_POINT ( 'NONE',  ( 0.3150000000000003400, 0.01200000000000005200, 0.1324999999999999800 ) );
#4049=AXIS2_PLACEMENT_3D ( 'NONE', #1994, #323, #235 );
#4050=VERTEX_POINT ( 'NONE', #3042 );
#4051=ORIENTED_EDGE ( 'NONE', *, *, #3438, .F. );
#4052=AXIS2_PLACEMENT_3D ( 'NONE', #1452, #2206, #911 );
#4053=EDGE_CURVE ( 'NONE', #3417, #3708, #3124, .T. );
#4054=EDGE_CURVE ( 'NONE', #1502, #3933, #3256, .T. );
#4055=AXIS2_PLACEMENT_3D ( 'NONE', #5392, #794, #612 );
#4056=CIRCLE ( 'NONE', #2914, 0.007499999999999988400 );
#4057=ORIENTED_EDGE ( 'NONE', *, *, #2475, .F. );
#4058=ADVANCED_FACE ( 'NONE', ( #2008 ), #1362, .F. );
#4059=FILL_AREA_STYLE_COLOUR ( '', #3861 );
#4060=ORIENTED_EDGE ( 'NONE', *, *, #2930, .F. );
#4061=VERTEX_POINT ( 'NONE', #3485 );
#4062=LINE ( 'NONE', #2990, #60 );
#4063=ORIENTED_EDGE ( 'NONE', *, *, #3858, .T. );
#4064=ORIENTED_EDGE ( 'NONE', *, *, #313, .F. );
#4065=PLANE ( 'NONE',  #5332 );
#4066=VERTEX_POINT ( 'NONE', #689 );
#4067=ORIENTED_EDGE ( 'NONE', *, *, #523, .F. );
#4068=CARTESIAN_POINT ( 'NONE',  ( 0.05900000000000024700, 0.09750000000000005900, 0.1324999999999999800 ) );
#4069=ORIENTED_EDGE ( 'NONE', *, *, #1988, .T. );
#4070=CARTESIAN_POINT ( 'NONE',  ( -0.1409999999999998200, -1.714505518806294100E-017, -0.1399999999999999900 ) );
#4071=LINE ( 'NONE', #2717, #146 );
#4072=ORIENTED_EDGE ( 'NONE', *, *, #2628, .F. );
#4073=EDGE_CURVE ( 'NONE', #3237, #4648, #2926, .T. );
#4074=EDGE_CURVE ( 'NONE', #4480, #1364, #184, .T. );
#4075=EDGE_CURVE ( 'NONE', #4085, #2731, #2613, .T. );
#4076=FACE_OUTER_BOUND ( 'NONE', #643, .T. );
#4077=AXIS2_PLACEMENT_3D ( 'NONE', #2187, #461, #166 );
#4078=CARTESIAN_POINT ( 'NONE',  ( -0.1269999999999997500, -1.707404996040164500E-017, -0.1499999999999999900 ) );
#4079=ORIENTED_EDGE ( 'NONE', *, *, #1447, .T. );
#4080=EDGE_CURVE ( 'NONE', #4039, #3711, #1383, .T. );
#4081=( GEOMETRIC_REPRESENTATION_CONTEXT ( 3 ) GLOBAL_UNCERTAINTY_ASSIGNED_CONTEXT ( ( #132 ) ) GLOBAL_UNIT_ASSIGNED_CONTEXT ( ( #559, #327, #131 ) ) REPRESENTATION_CONTEXT ( 'NONE', 'WORKASPACE' ) );
#4082=ORIENTED_EDGE ( 'NONE', *, *, #5286, .F. );
#4083=LINE ( 'NONE', #2013, #2437 );
#4084=ORIENTED_EDGE ( 'NONE', *, *, #4652, .F. );
#4085=VERTEX_POINT ( 'NONE', #681 );
#4086=ADVANCED_FACE ( 'NONE', ( #2406 ), #104, .T. );
#4087=PLANE ( 'NONE',  #3302 );
#4088=ORIENTED_EDGE ( 'NONE', *, *, #2849, .T. );
#4089=ORIENTED_EDGE ( 'NONE', *, *, #3452, .T. );
#4090=LINE ( 'NONE', #344, #371 );
#4091=ORIENTED_EDGE ( 'NONE', *, *, #4762, .F. );
#4092=ADVANCED_FACE ( 'NONE', ( #4980 ), #3241, .F. );
#4093=AXIS2_PLACEMENT_3D ( 'NONE', #99, #794, #612 );
#4094=VERTEX_POINT ( 'NONE', #3274 );
#4095=LINE ( 'NONE', #3385, #56 );
#4096=ORIENTED_EDGE ( 'NONE', *, *, #883, .F. );
#4097=ORIENTED_EDGE ( 'NONE', *, *, #2765, .F. );
#4098=DIRECTION ( 'NONE',  ( 0.1294283079955639300, 0.9831056027603600800, -0.1294283079955640400 ) );
#4099=ORIENTED_EDGE ( 'NONE', *, *, #4225, .F. );
#4100=ADVANCED_FACE ( 'NONE', ( #589 ), #1990, .F. );
#4101=CIRCLE ( 'NONE', #5106, 0.01750000000000001900 );
#4102=CARTESIAN_POINT ( 'NONE',  ( 0.05900000000000024700, -1.714505518806294100E-017, 0.1399999999999999900 ) );
#4103=CIRCLE ( 'NONE', #4529, 0.01750000000000001900 );
#4104=EDGE_CURVE ( 'NONE', #2590, #4690, #814, .T. );
#4105=EDGE_CURVE ( 'NONE', #1137, #5406, #3399, .T. );
#4106=ORIENTED_EDGE ( 'NONE', *, *, #5048, .F. );
#4107=FACE_OUTER_BOUND ( 'NONE', #1630, .T. );
#4108=PRESENTATION_LAYER_ASSIGNMENT (  '', '', ( #3331 ) );
#4109=EDGE_CURVE ( 'NONE', #5113, #5222, #734, .T. );
#4110=ORIENTED_EDGE ( 'NONE', *, *, #3813, .F. );
#4111=CARTESIAN_POINT ( 'NONE',  ( 0.1150000000000003100, 0.1050000000000000400, -0.1324999999999999800 ) );
#4112=LINE ( 'NONE', #2990, #6 );
#4113=LINE ( 'NONE', #3314, #6 );
#4114=LINE ( 'NONE', #308, #35 );
#4115=ORIENTED_EDGE ( 'NONE', *, *, #124, .F. );
#4116=ADVANCED_FACE ( 'NONE', ( #951 ), #783, .F. );
#4117=ORIENTED_EDGE ( 'NONE', *, *, #1658, .T. );
#4118=LINE ( 'NONE', #3774, #6 );
#4119=ADVANCED_FACE ( 'NONE', ( #4558 ), #5039, .F. );
#4120=AXIS2_PLACEMENT_3D ( 'NONE', #199, #10, #1152 );
#4121=EDGE_CURVE ( 'NONE', #2671, #509, #5218, .T. );
#4122=AXIS2_PLACEMENT_3D ( 'NONE', #1024, #50, #235 );
#4123=ORIENTED_EDGE ( 'NONE', *, *, #3993, .T. );
#4124=ORIENTED_EDGE ( 'NONE', *, *, #2555, .F. );
#4125=ORIENTED_EDGE ( 'NONE', *, *, #3585, .F. );
#4126=LINE ( 'NONE', #1353, #163 );
#4127=ORIENTED_EDGE ( 'NONE', *, *, #1614, .T. );
#4128=VERTEX_POINT ( 'NONE', #1247 );
#4129=CARTESIAN_POINT ( 'NONE',  ( -0.1409999999999998200, 0.09750000000000005900, 0.1324999999999999800 ) );
#4130=ORIENTED_EDGE ( 'NONE', *, *, #3077, .T. );
#4131=MECHANICAL_DESIGN_GEOMETRIC_PRESENTATION_REPRESENTATION (  '', ( #3632 ), #4948 );
#4132=ORIENTED_EDGE ( 'NONE', *, *, #4363, .F. );
#4133=EDGE_CURVE ( 'NONE', #100, #1388, #5452, .T. );
#4134=ORIENTED_EDGE ( 'NONE', *, *, #5016, .F. );
#4135=VERTEX_POINT ( 'NONE', #3762 );
#4136=LINE ( 'NONE', #3911, #494 );
#4137=EDGE_LOOP ( 'NONE', ( #3173, #4665, #3370, #2802 ) );
#4138=EDGE_LOOP ( 'NONE', ( #878, #3170, #1919, #3151 ) );
#4139=CARTESIAN_POINT ( 'NONE',  ( 0.2730000000000003000, -1.707404996040164500E-017, 0.1499999999999999900 ) );
#4140=EDGE_CURVE ( 'NONE', #2071, #3276, #2277, .T. );
#4141=EDGE_CURVE ( 'NONE', #2815, #2963, #517, .T. );
#4142=FACE_OUTER_BOUND ( 'NONE', #2861, .T. );
#4143=ORIENTED_EDGE ( 'NONE', *, *, #437, .F. );
#4144=CARTESIAN_POINT ( 'NONE',  ( -0.2409999999999997700, 0.1050000000000000400, -0.1324999999999999800 ) );
#4145=EDGE_CURVE ( 'NONE', #3669, #1477, #4916, .T. );
#4146=LINE ( 'NONE', #390, #6 );
#4147=VERTEX_POINT ( 'NONE', #2055 );
#4148=CARTESIAN_POINT ( 'NONE',  ( -0.2589999999999997300, -1.707404996040164500E-017, -0.1399999999999999900 ) );
#4149=ORIENTED_EDGE ( 'NONE', *, *, #3216, .F. );
#4150=CARTESIAN_POINT ( 'NONE',  ( -0.3150000000000003400, 0.01200000000000005200, 0.1399999999999999900 ) );
#4151=AXIS2_PLACEMENT_3D ( 'NONE', #4309, #10, #20 );
#4152=FACE_OUTER_BOUND ( 'NONE', #4364, .T. );
#4153=PLANE ( 'NONE',  #709 );
#4154=CARTESIAN_POINT ( 'NONE',  ( -0.1409999999999998200, 0.1050000000000000400, -0.1324999999999999800 ) );
#4155=ADVANCED_FACE ( 'NONE', ( #1675 ), #2124, .T. );
#4156=CARTESIAN_POINT ( 'NONE',  ( 0.1150000000000003100, 0.1050000000000000500, -0.1250000000000000000 ) );
#4157=ORIENTED_EDGE ( 'NONE', *, *, #1802, .F. );
#4158=CARTESIAN_POINT ( 'NONE',  ( 0.2410000000000002400, -0.1550000000000000000, 0.1499999999999999700 ) );
#4159=ORIENTED_EDGE ( 'NONE', *, *, #5127, .T. );
#4160=CARTESIAN_POINT ( 'NONE',  ( -0.07299999999999967600, -1.707404996040164500E-017, -0.1499999999999999900 ) );
#4161=ORIENTED_EDGE ( 'NONE', *, *, #3696, .F. );
#4162=FACE_OUTER_BOUND ( 'NONE', #4574, .T. );
#4163=VECTOR ( 'NONE', #3495, 39.37007874015748100 );
#4164=PLANE ( 'NONE',  #830 );
#4165=LINE ( 'NONE', #3020, #494 );
#4166=FACE_OUTER_BOUND ( 'NONE', #128, .T. );
#4167=ORIENTED_EDGE ( 'NONE', *, *, #958, .T. );
#4168=AXIS2_PLACEMENT_3D ( 'NONE', #2549, #235, #50 );
#4169=MECHANICAL_DESIGN_GEOMETRIC_PRESENTATION_REPRESENTATION (  '', ( #5202 ), #1567 );
#4170=CARTESIAN_POINT ( 'NONE',  ( -0.2409999999999997700, -0.1550000000000000000, 0.1499999999999999700 ) );
#4171=PLANE ( 'NONE',  #3401 );
#4172=VERTEX_POINT ( 'NONE', #2591 );
#4173=FACE_OUTER_BOUND ( 'NONE', #4828, .T. );
#4174=LINE ( 'NONE', #2718, #56 );
#4175=LINE ( 'NONE', #3677, #35 );
#4176=EDGE_CURVE ( 'NONE', #1426, #3024, #2987, .T. );
#4177=EDGE_CURVE ( 'NONE', #3466, #2368, #3887, .T. );
#4178=ADVANCED_FACE ( 'NONE', ( #4851 ), #4153, .T. );
#4179=CARTESIAN_POINT ( 'NONE',  ( 0.01500000000000031900, 0.1050000000000000500, -0.1250000000000000000 ) );
#4180=PLANE ( 'NONE',  #549 );
#4181=PLANE ( 'NONE',  #4967 );
#4182=LINE ( 'NONE', #1442, #168 );
#4183=CARTESIAN_POINT ( 'NONE',  ( -0.1409999999999998200, -1.707404996040164500E-017, 0.1324999999999999800 ) );
#4184=VERTEX_POINT ( 'NONE', #1212 );
#4185=ORIENTED_EDGE ( 'NONE', *, *, #2271, .F. );
#4186=EDGE_CURVE ( 'NONE', #4226, #5176, #1105, .T. );
#4187=LINE ( 'NONE', #1734, #35 );
#4188=CIRCLE ( 'NONE', #754, 0.007499999999999988400 );
#4189=CARTESIAN_POINT ( 'NONE',  ( -0.3150000000000003400, 0.1150000000000000600, 0.1250000000000000000 ) );
#4190=CARTESIAN_POINT ( 'NONE',  ( 0.2850000000000003100, 0.01199999999999995000, -0.1499999999999999900 ) );
#4191=ORIENTED_EDGE ( 'NONE', *, *, #2243, .F. );
#4192=FACE_OUTER_BOUND ( 'NONE', #3962, .T. );
#4193=CARTESIAN_POINT ( 'NONE',  ( 0.2150000000000003000, 0.1150000000000000600, -0.1250000000000000000 ) );
#4194=VERTEX_POINT ( 'NONE', #1763 );
#4195=ORIENTED_EDGE ( 'NONE', *, *, #4710, .F. );
#4196=ORIENTED_EDGE ( 'NONE', *, *, #4838, .T. );
#4197=LINE ( 'NONE', #2135, #35 );
#4198=CARTESIAN_POINT ( 'NONE',  ( 0.07300000000000028700, -1.714505518806294100E-017, -0.1399999999999999900 ) );
#4199=ORIENTED_EDGE ( 'NONE', *, *, #4293, .F. );
#4200=ORIENTED_EDGE ( 'NONE', *, *, #4675, .T. );
#4201=EDGE_CURVE ( 'NONE', #2496, #4799, #4007, .T. );
#4202=EDGE_LOOP ( 'NONE', ( #3424, #121, #3431, #5052, #4658, #4945, #767, #3778 ) );
#4203=AXIS2_PLACEMENT_3D ( 'NONE', #1504, #25, #50 );
#4204=CARTESIAN_POINT ( 'NONE',  ( -0.2589999999999997300, -1.707404996040164500E-017, 0.1324999999999999800 ) );
#4205=LINE ( 'NONE', #1657, #225 );
#4206=CARTESIAN_POINT ( 'NONE',  ( 0.1850000000000003000, 0.01199999999999995000, 0.1399999999999999900 ) );
#4207=ORIENTED_EDGE ( 'NONE', *, *, #5215, .F. );
#4208=LINE ( 'NONE', #4048, #168 );
#4209=ORIENTED_EDGE ( 'NONE', *, *, #351, .T. );
#4210=LINE ( 'NONE', #1203, #428 );
#4211=EDGE_LOOP ( 'NONE', ( #2019, #1807, #3914, #3364, #2574, #544, #2412 ) );
#4212=LINE ( 'NONE', #438, #56 );
#4213=EDGE_CURVE ( 'NONE', #526, #1704, #1383, .T. );
#4214=PLANE ( 'NONE',  #2748 );
#4215=EDGE_CURVE ( 'NONE', #4690, #3623, #5341, .T. );
#4216=VERTEX_POINT ( 'NONE', #4955 );
#4217=ORIENTED_EDGE ( 'NONE', *, *, #3396, .F. );
#4218=ORIENTED_EDGE ( 'NONE', *, *, #835, .F. );
#4219=PLANE ( 'NONE',  #4004 );
#4220=PLANE ( 'NONE',  #294 );
#4221=LINE ( 'NONE', #3185, #146 );
#4222=EDGE_LOOP ( 'NONE', ( #4743, #5450, #3001, #4716, #2690, #2620, #3022, #595 ) );
#4223=EDGE_CURVE ( 'NONE', #5477, #3155, #4736, .T. );
#4224=ORIENTED_EDGE ( 'NONE', *, *, #4133, .T. );
#4225=EDGE_CURVE ( 'NONE', #3468, #5420, #1814, .T. );
#4226=VERTEX_POINT ( 'NONE', #347 );
#4227=LINE ( 'NONE', #4111, #498 );
#4228=VERTEX_POINT ( 'NONE', #2583 );
#4229=FACE_OUTER_BOUND ( 'NONE', #5075, .T. );
#4230=LINE ( 'NONE', #4820, #71 );
#4231=VECTOR ( 'NONE', #737, 39.37007874015748100 );
#4232=ORIENTED_EDGE ( 'NONE', *, *, #3207, .F. );
#4233=VERTEX_POINT ( 'NONE', #502 );
#4234=CARTESIAN_POINT ( 'NONE',  ( -0.3676190754101421600, 0.1499999999999999400, -0.02799999999999999700 ) );
#4235=ORIENTED_EDGE ( 'NONE', *, *, #2728, .T. );
#4236=CARTESIAN_POINT ( 'NONE',  ( -0.1409999999999998200, -0.1550000000000000000, 0.1499999999999999700 ) );
#4237=EDGE_CURVE ( 'NONE', #2338, #1094, #946, .T. );
#4238=AXIS2_PLACEMENT_3D ( 'NONE', #218, #50, #235 );
#4239=ORIENTED_EDGE ( 'NONE', *, *, #2636, .F. );
#4240=CARTESIAN_POINT ( 'NONE',  ( -0.04099999999999978000, 0.1150000000000000600, 0.1250000000000000000 ) );
#4241=FACE_OUTER_BOUND ( 'NONE', #5280, .T. );
#4242=EDGE_CURVE ( 'NONE', #4594, #2819, #1939, .T. );
#4243=EDGE_CURVE ( 'NONE', #155, #1700, #4114, .T. );
#4244=EDGE_CURVE ( 'NONE', #2104, #3343, #268, .T. );
#4245=ORIENTED_EDGE ( 'NONE', *, *, #4869, .F. );
#4246=LINE ( 'NONE', #576, #6 );
#4247=ORIENTED_EDGE ( 'NONE', *, *, #1918, .T. );
#4248=ORIENTED_EDGE ( 'NONE', *, *, #3755, .T. );
#4249=EDGE_CURVE ( 'NONE', #3865, #4454, #4912, .T. );
#4250=EDGE_CURVE ( 'NONE', #2236, #4050, #5154, .T. );
#4251=CARTESIAN_POINT ( 'NONE',  ( 0.2150000000000003000, -1.714505518806294100E-017, 0.1399999999999999900 ) );
#4252=ORIENTED_EDGE ( 'NONE', *, *, #5027, .F. );
#4253=VERTEX_POINT ( 'NONE', #2622 );
#4254=LINE ( 'NONE', #502, #225 );
#4255=ADVANCED_FACE ( 'NONE', ( #435 ), #798, .F. );
#4256=ORIENTED_EDGE ( 'NONE', *, *, #4441, .F. );
#4257=ORIENTED_EDGE ( 'NONE', *, *, #1873, .F. );
#4258=ORIENTED_EDGE ( 'NONE', *, *, #4856, .T. );
#4259=CARTESIAN_POINT ( 'NONE',  ( 0.3590000000000002600, 0.09750000000000005900, -0.1399999999999999900 ) );
#4260=ORIENTED_EDGE ( 'NONE', *, *, #365, .F. );
#4261=FACE_OUTER_BOUND ( 'NONE', #1398, .T. );
#4262=CLOSED_SHELL ( 'NONE', ( #200, #1309, #2864, #684, #4040, #2982, #4822, #1966, #2716, #1026, #3430, #1176, #3543, #685, #4809, #4398 ) );
#4263=ORIENTED_EDGE ( 'NONE', *, *, #2683, .F. );
#4264=PRODUCT_DEFINITION_FORMATION_WITH_SPECIFIED_SOURCE ( 'ANY', '', #2324, .NOT_KNOWN. );
#4265=FACE_OUTER_BOUND ( 'NONE', #3228, .T. );
#4266=VERTEX_POINT ( 'NONE', #5340 );
#4267=VERTEX_POINT ( 'NONE', #4190 );
#4268=ORIENTED_EDGE ( 'NONE', *, *, #4388, .F. );
#4269=ORIENTED_EDGE ( 'NONE', *, *, #227, .F. );
#4270=PLANE ( 'NONE',  #3255 );
#4271=LINE ( 'NONE', #5234, #163 );
#4272=EDGE_LOOP ( 'NONE', ( #4625, #524, #3719, #3750 ) );
#4273=EDGE_CURVE ( 'NONE', #3859, #4578, #1381, .T. );
#4274=ORIENTED_EDGE ( 'NONE', *, *, #2797, .F. );
#4275=EDGE_CURVE ( 'NONE', #1106, #804, #3882, .T. );
#4276=ORIENTED_EDGE ( 'NONE', *, *, #4034, .F. );
#4277=ADVANCED_FACE ( 'NONE', ( #1240 ), #1284, .F. );
#4278=ORIENTED_EDGE ( 'NONE', *, *, #5491, .F. );
#4279=LINE ( 'NONE', #3777, #368 );
#4280=CARTESIAN_POINT ( 'NONE',  ( 0.2850000000000003100, 0.01199999999999994800, 0.1499999999999999900 ) );
#4281=EDGE_CURVE ( 'NONE', #993, #819, #2674, .T. );
#4282=ORIENTED_EDGE ( 'NONE', *, *, #959, .T. );
#4283=EDGE_LOOP ( 'NONE', ( #3232, #2827, #5012, #3967, #782, #1594, #3752, #3992, #1888, #5466 ) );
#4284=EDGE_LOOP ( 'NONE', ( #309, #4921, #2483, #3273 ) );
#4285=ORIENTED_EDGE ( 'NONE', *, *, #4370, .T. );
#4286=ORIENTED_EDGE ( 'NONE', *, *, #4911, .F. );
#4287=LINE ( 'NONE', #1804, #56 );
#4288=ORIENTED_EDGE ( 'NONE', *, *, #3889, .F. );
#4289=( GEOMETRIC_REPRESENTATION_CONTEXT ( 3 ) GLOBAL_UNCERTAINTY_ASSIGNED_CONTEXT ( ( #132 ) ) GLOBAL_UNIT_ASSIGNED_CONTEXT ( ( #559, #327, #131 ) ) REPRESENTATION_CONTEXT ( 'NONE', 'WORKASPACE' ) );
#4290=PLANE ( 'NONE',  #2252 );
#4291=EDGE_LOOP ( 'NONE', ( #5022, #3541, #2810, #1333, #2079, #1047, #321, #76, #582, #1897 ) );
#4292=CARTESIAN_POINT ( 'NONE',  ( 0.02700000000000035400, -1.778575257266404500E-017, -0.1499999999999999900 ) );
#4293=EDGE_CURVE ( 'NONE', #509, #790, #1810, .T. );
#4294=FACE_OUTER_BOUND ( 'NONE', #2012, .T. );
#4295=CARTESIAN_POINT ( 'NONE',  ( 0.08500000000000032500, 0.1050000000000000500, 0.1250000000000000000 ) );
#4296=ORIENTED_EDGE ( 'NONE', *, *, #5056, .T. );
#4297=ORIENTED_EDGE ( 'NONE', *, *, #4372, .F. );
#4298=LINE ( 'NONE', #1889, #728 );
#4299=EDGE_CURVE ( 'NONE', #2258, #3665, #1098, .T. );
#4300=CARTESIAN_POINT ( 'NONE',  ( 0.1850000000000003000, 0.1150000000000000700, -0.1324999999999999800 ) );
#4301=LINE ( 'NONE', #1475, #6 );
#4302=EDGE_LOOP ( 'NONE', ( #5211, #4069, #4913, #5348 ) );
#4303=FACE_OUTER_BOUND ( 'NONE', #5227, .T. );
#4304=LINE ( 'NONE', #204, #35 );
#4305=ORIENTED_EDGE ( 'NONE', *, *, #3767, .F. );
#4306=EDGE_CURVE ( 'NONE', #1405, #5471, #2794, .T. );
#4307=VERTEX_POINT ( 'NONE', #2725 );
#4308=DIRECTION ( 'NONE',  ( -0.1305261922200518800, 0.9914448613738103800, 0.0000000000000000000 ) );
#4309=CARTESIAN_POINT ( 'NONE',  ( -0.3676190754101421600, 0.1999999999999999600, 0.0000000000000000000 ) );
#4310=VERTEX_POINT ( 'NONE', #1399 );
#4311=ORIENTED_EDGE ( 'NONE', *, *, #5016, .T. );
#4312=EDGE_LOOP ( 'NONE', ( #3336, #1914, #5411, #3360 ) );
#4313=ORIENTED_EDGE ( 'NONE', *, *, #3697, .F. );
#4314=LINE ( 'NONE', #1015, #6 );
#4315=ORIENTED_EDGE ( 'NONE', *, *, #917, .T. );
#4316=EDGE_LOOP ( 'NONE', ( #846, #80, #1004, #1033, #3744, #3895, #3577 ) );
#4317=ORIENTED_EDGE ( 'NONE', *, *, #2900, .F. );
#4318=EDGE_LOOP ( 'NONE', ( #4167, #1531, #3686, #452 ) );
#4319=VECTOR ( 'NONE', #5003, 39.37007874015748100 );
#4320=LINE ( 'NONE', #1304, #6 );
#4321=EDGE_LOOP ( 'NONE', ( #662, #5382, #4937, #3027, #977, #4247, #2969, #4927 ) );
#4322=AXIS2_PLACEMENT_3D ( 'NONE', #499, #25, #20 );
#4323=EDGE_CURVE ( 'NONE', #3068, #4711, #2337, .T. );
#4324=ADVANCED_FACE ( 'NONE', ( #2274 ), #5478, .T. );
#4325=VERTEX_POINT ( 'NONE', #243 );
#4326=ORIENTED_EDGE ( 'NONE', *, *, #2540, .T. );
#4327=ORIENTED_EDGE ( 'NONE', *, *, #5337, .T. );
#4328=ORIENTED_EDGE ( 'NONE', *, *, #5078, .F. );
#4329=LINE ( 'NONE', #2495, #6 );
#4330=ORIENTED_EDGE ( 'NONE', *, *, #4816, .F. );
#4331=ORIENTED_EDGE ( 'NONE', *, *, #1508, .T. );
#4332=EDGE_LOOP ( 'NONE', ( #5173, #4260, #5217, #4330 ) );
#4333=PLANE ( 'NONE',  #4938 );
#4334=EDGE_CURVE ( 'NONE', #1149, #5306, #3251, .T. );
#4335=EDGE_CURVE ( 'NONE', #1477, #3198, #4301, .T. );
#4336=ORIENTED_EDGE ( 'NONE', *, *, #5190, .F. );
#4337=EDGE_CURVE ( 'NONE', #4612, #194, #4246, .T. );
#4338=ORIENTED_EDGE ( 'NONE', *, *, #5130, .T. );
#4339=EDGE_LOOP ( 'NONE', ( #1465, #1044, #1282, #1045 ) );
#4340=FACE_OUTER_BOUND ( 'NONE', #1339, .T. );
#4341=ORIENTED_EDGE ( 'NONE', *, *, #1048, .T. );
#4342=FACE_OUTER_BOUND ( 'NONE', #1880, .T. );
#4343=VERTEX_POINT ( 'NONE', #4300 );
#4344=EDGE_CURVE ( 'NONE', #3450, #3417, #3120, .T. );
#4345=ORIENTED_EDGE ( 'NONE', *, *, #4803, .F. );
#4346=AXIS2_PLACEMENT_3D ( 'NONE', #72, #235, #50 );
#4347=ORIENTED_EDGE ( 'NONE', *, *, #1649, .F. );
#4348=ADVANCED_FACE ( 'NONE', ( #2072 ), #1858, .F. );
#4349=FACE_OUTER_BOUND ( 'NONE', #4302, .T. );
#4350=VECTOR ( 'NONE', #2491, 39.37007874015748100 );
#4351=LINE ( 'NONE', #4487, #163 );
#4352=ADVANCED_FACE ( 'NONE', ( #2149 ), #3564, .F. );
#4353=CARTESIAN_POINT ( 'NONE',  ( 0.04100000000000025800, -0.1550000000000000000, 0.1499999999999999700 ) );
#4354=ORIENTED_EDGE ( 'NONE', *, *, #4593, .T. );
#4355=CARTESIAN_POINT ( 'NONE',  ( -0.05899999999999976800, -1.707404996040164500E-017, 0.1324999999999999800 ) );
#4356=AXIS2_PLACEMENT_3D ( 'NONE', #2667, #25, #20 );
#4357=ORIENTED_EDGE ( 'NONE', *, *, #425, .T. );
#4358=CYLINDRICAL_SURFACE ( 'NONE', #890, 0.007499999999999988400 );
#4359=CYLINDRICAL_SURFACE ( 'NONE', #3233, 0.01750000000000001900 );
#4360=EDGE_CURVE ( 'NONE', #790, #3252, #5094, .T. );
#4361=VECTOR ( 'NONE', #2711, 39.37007874015748100 );
#4362=FACE_OUTER_BOUND ( 'NONE', #3521, .T. );
#4363=EDGE_CURVE ( 'NONE', #1137, #100, #2980, .T. );
#4364=EDGE_LOOP ( 'NONE', ( #1251, #1901, #3240, #2856, #3610, #3536, #4217, #411, #4425, #4015 ) );
#4365=CYLINDRICAL_SURFACE ( 'NONE', #1318, 0.01750000000000001900 );
#4366=LINE ( 'NONE', #1352, #35 );
#4367=EDGE_CURVE ( 'NONE', #3708, #5264, #5210, .T. );
#4368=ADVANCED_FACE ( 'NONE', ( #2003 ), #4333, .F. );
#4369=ORIENTED_EDGE ( 'NONE', *, *, #2518, .T. );
#4370=EDGE_CURVE ( 'NONE', #5290, #861, #4905, .T. );
#4371=AXIS2_PLACEMENT_3D ( 'NONE', #1335, #441, #1866 );
#4372=EDGE_CURVE ( 'NONE', #1149, #183, #3507, .T. );
#4373=ORIENTED_EDGE ( 'NONE', *, *, #2909, .T. );
#4374=VERTEX_POINT ( 'NONE', #1891 );
#4375=CARTESIAN_POINT ( 'NONE',  ( 0.3150000000000003400, 0.1050000000000000500, -0.1250000000000000000 ) );
#4376=ORIENTED_EDGE ( 'NONE', *, *, #4939, .F. );
#4377=CIRCLE ( 'NONE', #3445, 0.007499999999999988400 );
#4378=ORIENTED_EDGE ( 'NONE', *, *, #532, .F. );
#4379=LINE ( 'NONE', #647, #2781 );
#4380=CARTESIAN_POINT ( 'NONE',  ( 0.2590000000000002300, 0.1150000000000000700, -0.1324999999999999800 ) );
#4381=LINE ( 'NONE', #2480, #250 );
#4382=CARTESIAN_POINT ( 'NONE',  ( -0.1149999999999997300, 0.1150000000000000700, 0.1324999999999999800 ) );
#4383=ORIENTED_EDGE ( 'NONE', *, *, #3886, .F. );
#4384=FACE_OUTER_BOUND ( 'NONE', #2538, .T. );
#4385=ORIENTED_EDGE ( 'NONE', *, *, #2957, .T. );
#4386=ORIENTED_EDGE ( 'NONE', *, *, #3713, .T. );
#4387=EDGE_CURVE ( 'NONE', #3276, #3854, #1234, .T. );
#4388=EDGE_CURVE ( 'NONE', #4657, #3901, #1375, .T. );
#4389=ORIENTED_EDGE ( 'NONE', *, *, #2405, .T. );
#4390=ORIENTED_EDGE ( 'NONE', *, *, #2964, .T. );
#4391=VERTEX_POINT ( 'NONE', #4769 );
#4392=LINE ( 'NONE', #113, #368 );
#4393=ORIENTED_EDGE ( 'NONE', *, *, #2443, .T. );
#4394=VERTEX_POINT ( 'NONE', #2745 );
#4395=LINE ( 'NONE', #3794, #985 );
#4396=ADVANCED_FACE ( 'NONE', ( #3449 ), #1062, .F. );
#4397=AXIS2_PLACEMENT_3D ( 'NONE', #1086, #323, #235 );
#4398=ADVANCED_FACE ( 'NONE', ( #1170 ), #2807, .F. );
#4399=EDGE_CURVE ( 'NONE', #5470, #5264, #4616, .T. );
#4400=ORIENTED_EDGE ( 'NONE', *, *, #3633, .F. );
#4401=ORIENTED_EDGE ( 'NONE', *, *, #101, .T. );
#4402=CARTESIAN_POINT ( 'NONE',  ( -0.2849999999999997000, 0.01200000000000005200, -0.1399999999999999900 ) );
#4403=ORIENTED_EDGE ( 'NONE', *, *, #4334, .T. );
#4404=ORIENTED_EDGE ( 'NONE', *, *, #3498, .T. );
#4405=EDGE_CURVE ( 'NONE', #4343, #4085, #1931, .T. );
#4406=EDGE_CURVE ( 'NONE', #702, #4579, #512, .T. );
#4407=EDGE_CURVE ( 'NONE', #1461, #5330, #1016, .T. );
#4408=ORIENTED_EDGE ( 'NONE', *, *, #181, .T. );
#4409=VERTEX_POINT ( 'NONE', #334 );
#4410=CARTESIAN_POINT ( 'NONE',  ( -0.3410000000000002500, -1.707404996040164500E-017, -0.1399999999999999900 ) );
#4411=CYLINDRICAL_SURFACE ( 'NONE', #1879, 0.007499999999999988400 );
#4412=AXIS2_PLACEMENT_3D ( 'NONE', #1286, #25, #50 );
#4413=DIRECTION ( 'NONE',  ( 1.000000000000000000, 0.0000000000000000000, -2.731847993664268600E-016 ) );
#4414=CARTESIAN_POINT ( 'NONE',  ( 0.3150000000000003400, 0.01200000000000005200, -0.1499999999999999900 ) );
#4415=FACE_OUTER_BOUND ( 'NONE', #3837, .T. );
#4416=VERTEX_POINT ( 'NONE', #1889 );
#4417=ORIENTED_EDGE ( 'NONE', *, *, #652, .F. );
#4418=VERTEX_POINT ( 'NONE', #2863 );
#4419=ADVANCED_FACE ( 'NONE', ( #2532 ), #5140, .F. );
#4420=LINE ( 'NONE', #1259, #24 );
#4421=ADVANCED_FACE ( 'NONE', ( #1740 ), #5282, .F. );
#4422=EDGE_LOOP ( 'NONE', ( #3481, #3004, #2702, #2048 ) );
#4423=FACE_OUTER_BOUND ( 'NONE', #4563, .T. );
#4424=EDGE_LOOP ( 'NONE', ( #862, #3084, #1456, #594, #4775, #2455, #2929, #3426, #3488, #1714 ) );
#4425=ORIENTED_EDGE ( 'NONE', *, *, #4723, .F. );
#4426=ORIENTED_EDGE ( 'NONE', *, *, #2268, .T. );
#4427=DIRECTION ( 'NONE',  ( 0.0000000000000000000, 1.000000000000000000, 2.276539994720223100E-015 ) );
#4428=EDGE_CURVE ( 'NONE', #4612, #5009, #4789, .T. );
#4429=EDGE_CURVE ( 'NONE', #4751, #4580, #2915, .T. );
#4430=AXIS2_PLACEMENT_3D ( 'NONE', #2151, #25, #20 );
#4431=LINE ( 'NONE', #77, #6 );
#4432=EDGE_LOOP ( 'NONE', ( #467, #372, #2746, #3133, #3056, #3226, #1005, #3899 ) );
#4433=EDGE_CURVE ( 'NONE', #2953, #1214, #1664, .T. );
#4434=LINE ( 'NONE', #1790, #498 );
#4435=ADVANCED_FACE ( 'NONE', ( #3880 ), #359, .F. );
#4436=ORIENTED_EDGE ( 'NONE', *, *, #1962, .T. );
#4437=ORIENTED_EDGE ( 'NONE', *, *, #4731, .F. );
#4438=ORIENTED_EDGE ( 'NONE', *, *, #182, .F. );
#4439=ORIENTED_EDGE ( 'NONE', *, *, #2114, .T. );
#4440=FACE_OUTER_BOUND ( 'NONE', #533, .T. );
#4441=EDGE_CURVE ( 'NONE', #2434, #2445, #4112, .T. );
#4442=LINE ( 'NONE', #2941, #149 );
#4443=EDGE_LOOP ( 'NONE', ( #4503, #1312, #2376, #2111 ) );
#4444=ADVANCED_FACE ( 'NONE', ( #4241 ), #3458, .F. );
#4445=DIRECTION ( 'NONE',  ( -0.1305261922200518800, -0.9914448613738103800, 0.0000000000000000000 ) );
#4446=LINE ( 'NONE', #1827, #168 );
#4447=ORIENTED_EDGE ( 'NONE', *, *, #4510, .T. );
#4448=ORIENTED_EDGE ( 'NONE', *, *, #5224, .T. );
#4449=CARTESIAN_POINT ( 'NONE',  ( -0.3150000000000003400, -1.714505518806294100E-017, 0.1399999999999999900 ) );
#4450=VERTEX_POINT ( 'NONE', #3312 );
#4451=EDGE_LOOP ( 'NONE', ( #1971, #2240, #3835, #1815 ) );
#4452=ADVANCED_FACE ( 'NONE', ( #94 ), #1367, .F. );
#4453=VERTEX_POINT ( 'NONE', #4170 );
#4454=VERTEX_POINT ( 'NONE', #4353 );
#4455=ORIENTED_EDGE ( 'NONE', *, *, #5407, .F. );
#4456=PRESENTATION_LAYER_ASSIGNMENT (  '', '', ( #4555 ) );
#4457=ORIENTED_EDGE ( 'NONE', *, *, #2806, .F. );
#4458=LINE ( 'NONE', #2007, #6 );
#4459=FACE_OUTER_BOUND ( 'NONE', #4884, .T. );
#4460=VERTEX_POINT ( 'NONE', #4259 );
#4461=ORIENTED_EDGE ( 'NONE', *, *, #2010, .F. );
#4462=ORIENTED_EDGE ( 'NONE', *, *, #3379, .F. );
#4463=ORIENTED_EDGE ( 'NONE', *, *, #1696, .F. );
#4464=VERTEX_POINT ( 'NONE', #1629 );
#4465=EDGE_CURVE ( 'NONE', #2185, #2023, #660, .T. );
#4466=PLANE ( 'NONE',  #418 );
#4467=EDGE_LOOP ( 'NONE', ( #4099, #1270, #2276, #5008 ) );
#4468=ORIENTED_EDGE ( 'NONE', *, *, #2928, .F. );
#4469=ORIENTED_EDGE ( 'NONE', *, *, #4753, .T. );
#4470=ORIENTED_EDGE ( 'NONE', *, *, #1689, .T. );
#4471=ADVANCED_FACE ( 'NONE', ( #3324 ), #5385, .T. );
#4472=FACE_OUTER_BOUND ( 'NONE', #3573, .T. );
#4473=EDGE_CURVE ( 'NONE', #5352, #4598, #4733, .T. );
#4474=FACE_OUTER_BOUND ( 'NONE', #4767, .T. );
#4475=ORIENTED_EDGE ( 'NONE', *, *, #1168, .T. );
#4476=ORIENTED_EDGE ( 'NONE', *, *, #2531, .F. );
#4477=CARTESIAN_POINT ( 'NONE',  ( 0.1850000000000003000, 0.1150000000000000600, -0.1250000000000000000 ) );
#4478=EDGE_LOOP ( 'NONE', ( #4890, #68, #1910, #2635 ) );
#4479=FACE_OUTER_BOUND ( 'NONE', #824, .T. );
#4480=VERTEX_POINT ( 'NONE', #4206 );
#4481=EDGE_CURVE ( 'NONE', #618, #307, #4547, .T. );
#4482=LINE ( 'NONE', #1231, #368 );
#4483=PLANE ( 'NONE',  #3045 );
#4484=AXIS2_PLACEMENT_3D ( 'NONE', #1772, #875, #492 );
#4485=VERTEX_POINT ( 'NONE', #2250 );
#4486=EDGE_LOOP ( 'NONE', ( #2886, #1618, #4957, #1549 ) );
#4487=CARTESIAN_POINT ( 'NONE',  ( 0.04100000000000025800, -1.707404996040164500E-017, -0.1324999999999999800 ) );
#4488=EDGE_CURVE ( 'NONE', #4194, #3304, #1310, .T. );
#4489=CARTESIAN_POINT ( 'NONE',  ( -0.3410000000000002500, -1.707404996040164500E-017, 0.1324999999999999800 ) );
#4490=EDGE_CURVE ( 'NONE', #1970, #4485, #2860, .T. );
#4491=AXIS2_PLACEMENT_3D ( 'NONE', #434, #25, #50 );
#4492=ADVANCED_FACE ( 'NONE', ( #4849 ), #4290, .F. );
#4493=LINE ( 'NONE', #388, #371 );
#4494=ORIENTED_EDGE ( 'NONE', *, *, #1647, .T. );
#4495=CLOSED_SHELL ( 'NONE', ( #2052, #3948, #3367, #693, #5059, #3033, #4100, #3731, #3754, #57, #3292, #4352, #5421, #4810, #752, #2409 ) );
#4496=CARTESIAN_POINT ( 'NONE',  ( -0.3676190754101421600, 0.1999999999999999600, 0.02799999999999999700 ) );
#4497=PLANE ( 'NONE',  #255 );
#4498=ORIENTED_EDGE ( 'NONE', *, *, #1315, .T. );
#4499=ORIENTED_EDGE ( 'NONE', *, *, #4724, .F. );
#4500=CARTESIAN_POINT ( 'NONE',  ( 0.2590000000000002300, -1.707404996040164500E-017, 0.1324999999999999800 ) );
#4501=ADVANCED_FACE ( 'NONE', ( #2396 ), #3181, .F. );
#4502=ORIENTED_EDGE ( 'NONE', *, *, #1132, .T. );
#4503=ORIENTED_EDGE ( 'NONE', *, *, #3427, .F. );
#4504=FACE_OUTER_BOUND ( 'NONE', #473, .T. );
#4505=LINE ( 'NONE', #3061, #163 );
#4506=ORIENTED_EDGE ( 'NONE', *, *, #4961, .T. );
#4507=EDGE_CURVE ( 'NONE', #983, #4715, #2330, .T. );
#4508=EDGE_CURVE ( 'NONE', #4887, #3806, #4975, .T. );
#4509=PLANE ( 'NONE',  #70 );
#4510=EDGE_CURVE ( 'NONE', #3492, #509, #2560, .T. );
#4511=LINE ( 'NONE', #1179, #35 );
#4512=ORIENTED_EDGE ( 'NONE', *, *, #1808, .T. );
#4513=FACE_OUTER_BOUND ( 'NONE', #4291, .T. );
#4514=VERTEX_POINT ( 'NONE', #1772 );
#4515=ADVANCED_FACE ( 'NONE', ( #3050 ), #3391, .F. );
#4516=VERTEX_POINT ( 'NONE', #81 );
#4517=EDGE_CURVE ( 'NONE', #164, #4041, #2670, .T. );
#4518=ORIENTED_EDGE ( 'NONE', *, *, #2695, .F. );
#4519=CIRCLE ( 'NONE', #446, 0.007499999999999988400 );
#4520=ORIENTED_EDGE ( 'NONE', *, *, #2782, .T. );
#4521=ORIENTED_EDGE ( 'NONE', *, *, #4011, .F. );
#4522=CLOSED_SHELL ( 'NONE', ( #3720, #1037, #550, #338, #2727, #4116, #2780, #1869, #150, #107, #5497, #1276, #2362, #1599, #2793, #590 ) );
#4523=AXIS2_PLACEMENT_3D ( 'NONE', #2528, #25, #50 );
#4524=LINE ( 'NONE', #218, #35 );
#4525=CARTESIAN_POINT ( 'NONE',  ( -0.3270000000000003500, -1.707404996040164500E-017, 0.1499999999999999900 ) );
#4526=FACE_OUTER_BOUND ( 'NONE', #3085, .T. );
#4527=DIRECTION ( 'NONE',  ( -0.0000000000000000000, -2.276539994720223100E-015, -1.000000000000000000 ) );
#4528=ORIENTED_EDGE ( 'NONE', *, *, #1168, .F. );
#4529=AXIS2_PLACEMENT_3D ( 'NONE', #2865, #25, #20 );
#4530=AXIS2_PLACEMENT_3D ( 'NONE', #502, #10, #50 );
#4531=VERTEX_POINT ( 'NONE', #3505 );
#4532=PLANE ( 'NONE',  #3983 );
#4533=LINE ( 'NONE', #2103, #35 );
#4534=ORIENTED_EDGE ( 'NONE', *, *, #1039, .T. );
#4535=CARTESIAN_POINT ( 'NONE',  ( -0.2409999999999997700, -1.707404996040164500E-017, -0.1499999999999999900 ) );
#4536=LINE ( 'NONE', #482, #250 );
#4537=EDGE_CURVE ( 'NONE', #2608, #1833, #5446, .T. );
#4538=EDGE_LOOP ( 'NONE', ( #614, #2163, #2084, #2710 ) );
#4539=ADVANCED_FACE ( 'NONE', ( #579 ), #980, .T. );
#4540=EDGE_CURVE ( 'NONE', #3780, #4267, #1514, .T. );
#4541=FACE_OUTER_BOUND ( 'NONE', #4603, .T. );
#4542=CARTESIAN_POINT ( 'NONE',  ( 0.04100000000000025800, -1.707404996040164500E-017, 0.1499999999999999900 ) );
#4543=LINE ( 'NONE', #1399, #6 );
#4544=EDGE_CURVE ( 'NONE', #3301, #4450, #3644, .T. );
#4545=EDGE_CURVE ( 'NONE', #3205, #4997, #2605, .T. );
#4546=FILL_AREA_STYLE ('',( #4059 ) );
#4547=CIRCLE ( 'NONE', #1961, 0.007499999999999988400 );
#4548=ORIENTED_EDGE ( 'NONE', *, *, #4080, .F. );
#4549=EDGE_LOOP ( 'NONE', ( #1755, #220, #228, #3460 ) );
#4550=FACE_OUTER_BOUND ( 'NONE', #886, .T. );
#4551=AXIS2_PLACEMENT_3D ( 'NONE', #253, #10, #1152 );
#4552=CARTESIAN_POINT ( 'NONE',  ( -0.1849999999999997500, -1.714505518806294100E-017, -0.1399999999999999900 ) );
#4553=CARTESIAN_POINT ( 'NONE',  ( 0.04100000000000025800, 0.09750000000000005900, 0.1399999999999999900 ) );
#4554=VERTEX_POINT ( 'NONE', #1942 );
#4555=STYLED_ITEM ( 'NONE', ( #746 ), #1117 );
#4556=ORIENTED_EDGE ( 'NONE', *, *, #3464, .T. );
#4557=PLANE ( 'NONE',  #3352 );
#4558=FACE_OUTER_BOUND ( 'NONE', #1526, .T. );
#4559=STYLED_ITEM ( 'NONE', ( #746 ), #4888 );
#4560=EDGE_CURVE ( 'NONE', #4485, #3659, #3825, .T. );
#4561=AXIS2_PLACEMENT_3D ( 'NONE', #2479, #258, #20 );
#4562=ORIENTED_EDGE ( 'NONE', *, *, #3534, .T. );
#4563=EDGE_LOOP ( 'NONE', ( #4263, #788, #478, #4499 ) );
#4564=LINE ( 'NONE', #780, #35 );
#4565=ORIENTED_EDGE ( 'NONE', *, *, #5318, .T. );
#4566=LINE ( 'NONE', #577, #371 );
#4567=ORIENTED_EDGE ( 'NONE', *, *, #4892, .T. );
#4568=ORIENTED_EDGE ( 'NONE', *, *, #3850, .F. );
#4569=ORIENTED_EDGE ( 'NONE', *, *, #1349, .F. );
#4570=VERTEX_POINT ( 'NONE', #114 );
#4571=EDGE_CURVE ( 'NONE', #3298, #2323, #342, .T. );
#4572=PLANE ( 'NONE',  #3236 );
#4573=ADVANCED_FACE ( 'NONE', ( #4669 ), #1661, .F. );
#4574=EDGE_LOOP ( 'NONE', ( #5362, #2029, #442, #4812 ) );
#4575=ORIENTED_EDGE ( 'NONE', *, *, #4708, .F. );
#4576=ORIENTED_EDGE ( 'NONE', *, *, #1430, .T. );
#4577=EDGE_CURVE ( 'NONE', #155, #1354, #4971, .T. );
#4578=VERTEX_POINT ( 'NONE', #4414 );
#4579=VERTEX_POINT ( 'NONE', #259 );
#4580=VERTEX_POINT ( 'NONE', #1225 );
#4581=VERTEX_POINT ( 'NONE', #4148 );
#4582=ADVANCED_FACE ( 'NONE', ( #4294 ), #4928, .T. );
#4583=CARTESIAN_POINT ( 'NONE',  ( -0.2849999999999997000, 0.09750000000000005900, -0.1499999999999999900 ) );
#4584=FACE_OUTER_BOUND ( 'NONE', #2885, .T. );
#4585=EDGE_LOOP ( 'NONE', ( #4745, #656, #5413, #5184, #5350, #3593, #4447, #5205, #5225, #4569 ) );
#4586=AXIS2_PLACEMENT_3D ( 'NONE', #426, #836, #487 );
#4587=ORIENTED_EDGE ( 'NONE', *, *, #406, .T. );
#4588=ORIENTED_EDGE ( 'NONE', *, *, #3074, .F. );
#4589=FACE_OUTER_BOUND ( 'NONE', #1780, .T. );
#4590=ADVANCED_FACE ( 'NONE', ( #336 ), #1242, .F. );
#4591=ORIENTED_EDGE ( 'NONE', *, *, #5002, .T. );
#4592=PLANE ( 'NONE',  #1186 );
#4593=EDGE_CURVE ( 'NONE', #1108, #4226, #1735, .T. );
#4594=VERTEX_POINT ( 'NONE', #1209 );
#4595=AXIS2_PLACEMENT_3D ( 'NONE', #1433, #2206, #911 );
#4596=CIRCLE ( 'NONE', #4346, 0.01750000000000001900 );
#4597=ORIENTED_EDGE ( 'NONE', *, *, #844, .F. );
#4598=VERTEX_POINT ( 'NONE', #4968 );
#4599=FACE_OUTER_BOUND ( 'NONE', #730, .T. );
#4600=DIRECTION ( 'NONE',  ( 0.9914448613738103800, -0.1305261922200518800, -2.708476655372788000E-016 ) );
#4601=ORIENTED_EDGE ( 'NONE', *, *, #4922, .F. );
#4602=FACE_OUTER_BOUND ( 'NONE', #3628, .T. );
#4603=EDGE_LOOP ( 'NONE', ( #2196, #1876, #3609, #5303 ) );
#4604=EDGE_LOOP ( 'NONE', ( #5360, #4274, #4096, #3766 ) );
#4605=EDGE_CURVE ( 'NONE', #3865, #557, #1450, .T. );
#4606=EDGE_CURVE ( 'NONE', #3140, #2311, #505, .T. );
#4607=LINE ( 'NONE', #253, #56 );
#4608=ADVANCED_FACE ( 'NONE', ( #4415 ), #3869, .F. );
#4609=CARTESIAN_POINT ( 'NONE',  ( 0.01500000000000031900, 0.09750000000000005900, 0.1399999999999999900 ) );
#4610=CARTESIAN_POINT ( 'NONE',  ( 0.3788095377050712500, 0.1999999999999999600, 0.1138095377050712800 ) );
#4611=VERTEX_POINT ( 'NONE', #373 );
#4612=VERTEX_POINT ( 'NONE', #792 );
#4613=AXIS2_PLACEMENT_3D ( 'NONE', #2088, #461, #166 );
#4614=EDGE_CURVE ( 'NONE', #4655, #3933, #1256, .T. );
#4615=MECHANICAL_DESIGN_GEOMETRIC_PRESENTATION_REPRESENTATION (  '', ( #934 ), #2798 );
#4616=LINE ( 'NONE', #968, #56 );
#4617=EDGE_CURVE ( 'NONE', #1065, #2383, #5089, .T. );
#4618=ORIENTED_EDGE ( 'NONE', *, *, #2127, .F. );
#4619=CARTESIAN_POINT ( 'NONE',  ( 0.2590000000000002300, 0.1050000000000000400, 0.1324999999999999800 ) );
#4620=LINE ( 'NONE', #3034, #149 );
#4621=VERTEX_POINT ( 'NONE', #4684 );
#4622=LINE ( 'NONE', #1379, #270 );
#4623=ORIENTED_EDGE ( 'NONE', *, *, #3620, .T. );
#4624=CARTESIAN_POINT ( 'NONE',  ( 0.08500000000000032500, 0.01199999999999995000, -0.1324999999999999800 ) );
#4625=ORIENTED_EDGE ( 'NONE', *, *, #3457, .T. );
#4626=FACE_OUTER_BOUND ( 'NONE', #3558, .T. );
#4627=ORIENTED_EDGE ( 'NONE', *, *, #4244, .T. );
#4628=ORIENTED_EDGE ( 'NONE', *, *, #1673, .F. );
#4629=CARTESIAN_POINT ( 'NONE',  ( 0.08500000000000032500, 0.01199999999999994800, 0.1499999999999999900 ) );
#4630=ORIENTED_EDGE ( 'NONE', *, *, #2203, .T. );
#4631=EDGE_LOOP ( 'NONE', ( #1545, #666, #4759, #5120 ) );
#4632=AXIS2_PLACEMENT_3D ( 'NONE', #3690, #2, #296 );
#4633=LINE ( 'NONE', #2205, #60 );
#4634=LINE ( 'NONE', #929, #163 );
#4635=EDGE_LOOP ( 'NONE', ( #546, #399, #5067, #5400 ) );
#4636=PLANE ( 'NONE',  #556 );
#4637=FACE_OUTER_BOUND ( 'NONE', #1902, .T. );
#4638=ORIENTED_EDGE ( 'NONE', *, *, #3101, .T. );
#4639=ORIENTED_EDGE ( 'NONE', *, *, #4685, .T. );
#4640=EDGE_CURVE ( 'NONE', #4022, #5232, #2854, .T. );
#4641=EDGE_CURVE ( 'NONE', #2819, #4859, #937, .T. );
#4642=EDGE_CURVE ( 'NONE', #4026, #1625, #2729, .T. );
#4643=VERTEX_POINT ( 'NONE', #2757 );
#4644=ORIENTED_EDGE ( 'NONE', *, *, #2728, .F. );
#4645=ORIENTED_EDGE ( 'NONE', *, *, #2858, .F. );
#4646=PLANE ( 'NONE',  #3225 );
#4647=FACE_OUTER_BOUND ( 'NONE', #5334, .T. );
#4648=VERTEX_POINT ( 'NONE', #4382 );
#4649=CARTESIAN_POINT ( 'NONE',  ( -0.1849999999999997500, 0.09750000000000005900, -0.1399999999999999900 ) );
#4650=AXIS2_PLACEMENT_3D ( 'NONE', #1380, #461, #166 );
#4651=ORIENTED_EDGE ( 'NONE', *, *, #2171, .F. );
#4652=EDGE_CURVE ( 'NONE', #4711, #1479, #1870, .T. );
#4653=PLANE ( 'NONE',  #4867 );
#4654=EDGE_LOOP ( 'NONE', ( #4978, #4749, #3785, #4872, #4528, #3921, #2089 ) );
#4655=VERTEX_POINT ( 'NONE', #1442 );
#4656=LINE ( 'NONE', #4375, #6 );
#4657=VERTEX_POINT ( 'NONE', #3590 );
#4658=ORIENTED_EDGE ( 'NONE', *, *, #2207, .F. );
#4659=AXIS2_PLACEMENT_3D ( 'NONE', #266, #235, #50 );
#4660=EDGE_CURVE ( 'NONE', #2922, #3237, #3389, .T. );
#4661=MECHANICAL_DESIGN_GEOMETRIC_PRESENTATION_REPRESENTATION (  '', ( #593 ), #480 );
#4662=LINE ( 'NONE', #481, #728 );
#4663=CIRCLE ( 'NONE', #364, 0.007499999999999988400 );
#4664=CARTESIAN_POINT ( 'NONE',  ( -0.2409999999999997700, -1.714505518806294100E-017, -0.1399999999999999900 ) );
#4665=ORIENTED_EDGE ( 'NONE', *, *, #2061, .T. );
#4666=ADVANCED_FACE ( 'NONE', ( #3117 ), #654, .F. );
#4667=CARTESIAN_POINT ( 'NONE',  ( -0.04099999999999978000, 0.1150000000000000700, -0.1324999999999999800 ) );
#4668=FACE_OUTER_BOUND ( 'NONE', #613, .T. );
#4669=FACE_OUTER_BOUND ( 'NONE', #5049, .T. );
#4670=EDGE_CURVE ( 'NONE', #23, #1860, #797, .T. );
#4671=EDGE_CURVE ( 'NONE', #2348, #1415, #175, .T. );
#4672=LINE ( 'NONE', #243, #498 );
#4673=VERTEX_POINT ( 'NONE', #87 );
#4674=ORIENTED_EDGE ( 'NONE', *, *, #4845, .T. );
#4675=EDGE_CURVE ( 'NONE', #2354, #1306, #1945, .T. );
#4676=VERTEX_POINT ( 'NONE', #2788 );
#4677=LINE ( 'NONE', #3026, #163 );
#4678=VERTEX_POINT ( 'NONE', #633 );
#4679=PLANE ( 'NONE',  #3051 );
#4680=ORIENTED_EDGE ( 'NONE', *, *, #811, .T. );
#4681=LINE ( 'NONE', #2553, #368 );
#4682=LINE ( 'NONE', #2852, #408 );
#4683=VERTEX_POINT ( 'NONE', #3281 );
#4684=CARTESIAN_POINT ( 'NONE',  ( -0.1149999999999997300, 0.1050000000000000400, -0.1324999999999999800 ) );
#4685=EDGE_CURVE ( 'NONE', #2579, #5420, #2141, .T. );
#4686=ADVANCED_FACE ( 'NONE', ( #3454 ), #5028, .F. );
#4687=LINE ( 'NONE', #5322, #519 );
#4688=EDGE_LOOP ( 'NONE', ( #630, #1126, #5310, #1391 ) );
#4689=LINE ( 'NONE', #2176, #35 );
#4690=VERTEX_POINT ( 'NONE', #1102 );
#4691=FACE_OUTER_BOUND ( 'NONE', #4823, .T. );
#4692=VERTEX_POINT ( 'NONE', #4179 );
#4693=PRESENTATION_LAYER_ASSIGNMENT (  '', '', ( #3632 ) );
#4694=PRESENTATION_LAYER_ASSIGNMENT (  '', '', ( #5202 ) );
#4695=ORIENTED_EDGE ( 'NONE', *, *, #5260, .T. );
#4696=CARTESIAN_POINT ( 'NONE',  ( 0.04100000000000025800, -1.707404996040164500E-017, -0.1499999999999999900 ) );
#4697=ORIENTED_EDGE ( 'NONE', *, *, #1523, .T. );
#4698=CARTESIAN_POINT ( 'NONE',  ( -0.3788095377050708100, 0.1999999999999999600, -0.1138095377050709300 ) );
#4699=ORIENTED_EDGE ( 'NONE', *, *, #880, .T. );
#4700=EDGE_CURVE ( 'NONE', #2189, #2714, #4727, .T. );
#4701=EDGE_CURVE ( 'NONE', #3848, #201, #4493, .T. );
#4702=VERTEX_POINT ( 'NONE', #111 );
#4703=EDGE_CURVE ( 'NONE', #5055, #3304, #879, .T. );
#4704=ORIENTED_EDGE ( 'NONE', *, *, #1917, .T. );
#4705=ORIENTED_EDGE ( 'NONE', *, *, #3036, .T. );
#4706=FACE_OUTER_BOUND ( 'NONE', #2556, .T. );
#4707=ORIENTED_EDGE ( 'NONE', *, *, #3544, .T. );
#4708=EDGE_CURVE ( 'NONE', #3947, #4920, #1256, .T. );
#4709=CARTESIAN_POINT ( 'NONE',  ( 0.04100000000000025800, -0.1550000000000000000, -0.1499999999999999700 ) );
#4710=EDGE_CURVE ( 'NONE', #3470, #3601, #450, .T. );
#4711=VERTEX_POINT ( 'NONE', #1202 );
#4712=LINE ( 'NONE', #4204, #146 );
#4713=ORIENTED_EDGE ( 'NONE', *, *, #2207, .T. );
#4714=ORIENTED_EDGE ( 'NONE', *, *, #4560, .F. );
#4715=VERTEX_POINT ( 'NONE', #4609 );
#4716=ORIENTED_EDGE ( 'NONE', *, *, #3489, .T. );
#4717=AXIS2_PLACEMENT_3D ( 'NONE', #79, #235, #50 );
#4718=VERTEX_POINT ( 'NONE', #4111 );
#4719=ADVANCED_FACE ( 'NONE', ( #2414 ), #359, .F. );
#4720=LINE ( 'NONE', #2460, #168 );
#4721=CIRCLE ( 'NONE', #1596, 0.007499999999999988400 );
#4722=CARTESIAN_POINT ( 'NONE',  ( 0.01500000000000031900, -1.714505518806294100E-017, 0.1399999999999999900 ) );
#4723=EDGE_CURVE ( 'NONE', #1538, #1951, #4366, .T. );
#4724=EDGE_CURVE ( 'NONE', #4819, #2884, #5349, .T. );
#4725=( GEOMETRIC_REPRESENTATION_CONTEXT ( 3 ) GLOBAL_UNCERTAINTY_ASSIGNED_CONTEXT ( ( #132 ) ) GLOBAL_UNIT_ASSIGNED_CONTEXT ( ( #559, #327, #131 ) ) REPRESENTATION_CONTEXT ( 'NONE', 'WORKASPACE' ) );
#4726=FACE_OUTER_BOUND ( 'NONE', #3915, .T. );
#4727=LINE ( 'NONE', #2533, #6 );
#4728=ORIENTED_EDGE ( 'NONE', *, *, #5316, .T. );
#4729=EDGE_CURVE ( 'NONE', #2292, #3349, #3654, .T. );
#4730=ORIENTED_EDGE ( 'NONE', *, *, #2895, .T. );
#4731=EDGE_CURVE ( 'NONE', #947, #2407, #3897, .T. );
#4732=ORIENTED_EDGE ( 'NONE', *, *, #5130, .F. );
#4733=LINE ( 'NONE', #61, #270 );
#4734=VERTEX_POINT ( 'NONE', #1324 );
#4735=EDGE_CURVE ( 'NONE', #4819, #3599, #1114, .T. );
#4736=LINE ( 'NONE', #276, #1329 );
#4737=ORIENTED_EDGE ( 'NONE', *, *, #961, .T. );
#4738=LINE ( 'NONE', #555, #6 );
#4739=ORIENTED_EDGE ( 'NONE', *, *, #658, .F. );
#4740=ORIENTED_EDGE ( 'NONE', *, *, #3036, .F. );
#4741=LINE ( 'NONE', #3317, #56 );
#4742=ORIENTED_EDGE ( 'NONE', *, *, #4104, .F. );
#4743=ORIENTED_EDGE ( 'NONE', *, *, #5418, .T. );
#4744=EDGE_CURVE ( 'NONE', #194, #2066, #5459, .T. );
#4745=ORIENTED_EDGE ( 'NONE', *, *, #4074, .F. );
#4746=VERTEX_POINT ( 'NONE', #1233 );
#4747=FACE_OUTER_BOUND ( 'NONE', #3339, .T. );
#4748=VERTEX_POINT ( 'NONE', #1071 );
#4749=ORIENTED_EDGE ( 'NONE', *, *, #3950, .T. );
#4750=LINE ( 'NONE', #273, #56 );
#4751=VERTEX_POINT ( 'NONE', #2752 );
#4752=AXIS2_PLACEMENT_3D ( 'NONE', #202, #323, #235 );
#4753=EDGE_CURVE ( 'NONE', #1061, #3548, #118, .T. );
#4754=EDGE_CURVE ( 'NONE', #2006, #2162, #3135, .T. );
#4755=ORIENTED_EDGE ( 'NONE', *, *, #5086, .T. );
#4756=FACE_OUTER_BOUND ( 'NONE', #4321, .T. );
#4757=ORIENTED_EDGE ( 'NONE', *, *, #1273, .T. );
#4758=ORIENTED_EDGE ( 'NONE', *, *, #2097, .F. );
#4759=ORIENTED_EDGE ( 'NONE', *, *, #1882, .T. );
#4760=AXIS2_PLACEMENT_3D ( 'NONE', #1011, #419, #1 );
#4761=ADVANCED_FACE ( 'NONE', ( #2689 ), #4497, .T. );
#4762=EDGE_CURVE ( 'NONE', #1321, #4837, #4566, .T. );
#4763=LINE ( 'NONE', #4449, #6 );
#4764=ADVANCED_FACE ( 'NONE', ( #2161 ), #645, .T. );
#4765=ORIENTED_EDGE ( 'NONE', *, *, #4999, .F. );
#4766=PLANE ( 'NONE',  #4817 );
#4767=EDGE_LOOP ( 'NONE', ( #1739, #1111, #3508, #3415 ) );
#4768=DIRECTION ( 'NONE',  ( 0.1305261922200518800, -0.9914448613738103800, 0.0000000000000000000 ) );
#4769=CARTESIAN_POINT ( 'NONE',  ( -0.3150000000000003400, 0.1050000000000000500, 0.1250000000000000000 ) );
#4770=EDGE_CURVE ( 'NONE', #247, #4751, #4314, .T. );
#4771=ADVANCED_FACE ( 'NONE', ( #282 ), #1566, .F. );
#4772=VERTEX_POINT ( 'NONE', #3701 );
#4773=LINE ( 'NONE', #47, #56 );
#4774=ORIENTED_EDGE ( 'NONE', *, *, #2010, .T. );
#4775=ORIENTED_EDGE ( 'NONE', *, *, #2995, .T. );
#4776=FACE_OUTER_BOUND ( 'NONE', #1960, .T. );
#4777=EDGE_CURVE ( 'NONE', #2445, #3901, #4062, .T. );
#4778=VERTEX_POINT ( 'NONE', #2562 );
#4779=LINE ( 'NONE', #1723, #56 );
#4780=EDGE_LOOP ( 'NONE', ( #5229, #1612, #4705, #5474 ) );
#4781=LINE ( 'NONE', #1781, #35 );
#4782=CARTESIAN_POINT ( 'NONE',  ( 0.1150000000000003100, 0.01200000000000005200, 0.1399999999999999900 ) );
#4783=VERTEX_POINT ( 'NONE', #2585 );
#4784=ORIENTED_EDGE ( 'NONE', *, *, #156, .T. );
#4785=FACE_OUTER_BOUND ( 'NONE', #3105, .T. );
#4786=ADVANCED_FACE ( 'NONE', ( #822 ), #4214, .F. );
#4787=DIRECTION ( 'NONE',  ( 0.0000000000000000000, -1.000000000000000000, -0.0000000000000000000 ) );
#4788=LINE ( 'NONE', #2740, #250 );
#4789=LINE ( 'NONE', #792, #2781 );
#4790=ORIENTED_EDGE ( 'NONE', *, *, #2305, .F. );
#4791=CIRCLE ( 'NONE', #255, 0.007499999999999988400 );
#4792=LINE ( 'NONE', #67, #498 );
#4793=PLANE ( 'NONE',  #4595 );
#4794=ORIENTED_EDGE ( 'NONE', *, *, #5153, .T. );
#4795=LINE ( 'NONE', #2290, #71 );
#4796=EDGE_CURVE ( 'NONE', #3528, #3162, #660, .T. );
#4797=ORIENTED_EDGE ( 'NONE', *, *, #3704, .T. );
#4798=EDGE_CURVE ( 'NONE', #864, #4008, #4781, .T. );
#4799=VERTEX_POINT ( 'NONE', #3872 );
#4800=EDGE_CURVE ( 'NONE', #4008, #3203, #1564, .T. );
#4801=ADVANCED_FACE ( 'NONE', ( #4589 ), #4557, .F. );
#4802=VERTEX_POINT ( 'NONE', #2457 );
#4803=EDGE_CURVE ( 'NONE', #4394, #1507, #1424, .T. );
#4804=FACE_OUTER_BOUND ( 'NONE', #1083, .T. );
#4805=VERTEX_POINT ( 'NONE', #3416 );
#4806=PLANE ( 'NONE',  #3171 );
#4807=LINE ( 'NONE', #563, #60 );
#4808=VERTEX_POINT ( 'NONE', #363 );
#4809=ADVANCED_FACE ( 'NONE', ( #3998 ), #2966, .T. );
#4810=ADVANCED_FACE ( 'NONE', ( #3180 ), #1236, .T. );
#4811=LINE ( 'NONE', #1749, #35 );
#4812=ORIENTED_EDGE ( 'NONE', *, *, #2645, .T. );
#4813=ORIENTED_EDGE ( 'NONE', *, *, #409, .F. );
#4814=AXIS2_PLACEMENT_3D ( 'NONE', #1723, #1089, #343 );
#4815=EDGE_CURVE ( 'NONE', #27, #2819, #4902, .T. );
#4816=EDGE_CURVE ( 'NONE', #5437, #1068, #257, .T. );
#4817=AXIS2_PLACEMENT_3D ( 'NONE', #438, #1089, #343 );
#4818=CYLINDRICAL_SURFACE ( 'NONE', #1318, 0.007499999999999988400 );
#4819=VERTEX_POINT ( 'NONE', #3798 );
#4820=CARTESIAN_POINT ( 'NONE',  ( 0.02700000000000035400, -1.778575257266404500E-017, 0.1499999999999999900 ) );
#4821=LINE ( 'NONE', #2091, #1218 );
#4822=ADVANCED_FACE ( 'NONE', ( #2393 ), #812, .F. );
#4823=EDGE_LOOP ( 'NONE', ( #208, #2820, #3099, #4883 ) );
#4824=ORIENTED_EDGE ( 'NONE', *, *, #1845, .T. );
#4825=VERTEX_POINT ( 'NONE', #1317 );
#4826=ORIENTED_EDGE ( 'NONE', *, *, #2180, .F. );
#4827=CARTESIAN_POINT ( 'NONE',  ( 0.3850000000000003400, -1.707404996040164500E-017, -0.1499999999999999900 ) );
#4828=EDGE_LOOP ( 'NONE', ( #2398, #3296, #4965, #820, #3970, #1798, #3064, #1181 ) );
#4829=LINE ( 'NONE', #2484, #5480 );
#4830=ORIENTED_EDGE ( 'NONE', *, *, #1021, .F. );
#4831=EDGE_CURVE ( 'NONE', #557, #1041, #721, .T. );
#4832=EDGE_CURVE ( 'NONE', #4997, #3021, #3818, .T. );
#4833=ADVANCED_FACE ( 'NONE', ( #3114 ), #4679, .F. );
#4834=FACE_OUTER_BOUND ( 'NONE', #4972, .T. );
#4835=ORIENTED_EDGE ( 'NONE', *, *, #3827, .F. );
#4836=ORIENTED_EDGE ( 'NONE', *, *, #1673, .T. );
#4837=VERTEX_POINT ( 'NONE', #5376 );
#4838=EDGE_CURVE ( 'NONE', #4702, #2244, #1230, .T. );
#4839=EDGE_LOOP ( 'NONE', ( #3166, #3094, #4218, #3524 ) );
#4840=PLANE ( 'NONE',  #2256 );
#4841=CARTESIAN_POINT ( 'NONE',  ( 0.3410000000000002500, -0.1550000000000000000, -0.1499999999999999700 ) );
#4842=DIRECTION ( 'NONE',  ( -6.076710444746643700E-016, 0.1305261922200518800, -0.9914448613738103800 ) );
#4843=AXIS2_PLACEMENT_3D ( 'NONE', #1385, #25, #50 );
#4844=EDGE_CURVE ( 'NONE', #2714, #2721, #2974, .T. );
#4845=EDGE_CURVE ( 'NONE', #3024, #4374, #3245, .T. );
#4846=LINE ( 'NONE', #3873, #168 );
#4847=ORIENTED_EDGE ( 'NONE', *, *, #5495, .F. );
#4848=ORIENTED_EDGE ( 'NONE', *, *, #1690, .T. );
#4849=FACE_OUTER_BOUND ( 'NONE', #1057, .T. );
#4850=ORIENTED_EDGE ( 'NONE', *, *, #4844, .F. );
#4851=FACE_OUTER_BOUND ( 'NONE', #560, .T. );
#4852=ORIENTED_EDGE ( 'NONE', *, *, #3496, .F. );
#4853=FACE_OUTER_BOUND ( 'NONE', #4688, .T. );
#4854=VERTEX_POINT ( 'NONE', #2740 );
#4855=EDGE_CURVE ( 'NONE', #896, #2383, #4174, .T. );
#4856=EDGE_CURVE ( 'NONE', #5155, #2006, #422, .T. );
#4857=LINE ( 'NONE', #2062, #163 );
#4858=ORIENTED_EDGE ( 'NONE', *, *, #1744, .F. );
#4859=VERTEX_POINT ( 'NONE', #3098 );
#4860=CARTESIAN_POINT ( 'NONE',  ( -0.2849999999999997000, -1.714505518806294100E-017, 0.1399999999999999900 ) );
#4861=EDGE_LOOP ( 'NONE', ( #4326, #5356, #4707, #5380, #776, #1759, #518, #4200 ) );
#4862=ORIENTED_EDGE ( 'NONE', *, *, #3567, .F. );
#4863=ADVANCED_FACE ( 'NONE', ( #4668 ), #2273, .F. );
#4864=EDGE_LOOP ( 'NONE', ( #465, #1551, #4347, #979 ) );
#4865=CARTESIAN_POINT ( 'NONE',  ( 0.2730000000000003000, -1.707404996040164500E-017, -0.1499999999999999900 ) );
#4866=LINE ( 'NONE', #1586, #1329 );
#4867=AXIS2_PLACEMENT_3D ( 'NONE', #388, #836, #487 );
#4868=CARTESIAN_POINT ( 'NONE',  ( 0.1410000000000002600, -0.1550000000000000000, 0.1499999999999999700 ) );
#4869=EDGE_CURVE ( 'NONE', #2679, #1738, #1775, .T. );
#4870=AXIS2_PLACEMENT_3D ( 'NONE', #1837, #10, #50 );
#4871=LINE ( 'NONE', #2211, #3842 );
#4872=ORIENTED_EDGE ( 'NONE', *, *, #2713, .F. );
#4873=EDGE_CURVE ( 'NONE', #5409, #1529, #4046, .T. );
#4874=CIRCLE ( 'NONE', #1829, 0.007499999999999988400 );
#4875=LINE ( 'NONE', #3147, #24 );
#4876=LINE ( 'NONE', #2616, #169 );
#4877=ORIENTED_EDGE ( 'NONE', *, *, #3965, .T. );
#4878=CARTESIAN_POINT ( 'NONE',  ( 0.05900000000000024700, -1.707404996040164500E-017, -0.1499999999999999900 ) );
#4879=ORIENTED_EDGE ( 'NONE', *, *, #4105, .F. );
#4880=PLANE ( 'NONE',  #3055 );
#4881=FACE_OUTER_BOUND ( 'NONE', #2791, .T. );
#4882=LINE ( 'NONE', #2419, #6 );
#4883=ORIENTED_EDGE ( 'NONE', *, *, #2172, .T. );
#4884=EDGE_LOOP ( 'NONE', ( #2374, #4327, #4973, #5047 ) );
#4885=ADVANCED_FACE ( 'NONE', ( #4107 ), #1850, .F. );
#4886=CARTESIAN_POINT ( 'NONE',  ( 0.01500000000000031900, 0.01200000000000005200, 0.1324999999999999800 ) );
#4887=VERTEX_POINT ( 'NONE', #3793 );
#4888=MANIFOLD_SOLID_BREP ( 'LPattern1[1]', #4923 );
#4889=EDGE_CURVE ( 'NONE', #4307, #3343, #86, .T. );
#4890=ORIENTED_EDGE ( 'NONE', *, *, #4869, .T. );
#4891=ADVANCED_FACE ( 'NONE', ( #5444 ), #5128, .F. );
#4892=EDGE_CURVE ( 'NONE', #2244, #3592, #5275, .T. );
#4893=ORIENTED_EDGE ( 'NONE', *, *, #1621, .T. );
#4894=ORIENTED_EDGE ( 'NONE', *, *, #5104, .F. );
#4895=LINE ( 'NONE', #1227, #519 );
#4896=ORIENTED_EDGE ( 'NONE', *, *, #4428, .F. );
#4897=PLANE ( 'NONE',  #5235 );
#4898=LINE ( 'NONE', #254, #270 );
#4899=ORIENTED_EDGE ( 'NONE', *, *, #1874, .T. );
#4900=FACE_OUTER_BOUND ( 'NONE', #1397, .T. );
#4901=ORIENTED_EDGE ( 'NONE', *, *, #2584, .F. );
#4902=LINE ( 'NONE', #2937, #56 );
#4903=PLANE ( 'NONE',  #4717 );
#4904=CARTESIAN_POINT ( 'NONE',  ( 0.3590000000000002600, 0.1150000000000000600, -0.1324999999999999800 ) );
#4905=LINE ( 'NONE', #2521, #35 );
#4906=ORIENTED_EDGE ( 'NONE', *, *, #4407, .F. );
#4907=AXIS2_PLACEMENT_3D ( 'NONE', #2634, #2, #296 );
#4908=DIRECTION ( 'NONE',  ( 0.1294283079955639800, 0.9831056027603600800, 0.1294283079955639600 ) );
#4909=ORIENTED_EDGE ( 'NONE', *, *, #2011, .F. );
#4910=EDGE_CURVE ( 'NONE', #4310, #4325, #4543, .T. );
#4911=EDGE_CURVE ( 'NONE', #1480, #221, #3387, .T. );
#4912=LINE ( 'NONE', #1305, #56 );
#4913=ORIENTED_EDGE ( 'NONE', *, *, #3639, .T. );
#4914=ADVANCED_FACE ( 'NONE', ( #5200 ), #3316, .T. );
#4915=VERTEX_POINT ( 'NONE', #2513 );
#4916=LINE ( 'NONE', #1171, #225 );
#4917=CARTESIAN_POINT ( 'NONE',  ( 0.3788095377050712500, 0.01999999999999994100, 0.1138095377050712400 ) );
#4918=ORIENTED_EDGE ( 'NONE', *, *, #4959, .T. );
#4919=ORIENTED_EDGE ( 'NONE', *, *, #123, .T. );
#4920=VERTEX_POINT ( 'NONE', #2078 );
#4921=ORIENTED_EDGE ( 'NONE', *, *, #4299, .F. );
#4922=EDGE_CURVE ( 'NONE', #4253, #4887, #501, .T. );
#4923=CLOSED_SHELL ( 'NONE', ( #2497, #2817, #1104, #622, #3833, #159, #4058, #4255, #2082, #990, #1377, #141, #85, #3698, #2301, #5072 ) );
#4924=EDGE_CURVE ( 'NONE', #4683, #4746, #3387, .T. );
#4925=ORIENTED_EDGE ( 'NONE', *, *, #2830, .T. );
#4926=LINE ( 'NONE', #252, #1867 );
#4927=ORIENTED_EDGE ( 'NONE', *, *, #2114, .F. );
#4928=PLANE ( 'NONE',  #3582 );
#4929=LINE ( 'NONE', #4280, #306 );
#4930=ORIENTED_EDGE ( 'NONE', *, *, #515, .F. );
#4931=PLANE ( 'NONE',  #504 );
#4932=ORIENTED_EDGE ( 'NONE', *, *, #3889, .T. );
#4933=ORIENTED_EDGE ( 'NONE', *, *, #2518, .F. );
#4934=FACE_OUTER_BOUND ( 'NONE', #3035, .T. );
#4935=EDGE_LOOP ( 'NONE', ( #5240, #785, #4199, #2996 ) );
#4936=CARTESIAN_POINT ( 'NONE',  ( 0.01500000000000031900, 0.01200000000000005200, 0.1399999999999999900 ) );
#4937=ORIENTED_EDGE ( 'NONE', *, *, #2022, .T. );
#4938=AXIS2_PLACEMENT_3D ( 'NONE', #766, #284, #1272 );
#4939=EDGE_CURVE ( 'NONE', #5330, #833, #931, .T. );
#4940=FACE_OUTER_BOUND ( 'NONE', #4033, .T. );
#4941=ORIENTED_EDGE ( 'NONE', *, *, #4671, .T. );
#4942=CARTESIAN_POINT ( 'NONE',  ( -0.1149999999999997300, 0.1150000000000000700, -0.1324999999999999800 ) );
#4943=LINE ( 'NONE', #2187, #519 );
#4944=LINE ( 'NONE', #381, #35 );
#4945=ORIENTED_EDGE ( 'NONE', *, *, #4744, .F. );
#4946=ADVANCED_FACE ( 'NONE', ( #4541 ), #1229, .F. );
#4947=EDGE_LOOP ( 'NONE', ( #1536, #5093, #355, #1930 ) );
#4948=( GEOMETRIC_REPRESENTATION_CONTEXT ( 3 ) GLOBAL_UNCERTAINTY_ASSIGNED_CONTEXT ( ( #132 ) ) GLOBAL_UNIT_ASSIGNED_CONTEXT ( ( #559, #327, #131 ) ) REPRESENTATION_CONTEXT ( 'NONE', 'WORKASPACE' ) );
#4949=ORIENTED_EDGE ( 'NONE', *, *, #1307, .F. );
#4950=LINE ( 'NONE', #2784, #149 );
#4951=CARTESIAN_POINT ( 'NONE',  ( -0.1849999999999997500, 0.1150000000000000700, -0.1324999999999999800 ) );
#4952=EDGE_LOOP ( 'NONE', ( #5058, #2712, #4850, #698 ) );
#4953=FACE_OUTER_BOUND ( 'NONE', #606, .T. );
#4954=ORIENTED_EDGE ( 'NONE', *, *, #263, .T. );
#4955=CARTESIAN_POINT ( 'NONE',  ( -0.05899999999999976800, -1.707404996040164500E-017, 0.1399999999999999900 ) );
#4956=ORIENTED_EDGE ( 'NONE', *, *, #2057, .F. );
#4957=ORIENTED_EDGE ( 'NONE', *, *, #5156, .F. );
#4958=EDGE_CURVE ( 'NONE', #915, #3711, #2269, .T. );
#4959=EDGE_CURVE ( 'NONE', #2343, #4008, #3940, .T. );
#4960=ORIENTED_EDGE ( 'NONE', *, *, #4640, .F. );
#4961=EDGE_CURVE ( 'NONE', #5306, #2189, #3819, .T. );
#4962=CARTESIAN_POINT ( 'NONE',  ( 0.2150000000000003000, -1.714505518806294100E-017, -0.1399999999999999900 ) );
#4963=LINE ( 'NONE', #2897, #498 );
#4964=CARTESIAN_POINT ( 'NONE',  ( 0.1150000000000003100, 0.09750000000000005900, 0.1499999999999999900 ) );
#4965=ORIENTED_EDGE ( 'NONE', *, *, #267, .T. );
#4966=EDGE_CURVE ( 'NONE', #4837, #971, #4846, .T. );
#4967=AXIS2_PLACEMENT_3D ( 'NONE', #834, #235, #50 );
#4968=CARTESIAN_POINT ( 'NONE',  ( 0.1590000000000002200, -1.714505518806294100E-017, 0.1399999999999999900 ) );
#4969=ADVANCED_FACE ( 'NONE', ( #2464 ), #1361, .F. );
#4970=PLANE ( 'NONE',  #3643 );
#4971=LINE ( 'NONE', #2523, #6 );
#4972=EDGE_LOOP ( 'NONE', ( #1767, #4925, #5042, #5237, #1783, #1920, #4852, #635 ) );
#4973=ORIENTED_EDGE ( 'NONE', *, *, #2525, .T. );
#4974=ADVANCED_FACE ( 'NONE', ( #1449 ), #2229, .F. );
#4975=LINE ( 'NONE', #4019, #6 );
#4976=ORIENTED_EDGE ( 'NONE', *, *, #1658, .F. );
#4977=ORIENTED_EDGE ( 'NONE', *, *, #3990, .F. );
#4978=ORIENTED_EDGE ( 'NONE', *, *, #2662, .T. );
#4979=LINE ( 'NONE', #233, #519 );
#4980=FACE_OUTER_BOUND ( 'NONE', #994, .T. );
#4981=AXIS2_PLACEMENT_3D ( 'NONE', #2651, #1089, #20 );
#4982=EDGE_CURVE ( 'NONE', #4711, #2368, #490, .T. );
#4983=AXIS2_PLACEMENT_3D ( 'NONE', #1370, #323, #235 );
#4984=EDGE_LOOP ( 'NONE', ( #1644, #1750, #1332, #4403, #4506, #3662, #5030, #2892 ) );
#4985=ORIENTED_EDGE ( 'NONE', *, *, #3885, .F. );
#4986=ORIENTED_EDGE ( 'NONE', *, *, #2235, .F. );
#4987=ORIENTED_EDGE ( 'NONE', *, *, #42, .F. );
#4988=LINE ( 'NONE', #47, #985 );
#4989=EDGE_CURVE ( 'NONE', #2311, #672, #3938, .T. );
#4990=EDGE_LOOP ( 'NONE', ( #4797, #2631, #2413, #22, #3529, #102, #950, #4813, #5074, #1518 ) );
#4991=VERTEX_POINT ( 'NONE', #4193 );
#4992=EDGE_CURVE ( 'NONE', #3287, #4854, #4788, .T. );
#4993=VECTOR ( 'NONE', #258, 39.37007874015748100 );
#4994=ORIENTED_EDGE ( 'NONE', *, *, #1737, .F. );
#4995=CARTESIAN_POINT ( 'NONE',  ( -0.1269999999999997500, -1.714505518806294100E-017, -0.1399999999999999900 ) );
#4996=CIRCLE ( 'NONE', #4356, 0.01750000000000001900 );
#4997=VERTEX_POINT ( 'NONE', #2978 );
#4998=LINE ( 'NONE', #2109, #146 );
#4999=EDGE_CURVE ( 'NONE', #1699, #4485, #3523, .T. );
#5000=PLANE ( 'NONE',  #17 );
#5001=ORIENTED_EDGE ( 'NONE', *, *, #3932, .T. );
#5002=EDGE_CURVE ( 'NONE', #3155, #4655, #4182, .T. );
#5003=DIRECTION ( 'NONE',  ( -0.1294283079955639800, 0.9831056027603600800, -0.1294283079955638700 ) );
#5004=AXIS2_PLACEMENT_3D ( 'NONE', #481, #2206, #911 );
#5005=VERTEX_POINT ( 'NONE', #1458 );
#5006=ORIENTED_EDGE ( 'NONE', *, *, #4249, .F. );
#5007=ORIENTED_EDGE ( 'NONE', *, *, #4889, .F. );
#5008=ORIENTED_EDGE ( 'NONE', *, *, #5372, .F. );
#5009=VERTEX_POINT ( 'NONE', #1001 );
#5010=ORIENTED_EDGE ( 'NONE', *, *, #2609, .T. );
#5011=ORIENTED_EDGE ( 'NONE', *, *, #1030, .T. );
#5012=ORIENTED_EDGE ( 'NONE', *, *, #2823, .T. );
#5013=ORIENTED_EDGE ( 'NONE', *, *, #3751, .T. );
#5014=ORIENTED_EDGE ( 'NONE', *, *, #2971, .T. );
#5015=CYLINDRICAL_SURFACE ( 'NONE', #125, 0.007499999999999988400 );
#5016=EDGE_CURVE ( 'NONE', #3349, #3013, #600, .T. );
#5017=AXIS2_PLACEMENT_3D ( 'NONE', #611, #10, #50 );
#5018=PLANE ( 'NONE',  #1928 );
#5019=ORIENTED_EDGE ( 'NONE', *, *, #3464, .F. );
#5020=LINE ( 'NONE', #2521, #6 );
#5021=ORIENTED_EDGE ( 'NONE', *, *, #5118, .F. );
#5022=ORIENTED_EDGE ( 'NONE', *, *, #3670, .T. );
#5023=EDGE_CURVE ( 'NONE', #1042, #3845, #5193, .T. );
#5024=ORIENTED_EDGE ( 'NONE', *, *, #3489, .F. );
#5025=EDGE_CURVE ( 'NONE', #3806, #1682, #1501, .T. );
#5026=EDGE_CURVE ( 'NONE', #1704, #4514, #5326, .T. );
#5027=EDGE_CURVE ( 'NONE', #772, #5406, #2658, .T. );
#5028=CYLINDRICAL_SURFACE ( 'NONE', #3233, 0.007499999999999988400 );
#5029=LINE ( 'NONE', #1370, #60 );
#5030=ORIENTED_EDGE ( 'NONE', *, *, #3310, .T. );
#5031=FACE_OUTER_BOUND ( 'NONE', #285, .T. );
#5032=CARTESIAN_POINT ( 'NONE',  ( 0.3410000000000002500, 0.09750000000000005900, -0.1499999999999999900 ) );
#5033=ORIENTED_EDGE ( 'NONE', *, *, #4053, .T. );
#5034=CARTESIAN_POINT ( 'NONE',  ( 0.1150000000000003100, 0.01200000000000005200, 0.1324999999999999800 ) );
#5035=CLOSED_SHELL ( 'NONE', ( #2912, #4419, #5045, #1590, #513, #1626, #1150, #4764, #3761, #908, #5208, #4178, #229, #4539, #1993, #170, #2701, #3809 ) );
#5036=FACE_OUTER_BOUND ( 'NONE', #4467, .T. );
#5037=VERTEX_POINT ( 'NONE', #2367 );
#5038=AXIS2_PLACEMENT_3D ( 'NONE', #2103, #1097, #296 );
#5039=CYLINDRICAL_SURFACE ( 'NONE', #2913, 0.007499999999999988400 );
#5040=ORIENTED_EDGE ( 'NONE', *, *, #1090, .F. );
#5041=VECTOR ( 'NONE', #573, 39.37007874015748900 );
#5042=ORIENTED_EDGE ( 'NONE', *, *, #719, .F. );
#5043=EDGE_LOOP ( 'NONE', ( #3087, #4130, #5323, #130 ) );
#5044=VERTEX_POINT ( 'NONE', #1127 );
#5045=ADVANCED_FACE ( 'NONE', ( #4162 ), #3247, .F. );
#5046=PLANE ( 'NONE',  #4077 );
#5047=ORIENTED_EDGE ( 'NONE', *, *, #1656, .T. );
#5048=EDGE_CURVE ( 'NONE', #4570, #891, #75, .T. );
#5049=EDGE_LOOP ( 'NONE', ( #696, #2164, #4106, #585 ) );
#5050=PRESENTATION_LAYER_ASSIGNMENT (  '', '', ( #5244 ) );
#5051=FACE_OUTER_BOUND ( 'NONE', #4038, .T. );
#5052=ORIENTED_EDGE ( 'NONE', *, *, #4577, .F. );
#5053=VERTEX_POINT ( 'NONE', #1101 );
#5054=CARTESIAN_POINT ( 'NONE',  ( -0.05899999999999976800, -1.707404996040164500E-017, -0.1499999999999999900 ) );
#5055=VERTEX_POINT ( 'NONE', #2034 );
#5056=EDGE_CURVE ( 'NONE', #5223, #1497, #786, .T. );
#5057=ORIENTED_EDGE ( 'NONE', *, *, #4560, .T. );
#5058=ORIENTED_EDGE ( 'NONE', *, *, #2197, .T. );
#5059=ADVANCED_FACE ( 'NONE', ( #2126 ), #562, .T. );
#5060=EDGE_CURVE ( 'NONE', #2364, #1538, #2381, .T. );
#5061=CLOSED_SHELL ( 'NONE', ( #1250, #2025, #540, #3179, #1393, #3388, #2255, #5135, #1803, #3289, #4786, #4974, #2467 ) );
#5062=EDGE_CURVE ( 'NONE', #1354, #1490, #3631, .T. );
#5063=ORIENTED_EDGE ( 'NONE', *, *, #3960, .T. );
#5064=PRESENTATION_LAYER_ASSIGNMENT (  '', '', ( #4044 ) );
#5065=VERTEX_POINT ( 'NONE', #1178 );
#5066=LINE ( 'NONE', #381, #6 );
#5067=ORIENTED_EDGE ( 'NONE', *, *, #1199, .T. );
#5068=EDGE_LOOP ( 'NONE', ( #5315, #1346, #598, #2041, #2466, #3264, #2318, #3342 ) );
#5069=CARTESIAN_POINT ( 'NONE',  ( 0.2270000000000003400, -1.707404996040164500E-017, -0.1499999999999999900 ) );
#5070=EDGE_CURVE ( 'NONE', #1824, #1226, #410, .T. );
#5071=AXIS2_PLACEMENT_3D ( 'NONE', #723, #20, #1469 );
#5072=ADVANCED_FACE ( 'NONE', ( #3494 ), #2500, .F. );
#5073=VECTOR ( 'NONE', #3781, 39.37007874015748900 );
#5074=ORIENTED_EDGE ( 'NONE', *, *, #5213, .T. );
#5075=EDGE_LOOP ( 'NONE', ( #2182, #5134, #1552, #1906 ) );
#5076=AXIS2_PLACEMENT_3D ( 'NONE', #2403, #235, #50 );
#5077=DIRECTION ( 'NONE',  ( 0.9914448613738103800, 0.1305261922200518800, -2.708476655372788000E-016 ) );
#5078=EDGE_CURVE ( 'NONE', #4172, #5044, #4898, .T. );
#5079=EDGE_LOOP ( 'NONE', ( #4639, #1423, #36, #2898, #1602, #5057, #3139, #1217 ) );
#5080=ORIENTED_EDGE ( 'NONE', *, *, #2296, .F. );
#5081=CARTESIAN_POINT ( 'NONE',  ( -0.2589999999999997300, -0.1550000000000000000, 0.1499999999999999700 ) );
#5082=ORIENTED_EDGE ( 'NONE', *, *, #2332, .T. );
#5083=CARTESIAN_POINT ( 'NONE',  ( 0.1410000000000002600, 0.09750000000000005900, -0.1324999999999999800 ) );
#5084=ORIENTED_EDGE ( 'NONE', *, *, #2828, .T. );
#5085=LINE ( 'NONE', #398, #56 );
#5086=EDGE_CURVE ( 'NONE', #1068, #2579, #1648, .T. );
#5087=ADVANCED_FACE ( 'NONE', ( #2577 ), #3381, .F. );
#5088=LINE ( 'NONE', #330, #3641 );
#5089=CIRCLE ( 'NONE', #1825, 0.007499999999999988400 );
#5090=EDGE_CURVE ( 'NONE', #3470, #106, #2458, .T. );
#5091=LINE ( 'NONE', #1583, #35 );
#5092=EDGE_CURVE ( 'NONE', #4066, #1860, #566, .T. );
#5093=ORIENTED_EDGE ( 'NONE', *, *, #651, .T. );
#5094=LINE ( 'NONE', #5034, #168 );
#5095=ADVANCED_FACE ( 'NONE', ( #1440 ), #3816, .T. );
#5096=FACE_OUTER_BOUND ( 'NONE', #1540, .T. );
#5097=ORIENTED_EDGE ( 'NONE', *, *, #1519, .F. );
#5098=ORIENTED_EDGE ( 'NONE', *, *, #3876, .T. );
#5099=LINE ( 'NONE', #681, #149 );
#5100=ORIENTED_EDGE ( 'NONE', *, *, #725, .F. );
#5101=ORIENTED_EDGE ( 'NONE', *, *, #4540, .F. );
#5102=ORIENTED_EDGE ( 'NONE', *, *, #4335, .F. );
#5103=LINE ( 'NONE', #2195, #371 );
#5104=EDGE_CURVE ( 'NONE', #1479, #5147, #1992, .T. );
#5105=EDGE_CURVE ( 'NONE', #5233, #2624, #5085, .T. );
#5106=AXIS2_PLACEMENT_3D ( 'NONE', #1260, #25, #20 );
#5107=ORIENTED_EDGE ( 'NONE', *, *, #4508, .T. );
#5108=MANIFOLD_SOLID_BREP ( 'LPattern1[6]', #1685 );
#5109=ORIENTED_EDGE ( 'NONE', *, *, #4281, .F. );
#5110=ORIENTED_EDGE ( 'NONE', *, *, #3828, .T. );
#5111=ORIENTED_EDGE ( 'NONE', *, *, #2584, .T. );
#5112=ORIENTED_EDGE ( 'NONE', *, *, #4273, .F. );
#5113=VERTEX_POINT ( 'NONE', #718 );
#5114=LINE ( 'NONE', #1317, #60 );
#5115=ORIENTED_EDGE ( 'NONE', *, *, #4544, .T. );
#5116=VERTEX_POINT ( 'NONE', #756 );
#5117=EDGE_CURVE ( 'NONE', #1999, #2633, #2783, .T. );
#5118=EDGE_CURVE ( 'NONE', #896, #2922, #2202, .T. );
#5119=ORIENTED_EDGE ( 'NONE', *, *, #2125, .T. );
#5120=ORIENTED_EDGE ( 'NONE', *, *, #1506, .F. );
#5121=FACE_OUTER_BOUND ( 'NONE', #538, .T. );
#5122=EDGE_CURVE ( 'NONE', #1949, #3068, #4721, .T. );
#5123=EDGE_LOOP ( 'NONE', ( #2761, #384, #5249, #3212 ) );
#5124=ORIENTED_EDGE ( 'NONE', *, *, #3235, .T. );
#5125=ORIENTED_EDGE ( 'NONE', *, *, #1801, .T. );
#5126=CARTESIAN_POINT ( 'NONE',  ( 0.1590000000000002200, -1.714505518806294100E-017, -0.1399999999999999900 ) );
#5127=EDGE_CURVE ( 'NONE', #4050, #3100, #1864, .T. );
#5128=PLANE ( 'NONE',  #4120 );
#5129=AXIS2_PLACEMENT_3D ( 'NONE', #45, #258, #20 );
#5130=EDGE_CURVE ( 'NONE', #1471, #96, #3691, .T. );
#5131=VERTEX_POINT ( 'NONE', #1703 );
#5132=LINE ( 'NONE', #866, #6 );
#5133=EDGE_LOOP ( 'NONE', ( #2150, #1487, #488, #2251, #3530, #552, #2754 ) );
#5134=ORIENTED_EDGE ( 'NONE', *, *, #4710, .T. );
#5135=ADVANCED_FACE ( 'NONE', ( #2598 ), #3790, .F. );
#5136=AXIS2_PLACEMENT_3D ( 'NONE', #4129, #235, #50 );
#5137=ORIENTED_EDGE ( 'NONE', *, *, #712, .T. );
#5138=CIRCLE ( 'NONE', #3126, 0.007499999999999988400 );
#5139=VERTEX_POINT ( 'NONE', #3724 );
#5140=PLANE ( 'NONE',  #3266 );
#5141=MECHANICAL_DESIGN_GEOMETRIC_PRESENTATION_REPRESENTATION (  '', ( #3545 ), #3473 );
#5142=ORIENTED_EDGE ( 'NONE', *, *, #5122, .F. );
#5143=ORIENTED_EDGE ( 'NONE', *, *, #2713, .T. );
#5144=LINE ( 'NONE', #3368, #35 );
#5145=AXIS2_PLACEMENT_3D ( 'NONE', #1031, #258, #20 );
#5146=EDGE_CURVE ( 'NONE', #5053, #915, #1064, .T. );
#5147=VERTEX_POINT ( 'NONE', #2076 );
#5148=EDGE_CURVE ( 'NONE', #773, #819, #867, .T. );
#5149=LINE ( 'NONE', #1135, #985 );
#5150=FACE_OUTER_BOUND ( 'NONE', #1174, .T. );
#5151=AXIS2_PLACEMENT_3D ( 'NONE', #398, #441, #1866 );
#5152=ORIENTED_EDGE ( 'NONE', *, *, #5025, .F. );
#5153=EDGE_CURVE ( 'NONE', #2311, #303, #4103, .T. );
#5154=LINE ( 'NONE', #3044, #56 );
#5155=VERTEX_POINT ( 'NONE', #682 );
#5156=EDGE_CURVE ( 'NONE', #4454, #1041, #3038, .T. );
#5157=VECTOR ( 'NONE', #2045, 39.37007874015748100 );
#5158=ORIENTED_EDGE ( 'NONE', *, *, #192, .T. );
#5159=ORIENTED_EDGE ( 'NONE', *, *, #1130, .T. );
#5160=ORIENTED_EDGE ( 'NONE', *, *, #2896, .F. );
#5161=VERTEX_POINT ( 'NONE', #2389 );
#5162=ORIENTED_EDGE ( 'NONE', *, *, #3267, .T. );
#5163=ORIENTED_EDGE ( 'NONE', *, *, #1732, .T. );
#5164=ORIENTED_EDGE ( 'NONE', *, *, #3663, .F. );
#5165=CARTESIAN_POINT ( 'NONE',  ( 0.01500000000000031900, 0.09750000000000005900, -0.1399999999999999900 ) );
#5166=ORIENTED_EDGE ( 'NONE', *, *, #4660, .F. );
#5167=ORIENTED_EDGE ( 'NONE', *, *, #5364, .T. );
#5168=EDGE_CURVE ( 'NONE', #536, #5347, #4045, .T. );
#5169=EDGE_LOOP ( 'NONE', ( #4740, #2656, #18, #2764 ) );
#5170=FACE_OUTER_BOUND ( 'NONE', #3422, .T. );
#5171=FACE_OUTER_BOUND ( 'NONE', #1887, .T. );
#5172=CARTESIAN_POINT ( 'NONE',  ( 0.2850000000000003100, 0.1150000000000000700, 0.1324999999999999800 ) );
#5173=ORIENTED_EDGE ( 'NONE', *, *, #2995, .F. );
#5174=EDGE_LOOP ( 'NONE', ( #4790, #3209, #4933, #4588 ) );
#5175=EDGE_CURVE ( 'NONE', #2162, #5065, #3759, .T. );
#5176=VERTEX_POINT ( 'NONE', #3307 );
#5177=CARTESIAN_POINT ( 'NONE',  ( 0.2150000000000003000, 0.01200000000000005200, 0.1324999999999999800 ) );
#5178=ORIENTED_EDGE ( 'NONE', *, *, #3285, .T. );
#5179=ADVANCED_FACE ( 'NONE', ( #415 ), #3717, .F. );
#5180=ORIENTED_EDGE ( 'NONE', *, *, #181, .F. );
#5181=EDGE_CURVE ( 'NONE', #3203, #148, #3112, .T. );
#5182=EDGE_CURVE ( 'NONE', #3005, #4692, #4963, .T. );
#5183=ADVANCED_FACE ( 'NONE', ( #3308 ), #3995, .T. );
#5184=ORIENTED_EDGE ( 'NONE', *, *, #4473, .F. );
#5185=VERTEX_POINT ( 'NONE', #2260 );
#5186=LINE ( 'NONE', #771, #71 );
#5187=ORIENTED_EDGE ( 'NONE', *, *, #240, .F. );
#5188=CARTESIAN_POINT ( 'NONE',  ( -0.04099999999999978000, 0.1050000000000000400, -0.1324999999999999800 ) );
#5189=VERTEX_POINT ( 'NONE', #729 );
#5190=EDGE_CURVE ( 'NONE', #1480, #2494, #1728, .T. );
#5191=LINE ( 'NONE', #988, #270 );
#5192=ORIENTED_EDGE ( 'NONE', *, *, #2540, .F. );
#5193=LINE ( 'NONE', #3676, #498 );
#5194=LINE ( 'NONE', #1411, #498 );
#5195=ORIENTED_EDGE ( 'NONE', *, *, #5254, .F. );
#5196=VERTEX_POINT ( 'NONE', #5289 );
#5197=AXIS2_PLACEMENT_3D ( 'NONE', #3315, #235, #50 );
#5198=EDGE_CURVE ( 'NONE', #2835, #2110, #2905, .T. );
#5199=EDGE_CURVE ( 'NONE', #667, #1167, #3174, .T. );
#5200=FACE_OUTER_BOUND ( 'NONE', #1620, .T. );
#5201=EDGE_CURVE ( 'NONE', #4657, #293, #2661, .T. );
#5202=STYLED_ITEM ( 'NONE', ( #746 ), #3046 );
#5203=LINE ( 'NONE', #758, #498 );
#5204=ORIENTED_EDGE ( 'NONE', *, *, #1447, .F. );
#5205=ORIENTED_EDGE ( 'NONE', *, *, #4293, .T. );
#5206=ADVANCED_FACE ( 'NONE', ( #1652 ), #4164, .F. );
#5207=FACE_OUTER_BOUND ( 'NONE', #3344, .T. );
#5208=ADVANCED_FACE ( 'NONE', ( #4785 ), #3463, .T. );
#5209=ORIENTED_EDGE ( 'NONE', *, *, #4177, .F. );
#5210=CIRCLE ( 'NONE', #3812, 0.01750000000000001900 );
#5211=ORIENTED_EDGE ( 'NONE', *, *, #2849, .F. );
#5212=EDGE_CURVE ( 'NONE', #325, #319, #1859, .T. );
#5213=EDGE_CURVE ( 'NONE', #4808, #2223, #2720, .T. );
#5214=AXIS2_PLACEMENT_3D ( 'NONE', #1994, #1089, #343 );
#5215=EDGE_CURVE ( 'NONE', #3470, #2116, #387, .T. );
#5216=CARTESIAN_POINT ( 'NONE',  ( -0.2849999999999997000, 0.1150000000000000700, 0.1324999999999999800 ) );
#5217=ORIENTED_EDGE ( 'NONE', *, *, #2821, .T. );
#5218=LINE ( 'NONE', #298, #1218 );
#5219=VERTEX_POINT ( 'NONE', #2617 );
#5220=LINE ( 'NONE', #1135, #56 );
#5221=EDGE_CURVE ( 'NONE', #1490, #1103, #3303, .T. );
#5222=VERTEX_POINT ( 'NONE', #21 );
#5223=VERTEX_POINT ( 'NONE', #1583 );
#5224=EDGE_CURVE ( 'NONE', #1471, #1824, #459, .T. );
#5225=ORIENTED_EDGE ( 'NONE', *, *, #3645, .T. );
#5226=LINE ( 'NONE', #1191, #35 );
#5227=EDGE_LOOP ( 'NONE', ( #1154, #2586, #2257, #2568, #103, #4390, #1269, #1791 ) );
#5228=ORIENTED_EDGE ( 'NONE', *, *, #4104, .T. );
#5229=ORIENTED_EDGE ( 'NONE', *, *, #4754, .F. );
#5230=VERTEX_POINT ( 'NONE', #5378 );
#5231=PLANE ( 'NONE',  #3377 );
#5232=VERTEX_POINT ( 'NONE', #4156 );
#5233=VERTEX_POINT ( 'NONE', #1709 );
#5234=CARTESIAN_POINT ( 'NONE',  ( 0.3410000000000002500, -1.707404996040164500E-017, -0.1324999999999999800 ) );
#5235=AXIS2_PLACEMENT_3D ( 'NONE', #1102, #4842, #5273 );
#5236=LINE ( 'NONE', #394, #56 );
#5237=ORIENTED_EDGE ( 'NONE', *, *, #5389, .F. );
#5238=CARTESIAN_POINT ( 'NONE',  ( -0.1149999999999997300, 0.01199999999999995000, -0.1499999999999999900 ) );
#5239=LINE ( 'NONE', #1050, #1329 );
#5240=ORIENTED_EDGE ( 'NONE', *, *, #2734, .F. );
#5241=MECHANICAL_DESIGN_GEOMETRIC_PRESENTATION_REPRESENTATION (  '', ( #4559 ), #3509 );
#5242=ADVANCED_FACE ( 'NONE', ( #3168 ), #2655, .T. );
#5243=ADVANCED_FACE ( 'NONE', ( #3499 ), #3448, .F. );
#5244=STYLED_ITEM ( 'NONE', ( #746 ), #2812 );
#5245=EDGE_LOOP ( 'NONE', ( #1881, #3657, #2314, #4518 ) );
#5246=LINE ( 'NONE', #2148, #56 );
#5247=LINE ( 'NONE', #108, #56 );
#5248=ORIENTED_EDGE ( 'NONE', *, *, #1081, .T. );
#5249=ORIENTED_EDGE ( 'NONE', *, *, #2787, .T. );
#5250=CARTESIAN_POINT ( 'NONE',  ( 0.05900000000000024700, -1.707404996040164500E-017, 0.1499999999999999900 ) );
#5251=EDGE_CURVE ( 'NONE', #1950, #2424, #4536, .T. );
#5252=ADVANCED_FACE ( 'NONE', ( #496 ), #2156, .F. );
#5253=ORIENTED_EDGE ( 'NONE', *, *, #3161, .T. );
#5254=EDGE_CURVE ( 'NONE', #4480, #2292, #1223, .T. );
#5255=CARTESIAN_POINT ( 'NONE',  ( -0.2589999999999997300, -1.707404996040164500E-017, -0.1324999999999999800 ) );
#5256=LINE ( 'NONE', #482, #56 );
#5257=CARTESIAN_POINT ( 'NONE',  ( 0.3150000000000003400, -1.714505518806294100E-017, 0.1399999999999999900 ) );
#5258=VERTEX_POINT ( 'NONE', #5358 );
#5259=LINE ( 'NONE', #1287, #163 );
#5260=EDGE_CURVE ( 'NONE', #416, #2230, #3687, .T. );
#5261=EDGE_CURVE ( 'NONE', #4464, #2758, #2385, .T. );
#5262=ORIENTED_EDGE ( 'NONE', *, *, #90, .F. );
#5263=ORIENTED_EDGE ( 'NONE', *, *, #676, .T. );
#5264=VERTEX_POINT ( 'NONE', #375 );
#5265=ORIENTED_EDGE ( 'NONE', *, *, #1899, .F. );
#5266=LINE ( 'NONE', #2195, #408 );
#5267=DIRECTION ( 'NONE',  ( -6.076710444746643700E-016, -0.1305261922200518800, -0.9914448613738103800 ) );
#5268=AXIS2_PLACEMENT_3D ( 'NONE', #840, #2206, #911 );
#5269=ADVANCED_FACE ( 'NONE', ( #4166 ), #927, .F. );
#5270=ADVANCED_FACE ( 'NONE', ( #5440 ), #463, .F. );
#5271=CARTESIAN_POINT ( 'NONE',  ( 0.3270000000000003500, -1.707404996040164500E-017, 0.1499999999999999900 ) );
#5272=LINE ( 'NONE', #38, #163 );
#5273=DIRECTION ( 'NONE',  ( 0.0000000000000000000, 0.9914448613738103800, 0.1305261922200518800 ) );
#5274=MECHANICAL_DESIGN_GEOMETRIC_PRESENTATION_REPRESENTATION (  '', ( #1022 ), #1642 );
#5275=LINE ( 'NONE', #1571, #6 );
#5276=ORIENTED_EDGE ( 'NONE', *, *, #3501, .T. );
#5277=AXIS2_PLACEMENT_3D ( 'NONE', #1991, #875, #492 );
#5278=ORIENTED_EDGE ( 'NONE', *, *, #3828, .F. );
#5279=ADVANCED_FACE ( 'NONE', ( #4602 ), #32, .F. );
#5280=EDGE_LOOP ( 'NONE', ( #2588, #1610, #5204, #2514 ) );
#5281=LINE ( 'NONE', #1302, #2818 );
#5282=PLANE ( 'NONE',  #15 );
#5283=PLANE ( 'NONE',  #4168 );
#5284=ORIENTED_EDGE ( 'NONE', *, *, #1584, .T. );
#5285=EDGE_CURVE ( 'NONE', #5147, #2343, #2261, .T. );
#5286=EDGE_CURVE ( 'NONE', #1129, #4026, #1291, .T. );
#5287=EDGE_CURVE ( 'NONE', #3615, #2323, #5488, .T. );
#5288=ORIENTED_EDGE ( 'NONE', *, *, #3864, .T. );
#5289=CARTESIAN_POINT ( 'NONE',  ( 0.2150000000000003000, 0.09750000000000005900, -0.1399999999999999900 ) );
#5290=VERTEX_POINT ( 'NONE', #2521 );
#5291=EDGE_LOOP ( 'NONE', ( #3073, #5162, #3618, #3167 ) );
#5292=ORIENTED_EDGE ( 'NONE', *, *, #2234, .F. );
#5293=EDGE_CURVE ( 'NONE', #826, #3909, #5436, .T. );
#5294=CARTESIAN_POINT ( 'NONE',  ( 0.1850000000000003000, 0.01199999999999994800, -0.1499999999999999900 ) );
#5295=ORIENTED_EDGE ( 'NONE', *, *, #2399, .T. );
#5296=ORIENTED_EDGE ( 'NONE', *, *, #2850, .T. );
#5297=ORIENTED_EDGE ( 'NONE', *, *, #3704, .F. );
#5298=EDGE_LOOP ( 'NONE', ( #2404, #3025, #3291, #3446 ) );
#5299=CARTESIAN_POINT ( 'NONE',  ( -0.3410000000000002500, 0.09750000000000005900, 0.1324999999999999800 ) );
#5300=VERTEX_POINT ( 'NONE', #2553 );
#5301=ADVANCED_FACE ( 'NONE', ( #3989 ), #340, .F. );
#5302=CARTESIAN_POINT ( 'NONE',  ( 0.02700000000000035400, -1.707404996040164500E-017, -0.1499999999999999900 ) );
#5303=ORIENTED_EDGE ( 'NONE', *, *, #1002, .T. );
#5304=ORIENTED_EDGE ( 'NONE', *, *, #2900, .T. );
#5305=CARTESIAN_POINT ( 'NONE',  ( 0.0000000000000000000, 0.1999999999999999600, 0.02799999999999999700 ) );
#5306=VERTEX_POINT ( 'NONE', #350 );
#5307=ADVANCED_FACE ( 'NONE', ( #2902 ), #1976, .T. );
#5308=PLANE ( 'NONE',  #2313 );
#5309=CARTESIAN_POINT ( 'NONE',  ( 0.2270000000000003400, -1.778575257266404500E-017, -0.1499999999999999900 ) );
#5310=ORIENTED_EDGE ( 'NONE', *, *, #4428, .T. );
#5311=EDGE_LOOP ( 'NONE', ( #691, #3456, #2873, #3031, #2870, #1778, #1078, #626 ) );
#5312=EDGE_LOOP ( 'NONE', ( #4930, #237, #802, #1757 ) );
#5313=ORIENTED_EDGE ( 'NONE', *, *, #1389, .T. );
#5314=LINE ( 'NONE', #4193, #368 );
#5315=ORIENTED_EDGE ( 'NONE', *, *, #2691, .T. );
#5316=EDGE_CURVE ( 'NONE', #2758, #3021, #486, .T. );
#5317=ORIENTED_EDGE ( 'NONE', *, *, #4140, .F. );
#5318=EDGE_CURVE ( 'NONE', #3343, #3205, #1854, .T. );
#5319=LINE ( 'NONE', #3353, #3272 );
#5320=CARTESIAN_POINT ( 'NONE',  ( 0.3899999999999998500, 0.1999999999999999600, -0.1138095377050714100 ) );
#5321=ORIENTED_EDGE ( 'NONE', *, *, #2531, .T. );
#5322=CARTESIAN_POINT ( 'NONE',  ( -0.3590000000000002600, -0.1550000000000000000, 0.1499999999999999700 ) );
#5323=ORIENTED_EDGE ( 'NONE', *, *, #4465, .T. );
#5324=EDGE_LOOP ( 'NONE', ( #3926, #1582, #3137, #1820 ) );
#5325=ORIENTED_EDGE ( 'NONE', *, *, #5212, .T. );
#5326=LINE ( 'NONE', #1772, #1218 );
#5327=EDGE_CURVE ( 'NONE', #278, #1042, #4779, .T. );
#5328=FACE_OUTER_BOUND ( 'NONE', #2005, .T. );
#5329=EDGE_CURVE ( 'NONE', #702, #4228, #1429, .T. );
#5330=VERTEX_POINT ( 'NONE', #2051 );
#5331=ORIENTED_EDGE ( 'NONE', *, *, #676, .F. );
#5332=AXIS2_PLACEMENT_3D ( 'NONE', #650, #419, #1 );
#5333=PLANE ( 'NONE',  #3757 );
#5334=EDGE_LOOP ( 'NONE', ( #1842, #5423, #4386, #5453 ) );
#5335=AXIS2_PLACEMENT_3D ( 'NONE', #1112, #3689, #4445 );
#5336=ORIENTED_EDGE ( 'NONE', *, *, #3860, .T. );
#5337=EDGE_CURVE ( 'NONE', #2963, #3678, #3231, .T. );
#5338=CIRCLE ( 'NONE', #1204, 0.01750000000000001900 );
#5339=ORIENTED_EDGE ( 'NONE', *, *, #4606, .T. );
#5340=CARTESIAN_POINT ( 'NONE',  ( 0.1150000000000003100, 0.01200000000000005200, -0.1399999999999999900 ) );
#5341=LINE ( 'NONE', #1112, #1867 );
#5342=VERTEX_POINT ( 'NONE', #1657 );
#5343=FACE_OUTER_BOUND ( 'NONE', #4010, .T. );
#5344=ORIENTED_EDGE ( 'NONE', *, *, #2662, .F. );
#5345=ORIENTED_EDGE ( 'NONE', *, *, #5418, .F. );
#5346=ADVANCED_FACE ( 'NONE', ( #4953 ), #3910, .F. );
#5347=VERTEX_POINT ( 'NONE', #3147 );
#5348=ORIENTED_EDGE ( 'NONE', *, *, #5168, .T. );
#5349=LINE ( 'NONE', #809, #494 );
#5350=ORIENTED_EDGE ( 'NONE', *, *, #2797, .T. );
#5351=PLANE ( 'NONE',  #5004 );
#5352=VERTEX_POINT ( 'NONE', #199 );
#5353=ORIENTED_EDGE ( 'NONE', *, *, #4754, .T. );
#5354=EDGE_CURVE ( 'NONE', #1676, #1061, #2516, .T. );
#5355=ORIENTED_EDGE ( 'NONE', *, *, #1040, .F. );
#5356=ORIENTED_EDGE ( 'NONE', *, *, #3074, .T. );
#5357=LINE ( 'NONE', #2389, #498 );
#5358=CARTESIAN_POINT ( 'NONE',  ( 0.3270000000000003500, -1.707404996040164500E-017, -0.1499999999999999900 ) );
#5359=ORIENTED_EDGE ( 'NONE', *, *, #1826, .T. );
#5360=ORIENTED_EDGE ( 'NONE', *, *, #4641, .T. );
#5361=CARTESIAN_POINT ( 'NONE',  ( 0.05900000000000024700, -1.707404996040164500E-017, -0.1324999999999999800 ) );
#5362=ORIENTED_EDGE ( 'NONE', *, *, #5287, .T. );
#5363=ORIENTED_EDGE ( 'NONE', *, *, #1641, .T. );
#5364=EDGE_CURVE ( 'NONE', #2981, #5471, #781, .T. );
#5365=ORIENTED_EDGE ( 'NONE', *, *, #180, .F. );
#5366=ORIENTED_EDGE ( 'NONE', *, *, #3472, .F. );
#5367=ORIENTED_EDGE ( 'NONE', *, *, #1008, .F. );
#5368=ORIENTED_EDGE ( 'NONE', *, *, #2331, .T. );
#5369=LINE ( 'NONE', #716, #6 );
#5370=EDGE_CURVE ( 'NONE', #4061, #3594, #3928, .T. );
#5371=CARTESIAN_POINT ( 'NONE',  ( -0.2149999999999996900, 0.01199999999999995000, 0.1499999999999999900 ) );
#5372=EDGE_CURVE ( 'NONE', #5420, #3005, #2122, .T. );
#5373=AXIS2_PLACEMENT_3D ( 'NONE', #298, #875, #492 );
#5374=ORIENTED_EDGE ( 'NONE', *, *, #5286, .T. );
#5375=ORIENTED_EDGE ( 'NONE', *, *, #2789, .F. );
#5376=CARTESIAN_POINT ( 'NONE',  ( -0.1849999999999997500, 0.01200000000000005200, 0.1399999999999999900 ) );
#5377=ORIENTED_EDGE ( 'NONE', *, *, #274, .T. );
#5378=CARTESIAN_POINT ( 'NONE',  ( -0.1149999999999997300, 0.01199999999999995000, 0.1499999999999999900 ) );
#5379=ORIENTED_EDGE ( 'NONE', *, *, #4334, .F. );
#5380=ORIENTED_EDGE ( 'NONE', *, *, #2171, .T. );
#5381=FACE_OUTER_BOUND ( 'NONE', #3358, .T. );
#5382=ORIENTED_EDGE ( 'NONE', *, *, #1506, .T. );
#5383=LINE ( 'NONE', #4769, #6 );
#5384=PLANE ( 'NONE',  #239 );
#5385=PLANE ( 'NONE',  #1809 );
#5386=EDGE_LOOP ( 'NONE', ( #4826, #4591, #2696, #1253 ) );
#5387=ORIENTED_EDGE ( 'NONE', *, *, #2295, .T. );
#5388=EDGE_CURVE ( 'NONE', #4859, #3492, #3805, .T. );
#5389=EDGE_CURVE ( 'NONE', #3845, #1646, #1715, .T. );
#5390=ORIENTED_EDGE ( 'NONE', *, *, #3457, .F. );
#5391=EDGE_CURVE ( 'NONE', #3954, #833, #4895, .T. );
#5392=CARTESIAN_POINT ( 'NONE',  ( -0.1149999999999997300, 0.01199999999999995000, 0.1324999999999999800 ) );
#5393=VECTOR ( 'NONE', #3635, 39.37007874015748100 );
#5394=EDGE_CURVE ( 'NONE', #2387, #5233, #4596, .T. );
#5395=EDGE_CURVE ( 'NONE', #5306, #4128, #922, .T. );
#5396=VERTEX_POINT ( 'NONE', #1499 );
#5397=CARTESIAN_POINT ( 'NONE',  ( 0.1410000000000002600, -1.707404996040164500E-017, 0.1399999999999999900 ) );
#5398=EDGE_CURVE ( 'NONE', #278, #2354, #2450, .T. );
#5399=ORIENTED_EDGE ( 'NONE', *, *, #1525, .T. );
#5400=ORIENTED_EDGE ( 'NONE', *, *, #916, .F. );
#5401=FACE_OUTER_BOUND ( 'NONE', #3376, .T. );
#5402=LINE ( 'NONE', #720, #408 );
#5403=ORIENTED_EDGE ( 'NONE', *, *, #3108, .F. );
#5404=ORIENTED_EDGE ( 'NONE', *, *, #4073, .F. );
#5405=LINE ( 'NONE', #1748, #71 );
#5406=VERTEX_POINT ( 'NONE', #3330 );
#5407=EDGE_CURVE ( 'NONE', #4683, #2679, #4712, .T. );
#5408=ORIENTED_EDGE ( 'NONE', *, *, #4215, .F. );
#5409=VERTEX_POINT ( 'NONE', #4477 );
#5410=EDGE_CURVE ( 'NONE', #2258, #3678, #797, .T. );
#5411=ORIENTED_EDGE ( 'NONE', *, *, #2203, .F. );
#5412=CIRCLE ( 'NONE', #3578, 0.01750000000000001900 );
#5413=ORIENTED_EDGE ( 'NONE', *, *, #541, .T. );
#5414=ORIENTED_EDGE ( 'NONE', *, *, #444, .F. );
#5415=ORIENTED_EDGE ( 'NONE', *, *, #1160, .F. );
#5416=ORIENTED_EDGE ( 'NONE', *, *, #5105, .T. );
#5417=CARTESIAN_POINT ( 'NONE',  ( -0.1409999999999998200, -1.707404996040164500E-017, 0.1499999999999999900 ) );
#5418=EDGE_CURVE ( 'NONE', #4266, #808, #5132, .T. );
#5419=ORIENTED_EDGE ( 'NONE', *, *, #2880, .F. );
#5420=VERTEX_POINT ( 'NONE', #5165 );
#5421=ADVANCED_FACE ( 'NONE', ( #3985 ), #3564, .F. );
#5422=CARTESIAN_POINT ( 'NONE',  ( -0.2729999999999996300, -1.707404996040164500E-017, -0.1499999999999999900 ) );
#5423=ORIENTED_EDGE ( 'NONE', *, *, #448, .T. );
#5424=ORIENTED_EDGE ( 'NONE', *, *, #313, .T. );
#5425=ORIENTED_EDGE ( 'NONE', *, *, #4177, .T. );
#5426=CYLINDRICAL_SURFACE ( 'NONE', #624, 0.007499999999999988400 );
#5427=ORIENTED_EDGE ( 'NONE', *, *, #2204, .F. );
#5428=LINE ( 'NONE', #720, #2781 );
#5429=EDGE_CURVE ( 'NONE', #1532, #1106, #5088, .T. );
#5430=EDGE_CURVE ( 'NONE', #2590, #2043, #3182, .T. );
#5431=PRESENTATION_LAYER_ASSIGNMENT (  '', '', ( #1148 ) );
#5432=CARTESIAN_POINT ( 'NONE',  ( 0.3150000000000003400, 0.01200000000000005200, 0.1499999999999999900 ) );
#5433=ORIENTED_EDGE ( 'NONE', *, *, #652, .T. );
#5434=ORIENTED_EDGE ( 'NONE', *, *, #3218, .T. );
#5435=EDGE_LOOP ( 'NONE', ( #120, #5403, #1241, #2519 ) );
#5436=LINE ( 'NONE', #933, #56 );
#5437=VERTEX_POINT ( 'NONE', #5302 );
#5438=EDGE_CURVE ( 'NONE', #4915, #3280, #2065, .T. );
#5439=VERTEX_POINT ( 'NONE', #1254 );
#5440=FACE_OUTER_BOUND ( 'NONE', #1669, .T. );
#5441=ORIENTED_EDGE ( 'NONE', *, *, #3184, .F. );
#5442=ADVANCED_FACE ( 'NONE', ( #2529 ), #4000, .F. );
#5443=LINE ( 'NONE', #2591, #250 );
#5444=FACE_OUTER_BOUND ( 'NONE', #4604, .T. );
#5445=PLANE ( 'NONE',  #1961 );
#5446=LINE ( 'NONE', #443, #250 );
#5447=ORIENTED_EDGE ( 'NONE', *, *, #2081, .F. );
#5448=ORIENTED_EDGE ( 'NONE', *, *, #4832, .T. );
#5449=LINE ( 'NONE', #3624, #6 );
#5450=ORIENTED_EDGE ( 'NONE', *, *, #1768, .T. );
#5451=ORIENTED_EDGE ( 'NONE', *, *, #4243, .F. );
#5452=LINE ( 'NONE', #733, #24 );
#5453=ORIENTED_EDGE ( 'NONE', *, *, #1862, .F. );
#5454=LINE ( 'NONE', #3608, #494 );
#5455=CIRCLE ( 'NONE', #4203, 0.007499999999999988400 );
#5456=AXIS2_PLACEMENT_3D ( 'NONE', #2098, #10, #20 );
#5457=ORIENTED_EDGE ( 'NONE', *, *, #3075, .T. );
#5458=ORIENTED_EDGE ( 'NONE', *, *, #4961, .F. );
#5459=CIRCLE ( 'NONE', #1795, 0.007499999999999988400 );
#5460=ORIENTED_EDGE ( 'NONE', *, *, #4073, .T. );
#5461=ORIENTED_EDGE ( 'NONE', *, *, #4250, .T. );
#5462=ORIENTED_EDGE ( 'NONE', *, *, #2909, .F. );
#5463=EDGE_CURVE ( 'NONE', #4692, #1970, #1929, .T. );
#5464=LINE ( 'NONE', #756, #6 );
#5465=ORIENTED_EDGE ( 'NONE', *, *, #5199, .F. );
#5466=ORIENTED_EDGE ( 'NONE', *, *, #2828, .F. );
#5467=LINE ( 'NONE', #1102, #2954 );
#5468=EDGE_LOOP ( 'NONE', ( #2058, #3612, #4091, #287 ) );
#5469=EDGE_CURVE ( 'NONE', #201, #1877, #4047, .T. );
#5470=VERTEX_POINT ( 'NONE', #1100 );
#5471=VERTEX_POINT ( 'NONE', #5271 );
#5472=FACE_OUTER_BOUND ( 'NONE', #3802, .T. );
#5473=LINE ( 'NONE', #93, #6 );
#5474=ORIENTED_EDGE ( 'NONE', *, *, #5175, .F. );
#5475=LINE ( 'NONE', #4183, #146 );
#5476=ADVANCED_FACE ( 'NONE', ( #424 ), #5283, .F. );
#5477=VERTEX_POINT ( 'NONE', #276 );
#5478=PLANE ( 'NONE',  #3442 );
#5479=ORIENTED_EDGE ( 'NONE', *, *, #3128, .T. );
#5480=VECTOR ( 'NONE', #4908, 39.37007874015748100 );
#5481=ORIENTED_EDGE ( 'NONE', *, *, #3951, .F. );
#5482=VERTEX_POINT ( 'NONE', #4904 );
#5483=LINE ( 'NONE', #2757, #56 );
#5484=ORIENTED_EDGE ( 'NONE', *, *, #2142, .T. );
#5485=MECHANICAL_DESIGN_GEOMETRIC_PRESENTATION_REPRESENTATION (  '', ( #3943 ), #4289 );
#5486=ORIENTED_EDGE ( 'NONE', *, *, #1472, .F. );
#5487=ORIENTED_EDGE ( 'NONE', *, *, #5354, .F. );
#5488=LINE ( 'NONE', #252, #1498 );
#5489=ORIENTED_EDGE ( 'NONE', *, *, #4723, .T. );
#5490=ORIENTED_EDGE ( 'NONE', *, *, #1918, .F. );
#5491=EDGE_CURVE ( 'NONE', #1813, #2434, #3243, .T. );
#5492=ORIENTED_EDGE ( 'NONE', *, *, #4481, .F. );
#5493=EDGE_CURVE ( 'NONE', #1589, #891, #1303, .T. );
#5494=LINE ( 'NONE', #669, #56 );
#5495=EDGE_CURVE ( 'NONE', #2953, #1833, #4607, .T. );
#5496=EDGE_LOOP ( 'NONE', ( #770, #162, #5408, #5124 ) );
#5497=ADVANCED_FACE ( 'NONE', ( #4173 ), #4219, .F. );
#5498=ORIENTED_EDGE ( 'NONE', *, *, #4640, .T. );
ENDSEC;
END-ISO-10303-21;
