ISO-10303-21;
HEADER;
FILE_DESCRIPTION((''),'2;1');
FILE_NAME('DBQ0016A_ASM','2013-10-01T',('a0412025'),(''),
'PRO/ENGINEER BY PARAMETRIC TECHNOLOGY CORPORATION, 2011490',
'PRO/ENGINEER BY PARAMETRIC TECHNOLOGY CORPORATION, 2011490','');
FILE_SCHEMA(('AUTOMOTIVE_DESIGN_CC2 { 1 2 10303 214 -1 1 5 2 }'));
ENDSEC;
DATA;
#1=COLOUR_RGB('',0.E0,4.3E-1,1.E0);
#2=COLOUR_RGB('',0.E0,6.6E-1,0.E0);
#3=COLOUR_RGB('',1.1E-2,1.2E-2,1.E0);
#4=COLOUR_RGB('',1.1E-1,1.1E-1,1.1E-1);
#5=COLOUR_RGB('',1.29412E-1,5.E-2,1.E-1);
#6=COLOUR_RGB('',1.80392E-1,2.7451E-1,9.8039E-2);
#7=COLOUR_RGB('',2.54902E-1,5.4902E-1,0.E0);
#8=COLOUR_RGB('',2.7451E-1,2.7451E-1,2.7451E-1);
#9=COLOUR_RGB('',3.E-1,1.29412E-1,2.5098E-1);
#10=COLOUR_RGB('',3.13725E-1,3.13725E-1,3.13725E-1);
#11=COLOUR_RGB('',3.45098E-1,1.33333E-1,7.8431E-2);
#12=COLOUR_RGB('',3.5E-1,3.5E-1,3.5E-1);
#13=COLOUR_RGB('',3.52941E-1,3.52941E-1,3.52941E-1);
#14=COLOUR_RGB('',3.72549E-1,3.72549E-1,3.72549E-1);
#15=COLOUR_RGB('',3.92157E-1,3.56863E-1,3.52941E-1);
#16=COLOUR_RGB('',3.92157E-1,3.92157E-1,3.92157E-1);
#17=COLOUR_RGB('',3.92E-1,4.35294E-1,4.86275E-1);
#18=COLOUR_RGB('',4.1E-1,0.E0,2.2E-1);
#19=COLOUR_RGB('',4.31373E-1,4.31373E-1,4.31373E-1);
#20=COLOUR_RGB('',5.09804E-1,3.92157E-1,2.54902E-1);
#21=COLOUR_RGB('',5.09804E-1,3.96078E-1,1.05882E-1);
#22=COLOUR_RGB('',5.09804E-1,4.90196E-1,4.66667E-1);
#23=COLOUR_RGB('',5.7E-1,0.E0,1.E0);
#24=COLOUR_RGB('',5.9E-1,3.E-1,0.E0);
#25=COLOUR_RGB('',6.E-1,6.E-1,6.E-1);
#26=COLOUR_RGB('',6.9E-1,0.E0,0.E0);
#27=COLOUR_RGB('',7.E-1,7.E-1,7.E-1);
#28=COLOUR_RGB('',8.27451E-1,3.29412E-1,7.0588E-2);
#29=COLOUR_RGB('',8.39216E-1,8.90196E-1,7.68627E-1);
#30=COLOUR_RGB('',8.784E-1,9.49E-1,1.E0);
#31=COLOUR_RGB('',8.9E-1,9.2E-1,9.4E-1);
#32=COLOUR_RGB('',9.6E-1,9.6E-1,9.6E-1);
#33=COLOUR_RGB('',9.8E-1,6.27E-1,0.E0);
#34=COLOUR_RGB('',9.80392E-1,9.80392E-1,9.80392E-1);
#35=COLOUR_RGB('',9.9E-1,1.E0,0.E0);
#36=COLOUR_RGB('',1.E0,5.E-1,0.E0);
#37=COLOUR_RGB('',1.E0,7.17647E-1,0.E0);
#38=COLOUR_RGB('',1.E0,7.84314E-1,0.E0);
#39=COLOUR_RGB('',1.E0,1.E0,9.49E-1);
#40=DRAUGHTING_PRE_DEFINED_COLOUR('white');
#41=STYLED_ITEM('',(#2637),#2631);
#42=CARTESIAN_POINT('',(9.05E-2,0.E0,7.1E-2));
#43=DIRECTION('',(0.E0,-1.E0,0.E0));
#44=DIRECTION('',(9.998846178083E-1,0.E0,1.519049276109E-2));
#45=AXIS2_PLACEMENT_3D('',#42,#43,#44);
#46=CIRCLE('',#45,6.E-3);
#47=DRAUGHTING_PRE_DEFINED_CURVE_FONT('continuous');
#48=CURVE_STYLE('',#47,POSITIVE_LENGTH_MEASURE(2.E-2),#8);
#49=PRESENTATION_STYLE_ASSIGNMENT((#48));
#50=STYLED_ITEM('',(#49),#46);
#51=CARTESIAN_POINT('',(9.649973517220E-2,2.959223378660E-8,7.109114431406E-2));
#52=CARTESIAN_POINT('',(9.649973517220E-2,2.959223378660E-8,7.124967861821E-2));
#53=CARTESIAN_POINT('',(9.648777882597E-2,-1.373380349664E-8,7.156483857908E-2));
#54=CARTESIAN_POINT('',(9.643250835324E-2,3.679961558345E-9,7.203309204692E-2));
#55=CARTESIAN_POINT('',(9.634147252563E-2,-9.860427367367E-10,7.249307202741E-2));
#56=CARTESIAN_POINT('',(9.621523861915E-2,2.642093886020E-10,7.294246273020E-2));
#57=CARTESIAN_POINT('',(9.605485201340E-2,-7.079481767130E-11,7.337870893419E-2));
#58=CARTESIAN_POINT('',(9.586142323770E-2,1.896988208319E-11,7.379946051722E-2));
#59=CARTESIAN_POINT('',(9.563621567621E-2,-5.084710661483E-12,7.420246718489E-2));
#60=CARTESIAN_POINT('',(9.538060774919E-2,1.368960562737E-12,7.458559928203E-2));
#61=CARTESIAN_POINT('',(9.509609169379E-2,-3.911315894666E-13,7.494683757297E-2));
#62=CARTESIAN_POINT('',(9.478426513872E-2,1.955657951290E-13,7.528427231669E-2));
#63=CARTESIAN_POINT('',(9.444682975895E-2,-3.911315910495E-13,7.559609838316E-2));
#64=CARTESIAN_POINT('',(9.408559062082E-2,1.368960569069E-12,7.588061401119E-2));
#65=CARTESIAN_POINT('',(9.370245945041E-2,-5.084710685226E-12,7.613622035967E-2));
#66=CARTESIAN_POINT('',(9.329945351903E-2,1.896988217183E-11,7.636142674150E-2));
#67=CARTESIAN_POINT('',(9.287870435674E-2,-7.079481800211E-11,7.655485379770E-2));
#68=CARTESIAN_POINT('',(9.244246104725E-2,2.642093898366E-10,7.671523912155E-2));
#69=CARTESIAN_POINT('',(9.199307048759E-2,-9.860427413444E-10,7.684147289004E-2));
#70=CARTESIAN_POINT('',(9.153309125255E-2,3.679961575541E-9,7.693250845689E-2));
#71=CARTESIAN_POINT('',(9.106483823373E-2,-1.373380356082E-8,7.698777884441E-2));
#72=CARTESIAN_POINT('',(9.074967852001E-2,2.959223392488E-8,7.699973517220E-2));
#73=CARTESIAN_POINT('',(9.059114431436E-2,2.959223392488E-8,7.699973517220E-2));
#74=B_SPLINE_CURVE_WITH_KNOTS('',3,(#51,#52,#53,#54,#55,#56,#57,#58,#59,#60,#61,#62,#63,#64,#65,#66,#67,#68,#69,#70,#71,#72,#73),.UNSPECIFIED.,.F.,.F.,(4,1,1,1,1,1,1,1,1,1,1,1,1,1,1,1,1,1,1,1,4),(0.E0,5.E-2,1.E-1,1.5E-1,2.E-1,2.5E-1,3.E-1,3.5E-1,4.E-1,4.5E-1,5.E-1,5.5E-1,6.E-1,6.5E-1,7.E-1,7.5E-1,8.E-1,8.5E-1,9.E-1,9.5E-1,1.E0),.UNSPECIFIED.);
#75=STYLED_ITEM('',(#49),#74);
#76=CARTESIAN_POINT('',(-9.05E-2,0.E0,7.1E-2));
#77=DIRECTION('',(-1.519049276109E-2,0.E0,9.998846178083E-1));
#78=AXIS2_PLACEMENT_3D('',#76,#43,#77);
#79=CIRCLE('',#78,6.E-3);
#80=STYLED_ITEM('',(#49),#79);
#81=CARTESIAN_POINT('',(-9.059114431406E-2,2.959223379007E-8,7.699973517220E-2));
#82=CARTESIAN_POINT('',(-9.074967861821E-2,2.959223379007E-8,7.699973517220E-2));
#83=CARTESIAN_POINT('',(-9.106483857908E-2,-1.373380349825E-8,7.698777882597E-2));
#84=CARTESIAN_POINT('',(-9.153309204692E-2,3.679961558776E-9,7.693250835324E-2));
#85=CARTESIAN_POINT('',(-9.199307202741E-2,-9.860427368523E-10,7.684147252563E-2));
#86=CARTESIAN_POINT('',(-9.244246273020E-2,2.642093886330E-10,7.671523861915E-2));
#87=CARTESIAN_POINT('',(-9.287870893419E-2,-7.079481767960E-11,7.655485201340E-2));
#88=CARTESIAN_POINT('',(-9.329946051722E-2,1.896988208542E-11,7.636142323770E-2));
#89=CARTESIAN_POINT('',(-9.370246718489E-2,-5.084710662079E-12,7.613621567621E-2));
#90=CARTESIAN_POINT('',(-9.408559928203E-2,1.368960562898E-12,7.588060774919E-2));
#91=CARTESIAN_POINT('',(-9.444683757297E-2,-3.911315895125E-13,7.559609169379E-2));
#92=CARTESIAN_POINT('',(-9.478427231669E-2,1.955657951519E-13,7.528426513872E-2));
#93=CARTESIAN_POINT('',(-9.509609838316E-2,-3.911315910952E-13,7.494682975895E-2));
#94=CARTESIAN_POINT('',(-9.538061401119E-2,1.368960569229E-12,7.458559062082E-2));
#95=CARTESIAN_POINT('',(-9.563622035967E-2,-5.084710685820E-12,7.420245945041E-2));
#96=CARTESIAN_POINT('',(-9.586142674150E-2,1.896988217405E-11,7.379945351903E-2));
#97=CARTESIAN_POINT('',(-9.605485379770E-2,-7.079481801038E-11,7.337870435674E-2));
#98=CARTESIAN_POINT('',(-9.621523912155E-2,2.642093898675E-10,7.294246104725E-2));
#99=CARTESIAN_POINT('',(-9.634147289004E-2,-9.860427414595E-10,7.249307048759E-2));
#100=CARTESIAN_POINT('',(-9.643250845689E-2,3.679961575971E-9,7.203309125255E-2));
#101=CARTESIAN_POINT('',(-9.648777884441E-2,-1.373380356242E-8,7.156483823373E-2));
#102=CARTESIAN_POINT('',(-9.649973517220E-2,2.959223392834E-8,7.124967852001E-2));
#103=CARTESIAN_POINT('',(-9.649973517220E-2,2.959223392834E-8,7.109114431436E-2));
#104=B_SPLINE_CURVE_WITH_KNOTS('',3,(#81,#82,#83,#84,#85,#86,#87,#88,#89,#90,#91,#92,#93,#94,#95,#96,#97,#98,#99,#100,#101,#102,#103),.UNSPECIFIED.,.F.,.F.,(4,1,1,1,1,1,1,1,1,1,1,1,1,1,1,1,1,1,1,1,4),(0.E0,5.E-2,1.E-1,1.5E-1,2.E-1,2.5E-1,3.E-1,3.5E-1,4.E-1,4.5E-1,5.E-1,5.5E-1,6.E-1,6.5E-1,7.E-1,7.5E-1,8.E-1,8.5E-1,9.E-1,9.5E-1,1.E0),.UNSPECIFIED.);
#105=STYLED_ITEM('',(#49),#104);
#106=CARTESIAN_POINT('',(9.05E-2,0.E0,-7.1E-2));
#107=DIRECTION('',(1.519049276109E-2,0.E0,-9.998846178083E-1));
#108=AXIS2_PLACEMENT_3D('',#106,#43,#107);
#109=CIRCLE('',#108,6.E-3);
#110=STYLED_ITEM('',(#49),#109);
#111=CARTESIAN_POINT('',(9.059114431406E-2,2.959223379292E-8,-7.699973517220E-2));
#112=CARTESIAN_POINT('',(9.074967861821E-2,2.959223379292E-8,-7.699973517220E-2));
#113=CARTESIAN_POINT('',(9.106483857908E-2,-1.373380349958E-8,-7.698777882597E-2));
#114=CARTESIAN_POINT('',(9.153309204692E-2,3.679961559131E-9,-7.693250835324E-2));
#115=CARTESIAN_POINT('',(9.199307202741E-2,-9.860427369473E-10,-7.684147252563E-2));
#116=CARTESIAN_POINT('',(9.244246273020E-2,2.642093886584E-10,-7.671523861915E-2));
#117=CARTESIAN_POINT('',(9.287870893419E-2,-7.079481768642E-11,-7.655485201340E-2));
#118=CARTESIAN_POINT('',(9.329946051722E-2,1.896988208725E-11,-7.636142323770E-2));
#119=CARTESIAN_POINT('',(9.370246718489E-2,-5.084710662569E-12,-7.613621567621E-2));
#120=CARTESIAN_POINT('',(9.408559928203E-2,1.368960563030E-12,-7.588060774919E-2));
#121=CARTESIAN_POINT('',(9.444683757297E-2,-3.911315895507E-13,-7.559609169379E-2));
#122=CARTESIAN_POINT('',(9.478427231669E-2,1.955657951729E-13,-7.528426513872E-2));
#123=CARTESIAN_POINT('',(9.509609838316E-2,-3.911315911408E-13,-7.494682975895E-2));
#124=CARTESIAN_POINT('',(9.538061401119E-2,1.368960569390E-12,-7.458559062082E-2));
#125=CARTESIAN_POINT('',(9.563622035967E-2,-5.084710686420E-12,-7.420245945041E-2));
#126=CARTESIAN_POINT('',(9.586142674150E-2,1.896988217629E-11,-7.379945351903E-2));
#127=CARTESIAN_POINT('',(9.605485379770E-2,-7.079481801875E-11,-7.337870435674E-2));
#128=CARTESIAN_POINT('',(9.621523912155E-2,2.642093898987E-10,-7.294246104725E-2));
#129=CARTESIAN_POINT('',(9.634147289004E-2,-9.860427415760E-10,-7.249307048759E-2));
#130=CARTESIAN_POINT('',(9.643250845689E-2,3.679961576405E-9,-7.203309125255E-2));
#131=CARTESIAN_POINT('',(9.648777884441E-2,-1.373380356405E-8,-7.156483823373E-2));
#132=CARTESIAN_POINT('',(9.649973517220E-2,2.959223393184E-8,-7.124967852001E-2));
#133=CARTESIAN_POINT('',(9.649973517220E-2,2.959223393184E-8,-7.109114431436E-2));
#134=B_SPLINE_CURVE_WITH_KNOTS('',3,(#111,#112,#113,#114,#115,#116,#117,#118,#119,#120,#121,#122,#123,#124,#125,#126,#127,#128,#129,#130,#131,#132,#133),.UNSPECIFIED.,.F.,.F.,(4,1,1,1,1,1,1,1,1,1,1,1,1,1,1,1,1,1,1,1,4),(0.E0,5.E-2,1.E-1,1.5E-1,2.E-1,2.5E-1,3.E-1,3.5E-1,4.E-1,4.5E-1,5.E-1,5.5E-1,6.E-1,6.5E-1,7.E-1,7.5E-1,8.E-1,8.5E-1,9.E-1,9.5E-1,1.E0),.UNSPECIFIED.);
#135=STYLED_ITEM('',(#49),#134);
#136=CARTESIAN_POINT('',(-9.05E-2,0.E0,-7.1E-2));
#137=DIRECTION('',(-9.998846178083E-1,0.E0,-1.519049276109E-2));
#138=AXIS2_PLACEMENT_3D('',#136,#43,#137);
#139=CIRCLE('',#138,6.E-3);
#140=STYLED_ITEM('',(#49),#139);
#141=CARTESIAN_POINT('',(-9.649973517220E-2,2.959223378660E-8,-7.109114431406E-2));
#142=CARTESIAN_POINT('',(-9.649973517220E-2,2.959223378660E-8,-7.124967861821E-2));
#143=CARTESIAN_POINT('',(-9.648777882597E-2,-1.373380349664E-8,-7.156483857908E-2));
#144=CARTESIAN_POINT('',(-9.643250835324E-2,3.679961558345E-9,-7.203309204692E-2));
#145=CARTESIAN_POINT('',(-9.634147252563E-2,-9.860427367367E-10,-7.249307202741E-2));
#146=CARTESIAN_POINT('',(-9.621523861915E-2,2.642093886020E-10,-7.294246273020E-2));
#147=CARTESIAN_POINT('',(-9.605485201340E-2,-7.079481767130E-11,-7.337870893419E-2));
#148=CARTESIAN_POINT('',(-9.586142323770E-2,1.896988208319E-11,-7.379946051722E-2));
#149=CARTESIAN_POINT('',(-9.563621567621E-2,-5.084710661483E-12,-7.420246718489E-2));
#150=CARTESIAN_POINT('',(-9.538060774919E-2,1.368960562737E-12,-7.458559928203E-2));
#151=CARTESIAN_POINT('',(-9.509609169379E-2,-3.911315894666E-13,-7.494683757297E-2));
#152=CARTESIAN_POINT('',(-9.478426513872E-2,1.955657951290E-13,-7.528427231669E-2));
#153=CARTESIAN_POINT('',(-9.444682975895E-2,-3.911315910495E-13,-7.559609838316E-2));
#154=CARTESIAN_POINT('',(-9.408559062082E-2,1.368960569069E-12,-7.588061401119E-2));
#155=CARTESIAN_POINT('',(-9.370245945041E-2,-5.084710685226E-12,-7.613622035967E-2));
#156=CARTESIAN_POINT('',(-9.329945351903E-2,1.896988217183E-11,-7.636142674150E-2));
#157=CARTESIAN_POINT('',(-9.287870435674E-2,-7.079481800211E-11,-7.655485379770E-2));
#158=CARTESIAN_POINT('',(-9.244246104725E-2,2.642093898366E-10,-7.671523912155E-2));
#159=CARTESIAN_POINT('',(-9.199307048759E-2,-9.860427413444E-10,-7.684147289004E-2));
#160=CARTESIAN_POINT('',(-9.153309125255E-2,3.679961575541E-9,-7.693250845689E-2));
#161=CARTESIAN_POINT('',(-9.106483823373E-2,-1.373380356082E-8,-7.698777884441E-2));
#162=CARTESIAN_POINT('',(-9.074967852001E-2,2.959223392488E-8,-7.699973517220E-2));
#163=CARTESIAN_POINT('',(-9.059114431436E-2,2.959223392488E-8,-7.699973517220E-2));
#164=B_SPLINE_CURVE_WITH_KNOTS('',3,(#141,#142,#143,#144,#145,#146,#147,#148,#149,#150,#151,#152,#153,#154,#155,#156,#157,#158,#159,#160,#161,#162,#163),.UNSPECIFIED.,.F.,.F.,(4,1,1,1,1,1,1,1,1,1,1,1,1,1,1,1,1,1,1,1,4),(0.E0,5.E-2,1.E-1,1.5E-1,2.E-1,2.5E-1,3.E-1,3.5E-1,4.E-1,4.5E-1,5.E-1,5.5E-1,6.E-1,6.5E-1,7.E-1,7.5E-1,8.E-1,8.5E-1,9.E-1,9.5E-1,1.E0),.UNSPECIFIED.);
#165=STYLED_ITEM('',(#49),#164);
#166=CARTESIAN_POINT('',(9.65E-2,-8.E-3,7.1E-2));
#167=CARTESIAN_POINT('',(9.65E-2,-8.E-3,7.103038449398E-2));
#168=CARTESIAN_POINT('',(9.649974039008E-2,-8.E-3,7.106076504016E-2));
#169=CARTESIAN_POINT('',(9.649974039008E-2,-8.E-3,7.109114953414E-2));
#170=B_SPLINE_CURVE_WITH_KNOTS('',3,(#166,#167,#168,#169),.UNSPECIFIED.,.F.,.F.,(4,4),(0.E0,1.E0),.UNSPECIFIED.);
#171=STYLED_ITEM('',(#49),#170);
#172=CARTESIAN_POINT('',(9.059114953393E-2,-8.E-3,7.699974039008E-2));
#173=CARTESIAN_POINT('',(9.056076503996E-2,-8.E-3,7.699974039008E-2));
#174=CARTESIAN_POINT('',(9.053038449398E-2,-8.E-3,7.7E-2));
#175=CARTESIAN_POINT('',(9.05E-2,-8.E-3,7.7E-2));
#176=B_SPLINE_CURVE_WITH_KNOTS('',3,(#172,#173,#174,#175),.UNSPECIFIED.,.F.,.F.,(4,4),(0.E0,1.E0),.UNSPECIFIED.);
#177=STYLED_ITEM('',(#49),#176);
#178=DIRECTION('',(0.E0,-1.E0,1.682681771698E-13));
#179=VECTOR('',#178,8.E-3);
#180=CARTESIAN_POINT('',(9.65E-2,0.E0,7.1E-2));
#181=LINE('',#180,#179);
#182=STYLED_ITEM('',(#49),#181);
#183=DIRECTION('',(1.710758635324E-1,9.702895685258E-1,1.710882875201E-1));
#184=VECTOR('',#183,2.099191914243E-2);
#185=CARTESIAN_POINT('',(9.290852969559E-2,-2.836824016724E-2,6.749967803630E-2));
#186=LINE('',#185,#184);
#187=STYLED_ITEM('',(#49),#186);
#188=DIRECTION('',(1.710758631094E-1,9.702895654432E-1,-1.710883054255E-1));
#189=VECTOR('',#188,2.099191915299E-2);
#190=CARTESIAN_POINT('',(9.290852970266E-2,-2.836824011278E-2,-6.749967765842E-2));
#191=LINE('',#190,#189);
#192=STYLED_ITEM('',(#49),#191);
#193=CARTESIAN_POINT('',(-9.05E-2,-8.E-3,-7.1E-2));
#194=DIRECTION('',(-9.998846178073E-1,0.E0,-1.519049282973E-2));
#195=AXIS2_PLACEMENT_3D('',#193,#43,#194);
#196=CIRCLE('',#195,6.E-3);
#197=STYLED_ITEM('',(#49),#196);
#198=CARTESIAN_POINT('',(-9.059114953393E-2,-8.E-3,-7.699974039008E-2));
#199=CARTESIAN_POINT('',(-9.074968383809E-2,-8.E-3,-7.699974039008E-2));
#200=CARTESIAN_POINT('',(-9.106483615653E-2,-8.E-3,-7.698777640435E-2));
#201=CARTESIAN_POINT('',(-9.153309269604E-2,-8.E-3,-7.693250900211E-2));
#202=CARTESIAN_POINT('',(-9.199307185348E-2,-8.E-3,-7.684147235177E-2));
#203=CARTESIAN_POINT('',(-9.244246277681E-2,-8.E-3,-7.671523866574E-2));
#204=CARTESIAN_POINT('',(-9.287870892170E-2,-8.E-3,-7.655485200092E-2));
#205=CARTESIAN_POINT('',(-9.329946052056E-2,-8.E-3,-7.636142324105E-2));
#206=CARTESIAN_POINT('',(-9.370246718399E-2,-8.E-3,-7.613621567532E-2));
#207=CARTESIAN_POINT('',(-9.408559928228E-2,-8.E-3,-7.588060774943E-2));
#208=CARTESIAN_POINT('',(-9.444683757290E-2,-8.E-3,-7.559609169372E-2));
#209=CARTESIAN_POINT('',(-9.478427231672E-2,-8.E-3,-7.528426513876E-2));
#210=CARTESIAN_POINT('',(-9.509609838309E-2,-8.E-3,-7.494682975888E-2));
#211=CARTESIAN_POINT('',(-9.538061401143E-2,-8.E-3,-7.458559062106E-2));
#212=CARTESIAN_POINT('',(-9.563622035878E-2,-8.E-3,-7.420245944952E-2));
#213=CARTESIAN_POINT('',(-9.586142674484E-2,-8.E-3,-7.379945352237E-2));
#214=CARTESIAN_POINT('',(-9.605485378522E-2,-8.E-3,-7.337870434425E-2));
#215=CARTESIAN_POINT('',(-9.621523916813E-2,-8.E-3,-7.294246109386E-2));
#216=CARTESIAN_POINT('',(-9.634147271618E-2,-8.E-3,-7.249307031366E-2));
#217=CARTESIAN_POINT('',(-9.643250910576E-2,-8.E-3,-7.203309190166E-2));
#218=CARTESIAN_POINT('',(-9.648777642278E-2,-8.E-3,-7.156483581123E-2));
#219=CARTESIAN_POINT('',(-9.649974039008E-2,-8.E-3,-7.124968373978E-2));
#220=CARTESIAN_POINT('',(-9.649974039008E-2,-8.E-3,-7.109114953414E-2));
#221=B_SPLINE_CURVE_WITH_KNOTS('',3,(#198,#199,#200,#201,#202,#203,#204,#205,#206,#207,#208,#209,#210,#211,#212,#213,#214,#215,#216,#217,#218,#219,#220),.UNSPECIFIED.,.F.,.F.,(4,1,1,1,1,1,1,1,1,1,1,1,1,1,1,1,1,1,1,1,4),(0.E0,5.E-2,1.E-1,1.5E-1,2.E-1,2.5E-1,3.E-1,3.5E-1,4.E-1,4.5E-1,5.E-1,5.5E-1,6.E-1,6.5E-1,7.E-1,7.5E-1,8.E-1,8.5E-1,9.E-1,9.5E-1,1.E0),.UNSPECIFIED.);
#222=STYLED_ITEM('',(#49),#221);
#223=CARTESIAN_POINT('',(-9.05E-2,-8.E-3,7.1E-2));
#224=DIRECTION('',(-1.519049282974E-2,0.E0,9.998846178073E-1));
#225=AXIS2_PLACEMENT_3D('',#223,#43,#224);
#226=CIRCLE('',#225,6.E-3);
#227=STYLED_ITEM('',(#49),#226);
#228=CARTESIAN_POINT('',(-9.649974039008E-2,-8.E-3,7.109114953393E-2));
#229=CARTESIAN_POINT('',(-9.649974039008E-2,-8.E-3,7.124968383809E-2));
#230=CARTESIAN_POINT('',(-9.648777640435E-2,-8.E-3,7.156483615653E-2));
#231=CARTESIAN_POINT('',(-9.643250900211E-2,-8.E-3,7.203309269604E-2));
#232=CARTESIAN_POINT('',(-9.634147235177E-2,-8.E-3,7.249307185348E-2));
#233=CARTESIAN_POINT('',(-9.621523866574E-2,-8.E-3,7.294246277681E-2));
#234=CARTESIAN_POINT('',(-9.605485200092E-2,-8.E-3,7.337870892170E-2));
#235=CARTESIAN_POINT('',(-9.586142324105E-2,-8.E-3,7.379946052056E-2));
#236=CARTESIAN_POINT('',(-9.563621567532E-2,-8.E-3,7.420246718399E-2));
#237=CARTESIAN_POINT('',(-9.538060774943E-2,-8.E-3,7.458559928228E-2));
#238=CARTESIAN_POINT('',(-9.509609169372E-2,-8.E-3,7.494683757290E-2));
#239=CARTESIAN_POINT('',(-9.478426513876E-2,-8.E-3,7.528427231672E-2));
#240=CARTESIAN_POINT('',(-9.444682975888E-2,-8.E-3,7.559609838309E-2));
#241=CARTESIAN_POINT('',(-9.408559062106E-2,-8.E-3,7.588061401143E-2));
#242=CARTESIAN_POINT('',(-9.370245944952E-2,-8.E-3,7.613622035878E-2));
#243=CARTESIAN_POINT('',(-9.329945352237E-2,-8.E-3,7.636142674484E-2));
#244=CARTESIAN_POINT('',(-9.287870434425E-2,-8.E-3,7.655485378522E-2));
#245=CARTESIAN_POINT('',(-9.244246109386E-2,-8.E-3,7.671523916813E-2));
#246=CARTESIAN_POINT('',(-9.199307031366E-2,-8.E-3,7.684147271618E-2));
#247=CARTESIAN_POINT('',(-9.153309190166E-2,-8.E-3,7.693250910576E-2));
#248=CARTESIAN_POINT('',(-9.106483581123E-2,-8.E-3,7.698777642278E-2));
#249=CARTESIAN_POINT('',(-9.074968373978E-2,-8.E-3,7.699974039008E-2));
#250=CARTESIAN_POINT('',(-9.059114953414E-2,-8.E-3,7.699974039008E-2));
#251=B_SPLINE_CURVE_WITH_KNOTS('',3,(#228,#229,#230,#231,#232,#233,#234,#235,#236,#237,#238,#239,#240,#241,#242,#243,#244,#245,#246,#247,#248,#249,#250),.UNSPECIFIED.,.F.,.F.,(4,1,1,1,1,1,1,1,1,1,1,1,1,1,1,1,1,1,1,1,4),(0.E0,5.E-2,1.E-1,1.5E-1,2.E-1,2.5E-1,3.E-1,3.5E-1,4.E-1,4.5E-1,5.E-1,5.5E-1,6.E-1,6.5E-1,7.E-1,7.5E-1,8.E-1,8.5E-1,9.E-1,9.5E-1,1.E0),.UNSPECIFIED.);
#252=STYLED_ITEM('',(#49),#251);
#253=CARTESIAN_POINT('',(9.05E-2,-8.E-3,7.1E-2));
#254=DIRECTION('',(9.998846178073E-1,0.E0,1.519049282974E-2));
#255=AXIS2_PLACEMENT_3D('',#253,#43,#254);
#256=CIRCLE('',#255,6.E-3);
#257=STYLED_ITEM('',(#49),#256);
#258=CARTESIAN_POINT('',(9.074968383809E-2,-8.E-3,7.699974039008E-2));
#259=CARTESIAN_POINT('',(9.106483615653E-2,-8.E-3,7.698777640435E-2));
#260=CARTESIAN_POINT('',(9.153309269604E-2,-8.E-3,7.693250900211E-2));
#261=CARTESIAN_POINT('',(9.199307185348E-2,-8.E-3,7.684147235177E-2));
#262=CARTESIAN_POINT('',(9.244246277681E-2,-8.E-3,7.671523866574E-2));
#263=CARTESIAN_POINT('',(9.287870892170E-2,-8.E-3,7.655485200092E-2));
#264=CARTESIAN_POINT('',(9.329946052056E-2,-8.E-3,7.636142324105E-2));
#265=CARTESIAN_POINT('',(9.370246718399E-2,-8.E-3,7.613621567532E-2));
#266=CARTESIAN_POINT('',(9.408559928228E-2,-8.E-3,7.588060774943E-2));
#267=CARTESIAN_POINT('',(9.444683757290E-2,-8.E-3,7.559609169372E-2));
#268=CARTESIAN_POINT('',(9.478427231672E-2,-8.E-3,7.528426513876E-2));
#269=CARTESIAN_POINT('',(9.509609838309E-2,-8.E-3,7.494682975888E-2));
#270=CARTESIAN_POINT('',(9.538061401143E-2,-8.E-3,7.458559062106E-2));
#271=CARTESIAN_POINT('',(9.563622035878E-2,-8.E-3,7.420245944952E-2));
#272=CARTESIAN_POINT('',(9.586142674484E-2,-8.E-3,7.379945352237E-2));
#273=CARTESIAN_POINT('',(9.605485378522E-2,-8.E-3,7.337870434425E-2));
#274=CARTESIAN_POINT('',(9.621523916813E-2,-8.E-3,7.294246109386E-2));
#275=CARTESIAN_POINT('',(9.634147271618E-2,-8.E-3,7.249307031366E-2));
#276=CARTESIAN_POINT('',(9.643250910576E-2,-8.E-3,7.203309190166E-2));
#277=CARTESIAN_POINT('',(9.648777642278E-2,-8.E-3,7.156483581123E-2));
#278=CARTESIAN_POINT('',(9.649974039008E-2,-8.E-3,7.124968373978E-2));
#279=B_SPLINE_CURVE_WITH_KNOTS('',3,(#172,#258,#259,#260,#261,#262,#263,#264,#265,#266,#267,#268,#269,#270,#271,#272,#273,#274,#275,#276,#277,#278,#169),.UNSPECIFIED.,.F.,.F.,(4,1,1,1,1,1,1,1,1,1,1,1,1,1,1,1,1,1,1,1,4),(0.E0,5.E-2,1.E-1,1.5E-1,2.E-1,2.5E-1,3.E-1,3.5E-1,4.E-1,4.5E-1,5.E-1,5.5E-1,6.E-1,6.5E-1,7.E-1,7.5E-1,8.E-1,8.5E-1,9.E-1,9.5E-1,1.E0),.UNSPECIFIED.);
#280=STYLED_ITEM('',(#49),#279);
#281=CARTESIAN_POINT('',(9.05E-2,-8.E-3,-7.1E-2));
#282=DIRECTION('',(1.519049282974E-2,0.E0,-9.998846178073E-1));
#283=AXIS2_PLACEMENT_3D('',#281,#43,#282);
#284=CIRCLE('',#283,6.E-3);
#285=STYLED_ITEM('',(#49),#284);
#286=CARTESIAN_POINT('',(9.649974039008E-2,-8.E-3,-7.109114953393E-2));
#287=CARTESIAN_POINT('',(9.649974039008E-2,-8.E-3,-7.124968383809E-2));
#288=CARTESIAN_POINT('',(9.648777640435E-2,-8.E-3,-7.156483615653E-2));
#289=CARTESIAN_POINT('',(9.643250900211E-2,-8.E-3,-7.203309269604E-2));
#290=CARTESIAN_POINT('',(9.634147235177E-2,-8.E-3,-7.249307185348E-2));
#291=CARTESIAN_POINT('',(9.621523866574E-2,-8.E-3,-7.294246277681E-2));
#292=CARTESIAN_POINT('',(9.605485200092E-2,-8.E-3,-7.337870892170E-2));
#293=CARTESIAN_POINT('',(9.586142324105E-2,-8.E-3,-7.379946052056E-2));
#294=CARTESIAN_POINT('',(9.563621567532E-2,-8.E-3,-7.420246718399E-2));
#295=CARTESIAN_POINT('',(9.538060774943E-2,-8.E-3,-7.458559928228E-2));
#296=CARTESIAN_POINT('',(9.509609169372E-2,-8.E-3,-7.494683757290E-2));
#297=CARTESIAN_POINT('',(9.478426513876E-2,-8.E-3,-7.528427231672E-2));
#298=CARTESIAN_POINT('',(9.444682975888E-2,-8.E-3,-7.559609838309E-2));
#299=CARTESIAN_POINT('',(9.408559062106E-2,-8.E-3,-7.588061401143E-2));
#300=CARTESIAN_POINT('',(9.370245944952E-2,-8.E-3,-7.613622035878E-2));
#301=CARTESIAN_POINT('',(9.329945352237E-2,-8.E-3,-7.636142674484E-2));
#302=CARTESIAN_POINT('',(9.287870434425E-2,-8.E-3,-7.655485378522E-2));
#303=CARTESIAN_POINT('',(9.244246109386E-2,-8.E-3,-7.671523916813E-2));
#304=CARTESIAN_POINT('',(9.199307031366E-2,-8.E-3,-7.684147271618E-2));
#305=CARTESIAN_POINT('',(9.153309190166E-2,-8.E-3,-7.693250910576E-2));
#306=CARTESIAN_POINT('',(9.106483581123E-2,-8.E-3,-7.698777642278E-2));
#307=CARTESIAN_POINT('',(9.074968373978E-2,-8.E-3,-7.699974039008E-2));
#308=CARTESIAN_POINT('',(9.059114953414E-2,-8.E-3,-7.699974039008E-2));
#309=B_SPLINE_CURVE_WITH_KNOTS('',3,(#286,#287,#288,#289,#290,#291,#292,#293,#294,#295,#296,#297,#298,#299,#300,#301,#302,#303,#304,#305,#306,#307,#308),.UNSPECIFIED.,.F.,.F.,(4,1,1,1,1,1,1,1,1,1,1,1,1,1,1,1,1,1,1,1,4),(0.E0,5.E-2,1.E-1,1.5E-1,2.E-1,2.5E-1,3.E-1,3.5E-1,4.E-1,4.5E-1,5.E-1,5.5E-1,6.E-1,6.5E-1,7.E-1,7.5E-1,8.E-1,8.5E-1,9.E-1,9.5E-1,1.E0),.UNSPECIFIED.);
#310=STYLED_ITEM('',(#49),#309);
#311=CARTESIAN_POINT('',(-9.65E-2,-8.E-3,-7.1E-2));
#312=CARTESIAN_POINT('',(-9.65E-2,-8.E-3,-7.103038449398E-2));
#313=CARTESIAN_POINT('',(-9.649974039008E-2,-8.E-3,-7.106076504016E-2));
#314=B_SPLINE_CURVE_WITH_KNOTS('',3,(#311,#312,#313,#220),.UNSPECIFIED.,.F.,.F.,(4,4),(0.E0,1.E0),.UNSPECIFIED.);
#315=STYLED_ITEM('',(#49),#314);
#316=CARTESIAN_POINT('',(-9.056076503996E-2,-8.E-3,-7.699974039008E-2));
#317=CARTESIAN_POINT('',(-9.053038449398E-2,-8.E-3,-7.7E-2));
#318=CARTESIAN_POINT('',(-9.05E-2,-8.E-3,-7.7E-2));
#319=B_SPLINE_CURVE_WITH_KNOTS('',3,(#198,#316,#317,#318),.UNSPECIFIED.,.F.,.F.,(4,4),(0.E0,1.E0),.UNSPECIFIED.);
#320=STYLED_ITEM('',(#49),#319);
#321=VECTOR('',#43,8.E-3);
#322=CARTESIAN_POINT('',(-9.65E-2,0.E0,-7.1E-2));
#323=LINE('',#322,#321);
#324=STYLED_ITEM('',(#49),#323);
#325=DIRECTION('',(-1.710758635324E-1,9.702895685258E-1,-1.710882875201E-1));
#326=VECTOR('',#325,2.099191914243E-2);
#327=CARTESIAN_POINT('',(-9.290852969559E-2,-2.836824016724E-2,-6.749967803630E-2));
#328=LINE('',#327,#326);
#329=STYLED_ITEM('',(#49),#328);
#330=DIRECTION('',(-1.710758631094E-1,9.702895654432E-1,1.710883054255E-1));
#331=VECTOR('',#330,2.099191915299E-2);
#332=CARTESIAN_POINT('',(-9.290852970266E-2,-2.836824011278E-2,6.749967765842E-2));
#333=LINE('',#332,#331);
#334=STYLED_ITEM('',(#49),#333);
#335=CARTESIAN_POINT('',(-9.290471217285E-2,-2.838989041381E-2,-6.765229082086E-2));
#336=CARTESIAN_POINT('',(-9.288532330371E-2,-2.843142830120E-2,-6.795742035057E-2));
#337=CARTESIAN_POINT('',(-9.282113123192E-2,-2.848824311160E-2,-6.841218636932E-2));
#338=CARTESIAN_POINT('',(-9.272222906280E-2,-2.853917222353E-2,-6.886132345943E-2));
#339=CARTESIAN_POINT('',(-9.258920573762E-2,-2.858394185105E-2,-6.930217042868E-2));
#340=CARTESIAN_POINT('',(-9.242285775487E-2,-2.862227659936E-2,-6.973211880164E-2));
#341=CARTESIAN_POINT('',(-9.222417516573E-2,-2.865395498548E-2,-7.014862353907E-2));
#342=CARTESIAN_POINT('',(-9.199433982242E-2,-2.867878878416E-2,-7.054921991184E-2));
#343=CARTESIAN_POINT('',(-9.173471567549E-2,-2.869663240570E-2,-7.093153889499E-2));
#344=CARTESIAN_POINT('',(-9.144684166278E-2,-2.870738071027E-2,-7.129331972700E-2));
#345=CARTESIAN_POINT('',(-9.113242268721E-2,-2.871097053135E-2,-7.163242270454E-2));
#346=CARTESIAN_POINT('',(-9.079331970304E-2,-2.870738073725E-2,-7.194684167443E-2));
#347=CARTESIAN_POINT('',(-9.043153886506E-2,-2.869663245552E-2,-7.223471568205E-2));
#348=CARTESIAN_POINT('',(-9.004921987709E-2,-2.867878885376E-2,-7.249433982379E-2));
#349=CARTESIAN_POINT('',(-8.964862350266E-2,-2.865395506808E-2,-7.272417516230E-2));
#350=CARTESIAN_POINT('',(-8.923211875986E-2,-2.862227669835E-2,-7.292285774715E-2));
#351=CARTESIAN_POINT('',(-8.880217038803E-2,-2.858394193744E-2,-7.308920573168E-2));
#352=CARTESIAN_POINT('',(-8.836132339286E-2,-2.853917236379E-2,-7.322222904514E-2));
#353=CARTESIAN_POINT('',(-8.791218638603E-2,-2.848824310928E-2,-7.332113123658E-2));
#354=CARTESIAN_POINT('',(-8.745742009105E-2,-2.843142867984E-2,-7.338532323930E-2));
#355=CARTESIAN_POINT('',(-8.715229125595E-2,-2.838989000947E-2,-7.340471224162E-2));
#356=CARTESIAN_POINT('',(-8.699967765842E-2,-2.836824011278E-2,-7.340852970266E-2));
#357=B_SPLINE_CURVE_WITH_KNOTS('',3,(#327,#335,#336,#337,#338,#339,#340,#341,#342,#343,#344,#345,#346,#347,#348,#349,#350,#351,#352,#353,#354,#355,#356),.UNSPECIFIED.,.F.,.F.,(4,1,1,1,1,1,1,1,1,1,1,1,1,1,1,1,1,1,1,1,4),(0.E0,5.E-2,1.E-1,1.5E-1,2.E-1,2.5E-1,3.E-1,3.5E-1,4.E-1,4.5E-1,5.E-1,5.5E-1,6.E-1,6.5E-1,7.E-1,7.5E-1,8.E-1,8.5E-1,9.E-1,9.5E-1,1.E0),.UNSPECIFIED.);
#358=STYLED_ITEM('',(#49),#357);
#359=CARTESIAN_POINT('',(-8.798449081676E-2,-2.75E-2,-6.749968306859E-2));
#360=DIRECTION('',(0.E0,0.E0,1.E0));
#361=DIRECTION('',(-9.848077530122E-1,-1.736481776669E-1,0.E0));
#362=AXIS2_PLACEMENT_3D('',#359,#360,#361);
#363=CIRCLE('',#362,5.E-3);
#364=STYLED_ITEM('',(#49),#363);
#365=DIRECTION('',(5.242528982469E-11,-4.034212757758E-10,-1.E0));
#366=VECTOR('',#365,1.349993556947E-1);
#367=LINE('',#332,#366);
#368=STYLED_ITEM('',(#49),#367);
#369=CARTESIAN_POINT('',(-8.798449081676E-2,-2.75E-2,6.749968306937E-2));
#370=AXIS2_PLACEMENT_3D('',#369,#360,#361);
#371=CIRCLE('',#370,5.E-3);
#372=STYLED_ITEM('',(#49),#371);
#373=DIRECTION('',(0.E0,0.E0,-1.E0));
#374=VECTOR('',#373,1.349993661275E-1);
#375=CARTESIAN_POINT('',(-8.798449081676E-2,-3.25E-2,6.749968306374E-2));
#376=LINE('',#375,#374);
#377=STYLED_ITEM('',(#49),#376);
#378=CARTESIAN_POINT('',(-8.699967803630E-2,-2.836824016724E-2,7.340852969559E-2));
#379=CARTESIAN_POINT('',(-8.715229082086E-2,-2.838989041381E-2,7.340471217285E-2));
#380=CARTESIAN_POINT('',(-8.745742035057E-2,-2.843142830120E-2,7.338532330371E-2));
#381=CARTESIAN_POINT('',(-8.791218636932E-2,-2.848824311160E-2,7.332113123192E-2));
#382=CARTESIAN_POINT('',(-8.836132345943E-2,-2.853917222353E-2,7.322222906280E-2));
#383=CARTESIAN_POINT('',(-8.880217042868E-2,-2.858394185105E-2,7.308920573762E-2));
#384=CARTESIAN_POINT('',(-8.923211880164E-2,-2.862227659936E-2,7.292285775487E-2));
#385=CARTESIAN_POINT('',(-8.964862353907E-2,-2.865395498548E-2,7.272417516573E-2));
#386=CARTESIAN_POINT('',(-9.004921991184E-2,-2.867878878416E-2,7.249433982242E-2));
#387=CARTESIAN_POINT('',(-9.043153889499E-2,-2.869663240570E-2,7.223471567549E-2));
#388=CARTESIAN_POINT('',(-9.079331972700E-2,-2.870738071027E-2,7.194684166278E-2));
#389=CARTESIAN_POINT('',(-9.113242270454E-2,-2.871097053135E-2,7.163242268721E-2));
#390=CARTESIAN_POINT('',(-9.144684167443E-2,-2.870738073725E-2,7.129331970304E-2));
#391=CARTESIAN_POINT('',(-9.173471568205E-2,-2.869663245552E-2,7.093153886506E-2));
#392=CARTESIAN_POINT('',(-9.199433982379E-2,-2.867878885376E-2,7.054921987709E-2));
#393=CARTESIAN_POINT('',(-9.222417516230E-2,-2.865395506808E-2,7.014862350266E-2));
#394=CARTESIAN_POINT('',(-9.242285774715E-2,-2.862227669835E-2,6.973211875986E-2));
#395=CARTESIAN_POINT('',(-9.258920573168E-2,-2.858394193744E-2,6.930217038803E-2));
#396=CARTESIAN_POINT('',(-9.272222904514E-2,-2.853917236379E-2,6.886132339286E-2));
#397=CARTESIAN_POINT('',(-9.282113123658E-2,-2.848824310928E-2,6.841218638603E-2));
#398=CARTESIAN_POINT('',(-9.288532323930E-2,-2.843142867984E-2,6.795742009105E-2));
#399=CARTESIAN_POINT('',(-9.290471224162E-2,-2.838989000947E-2,6.765229125595E-2));
#400=B_SPLINE_CURVE_WITH_KNOTS('',3,(#378,#379,#380,#381,#382,#383,#384,#385,#386,#387,#388,#389,#390,#391,#392,#393,#394,#395,#396,#397,#398,#399,#332),.UNSPECIFIED.,.F.,.F.,(4,1,1,1,1,1,1,1,1,1,1,1,1,1,1,1,1,1,1,1,4),(0.E0,5.E-2,1.E-1,1.5E-1,2.E-1,2.5E-1,3.E-1,3.5E-1,4.E-1,4.5E-1,5.E-1,5.5E-1,6.E-1,6.5E-1,7.E-1,7.5E-1,8.E-1,8.5E-1,9.E-1,9.5E-1,1.E0),.UNSPECIFIED.);
#401=STYLED_ITEM('',(#49),#400);
#402=CARTESIAN_POINT('',(-8.699968306859E-2,-2.75E-2,6.848449081676E-2));
#403=DIRECTION('',(1.E0,0.E0,0.E0));
#404=DIRECTION('',(0.E0,-1.736481776669E-1,9.848077530122E-1));
#405=AXIS2_PLACEMENT_3D('',#402,#403,#404);
#406=CIRCLE('',#405,5.E-3);
#407=STYLED_ITEM('',(#49),#406);
#408=DIRECTION('',(-1.E0,-3.129989508023E-10,-4.067483007608E-11));
#409=VECTOR('',#408,1.739993556947E-1);
#410=CARTESIAN_POINT('',(8.699967765842E-2,-2.836824011278E-2,7.340852970266E-2));
#411=LINE('',#410,#409);
#412=STYLED_ITEM('',(#49),#411);
#413=CARTESIAN_POINT('',(8.699968306937E-2,-2.75E-2,6.848449081676E-2));
#414=AXIS2_PLACEMENT_3D('',#413,#403,#404);
#415=CIRCLE('',#414,5.E-3);
#416=STYLED_ITEM('',(#49),#415);
#417=DIRECTION('',(-1.E0,0.E0,0.E0));
#418=VECTOR('',#417,1.739993661275E-1);
#419=CARTESIAN_POINT('',(8.699968306374E-2,-3.25E-2,6.848449081676E-2));
#420=LINE('',#419,#418);
#421=STYLED_ITEM('',(#49),#420);
#422=DIRECTION('',(-1.710882875201E-1,9.702895685258E-1,1.710758635324E-1));
#423=VECTOR('',#422,2.099191914243E-2);
#424=LINE('',#378,#423);
#425=STYLED_ITEM('',(#49),#424);
#426=DIRECTION('',(1.710883054255E-1,9.702895654432E-1,1.710758631094E-1));
#427=VECTOR('',#426,2.099191915299E-2);
#428=LINE('',#410,#427);
#429=STYLED_ITEM('',(#49),#428);
#430=CARTESIAN_POINT('',(-9.05E-2,-8.E-3,7.7E-2));
#431=CARTESIAN_POINT('',(-9.053038449398E-2,-8.E-3,7.7E-2));
#432=CARTESIAN_POINT('',(-9.056076504016E-2,-8.E-3,7.699974039008E-2));
#433=B_SPLINE_CURVE_WITH_KNOTS('',3,(#430,#431,#432,#250),.UNSPECIFIED.,.F.,.F.,(4,4),(0.E0,1.E0),.UNSPECIFIED.);
#434=STYLED_ITEM('',(#49),#433);
#435=CARTESIAN_POINT('',(-9.649974039008E-2,-8.E-3,7.106076503996E-2));
#436=CARTESIAN_POINT('',(-9.65E-2,-8.E-3,7.103038449398E-2));
#437=CARTESIAN_POINT('',(-9.65E-2,-8.E-3,7.1E-2));
#438=B_SPLINE_CURVE_WITH_KNOTS('',3,(#228,#435,#436,#437),.UNSPECIFIED.,.F.,.F.,(4,4),(0.E0,1.E0),.UNSPECIFIED.);
#439=STYLED_ITEM('',(#49),#438);
#440=DIRECTION('',(-2.843211777126E-12,-1.E0,0.E0));
#441=VECTOR('',#440,8.E-3);
#442=CARTESIAN_POINT('',(-9.049999999998E-2,0.E0,7.7E-2));
#443=LINE('',#442,#441);
#444=STYLED_ITEM('',(#49),#443);
#445=VECTOR('',#373,1.42E-1);
#446=LINE('',#437,#445);
#447=STYLED_ITEM('',(#49),#446);
#448=DIRECTION('',(0.E0,-1.E0,1.734723475977E-13));
#449=VECTOR('',#448,8.E-3);
#450=CARTESIAN_POINT('',(-9.65E-2,0.E0,7.1E-2));
#451=LINE('',#450,#449);
#452=STYLED_ITEM('',(#49),#451);
#453=DIRECTION('',(-1.710758635189E-1,-9.702895685433E-1,1.710882874345E-1));
#454=VECTOR('',#453,2.099188864370E-2);
#455=CARTESIAN_POINT('',(-9.290852969559E-2,2.036824016724E-2,6.749967803630E-2));
#456=LINE('',#455,#454);
#457=STYLED_ITEM('',(#49),#456);
#458=CARTESIAN_POINT('',(-9.649974212702E-2,-9.850523329459E-9,7.107596749882E-2));
#459=CARTESIAN_POINT('',(-9.650011849470E-2,6.414361611954E-8,7.104558435877E-2));
#460=CARTESIAN_POINT('',(-9.649999999761E-2,1.355464202817E-11,7.101520072122E-2));
#461=B_SPLINE_CURVE_WITH_KNOTS('',3,(#103,#458,#459,#460,#450),.UNSPECIFIED.,.F.,.F.,(4,1,4),(0.E0,5.E-1,1.E0),.UNSPECIFIED.);
#462=STYLED_ITEM('',(#49),#461);
#463=LINE('',#450,#445);
#464=STYLED_ITEM('',(#49),#463);
#465=CARTESIAN_POINT('',(-9.649999999759E-2,1.365864316866E-11,-7.101520080119E-2));
#466=CARTESIAN_POINT('',(-9.650011849466E-2,6.414382382397E-8,-7.104558451888E-2));
#467=CARTESIAN_POINT('',(-9.649974212701E-2,-9.850419285698E-9,-7.107596757848E-2));
#468=B_SPLINE_CURVE_WITH_KNOTS('',3,(#322,#465,#466,#467,#141),.UNSPECIFIED.,.F.,.F.,(4,1,4),(0.E0,5.E-1,1.E0),.UNSPECIFIED.);
#469=STYLED_ITEM('',(#49),#468);
#470=DIRECTION('',(-1.710659344992E-1,-9.702913349578E-1,-1.710881976049E-1));
#471=VECTOR('',#470,1.148423781402E-2);
#472=CARTESIAN_POINT('',(-9.453517329854E-2,1.114308603177E-2,-6.912632676559E-2));
#473=LINE('',#472,#471);
#474=STYLED_ITEM('',(#49),#473);
#475=CARTESIAN_POINT('',(-9.290471217285E-2,2.038989041381E-2,6.765229082086E-2));
#476=CARTESIAN_POINT('',(-9.288532330371E-2,2.043142830120E-2,6.795742035057E-2));
#477=CARTESIAN_POINT('',(-9.282113123192E-2,2.048824311160E-2,6.841218636932E-2));
#478=CARTESIAN_POINT('',(-9.272222906280E-2,2.053917222353E-2,6.886132345943E-2));
#479=CARTESIAN_POINT('',(-9.258920573762E-2,2.058394185105E-2,6.930217042868E-2));
#480=CARTESIAN_POINT('',(-9.242285775487E-2,2.062227659936E-2,6.973211880164E-2));
#481=CARTESIAN_POINT('',(-9.222417516573E-2,2.065395498548E-2,7.014862353907E-2));
#482=CARTESIAN_POINT('',(-9.199433982242E-2,2.067878878416E-2,7.054921991184E-2));
#483=CARTESIAN_POINT('',(-9.173471567549E-2,2.069663240570E-2,7.093153889499E-2));
#484=CARTESIAN_POINT('',(-9.144684166278E-2,2.070738071027E-2,7.129331972700E-2));
#485=CARTESIAN_POINT('',(-9.113242268721E-2,2.071097053135E-2,7.163242270454E-2));
#486=CARTESIAN_POINT('',(-9.079331970304E-2,2.070738073725E-2,7.194684167443E-2));
#487=CARTESIAN_POINT('',(-9.043153886506E-2,2.069663245552E-2,7.223471568205E-2));
#488=CARTESIAN_POINT('',(-9.004921987709E-2,2.067878885376E-2,7.249433982379E-2));
#489=CARTESIAN_POINT('',(-8.964862350266E-2,2.065395506808E-2,7.272417516230E-2));
#490=CARTESIAN_POINT('',(-8.923211875986E-2,2.062227669835E-2,7.292285774715E-2));
#491=CARTESIAN_POINT('',(-8.880217038803E-2,2.058394193744E-2,7.308920573168E-2));
#492=CARTESIAN_POINT('',(-8.836132339286E-2,2.053917236379E-2,7.322222904514E-2));
#493=CARTESIAN_POINT('',(-8.791218638603E-2,2.048824310928E-2,7.332113123658E-2));
#494=CARTESIAN_POINT('',(-8.745742009105E-2,2.043142867984E-2,7.338532323930E-2));
#495=CARTESIAN_POINT('',(-8.715229125595E-2,2.038989000947E-2,7.340471224162E-2));
#496=CARTESIAN_POINT('',(-8.699967765842E-2,2.036824011278E-2,7.340852970266E-2));
#497=B_SPLINE_CURVE_WITH_KNOTS('',3,(#455,#475,#476,#477,#478,#479,#480,#481,#482,#483,#484,#485,#486,#487,#488,#489,#490,#491,#492,#493,#494,#495,#496),.UNSPECIFIED.,.F.,.F.,(4,1,1,1,1,1,1,1,1,1,1,1,1,1,1,1,1,1,1,1,4),(0.E0,5.E-2,1.E-1,1.5E-1,2.E-1,2.5E-1,3.E-1,3.5E-1,4.E-1,4.5E-1,5.E-1,5.5E-1,6.E-1,6.5E-1,7.E-1,7.5E-1,8.E-1,8.5E-1,9.E-1,9.5E-1,1.E0),.UNSPECIFIED.);
#498=STYLED_ITEM('',(#49),#497);
#499=CARTESIAN_POINT('',(-8.798449081676E-2,1.95E-2,6.749968306859E-2));
#500=DIRECTION('',(-9.848077530122E-1,1.736481776669E-1,0.E0));
#501=AXIS2_PLACEMENT_3D('',#499,#373,#500);
#502=CIRCLE('',#501,5.E-3);
#503=STYLED_ITEM('',(#49),#502);
#504=DIRECTION('',(-8.930003854071E-10,-5.660065844280E-9,1.E0));
#505=VECTOR('',#504,1.274008499463E-1);
#506=CARTESIAN_POINT('',(-9.290852958182E-2,2.036824088833E-2,-5.990117190999E-2));
#507=LINE('',#506,#505);
#508=STYLED_ITEM('',(#49),#507);
#509=VECTOR('',#360,1.274008549737E-1);
#510=CARTESIAN_POINT('',(-8.798449081676E-2,2.45E-2,-5.990117190999E-2));
#511=LINE('',#510,#509);
#512=STYLED_ITEM('',(#49),#511);
#513=CARTESIAN_POINT('',(-8.798449081676E-2,1.95E-2,-5.990117190999E-2));
#514=DIRECTION('',(-1.237240302065E-1,-7.016738431599E-1,-7.016738431599E-1));
#515=AXIS2_PLACEMENT_3D('',#513,#514,#500);
#516=CIRCLE('',#515,5.E-3);
#517=STYLED_ITEM('',(#49),#516);
#518=DIRECTION('',(0.E0,7.071067811865E-1,-7.071067811865E-1));
#519=AXIS2_PLACEMENT_3D('',#513,#403,#518);
#520=CIRCLE('',#519,5.E-3);
#521=STYLED_ITEM('',(#49),#520);
#522=DIRECTION('',(0.E0,1.E0,0.E0));
#523=AXIS2_PLACEMENT_3D('',#513,#360,#522);
#524=CIRCLE('',#523,5.E-3);
#525=STYLED_ITEM('',(#49),#524);
#526=CARTESIAN_POINT('',(-8.961113451877E-2,1.027484514578E-2,-6.912632676421E-2));
#527=DIRECTION('',(-9.848077531304E-1,1.736481769968E-1,6.909750549511E-10));
#528=AXIS2_PLACEMENT_3D('',#526,#514,#527);
#529=CIRCLE('',#528,5.E-3);
#530=STYLED_ITEM('',(#49),#529);
#531=DIRECTION('',(-1.237240116131E-1,-7.016738447991E-1,-7.016738447991E-1));
#532=VECTOR('',#531,1.314736008209E-2);
#533=CARTESIAN_POINT('',(-8.798449081676E-2,2.303553390593E-2,-6.343670581592E-2));
#534=LINE('',#533,#532);
#535=STYLED_ITEM('',(#49),#534);
#536=DIRECTION('',(-1.237240312834E-1,-7.016738431014E-1,-7.016738430285E-1));
#537=VECTOR('',#536,1.314735463956E-2);
#538=LINE('',#506,#537);
#539=STYLED_ITEM('',(#49),#538);
#540=CARTESIAN_POINT('',(-8.883709693964E-2,9.947449131844E-3,-7.524599616779E-2));
#541=CARTESIAN_POINT('',(-8.898744468589E-2,9.968868246537E-3,-7.524221938762E-2));
#542=CARTESIAN_POINT('',(-8.928753054834E-2,1.001206456539E-2,-7.522290632335E-2));
#543=CARTESIAN_POINT('',(-8.973405068250E-2,1.007885330781E-2,-7.515852582404E-2));
#544=CARTESIAN_POINT('',(-9.017424562049E-2,1.014699701574E-2,-7.505907668039E-2));
#545=CARTESIAN_POINT('',(-9.060555012970E-2,1.021616265301E-2,-7.492506010728E-2));
#546=CARTESIAN_POINT('',(-9.102535862841E-2,1.028590841493E-2,-7.475724025297E-2));
#547=CARTESIAN_POINT('',(-9.143153933351E-2,1.035587791415E-2,-7.455638996112E-2));
#548=CARTESIAN_POINT('',(-9.182187857692E-2,1.042570048664E-2,-7.432342967900E-2));
#549=CARTESIAN_POINT('',(-9.219412755206E-2,1.049499092766E-2,-7.405947147921E-2));
#550=CARTESIAN_POINT('',(-9.254603670896E-2,1.056335229332E-2,-7.376584139679E-2));
#551=CARTESIAN_POINT('',(-9.287549072749E-2,1.063039624642E-2,-7.344399372161E-2));
#552=CARTESIAN_POINT('',(-9.318044740411E-2,1.069573372782E-2,-7.309554515054E-2));
#553=CARTESIAN_POINT('',(-9.345890747321E-2,1.075896508077E-2,-7.272234836510E-2));
#554=CARTESIAN_POINT('',(-9.370901243350E-2,1.081969948399E-2,-7.232640500302E-2));
#555=CARTESIAN_POINT('',(-9.392899853205E-2,1.087754435661E-2,-7.190996137856E-2));
#556=CARTESIAN_POINT('',(-9.411729370522E-2,1.093212328556E-2,-7.147538193113E-2));
#557=CARTESIAN_POINT('',(-9.427246688822E-2,1.098307110479E-2,-7.102528185379E-2));
#558=CARTESIAN_POINT('',(-9.439332202882E-2,1.103003118957E-2,-7.056236203814E-2));
#559=CARTESIAN_POINT('',(-9.447885189171E-2,1.107269744741E-2,-7.008957688996E-2));
#560=CARTESIAN_POINT('',(-9.452833520477E-2,1.111073899005E-2,-6.960990528578E-2));
#561=CARTESIAN_POINT('',(-9.453698386592E-2,1.113281917100E-2,-6.928763289087E-2));
#562=B_SPLINE_CURVE_WITH_KNOTS('',3,(#540,#541,#542,#543,#544,#545,#546,#547,#548,#549,#550,#551,#552,#553,#554,#555,#556,#557,#558,#559,#560,#561,#472),.UNSPECIFIED.,.F.,.F.,(4,1,1,1,1,1,1,1,1,1,1,1,1,1,1,1,1,1,1,1,4),(0.E0,5.E-2,1.E-1,1.5E-1,2.E-1,2.5E-1,3.E-1,3.5E-1,4.E-1,4.5E-1,5.E-1,5.5E-1,6.E-1,6.5E-1,7.E-1,7.5E-1,8.E-1,8.5E-1,9.E-1,9.5E-1,1.E0),.UNSPECIFIED.);
#563=STYLED_ITEM('',(#49),#562);
#564=CARTESIAN_POINT('',(8.883714857554E-2,9.079215652648E-3,-7.032195625734E-2));
#565=DIRECTION('',(0.E0,1.736483649803E-1,-9.848077199838E-1));
#566=AXIS2_PLACEMENT_3D('',#564,#403,#565);
#567=CIRCLE('',#566,5.E-3);
#568=STYLED_ITEM('',(#49),#567);
#569=VECTOR('',#417,1.776742970087E-1);
#570=CARTESIAN_POINT('',(8.883714850433E-2,1.261474955858E-2,-7.385749016327E-2));
#571=LINE('',#570,#569);
#572=STYLED_ITEM('',(#49),#571);
#573=CARTESIAN_POINT('',(-8.883714856062E-2,9.079215652648E-3,-7.032195625734E-2));
#574=DIRECTION('',(0.E0,1.736483388359E-1,-9.848077245938E-1));
#575=AXIS2_PLACEMENT_3D('',#573,#403,#574);
#576=CIRCLE('',#575,5.E-3);
#577=STYLED_ITEM('',(#49),#576);
#578=DIRECTION('',(-1.E0,-4.415739307435E-8,-7.926070722933E-9));
#579=VECTOR('',#578,1.776742454027E-1);
#580=CARTESIAN_POINT('',(8.883714846303E-2,9.947456977476E-3,-7.524599475954E-2));
#581=LINE('',#580,#579);
#582=STYLED_ITEM('',(#49),#581);
#583=CARTESIAN_POINT('',(9.453517329642E-2,1.114308603180E-2,-6.912632676566E-2));
#584=CARTESIAN_POINT('',(9.453698440401E-2,1.113281602057E-2,-6.928763316914E-2));
#585=CARTESIAN_POINT('',(9.452833455470E-2,1.111074210573E-2,-6.960990661145E-2));
#586=CARTESIAN_POINT('',(9.447885150351E-2,1.107269866858E-2,-7.008957751632E-2));
#587=CARTESIAN_POINT('',(9.439332155996E-2,1.103003315789E-2,-7.056236219488E-2));
#588=CARTESIAN_POINT('',(9.427246638891E-2,1.098307343872E-2,-7.102528168140E-2));
#589=CARTESIAN_POINT('',(9.411729321011E-2,1.093212608705E-2,-7.147538142450E-2));
#590=CARTESIAN_POINT('',(9.392899804742E-2,1.087754770469E-2,-7.190996056746E-2));
#591=CARTESIAN_POINT('',(9.370901202556E-2,1.081970340080E-2,-7.232640384018E-2));
#592=CARTESIAN_POINT('',(9.345890719969E-2,1.075896954850E-2,-7.272234686462E-2));
#593=CARTESIAN_POINT('',(9.318044732707E-2,1.069573863198E-2,-7.309554336286E-2));
#594=CARTESIAN_POINT('',(9.287549096979E-2,1.063040132412E-2,-7.344399169203E-2));
#595=CARTESIAN_POINT('',(9.254603751869E-2,1.056335669759E-2,-7.376583926922E-2));
#596=CARTESIAN_POINT('',(9.219412919793E-2,1.049499436958E-2,-7.405946924348E-2));
#597=CARTESIAN_POINT('',(9.182188106694E-2,1.042570251237E-2,-7.432342760772E-2));
#598=CARTESIAN_POINT('',(9.143154240660E-2,1.035587827914E-2,-7.455638831199E-2));
#599=CARTESIAN_POINT('',(9.102536239700E-2,1.028590738379E-2,-7.475723902897E-2));
#600=CARTESIAN_POINT('',(9.060555439796E-2,1.021616093641E-2,-7.492505894259E-2));
#601=CARTESIAN_POINT('',(9.017425309379E-2,1.014699660536E-2,-7.505907552336E-2));
#602=CARTESIAN_POINT('',(8.973404943136E-2,1.007885175116E-2,-7.515852499753E-2));
#603=CARTESIAN_POINT('',(8.928755679626E-2,1.001207354962E-2,-7.522290589207E-2));
#604=CARTESIAN_POINT('',(8.898739519389E-2,9.968853938361E-3,-7.524221904632E-2));
#605=B_SPLINE_CURVE_WITH_KNOTS('',3,(#583,#584,#585,#586,#587,#588,#589,#590,#591,#592,#593,#594,#595,#596,#597,#598,#599,#600,#601,#602,#603,#604,#580),.UNSPECIFIED.,.F.,.F.,(4,1,1,1,1,1,1,1,1,1,1,1,1,1,1,1,1,1,1,1,4),(0.E0,5.E-2,1.E-1,1.5E-1,2.E-1,2.5E-1,3.E-1,3.5E-1,4.E-1,4.5E-1,5.E-1,5.5E-1,6.E-1,6.5E-1,7.E-1,7.5E-1,8.E-1,8.5E-1,9.E-1,9.5E-1,1.E0),.UNSPECIFIED.);
#606=STYLED_ITEM('',(#49),#605);
#607=CARTESIAN_POINT('',(8.961113451882E-2,1.027484514551E-2,-6.912632676447E-2));
#608=DIRECTION('',(-1.237240302065E-1,7.016738431599E-1,7.016738431599E-1));
#609=DIRECTION('',(9.848077531145E-1,1.736481770871E-1,5.979022832392E-10));
#610=AXIS2_PLACEMENT_3D('',#607,#608,#609);
#611=CIRCLE('',#610,5.E-3);
#612=STYLED_ITEM('',(#49),#611);
#613=DIRECTION('',(1.237240311247E-1,-7.016738431117E-1,-7.016738430462E-1));
#614=VECTOR('',#613,1.314735463933E-2);
#615=CARTESIAN_POINT('',(9.290852958182E-2,2.036824088833E-2,-5.990117190999E-2));
#616=LINE('',#615,#614);
#617=STYLED_ITEM('',(#49),#616);
#618=DIRECTION('',(1.237240282732E-1,-7.016738433303E-1,-7.016738433303E-1));
#619=VECTOR('',#618,1.314735520387E-2);
#620=CARTESIAN_POINT('',(8.798449081676E-2,2.303553390593E-2,-6.343670581592E-2));
#621=LINE('',#620,#619);
#622=STYLED_ITEM('',(#49),#621);
#623=DIRECTION('',(1.710758630960E-1,-9.702895654615E-1,1.710883053351E-1));
#624=VECTOR('',#623,2.099188865424E-2);
#625=CARTESIAN_POINT('',(9.290852970266E-2,2.036824011278E-2,6.749967765842E-2));
#626=LINE('',#625,#624);
#627=STYLED_ITEM('',(#49),#626);
#628=DIRECTION('',(1.710659346767E-1,-9.702913349240E-1,-1.710881976195E-1));
#629=VECTOR('',#628,1.148423781445E-2);
#630=LINE('',#583,#629);
#631=STYLED_ITEM('',(#49),#630);
#632=CARTESIAN_POINT('',(9.649974212702E-2,-9.850523324386E-9,-7.107596749882E-2));
#633=CARTESIAN_POINT('',(9.650011849470E-2,6.414361612109E-8,-7.104558435878E-2));
#634=CARTESIAN_POINT('',(9.649999999761E-2,1.355464364103E-11,-7.101520072122E-2));
#635=CARTESIAN_POINT('',(9.65E-2,0.E0,-7.1E-2));
#636=B_SPLINE_CURVE_WITH_KNOTS('',3,(#133,#632,#633,#634,#635),.UNSPECIFIED.,.F.,.F.,(4,1,4),(0.E0,5.E-1,1.E0),.UNSPECIFIED.);
#637=STYLED_ITEM('',(#49),#636);
#638=LINE('',#180,#445);
#639=STYLED_ITEM('',(#49),#638);
#640=CARTESIAN_POINT('',(9.649999999759E-2,1.365864158549E-11,7.101520080119E-2));
#641=CARTESIAN_POINT('',(9.650011849466E-2,6.414382382081E-8,7.104558451887E-2));
#642=CARTESIAN_POINT('',(9.649974212701E-2,-9.850419287282E-9,7.107596757848E-2));
#643=B_SPLINE_CURVE_WITH_KNOTS('',3,(#180,#640,#641,#642,#51),.UNSPECIFIED.,.F.,.F.,(4,1,4),(0.E0,5.E-1,1.E0),.UNSPECIFIED.);
#644=STYLED_ITEM('',(#49),#643);
#645=DIRECTION('',(1.710882874345E-1,-9.702895685433E-1,1.710758635189E-1));
#646=VECTOR('',#645,2.099188864370E-2);
#647=CARTESIAN_POINT('',(8.699967803630E-2,2.036824016724E-2,7.340852969559E-2));
#648=LINE('',#647,#646);
#649=STYLED_ITEM('',(#49),#648);
#650=CARTESIAN_POINT('',(9.057596749883E-2,-9.850523326190E-9,7.699974212702E-2));
#651=CARTESIAN_POINT('',(9.054558435876E-2,6.414361612803E-8,7.700011849470E-2));
#652=CARTESIAN_POINT('',(9.051520072123E-2,1.355462174536E-11,7.699999999761E-2));
#653=CARTESIAN_POINT('',(9.049999999998E-2,0.E0,7.7E-2));
#654=B_SPLINE_CURVE_WITH_KNOTS('',3,(#73,#650,#651,#652,#653),.UNSPECIFIED.,.F.,.F.,(4,1,4),(0.E0,5.E-1,1.E0),.UNSPECIFIED.);
#655=STYLED_ITEM('',(#49),#654);
#656=VECTOR('',#403,1.81E-1);
#657=LINE('',#442,#656);
#658=STYLED_ITEM('',(#49),#657);
#659=CARTESIAN_POINT('',(-9.051520080120E-2,1.365862131128E-11,7.699999999759E-2));
#660=CARTESIAN_POINT('',(-9.054558451886E-2,6.414382382582E-8,7.700011849466E-2));
#661=CARTESIAN_POINT('',(-9.057596757849E-2,-9.850419277061E-9,7.699974212701E-2));
#662=B_SPLINE_CURVE_WITH_KNOTS('',3,(#442,#659,#660,#661,#81),.UNSPECIFIED.,.F.,.F.,(4,1,4),(0.E0,5.E-1,1.E0),.UNSPECIFIED.);
#663=STYLED_ITEM('',(#49),#662);
#664=DIRECTION('',(-1.710883053351E-1,-9.702895654615E-1,1.710758630960E-1));
#665=VECTOR('',#664,2.099188865424E-2);
#666=LINE('',#496,#665);
#667=STYLED_ITEM('',(#49),#666);
#668=VECTOR('',#417,1.81E-1);
#669=LINE('',#175,#668);
#670=STYLED_ITEM('',(#49),#669);
#671=DIRECTION('',(2.832803436270E-12,-1.E0,0.E0));
#672=VECTOR('',#671,8.E-3);
#673=LINE('',#653,#672);
#674=STYLED_ITEM('',(#49),#673);
#675=CARTESIAN_POINT('',(8.699968306859E-2,1.95E-2,6.848449081676E-2));
#676=DIRECTION('',(0.E0,1.736481776669E-1,9.848077530122E-1));
#677=AXIS2_PLACEMENT_3D('',#675,#417,#676);
#678=CIRCLE('',#677,5.E-3);
#679=STYLED_ITEM('',(#49),#678);
#680=DIRECTION('',(1.E0,3.129989109234E-10,-4.067490983377E-11));
#681=VECTOR('',#680,1.739993556947E-1);
#682=LINE('',#496,#681);
#683=STYLED_ITEM('',(#49),#682);
#684=CARTESIAN_POINT('',(-8.699968306937E-2,1.95E-2,6.848449081676E-2));
#685=AXIS2_PLACEMENT_3D('',#684,#417,#676);
#686=CIRCLE('',#685,5.E-3);
#687=STYLED_ITEM('',(#49),#686);
#688=VECTOR('',#403,1.739993661275E-1);
#689=CARTESIAN_POINT('',(-8.699968306374E-2,2.45E-2,6.848449081676E-2));
#690=LINE('',#689,#688);
#691=STYLED_ITEM('',(#49),#690);
#692=CARTESIAN_POINT('',(8.715229082086E-2,2.038989041381E-2,7.340471217285E-2));
#693=CARTESIAN_POINT('',(8.745742035057E-2,2.043142830120E-2,7.338532330371E-2));
#694=CARTESIAN_POINT('',(8.791218636932E-2,2.048824311160E-2,7.332113123192E-2));
#695=CARTESIAN_POINT('',(8.836132345943E-2,2.053917222353E-2,7.322222906280E-2));
#696=CARTESIAN_POINT('',(8.880217042868E-2,2.058394185105E-2,7.308920573762E-2));
#697=CARTESIAN_POINT('',(8.923211880164E-2,2.062227659936E-2,7.292285775487E-2));
#698=CARTESIAN_POINT('',(8.964862353907E-2,2.065395498548E-2,7.272417516573E-2));
#699=CARTESIAN_POINT('',(9.004921991184E-2,2.067878878416E-2,7.249433982242E-2));
#700=CARTESIAN_POINT('',(9.043153889499E-2,2.069663240570E-2,7.223471567549E-2));
#701=CARTESIAN_POINT('',(9.079331972700E-2,2.070738071027E-2,7.194684166278E-2));
#702=CARTESIAN_POINT('',(9.113242270454E-2,2.071097053135E-2,7.163242268721E-2));
#703=CARTESIAN_POINT('',(9.144684167443E-2,2.070738073725E-2,7.129331970304E-2));
#704=CARTESIAN_POINT('',(9.173471568205E-2,2.069663245552E-2,7.093153886506E-2));
#705=CARTESIAN_POINT('',(9.199433982379E-2,2.067878885376E-2,7.054921987709E-2));
#706=CARTESIAN_POINT('',(9.222417516230E-2,2.065395506808E-2,7.014862350266E-2));
#707=CARTESIAN_POINT('',(9.242285774715E-2,2.062227669835E-2,6.973211875986E-2));
#708=CARTESIAN_POINT('',(9.258920573168E-2,2.058394193744E-2,6.930217038803E-2));
#709=CARTESIAN_POINT('',(9.272222904514E-2,2.053917236379E-2,6.886132339286E-2));
#710=CARTESIAN_POINT('',(9.282113123658E-2,2.048824310928E-2,6.841218638603E-2));
#711=CARTESIAN_POINT('',(9.288532323930E-2,2.043142867984E-2,6.795742009105E-2));
#712=CARTESIAN_POINT('',(9.290471224162E-2,2.038989000947E-2,6.765229125595E-2));
#713=B_SPLINE_CURVE_WITH_KNOTS('',3,(#647,#692,#693,#694,#695,#696,#697,#698,#699,#700,#701,#702,#703,#704,#705,#706,#707,#708,#709,#710,#711,#712,#625),.UNSPECIFIED.,.F.,.F.,(4,1,1,1,1,1,1,1,1,1,1,1,1,1,1,1,1,1,1,1,4),(0.E0,5.E-2,1.E-1,1.5E-1,2.E-1,2.5E-1,3.E-1,3.5E-1,4.E-1,4.5E-1,5.E-1,5.5E-1,6.E-1,6.5E-1,7.E-1,7.5E-1,8.E-1,8.5E-1,9.E-1,9.5E-1,1.E0),.UNSPECIFIED.);
#714=STYLED_ITEM('',(#49),#713);
#715=CARTESIAN_POINT('',(8.798449081676E-2,2.45E-2,6.749968306374E-2));
#716=CARTESIAN_POINT('',(8.798449065303E-2,2.45E-2,6.752579735084E-2));
#717=CARTESIAN_POINT('',(8.798248141558E-2,2.45E-2,6.757778918370E-2));
#718=CARTESIAN_POINT('',(8.797345284521E-2,2.45E-2,6.765528869891E-2));
#719=CARTESIAN_POINT('',(8.795846658335E-2,2.45E-2,6.773163401539E-2));
#720=CARTESIAN_POINT('',(8.793761205453E-2,2.45E-2,6.780642819697E-2));
#721=CARTESIAN_POINT('',(8.791101413115E-2,2.45E-2,6.787921375452E-2));
#722=CARTESIAN_POINT('',(8.787883124397E-2,2.45E-2,6.794956388860E-2));
#723=CARTESIAN_POINT('',(8.784125486133E-2,2.45E-2,6.801706120797E-2));
#724=CARTESIAN_POINT('',(8.779850802853E-2,2.45E-2,6.808130685057E-2));
#725=CARTESIAN_POINT('',(8.775084415531E-2,2.45E-2,6.814192083275E-2));
#726=CARTESIAN_POINT('',(8.769854554728E-2,2.45E-2,6.819854467604E-2));
#727=CARTESIAN_POINT('',(8.764192175218E-2,2.45E-2,6.825084337251E-2));
#728=CARTESIAN_POINT('',(8.758130781497E-2,2.45E-2,6.829850733105E-2));
#729=CARTESIAN_POINT('',(8.751706220900E-2,2.45E-2,6.834125425209E-2));
#730=CARTESIAN_POINT('',(8.744956491853E-2,2.45E-2,6.837883072381E-2));
#731=CARTESIAN_POINT('',(8.737921480824E-2,2.45E-2,6.841101369979E-2));
#732=CARTESIAN_POINT('',(8.730642926070E-2,2.45E-2,6.843761171311E-2));
#733=CARTESIAN_POINT('',(8.723163510917E-2,2.45E-2,6.845846632701E-2));
#734=CARTESIAN_POINT('',(8.715528971112E-2,2.45E-2,6.847345268501E-2));
#735=CARTESIAN_POINT('',(8.707779049866E-2,2.45E-2,6.848248131559E-2));
#736=CARTESIAN_POINT('',(8.702579788421E-2,2.45E-2,6.848449065826E-2));
#737=CARTESIAN_POINT('',(8.699968306374E-2,2.45E-2,6.848449081676E-2));
#738=B_SPLINE_CURVE_WITH_KNOTS('',3,(#715,#716,#717,#718,#719,#720,#721,#722,#723,#724,#725,#726,#727,#728,#729,#730,#731,#732,#733,#734,#735,#736,#737),.UNSPECIFIED.,.F.,.F.,(4,1,1,1,1,1,1,1,1,1,1,1,1,1,1,1,1,1,1,1,4),(0.E0,5.E-2,1.E-1,1.5E-1,2.E-1,2.5E-1,3.E-1,3.5E-1,4.E-1,4.5E-1,5.E-1,5.5E-1,6.E-1,6.5E-1,7.E-1,7.5E-1,8.E-1,8.5E-1,9.E-1,9.5E-1,1.E0),.UNSPECIFIED.);
#739=STYLED_ITEM('',(#49),#738);
#740=CARTESIAN_POINT('',(-8.702579735084E-2,2.45E-2,6.848449065303E-2));
#741=CARTESIAN_POINT('',(-8.707778918370E-2,2.45E-2,6.848248141558E-2));
#742=CARTESIAN_POINT('',(-8.715528869891E-2,2.45E-2,6.847345284521E-2));
#743=CARTESIAN_POINT('',(-8.723163401539E-2,2.45E-2,6.845846658335E-2));
#744=CARTESIAN_POINT('',(-8.730642819697E-2,2.45E-2,6.843761205453E-2));
#745=CARTESIAN_POINT('',(-8.737921375452E-2,2.45E-2,6.841101413115E-2));
#746=CARTESIAN_POINT('',(-8.744956388860E-2,2.45E-2,6.837883124397E-2));
#747=CARTESIAN_POINT('',(-8.751706120797E-2,2.45E-2,6.834125486133E-2));
#748=CARTESIAN_POINT('',(-8.758130685057E-2,2.45E-2,6.829850802853E-2));
#749=CARTESIAN_POINT('',(-8.764192083275E-2,2.45E-2,6.825084415531E-2));
#750=CARTESIAN_POINT('',(-8.769854467604E-2,2.45E-2,6.819854554728E-2));
#751=CARTESIAN_POINT('',(-8.775084337251E-2,2.45E-2,6.814192175218E-2));
#752=CARTESIAN_POINT('',(-8.779850733105E-2,2.45E-2,6.808130781497E-2));
#753=CARTESIAN_POINT('',(-8.784125425209E-2,2.45E-2,6.801706220900E-2));
#754=CARTESIAN_POINT('',(-8.787883072381E-2,2.45E-2,6.794956491853E-2));
#755=CARTESIAN_POINT('',(-8.791101369979E-2,2.45E-2,6.787921480824E-2));
#756=CARTESIAN_POINT('',(-8.793761171311E-2,2.45E-2,6.780642926070E-2));
#757=CARTESIAN_POINT('',(-8.795846632701E-2,2.45E-2,6.773163510917E-2));
#758=CARTESIAN_POINT('',(-8.797345268501E-2,2.45E-2,6.765528971112E-2));
#759=CARTESIAN_POINT('',(-8.798248131559E-2,2.45E-2,6.757779049866E-2));
#760=CARTESIAN_POINT('',(-8.798449065826E-2,2.45E-2,6.752579788421E-2));
#761=CARTESIAN_POINT('',(-8.798449081676E-2,2.45E-2,6.749968306374E-2));
#762=B_SPLINE_CURVE_WITH_KNOTS('',3,(#689,#740,#741,#742,#743,#744,#745,#746,#747,#748,#749,#750,#751,#752,#753,#754,#755,#756,#757,#758,#759,#760,#761),.UNSPECIFIED.,.F.,.F.,(4,1,1,1,1,1,1,1,1,1,1,1,1,1,1,1,1,1,1,1,4),(0.E0,5.E-2,1.E-1,1.5E-1,2.E-1,2.5E-1,3.E-1,3.5E-1,4.E-1,4.5E-1,5.E-1,5.5E-1,6.E-1,6.5E-1,7.E-1,7.5E-1,8.E-1,8.5E-1,9.E-1,9.5E-1,1.E0),.UNSPECIFIED.);
#763=STYLED_ITEM('',(#49),#762);
#764=VECTOR('',#403,1.759689816335E-1);
#765=LINE('',#510,#764);
#766=STYLED_ITEM('',(#49),#765);
#767=LINE('',#533,#764);
#768=STYLED_ITEM('',(#49),#767);
#769=CARTESIAN_POINT('',(8.886286023959E-2,1.261474981171E-2,-7.385748991014E-2));
#770=CARTESIAN_POINT('',(8.891365939009E-2,1.261711473327E-2,-7.385512498859E-2));
#771=CARTESIAN_POINT('',(8.898819484921E-2,1.262775852661E-2,-7.384448119524E-2));
#772=CARTESIAN_POINT('',(8.906043796389E-2,1.264544955571E-2,-7.382679016614E-2));
#773=CARTESIAN_POINT('',(8.913001162717E-2,1.267009909275E-2,-7.380214062911E-2));
#774=CARTESIAN_POINT('',(8.919648156071E-2,1.270156813578E-2,-7.377067158608E-2));
#775=CARTESIAN_POINT('',(8.925951034232E-2,1.273971311408E-2,-7.373252660777E-2));
#776=CARTESIAN_POINT('',(8.931874759519E-2,1.278436085437E-2,-7.368787886748E-2));
#777=CARTESIAN_POINT('',(8.937384462071E-2,1.283529998554E-2,-7.363693973631E-2));
#778=CARTESIAN_POINT('',(8.942445964876E-2,1.289227635001E-2,-7.357996337184E-2));
#779=CARTESIAN_POINT('',(8.947027823994E-2,1.295500958680E-2,-7.351723013506E-2));
#780=CARTESIAN_POINT('',(8.951100382935E-2,1.302318646597E-2,-7.344905325588E-2));
#781=CARTESIAN_POINT('',(8.954635503528E-2,1.309644635272E-2,-7.337579336913E-2));
#782=CARTESIAN_POINT('',(8.957607956259E-2,1.317439818628E-2,-7.329784153557E-2));
#783=CARTESIAN_POINT('',(8.959994959330E-2,1.325660136999E-2,-7.321563835187E-2));
#784=CARTESIAN_POINT('',(8.961777396615E-2,1.334259115117E-2,-7.312964857069E-2));
#785=CARTESIAN_POINT('',(8.962939464878E-2,1.343185028280E-2,-7.304038943905E-2));
#786=CARTESIAN_POINT('',(8.963469513427E-2,1.352384911953E-2,-7.294839060232E-2));
#787=CARTESIAN_POINT('',(8.963360497790E-2,1.361798418150E-2,-7.285425554036E-2));
#788=CARTESIAN_POINT('',(8.962608739700E-2,1.371372882602E-2,-7.275851089584E-2));
#789=CARTESIAN_POINT('',(8.961683501728E-2,1.377804907852E-2,-7.269419064333E-2));
#790=CARTESIAN_POINT('',(8.961113456372E-2,1.381037865040E-2,-7.266186107145E-2));
#791=B_SPLINE_CURVE_WITH_KNOTS('',3,(#570,#769,#770,#771,#772,#773,#774,#775,#776,#777,#778,#779,#780,#781,#782,#783,#784,#785,#786,#787,#788,#789,#790),.UNSPECIFIED.,.F.,.F.,(4,1,1,1,1,1,1,1,1,1,1,1,1,1,1,1,1,1,1,1,4),(0.E0,5.E-2,1.E-1,1.5E-1,2.E-1,2.5E-1,3.E-1,3.5E-1,4.E-1,4.5E-1,5.E-1,5.5E-1,6.E-1,6.5E-1,7.E-1,7.5E-1,8.E-1,8.5E-1,9.E-1,9.5E-1,1.E0),.UNSPECIFIED.);
#792=STYLED_ITEM('',(#49),#791);
#793=CARTESIAN_POINT('',(-8.961113494823E-2,1.381037520818E-2,-7.266186451368E-2));
#794=CARTESIAN_POINT('',(-8.961683436514E-2,1.377805149737E-2,-7.269418822448E-2));
#795=CARTESIAN_POINT('',(-8.962608743713E-2,1.371372982667E-2,-7.275850989519E-2));
#796=CARTESIAN_POINT('',(-8.963360486017E-2,1.361798569960E-2,-7.285425402226E-2));
#797=CARTESIAN_POINT('',(-8.963469517988E-2,1.352385036651E-2,-7.294838935535E-2));
#798=CARTESIAN_POINT('',(-8.962939475740E-2,1.343185149710E-2,-7.304038822475E-2));
#799=CARTESIAN_POINT('',(-8.961777415625E-2,1.334259226879E-2,-7.312964745306E-2));
#800=CARTESIAN_POINT('',(-8.959994985035E-2,1.325660240602E-2,-7.321563731583E-2));
#801=CARTESIAN_POINT('',(-8.957607987794E-2,1.317439912491E-2,-7.329784059695E-2));
#802=CARTESIAN_POINT('',(-8.954635539800E-2,1.309644719319E-2,-7.337579252866E-2));
#803=CARTESIAN_POINT('',(-8.951100423352E-2,1.302318721557E-2,-7.344905250629E-2));
#804=CARTESIAN_POINT('',(-8.947027867706E-2,1.295501024516E-2,-7.351722947669E-2));
#805=CARTESIAN_POINT('',(-8.942446008987E-2,1.289227689283E-2,-7.357996282902E-2));
#806=CARTESIAN_POINT('',(-8.937384503658E-2,1.283530040550E-2,-7.363693931635E-2));
#807=CARTESIAN_POINT('',(-8.931874799079E-2,1.278436118252E-2,-7.368787853934E-2));
#808=CARTESIAN_POINT('',(-8.925951074597E-2,1.273971338636E-2,-7.373252633549E-2));
#809=CARTESIAN_POINT('',(-8.919648196760E-2,1.270156835003E-2,-7.377067137182E-2));
#810=CARTESIAN_POINT('',(-8.913001190340E-2,1.267009919753E-2,-7.380214052433E-2));
#811=CARTESIAN_POINT('',(-8.906043807429E-2,1.264544958214E-2,-7.382679013971E-2));
#812=CARTESIAN_POINT('',(-8.898819496248E-2,1.262775855772E-2,-7.384448116413E-2));
#813=CARTESIAN_POINT('',(-8.891366012282E-2,1.261711481405E-2,-7.385512490780E-2));
#814=CARTESIAN_POINT('',(-8.886286055343E-2,1.261474980261E-2,-7.385748991925E-2));
#815=CARTESIAN_POINT('',(-8.883714850433E-2,1.261474955858E-2,-7.385749016327E-2));
#816=B_SPLINE_CURVE_WITH_KNOTS('',3,(#793,#794,#795,#796,#797,#798,#799,#800,#801,#802,#803,#804,#805,#806,#807,#808,#809,#810,#811,#812,#813,#814,#815),.UNSPECIFIED.,.F.,.F.,(4,1,1,1,1,1,1,1,1,1,1,1,1,1,1,1,1,1,1,1,4),(0.E0,5.E-2,1.E-1,1.5E-1,2.E-1,2.5E-1,3.E-1,3.5E-1,4.E-1,4.5E-1,5.E-1,5.5E-1,6.E-1,6.5E-1,7.E-1,7.5E-1,8.E-1,8.5E-1,9.E-1,9.5E-1,1.E0),.UNSPECIFIED.);
#817=STYLED_ITEM('',(#49),#816);
#818=CARTESIAN_POINT('',(8.798449081676E-2,1.95E-2,-5.990117190999E-2));
#819=AXIS2_PLACEMENT_3D('',#818,#417,#522);
#820=CIRCLE('',#819,5.E-3);
#821=STYLED_ITEM('',(#49),#820);
#822=DIRECTION('',(1.237240302065E-1,-7.016738431599E-1,-7.016738431599E-1));
#823=AXIS2_PLACEMENT_3D('',#818,#822,#518);
#824=CIRCLE('',#823,5.E-3);
#825=STYLED_ITEM('',(#49),#824);
#826=DIRECTION('',(9.848077530122E-1,1.736481776669E-1,0.E0));
#827=AXIS2_PLACEMENT_3D('',#818,#360,#826);
#828=CIRCLE('',#827,5.E-3);
#829=STYLED_ITEM('',(#49),#828);
#830=CARTESIAN_POINT('',(8.798449081676E-2,1.95E-2,6.749968306937E-2));
#831=AXIS2_PLACEMENT_3D('',#830,#360,#826);
#832=CIRCLE('',#831,5.E-3);
#833=STYLED_ITEM('',(#49),#832);
#834=VECTOR('',#373,1.274008549737E-1);
#835=LINE('',#715,#834);
#836=STYLED_ITEM('',(#49),#835);
#837=DIRECTION('',(-9.485525625523E-10,6.087548193312E-9,-1.E0));
#838=VECTOR('',#837,1.274008495684E-1);
#839=LINE('',#625,#838);
#840=STYLED_ITEM('',(#49),#839);
#841=DIRECTION('',(1.710882330027E-1,-9.702917901805E-1,-1.710633170387E-1));
#842=VECTOR('',#841,1.025199582838E-2);
#843=LINE('',#580,#842);
#844=STYLED_ITEM('',(#49),#843);
#845=DIRECTION('',(-1.710932426757E-1,-9.702909338755E-1,-1.710631636258E-1));
#846=VECTOR('',#845,1.025199679016E-2);
#847=LINE('',#540,#846);
#848=STYLED_ITEM('',(#49),#847);
#849=CARTESIAN_POINT('',(-9.057596749883E-2,-9.850523326190E-9,-7.699974212702E-2));
#850=CARTESIAN_POINT('',(-9.054558435876E-2,6.414361612803E-8,-7.700011849470E-2));
#851=CARTESIAN_POINT('',(-9.051520072123E-2,1.355462174536E-11,-7.699999999761E-2));
#852=CARTESIAN_POINT('',(-9.049999999998E-2,0.E0,-7.7E-2));
#853=B_SPLINE_CURVE_WITH_KNOTS('',3,(#163,#849,#850,#851,#852),.UNSPECIFIED.,.F.,.F.,(4,1,4),(0.E0,5.E-1,1.E0),.UNSPECIFIED.);
#854=STYLED_ITEM('',(#49),#853);
#855=LINE('',#852,#656);
#856=STYLED_ITEM('',(#49),#855);
#857=CARTESIAN_POINT('',(9.049999999998E-2,0.E0,-7.7E-2));
#858=CARTESIAN_POINT('',(9.051520080120E-2,1.365862009307E-11,-7.699999999759E-2));
#859=CARTESIAN_POINT('',(9.054558451886E-2,6.414382382031E-8,-7.700011849466E-2));
#860=CARTESIAN_POINT('',(9.057596757849E-2,-9.850419274603E-9,-7.699974212701E-2));
#861=B_SPLINE_CURVE_WITH_KNOTS('',3,(#857,#858,#859,#860,#111),.UNSPECIFIED.,.F.,.F.,(4,1,4),(0.E0,5.E-1,1.E0),.UNSPECIFIED.);
#862=STYLED_ITEM('',(#49),#861);
#863=LINE('',#318,#656);
#864=STYLED_ITEM('',(#49),#863);
#865=DIRECTION('',(-2.671474153004E-12,-1.E0,0.E0));
#866=VECTOR('',#865,8.E-3);
#867=LINE('',#852,#866);
#868=STYLED_ITEM('',(#49),#867);
#869=DIRECTION('',(-1.710883054255E-1,9.702895654432E-1,-1.710758631094E-1));
#870=VECTOR('',#869,2.099191915299E-2);
#871=LINE('',#356,#870);
#872=STYLED_ITEM('',(#49),#871);
#873=DIRECTION('',(1.710882875201E-1,9.702895685258E-1,-1.710758635324E-1));
#874=VECTOR('',#873,2.099191914243E-2);
#875=CARTESIAN_POINT('',(8.699967803630E-2,-2.836824016724E-2,-7.340852969559E-2));
#876=LINE('',#875,#874);
#877=STYLED_ITEM('',(#49),#876);
#878=CARTESIAN_POINT('',(-8.699968306937E-2,-2.75E-2,-6.848449081676E-2));
#879=DIRECTION('',(0.E0,-1.736481776669E-1,-9.848077530122E-1));
#880=AXIS2_PLACEMENT_3D('',#878,#417,#879);
#881=CIRCLE('',#880,5.E-3);
#882=STYLED_ITEM('',(#49),#881);
#883=CARTESIAN_POINT('',(-8.699968306374E-2,-3.25E-2,-6.848449081676E-2));
#884=LINE('',#883,#688);
#885=STYLED_ITEM('',(#49),#884);
#886=CARTESIAN_POINT('',(8.699968306859E-2,-2.75E-2,-6.848449081676E-2));
#887=AXIS2_PLACEMENT_3D('',#886,#417,#879);
#888=CIRCLE('',#887,5.E-3);
#889=STYLED_ITEM('',(#49),#888);
#890=DIRECTION('',(1.E0,-3.129989308628E-10,4.067483007608E-11));
#891=VECTOR('',#890,1.739993556947E-1);
#892=LINE('',#356,#891);
#893=STYLED_ITEM('',(#49),#892);
#894=CARTESIAN_POINT('',(-8.702579735084E-2,-3.25E-2,-6.848449065303E-2));
#895=CARTESIAN_POINT('',(-8.707778918370E-2,-3.25E-2,-6.848248141558E-2));
#896=CARTESIAN_POINT('',(-8.715528869891E-2,-3.25E-2,-6.847345284521E-2));
#897=CARTESIAN_POINT('',(-8.723163401539E-2,-3.25E-2,-6.845846658335E-2));
#898=CARTESIAN_POINT('',(-8.730642819697E-2,-3.25E-2,-6.843761205453E-2));
#899=CARTESIAN_POINT('',(-8.737921375452E-2,-3.25E-2,-6.841101413115E-2));
#900=CARTESIAN_POINT('',(-8.744956388860E-2,-3.25E-2,-6.837883124397E-2));
#901=CARTESIAN_POINT('',(-8.751706120797E-2,-3.25E-2,-6.834125486133E-2));
#902=CARTESIAN_POINT('',(-8.758130685057E-2,-3.25E-2,-6.829850802853E-2));
#903=CARTESIAN_POINT('',(-8.764192083275E-2,-3.25E-2,-6.825084415531E-2));
#904=CARTESIAN_POINT('',(-8.769854467604E-2,-3.25E-2,-6.819854554728E-2));
#905=CARTESIAN_POINT('',(-8.775084337251E-2,-3.25E-2,-6.814192175218E-2));
#906=CARTESIAN_POINT('',(-8.779850733105E-2,-3.25E-2,-6.808130781497E-2));
#907=CARTESIAN_POINT('',(-8.784125425209E-2,-3.25E-2,-6.801706220900E-2));
#908=CARTESIAN_POINT('',(-8.787883072381E-2,-3.25E-2,-6.794956491853E-2));
#909=CARTESIAN_POINT('',(-8.791101369979E-2,-3.25E-2,-6.787921480824E-2));
#910=CARTESIAN_POINT('',(-8.793761171311E-2,-3.25E-2,-6.780642926070E-2));
#911=CARTESIAN_POINT('',(-8.795846632701E-2,-3.25E-2,-6.773163510917E-2));
#912=CARTESIAN_POINT('',(-8.797345268501E-2,-3.25E-2,-6.765528971112E-2));
#913=CARTESIAN_POINT('',(-8.798248131559E-2,-3.25E-2,-6.757779049866E-2));
#914=CARTESIAN_POINT('',(-8.798449065826E-2,-3.25E-2,-6.752579788421E-2));
#915=CARTESIAN_POINT('',(-8.798449081676E-2,-3.25E-2,-6.749968306374E-2));
#916=B_SPLINE_CURVE_WITH_KNOTS('',3,(#883,#894,#895,#896,#897,#898,#899,#900,#901,#902,#903,#904,#905,#906,#907,#908,#909,#910,#911,#912,#913,#914,#915),.UNSPECIFIED.,.F.,.F.,(4,1,1,1,1,1,1,1,1,1,1,1,1,1,1,1,1,1,1,1,4),(0.E0,5.E-2,1.E-1,1.5E-1,2.E-1,2.5E-1,3.E-1,3.5E-1,4.E-1,4.5E-1,5.E-1,5.5E-1,6.E-1,6.5E-1,7.E-1,7.5E-1,8.E-1,8.5E-1,9.E-1,9.5E-1,1.E0),.UNSPECIFIED.);
#917=STYLED_ITEM('',(#49),#916);
#918=CARTESIAN_POINT('',(-8.798449065303E-2,-3.25E-2,6.752579735084E-2));
#919=CARTESIAN_POINT('',(-8.798248141558E-2,-3.25E-2,6.757778918370E-2));
#920=CARTESIAN_POINT('',(-8.797345284521E-2,-3.25E-2,6.765528869891E-2));
#921=CARTESIAN_POINT('',(-8.795846658335E-2,-3.25E-2,6.773163401539E-2));
#922=CARTESIAN_POINT('',(-8.793761205453E-2,-3.25E-2,6.780642819697E-2));
#923=CARTESIAN_POINT('',(-8.791101413115E-2,-3.25E-2,6.787921375452E-2));
#924=CARTESIAN_POINT('',(-8.787883124397E-2,-3.25E-2,6.794956388860E-2));
#925=CARTESIAN_POINT('',(-8.784125486133E-2,-3.25E-2,6.801706120797E-2));
#926=CARTESIAN_POINT('',(-8.779850802853E-2,-3.25E-2,6.808130685057E-2));
#927=CARTESIAN_POINT('',(-8.775084415531E-2,-3.25E-2,6.814192083275E-2));
#928=CARTESIAN_POINT('',(-8.769854554728E-2,-3.25E-2,6.819854467604E-2));
#929=CARTESIAN_POINT('',(-8.764192175218E-2,-3.25E-2,6.825084337251E-2));
#930=CARTESIAN_POINT('',(-8.758130781497E-2,-3.25E-2,6.829850733105E-2));
#931=CARTESIAN_POINT('',(-8.751706220900E-2,-3.25E-2,6.834125425209E-2));
#932=CARTESIAN_POINT('',(-8.744956491853E-2,-3.25E-2,6.837883072381E-2));
#933=CARTESIAN_POINT('',(-8.737921480824E-2,-3.25E-2,6.841101369979E-2));
#934=CARTESIAN_POINT('',(-8.730642926070E-2,-3.25E-2,6.843761171311E-2));
#935=CARTESIAN_POINT('',(-8.723163510917E-2,-3.25E-2,6.845846632701E-2));
#936=CARTESIAN_POINT('',(-8.715528971112E-2,-3.25E-2,6.847345268501E-2));
#937=CARTESIAN_POINT('',(-8.707779049866E-2,-3.25E-2,6.848248131559E-2));
#938=CARTESIAN_POINT('',(-8.702579788421E-2,-3.25E-2,6.848449065826E-2));
#939=CARTESIAN_POINT('',(-8.699968306374E-2,-3.25E-2,6.848449081676E-2));
#940=B_SPLINE_CURVE_WITH_KNOTS('',3,(#375,#918,#919,#920,#921,#922,#923,#924,#925,#926,#927,#928,#929,#930,#931,#932,#933,#934,#935,#936,#937,#938,#939),.UNSPECIFIED.,.F.,.F.,(4,1,1,1,1,1,1,1,1,1,1,1,1,1,1,1,1,1,1,1,4),(0.E0,5.E-2,1.E-1,1.5E-1,2.E-1,2.5E-1,3.E-1,3.5E-1,4.E-1,4.5E-1,5.E-1,5.5E-1,6.E-1,6.5E-1,7.E-1,7.5E-1,8.E-1,8.5E-1,9.E-1,9.5E-1,1.E0),.UNSPECIFIED.);
#941=STYLED_ITEM('',(#49),#940);
#942=CARTESIAN_POINT('',(8.702579735084E-2,-3.25E-2,6.848449065303E-2));
#943=CARTESIAN_POINT('',(8.707778918370E-2,-3.25E-2,6.848248141558E-2));
#944=CARTESIAN_POINT('',(8.715528869891E-2,-3.25E-2,6.847345284521E-2));
#945=CARTESIAN_POINT('',(8.723163401539E-2,-3.25E-2,6.845846658335E-2));
#946=CARTESIAN_POINT('',(8.730642819697E-2,-3.25E-2,6.843761205453E-2));
#947=CARTESIAN_POINT('',(8.737921375452E-2,-3.25E-2,6.841101413115E-2));
#948=CARTESIAN_POINT('',(8.744956388860E-2,-3.25E-2,6.837883124397E-2));
#949=CARTESIAN_POINT('',(8.751706120797E-2,-3.25E-2,6.834125486133E-2));
#950=CARTESIAN_POINT('',(8.758130685057E-2,-3.25E-2,6.829850802854E-2));
#951=CARTESIAN_POINT('',(8.764192083275E-2,-3.25E-2,6.825084415531E-2));
#952=CARTESIAN_POINT('',(8.769854467604E-2,-3.25E-2,6.819854554728E-2));
#953=CARTESIAN_POINT('',(8.775084337251E-2,-3.25E-2,6.814192175217E-2));
#954=CARTESIAN_POINT('',(8.779850733106E-2,-3.25E-2,6.808130781500E-2));
#955=CARTESIAN_POINT('',(8.784125425207E-2,-3.25E-2,6.801706220888E-2));
#956=CARTESIAN_POINT('',(8.787883072388E-2,-3.25E-2,6.794956491898E-2));
#957=CARTESIAN_POINT('',(8.791101369953E-2,-3.25E-2,6.787921480655E-2));
#958=CARTESIAN_POINT('',(8.793761171408E-2,-3.25E-2,6.780642926700E-2));
#959=CARTESIAN_POINT('',(8.795846632337E-2,-3.25E-2,6.773163508564E-2));
#960=CARTESIAN_POINT('',(8.797345269856E-2,-3.25E-2,6.765528979894E-2));
#961=CARTESIAN_POINT('',(8.798248126499E-2,-3.25E-2,6.757779017092E-2));
#962=CARTESIAN_POINT('',(8.798449076729E-2,-3.25E-2,6.752579859039E-2));
#963=CARTESIAN_POINT('',(8.798449092579E-2,-3.25E-2,6.749968165139E-2));
#964=B_SPLINE_CURVE_WITH_KNOTS('',3,(#419,#942,#943,#944,#945,#946,#947,#948,#949,#950,#951,#952,#953,#954,#955,#956,#957,#958,#959,#960,#961,#962,#963),.UNSPECIFIED.,.F.,.F.,(4,1,1,1,1,1,1,1,1,1,1,1,1,1,1,1,1,1,1,1,4),(0.E0,5.E-2,1.E-1,1.5E-1,2.E-1,2.5E-1,3.E-1,3.5E-1,4.E-1,4.5E-1,5.E-1,5.5E-1,6.E-1,6.5E-1,7.E-1,7.5E-1,8.E-1,8.5E-1,9.E-1,9.5E-1,1.E0),.UNSPECIFIED.);
#965=STYLED_ITEM('',(#49),#964);
#966=CARTESIAN_POINT('',(8.798449081676E-2,-3.25E-2,-6.749968306374E-2));
#967=CARTESIAN_POINT('',(8.798449065303E-2,-3.25E-2,-6.752579735084E-2));
#968=CARTESIAN_POINT('',(8.798248141558E-2,-3.25E-2,-6.757778918370E-2));
#969=CARTESIAN_POINT('',(8.797345284521E-2,-3.25E-2,-6.765528869891E-2));
#970=CARTESIAN_POINT('',(8.795846658335E-2,-3.25E-2,-6.773163401539E-2));
#971=CARTESIAN_POINT('',(8.793761205453E-2,-3.25E-2,-6.780642819697E-2));
#972=CARTESIAN_POINT('',(8.791101413115E-2,-3.25E-2,-6.787921375452E-2));
#973=CARTESIAN_POINT('',(8.787883124397E-2,-3.25E-2,-6.794956388860E-2));
#974=CARTESIAN_POINT('',(8.784125486133E-2,-3.25E-2,-6.801706120797E-2));
#975=CARTESIAN_POINT('',(8.779850802853E-2,-3.25E-2,-6.808130685057E-2));
#976=CARTESIAN_POINT('',(8.775084415531E-2,-3.25E-2,-6.814192083275E-2));
#977=CARTESIAN_POINT('',(8.769854554728E-2,-3.25E-2,-6.819854467604E-2));
#978=CARTESIAN_POINT('',(8.764192175218E-2,-3.25E-2,-6.825084337251E-2));
#979=CARTESIAN_POINT('',(8.758130781497E-2,-3.25E-2,-6.829850733105E-2));
#980=CARTESIAN_POINT('',(8.751706220900E-2,-3.25E-2,-6.834125425209E-2));
#981=CARTESIAN_POINT('',(8.744956491853E-2,-3.25E-2,-6.837883072381E-2));
#982=CARTESIAN_POINT('',(8.737921480824E-2,-3.25E-2,-6.841101369979E-2));
#983=CARTESIAN_POINT('',(8.730642926070E-2,-3.25E-2,-6.843761171311E-2));
#984=CARTESIAN_POINT('',(8.723163510917E-2,-3.25E-2,-6.845846632701E-2));
#985=CARTESIAN_POINT('',(8.715528971112E-2,-3.25E-2,-6.847345268501E-2));
#986=CARTESIAN_POINT('',(8.707779049866E-2,-3.25E-2,-6.848248131559E-2));
#987=CARTESIAN_POINT('',(8.702579788421E-2,-3.25E-2,-6.848449065826E-2));
#988=CARTESIAN_POINT('',(8.699968306374E-2,-3.25E-2,-6.848449081676E-2));
#989=B_SPLINE_CURVE_WITH_KNOTS('',3,(#966,#967,#968,#969,#970,#971,#972,#973,#974,#975,#976,#977,#978,#979,#980,#981,#982,#983,#984,#985,#986,#987,#988),.UNSPECIFIED.,.F.,.F.,(4,1,1,1,1,1,1,1,1,1,1,1,1,1,1,1,1,1,1,1,4),(0.E0,5.E-2,1.E-1,1.5E-1,2.E-1,2.5E-1,3.E-1,3.5E-1,4.E-1,4.5E-1,5.E-1,5.5E-1,6.E-1,6.5E-1,7.E-1,7.5E-1,8.E-1,8.5E-1,9.E-1,9.5E-1,1.E0),.UNSPECIFIED.);
#990=STYLED_ITEM('',(#49),#989);
#991=CARTESIAN_POINT('',(9.290471217285E-2,-2.838989041381E-2,6.765229082086E-2));
#992=CARTESIAN_POINT('',(9.288532330371E-2,-2.843142830120E-2,6.795742035057E-2));
#993=CARTESIAN_POINT('',(9.282113123192E-2,-2.848824311160E-2,6.841218636932E-2));
#994=CARTESIAN_POINT('',(9.272222906280E-2,-2.853917222353E-2,6.886132345943E-2));
#995=CARTESIAN_POINT('',(9.258920573762E-2,-2.858394185105E-2,6.930217042868E-2));
#996=CARTESIAN_POINT('',(9.242285775487E-2,-2.862227659936E-2,6.973211880164E-2));
#997=CARTESIAN_POINT('',(9.222417516573E-2,-2.865395498548E-2,7.014862353907E-2));
#998=CARTESIAN_POINT('',(9.199433982242E-2,-2.867878878416E-2,7.054921991184E-2));
#999=CARTESIAN_POINT('',(9.173471567549E-2,-2.869663240570E-2,7.093153889499E-2));
#1000=CARTESIAN_POINT('',(9.144684166278E-2,-2.870738071027E-2,7.129331972700E-2));
#1001=CARTESIAN_POINT('',(9.113242268721E-2,-2.871097053135E-2,7.163242270454E-2));
#1002=CARTESIAN_POINT('',(9.079331970304E-2,-2.870738073725E-2,7.194684167443E-2));
#1003=CARTESIAN_POINT('',(9.043153886506E-2,-2.869663245552E-2,7.223471568205E-2));
#1004=CARTESIAN_POINT('',(9.004921987709E-2,-2.867878885376E-2,7.249433982379E-2));
#1005=CARTESIAN_POINT('',(8.964862350266E-2,-2.865395506808E-2,7.272417516230E-2));
#1006=CARTESIAN_POINT('',(8.923211875986E-2,-2.862227669835E-2,7.292285774715E-2));
#1007=CARTESIAN_POINT('',(8.880217038803E-2,-2.858394193744E-2,7.308920573168E-2));
#1008=CARTESIAN_POINT('',(8.836132339286E-2,-2.853917236379E-2,7.322222904514E-2));
#1009=CARTESIAN_POINT('',(8.791218638603E-2,-2.848824310928E-2,7.332113123658E-2));
#1010=CARTESIAN_POINT('',(8.745742009105E-2,-2.843142867984E-2,7.338532323930E-2));
#1011=CARTESIAN_POINT('',(8.715229125595E-2,-2.838989000947E-2,7.340471224162E-2));
#1012=B_SPLINE_CURVE_WITH_KNOTS('',3,(#185,#991,#992,#993,#994,#995,#996,#997,#998,#999,#1000,#1001,#1002,#1003,#1004,#1005,#1006,#1007,#1008,#1009,#1010,#1011,#410),.UNSPECIFIED.,.F.,.F.,(4,1,1,1,1,1,1,1,1,1,1,1,1,1,1,1,1,1,1,1,4),(0.E0,5.E-2,1.E-1,1.5E-1,2.E-1,2.5E-1,3.E-1,3.5E-1,4.E-1,4.5E-1,5.E-1,5.5E-1,6.E-1,6.5E-1,7.E-1,7.5E-1,8.E-1,8.5E-1,9.E-1,9.5E-1,1.E0),.UNSPECIFIED.);
#1013=STYLED_ITEM('',(#49),#1012);
#1014=CARTESIAN_POINT('',(8.798449081676E-2,-2.75E-2,6.749968306859E-2));
#1015=DIRECTION('',(9.848077530122E-1,-1.736481776669E-1,0.E0));
#1016=AXIS2_PLACEMENT_3D('',#1014,#373,#1015);
#1017=CIRCLE('',#1016,5.E-3);
#1018=STYLED_ITEM('',(#49),#1017);
#1019=DIRECTION('',(-5.242549542252E-11,-4.034212757758E-10,1.E0));
#1020=VECTOR('',#1019,1.349993556947E-1);
#1021=LINE('',#190,#1020);
#1022=STYLED_ITEM('',(#49),#1021);
#1023=CARTESIAN_POINT('',(8.798449081676E-2,-2.75E-2,-6.749968306937E-2));
#1024=AXIS2_PLACEMENT_3D('',#1023,#373,#1015);
#1025=CIRCLE('',#1024,5.E-3);
#1026=STYLED_ITEM('',(#49),#1025);
#1027=DIRECTION('',(8.076968079976E-10,0.E0,1.E0));
#1028=VECTOR('',#1027,1.349993647151E-1);
#1029=LINE('',#966,#1028);
#1030=STYLED_ITEM('',(#49),#1029);
#1031=CARTESIAN_POINT('',(8.715229082086E-2,-2.838989041381E-2,-7.340471217285E-2));
#1032=CARTESIAN_POINT('',(8.745742035057E-2,-2.843142830120E-2,-7.338532330371E-2));
#1033=CARTESIAN_POINT('',(8.791218636932E-2,-2.848824311160E-2,-7.332113123192E-2));
#1034=CARTESIAN_POINT('',(8.836132345943E-2,-2.853917222353E-2,-7.322222906280E-2));
#1035=CARTESIAN_POINT('',(8.880217042868E-2,-2.858394185105E-2,-7.308920573762E-2));
#1036=CARTESIAN_POINT('',(8.923211880164E-2,-2.862227659936E-2,-7.292285775487E-2));
#1037=CARTESIAN_POINT('',(8.964862353907E-2,-2.865395498548E-2,-7.272417516573E-2));
#1038=CARTESIAN_POINT('',(9.004921991184E-2,-2.867878878416E-2,-7.249433982242E-2));
#1039=CARTESIAN_POINT('',(9.043153889499E-2,-2.869663240570E-2,-7.223471567549E-2));
#1040=CARTESIAN_POINT('',(9.079331972700E-2,-2.870738071027E-2,-7.194684166278E-2));
#1041=CARTESIAN_POINT('',(9.113242270454E-2,-2.871097053135E-2,-7.163242268721E-2));
#1042=CARTESIAN_POINT('',(9.144684167443E-2,-2.870738073725E-2,-7.129331970304E-2));
#1043=CARTESIAN_POINT('',(9.173471568205E-2,-2.869663245552E-2,-7.093153886506E-2));
#1044=CARTESIAN_POINT('',(9.199433982379E-2,-2.867878885376E-2,-7.054921987709E-2));
#1045=CARTESIAN_POINT('',(9.222417516230E-2,-2.865395506808E-2,-7.014862350266E-2));
#1046=CARTESIAN_POINT('',(9.242285774715E-2,-2.862227669835E-2,-6.973211875986E-2));
#1047=CARTESIAN_POINT('',(9.258920573168E-2,-2.858394193744E-2,-6.930217038803E-2));
#1048=CARTESIAN_POINT('',(9.272222904514E-2,-2.853917236379E-2,-6.886132339286E-2));
#1049=CARTESIAN_POINT('',(9.282113123658E-2,-2.848824310928E-2,-6.841218638603E-2));
#1050=CARTESIAN_POINT('',(9.288532323930E-2,-2.843142867984E-2,-6.795742009105E-2));
#1051=CARTESIAN_POINT('',(9.290471224162E-2,-2.838989000947E-2,-6.765229125595E-2));
#1052=B_SPLINE_CURVE_WITH_KNOTS('',3,(#875,#1031,#1032,#1033,#1034,#1035,#1036,#1037,#1038,#1039,#1040,#1041,#1042,#1043,#1044,#1045,#1046,#1047,#1048,#1049,#1050,#1051,#190),.UNSPECIFIED.,.F.,.F.,(4,1,1,1,1,1,1,1,1,1,1,1,1,1,1,1,1,1,1,1,4),(0.E0,5.E-2,1.E-1,1.5E-1,2.E-1,2.5E-1,3.E-1,3.5E-1,4.E-1,4.5E-1,5.E-1,5.5E-1,6.E-1,6.5E-1,7.E-1,7.5E-1,8.E-1,8.5E-1,9.E-1,9.5E-1,1.E0),.UNSPECIFIED.);
#1053=STYLED_ITEM('',(#49),#1052);
#1054=CARTESIAN_POINT('',(9.05E-2,-8.E-3,-7.7E-2));
#1055=CARTESIAN_POINT('',(9.053038449398E-2,-8.E-3,-7.7E-2));
#1056=CARTESIAN_POINT('',(9.056076504016E-2,-8.E-3,-7.699974039008E-2));
#1057=B_SPLINE_CURVE_WITH_KNOTS('',3,(#1054,#1055,#1056,#308),.UNSPECIFIED.,.F.,.F.,(4,4),(0.E0,1.E0),.UNSPECIFIED.);
#1058=STYLED_ITEM('',(#49),#1057);
#1059=CARTESIAN_POINT('',(9.649974039008E-2,-8.E-3,-7.106076503996E-2));
#1060=CARTESIAN_POINT('',(9.65E-2,-8.E-3,-7.103038449398E-2));
#1061=CARTESIAN_POINT('',(9.65E-2,-8.E-3,-7.1E-2));
#1062=B_SPLINE_CURVE_WITH_KNOTS('',3,(#286,#1059,#1060,#1061),.UNSPECIFIED.,.F.,.F.,(4,4),(0.E0,1.E0),.UNSPECIFIED.);
#1063=STYLED_ITEM('',(#49),#1062);
#1064=DIRECTION('',(2.520553210594E-12,-1.E0,0.E0));
#1065=VECTOR('',#1064,8.E-3);
#1066=LINE('',#857,#1065);
#1067=STYLED_ITEM('',(#49),#1066);
#1068=VECTOR('',#360,1.42E-1);
#1069=LINE('',#1061,#1068);
#1070=STYLED_ITEM('',(#49),#1069);
#1071=LINE('',#635,#321);
#1072=STYLED_ITEM('',(#49),#1071);
#1073=VERTEX_POINT('',#318);
#1074=VERTEX_POINT('',#1054);
#1075=VERTEX_POINT('',#1061);
#1076=VERTEX_POINT('',#166);
#1077=VERTEX_POINT('',#175);
#1078=VERTEX_POINT('',#430);
#1079=VERTEX_POINT('',#437);
#1080=VERTEX_POINT('',#311);
#1081=CARTESIAN_POINT('',(8.798449081676E-2,2.45E-2,-5.990117190999E-2));
#1082=VERTEX_POINT('',#510);
#1083=VERTEX_POINT('',#1081);
#1084=VERTEX_POINT('',#533);
#1085=VERTEX_POINT('',#620);
#1086=VERTEX_POINT('',#852);
#1087=VERTEX_POINT('',#857);
#1088=VERTEX_POINT('',#180);
#1089=VERTEX_POINT('',#635);
#1090=VERTEX_POINT('',#442);
#1091=VERTEX_POINT('',#653);
#1092=VERTEX_POINT('',#450);
#1093=VERTEX_POINT('',#322);
#1094=VERTEX_POINT('',#506);
#1095=VERTEX_POINT('',#615);
#1096=VERTEX_POINT('',#51);
#1097=VERTEX_POINT('',#73);
#1098=VERTEX_POINT('',#647);
#1099=VERTEX_POINT('',#625);
#1100=CARTESIAN_POINT('',(8.699968306859E-2,2.45E-2,6.848449081676E-2));
#1101=VERTEX_POINT('',#1100);
#1102=VERTEX_POINT('',#715);
#1103=VERTEX_POINT('',#81);
#1104=VERTEX_POINT('',#103);
#1105=VERTEX_POINT('',#455);
#1106=VERTEX_POINT('',#496);
#1107=CARTESIAN_POINT('',(-8.798449081676E-2,2.45E-2,6.749968306859E-2));
#1108=VERTEX_POINT('',#1107);
#1109=VERTEX_POINT('',#689);
#1110=VERTEX_POINT('',#111);
#1111=VERTEX_POINT('',#133);
#1112=VERTEX_POINT('',#583);
#1113=VERTEX_POINT('',#580);
#1114=CARTESIAN_POINT('',(8.961113448069E-2,1.381037904808E-2,-7.266186067377E-2));
#1115=VERTEX_POINT('',#1114);
#1116=VERTEX_POINT('',#570);
#1117=VERTEX_POINT('',#141);
#1118=VERTEX_POINT('',#163);
#1119=VERTEX_POINT('',#540);
#1120=VERTEX_POINT('',#472);
#1121=CARTESIAN_POINT('',(-8.883714856062E-2,1.261474955858E-2,-7.385749016327E-2));
#1122=VERTEX_POINT('',#1121);
#1123=VERTEX_POINT('',#793);
#1124=VERTEX_POINT('',#198);
#1125=VERTEX_POINT('',#220);
#1126=VERTEX_POINT('',#327);
#1127=VERTEX_POINT('',#356);
#1128=CARTESIAN_POINT('',(-8.798449081676E-2,-3.25E-2,-6.749968306859E-2));
#1129=VERTEX_POINT('',#1128);
#1130=VERTEX_POINT('',#883);
#1131=VERTEX_POINT('',#228);
#1132=VERTEX_POINT('',#250);
#1133=VERTEX_POINT('',#378);
#1134=VERTEX_POINT('',#332);
#1135=CARTESIAN_POINT('',(-8.699968306859E-2,-3.25E-2,6.848449081676E-2));
#1136=VERTEX_POINT('',#1135);
#1137=VERTEX_POINT('',#375);
#1138=VERTEX_POINT('',#172);
#1139=VERTEX_POINT('',#169);
#1140=VERTEX_POINT('',#185);
#1141=VERTEX_POINT('',#410);
#1142=CARTESIAN_POINT('',(8.798449098031E-2,-3.25E-2,6.749968306859E-2));
#1143=VERTEX_POINT('',#1142);
#1144=VERTEX_POINT('',#419);
#1145=VERTEX_POINT('',#286);
#1146=VERTEX_POINT('',#308);
#1147=VERTEX_POINT('',#875);
#1148=VERTEX_POINT('',#190);
#1149=CARTESIAN_POINT('',(8.699968306859E-2,-3.25E-2,-6.848449081676E-2));
#1150=VERTEX_POINT('',#1149);
#1151=VERTEX_POINT('',#966);
#1152=CARTESIAN_POINT('',(0.E0,0.E0,0.E0));
#1153=AXIS2_PLACEMENT_3D('',#1152,#522,#403);
#1154=PLANE('',#1153);
#1155=EDGE_CURVE('',#1096,#1097,#46,.T.);
#1156=ORIENTED_EDGE('',*,*,#1155,.T.);
#1157=EDGE_CURVE('',#1096,#1097,#74,.T.);
#1158=ORIENTED_EDGE('',*,*,#1157,.F.);
#1159=EDGE_LOOP('',(#1156,#1158));
#1160=FACE_OUTER_BOUND('',#1159,.F.);
#1161=ADVANCED_FACE('',(#1160),#1154,.F.);
#1162=EDGE_CURVE('',#1103,#1104,#79,.T.);
#1163=ORIENTED_EDGE('',*,*,#1162,.T.);
#1164=EDGE_CURVE('',#1103,#1104,#104,.T.);
#1165=ORIENTED_EDGE('',*,*,#1164,.F.);
#1166=EDGE_LOOP('',(#1163,#1165));
#1167=FACE_OUTER_BOUND('',#1166,.F.);
#1168=ADVANCED_FACE('',(#1167),#1154,.F.);
#1169=EDGE_CURVE('',#1110,#1111,#109,.T.);
#1170=ORIENTED_EDGE('',*,*,#1169,.T.);
#1171=EDGE_CURVE('',#1110,#1111,#134,.T.);
#1172=ORIENTED_EDGE('',*,*,#1171,.F.);
#1173=EDGE_LOOP('',(#1170,#1172));
#1174=FACE_OUTER_BOUND('',#1173,.F.);
#1175=ADVANCED_FACE('',(#1174),#1154,.F.);
#1176=EDGE_CURVE('',#1117,#1118,#139,.T.);
#1177=ORIENTED_EDGE('',*,*,#1176,.T.);
#1178=EDGE_CURVE('',#1117,#1118,#164,.T.);
#1179=ORIENTED_EDGE('',*,*,#1178,.F.);
#1180=EDGE_LOOP('',(#1177,#1179));
#1181=FACE_OUTER_BOUND('',#1180,.F.);
#1182=ADVANCED_FACE('',(#1181),#1154,.F.);
#1183=AXIS2_PLACEMENT_3D('',#42,#43,#403);
#1184=CYLINDRICAL_SURFACE('',#1183,6.E-3);
#1185=EDGE_CURVE('',#1076,#1139,#170,.T.);
#1186=ORIENTED_EDGE('',*,*,#1185,.T.);
#1187=EDGE_CURVE('',#1139,#1138,#256,.T.);
#1188=ORIENTED_EDGE('',*,*,#1187,.T.);
#1189=EDGE_CURVE('',#1138,#1077,#176,.T.);
#1190=ORIENTED_EDGE('',*,*,#1189,.T.);
#1191=EDGE_CURVE('',#1091,#1077,#673,.T.);
#1192=ORIENTED_EDGE('',*,*,#1191,.F.);
#1193=EDGE_CURVE('',#1097,#1091,#654,.T.);
#1194=ORIENTED_EDGE('',*,*,#1193,.F.);
#1195=ORIENTED_EDGE('',*,*,#1155,.F.);
#1196=EDGE_CURVE('',#1088,#1096,#643,.T.);
#1197=ORIENTED_EDGE('',*,*,#1196,.F.);
#1198=EDGE_CURVE('',#1088,#1076,#181,.T.);
#1199=ORIENTED_EDGE('',*,*,#1198,.T.);
#1200=EDGE_LOOP('',(#1186,#1188,#1190,#1192,#1194,#1195,#1197,#1199));
#1201=FACE_OUTER_BOUND('',#1200,.F.);
#1202=ADVANCED_FACE('',(#1201),#1184,.T.);
#1203=CARTESIAN_POINT('',(9.65E-2,-8.E-3,-7.7E-2));
#1204=AXIS2_PLACEMENT_3D('',#1203,#1015,#360);
#1205=PLANE('',#1204);
#1206=EDGE_CURVE('',#1140,#1139,#186,.T.);
#1207=ORIENTED_EDGE('',*,*,#1206,.T.);
#1208=ORIENTED_EDGE('',*,*,#1185,.F.);
#1209=EDGE_CURVE('',#1075,#1076,#1069,.T.);
#1210=ORIENTED_EDGE('',*,*,#1209,.F.);
#1211=EDGE_CURVE('',#1145,#1075,#1062,.T.);
#1212=ORIENTED_EDGE('',*,*,#1211,.F.);
#1213=EDGE_CURVE('',#1148,#1145,#191,.T.);
#1214=ORIENTED_EDGE('',*,*,#1213,.F.);
#1215=EDGE_CURVE('',#1148,#1140,#1021,.T.);
#1216=ORIENTED_EDGE('',*,*,#1215,.T.);
#1217=EDGE_LOOP('',(#1207,#1208,#1210,#1212,#1214,#1216));
#1218=FACE_OUTER_BOUND('',#1217,.F.);
#1219=ADVANCED_FACE('',(#1218),#1205,.T.);
#1220=CARTESIAN_POINT('',(7.298541773143E-2,-1.068052000168E-1,5.348541773143E-2));
#1221=DIRECTION('',(1.710878697460E-1,9.702875252478E-1,1.710878697460E-1));
#1222=AXIS2_PLACEMENT_3D('',#1220,#1221,#404);
#1223=CYLINDRICAL_SURFACE('',#1222,6.E-3);
#1224=EDGE_CURVE('',#1138,#1139,#279,.T.);
#1225=ORIENTED_EDGE('',*,*,#1224,.T.);
#1226=ORIENTED_EDGE('',*,*,#1206,.F.);
#1227=EDGE_CURVE('',#1140,#1141,#1012,.T.);
#1228=ORIENTED_EDGE('',*,*,#1227,.T.);
#1229=EDGE_CURVE('',#1141,#1138,#428,.T.);
#1230=ORIENTED_EDGE('',*,*,#1229,.T.);
#1231=EDGE_LOOP('',(#1225,#1226,#1228,#1230));
#1232=FACE_OUTER_BOUND('',#1231,.F.);
#1233=ADVANCED_FACE('',(#1232),#1223,.T.);
#1234=CARTESIAN_POINT('',(-9.65E-2,-8.E-3,-7.7E-2));
#1235=AXIS2_PLACEMENT_3D('',#1234,#43,#403);
#1236=PLANE('',#1235);
#1237=EDGE_CURVE('',#1125,#1124,#196,.T.);
#1238=ORIENTED_EDGE('',*,*,#1237,.F.);
#1239=EDGE_CURVE('',#1124,#1125,#221,.T.);
#1240=ORIENTED_EDGE('',*,*,#1239,.F.);
#1241=EDGE_LOOP('',(#1238,#1240));
#1242=FACE_OUTER_BOUND('',#1241,.F.);
#1243=ADVANCED_FACE('',(#1242),#1236,.F.);
#1244=EDGE_CURVE('',#1132,#1131,#226,.T.);
#1245=ORIENTED_EDGE('',*,*,#1244,.F.);
#1246=EDGE_CURVE('',#1131,#1132,#251,.T.);
#1247=ORIENTED_EDGE('',*,*,#1246,.F.);
#1248=EDGE_LOOP('',(#1245,#1247));
#1249=FACE_OUTER_BOUND('',#1248,.F.);
#1250=ADVANCED_FACE('',(#1249),#1236,.F.);
#1251=ORIENTED_EDGE('',*,*,#1187,.F.);
#1252=ORIENTED_EDGE('',*,*,#1224,.F.);
#1253=EDGE_LOOP('',(#1251,#1252));
#1254=FACE_OUTER_BOUND('',#1253,.F.);
#1255=ADVANCED_FACE('',(#1254),#1236,.F.);
#1256=EDGE_CURVE('',#1146,#1145,#284,.T.);
#1257=ORIENTED_EDGE('',*,*,#1256,.F.);
#1258=EDGE_CURVE('',#1145,#1146,#309,.T.);
#1259=ORIENTED_EDGE('',*,*,#1258,.F.);
#1260=EDGE_LOOP('',(#1257,#1259));
#1261=FACE_OUTER_BOUND('',#1260,.F.);
#1262=ADVANCED_FACE('',(#1261),#1236,.F.);
#1263=AXIS2_PLACEMENT_3D('',#136,#43,#403);
#1264=CYLINDRICAL_SURFACE('',#1263,6.E-3);
#1265=EDGE_CURVE('',#1080,#1125,#314,.T.);
#1266=ORIENTED_EDGE('',*,*,#1265,.T.);
#1267=ORIENTED_EDGE('',*,*,#1237,.T.);
#1268=EDGE_CURVE('',#1124,#1073,#319,.T.);
#1269=ORIENTED_EDGE('',*,*,#1268,.T.);
#1270=EDGE_CURVE('',#1086,#1073,#867,.T.);
#1271=ORIENTED_EDGE('',*,*,#1270,.F.);
#1272=EDGE_CURVE('',#1118,#1086,#853,.T.);
#1273=ORIENTED_EDGE('',*,*,#1272,.F.);
#1274=ORIENTED_EDGE('',*,*,#1176,.F.);
#1275=EDGE_CURVE('',#1093,#1117,#468,.T.);
#1276=ORIENTED_EDGE('',*,*,#1275,.F.);
#1277=EDGE_CURVE('',#1093,#1080,#323,.T.);
#1278=ORIENTED_EDGE('',*,*,#1277,.T.);
#1279=EDGE_LOOP('',(#1266,#1267,#1269,#1271,#1273,#1274,#1276,#1278));
#1280=FACE_OUTER_BOUND('',#1279,.F.);
#1281=ADVANCED_FACE('',(#1280),#1264,.T.);
#1282=CARTESIAN_POINT('',(-9.65E-2,-8.E-3,7.7E-2));
#1283=AXIS2_PLACEMENT_3D('',#1282,#361,#373);
#1284=PLANE('',#1283);
#1285=EDGE_CURVE('',#1126,#1125,#328,.T.);
#1286=ORIENTED_EDGE('',*,*,#1285,.T.);
#1287=ORIENTED_EDGE('',*,*,#1265,.F.);
#1288=EDGE_CURVE('',#1079,#1080,#446,.T.);
#1289=ORIENTED_EDGE('',*,*,#1288,.F.);
#1290=EDGE_CURVE('',#1131,#1079,#438,.T.);
#1291=ORIENTED_EDGE('',*,*,#1290,.F.);
#1292=EDGE_CURVE('',#1134,#1131,#333,.T.);
#1293=ORIENTED_EDGE('',*,*,#1292,.F.);
#1294=EDGE_CURVE('',#1134,#1126,#367,.T.);
#1295=ORIENTED_EDGE('',*,*,#1294,.T.);
#1296=EDGE_LOOP('',(#1286,#1287,#1289,#1291,#1293,#1295));
#1297=FACE_OUTER_BOUND('',#1296,.F.);
#1298=ADVANCED_FACE('',(#1297),#1284,.T.);
#1299=CARTESIAN_POINT('',(-7.298541773143E-2,-1.068052000168E-1,-5.348541773143E-2));
#1300=DIRECTION('',(-1.710878697460E-1,9.702875252478E-1,-1.710878697460E-1));
#1301=AXIS2_PLACEMENT_3D('',#1299,#1300,#879);
#1302=CYLINDRICAL_SURFACE('',#1301,6.E-3);
#1303=ORIENTED_EDGE('',*,*,#1239,.T.);
#1304=ORIENTED_EDGE('',*,*,#1285,.F.);
#1305=EDGE_CURVE('',#1126,#1127,#357,.T.);
#1306=ORIENTED_EDGE('',*,*,#1305,.T.);
#1307=EDGE_CURVE('',#1127,#1124,#871,.T.);
#1308=ORIENTED_EDGE('',*,*,#1307,.T.);
#1309=EDGE_LOOP('',(#1303,#1304,#1306,#1308));
#1310=FACE_OUTER_BOUND('',#1309,.F.);
#1311=ADVANCED_FACE('',(#1310),#1302,.T.);
#1312=CARTESIAN_POINT('',(-8.690873040787E-2,-2.823041513162E-2,-7.343015828872E-2));
#1313=CARTESIAN_POINT('',(-8.692768966028E-2,-2.823041513162E-2,-7.343044780048E-2));
#1314=CARTESIAN_POINT('',(-8.710078563786E-2,-2.823041513162E-2,-7.343226407576E-2));
#1315=CARTESIAN_POINT('',(-8.742884778202E-2,-2.823041513162E-2,-7.342143023782E-2));
#1316=CARTESIAN_POINT('',(-8.789136567844E-2,-2.823041513162E-2,-7.336988261443E-2));
#1317=CARTESIAN_POINT('',(-8.834995632202E-2,-2.823041513162E-2,-7.328201441055E-2));
#1318=CARTESIAN_POINT('',(-8.880161291599E-2,-2.823041513162E-2,-7.315799877070E-2));
#1319=CARTESIAN_POINT('',(-8.924332325087E-2,-2.823041513162E-2,-7.299828658935E-2));
#1320=CARTESIAN_POINT('',(-8.967206128218E-2,-2.823041513162E-2,-7.280362189208E-2));
#1321=CARTESIAN_POINT('',(-9.008483706257E-2,-2.823041513162E-2,-7.257505148198E-2));
#1322=CARTESIAN_POINT('',(-9.047873525574E-2,-2.823041513162E-2,-7.231392724693E-2));
#1323=CARTESIAN_POINT('',(-9.085095873183E-2,-2.823041513162E-2,-7.202190053699E-2));
#1324=CARTESIAN_POINT('',(-9.119887023073E-2,-2.823041513162E-2,-7.170090858009E-2));
#1325=CARTESIAN_POINT('',(-9.152003202612E-2,-2.823041513162E-2,-7.135315276641E-2));
#1326=CARTESIAN_POINT('',(-9.181224120236E-2,-2.823041513162E-2,-7.098106949400E-2));
#1327=CARTESIAN_POINT('',(-9.207355885012E-2,-2.823041513162E-2,-7.058729492423E-2));
#1328=CARTESIAN_POINT('',(-9.230233182920E-2,-2.823041513162E-2,-7.017462533910E-2));
#1329=CARTESIAN_POINT('',(-9.249720640306E-2,-2.823041513162E-2,-6.974597548712E-2));
#1330=CARTESIAN_POINT('',(-9.265713391134E-2,-2.823041513162E-2,-6.930433498507E-2));
#1331=CARTESIAN_POINT('',(-9.278136850734E-2,-2.823041513162E-2,-6.885272979121E-2));
#1332=CARTESIAN_POINT('',(-9.286945755699E-2,-2.823041513162E-2,-6.839417224926E-2));
#1333=CARTESIAN_POINT('',(-9.292122627007E-2,-2.823041513162E-2,-6.793166948572E-2));
#1334=CARTESIAN_POINT('',(-9.293224753629E-2,-2.823041513162E-2,-6.760265507672E-2));
#1335=CARTESIAN_POINT('',(-9.293046191544E-2,-2.823041513162E-2,-6.742860914836E-2));
#1336=CARTESIAN_POINT('',(-9.293015782497E-2,-2.823041513162E-2,-6.740870231933E-2));
#1337=CARTESIAN_POINT('',(-8.691465966425E-2,-3.086226655085E-2,-7.304156554592E-2));
#1338=CARTESIAN_POINT('',(-8.693238309802E-2,-3.086226655085E-2,-7.304183618522E-2));
#1339=CARTESIAN_POINT('',(-8.709419534597E-2,-3.086226655085E-2,-7.304353404834E-2));
#1340=CARTESIAN_POINT('',(-8.740085749054E-2,-3.086226655085E-2,-7.303340643305E-2));
#1341=CARTESIAN_POINT('',(-8.783316898370E-2,-3.086226655085E-2,-7.298522461607E-2));
#1342=CARTESIAN_POINT('',(-8.826177575717E-2,-3.086226655085E-2,-7.290310079932E-2));
#1343=CARTESIAN_POINT('',(-8.868387057869E-2,-3.086226655085E-2,-7.278720158235E-2));
#1344=CARTESIAN_POINT('',(-8.909664242516E-2,-3.086226655085E-2,-7.263795230312E-2));
#1345=CARTESIAN_POINT('',(-8.949726836598E-2,-3.086226655085E-2,-7.245605113491E-2));
#1346=CARTESIAN_POINT('',(-8.988295993140E-2,-3.086226655085E-2,-7.224247790080E-2));
#1347=CARTESIAN_POINT('',(-9.025099875854E-2,-3.086226655085E-2,-7.199849610368E-2));
#1348=CARTESIAN_POINT('',(-9.059877696086E-2,-3.086226655085E-2,-7.172564763633E-2));
#1349=CARTESIAN_POINT('',(-9.092383568982E-2,-3.086226655085E-2,-7.142574014508E-2));
#1350=CARTESIAN_POINT('',(-9.122390185126E-2,-3.086226655085E-2,-7.110082688746E-2));
#1351=CARTESIAN_POINT('',(-9.149692076909E-2,-3.086226655085E-2,-7.075317972167E-2));
#1352=CARTESIAN_POINT('',(-9.174108323381E-2,-3.086226655085E-2,-7.038525647275E-2));
#1353=CARTESIAN_POINT('',(-9.195484568861E-2,-3.086226655085E-2,-6.999966423603E-2));
#1354=CARTESIAN_POINT('',(-9.213694291182E-2,-3.086226655085E-2,-6.959912082387E-2));
#1355=CARTESIAN_POINT('',(-9.228639335316E-2,-3.086226655085E-2,-6.918641439370E-2));
#1356=CARTESIAN_POINT('',(-9.240249714483E-2,-3.086226655085E-2,-6.876436779014E-2));
#1357=CARTESIAN_POINT('',(-9.248482732913E-2,-3.086226655085E-2,-6.833579215476E-2));
#1358=CARTESIAN_POINT('',(-9.253321577273E-2,-3.086226655085E-2,-6.790349501971E-2));
#1359=CARTESIAN_POINT('',(-9.254351858623E-2,-3.086226655085E-2,-6.759594288415E-2));
#1360=CARTESIAN_POINT('',(-9.254184938023E-2,-3.086226655085E-2,-6.743324265124E-2));
#1361=CARTESIAN_POINT('',(-9.254156511258E-2,-3.086226655085E-2,-6.741463340647E-2));
#1362=CARTESIAN_POINT('',(-8.694575207805E-2,-3.257233305890E-2,-7.100382496410E-2));
#1363=CARTESIAN_POINT('',(-8.695699500529E-2,-3.257233305890E-2,-7.100399663821E-2));
#1364=CARTESIAN_POINT('',(-8.705963652968E-2,-3.257233305890E-2,-7.100507356009E-2));
#1365=CARTESIAN_POINT('',(-8.725407926599E-2,-3.257233305890E-2,-7.099864930408E-2));
#1366=CARTESIAN_POINT('',(-8.752799147124E-2,-3.257233305890E-2,-7.096811743152E-2));
#1367=CARTESIAN_POINT('',(-8.779936589785E-2,-3.257233305890E-2,-7.091611659311E-2));
#1368=CARTESIAN_POINT('',(-8.806644180949E-2,-3.257233305890E-2,-7.084277906726E-2));
#1369=CARTESIAN_POINT('',(-8.832746318377E-2,-3.257233305890E-2,-7.074839617611E-2));
#1370=CARTESIAN_POINT('',(-8.858067219850E-2,-3.257233305890E-2,-7.063342564837E-2));
#1371=CARTESIAN_POINT('',(-8.882433691195E-2,-3.257233305890E-2,-7.049849607058E-2));
#1372=CARTESIAN_POINT('',(-8.905677186962E-2,-3.257233305890E-2,-7.034440746395E-2));
#1373=CARTESIAN_POINT('',(-8.927636155760E-2,-3.257233305890E-2,-7.017212773836E-2));
#1374=CARTESIAN_POINT('',(-8.948158269931E-2,-3.257233305890E-2,-6.998278502761E-2));
#1375=CARTESIAN_POINT('',(-8.967102551485E-2,-3.257233305890E-2,-6.977765579668E-2));
#1376=CARTESIAN_POINT('',(-8.984341268110E-2,-3.257233305890E-2,-6.955814907359E-2));
#1377=CARTESIAN_POINT('',(-8.999761512138E-2,-3.257233305890E-2,-6.932578750612E-2));
#1378=CARTESIAN_POINT('',(-9.013266392268E-2,-3.257233305890E-2,-6.908218611382E-2));
#1379=CARTESIAN_POINT('',(-9.024775802651E-2,-3.257233305890E-2,-6.882902999622E-2));
#1380=CARTESIAN_POINT('',(-9.034226780085E-2,-3.257233305890E-2,-6.856805087836E-2));
#1381=CARTESIAN_POINT('',(-9.041573448654E-2,-3.257233305890E-2,-6.830100649787E-2));
#1382=CARTESIAN_POINT('',(-9.046786577020E-2,-3.257233305890E-2,-6.802965291273E-2));
#1383=CARTESIAN_POINT('',(-9.049852842655E-2,-3.257233305890E-2,-6.775575100282E-2));
#1384=CARTESIAN_POINT('',(-9.050506374753E-2,-3.257233305890E-2,-6.756074483311E-2));
#1385=CARTESIAN_POINT('',(-9.050400500909E-2,-3.257233305890E-2,-6.745754026622E-2));
#1386=CARTESIAN_POINT('',(-9.050382469026E-2,-3.257233305890E-2,-6.744573542051E-2));
#1387=CARTESIAN_POINT('',(-8.698632451694E-2,-3.249805057512E-2,-6.834478067874E-2));
#1388=CARTESIAN_POINT('',(-8.698911104202E-2,-3.249805057512E-2,-6.834482321332E-2));
#1389=CARTESIAN_POINT('',(-8.701454078796E-2,-3.249805057512E-2,-6.834508987003E-2));
#1390=CARTESIAN_POINT('',(-8.706254860567E-2,-3.249805057512E-2,-6.834349812135E-2));
#1391=CARTESIAN_POINT('',(-8.712976584441E-2,-3.249805057512E-2,-6.833599763184E-2));
#1392=CARTESIAN_POINT('',(-8.719596804394E-2,-3.249805057512E-2,-6.832330421758E-2));
#1393=CARTESIAN_POINT('',(-8.726076003870E-2,-3.249805057512E-2,-6.830550537146E-2));
#1394=CARTESIAN_POINT('',(-8.732376247501E-2,-3.249805057512E-2,-6.828271753859E-2));
#1395=CARTESIAN_POINT('',(-8.738460738884E-2,-3.249805057512E-2,-6.825508469191E-2));
#1396=CARTESIAN_POINT('',(-8.744294150013E-2,-3.249805057512E-2,-6.822277709006E-2));
#1397=CARTESIAN_POINT('',(-8.749842719477E-2,-3.249805057512E-2,-6.818598995772E-2));
#1398=CARTESIAN_POINT('',(-8.755074390426E-2,-3.249805057512E-2,-6.814494221545E-2));
#1399=CARTESIAN_POINT('',(-8.759958917831E-2,-3.249805057512E-2,-6.809987530230E-2));
#1400=CARTESIAN_POINT('',(-8.764467977434E-2,-3.249805057512E-2,-6.805105204796E-2));
#1401=CARTESIAN_POINT('',(-8.768575273587E-2,-3.249805057512E-2,-6.799875557476E-2));
#1402=CARTESIAN_POINT('',(-8.772256649033E-2,-3.249805057512E-2,-6.794328821924E-2));
#1403=CARTESIAN_POINT('',(-8.775490197653E-2,-3.249805057512E-2,-6.788497044291E-2));
#1404=CARTESIAN_POINT('',(-8.778256382168E-2,-3.249805057512E-2,-6.782413976006E-2));
#1405=CARTESIAN_POINT('',(-8.780538161130E-2,-3.249805057512E-2,-6.776114935890E-2));
#1406=CARTESIAN_POINT('',(-8.782321120854E-2,-3.249805057512E-2,-6.769636712069E-2));
#1407=CARTESIAN_POINT('',(-8.783593599714E-2,-3.249805057512E-2,-6.763017232657E-2));
#1408=CARTESIAN_POINT('',(-8.784346830328E-2,-3.249805057512E-2,-6.756296008167E-2));
#1409=CARTESIAN_POINT('',(-8.784508742956E-2,-3.249805057512E-2,-6.751481495503E-2));
#1410=CARTESIAN_POINT('',(-8.784482528922E-2,-3.249805057512E-2,-6.748924618346E-2));
#1411=CARTESIAN_POINT('',(-8.784478061302E-2,-3.249805057512E-2,-6.748632038674E-2));
#1412=(BOUNDED_SURFACE()B_SPLINE_SURFACE(3,3,((#1312,#1313,#1314,#1315,#1316,#1317,#1318,#1319,#1320,#1321,#1322,#1323,#1324,#1325,#1326,#1327,#1328,#1329,#1330,#1331,#1332,#1333,#1334,#1335,#1336),(#1337,#1338,#1339,#1340,#1341,#1342,#1343,#1344,#1345,#1346,#1347,#1348,#1349,#1350,#1351,#1352,#1353,#1354,#1355,#1356,#1357,#1358,#1359,#1360,#1361),(#1362,#1363,#1364,#1365,#1366,#1367,#1368,#1369,#1370,#1371,#1372,#1373,#1374,#1375,#1376,#1377,#1378,#1379,#1380,#1381,#1382,#1383,#1384,#1385,#1386),(#1387,#1388,#1389,#1390,#1391,#1392,#1393,#1394,#1395,#1396,#1397,#1398,#1399,#1400,#1401,#1402,#1403,#1404,#1405,#1406,#1407,#1408,#1409,#1410,#1411)),.UNSPECIFIED.,.F.,.F.,.F.)B_SPLINE_SURFACE_WITH_KNOTS((4,4),(4,1,1,1,1,1,1,1,1,1,1,1,1,1,1,1,1,1,1,1,1,1,4),(0.E0,1.E0),(-6.158411976919E-3,0.E0,5.004776650773E-2,1.000819547074E-1,1.501034208220E-1,2.001130162904E-1,2.501119220663E-1,3.001014983204E-1,3.500832641786E-1,4.000590045484E-1,4.500306627300E-1,5.000002582569E-1,5.499698474644E-1,5.999414868569E-1,6.499171964170E-1,6.998989201615E-1,7.498884439776E-1,7.998872883162E-1,8.498968148607E-1,8.999182061348E-1,9.499523152059E-1,1.E0,1.006466240212E0),.UNSPECIFIED.)GEOMETRIC_REPRESENTATION_ITEM()RATIONAL_B_SPLINE_SURFACE(((1.144296936789E0,1.144296936789E0,1.144296936789E0,1.144296936789E0,1.144296936789E0,1.144296936789E0,1.144296936789E0,1.144296936789E0,1.144296936789E0,1.144296936789E0,1.144296936789E0,1.144296936789E0,1.144296936789E0,1.144296936789E0,1.144296936789E0,1.144296936789E0,1.144296936789E0,1.144296936789E0,1.144296936789E0,1.144296936789E0,1.144296936789E0,1.144296936789E0,1.144296936789E0,1.144296936789E0,1.144296936789E0),(9.519010210702E-1,9.519010210702E-1,9.519010210702E-1,9.519010210702E-1,9.519010210702E-1,9.519010210702E-1,9.519010210702E-1,9.519010210702E-1,9.519010210702E-1,9.519010210702E-1,9.519010210702E-1,9.519010210702E-1,9.519010210702E-1,9.519010210702E-1,9.519010210702E-1,9.519010210702E-1,9.519010210702E-1,9.519010210702E-1,9.519010210702E-1,9.519010210702E-1,9.519010210702E-1,9.519010210702E-1,9.519010210702E-1,9.519010210702E-1,9.519010210702E-1),(9.519010210702E-1,9.519010210702E-1,9.519010210702E-1,9.519010210702E-1,9.519010210702E-1,9.519010210702E-1,9.519010210702E-1,9.519010210702E-1,9.519010210702E-1,9.519010210702E-1,9.519010210702E-1,9.519010210702E-1,9.519010210702E-1,9.519010210702E-1,9.519010210702E-1,9.519010210702E-1,9.519010210702E-1,9.519010210702E-1,9.519010210702E-1,9.519010210702E-1,9.519010210702E-1,9.519010210702E-1,9.519010210702E-1,9.519010210702E-1,9.519010210702E-1),(1.144296936789E0,1.144296936789E0,1.144296936789E0,1.144296936789E0,1.144296936789E0,1.144296936789E0,1.144296936789E0,1.144296936789E0,1.144296936789E0,1.144296936789E0,1.144296936789E0,1.144296936789E0,1.144296936789E0,1.144296936789E0,1.144296936789E0,1.144296936789E0,1.144296936789E0,1.144296936789E0,1.144296936789E0,1.144296936789E0,1.144296936789E0,1.144296936789E0,1.144296936789E0,1.144296936789E0,1.144296936789E0)))REPRESENTATION_ITEM('')SURFACE());
#1413=EDGE_CURVE('',#1126,#1129,#363,.T.);
#1414=ORIENTED_EDGE('',*,*,#1413,.T.);
#1415=EDGE_CURVE('',#1130,#1129,#916,.T.);
#1416=ORIENTED_EDGE('',*,*,#1415,.F.);
#1417=EDGE_CURVE('',#1127,#1130,#881,.T.);
#1418=ORIENTED_EDGE('',*,*,#1417,.F.);
#1419=ORIENTED_EDGE('',*,*,#1305,.F.);
#1420=EDGE_LOOP('',(#1414,#1416,#1418,#1419));
#1421=FACE_OUTER_BOUND('',#1420,.F.);
#1422=ADVANCED_FACE('',(#1421),#1412,.T.);
#1423=CARTESIAN_POINT('',(-8.798449081676E-2,-2.75E-2,7.340852958182E-2));
#1424=AXIS2_PLACEMENT_3D('',#1423,#373,#43);
#1425=CYLINDRICAL_SURFACE('',#1424,5.E-3);
#1426=ORIENTED_EDGE('',*,*,#1413,.F.);
#1427=ORIENTED_EDGE('',*,*,#1294,.F.);
#1428=EDGE_CURVE('',#1134,#1137,#371,.T.);
#1429=ORIENTED_EDGE('',*,*,#1428,.T.);
#1430=EDGE_CURVE('',#1137,#1129,#376,.T.);
#1431=ORIENTED_EDGE('',*,*,#1430,.T.);
#1432=EDGE_LOOP('',(#1426,#1427,#1429,#1431));
#1433=FACE_OUTER_BOUND('',#1432,.F.);
#1434=ADVANCED_FACE('',(#1433),#1425,.T.);
#1435=CARTESIAN_POINT('',(-9.293015828872E-2,-2.823041513162E-2,6.740873040787E-2));
#1436=CARTESIAN_POINT('',(-9.293044780048E-2,-2.823041513162E-2,6.742768966028E-2));
#1437=CARTESIAN_POINT('',(-9.293226407576E-2,-2.823041513162E-2,6.760078563786E-2));
#1438=CARTESIAN_POINT('',(-9.292143023782E-2,-2.823041513162E-2,6.792884778202E-2));
#1439=CARTESIAN_POINT('',(-9.286988261443E-2,-2.823041513162E-2,6.839136567844E-2));
#1440=CARTESIAN_POINT('',(-9.278201441055E-2,-2.823041513162E-2,6.884995632202E-2));
#1441=CARTESIAN_POINT('',(-9.265799877070E-2,-2.823041513162E-2,6.930161291599E-2));
#1442=CARTESIAN_POINT('',(-9.249828658935E-2,-2.823041513162E-2,6.974332325087E-2));
#1443=CARTESIAN_POINT('',(-9.230362189208E-2,-2.823041513162E-2,7.017206128218E-2));
#1444=CARTESIAN_POINT('',(-9.207505148198E-2,-2.823041513162E-2,7.058483706257E-2));
#1445=CARTESIAN_POINT('',(-9.181392724693E-2,-2.823041513162E-2,7.097873525574E-2));
#1446=CARTESIAN_POINT('',(-9.152190053699E-2,-2.823041513162E-2,7.135095873183E-2));
#1447=CARTESIAN_POINT('',(-9.120090858009E-2,-2.823041513162E-2,7.169887023073E-2));
#1448=CARTESIAN_POINT('',(-9.085315276641E-2,-2.823041513162E-2,7.202003202612E-2));
#1449=CARTESIAN_POINT('',(-9.048106949400E-2,-2.823041513162E-2,7.231224120236E-2));
#1450=CARTESIAN_POINT('',(-9.008729492423E-2,-2.823041513162E-2,7.257355885012E-2));
#1451=CARTESIAN_POINT('',(-8.967462533910E-2,-2.823041513162E-2,7.280233182920E-2));
#1452=CARTESIAN_POINT('',(-8.924597548712E-2,-2.823041513162E-2,7.299720640306E-2));
#1453=CARTESIAN_POINT('',(-8.880433498507E-2,-2.823041513162E-2,7.315713391134E-2));
#1454=CARTESIAN_POINT('',(-8.835272979121E-2,-2.823041513162E-2,7.328136850734E-2));
#1455=CARTESIAN_POINT('',(-8.789417224926E-2,-2.823041513162E-2,7.336945755699E-2));
#1456=CARTESIAN_POINT('',(-8.743166948572E-2,-2.823041513162E-2,7.342122627007E-2));
#1457=CARTESIAN_POINT('',(-8.710265507672E-2,-2.823041513162E-2,7.343224753629E-2));
#1458=CARTESIAN_POINT('',(-8.692860914836E-2,-2.823041513162E-2,7.343046191544E-2));
#1459=CARTESIAN_POINT('',(-8.690870231933E-2,-2.823041513162E-2,7.343015782497E-2));
#1460=CARTESIAN_POINT('',(-9.254156554592E-2,-3.086226655085E-2,6.741465966425E-2));
#1461=CARTESIAN_POINT('',(-9.254183618523E-2,-3.086226655085E-2,6.743238309802E-2));
#1462=CARTESIAN_POINT('',(-9.254353404834E-2,-3.086226655085E-2,6.759419534597E-2));
#1463=CARTESIAN_POINT('',(-9.253340643305E-2,-3.086226655085E-2,6.790085749054E-2));
#1464=CARTESIAN_POINT('',(-9.248522461607E-2,-3.086226655085E-2,6.833316898370E-2));
#1465=CARTESIAN_POINT('',(-9.240310079932E-2,-3.086226655085E-2,6.876177575717E-2));
#1466=CARTESIAN_POINT('',(-9.228720158235E-2,-3.086226655085E-2,6.918387057869E-2));
#1467=CARTESIAN_POINT('',(-9.213795230312E-2,-3.086226655085E-2,6.959664242516E-2));
#1468=CARTESIAN_POINT('',(-9.195605113491E-2,-3.086226655085E-2,6.999726836598E-2));
#1469=CARTESIAN_POINT('',(-9.174247790080E-2,-3.086226655085E-2,7.038295993140E-2));
#1470=CARTESIAN_POINT('',(-9.149849610368E-2,-3.086226655085E-2,7.075099875854E-2));
#1471=CARTESIAN_POINT('',(-9.122564763633E-2,-3.086226655085E-2,7.109877696086E-2));
#1472=CARTESIAN_POINT('',(-9.092574014508E-2,-3.086226655085E-2,7.142383568982E-2));
#1473=CARTESIAN_POINT('',(-9.060082688746E-2,-3.086226655085E-2,7.172390185126E-2));
#1474=CARTESIAN_POINT('',(-9.025317972167E-2,-3.086226655085E-2,7.199692076909E-2));
#1475=CARTESIAN_POINT('',(-8.988525647275E-2,-3.086226655085E-2,7.224108323381E-2));
#1476=CARTESIAN_POINT('',(-8.949966423603E-2,-3.086226655085E-2,7.245484568861E-2));
#1477=CARTESIAN_POINT('',(-8.909912082387E-2,-3.086226655085E-2,7.263694291182E-2));
#1478=CARTESIAN_POINT('',(-8.868641439370E-2,-3.086226655085E-2,7.278639335316E-2));
#1479=CARTESIAN_POINT('',(-8.826436779014E-2,-3.086226655085E-2,7.290249714483E-2));
#1480=CARTESIAN_POINT('',(-8.783579215476E-2,-3.086226655085E-2,7.298482732913E-2));
#1481=CARTESIAN_POINT('',(-8.740349501971E-2,-3.086226655085E-2,7.303321577273E-2));
#1482=CARTESIAN_POINT('',(-8.709594288415E-2,-3.086226655085E-2,7.304351858623E-2));
#1483=CARTESIAN_POINT('',(-8.693324265124E-2,-3.086226655085E-2,7.304184938023E-2));
#1484=CARTESIAN_POINT('',(-8.691463340647E-2,-3.086226655085E-2,7.304156511258E-2));
#1485=CARTESIAN_POINT('',(-9.050382496410E-2,-3.257233305890E-2,6.744575207805E-2));
#1486=CARTESIAN_POINT('',(-9.050399663821E-2,-3.257233305890E-2,6.745699500529E-2));
#1487=CARTESIAN_POINT('',(-9.050507356009E-2,-3.257233305890E-2,6.755963652968E-2));
#1488=CARTESIAN_POINT('',(-9.049864930408E-2,-3.257233305890E-2,6.775407926599E-2));
#1489=CARTESIAN_POINT('',(-9.046811743152E-2,-3.257233305890E-2,6.802799147124E-2));
#1490=CARTESIAN_POINT('',(-9.041611659311E-2,-3.257233305890E-2,6.829936589785E-2));
#1491=CARTESIAN_POINT('',(-9.034277906726E-2,-3.257233305890E-2,6.856644180949E-2));
#1492=CARTESIAN_POINT('',(-9.024839617611E-2,-3.257233305890E-2,6.882746318377E-2));
#1493=CARTESIAN_POINT('',(-9.013342564837E-2,-3.257233305890E-2,6.908067219850E-2));
#1494=CARTESIAN_POINT('',(-8.999849607058E-2,-3.257233305890E-2,6.932433691195E-2));
#1495=CARTESIAN_POINT('',(-8.984440746395E-2,-3.257233305890E-2,6.955677186962E-2));
#1496=CARTESIAN_POINT('',(-8.967212773836E-2,-3.257233305890E-2,6.977636155760E-2));
#1497=CARTESIAN_POINT('',(-8.948278502761E-2,-3.257233305890E-2,6.998158269931E-2));
#1498=CARTESIAN_POINT('',(-8.927765579668E-2,-3.257233305890E-2,7.017102551485E-2));
#1499=CARTESIAN_POINT('',(-8.905814907359E-2,-3.257233305890E-2,7.034341268110E-2));
#1500=CARTESIAN_POINT('',(-8.882578750612E-2,-3.257233305890E-2,7.049761512138E-2));
#1501=CARTESIAN_POINT('',(-8.858218611382E-2,-3.257233305890E-2,7.063266392268E-2));
#1502=CARTESIAN_POINT('',(-8.832902999622E-2,-3.257233305890E-2,7.074775802651E-2));
#1503=CARTESIAN_POINT('',(-8.806805087836E-2,-3.257233305890E-2,7.084226780085E-2));
#1504=CARTESIAN_POINT('',(-8.780100649787E-2,-3.257233305890E-2,7.091573448654E-2));
#1505=CARTESIAN_POINT('',(-8.752965291273E-2,-3.257233305890E-2,7.096786577020E-2));
#1506=CARTESIAN_POINT('',(-8.725575100282E-2,-3.257233305890E-2,7.099852842655E-2));
#1507=CARTESIAN_POINT('',(-8.706074483311E-2,-3.257233305890E-2,7.100506374753E-2));
#1508=CARTESIAN_POINT('',(-8.695754026622E-2,-3.257233305890E-2,7.100400500909E-2));
#1509=CARTESIAN_POINT('',(-8.694573542051E-2,-3.257233305890E-2,7.100382469026E-2));
#1510=CARTESIAN_POINT('',(-8.784478067874E-2,-3.249805057512E-2,6.748632451694E-2));
#1511=CARTESIAN_POINT('',(-8.784482321332E-2,-3.249805057512E-2,6.748911104202E-2));
#1512=CARTESIAN_POINT('',(-8.784508987003E-2,-3.249805057512E-2,6.751454078796E-2));
#1513=CARTESIAN_POINT('',(-8.784349812135E-2,-3.249805057512E-2,6.756254860567E-2));
#1514=CARTESIAN_POINT('',(-8.783599763184E-2,-3.249805057512E-2,6.762976584441E-2));
#1515=CARTESIAN_POINT('',(-8.782330421758E-2,-3.249805057512E-2,6.769596804394E-2));
#1516=CARTESIAN_POINT('',(-8.780550537146E-2,-3.249805057512E-2,6.776076003870E-2));
#1517=CARTESIAN_POINT('',(-8.778271753859E-2,-3.249805057512E-2,6.782376247501E-2));
#1518=CARTESIAN_POINT('',(-8.775508469191E-2,-3.249805057512E-2,6.788460738884E-2));
#1519=CARTESIAN_POINT('',(-8.772277709006E-2,-3.249805057512E-2,6.794294150013E-2));
#1520=CARTESIAN_POINT('',(-8.768598995772E-2,-3.249805057512E-2,6.799842719477E-2));
#1521=CARTESIAN_POINT('',(-8.764494221545E-2,-3.249805057512E-2,6.805074390426E-2));
#1522=CARTESIAN_POINT('',(-8.759987530230E-2,-3.249805057512E-2,6.809958917831E-2));
#1523=CARTESIAN_POINT('',(-8.755105204796E-2,-3.249805057512E-2,6.814467977434E-2));
#1524=CARTESIAN_POINT('',(-8.749875557476E-2,-3.249805057512E-2,6.818575273587E-2));
#1525=CARTESIAN_POINT('',(-8.744328821924E-2,-3.249805057512E-2,6.822256649033E-2));
#1526=CARTESIAN_POINT('',(-8.738497044291E-2,-3.249805057512E-2,6.825490197653E-2));
#1527=CARTESIAN_POINT('',(-8.732413976006E-2,-3.249805057512E-2,6.828256382168E-2));
#1528=CARTESIAN_POINT('',(-8.726114935890E-2,-3.249805057512E-2,6.830538161130E-2));
#1529=CARTESIAN_POINT('',(-8.719636712069E-2,-3.249805057512E-2,6.832321120854E-2));
#1530=CARTESIAN_POINT('',(-8.713017232657E-2,-3.249805057512E-2,6.833593599714E-2));
#1531=CARTESIAN_POINT('',(-8.706296008167E-2,-3.249805057512E-2,6.834346830328E-2));
#1532=CARTESIAN_POINT('',(-8.701481495503E-2,-3.249805057512E-2,6.834508742956E-2));
#1533=CARTESIAN_POINT('',(-8.698924618346E-2,-3.249805057512E-2,6.834482528922E-2));
#1534=CARTESIAN_POINT('',(-8.698632038674E-2,-3.249805057512E-2,6.834478061302E-2));
#1535=(BOUNDED_SURFACE()B_SPLINE_SURFACE(3,3,((#1435,#1436,#1437,#1438,#1439,#1440,#1441,#1442,#1443,#1444,#1445,#1446,#1447,#1448,#1449,#1450,#1451,#1452,#1453,#1454,#1455,#1456,#1457,#1458,#1459),(#1460,#1461,#1462,#1463,#1464,#1465,#1466,#1467,#1468,#1469,#1470,#1471,#1472,#1473,#1474,#1475,#1476,#1477,#1478,#1479,#1480,#1481,#1482,#1483,#1484),(#1485,#1486,#1487,#1488,#1489,#1490,#1491,#1492,#1493,#1494,#1495,#1496,#1497,#1498,#1499,#1500,#1501,#1502,#1503,#1504,#1505,#1506,#1507,#1508,#1509),(#1510,#1511,#1512,#1513,#1514,#1515,#1516,#1517,#1518,#1519,#1520,#1521,#1522,#1523,#1524,#1525,#1526,#1527,#1528,#1529,#1530,#1531,#1532,#1533,#1534)),.UNSPECIFIED.,.F.,.F.,.F.)B_SPLINE_SURFACE_WITH_KNOTS((4,4),(4,1,1,1,1,1,1,1,1,1,1,1,1,1,1,1,1,1,1,1,1,1,4),(0.E0,1.E0),(-6.158411976918E-3,0.E0,5.004776650773E-2,1.000819547074E-1,1.501034208220E-1,2.001130162904E-1,2.501119220663E-1,3.001014983204E-1,3.500832641786E-1,4.000590045484E-1,4.500306627300E-1,5.000002582569E-1,5.499698474644E-1,5.999414868569E-1,6.499171964170E-1,6.998989201615E-1,7.498884439776E-1,7.998872883161E-1,8.498968148607E-1,8.999182061348E-1,9.499523152059E-1,1.E0,1.006466240213E0),.UNSPECIFIED.)GEOMETRIC_REPRESENTATION_ITEM()RATIONAL_B_SPLINE_SURFACE(((1.144296936789E0,1.144296936789E0,1.144296936789E0,1.144296936789E0,1.144296936789E0,1.144296936789E0,1.144296936789E0,1.144296936789E0,1.144296936789E0,1.144296936789E0,1.144296936789E0,1.144296936789E0,1.144296936789E0,1.144296936789E0,1.144296936789E0,1.144296936789E0,1.144296936789E0,1.144296936789E0,1.144296936789E0,1.144296936789E0,1.144296936789E0,1.144296936789E0,1.144296936789E0,1.144296936789E0,1.144296936789E0),(9.519010210702E-1,9.519010210702E-1,9.519010210702E-1,9.519010210702E-1,9.519010210702E-1,9.519010210702E-1,9.519010210702E-1,9.519010210702E-1,9.519010210702E-1,9.519010210702E-1,9.519010210702E-1,9.519010210702E-1,9.519010210702E-1,9.519010210702E-1,9.519010210702E-1,9.519010210702E-1,9.519010210702E-1,9.519010210702E-1,9.519010210702E-1,9.519010210702E-1,9.519010210702E-1,9.519010210702E-1,9.519010210702E-1,9.519010210702E-1,9.519010210702E-1),(9.519010210702E-1,9.519010210702E-1,9.519010210702E-1,9.519010210702E-1,9.519010210702E-1,9.519010210702E-1,9.519010210702E-1,9.519010210702E-1,9.519010210702E-1,9.519010210702E-1,9.519010210702E-1,9.519010210702E-1,9.519010210702E-1,9.519010210702E-1,9.519010210702E-1,9.519010210702E-1,9.519010210702E-1,9.519010210702E-1,9.519010210702E-1,9.519010210702E-1,9.519010210702E-1,9.519010210702E-1,9.519010210702E-1,9.519010210702E-1,9.519010210702E-1),(1.144296936789E0,1.144296936789E0,1.144296936789E0,1.144296936789E0,1.144296936789E0,1.144296936789E0,1.144296936789E0,1.144296936789E0,1.144296936789E0,1.144296936789E0,1.144296936789E0,1.144296936789E0,1.144296936789E0,1.144296936789E0,1.144296936789E0,1.144296936789E0,1.144296936789E0,1.144296936789E0,1.144296936789E0,1.144296936789E0,1.144296936789E0,1.144296936789E0,1.144296936789E0,1.144296936789E0,1.144296936789E0)))REPRESENTATION_ITEM('')SURFACE());
#1536=EDGE_CURVE('',#1133,#1136,#406,.T.);
#1537=ORIENTED_EDGE('',*,*,#1536,.T.);
#1538=EDGE_CURVE('',#1137,#1136,#940,.T.);
#1539=ORIENTED_EDGE('',*,*,#1538,.F.);
#1540=ORIENTED_EDGE('',*,*,#1428,.F.);
#1541=EDGE_CURVE('',#1133,#1134,#400,.T.);
#1542=ORIENTED_EDGE('',*,*,#1541,.F.);
#1543=EDGE_LOOP('',(#1537,#1539,#1540,#1542));
#1544=FACE_OUTER_BOUND('',#1543,.F.);
#1545=ADVANCED_FACE('',(#1544),#1535,.T.);
#1546=CARTESIAN_POINT('',(9.290852958182E-2,-2.75E-2,6.848449081676E-2));
#1547=AXIS2_PLACEMENT_3D('',#1546,#417,#43);
#1548=CYLINDRICAL_SURFACE('',#1547,5.E-3);
#1549=ORIENTED_EDGE('',*,*,#1536,.F.);
#1550=EDGE_CURVE('',#1141,#1133,#411,.T.);
#1551=ORIENTED_EDGE('',*,*,#1550,.F.);
#1552=EDGE_CURVE('',#1141,#1144,#415,.T.);
#1553=ORIENTED_EDGE('',*,*,#1552,.T.);
#1554=EDGE_CURVE('',#1144,#1136,#420,.T.);
#1555=ORIENTED_EDGE('',*,*,#1554,.T.);
#1556=EDGE_LOOP('',(#1549,#1551,#1553,#1555));
#1557=FACE_OUTER_BOUND('',#1556,.F.);
#1558=ADVANCED_FACE('',(#1557),#1548,.T.);
#1559=CARTESIAN_POINT('',(9.65E-2,-8.E-3,7.7E-2));
#1560=AXIS2_PLACEMENT_3D('',#1559,#404,#417);
#1561=PLANE('',#1560);
#1562=EDGE_CURVE('',#1133,#1132,#424,.T.);
#1563=ORIENTED_EDGE('',*,*,#1562,.T.);
#1564=EDGE_CURVE('',#1078,#1132,#433,.T.);
#1565=ORIENTED_EDGE('',*,*,#1564,.F.);
#1566=EDGE_CURVE('',#1077,#1078,#669,.T.);
#1567=ORIENTED_EDGE('',*,*,#1566,.F.);
#1568=ORIENTED_EDGE('',*,*,#1189,.F.);
#1569=ORIENTED_EDGE('',*,*,#1229,.F.);
#1570=ORIENTED_EDGE('',*,*,#1550,.T.);
#1571=EDGE_LOOP('',(#1563,#1565,#1567,#1568,#1569,#1570));
#1572=FACE_OUTER_BOUND('',#1571,.F.);
#1573=ADVANCED_FACE('',(#1572),#1561,.T.);
#1574=CARTESIAN_POINT('',(-7.298541773143E-2,-1.068052000168E-1,5.348541773143E-2));
#1575=DIRECTION('',(-1.710878697460E-1,9.702875252478E-1,1.710878697460E-1));
#1576=AXIS2_PLACEMENT_3D('',#1574,#1575,#361);
#1577=CYLINDRICAL_SURFACE('',#1576,6.E-3);
#1578=ORIENTED_EDGE('',*,*,#1246,.T.);
#1579=ORIENTED_EDGE('',*,*,#1562,.F.);
#1580=ORIENTED_EDGE('',*,*,#1541,.T.);
#1581=ORIENTED_EDGE('',*,*,#1292,.T.);
#1582=EDGE_LOOP('',(#1578,#1579,#1580,#1581));
#1583=FACE_OUTER_BOUND('',#1582,.F.);
#1584=ADVANCED_FACE('',(#1583),#1577,.T.);
#1585=AXIS2_PLACEMENT_3D('',#76,#43,#403);
#1586=CYLINDRICAL_SURFACE('',#1585,6.E-3);
#1587=ORIENTED_EDGE('',*,*,#1564,.T.);
#1588=ORIENTED_EDGE('',*,*,#1244,.T.);
#1589=ORIENTED_EDGE('',*,*,#1290,.T.);
#1590=EDGE_CURVE('',#1092,#1079,#451,.T.);
#1591=ORIENTED_EDGE('',*,*,#1590,.F.);
#1592=EDGE_CURVE('',#1104,#1092,#461,.T.);
#1593=ORIENTED_EDGE('',*,*,#1592,.F.);
#1594=ORIENTED_EDGE('',*,*,#1162,.F.);
#1595=EDGE_CURVE('',#1090,#1103,#662,.T.);
#1596=ORIENTED_EDGE('',*,*,#1595,.F.);
#1597=EDGE_CURVE('',#1090,#1078,#443,.T.);
#1598=ORIENTED_EDGE('',*,*,#1597,.T.);
#1599=EDGE_LOOP('',(#1587,#1588,#1589,#1591,#1593,#1594,#1596,#1598));
#1600=FACE_OUTER_BOUND('',#1599,.F.);
#1601=ADVANCED_FACE('',(#1600),#1586,.T.);
#1602=AXIS2_PLACEMENT_3D('',#450,#417,#373);
#1603=PLANE('',#1602);
#1604=ORIENTED_EDGE('',*,*,#1288,.T.);
#1605=ORIENTED_EDGE('',*,*,#1277,.F.);
#1606=EDGE_CURVE('',#1092,#1093,#463,.T.);
#1607=ORIENTED_EDGE('',*,*,#1606,.F.);
#1608=ORIENTED_EDGE('',*,*,#1590,.T.);
#1609=EDGE_LOOP('',(#1604,#1605,#1607,#1608));
#1610=FACE_OUTER_BOUND('',#1609,.F.);
#1611=ADVANCED_FACE('',(#1610),#1603,.T.);
#1612=CARTESIAN_POINT('',(-9.65E-2,0.E0,-7.7E-2));
#1613=AXIS2_PLACEMENT_3D('',#1612,#500,#360);
#1614=PLANE('',#1613);
#1615=EDGE_CURVE('',#1105,#1104,#456,.T.);
#1616=ORIENTED_EDGE('',*,*,#1615,.T.);
#1617=ORIENTED_EDGE('',*,*,#1592,.T.);
#1618=ORIENTED_EDGE('',*,*,#1606,.T.);
#1619=ORIENTED_EDGE('',*,*,#1275,.T.);
#1620=EDGE_CURVE('',#1120,#1117,#473,.T.);
#1621=ORIENTED_EDGE('',*,*,#1620,.F.);
#1622=EDGE_CURVE('',#1094,#1120,#538,.T.);
#1623=ORIENTED_EDGE('',*,*,#1622,.F.);
#1624=EDGE_CURVE('',#1094,#1105,#507,.T.);
#1625=ORIENTED_EDGE('',*,*,#1624,.T.);
#1626=EDGE_LOOP('',(#1616,#1617,#1618,#1619,#1621,#1623,#1625));
#1627=FACE_OUTER_BOUND('',#1626,.F.);
#1628=ADVANCED_FACE('',(#1627),#1614,.T.);
#1629=CARTESIAN_POINT('',(-7.298541773439E-2,9.88052E-2,5.348541773439E-2));
#1630=DIRECTION('',(-1.710878697460E-1,-9.702875252478E-1,1.710878697460E-1));
#1631=AXIS2_PLACEMENT_3D('',#1629,#1630,#676);
#1632=CYLINDRICAL_SURFACE('',#1631,6.E-3);
#1633=ORIENTED_EDGE('',*,*,#1164,.T.);
#1634=ORIENTED_EDGE('',*,*,#1615,.F.);
#1635=EDGE_CURVE('',#1105,#1106,#497,.T.);
#1636=ORIENTED_EDGE('',*,*,#1635,.T.);
#1637=EDGE_CURVE('',#1106,#1103,#666,.T.);
#1638=ORIENTED_EDGE('',*,*,#1637,.T.);
#1639=EDGE_LOOP('',(#1633,#1634,#1636,#1638));
#1640=FACE_OUTER_BOUND('',#1639,.F.);
#1641=ADVANCED_FACE('',(#1640),#1632,.T.);
#1642=CARTESIAN_POINT('',(-8.690873040787E-2,2.023041513162E-2,7.343015828872E-2));
#1643=CARTESIAN_POINT('',(-8.692768966028E-2,2.023041513162E-2,7.343044780048E-2));
#1644=CARTESIAN_POINT('',(-8.710078563786E-2,2.023041513162E-2,7.343226407576E-2));
#1645=CARTESIAN_POINT('',(-8.742884778202E-2,2.023041513162E-2,7.342143023782E-2));
#1646=CARTESIAN_POINT('',(-8.789136567844E-2,2.023041513162E-2,7.336988261443E-2));
#1647=CARTESIAN_POINT('',(-8.834995632202E-2,2.023041513162E-2,7.328201441055E-2));
#1648=CARTESIAN_POINT('',(-8.880161291599E-2,2.023041513162E-2,7.315799877070E-2));
#1649=CARTESIAN_POINT('',(-8.924332325087E-2,2.023041513162E-2,7.299828658935E-2));
#1650=CARTESIAN_POINT('',(-8.967206128218E-2,2.023041513162E-2,7.280362189208E-2));
#1651=CARTESIAN_POINT('',(-9.008483706257E-2,2.023041513162E-2,7.257505148198E-2));
#1652=CARTESIAN_POINT('',(-9.047873525574E-2,2.023041513162E-2,7.231392724693E-2));
#1653=CARTESIAN_POINT('',(-9.085095873183E-2,2.023041513162E-2,7.202190053699E-2));
#1654=CARTESIAN_POINT('',(-9.119887023073E-2,2.023041513162E-2,7.170090858009E-2));
#1655=CARTESIAN_POINT('',(-9.152003202612E-2,2.023041513162E-2,7.135315276641E-2));
#1656=CARTESIAN_POINT('',(-9.181224120236E-2,2.023041513162E-2,7.098106949400E-2));
#1657=CARTESIAN_POINT('',(-9.207355885012E-2,2.023041513162E-2,7.058729492423E-2));
#1658=CARTESIAN_POINT('',(-9.230233182920E-2,2.023041513162E-2,7.017462533910E-2));
#1659=CARTESIAN_POINT('',(-9.249720640306E-2,2.023041513162E-2,6.974597548712E-2));
#1660=CARTESIAN_POINT('',(-9.265713391134E-2,2.023041513162E-2,6.930433498507E-2));
#1661=CARTESIAN_POINT('',(-9.278136850734E-2,2.023041513162E-2,6.885272979121E-2));
#1662=CARTESIAN_POINT('',(-9.286945755699E-2,2.023041513162E-2,6.839417224926E-2));
#1663=CARTESIAN_POINT('',(-9.292122627007E-2,2.023041513162E-2,6.793166948572E-2));
#1664=CARTESIAN_POINT('',(-9.293224753629E-2,2.023041513162E-2,6.760265507672E-2));
#1665=CARTESIAN_POINT('',(-9.293046191544E-2,2.023041513162E-2,6.742860914836E-2));
#1666=CARTESIAN_POINT('',(-9.293015782497E-2,2.023041513162E-2,6.740870231933E-2));
#1667=CARTESIAN_POINT('',(-8.691465966425E-2,2.286226655085E-2,7.304156554592E-2));
#1668=CARTESIAN_POINT('',(-8.693238309802E-2,2.286226655085E-2,7.304183618523E-2));
#1669=CARTESIAN_POINT('',(-8.709419534597E-2,2.286226655085E-2,7.304353404834E-2));
#1670=CARTESIAN_POINT('',(-8.740085749054E-2,2.286226655085E-2,7.303340643305E-2));
#1671=CARTESIAN_POINT('',(-8.783316898370E-2,2.286226655085E-2,7.298522461607E-2));
#1672=CARTESIAN_POINT('',(-8.826177575717E-2,2.286226655085E-2,7.290310079932E-2));
#1673=CARTESIAN_POINT('',(-8.868387057869E-2,2.286226655085E-2,7.278720158235E-2));
#1674=CARTESIAN_POINT('',(-8.909664242516E-2,2.286226655085E-2,7.263795230312E-2));
#1675=CARTESIAN_POINT('',(-8.949726836598E-2,2.286226655085E-2,7.245605113491E-2));
#1676=CARTESIAN_POINT('',(-8.988295993140E-2,2.286226655085E-2,7.224247790080E-2));
#1677=CARTESIAN_POINT('',(-9.025099875854E-2,2.286226655085E-2,7.199849610368E-2));
#1678=CARTESIAN_POINT('',(-9.059877696086E-2,2.286226655085E-2,7.172564763633E-2));
#1679=CARTESIAN_POINT('',(-9.092383568982E-2,2.286226655085E-2,7.142574014508E-2));
#1680=CARTESIAN_POINT('',(-9.122390185126E-2,2.286226655085E-2,7.110082688746E-2));
#1681=CARTESIAN_POINT('',(-9.149692076909E-2,2.286226655085E-2,7.075317972167E-2));
#1682=CARTESIAN_POINT('',(-9.174108323381E-2,2.286226655085E-2,7.038525647275E-2));
#1683=CARTESIAN_POINT('',(-9.195484568861E-2,2.286226655085E-2,6.999966423603E-2));
#1684=CARTESIAN_POINT('',(-9.213694291182E-2,2.286226655085E-2,6.959912082387E-2));
#1685=CARTESIAN_POINT('',(-9.228639335316E-2,2.286226655085E-2,6.918641439370E-2));
#1686=CARTESIAN_POINT('',(-9.240249714483E-2,2.286226655085E-2,6.876436779014E-2));
#1687=CARTESIAN_POINT('',(-9.248482732913E-2,2.286226655085E-2,6.833579215476E-2));
#1688=CARTESIAN_POINT('',(-9.253321577273E-2,2.286226655085E-2,6.790349501972E-2));
#1689=CARTESIAN_POINT('',(-9.254351858623E-2,2.286226655085E-2,6.759594288415E-2));
#1690=CARTESIAN_POINT('',(-9.254184938023E-2,2.286226655085E-2,6.743324265124E-2));
#1691=CARTESIAN_POINT('',(-9.254156511258E-2,2.286226655085E-2,6.741463340647E-2));
#1692=CARTESIAN_POINT('',(-8.694575207805E-2,2.457233305890E-2,7.100382496410E-2));
#1693=CARTESIAN_POINT('',(-8.695699500529E-2,2.457233305890E-2,7.100399663821E-2));
#1694=CARTESIAN_POINT('',(-8.705963652968E-2,2.457233305890E-2,7.100507356009E-2));
#1695=CARTESIAN_POINT('',(-8.725407926599E-2,2.457233305890E-2,7.099864930408E-2));
#1696=CARTESIAN_POINT('',(-8.752799147124E-2,2.457233305890E-2,7.096811743152E-2));
#1697=CARTESIAN_POINT('',(-8.779936589785E-2,2.457233305890E-2,7.091611659311E-2));
#1698=CARTESIAN_POINT('',(-8.806644180949E-2,2.457233305890E-2,7.084277906726E-2));
#1699=CARTESIAN_POINT('',(-8.832746318377E-2,2.457233305890E-2,7.074839617611E-2));
#1700=CARTESIAN_POINT('',(-8.858067219850E-2,2.457233305890E-2,7.063342564837E-2));
#1701=CARTESIAN_POINT('',(-8.882433691195E-2,2.457233305890E-2,7.049849607058E-2));
#1702=CARTESIAN_POINT('',(-8.905677186962E-2,2.457233305890E-2,7.034440746395E-2));
#1703=CARTESIAN_POINT('',(-8.927636155760E-2,2.457233305890E-2,7.017212773836E-2));
#1704=CARTESIAN_POINT('',(-8.948158269931E-2,2.457233305890E-2,6.998278502761E-2));
#1705=CARTESIAN_POINT('',(-8.967102551485E-2,2.457233305890E-2,6.977765579668E-2));
#1706=CARTESIAN_POINT('',(-8.984341268110E-2,2.457233305890E-2,6.955814907359E-2));
#1707=CARTESIAN_POINT('',(-8.999761512138E-2,2.457233305890E-2,6.932578750612E-2));
#1708=CARTESIAN_POINT('',(-9.013266392268E-2,2.457233305890E-2,6.908218611382E-2));
#1709=CARTESIAN_POINT('',(-9.024775802651E-2,2.457233305890E-2,6.882902999622E-2));
#1710=CARTESIAN_POINT('',(-9.034226780085E-2,2.457233305890E-2,6.856805087836E-2));
#1711=CARTESIAN_POINT('',(-9.041573448654E-2,2.457233305890E-2,6.830100649787E-2));
#1712=CARTESIAN_POINT('',(-9.046786577020E-2,2.457233305890E-2,6.802965291273E-2));
#1713=CARTESIAN_POINT('',(-9.049852842655E-2,2.457233305890E-2,6.775575100282E-2));
#1714=CARTESIAN_POINT('',(-9.050506374753E-2,2.457233305890E-2,6.756074483311E-2));
#1715=CARTESIAN_POINT('',(-9.050400500909E-2,2.457233305890E-2,6.745754026622E-2));
#1716=CARTESIAN_POINT('',(-9.050382469026E-2,2.457233305890E-2,6.744573542051E-2));
#1717=CARTESIAN_POINT('',(-8.698632451694E-2,2.449805057512E-2,6.834478067874E-2));
#1718=CARTESIAN_POINT('',(-8.698911104202E-2,2.449805057512E-2,6.834482321332E-2));
#1719=CARTESIAN_POINT('',(-8.701454078796E-2,2.449805057512E-2,6.834508987003E-2));
#1720=CARTESIAN_POINT('',(-8.706254860567E-2,2.449805057512E-2,6.834349812135E-2));
#1721=CARTESIAN_POINT('',(-8.712976584441E-2,2.449805057512E-2,6.833599763184E-2));
#1722=CARTESIAN_POINT('',(-8.719596804394E-2,2.449805057512E-2,6.832330421758E-2));
#1723=CARTESIAN_POINT('',(-8.726076003870E-2,2.449805057512E-2,6.830550537146E-2));
#1724=CARTESIAN_POINT('',(-8.732376247501E-2,2.449805057512E-2,6.828271753859E-2));
#1725=CARTESIAN_POINT('',(-8.738460738884E-2,2.449805057512E-2,6.825508469191E-2));
#1726=CARTESIAN_POINT('',(-8.744294150013E-2,2.449805057512E-2,6.822277709006E-2));
#1727=CARTESIAN_POINT('',(-8.749842719477E-2,2.449805057512E-2,6.818598995772E-2));
#1728=CARTESIAN_POINT('',(-8.755074390426E-2,2.449805057512E-2,6.814494221545E-2));
#1729=CARTESIAN_POINT('',(-8.759958917831E-2,2.449805057512E-2,6.809987530230E-2));
#1730=CARTESIAN_POINT('',(-8.764467977434E-2,2.449805057512E-2,6.805105204796E-2));
#1731=CARTESIAN_POINT('',(-8.768575273587E-2,2.449805057512E-2,6.799875557476E-2));
#1732=CARTESIAN_POINT('',(-8.772256649033E-2,2.449805057512E-2,6.794328821924E-2));
#1733=CARTESIAN_POINT('',(-8.775490197653E-2,2.449805057512E-2,6.788497044291E-2));
#1734=CARTESIAN_POINT('',(-8.778256382168E-2,2.449805057512E-2,6.782413976006E-2));
#1735=CARTESIAN_POINT('',(-8.780538161130E-2,2.449805057512E-2,6.776114935890E-2));
#1736=CARTESIAN_POINT('',(-8.782321120854E-2,2.449805057512E-2,6.769636712069E-2));
#1737=CARTESIAN_POINT('',(-8.783593599714E-2,2.449805057512E-2,6.763017232657E-2));
#1738=CARTESIAN_POINT('',(-8.784346830328E-2,2.449805057512E-2,6.756296008167E-2));
#1739=CARTESIAN_POINT('',(-8.784508742956E-2,2.449805057512E-2,6.751481495503E-2));
#1740=CARTESIAN_POINT('',(-8.784482528922E-2,2.449805057512E-2,6.748924618346E-2));
#1741=CARTESIAN_POINT('',(-8.784478061302E-2,2.449805057512E-2,6.748632038674E-2));
#1742=(BOUNDED_SURFACE()B_SPLINE_SURFACE(3,3,((#1642,#1643,#1644,#1645,#1646,#1647,#1648,#1649,#1650,#1651,#1652,#1653,#1654,#1655,#1656,#1657,#1658,#1659,#1660,#1661,#1662,#1663,#1664,#1665,#1666),(#1667,#1668,#1669,#1670,#1671,#1672,#1673,#1674,#1675,#1676,#1677,#1678,#1679,#1680,#1681,#1682,#1683,#1684,#1685,#1686,#1687,#1688,#1689,#1690,#1691),(#1692,#1693,#1694,#1695,#1696,#1697,#1698,#1699,#1700,#1701,#1702,#1703,#1704,#1705,#1706,#1707,#1708,#1709,#1710,#1711,#1712,#1713,#1714,#1715,#1716),(#1717,#1718,#1719,#1720,#1721,#1722,#1723,#1724,#1725,#1726,#1727,#1728,#1729,#1730,#1731,#1732,#1733,#1734,#1735,#1736,#1737,#1738,#1739,#1740,#1741)),.UNSPECIFIED.,.F.,.F.,.F.)B_SPLINE_SURFACE_WITH_KNOTS((4,4),(4,1,1,1,1,1,1,1,1,1,1,1,1,1,1,1,1,1,1,1,1,1,4),(0.E0,1.E0),(-6.158411976918E-3,0.E0,5.004776650773E-2,1.000819547074E-1,1.501034208220E-1,2.001130162904E-1,2.501119220663E-1,3.001014983204E-1,3.500832641786E-1,4.000590045484E-1,4.500306627300E-1,5.000002582569E-1,5.499698474644E-1,5.999414868569E-1,6.499171964170E-1,6.998989201615E-1,7.498884439776E-1,7.998872883162E-1,8.498968148607E-1,8.999182061348E-1,9.499523152059E-1,1.E0,1.006466240213E0),.UNSPECIFIED.)GEOMETRIC_REPRESENTATION_ITEM()RATIONAL_B_SPLINE_SURFACE(((1.144296936789E0,1.144296936789E0,1.144296936789E0,1.144296936789E0,1.144296936789E0,1.144296936789E0,1.144296936789E0,1.144296936789E0,1.144296936789E0,1.144296936789E0,1.144296936789E0,1.144296936789E0,1.144296936789E0,1.144296936789E0,1.144296936789E0,1.144296936789E0,1.144296936789E0,1.144296936789E0,1.144296936789E0,1.144296936789E0,1.144296936789E0,1.144296936789E0,1.144296936789E0,1.144296936789E0,1.144296936789E0),(9.519010210702E-1,9.519010210702E-1,9.519010210702E-1,9.519010210702E-1,9.519010210702E-1,9.519010210702E-1,9.519010210702E-1,9.519010210702E-1,9.519010210702E-1,9.519010210702E-1,9.519010210702E-1,9.519010210702E-1,9.519010210702E-1,9.519010210702E-1,9.519010210702E-1,9.519010210702E-1,9.519010210702E-1,9.519010210702E-1,9.519010210702E-1,9.519010210702E-1,9.519010210702E-1,9.519010210702E-1,9.519010210702E-1,9.519010210702E-1,9.519010210702E-1),(9.519010210702E-1,9.519010210702E-1,9.519010210702E-1,9.519010210702E-1,9.519010210702E-1,9.519010210702E-1,9.519010210702E-1,9.519010210702E-1,9.519010210702E-1,9.519010210702E-1,9.519010210702E-1,9.519010210702E-1,9.519010210702E-1,9.519010210702E-1,9.519010210702E-1,9.519010210702E-1,9.519010210702E-1,9.519010210702E-1,9.519010210702E-1,9.519010210702E-1,9.519010210702E-1,9.519010210702E-1,9.519010210702E-1,9.519010210702E-1,9.519010210702E-1),(1.144296936789E0,1.144296936789E0,1.144296936789E0,1.144296936789E0,1.144296936789E0,1.144296936789E0,1.144296936789E0,1.144296936789E0,1.144296936789E0,1.144296936789E0,1.144296936789E0,1.144296936789E0,1.144296936789E0,1.144296936789E0,1.144296936789E0,1.144296936789E0,1.144296936789E0,1.144296936789E0,1.144296936789E0,1.144296936789E0,1.144296936789E0,1.144296936789E0,1.144296936789E0,1.144296936789E0,1.144296936789E0)))REPRESENTATION_ITEM('')SURFACE());
#1743=EDGE_CURVE('',#1105,#1108,#502,.T.);
#1744=ORIENTED_EDGE('',*,*,#1743,.T.);
#1745=EDGE_CURVE('',#1109,#1108,#762,.T.);
#1746=ORIENTED_EDGE('',*,*,#1745,.F.);
#1747=EDGE_CURVE('',#1106,#1109,#686,.T.);
#1748=ORIENTED_EDGE('',*,*,#1747,.F.);
#1749=ORIENTED_EDGE('',*,*,#1635,.F.);
#1750=EDGE_LOOP('',(#1744,#1746,#1748,#1749));
#1751=FACE_OUTER_BOUND('',#1750,.F.);
#1752=ADVANCED_FACE('',(#1751),#1742,.T.);
#1753=CYLINDRICAL_SURFACE('',#523,5.E-3);
#1754=ORIENTED_EDGE('',*,*,#1743,.F.);
#1755=ORIENTED_EDGE('',*,*,#1624,.F.);
#1756=EDGE_CURVE('',#1082,#1094,#524,.T.);
#1757=ORIENTED_EDGE('',*,*,#1756,.F.);
#1758=EDGE_CURVE('',#1082,#1108,#511,.T.);
#1759=ORIENTED_EDGE('',*,*,#1758,.T.);
#1760=EDGE_LOOP('',(#1754,#1755,#1757,#1759));
#1761=FACE_OUTER_BOUND('',#1760,.F.);
#1762=ADVANCED_FACE('',(#1761),#1753,.T.);
#1763=DIRECTION('',(-7.660444431190E-1,-6.427876096865E-1,0.E0));
#1764=DIRECTION('',(-6.427876096865E-1,7.660444431190E-1,0.E0));
#1765=AXIS2_PLACEMENT_3D('',#513,#1763,#1764);
#1766=SPHERICAL_SURFACE('',#1765,5.E-3);
#1767=EDGE_CURVE('',#1094,#1084,#516,.T.);
#1768=ORIENTED_EDGE('',*,*,#1767,.T.);
#1769=EDGE_CURVE('',#1084,#1082,#520,.T.);
#1770=ORIENTED_EDGE('',*,*,#1769,.T.);
#1771=ORIENTED_EDGE('',*,*,#1756,.T.);
#1772=EDGE_LOOP('',(#1768,#1770,#1771));
#1773=FACE_OUTER_BOUND('',#1772,.F.);
#1774=ADVANCED_FACE('',(#1773),#1766,.T.);
#1775=CARTESIAN_POINT('',(-8.725595020758E-2,2.363175911167E-2,-5.576941279832E-2));
#1776=AXIS2_PLACEMENT_3D('',#1775,#514,#500);
#1777=CYLINDRICAL_SURFACE('',#1776,5.E-3);
#1778=EDGE_CURVE('',#1120,#1123,#529,.T.);
#1779=ORIENTED_EDGE('',*,*,#1778,.T.);
#1780=EDGE_CURVE('',#1084,#1123,#534,.T.);
#1781=ORIENTED_EDGE('',*,*,#1780,.F.);
#1782=ORIENTED_EDGE('',*,*,#1767,.F.);
#1783=ORIENTED_EDGE('',*,*,#1622,.T.);
#1784=EDGE_LOOP('',(#1779,#1781,#1782,#1783));
#1785=FACE_OUTER_BOUND('',#1784,.F.);
#1786=ADVANCED_FACE('',(#1785),#1777,.T.);
#1787=CARTESIAN_POINT('',(-9.454383462292E-2,1.108084594835E-2,-6.898504518426E-2));
#1788=CARTESIAN_POINT('',(-9.454505384398E-2,1.107429228065E-2,-6.899159885195E-2));
#1789=CARTESIAN_POINT('',(-9.456187535999E-2,1.098264063468E-2,-6.908325049792E-2));
#1790=CARTESIAN_POINT('',(-9.458833060360E-2,1.080482705778E-2,-6.926106407482E-2));
#1791=CARTESIAN_POINT('',(-9.460998977035E-2,1.054430281153E-2,-6.952158832107E-2));
#1792=CARTESIAN_POINT('',(-9.461424699067E-2,1.027988057449E-2,-6.978601055811E-2));
#1793=CARTESIAN_POINT('',(-9.459993073103E-2,1.001098592261E-2,-7.005490520999E-2));
#1794=CARTESIAN_POINT('',(-9.456543413067E-2,9.736952135812E-3,-7.032893899679E-2));
#1795=CARTESIAN_POINT('',(-9.450860727672E-2,9.457050710507E-3,-7.060884042209E-2));
#1796=CARTESIAN_POINT('',(-9.442662231160E-2,9.170514529661E-3,-7.089537660294E-2));
#1797=CARTESIAN_POINT('',(-9.431581662166E-2,8.876635330517E-3,-7.118925580208E-2));
#1798=CARTESIAN_POINT('',(-9.417151683702E-2,8.574899346154E-3,-7.149099178645E-2));
#1799=CARTESIAN_POINT('',(-9.398788287999E-2,8.265233233084E-3,-7.180065789952E-2));
#1800=CARTESIAN_POINT('',(-9.375781475770E-2,7.948354734145E-3,-7.211753639846E-2));
#1801=CARTESIAN_POINT('',(-9.347305363856E-2,7.626299789679E-3,-7.243959134292E-2));
#1802=CARTESIAN_POINT('',(-9.312465507347E-2,7.303104364424E-3,-7.276278676818E-2));
#1803=CARTESIAN_POINT('',(-9.270407282988E-2,6.985539438602E-3,-7.308035169400E-2));
#1804=CARTESIAN_POINT('',(-9.220503610795E-2,6.683638099260E-3,-7.338225303334E-2));
#1805=CARTESIAN_POINT('',(-9.162619953255E-2,6.410606128884E-3,-7.365528500372E-2));
#1806=CARTESIAN_POINT('',(-9.097416182700E-2,6.181648443588E-3,-7.388424268901E-2));
#1807=CARTESIAN_POINT('',(-9.026531823912E-2,6.011292716419E-3,-7.405459841618E-2));
#1808=CARTESIAN_POINT('',(-8.952493257024E-2,5.909841778464E-3,-7.415604935414E-2));
#1809=CARTESIAN_POINT('',(-8.898074567719E-2,5.888368137181E-3,-7.417752299542E-2));
#1810=CARTESIAN_POINT('',(-8.869044846453E-2,5.892920841693E-3,-7.417297029091E-2));
#1811=CARTESIAN_POINT('',(-8.864243316170E-2,5.894120510507E-3,-7.417177062209E-2));
#1812=CARTESIAN_POINT('',(-9.428475767609E-2,1.301360237683E-2,-7.096600193698E-2));
#1813=CARTESIAN_POINT('',(-9.428593731754E-2,1.300726146836E-2,-7.097234284546E-2));
#1814=CARTESIAN_POINT('',(-9.430221256244E-2,1.291858618214E-2,-7.106101813167E-2));
#1815=CARTESIAN_POINT('',(-9.432780357144E-2,1.274657429781E-2,-7.123303001600E-2));
#1816=CARTESIAN_POINT('',(-9.434874425129E-2,1.249466542204E-2,-7.148493889177E-2));
#1817=CARTESIAN_POINT('',(-9.435285519171E-2,1.223914364776E-2,-7.174046066606E-2));
#1818=CARTESIAN_POINT('',(-9.433902749388E-2,1.197949690548E-2,-7.200010740834E-2));
#1819=CARTESIAN_POINT('',(-9.430574234868E-2,1.171512419099E-2,-7.226448012282E-2));
#1820=CARTESIAN_POINT('',(-9.425096876162E-2,1.144536450597E-2,-7.253423980784E-2));
#1821=CARTESIAN_POINT('',(-9.417203553676E-2,1.116951829730E-2,-7.281008601651E-2));
#1822=CARTESIAN_POINT('',(-9.406548252788E-2,1.088693992623E-2,-7.309266438759E-2));
#1823=CARTESIAN_POINT('',(-9.392689363506E-2,1.059716595567E-2,-7.338243835814E-2));
#1824=CARTESIAN_POINT('',(-9.375074888043E-2,1.030014824342E-2,-7.367945607040E-2));
#1825=CARTESIAN_POINT('',(-9.353033580522E-2,9.996586035578E-3,-7.398301827824E-2));
#1826=CARTESIAN_POINT('',(-9.325784508762E-2,9.688425550442E-3,-7.429117876337E-2));
#1827=CARTESIAN_POINT('',(-9.292481883441E-2,9.379506154850E-3,-7.460009815896E-2));
#1828=CARTESIAN_POINT('',(-9.252317740513E-2,9.076256776090E-3,-7.490334753772E-2));
#1829=CARTESIAN_POINT('',(-9.204699775837E-2,8.788195228048E-3,-7.519140908576E-2));
#1830=CARTESIAN_POINT('',(-9.149502403723E-2,8.527843620320E-3,-7.545176069349E-2));
#1831=CARTESIAN_POINT('',(-9.087352855256E-2,8.309616933810E-3,-7.566998738E-2));
#1832=CARTESIAN_POINT('',(-9.019806728256E-2,8.147286942633E-3,-7.583231737118E-2));
#1833=CARTESIAN_POINT('',(-8.949260099518E-2,8.050620360987E-3,-7.592898395283E-2));
#1834=CARTESIAN_POINT('',(-8.897401792367E-2,8.030154461611E-3,-7.594944985220E-2));
#1835=CARTESIAN_POINT('',(-8.869732846958E-2,8.034493563379E-3,-7.594511075043E-2));
#1836=CARTESIAN_POINT('',(-8.865156229421E-2,8.035636973806E-3,-7.594396734001E-2));
#1837=CARTESIAN_POINT('',(-9.221980843635E-2,1.412325287129E-2,-7.245982873161E-2));
#1838=CARTESIAN_POINT('',(-9.222067261217E-2,1.411860774085E-2,-7.246447386206E-2));
#1839=CARTESIAN_POINT('',(-9.223259385282E-2,1.405365525930E-2,-7.252942634361E-2));
#1840=CARTESIAN_POINT('',(-9.225129655841E-2,1.392788523790E-2,-7.265519636500E-2));
#1841=CARTESIAN_POINT('',(-9.226651060385E-2,1.374464438896E-2,-7.283843721395E-2));
#1842=CARTESIAN_POINT('',(-9.226945563365E-2,1.356006294345E-2,-7.302301865946E-2));
#1843=CARTESIAN_POINT('',(-9.225952197326E-2,1.337412582351E-2,-7.320895577939E-2));
#1844=CARTESIAN_POINT('',(-9.223589262128E-2,1.318675580714E-2,-7.339632579576E-2));
#1845=CARTESIAN_POINT('',(-9.219748441113E-2,1.299782994056E-2,-7.358525166234E-2));
#1846=CARTESIAN_POINT('',(-9.214287480446E-2,1.280718718281E-2,-7.377589442009E-2));
#1847=CARTESIAN_POINT('',(-9.207021740316E-2,1.261468103395E-2,-7.396840056896E-2));
#1848=CARTESIAN_POINT('',(-9.197714665409E-2,1.242024920644E-2,-7.416283239646E-2));
#1849=CARTESIAN_POINT('',(-9.186069390605E-2,1.222404442239E-2,-7.435903718051E-2));
#1850=CARTESIAN_POINT('',(-9.171723550534E-2,1.202661850156E-2,-7.455646310134E-2));
#1851=CARTESIAN_POINT('',(-9.154254490719E-2,1.182920254071E-2,-7.475387906219E-2));
#1852=CARTESIAN_POINT('',(-9.133204226763E-2,1.163406894104E-2,-7.494901266187E-2));
#1853=CARTESIAN_POINT('',(-9.108136687593E-2,1.144492032802E-2,-7.513816127488E-2));
#1854=CARTESIAN_POINT('',(-9.078736746782E-2,1.126716757771E-2,-7.531591402519E-2));
#1855=CARTESIAN_POINT('',(-9.044950168323E-2,1.110788364709E-2,-7.547519795581E-2));
#1856=CARTESIAN_POINT('',(-9.007144019196E-2,1.097518741035E-2,-7.560789419256E-2));
#1857=CARTESIAN_POINT('',(-8.966204965031E-2,1.087682581788E-2,-7.570625578502E-2));
#1858=CARTESIAN_POINT('',(-8.923490511699E-2,1.081829251304E-2,-7.576478908987E-2));
#1859=CARTESIAN_POINT('',(-8.892039497614E-2,1.080585872886E-2,-7.577722287404E-2));
#1860=CARTESIAN_POINT('',(-8.875216492407E-2,1.080849532939E-2,-7.577458627351E-2));
#1861=CARTESIAN_POINT('',(-8.872432521449E-2,1.080919033746E-2,-7.577389126545E-2));
#1862=CARTESIAN_POINT('',(-8.946498691213E-2,1.381008779367E-2,-7.265918818507E-2));
#1863=CARTESIAN_POINT('',(-8.946543022942E-2,1.380770497832E-2,-7.266157100042E-2));
#1864=CARTESIAN_POINT('',(-8.947154285048E-2,1.377440077734E-2,-7.269487520140E-2));
#1865=CARTESIAN_POINT('',(-8.948105596141E-2,1.371032141491E-2,-7.275895456383E-2));
#1866=CARTESIAN_POINT('',(-8.948863017947E-2,1.361868967416E-2,-7.285058630459E-2));
#1867=CARTESIAN_POINT('',(-8.949001978328E-2,1.352874878488E-2,-7.294052719386E-2));
#1868=CARTESIAN_POINT('',(-8.948528110685E-2,1.344114669918E-2,-7.302812927956E-2));
#1869=CARTESIAN_POINT('',(-8.947453342115E-2,1.335650496596E-2,-7.311277101278E-2));
#1870=CARTESIAN_POINT('',(-8.945795804434E-2,1.327541842959E-2,-7.319385754915E-2));
#1871=CARTESIAN_POINT('',(-8.943579825563E-2,1.319844447106E-2,-7.327083150768E-2));
#1872=CARTESIAN_POINT('',(-8.940836053699E-2,1.312610248492E-2,-7.334317349382E-2));
#1873=CARTESIAN_POINT('',(-8.937601494267E-2,1.305886535198E-2,-7.341041062677E-2));
#1874=CARTESIAN_POINT('',(-8.933919651271E-2,1.299715376476E-2,-7.347212221398E-2));
#1875=CARTESIAN_POINT('',(-8.929840232748E-2,1.294132286347E-2,-7.352795311527E-2));
#1876=CARTESIAN_POINT('',(-8.925418557775E-2,1.289164971068E-2,-7.357762626806E-2));
#1877=CARTESIAN_POINT('',(-8.920714007392E-2,1.284831623942E-2,-7.362095973933E-2));
#1878=CARTESIAN_POINT('',(-8.915786648027E-2,1.281138795190E-2,-7.365788802685E-2));
#1879=CARTESIAN_POINT('',(-8.910691132382E-2,1.278079671260E-2,-7.368847926614E-2));
#1880=CARTESIAN_POINT('',(-8.905468411124E-2,1.275634583597E-2,-7.371293014277E-2));
#1881=CARTESIAN_POINT('',(-8.900138469733E-2,1.273775464328E-2,-7.373152133546E-2));
#1882=CARTESIAN_POINT('',(-8.894695560235E-2,1.272473244719E-2,-7.374454353155E-2));
#1883=CARTESIAN_POINT('',(-8.889111644739E-2,1.271707224357E-2,-7.375220373517E-2));
#1884=CARTESIAN_POINT('',(-8.884885730964E-2,1.271535399827E-2,-7.375392198047E-2));
#1885=CARTESIAN_POINT('',(-8.882532151418E-2,1.271571931436E-2,-7.375355666438E-2));
#1886=CARTESIAN_POINT('',(-8.882139726600E-2,1.271581611476E-2,-7.375345986398E-2));
#1887=(BOUNDED_SURFACE()B_SPLINE_SURFACE(3,3,((#1787,#1788,#1789,#1790,#1791,#1792,#1793,#1794,#1795,#1796,#1797,#1798,#1799,#1800,#1801,#1802,#1803,#1804,#1805,#1806,#1807,#1808,#1809,#1810,#1811),(#1812,#1813,#1814,#1815,#1816,#1817,#1818,#1819,#1820,#1821,#1822,#1823,#1824,#1825,#1826,#1827,#1828,#1829,#1830,#1831,#1832,#1833,#1834,#1835,#1836),(#1837,#1838,#1839,#1840,#1841,#1842,#1843,#1844,#1845,#1846,#1847,#1848,#1849,#1850,#1851,#1852,#1853,#1854,#1855,#1856,#1857,#1858,#1859,#1860,#1861),(#1862,#1863,#1864,#1865,#1866,#1867,#1868,#1869,#1870,#1871,#1872,#1873,#1874,#1875,#1876,#1877,#1878,#1879,#1880,#1881,#1882,#1883,#1884,#1885,#1886)),.UNSPECIFIED.,.F.,.F.,.F.)B_SPLINE_SURFACE_WITH_KNOTS((4,4),(4,1,1,1,1,1,1,1,1,1,1,1,1,1,1,1,1,1,1,1,1,1,4),(0.E0,1.E0),(-4.096169134628E-3,0.E0,5.315607364477E-2,1.061131583993E-1,1.588175227681E-1,2.112155275858E-1,2.632575664816E-1,3.149079549550E-1,3.661384422729E-1,4.169342410896E-1,4.672882779084E-1,5.172064311429E-1,5.667034824184E-1,6.158075789236E-1,6.645544763928E-1,7.129826891828E-1,7.611423711123E-1,8.090980429488E-1,8.569186373475E-1,9.046470269235E-1,9.523250424240E-1,1.E0,1.009499186698E0),.UNSPECIFIED.)GEOMETRIC_REPRESENTATION_ITEM()RATIONAL_B_SPLINE_SURFACE(((1.156219446907E0,1.156219446907E0,1.156219446907E0,1.156219446907E0,1.156219446907E0,1.156219446907E0,1.156219446907E0,1.156219446907E0,1.156219446907E0,1.156219446907E0,1.156219446907E0,1.156219446907E0,1.156219446907E0,1.156219446907E0,1.156219446907E0,1.156219446907E0,1.156219446907E0,1.156219446907E0,1.156219446907E0,1.156219446907E0,1.156219446907E0,1.156219446907E0,1.156219446907E0,1.156219446907E0,1.156219446907E0),(9.479268510309E-1,9.479268510309E-1,9.479268510309E-1,9.479268510309E-1,9.479268510309E-1,9.479268510309E-1,9.479268510309E-1,9.479268510309E-1,9.479268510309E-1,9.479268510309E-1,9.479268510309E-1,9.479268510309E-1,9.479268510309E-1,9.479268510309E-1,9.479268510309E-1,9.479268510309E-1,9.479268510309E-1,9.479268510309E-1,9.479268510309E-1,9.479268510309E-1,9.479268510309E-1,9.479268510309E-1,9.479268510309E-1,9.479268510309E-1,9.479268510309E-1),(9.479268510309E-1,9.479268510309E-1,9.479268510309E-1,9.479268510309E-1,9.479268510309E-1,9.479268510309E-1,9.479268510309E-1,9.479268510309E-1,9.479268510309E-1,9.479268510309E-1,9.479268510309E-1,9.479268510309E-1,9.479268510309E-1,9.479268510309E-1,9.479268510309E-1,9.479268510309E-1,9.479268510309E-1,9.479268510309E-1,9.479268510309E-1,9.479268510309E-1,9.479268510309E-1,9.479268510309E-1,9.479268510309E-1,9.479268510309E-1,9.479268510309E-1),(1.156219446907E0,1.156219446907E0,1.156219446907E0,1.156219446907E0,1.156219446907E0,1.156219446907E0,1.156219446907E0,1.156219446907E0,1.156219446907E0,1.156219446907E0,1.156219446907E0,1.156219446907E0,1.156219446907E0,1.156219446907E0,1.156219446907E0,1.156219446907E0,1.156219446907E0,1.156219446907E0,1.156219446907E0,1.156219446907E0,1.156219446907E0,1.156219446907E0,1.156219446907E0,1.156219446907E0,1.156219446907E0)))REPRESENTATION_ITEM('')SURFACE());
#1888=EDGE_CURVE('',#1119,#1122,#576,.T.);
#1889=ORIENTED_EDGE('',*,*,#1888,.T.);
#1890=EDGE_CURVE('',#1123,#1122,#816,.T.);
#1891=ORIENTED_EDGE('',*,*,#1890,.F.);
#1892=ORIENTED_EDGE('',*,*,#1778,.F.);
#1893=EDGE_CURVE('',#1119,#1120,#562,.T.);
#1894=ORIENTED_EDGE('',*,*,#1893,.F.);
#1895=EDGE_LOOP('',(#1889,#1891,#1892,#1894));
#1896=FACE_OUTER_BOUND('',#1895,.F.);
#1897=ADVANCED_FACE('',(#1896),#1887,.T.);
#1898=CARTESIAN_POINT('',(9.474599502240E-2,9.079215652648E-3,-7.032195625734E-2));
#1899=DIRECTION('',(0.E0,1.736481776669E-1,-9.848077530122E-1));
#1900=AXIS2_PLACEMENT_3D('',#1898,#403,#1899);
#1901=CYLINDRICAL_SURFACE('',#1900,5.E-3);
#1902=EDGE_CURVE('',#1113,#1116,#567,.T.);
#1903=ORIENTED_EDGE('',*,*,#1902,.T.);
#1904=EDGE_CURVE('',#1116,#1122,#571,.T.);
#1905=ORIENTED_EDGE('',*,*,#1904,.T.);
#1906=ORIENTED_EDGE('',*,*,#1888,.F.);
#1907=EDGE_CURVE('',#1113,#1119,#581,.T.);
#1908=ORIENTED_EDGE('',*,*,#1907,.F.);
#1909=EDGE_LOOP('',(#1903,#1905,#1906,#1908));
#1910=FACE_OUTER_BOUND('',#1909,.F.);
#1911=ADVANCED_FACE('',(#1910),#1901,.T.);
#1912=CARTESIAN_POINT('',(8.864337220265E-2,5.894095921420E-3,-7.417179520969E-2));
#1913=CARTESIAN_POINT('',(8.868958663820E-2,5.892947455333E-3,-7.417294367577E-2));
#1914=CARTESIAN_POINT('',(8.897804659164E-2,5.888360572747E-3,-7.417753055836E-2));
#1915=CARTESIAN_POINT('',(8.952032993212E-2,5.909440351763E-3,-7.415645077934E-2));
#1916=CARTESIAN_POINT('',(9.026083095144E-2,6.010450366707E-3,-7.405544076440E-2));
#1917=CARTESIAN_POINT('',(9.096996146490E-2,6.180410105753E-3,-7.388548102535E-2));
#1918=CARTESIAN_POINT('',(9.162241422334E-2,6.409052395897E-3,-7.365683873521E-2));
#1919=CARTESIAN_POINT('',(9.220173407001E-2,6.681864157568E-3,-7.338402697354E-2));
#1920=CARTESIAN_POINT('',(9.270126624466E-2,6.983634965631E-3,-7.308225616548E-2));
#1921=CARTESIAN_POINT('',(9.312231633128E-2,7.301141437336E-3,-7.276474969377E-2));
#1922=CARTESIAN_POINT('',(9.347113368419E-2,7.624329452414E-3,-7.244156167869E-2));
#1923=CARTESIAN_POINT('',(9.375625753306E-2,7.946409148515E-3,-7.211948198259E-2));
#1924=CARTESIAN_POINT('',(9.398663425010E-2,8.263330041928E-3,-7.180256108918E-2));
#1925=CARTESIAN_POINT('',(9.417052900939E-2,8.573046200092E-3,-7.149284493101E-2));
#1926=CARTESIAN_POINT('',(9.431504959753E-2,8.874833590201E-3,-7.119105754091E-2));
#1927=CARTESIAN_POINT('',(9.442604373275E-2,9.168761968092E-3,-7.089712916301E-2));
#1928=CARTESIAN_POINT('',(9.450819155206E-2,9.455343309629E-3,-7.061054782148E-2));
#1929=CARTESIAN_POINT('',(9.456516134336E-2,9.735285213549E-3,-7.033060591756E-2));
#1930=CARTESIAN_POINT('',(9.459978558733E-2,1.000935479264E-2,-7.005653633847E-2));
#1931=CARTESIAN_POINT('',(9.461421790436E-2,1.027828089236E-2,-6.978761023875E-2));
#1932=CARTESIAN_POINT('',(9.461006812822E-2,1.054273074413E-2,-6.952316038697E-2));
#1933=CARTESIAN_POINT('',(9.458851019522E-2,1.080327931649E-2,-6.926261181462E-2));
#1934=CARTESIAN_POINT('',(9.456204462413E-2,1.098162944924E-2,-6.908426168186E-2));
#1935=CARTESIAN_POINT('',(9.454514509924E-2,1.107380207232E-2,-6.899208905879E-2));
#1936=CARTESIAN_POINT('',(9.454382951127E-2,1.108087350968E-2,-6.898501762142E-2));
#1937=CARTESIAN_POINT('',(8.865245735470E-2,8.035613543760E-3,-7.594399076973E-2));
#1938=CARTESIAN_POINT('',(8.869650699591E-2,8.034518932390E-3,-7.594508538110E-2));
#1939=CARTESIAN_POINT('',(8.897144554273E-2,8.030147239761E-3,-7.594945707373E-2));
#1940=CARTESIAN_POINT('',(8.948821531209E-2,8.050237839332E-3,-7.592936647416E-2));
#1941=CARTESIAN_POINT('',(9.019379161326E-2,8.146484328327E-3,-7.583311998517E-2));
#1942=CARTESIAN_POINT('',(9.086952559456E-2,8.308436832895E-3,-7.567116748060E-2));
#1943=CARTESIAN_POINT('',(9.149141531728E-2,8.526362436193E-3,-7.545324187730E-2));
#1944=CARTESIAN_POINT('',(9.204384803533E-2,8.786503202291E-3,-7.519310111120E-2));
#1945=CARTESIAN_POINT('',(9.252049833794E-2,9.074438940671E-3,-7.490516537282E-2));
#1946=CARTESIAN_POINT('',(9.292258437460E-2,9.377630875064E-3,-7.460197343843E-2));
#1947=CARTESIAN_POINT('',(9.325600886184E-2,9.686541272702E-3,-7.429306304079E-2));
#1948=CARTESIAN_POINT('',(9.352884479961E-2,9.994723326519E-3,-7.398488098697E-2));
#1949=CARTESIAN_POINT('',(9.374955189715E-2,1.029832392425E-2,-7.368128038925E-2));
#1950=CARTESIAN_POINT('',(9.392594547888E-2,1.059538739163E-2,-7.338421692186E-2));
#1951=CARTESIAN_POINT('',(9.406474538015E-2,1.088520853462E-2,-7.309439577887E-2));
#1952=CARTESIAN_POINT('',(9.417147880916E-2,1.116783210820E-2,-7.281177220529E-2));
#1953=CARTESIAN_POINT('',(9.425056826739E-2,1.144371986417E-2,-7.253588444932E-2));
#1954=CARTESIAN_POINT('',(9.430547926586E-2,1.171351682345E-2,-7.226608749004E-2));
#1955=CARTESIAN_POINT('',(9.433888736818E-2,1.197792254557E-2,-7.200168176793E-2));
#1956=CARTESIAN_POINT('',(9.435282706791E-2,1.223759836204E-2,-7.174200595145E-2));
#1957=CARTESIAN_POINT('',(9.434881997639E-2,1.249314576964E-2,-7.148645854385E-2));
#1958=CARTESIAN_POINT('',(9.432797725372E-2,1.274507735993E-2,-7.123452695356E-2));
#1959=CARTESIAN_POINT('',(9.430237631794E-2,1.291760790423E-2,-7.106199640927E-2));
#1960=CARTESIAN_POINT('',(9.428602561078E-2,1.300678717458E-2,-7.097281713891E-2));
#1961=CARTESIAN_POINT('',(9.428475273056E-2,1.301362904395E-2,-7.096597526955E-2));
#1962=CARTESIAN_POINT('',(8.872486973297E-2,1.080917614445E-2,-7.577390545898E-2));
#1963=CARTESIAN_POINT('',(8.875166507770E-2,1.080851077720E-2,-7.577457082623E-2));
#1964=CARTESIAN_POINT('',(8.891883248271E-2,1.080585423655E-2,-7.577722736688E-2));
#1965=CARTESIAN_POINT('',(8.923224865360E-2,1.081806067131E-2,-7.576502093212E-2));
#1966=CARTESIAN_POINT('',(8.965946066489E-2,1.087633990992E-2,-7.570674169351E-2));
#1967=CARTESIAN_POINT('',(9.006901062360E-2,1.097447148026E-2,-7.560861012317E-2));
#1968=CARTESIAN_POINT('',(9.044730044951E-2,1.110698070563E-2,-7.547610089780E-2));
#1969=CARTESIAN_POINT('',(9.078543175408E-2,1.126612845381E-2,-7.531695314962E-2));
#1970=CARTESIAN_POINT('',(9.107970417640E-2,1.144379302744E-2,-7.513928857599E-2));
#1971=CARTESIAN_POINT('',(9.133063897749E-2,1.163289224395E-2,-7.495018935949E-2));
#1972=CARTESIAN_POINT('',(9.154137602870E-2,1.182800419019E-2,-7.475507741325E-2));
#1973=CARTESIAN_POINT('',(9.171627228846E-2,1.202541635003E-2,-7.455766525340E-2));
#1974=CARTESIAN_POINT('',(9.185990856321E-2,1.222284874233E-2,-7.436023286110E-2));
#1975=CARTESIAN_POINT('',(9.197651469126E-2,1.241906508852E-2,-7.416401651491E-2));
#1976=CARTESIAN_POINT('',(9.206971837811E-2,1.261351034706E-2,-7.396957125637E-2));
#1977=CARTESIAN_POINT('',(9.214249223576E-2,1.280603000591E-2,-7.377705159752E-2));
#1978=CARTESIAN_POINT('',(9.219720530512E-2,1.299668551062E-2,-7.358639609282E-2));
#1979=CARTESIAN_POINT('',(9.223570688261E-2,1.318562311119E-2,-7.339745849224E-2));
#1980=CARTESIAN_POINT('',(9.225942183852E-2,1.337300394014E-2,-7.321007766329E-2));
#1981=CARTESIAN_POINT('',(9.226943517680E-2,1.355895121525E-2,-7.302413038818E-2));
#1982=CARTESIAN_POINT('',(9.226656534013E-2,1.374354250113E-2,-7.283953910231E-2));
#1983=CARTESIAN_POINT('',(9.225142313633E-2,1.392679321948E-2,-7.265628838395E-2));
#1984=CARTESIAN_POINT('',(9.223271369758E-2,1.405293926320E-2,-7.253014234023E-2));
#1985=CARTESIAN_POINT('',(9.222073729227E-2,1.411826028790E-2,-7.246482131554E-2));
#1986=CARTESIAN_POINT('',(9.221980481034E-2,1.412327240640E-2,-7.245980919703E-2));
#1987=CARTESIAN_POINT('',(8.882147413101E-2,1.271581424398E-2,-7.375346173474E-2));
#1988=CARTESIAN_POINT('',(8.882525074656E-2,1.271572152565E-2,-7.375355445307E-2));
#1989=CARTESIAN_POINT('',(8.884864209381E-2,1.271535314662E-2,-7.375392283210E-2));
#1990=CARTESIAN_POINT('',(8.889076691315E-2,1.271704142117E-2,-7.375223455754E-2));
#1991=CARTESIAN_POINT('',(8.894661679960E-2,1.272466905219E-2,-7.374460692652E-2));
#1992=CARTESIAN_POINT('',(8.900105416729E-2,1.273765795659E-2,-7.373161802212E-2));
#1993=CARTESIAN_POINT('',(8.905436058629E-2,1.275621431962E-2,-7.371306165909E-2));
#1994=CARTESIAN_POINT('',(8.910659520382E-2,1.278062861565E-2,-7.368864736306E-2));
#1995=CARTESIAN_POINT('',(8.915755970335E-2,1.281118188394E-2,-7.365809409478E-2));
#1996=CARTESIAN_POINT('',(8.920684563619E-2,1.284807151148E-2,-7.362120446724E-2));
#1997=CARTESIAN_POINT('',(8.925390699841E-2,1.289136644579E-2,-7.357790953292E-2));
#1998=CARTESIAN_POINT('',(8.929814322651E-2,1.294100195220E-2,-7.352827402651E-2));
#1999=CARTESIAN_POINT('',(8.933896033387E-2,1.299679674302E-2,-7.347247923569E-2));
#2000=CARTESIAN_POINT('',(8.937580480913E-2,1.305847427595E-2,-7.341080170276E-2));
#2001=CARTESIAN_POINT('',(8.940817918818E-2,1.312567982597E-2,-7.334359615274E-2));
#2002=CARTESIAN_POINT('',(8.943564802992E-2,1.319799304151E-2,-7.327128293720E-2));
#2003=CARTESIAN_POINT('',(8.945784088065E-2,1.327494132483E-2,-7.319433465388E-2));
#2004=CARTESIAN_POINT('',(8.947445086621E-2,1.335600552227E-2,-7.311327045644E-2));
#2005=CARTESIAN_POINT('',(8.948523432344E-2,1.344062845794E-2,-7.302864752077E-2));
#2006=CARTESIAN_POINT('',(8.949000955474E-2,1.352821545921E-2,-7.294106051951E-2));
#2007=CARTESIAN_POINT('',(8.948865691475E-2,1.361814511968E-2,-7.285113085904E-2));
#2008=CARTESIAN_POINT('',(8.948111969794E-2,1.370976959335E-2,-7.275950638537E-2));
#2009=CARTESIAN_POINT('',(8.947160411440E-2,1.377403468709E-2,-7.269524129162E-2));
#2010=CARTESIAN_POINT('',(8.946546340746E-2,1.380752674118E-2,-7.266174923753E-2));
#2011=CARTESIAN_POINT('',(8.946498504639E-2,1.381009781321E-2,-7.265917816550E-2));
#2012=(BOUNDED_SURFACE()B_SPLINE_SURFACE(3,3,((#1912,#1913,#1914,#1915,#1916,#1917,#1918,#1919,#1920,#1921,#1922,#1923,#1924,#1925,#1926,#1927,#1928,#1929,#1930,#1931,#1932,#1933,#1934,#1935,#1936),(#1937,#1938,#1939,#1940,#1941,#1942,#1943,#1944,#1945,#1946,#1947,#1948,#1949,#1950,#1951,#1952,#1953,#1954,#1955,#1956,#1957,#1958,#1959,#1960,#1961),(#1962,#1963,#1964,#1965,#1966,#1967,#1968,#1969,#1970,#1971,#1972,#1973,#1974,#1975,#1976,#1977,#1978,#1979,#1980,#1981,#1982,#1983,#1984,#1985,#1986),(#1987,#1988,#1989,#1990,#1991,#1992,#1993,#1994,#1995,#1996,#1997,#1998,#1999,#2000,#2001,#2002,#2003,#2004,#2005,#2006,#2007,#2008,#2009,#2010,#2011)),.UNSPECIFIED.,.F.,.F.,.F.)B_SPLINE_SURFACE_WITH_KNOTS((4,4),(4,1,1,1,1,1,1,1,1,1,1,1,1,1,1,1,1,1,1,1,1,1,4),(0.E0,1.E0),(-9.142438800425E-3,0.E0,4.767700147657E-2,9.535666320413E-2,1.430862848065E-1,1.909077150826E-1,2.388638681529E-1,2.870236929918E-1,3.354517248991E-1,3.841981644159E-1,4.333015766287E-1,4.827977763782E-1,5.327149664811E-1,5.830679946091E-1,6.338628041305E-1,6.850923883086E-1,7.367420237982E-1,7.887835200745E-1,8.411812485433E-1,8.938856501389E-1,9.468431300627E-1,1.E0,1.004419910567E0),.UNSPECIFIED.)GEOMETRIC_REPRESENTATION_ITEM()RATIONAL_B_SPLINE_SURFACE(((1.156219446986E0,1.156219446986E0,1.156219446986E0,1.156219446986E0,1.156219446986E0,1.156219446986E0,1.156219446986E0,1.156219446986E0,1.156219446986E0,1.156219446986E0,1.156219446986E0,1.156219446986E0,1.156219446986E0,1.156219446986E0,1.156219446986E0,1.156219446986E0,1.156219446986E0,1.156219446986E0,1.156219446986E0,1.156219446986E0,1.156219446986E0,1.156219446986E0,1.156219446986E0,1.156219446986E0,1.156219446986E0),(9.479268510046E-1,9.479268510046E-1,9.479268510046E-1,9.479268510046E-1,9.479268510046E-1,9.479268510046E-1,9.479268510046E-1,9.479268510046E-1,9.479268510046E-1,9.479268510046E-1,9.479268510046E-1,9.479268510046E-1,9.479268510046E-1,9.479268510046E-1,9.479268510046E-1,9.479268510046E-1,9.479268510046E-1,9.479268510046E-1,9.479268510046E-1,9.479268510046E-1,9.479268510046E-1,9.479268510046E-1,9.479268510046E-1,9.479268510046E-1,9.479268510046E-1),(9.479268510046E-1,9.479268510046E-1,9.479268510046E-1,9.479268510046E-1,9.479268510046E-1,9.479268510046E-1,9.479268510046E-1,9.479268510046E-1,9.479268510046E-1,9.479268510046E-1,9.479268510046E-1,9.479268510046E-1,9.479268510046E-1,9.479268510046E-1,9.479268510046E-1,9.479268510046E-1,9.479268510046E-1,9.479268510046E-1,9.479268510046E-1,9.479268510046E-1,9.479268510046E-1,9.479268510046E-1,9.479268510046E-1,9.479268510046E-1,9.479268510046E-1),(1.156219446986E0,1.156219446986E0,1.156219446986E0,1.156219446986E0,1.156219446986E0,1.156219446986E0,1.156219446986E0,1.156219446986E0,1.156219446986E0,1.156219446986E0,1.156219446986E0,1.156219446986E0,1.156219446986E0,1.156219446986E0,1.156219446986E0,1.156219446986E0,1.156219446986E0,1.156219446986E0,1.156219446986E0,1.156219446986E0,1.156219446986E0,1.156219446986E0,1.156219446986E0,1.156219446986E0,1.156219446986E0)))REPRESENTATION_ITEM('')SURFACE());
#2013=EDGE_CURVE('',#1112,#1115,#611,.T.);
#2014=ORIENTED_EDGE('',*,*,#2013,.T.);
#2015=EDGE_CURVE('',#1116,#1115,#791,.T.);
#2016=ORIENTED_EDGE('',*,*,#2015,.F.);
#2017=ORIENTED_EDGE('',*,*,#1902,.F.);
#2018=EDGE_CURVE('',#1112,#1113,#605,.T.);
#2019=ORIENTED_EDGE('',*,*,#2018,.F.);
#2020=EDGE_LOOP('',(#2014,#2016,#2017,#2019));
#2021=FACE_OUTER_BOUND('',#2020,.F.);
#2022=ADVANCED_FACE('',(#2021),#2012,.T.);
#2023=CARTESIAN_POINT('',(8.725595020758E-2,2.363175911167E-2,-5.576941279832E-2));
#2024=AXIS2_PLACEMENT_3D('',#2023,#608,#826);
#2025=CYLINDRICAL_SURFACE('',#2024,5.E-3);
#2026=ORIENTED_EDGE('',*,*,#2013,.F.);
#2027=EDGE_CURVE('',#1095,#1112,#616,.T.);
#2028=ORIENTED_EDGE('',*,*,#2027,.F.);
#2029=EDGE_CURVE('',#1085,#1095,#824,.T.);
#2030=ORIENTED_EDGE('',*,*,#2029,.F.);
#2031=EDGE_CURVE('',#1085,#1115,#621,.T.);
#2032=ORIENTED_EDGE('',*,*,#2031,.T.);
#2033=EDGE_LOOP('',(#2026,#2028,#2030,#2032));
#2034=FACE_OUTER_BOUND('',#2033,.F.);
#2035=ADVANCED_FACE('',(#2034),#2025,.T.);
#2036=CARTESIAN_POINT('',(9.65E-2,0.E0,7.7E-2));
#2037=AXIS2_PLACEMENT_3D('',#2036,#826,#373);
#2038=PLANE('',#2037);
#2039=EDGE_CURVE('',#1099,#1096,#626,.T.);
#2040=ORIENTED_EDGE('',*,*,#2039,.F.);
#2041=EDGE_CURVE('',#1099,#1095,#839,.T.);
#2042=ORIENTED_EDGE('',*,*,#2041,.T.);
#2043=ORIENTED_EDGE('',*,*,#2027,.T.);
#2044=EDGE_CURVE('',#1112,#1111,#630,.T.);
#2045=ORIENTED_EDGE('',*,*,#2044,.T.);
#2046=EDGE_CURVE('',#1111,#1089,#636,.T.);
#2047=ORIENTED_EDGE('',*,*,#2046,.T.);
#2048=EDGE_CURVE('',#1088,#1089,#638,.T.);
#2049=ORIENTED_EDGE('',*,*,#2048,.F.);
#2050=ORIENTED_EDGE('',*,*,#1196,.T.);
#2051=EDGE_LOOP('',(#2040,#2042,#2043,#2045,#2047,#2049,#2050));
#2052=FACE_OUTER_BOUND('',#2051,.F.);
#2053=ADVANCED_FACE('',(#2052),#2038,.T.);
#2054=CARTESIAN_POINT('',(7.298541773439E-2,9.88052E-2,5.348541773439E-2));
#2055=DIRECTION('',(1.710878697460E-1,-9.702875252478E-1,1.710878697460E-1));
#2056=AXIS2_PLACEMENT_3D('',#2054,#2055,#826);
#2057=CYLINDRICAL_SURFACE('',#2056,6.E-3);
#2058=ORIENTED_EDGE('',*,*,#1157,.T.);
#2059=EDGE_CURVE('',#1098,#1097,#648,.T.);
#2060=ORIENTED_EDGE('',*,*,#2059,.F.);
#2061=EDGE_CURVE('',#1098,#1099,#713,.T.);
#2062=ORIENTED_EDGE('',*,*,#2061,.T.);
#2063=ORIENTED_EDGE('',*,*,#2039,.T.);
#2064=EDGE_LOOP('',(#2058,#2060,#2062,#2063));
#2065=FACE_OUTER_BOUND('',#2064,.F.);
#2066=ADVANCED_FACE('',(#2065),#2057,.T.);
#2067=CARTESIAN_POINT('',(-9.65E-2,0.E0,7.7E-2));
#2068=AXIS2_PLACEMENT_3D('',#2067,#676,#403);
#2069=PLANE('',#2068);
#2070=ORIENTED_EDGE('',*,*,#2059,.T.);
#2071=ORIENTED_EDGE('',*,*,#1193,.T.);
#2072=EDGE_CURVE('',#1090,#1091,#657,.T.);
#2073=ORIENTED_EDGE('',*,*,#2072,.F.);
#2074=ORIENTED_EDGE('',*,*,#1595,.T.);
#2075=ORIENTED_EDGE('',*,*,#1637,.F.);
#2076=EDGE_CURVE('',#1106,#1098,#682,.T.);
#2077=ORIENTED_EDGE('',*,*,#2076,.T.);
#2078=EDGE_LOOP('',(#2070,#2071,#2073,#2074,#2075,#2077));
#2079=FACE_OUTER_BOUND('',#2078,.F.);
#2080=ADVANCED_FACE('',(#2079),#2069,.T.);
#2081=CARTESIAN_POINT('',(9.05E-2,0.E0,7.7E-2));
#2082=AXIS2_PLACEMENT_3D('',#2081,#360,#417);
#2083=PLANE('',#2082);
#2084=ORIENTED_EDGE('',*,*,#1566,.T.);
#2085=ORIENTED_EDGE('',*,*,#1597,.F.);
#2086=ORIENTED_EDGE('',*,*,#2072,.T.);
#2087=ORIENTED_EDGE('',*,*,#1191,.T.);
#2088=EDGE_LOOP('',(#2084,#2085,#2086,#2087));
#2089=FACE_OUTER_BOUND('',#2088,.F.);
#2090=ADVANCED_FACE('',(#2089),#2083,.T.);
#2091=CARTESIAN_POINT('',(-9.290852958182E-2,1.95E-2,6.848449081676E-2));
#2092=AXIS2_PLACEMENT_3D('',#2091,#403,#522);
#2093=CYLINDRICAL_SURFACE('',#2092,5.E-3);
#2094=EDGE_CURVE('',#1098,#1101,#678,.T.);
#2095=ORIENTED_EDGE('',*,*,#2094,.F.);
#2096=ORIENTED_EDGE('',*,*,#2076,.F.);
#2097=ORIENTED_EDGE('',*,*,#1747,.T.);
#2098=EDGE_CURVE('',#1109,#1101,#690,.T.);
#2099=ORIENTED_EDGE('',*,*,#2098,.T.);
#2100=EDGE_LOOP('',(#2095,#2096,#2097,#2099));
#2101=FACE_OUTER_BOUND('',#2100,.F.);
#2102=ADVANCED_FACE('',(#2101),#2093,.T.);
#2103=CARTESIAN_POINT('',(9.293015828872E-2,2.023041513162E-2,6.740873040787E-2));
#2104=CARTESIAN_POINT('',(9.293044780048E-2,2.023041513162E-2,6.742768966028E-2));
#2105=CARTESIAN_POINT('',(9.293226407576E-2,2.023041513162E-2,6.760078563786E-2));
#2106=CARTESIAN_POINT('',(9.292143023782E-2,2.023041513162E-2,6.792884778202E-2));
#2107=CARTESIAN_POINT('',(9.286988261443E-2,2.023041513162E-2,6.839136567844E-2));
#2108=CARTESIAN_POINT('',(9.278201441055E-2,2.023041513162E-2,6.884995632202E-2));
#2109=CARTESIAN_POINT('',(9.265799877070E-2,2.023041513162E-2,6.930161291599E-2));
#2110=CARTESIAN_POINT('',(9.249828658935E-2,2.023041513162E-2,6.974332325087E-2));
#2111=CARTESIAN_POINT('',(9.230362189208E-2,2.023041513162E-2,7.017206128218E-2));
#2112=CARTESIAN_POINT('',(9.207505148198E-2,2.023041513162E-2,7.058483706257E-2));
#2113=CARTESIAN_POINT('',(9.181392724693E-2,2.023041513162E-2,7.097873525574E-2));
#2114=CARTESIAN_POINT('',(9.152190053699E-2,2.023041513162E-2,7.135095873183E-2));
#2115=CARTESIAN_POINT('',(9.120090858009E-2,2.023041513162E-2,7.169887023073E-2));
#2116=CARTESIAN_POINT('',(9.085315276641E-2,2.023041513162E-2,7.202003202612E-2));
#2117=CARTESIAN_POINT('',(9.048106949400E-2,2.023041513162E-2,7.231224120236E-2));
#2118=CARTESIAN_POINT('',(9.008729492423E-2,2.023041513162E-2,7.257355885012E-2));
#2119=CARTESIAN_POINT('',(8.967462533910E-2,2.023041513162E-2,7.280233182920E-2));
#2120=CARTESIAN_POINT('',(8.924597548712E-2,2.023041513162E-2,7.299720640306E-2));
#2121=CARTESIAN_POINT('',(8.880433498507E-2,2.023041513162E-2,7.315713391134E-2));
#2122=CARTESIAN_POINT('',(8.835272979121E-2,2.023041513162E-2,7.328136850734E-2));
#2123=CARTESIAN_POINT('',(8.789417224926E-2,2.023041513162E-2,7.336945755699E-2));
#2124=CARTESIAN_POINT('',(8.743166948572E-2,2.023041513162E-2,7.342122627007E-2));
#2125=CARTESIAN_POINT('',(8.710265507672E-2,2.023041513162E-2,7.343224753629E-2));
#2126=CARTESIAN_POINT('',(8.692860914836E-2,2.023041513162E-2,7.343046191544E-2));
#2127=CARTESIAN_POINT('',(8.690870231933E-2,2.023041513162E-2,7.343015782497E-2));
#2128=CARTESIAN_POINT('',(9.254156554592E-2,2.286226655085E-2,6.741465966425E-2));
#2129=CARTESIAN_POINT('',(9.254183618522E-2,2.286226655085E-2,6.743238309802E-2));
#2130=CARTESIAN_POINT('',(9.254353404834E-2,2.286226655085E-2,6.759419534597E-2));
#2131=CARTESIAN_POINT('',(9.253340643305E-2,2.286226655085E-2,6.790085749054E-2));
#2132=CARTESIAN_POINT('',(9.248522461607E-2,2.286226655085E-2,6.833316898370E-2));
#2133=CARTESIAN_POINT('',(9.240310079932E-2,2.286226655085E-2,6.876177575717E-2));
#2134=CARTESIAN_POINT('',(9.228720158235E-2,2.286226655085E-2,6.918387057869E-2));
#2135=CARTESIAN_POINT('',(9.213795230312E-2,2.286226655085E-2,6.959664242516E-2));
#2136=CARTESIAN_POINT('',(9.195605113491E-2,2.286226655085E-2,6.999726836598E-2));
#2137=CARTESIAN_POINT('',(9.174247790080E-2,2.286226655085E-2,7.038295993140E-2));
#2138=CARTESIAN_POINT('',(9.149849610368E-2,2.286226655085E-2,7.075099875854E-2));
#2139=CARTESIAN_POINT('',(9.122564763633E-2,2.286226655085E-2,7.109877696086E-2));
#2140=CARTESIAN_POINT('',(9.092574014508E-2,2.286226655085E-2,7.142383568982E-2));
#2141=CARTESIAN_POINT('',(9.060082688746E-2,2.286226655085E-2,7.172390185126E-2));
#2142=CARTESIAN_POINT('',(9.025317972167E-2,2.286226655085E-2,7.199692076909E-2));
#2143=CARTESIAN_POINT('',(8.988525647275E-2,2.286226655085E-2,7.224108323381E-2));
#2144=CARTESIAN_POINT('',(8.949966423603E-2,2.286226655085E-2,7.245484568861E-2));
#2145=CARTESIAN_POINT('',(8.909912082387E-2,2.286226655085E-2,7.263694291182E-2));
#2146=CARTESIAN_POINT('',(8.868641439370E-2,2.286226655085E-2,7.278639335316E-2));
#2147=CARTESIAN_POINT('',(8.826436779014E-2,2.286226655085E-2,7.290249714483E-2));
#2148=CARTESIAN_POINT('',(8.783579215476E-2,2.286226655085E-2,7.298482732913E-2));
#2149=CARTESIAN_POINT('',(8.740349501972E-2,2.286226655085E-2,7.303321577273E-2));
#2150=CARTESIAN_POINT('',(8.709594288415E-2,2.286226655085E-2,7.304351858623E-2));
#2151=CARTESIAN_POINT('',(8.693324265124E-2,2.286226655085E-2,7.304184938023E-2));
#2152=CARTESIAN_POINT('',(8.691463340647E-2,2.286226655085E-2,7.304156511258E-2));
#2153=CARTESIAN_POINT('',(9.050382496410E-2,2.457233305890E-2,6.744575207805E-2));
#2154=CARTESIAN_POINT('',(9.050399663821E-2,2.457233305890E-2,6.745699500529E-2));
#2155=CARTESIAN_POINT('',(9.050507356009E-2,2.457233305890E-2,6.755963652968E-2));
#2156=CARTESIAN_POINT('',(9.049864930408E-2,2.457233305890E-2,6.775407926599E-2));
#2157=CARTESIAN_POINT('',(9.046811743152E-2,2.457233305890E-2,6.802799147124E-2));
#2158=CARTESIAN_POINT('',(9.041611659311E-2,2.457233305890E-2,6.829936589785E-2));
#2159=CARTESIAN_POINT('',(9.034277906726E-2,2.457233305890E-2,6.856644180949E-2));
#2160=CARTESIAN_POINT('',(9.024839617611E-2,2.457233305890E-2,6.882746318377E-2));
#2161=CARTESIAN_POINT('',(9.013342564837E-2,2.457233305890E-2,6.908067219850E-2));
#2162=CARTESIAN_POINT('',(8.999849607058E-2,2.457233305890E-2,6.932433691195E-2));
#2163=CARTESIAN_POINT('',(8.984440746395E-2,2.457233305890E-2,6.955677186962E-2));
#2164=CARTESIAN_POINT('',(8.967212773836E-2,2.457233305890E-2,6.977636155760E-2));
#2165=CARTESIAN_POINT('',(8.948278502761E-2,2.457233305890E-2,6.998158269931E-2));
#2166=CARTESIAN_POINT('',(8.927765579668E-2,2.457233305890E-2,7.017102551485E-2));
#2167=CARTESIAN_POINT('',(8.905814907359E-2,2.457233305890E-2,7.034341268110E-2));
#2168=CARTESIAN_POINT('',(8.882578750612E-2,2.457233305890E-2,7.049761512138E-2));
#2169=CARTESIAN_POINT('',(8.858218611382E-2,2.457233305890E-2,7.063266392268E-2));
#2170=CARTESIAN_POINT('',(8.832902999622E-2,2.457233305890E-2,7.074775802651E-2));
#2171=CARTESIAN_POINT('',(8.806805087836E-2,2.457233305890E-2,7.084226780085E-2));
#2172=CARTESIAN_POINT('',(8.780100649787E-2,2.457233305890E-2,7.091573448654E-2));
#2173=CARTESIAN_POINT('',(8.752965291273E-2,2.457233305890E-2,7.096786577020E-2));
#2174=CARTESIAN_POINT('',(8.725575100282E-2,2.457233305890E-2,7.099852842655E-2));
#2175=CARTESIAN_POINT('',(8.706074483311E-2,2.457233305890E-2,7.100506374753E-2));
#2176=CARTESIAN_POINT('',(8.695754026622E-2,2.457233305890E-2,7.100400500909E-2));
#2177=CARTESIAN_POINT('',(8.694573542051E-2,2.457233305890E-2,7.100382469026E-2));
#2178=CARTESIAN_POINT('',(8.784478067874E-2,2.449805057512E-2,6.748632451694E-2));
#2179=CARTESIAN_POINT('',(8.784482321332E-2,2.449805057512E-2,6.748911104202E-2));
#2180=CARTESIAN_POINT('',(8.784508987003E-2,2.449805057512E-2,6.751454078796E-2));
#2181=CARTESIAN_POINT('',(8.784349812135E-2,2.449805057512E-2,6.756254860567E-2));
#2182=CARTESIAN_POINT('',(8.783599763184E-2,2.449805057512E-2,6.762976584441E-2));
#2183=CARTESIAN_POINT('',(8.782330421758E-2,2.449805057512E-2,6.769596804394E-2));
#2184=CARTESIAN_POINT('',(8.780550537146E-2,2.449805057512E-2,6.776076003870E-2));
#2185=CARTESIAN_POINT('',(8.778271753859E-2,2.449805057512E-2,6.782376247501E-2));
#2186=CARTESIAN_POINT('',(8.775508469191E-2,2.449805057512E-2,6.788460738884E-2));
#2187=CARTESIAN_POINT('',(8.772277709006E-2,2.449805057512E-2,6.794294150013E-2));
#2188=CARTESIAN_POINT('',(8.768598995772E-2,2.449805057512E-2,6.799842719477E-2));
#2189=CARTESIAN_POINT('',(8.764494221545E-2,2.449805057512E-2,6.805074390426E-2));
#2190=CARTESIAN_POINT('',(8.759987530230E-2,2.449805057512E-2,6.809958917831E-2));
#2191=CARTESIAN_POINT('',(8.755105204796E-2,2.449805057512E-2,6.814467977434E-2));
#2192=CARTESIAN_POINT('',(8.749875557476E-2,2.449805057512E-2,6.818575273587E-2));
#2193=CARTESIAN_POINT('',(8.744328821924E-2,2.449805057512E-2,6.822256649033E-2));
#2194=CARTESIAN_POINT('',(8.738497044291E-2,2.449805057512E-2,6.825490197653E-2));
#2195=CARTESIAN_POINT('',(8.732413976006E-2,2.449805057512E-2,6.828256382168E-2));
#2196=CARTESIAN_POINT('',(8.726114935890E-2,2.449805057512E-2,6.830538161130E-2));
#2197=CARTESIAN_POINT('',(8.719636712069E-2,2.449805057512E-2,6.832321120854E-2));
#2198=CARTESIAN_POINT('',(8.713017232657E-2,2.449805057512E-2,6.833593599714E-2));
#2199=CARTESIAN_POINT('',(8.706296008167E-2,2.449805057512E-2,6.834346830328E-2));
#2200=CARTESIAN_POINT('',(8.701481495503E-2,2.449805057512E-2,6.834508742956E-2));
#2201=CARTESIAN_POINT('',(8.698924618346E-2,2.449805057512E-2,6.834482528922E-2));
#2202=CARTESIAN_POINT('',(8.698632038674E-2,2.449805057512E-2,6.834478061302E-2));
#2203=(BOUNDED_SURFACE()B_SPLINE_SURFACE(3,3,((#2103,#2104,#2105,#2106,#2107,#2108,#2109,#2110,#2111,#2112,#2113,#2114,#2115,#2116,#2117,#2118,#2119,#2120,#2121,#2122,#2123,#2124,#2125,#2126,#2127),(#2128,#2129,#2130,#2131,#2132,#2133,#2134,#2135,#2136,#2137,#2138,#2139,#2140,#2141,#2142,#2143,#2144,#2145,#2146,#2147,#2148,#2149,#2150,#2151,#2152),(#2153,#2154,#2155,#2156,#2157,#2158,#2159,#2160,#2161,#2162,#2163,#2164,#2165,#2166,#2167,#2168,#2169,#2170,#2171,#2172,#2173,#2174,#2175,#2176,#2177),(#2178,#2179,#2180,#2181,#2182,#2183,#2184,#2185,#2186,#2187,#2188,#2189,#2190,#2191,#2192,#2193,#2194,#2195,#2196,#2197,#2198,#2199,#2200,#2201,#2202)),.UNSPECIFIED.,.F.,.F.,.F.)B_SPLINE_SURFACE_WITH_KNOTS((4,4),(4,1,1,1,1,1,1,1,1,1,1,1,1,1,1,1,1,1,1,1,1,1,4),(0.E0,1.E0),(-6.158411976921E-3,0.E0,5.004776650773E-2,1.000819547074E-1,1.501034208220E-1,2.001130162904E-1,2.501119220663E-1,3.001014983204E-1,3.500832641786E-1,4.000590045484E-1,4.500306627300E-1,5.000002582569E-1,5.499698474644E-1,5.999414868569E-1,6.499171964170E-1,6.998989201615E-1,7.498884439776E-1,7.998872883162E-1,8.498968148607E-1,8.999182061348E-1,9.499523152059E-1,1.E0,1.006466240213E0),.UNSPECIFIED.)GEOMETRIC_REPRESENTATION_ITEM()RATIONAL_B_SPLINE_SURFACE(((1.144296936789E0,1.144296936789E0,1.144296936789E0,1.144296936789E0,1.144296936789E0,1.144296936789E0,1.144296936789E0,1.144296936789E0,1.144296936789E0,1.144296936789E0,1.144296936789E0,1.144296936789E0,1.144296936789E0,1.144296936789E0,1.144296936789E0,1.144296936789E0,1.144296936789E0,1.144296936789E0,1.144296936789E0,1.144296936789E0,1.144296936789E0,1.144296936789E0,1.144296936789E0,1.144296936789E0,1.144296936789E0),(9.519010210702E-1,9.519010210702E-1,9.519010210702E-1,9.519010210702E-1,9.519010210702E-1,9.519010210702E-1,9.519010210702E-1,9.519010210702E-1,9.519010210702E-1,9.519010210702E-1,9.519010210702E-1,9.519010210702E-1,9.519010210702E-1,9.519010210702E-1,9.519010210702E-1,9.519010210702E-1,9.519010210702E-1,9.519010210702E-1,9.519010210702E-1,9.519010210702E-1,9.519010210702E-1,9.519010210702E-1,9.519010210702E-1,9.519010210702E-1,9.519010210702E-1),(9.519010210702E-1,9.519010210702E-1,9.519010210702E-1,9.519010210702E-1,9.519010210702E-1,9.519010210702E-1,9.519010210702E-1,9.519010210702E-1,9.519010210702E-1,9.519010210702E-1,9.519010210702E-1,9.519010210702E-1,9.519010210702E-1,9.519010210702E-1,9.519010210702E-1,9.519010210702E-1,9.519010210702E-1,9.519010210702E-1,9.519010210702E-1,9.519010210702E-1,9.519010210702E-1,9.519010210702E-1,9.519010210702E-1,9.519010210702E-1,9.519010210702E-1),(1.144296936789E0,1.144296936789E0,1.144296936789E0,1.144296936789E0,1.144296936789E0,1.144296936789E0,1.144296936789E0,1.144296936789E0,1.144296936789E0,1.144296936789E0,1.144296936789E0,1.144296936789E0,1.144296936789E0,1.144296936789E0,1.144296936789E0,1.144296936789E0,1.144296936789E0,1.144296936789E0,1.144296936789E0,1.144296936789E0,1.144296936789E0,1.144296936789E0,1.144296936789E0,1.144296936789E0,1.144296936789E0)))REPRESENTATION_ITEM('')SURFACE());
#2204=ORIENTED_EDGE('',*,*,#2094,.T.);
#2205=EDGE_CURVE('',#1102,#1101,#738,.T.);
#2206=ORIENTED_EDGE('',*,*,#2205,.F.);
#2207=EDGE_CURVE('',#1099,#1102,#832,.T.);
#2208=ORIENTED_EDGE('',*,*,#2207,.F.);
#2209=ORIENTED_EDGE('',*,*,#2061,.F.);
#2210=EDGE_LOOP('',(#2204,#2206,#2208,#2209));
#2211=FACE_OUTER_BOUND('',#2210,.F.);
#2212=ADVANCED_FACE('',(#2211),#2203,.T.);
#2213=CARTESIAN_POINT('',(0.E0,2.45E-2,0.E0));
#2214=AXIS2_PLACEMENT_3D('',#2213,#522,#403);
#2215=PLANE('',#2214);
#2216=ORIENTED_EDGE('',*,*,#2205,.T.);
#2217=ORIENTED_EDGE('',*,*,#2098,.F.);
#2218=ORIENTED_EDGE('',*,*,#1745,.T.);
#2219=ORIENTED_EDGE('',*,*,#1758,.F.);
#2220=EDGE_CURVE('',#1082,#1083,#765,.T.);
#2221=ORIENTED_EDGE('',*,*,#2220,.T.);
#2222=EDGE_CURVE('',#1102,#1083,#835,.T.);
#2223=ORIENTED_EDGE('',*,*,#2222,.F.);
#2224=EDGE_LOOP('',(#2216,#2217,#2218,#2219,#2221,#2223));
#2225=FACE_OUTER_BOUND('',#2224,.F.);
#2226=ADVANCED_FACE('',(#2225),#2215,.T.);
#2227=CARTESIAN_POINT('',(-9.217998897264E-2,1.95E-2,-5.990117190999E-2));
#2228=AXIS2_PLACEMENT_3D('',#2227,#417,#522);
#2229=CYLINDRICAL_SURFACE('',#2228,5.E-3);
#2230=ORIENTED_EDGE('',*,*,#2220,.F.);
#2231=ORIENTED_EDGE('',*,*,#1769,.F.);
#2232=EDGE_CURVE('',#1084,#1085,#767,.T.);
#2233=ORIENTED_EDGE('',*,*,#2232,.T.);
#2234=EDGE_CURVE('',#1083,#1085,#820,.T.);
#2235=ORIENTED_EDGE('',*,*,#2234,.F.);
#2236=EDGE_LOOP('',(#2230,#2231,#2233,#2235));
#2237=FACE_OUTER_BOUND('',#2236,.F.);
#2238=ADVANCED_FACE('',(#2237),#2229,.T.);
#2239=CARTESIAN_POINT('',(-1.158E-1,2.45E-2,-6.197223972185E-2));
#2240=DIRECTION('',(0.E0,-7.071067811865E-1,7.071067811865E-1));
#2241=DIRECTION('',(0.E0,-7.071067811865E-1,-7.071067811865E-1));
#2242=AXIS2_PLACEMENT_3D('',#2239,#2240,#2241);
#2243=PLANE('',#2242);
#2244=ORIENTED_EDGE('',*,*,#2015,.T.);
#2245=ORIENTED_EDGE('',*,*,#2031,.F.);
#2246=ORIENTED_EDGE('',*,*,#2232,.F.);
#2247=ORIENTED_EDGE('',*,*,#1780,.T.);
#2248=ORIENTED_EDGE('',*,*,#1890,.T.);
#2249=ORIENTED_EDGE('',*,*,#1904,.F.);
#2250=EDGE_LOOP('',(#2244,#2245,#2246,#2247,#2248,#2249));
#2251=FACE_OUTER_BOUND('',#2250,.F.);
#2252=ADVANCED_FACE('',(#2251),#2243,.F.);
#2253=DIRECTION('',(-7.660444431190E-1,6.427876096865E-1,0.E0));
#2254=DIRECTION('',(6.427876096865E-1,7.660444431190E-1,0.E0));
#2255=AXIS2_PLACEMENT_3D('',#818,#2253,#2254);
#2256=SPHERICAL_SURFACE('',#2255,5.E-3);
#2257=ORIENTED_EDGE('',*,*,#2234,.T.);
#2258=ORIENTED_EDGE('',*,*,#2029,.T.);
#2259=EDGE_CURVE('',#1095,#1083,#828,.T.);
#2260=ORIENTED_EDGE('',*,*,#2259,.T.);
#2261=EDGE_LOOP('',(#2257,#2258,#2260));
#2262=FACE_OUTER_BOUND('',#2261,.F.);
#2263=ADVANCED_FACE('',(#2262),#2256,.T.);
#2264=CARTESIAN_POINT('',(8.798449081676E-2,1.95E-2,7.340852958182E-2));
#2265=AXIS2_PLACEMENT_3D('',#2264,#373,#522);
#2266=CYLINDRICAL_SURFACE('',#2265,5.E-3);
#2267=ORIENTED_EDGE('',*,*,#2207,.T.);
#2268=ORIENTED_EDGE('',*,*,#2222,.T.);
#2269=ORIENTED_EDGE('',*,*,#2259,.F.);
#2270=ORIENTED_EDGE('',*,*,#2041,.F.);
#2271=EDGE_LOOP('',(#2267,#2268,#2269,#2270));
#2272=FACE_OUTER_BOUND('',#2271,.F.);
#2273=ADVANCED_FACE('',(#2272),#2266,.T.);
#2274=CARTESIAN_POINT('',(7.298541773439E-2,9.88052E-2,-5.348541773439E-2));
#2275=DIRECTION('',(1.710878697460E-1,-9.702875252478E-1,-1.710878697460E-1));
#2276=AXIS2_PLACEMENT_3D('',#2274,#2275,#1899);
#2277=CYLINDRICAL_SURFACE('',#2276,6.E-3);
#2278=ORIENTED_EDGE('',*,*,#1171,.T.);
#2279=ORIENTED_EDGE('',*,*,#2044,.F.);
#2280=ORIENTED_EDGE('',*,*,#2018,.T.);
#2281=EDGE_CURVE('',#1113,#1110,#843,.T.);
#2282=ORIENTED_EDGE('',*,*,#2281,.T.);
#2283=EDGE_LOOP('',(#2278,#2279,#2280,#2282));
#2284=FACE_OUTER_BOUND('',#2283,.F.);
#2285=ADVANCED_FACE('',(#2284),#2277,.T.);
#2286=CARTESIAN_POINT('',(9.65E-2,0.E0,-7.7E-2));
#2287=AXIS2_PLACEMENT_3D('',#2286,#1899,#417);
#2288=PLANE('',#2287);
#2289=ORIENTED_EDGE('',*,*,#2281,.F.);
#2290=ORIENTED_EDGE('',*,*,#1907,.T.);
#2291=EDGE_CURVE('',#1119,#1118,#847,.T.);
#2292=ORIENTED_EDGE('',*,*,#2291,.T.);
#2293=ORIENTED_EDGE('',*,*,#1272,.T.);
#2294=EDGE_CURVE('',#1086,#1087,#855,.T.);
#2295=ORIENTED_EDGE('',*,*,#2294,.T.);
#2296=EDGE_CURVE('',#1087,#1110,#861,.T.);
#2297=ORIENTED_EDGE('',*,*,#2296,.T.);
#2298=EDGE_LOOP('',(#2289,#2290,#2292,#2293,#2295,#2297));
#2299=FACE_OUTER_BOUND('',#2298,.F.);
#2300=ADVANCED_FACE('',(#2299),#2288,.T.);
#2301=CARTESIAN_POINT('',(-7.298541773439E-2,9.88052E-2,-5.348541773439E-2));
#2302=DIRECTION('',(-1.710878697460E-1,-9.702875252478E-1,-1.710878697460E-1));
#2303=AXIS2_PLACEMENT_3D('',#2301,#2302,#500);
#2304=CYLINDRICAL_SURFACE('',#2303,6.E-3);
#2305=ORIENTED_EDGE('',*,*,#1178,.T.);
#2306=ORIENTED_EDGE('',*,*,#2291,.F.);
#2307=ORIENTED_EDGE('',*,*,#1893,.T.);
#2308=ORIENTED_EDGE('',*,*,#1620,.T.);
#2309=EDGE_LOOP('',(#2305,#2306,#2307,#2308));
#2310=FACE_OUTER_BOUND('',#2309,.F.);
#2311=ADVANCED_FACE('',(#2310),#2304,.T.);
#2312=CARTESIAN_POINT('',(-9.05E-2,0.E0,-7.7E-2));
#2313=AXIS2_PLACEMENT_3D('',#2312,#373,#403);
#2314=PLANE('',#2313);
#2315=EDGE_CURVE('',#1073,#1074,#863,.T.);
#2316=ORIENTED_EDGE('',*,*,#2315,.T.);
#2317=EDGE_CURVE('',#1087,#1074,#1066,.T.);
#2318=ORIENTED_EDGE('',*,*,#2317,.F.);
#2319=ORIENTED_EDGE('',*,*,#2294,.F.);
#2320=ORIENTED_EDGE('',*,*,#1270,.T.);
#2321=EDGE_LOOP('',(#2316,#2318,#2319,#2320));
#2322=FACE_OUTER_BOUND('',#2321,.F.);
#2323=ADVANCED_FACE('',(#2322),#2314,.T.);
#2324=AXIS2_PLACEMENT_3D('',#1234,#879,#403);
#2325=PLANE('',#2324);
#2326=ORIENTED_EDGE('',*,*,#1307,.F.);
#2327=EDGE_CURVE('',#1127,#1147,#892,.T.);
#2328=ORIENTED_EDGE('',*,*,#2327,.T.);
#2329=EDGE_CURVE('',#1147,#1146,#876,.T.);
#2330=ORIENTED_EDGE('',*,*,#2329,.T.);
#2331=EDGE_CURVE('',#1074,#1146,#1057,.T.);
#2332=ORIENTED_EDGE('',*,*,#2331,.F.);
#2333=ORIENTED_EDGE('',*,*,#2315,.F.);
#2334=ORIENTED_EDGE('',*,*,#1268,.F.);
#2335=EDGE_LOOP('',(#2326,#2328,#2330,#2332,#2333,#2334));
#2336=FACE_OUTER_BOUND('',#2335,.F.);
#2337=ADVANCED_FACE('',(#2336),#2325,.T.);
#2338=CARTESIAN_POINT('',(-9.290852958182E-2,-2.75E-2,-6.848449081676E-2));
#2339=AXIS2_PLACEMENT_3D('',#2338,#403,#43);
#2340=CYLINDRICAL_SURFACE('',#2339,5.E-3);
#2341=ORIENTED_EDGE('',*,*,#1417,.T.);
#2342=EDGE_CURVE('',#1130,#1150,#884,.T.);
#2343=ORIENTED_EDGE('',*,*,#2342,.T.);
#2344=EDGE_CURVE('',#1147,#1150,#888,.T.);
#2345=ORIENTED_EDGE('',*,*,#2344,.F.);
#2346=ORIENTED_EDGE('',*,*,#2327,.F.);
#2347=EDGE_LOOP('',(#2341,#2343,#2345,#2346));
#2348=FACE_OUTER_BOUND('',#2347,.F.);
#2349=ADVANCED_FACE('',(#2348),#2340,.T.);
#2350=CARTESIAN_POINT('',(-9.65E-2,-3.25E-2,-7.7E-2));
#2351=AXIS2_PLACEMENT_3D('',#2350,#43,#403);
#2352=PLANE('',#2351);
#2353=ORIENTED_EDGE('',*,*,#1415,.T.);
#2354=ORIENTED_EDGE('',*,*,#1430,.F.);
#2355=ORIENTED_EDGE('',*,*,#1538,.T.);
#2356=ORIENTED_EDGE('',*,*,#1554,.F.);
#2357=EDGE_CURVE('',#1144,#1143,#964,.T.);
#2358=ORIENTED_EDGE('',*,*,#2357,.T.);
#2359=EDGE_CURVE('',#1151,#1143,#1029,.T.);
#2360=ORIENTED_EDGE('',*,*,#2359,.F.);
#2361=EDGE_CURVE('',#1151,#1150,#989,.T.);
#2362=ORIENTED_EDGE('',*,*,#2361,.T.);
#2363=ORIENTED_EDGE('',*,*,#2342,.F.);
#2364=EDGE_LOOP('',(#2353,#2354,#2355,#2356,#2358,#2360,#2362,#2363));
#2365=FACE_OUTER_BOUND('',#2364,.F.);
#2366=ADVANCED_FACE('',(#2365),#2352,.T.);
#2367=CARTESIAN_POINT('',(8.690873040787E-2,-2.823041513162E-2,7.343015828872E-2));
#2368=CARTESIAN_POINT('',(8.692768966028E-2,-2.823041513162E-2,7.343044780048E-2));
#2369=CARTESIAN_POINT('',(8.710078563786E-2,-2.823041513162E-2,7.343226407576E-2));
#2370=CARTESIAN_POINT('',(8.742884778202E-2,-2.823041513162E-2,7.342143023782E-2));
#2371=CARTESIAN_POINT('',(8.789136567844E-2,-2.823041513162E-2,7.336988261443E-2));
#2372=CARTESIAN_POINT('',(8.834995632202E-2,-2.823041513162E-2,7.328201441055E-2));
#2373=CARTESIAN_POINT('',(8.880161291599E-2,-2.823041513162E-2,7.315799877070E-2));
#2374=CARTESIAN_POINT('',(8.924332325087E-2,-2.823041513162E-2,7.299828658935E-2));
#2375=CARTESIAN_POINT('',(8.967206128218E-2,-2.823041513162E-2,7.280362189208E-2));
#2376=CARTESIAN_POINT('',(9.008483706257E-2,-2.823041513162E-2,7.257505148198E-2));
#2377=CARTESIAN_POINT('',(9.047873525574E-2,-2.823041513162E-2,7.231392724693E-2));
#2378=CARTESIAN_POINT('',(9.085095873183E-2,-2.823041513162E-2,7.202190053699E-2));
#2379=CARTESIAN_POINT('',(9.119887023073E-2,-2.823041513162E-2,7.170090858009E-2));
#2380=CARTESIAN_POINT('',(9.152003202612E-2,-2.823041513162E-2,7.135315276641E-2));
#2381=CARTESIAN_POINT('',(9.181224120236E-2,-2.823041513162E-2,7.098106949400E-2));
#2382=CARTESIAN_POINT('',(9.207355885012E-2,-2.823041513162E-2,7.058729492423E-2));
#2383=CARTESIAN_POINT('',(9.230233182920E-2,-2.823041513162E-2,7.017462533910E-2));
#2384=CARTESIAN_POINT('',(9.249720640306E-2,-2.823041513162E-2,6.974597548712E-2));
#2385=CARTESIAN_POINT('',(9.265713391134E-2,-2.823041513162E-2,6.930433498507E-2));
#2386=CARTESIAN_POINT('',(9.278136850734E-2,-2.823041513162E-2,6.885272979121E-2));
#2387=CARTESIAN_POINT('',(9.286945755699E-2,-2.823041513162E-2,6.839417224926E-2));
#2388=CARTESIAN_POINT('',(9.292122627007E-2,-2.823041513162E-2,6.793166948572E-2));
#2389=CARTESIAN_POINT('',(9.293224753629E-2,-2.823041513162E-2,6.760265507672E-2));
#2390=CARTESIAN_POINT('',(9.293046191544E-2,-2.823041513162E-2,6.742860914836E-2));
#2391=CARTESIAN_POINT('',(9.293015782497E-2,-2.823041513162E-2,6.740870231933E-2));
#2392=CARTESIAN_POINT('',(8.691465966425E-2,-3.086226655085E-2,7.304156554592E-2));
#2393=CARTESIAN_POINT('',(8.693238309802E-2,-3.086226655085E-2,7.304183618523E-2));
#2394=CARTESIAN_POINT('',(8.709419534597E-2,-3.086226655085E-2,7.304353404834E-2));
#2395=CARTESIAN_POINT('',(8.740085749054E-2,-3.086226655085E-2,7.303340643305E-2));
#2396=CARTESIAN_POINT('',(8.783316898370E-2,-3.086226655085E-2,7.298522461607E-2));
#2397=CARTESIAN_POINT('',(8.826177575717E-2,-3.086226655085E-2,7.290310079932E-2));
#2398=CARTESIAN_POINT('',(8.868387057869E-2,-3.086226655085E-2,7.278720158235E-2));
#2399=CARTESIAN_POINT('',(8.909664242516E-2,-3.086226655085E-2,7.263795230312E-2));
#2400=CARTESIAN_POINT('',(8.949726836598E-2,-3.086226655085E-2,7.245605113491E-2));
#2401=CARTESIAN_POINT('',(8.988295993140E-2,-3.086226655085E-2,7.224247790080E-2));
#2402=CARTESIAN_POINT('',(9.025099875854E-2,-3.086226655085E-2,7.199849610368E-2));
#2403=CARTESIAN_POINT('',(9.059877696086E-2,-3.086226655085E-2,7.172564763633E-2));
#2404=CARTESIAN_POINT('',(9.092383568982E-2,-3.086226655085E-2,7.142574014508E-2));
#2405=CARTESIAN_POINT('',(9.122390185126E-2,-3.086226655085E-2,7.110082688746E-2));
#2406=CARTESIAN_POINT('',(9.149692076909E-2,-3.086226655085E-2,7.075317972167E-2));
#2407=CARTESIAN_POINT('',(9.174108323381E-2,-3.086226655085E-2,7.038525647275E-2));
#2408=CARTESIAN_POINT('',(9.195484568861E-2,-3.086226655085E-2,6.999966423603E-2));
#2409=CARTESIAN_POINT('',(9.213694291182E-2,-3.086226655085E-2,6.959912082387E-2));
#2410=CARTESIAN_POINT('',(9.228639335316E-2,-3.086226655085E-2,6.918641439370E-2));
#2411=CARTESIAN_POINT('',(9.240249714483E-2,-3.086226655085E-2,6.876436779014E-2));
#2412=CARTESIAN_POINT('',(9.248482732913E-2,-3.086226655085E-2,6.833579215476E-2));
#2413=CARTESIAN_POINT('',(9.253321577273E-2,-3.086226655085E-2,6.790349501971E-2));
#2414=CARTESIAN_POINT('',(9.254351858623E-2,-3.086226655085E-2,6.759594288415E-2));
#2415=CARTESIAN_POINT('',(9.254184938023E-2,-3.086226655085E-2,6.743324265124E-2));
#2416=CARTESIAN_POINT('',(9.254156511258E-2,-3.086226655085E-2,6.741463340647E-2));
#2417=CARTESIAN_POINT('',(8.694575207805E-2,-3.257233305890E-2,7.100382496410E-2));
#2418=CARTESIAN_POINT('',(8.695699500529E-2,-3.257233305890E-2,7.100399663821E-2));
#2419=CARTESIAN_POINT('',(8.705963652968E-2,-3.257233305890E-2,7.100507356009E-2));
#2420=CARTESIAN_POINT('',(8.725407926599E-2,-3.257233305890E-2,7.099864930408E-2));
#2421=CARTESIAN_POINT('',(8.752799147124E-2,-3.257233305890E-2,7.096811743152E-2));
#2422=CARTESIAN_POINT('',(8.779936589785E-2,-3.257233305890E-2,7.091611659311E-2));
#2423=CARTESIAN_POINT('',(8.806644180949E-2,-3.257233305890E-2,7.084277906726E-2));
#2424=CARTESIAN_POINT('',(8.832746318377E-2,-3.257233305890E-2,7.074839617611E-2));
#2425=CARTESIAN_POINT('',(8.858067219850E-2,-3.257233305890E-2,7.063342564837E-2));
#2426=CARTESIAN_POINT('',(8.882433691195E-2,-3.257233305890E-2,7.049849607058E-2));
#2427=CARTESIAN_POINT('',(8.905677186962E-2,-3.257233305890E-2,7.034440746395E-2));
#2428=CARTESIAN_POINT('',(8.927636155760E-2,-3.257233305890E-2,7.017212773836E-2));
#2429=CARTESIAN_POINT('',(8.948158269931E-2,-3.257233305890E-2,6.998278502761E-2));
#2430=CARTESIAN_POINT('',(8.967102551485E-2,-3.257233305890E-2,6.977765579668E-2));
#2431=CARTESIAN_POINT('',(8.984341268110E-2,-3.257233305890E-2,6.955814907359E-2));
#2432=CARTESIAN_POINT('',(8.999761512138E-2,-3.257233305890E-2,6.932578750613E-2));
#2433=CARTESIAN_POINT('',(9.013266392268E-2,-3.257233305890E-2,6.908218611382E-2));
#2434=CARTESIAN_POINT('',(9.024775802651E-2,-3.257233305890E-2,6.882902999622E-2));
#2435=CARTESIAN_POINT('',(9.034226780085E-2,-3.257233305890E-2,6.856805087836E-2));
#2436=CARTESIAN_POINT('',(9.041573448654E-2,-3.257233305890E-2,6.830100649787E-2));
#2437=CARTESIAN_POINT('',(9.046786577020E-2,-3.257233305890E-2,6.802965291273E-2));
#2438=CARTESIAN_POINT('',(9.049852842655E-2,-3.257233305890E-2,6.775575100282E-2));
#2439=CARTESIAN_POINT('',(9.050506374753E-2,-3.257233305890E-2,6.756074483311E-2));
#2440=CARTESIAN_POINT('',(9.050400500909E-2,-3.257233305890E-2,6.745754026622E-2));
#2441=CARTESIAN_POINT('',(9.050382469026E-2,-3.257233305890E-2,6.744573542051E-2));
#2442=CARTESIAN_POINT('',(8.698632451694E-2,-3.249805057512E-2,6.834478067874E-2));
#2443=CARTESIAN_POINT('',(8.698911104202E-2,-3.249805057512E-2,6.834482321332E-2));
#2444=CARTESIAN_POINT('',(8.701454078796E-2,-3.249805057512E-2,6.834508987003E-2));
#2445=CARTESIAN_POINT('',(8.706254860567E-2,-3.249805057512E-2,6.834349812135E-2));
#2446=CARTESIAN_POINT('',(8.712976584441E-2,-3.249805057512E-2,6.833599763184E-2));
#2447=CARTESIAN_POINT('',(8.719596804394E-2,-3.249805057512E-2,6.832330421758E-2));
#2448=CARTESIAN_POINT('',(8.726076003870E-2,-3.249805057512E-2,6.830550537146E-2));
#2449=CARTESIAN_POINT('',(8.732376247501E-2,-3.249805057512E-2,6.828271753859E-2));
#2450=CARTESIAN_POINT('',(8.738460738884E-2,-3.249805057512E-2,6.825508469191E-2));
#2451=CARTESIAN_POINT('',(8.744294150013E-2,-3.249805057512E-2,6.822277709006E-2));
#2452=CARTESIAN_POINT('',(8.749842719477E-2,-3.249805057512E-2,6.818598995772E-2));
#2453=CARTESIAN_POINT('',(8.755074390426E-2,-3.249805057512E-2,6.814494221545E-2));
#2454=CARTESIAN_POINT('',(8.759958917831E-2,-3.249805057512E-2,6.809987530230E-2));
#2455=CARTESIAN_POINT('',(8.764467977434E-2,-3.249805057512E-2,6.805105204796E-2));
#2456=CARTESIAN_POINT('',(8.768575273587E-2,-3.249805057512E-2,6.799875557476E-2));
#2457=CARTESIAN_POINT('',(8.772256649033E-2,-3.249805057512E-2,6.794328821924E-2));
#2458=CARTESIAN_POINT('',(8.775490197653E-2,-3.249805057512E-2,6.788497044291E-2));
#2459=CARTESIAN_POINT('',(8.778256382168E-2,-3.249805057512E-2,6.782413976006E-2));
#2460=CARTESIAN_POINT('',(8.780538161130E-2,-3.249805057512E-2,6.776114935890E-2));
#2461=CARTESIAN_POINT('',(8.782321120854E-2,-3.249805057512E-2,6.769636712069E-2));
#2462=CARTESIAN_POINT('',(8.783593599714E-2,-3.249805057512E-2,6.763017232657E-2));
#2463=CARTESIAN_POINT('',(8.784346830328E-2,-3.249805057512E-2,6.756296008167E-2));
#2464=CARTESIAN_POINT('',(8.784508742956E-2,-3.249805057512E-2,6.751481495503E-2));
#2465=CARTESIAN_POINT('',(8.784482528922E-2,-3.249805057512E-2,6.748924618346E-2));
#2466=CARTESIAN_POINT('',(8.784478061302E-2,-3.249805057512E-2,6.748632038674E-2));
#2467=(BOUNDED_SURFACE()B_SPLINE_SURFACE(3,3,((#2367,#2368,#2369,#2370,#2371,#2372,#2373,#2374,#2375,#2376,#2377,#2378,#2379,#2380,#2381,#2382,#2383,#2384,#2385,#2386,#2387,#2388,#2389,#2390,#2391),(#2392,#2393,#2394,#2395,#2396,#2397,#2398,#2399,#2400,#2401,#2402,#2403,#2404,#2405,#2406,#2407,#2408,#2409,#2410,#2411,#2412,#2413,#2414,#2415,#2416),(#2417,#2418,#2419,#2420,#2421,#2422,#2423,#2424,#2425,#2426,#2427,#2428,#2429,#2430,#2431,#2432,#2433,#2434,#2435,#2436,#2437,#2438,#2439,#2440,#2441),(#2442,#2443,#2444,#2445,#2446,#2447,#2448,#2449,#2450,#2451,#2452,#2453,#2454,#2455,#2456,#2457,#2458,#2459,#2460,#2461,#2462,#2463,#2464,#2465,#2466)),.UNSPECIFIED.,.F.,.F.,.F.)B_SPLINE_SURFACE_WITH_KNOTS((4,4),(4,1,1,1,1,1,1,1,1,1,1,1,1,1,1,1,1,1,1,1,1,1,4),(0.E0,1.E0),(-6.158411976917E-3,0.E0,5.004776650773E-2,1.000819547074E-1,1.501034208220E-1,2.001130162904E-1,2.501119220663E-1,3.001014983204E-1,3.500832641786E-1,4.000590045484E-1,4.500306627300E-1,5.000002582569E-1,5.499698474644E-1,5.999414868569E-1,6.499171964170E-1,6.998989201615E-1,7.498884439776E-1,7.998872883162E-1,8.498968148607E-1,8.999182061348E-1,9.499523152059E-1,1.E0,1.006466240212E0),.UNSPECIFIED.)GEOMETRIC_REPRESENTATION_ITEM()RATIONAL_B_SPLINE_SURFACE(((1.144296936789E0,1.144296936789E0,1.144296936789E0,1.144296936789E0,1.144296936789E0,1.144296936789E0,1.144296936789E0,1.144296936789E0,1.144296936789E0,1.144296936789E0,1.144296936789E0,1.144296936789E0,1.144296936789E0,1.144296936789E0,1.144296936789E0,1.144296936789E0,1.144296936789E0,1.144296936789E0,1.144296936789E0,1.144296936789E0,1.144296936789E0,1.144296936789E0,1.144296936789E0,1.144296936789E0,1.144296936789E0),(9.519010210702E-1,9.519010210702E-1,9.519010210702E-1,9.519010210702E-1,9.519010210702E-1,9.519010210702E-1,9.519010210702E-1,9.519010210702E-1,9.519010210702E-1,9.519010210702E-1,9.519010210702E-1,9.519010210702E-1,9.519010210702E-1,9.519010210702E-1,9.519010210702E-1,9.519010210702E-1,9.519010210702E-1,9.519010210702E-1,9.519010210702E-1,9.519010210702E-1,9.519010210702E-1,9.519010210702E-1,9.519010210702E-1,9.519010210702E-1,9.519010210702E-1),(9.519010210702E-1,9.519010210702E-1,9.519010210702E-1,9.519010210702E-1,9.519010210702E-1,9.519010210702E-1,9.519010210702E-1,9.519010210702E-1,9.519010210702E-1,9.519010210702E-1,9.519010210702E-1,9.519010210702E-1,9.519010210702E-1,9.519010210702E-1,9.519010210702E-1,9.519010210702E-1,9.519010210702E-1,9.519010210702E-1,9.519010210702E-1,9.519010210702E-1,9.519010210702E-1,9.519010210702E-1,9.519010210702E-1,9.519010210702E-1,9.519010210702E-1),(1.144296936789E0,1.144296936789E0,1.144296936789E0,1.144296936789E0,1.144296936789E0,1.144296936789E0,1.144296936789E0,1.144296936789E0,1.144296936789E0,1.144296936789E0,1.144296936789E0,1.144296936789E0,1.144296936789E0,1.144296936789E0,1.144296936789E0,1.144296936789E0,1.144296936789E0,1.144296936789E0,1.144296936789E0,1.144296936789E0,1.144296936789E0,1.144296936789E0,1.144296936789E0,1.144296936789E0,1.144296936789E0)))REPRESENTATION_ITEM('')SURFACE());
#2468=EDGE_CURVE('',#1140,#1143,#1017,.T.);
#2469=ORIENTED_EDGE('',*,*,#2468,.T.);
#2470=ORIENTED_EDGE('',*,*,#2357,.F.);
#2471=ORIENTED_EDGE('',*,*,#1552,.F.);
#2472=ORIENTED_EDGE('',*,*,#1227,.F.);
#2473=EDGE_LOOP('',(#2469,#2470,#2471,#2472));
#2474=FACE_OUTER_BOUND('',#2473,.F.);
#2475=ADVANCED_FACE('',(#2474),#2467,.T.);
#2476=CARTESIAN_POINT('',(8.798449081676E-2,-2.75E-2,-7.340852958182E-2));
#2477=AXIS2_PLACEMENT_3D('',#2476,#360,#43);
#2478=CYLINDRICAL_SURFACE('',#2477,5.E-3);
#2479=ORIENTED_EDGE('',*,*,#2468,.F.);
#2480=ORIENTED_EDGE('',*,*,#1215,.F.);
#2481=EDGE_CURVE('',#1148,#1151,#1025,.T.);
#2482=ORIENTED_EDGE('',*,*,#2481,.T.);
#2483=ORIENTED_EDGE('',*,*,#2359,.T.);
#2484=EDGE_LOOP('',(#2479,#2480,#2482,#2483));
#2485=FACE_OUTER_BOUND('',#2484,.F.);
#2486=ADVANCED_FACE('',(#2485),#2478,.T.);
#2487=CARTESIAN_POINT('',(9.293015828872E-2,-2.823041513162E-2,-6.740873040787E-2));
#2488=CARTESIAN_POINT('',(9.293044780048E-2,-2.823041513162E-2,-6.742768966028E-2));
#2489=CARTESIAN_POINT('',(9.293226407576E-2,-2.823041513162E-2,-6.760078563786E-2));
#2490=CARTESIAN_POINT('',(9.292143023782E-2,-2.823041513162E-2,-6.792884778202E-2));
#2491=CARTESIAN_POINT('',(9.286988261443E-2,-2.823041513162E-2,-6.839136567844E-2));
#2492=CARTESIAN_POINT('',(9.278201441055E-2,-2.823041513162E-2,-6.884995632202E-2));
#2493=CARTESIAN_POINT('',(9.265799877070E-2,-2.823041513162E-2,-6.930161291599E-2));
#2494=CARTESIAN_POINT('',(9.249828658935E-2,-2.823041513162E-2,-6.974332325087E-2));
#2495=CARTESIAN_POINT('',(9.230362189208E-2,-2.823041513162E-2,-7.017206128218E-2));
#2496=CARTESIAN_POINT('',(9.207505148198E-2,-2.823041513162E-2,-7.058483706257E-2));
#2497=CARTESIAN_POINT('',(9.181392724693E-2,-2.823041513162E-2,-7.097873525574E-2));
#2498=CARTESIAN_POINT('',(9.152190053699E-2,-2.823041513162E-2,-7.135095873183E-2));
#2499=CARTESIAN_POINT('',(9.120090858009E-2,-2.823041513162E-2,-7.169887023073E-2));
#2500=CARTESIAN_POINT('',(9.085315276641E-2,-2.823041513162E-2,-7.202003202612E-2));
#2501=CARTESIAN_POINT('',(9.048106949400E-2,-2.823041513162E-2,-7.231224120236E-2));
#2502=CARTESIAN_POINT('',(9.008729492423E-2,-2.823041513162E-2,-7.257355885012E-2));
#2503=CARTESIAN_POINT('',(8.967462533910E-2,-2.823041513162E-2,-7.280233182920E-2));
#2504=CARTESIAN_POINT('',(8.924597548712E-2,-2.823041513162E-2,-7.299720640306E-2));
#2505=CARTESIAN_POINT('',(8.880433498507E-2,-2.823041513162E-2,-7.315713391134E-2));
#2506=CARTESIAN_POINT('',(8.835272979121E-2,-2.823041513162E-2,-7.328136850734E-2));
#2507=CARTESIAN_POINT('',(8.789417224926E-2,-2.823041513162E-2,-7.336945755699E-2));
#2508=CARTESIAN_POINT('',(8.743166948572E-2,-2.823041513162E-2,-7.342122627007E-2));
#2509=CARTESIAN_POINT('',(8.710265507672E-2,-2.823041513162E-2,-7.343224753629E-2));
#2510=CARTESIAN_POINT('',(8.692860914836E-2,-2.823041513162E-2,-7.343046191544E-2));
#2511=CARTESIAN_POINT('',(8.690870231933E-2,-2.823041513162E-2,-7.343015782497E-2));
#2512=CARTESIAN_POINT('',(9.254156554592E-2,-3.086226655085E-2,-6.741465966425E-2));
#2513=CARTESIAN_POINT('',(9.254183618523E-2,-3.086226655085E-2,-6.743238309802E-2));
#2514=CARTESIAN_POINT('',(9.254353404834E-2,-3.086226655085E-2,-6.759419534597E-2));
#2515=CARTESIAN_POINT('',(9.253340643305E-2,-3.086226655085E-2,-6.790085749054E-2));
#2516=CARTESIAN_POINT('',(9.248522461607E-2,-3.086226655085E-2,-6.833316898370E-2));
#2517=CARTESIAN_POINT('',(9.240310079932E-2,-3.086226655085E-2,-6.876177575717E-2));
#2518=CARTESIAN_POINT('',(9.228720158235E-2,-3.086226655085E-2,-6.918387057869E-2));
#2519=CARTESIAN_POINT('',(9.213795230312E-2,-3.086226655085E-2,-6.959664242516E-2));
#2520=CARTESIAN_POINT('',(9.195605113491E-2,-3.086226655085E-2,-6.999726836598E-2));
#2521=CARTESIAN_POINT('',(9.174247790080E-2,-3.086226655085E-2,-7.038295993140E-2));
#2522=CARTESIAN_POINT('',(9.149849610368E-2,-3.086226655085E-2,-7.075099875854E-2));
#2523=CARTESIAN_POINT('',(9.122564763633E-2,-3.086226655085E-2,-7.109877696086E-2));
#2524=CARTESIAN_POINT('',(9.092574014508E-2,-3.086226655085E-2,-7.142383568982E-2));
#2525=CARTESIAN_POINT('',(9.060082688746E-2,-3.086226655085E-2,-7.172390185126E-2));
#2526=CARTESIAN_POINT('',(9.025317972167E-2,-3.086226655085E-2,-7.199692076909E-2));
#2527=CARTESIAN_POINT('',(8.988525647275E-2,-3.086226655085E-2,-7.224108323381E-2));
#2528=CARTESIAN_POINT('',(8.949966423603E-2,-3.086226655085E-2,-7.245484568861E-2));
#2529=CARTESIAN_POINT('',(8.909912082387E-2,-3.086226655085E-2,-7.263694291182E-2));
#2530=CARTESIAN_POINT('',(8.868641439370E-2,-3.086226655085E-2,-7.278639335316E-2));
#2531=CARTESIAN_POINT('',(8.826436779014E-2,-3.086226655085E-2,-7.290249714483E-2));
#2532=CARTESIAN_POINT('',(8.783579215476E-2,-3.086226655085E-2,-7.298482732913E-2));
#2533=CARTESIAN_POINT('',(8.740349501971E-2,-3.086226655085E-2,-7.303321577273E-2));
#2534=CARTESIAN_POINT('',(8.709594288415E-2,-3.086226655085E-2,-7.304351858623E-2));
#2535=CARTESIAN_POINT('',(8.693324265124E-2,-3.086226655085E-2,-7.304184938023E-2));
#2536=CARTESIAN_POINT('',(8.691463340647E-2,-3.086226655085E-2,-7.304156511258E-2));
#2537=CARTESIAN_POINT('',(9.050382496410E-2,-3.257233305890E-2,-6.744575207805E-2));
#2538=CARTESIAN_POINT('',(9.050399663821E-2,-3.257233305890E-2,-6.745699500529E-2));
#2539=CARTESIAN_POINT('',(9.050507356009E-2,-3.257233305890E-2,-6.755963652968E-2));
#2540=CARTESIAN_POINT('',(9.049864930408E-2,-3.257233305890E-2,-6.775407926599E-2));
#2541=CARTESIAN_POINT('',(9.046811743152E-2,-3.257233305890E-2,-6.802799147124E-2));
#2542=CARTESIAN_POINT('',(9.041611659311E-2,-3.257233305890E-2,-6.829936589785E-2));
#2543=CARTESIAN_POINT('',(9.034277906726E-2,-3.257233305890E-2,-6.856644180949E-2));
#2544=CARTESIAN_POINT('',(9.024839617611E-2,-3.257233305890E-2,-6.882746318377E-2));
#2545=CARTESIAN_POINT('',(9.013342564837E-2,-3.257233305890E-2,-6.908067219850E-2));
#2546=CARTESIAN_POINT('',(8.999849607058E-2,-3.257233305890E-2,-6.932433691195E-2));
#2547=CARTESIAN_POINT('',(8.984440746395E-2,-3.257233305890E-2,-6.955677186962E-2));
#2548=CARTESIAN_POINT('',(8.967212773836E-2,-3.257233305890E-2,-6.977636155760E-2));
#2549=CARTESIAN_POINT('',(8.948278502761E-2,-3.257233305890E-2,-6.998158269931E-2));
#2550=CARTESIAN_POINT('',(8.927765579668E-2,-3.257233305890E-2,-7.017102551485E-2));
#2551=CARTESIAN_POINT('',(8.905814907359E-2,-3.257233305890E-2,-7.034341268110E-2));
#2552=CARTESIAN_POINT('',(8.882578750613E-2,-3.257233305890E-2,-7.049761512138E-2));
#2553=CARTESIAN_POINT('',(8.858218611382E-2,-3.257233305890E-2,-7.063266392268E-2));
#2554=CARTESIAN_POINT('',(8.832902999622E-2,-3.257233305890E-2,-7.074775802651E-2));
#2555=CARTESIAN_POINT('',(8.806805087836E-2,-3.257233305890E-2,-7.084226780085E-2));
#2556=CARTESIAN_POINT('',(8.780100649787E-2,-3.257233305890E-2,-7.091573448654E-2));
#2557=CARTESIAN_POINT('',(8.752965291273E-2,-3.257233305890E-2,-7.096786577020E-2));
#2558=CARTESIAN_POINT('',(8.725575100282E-2,-3.257233305890E-2,-7.099852842655E-2));
#2559=CARTESIAN_POINT('',(8.706074483311E-2,-3.257233305890E-2,-7.100506374753E-2));
#2560=CARTESIAN_POINT('',(8.695754026622E-2,-3.257233305890E-2,-7.100400500909E-2));
#2561=CARTESIAN_POINT('',(8.694573542051E-2,-3.257233305890E-2,-7.100382469026E-2));
#2562=CARTESIAN_POINT('',(8.784478067874E-2,-3.249805057512E-2,-6.748632451694E-2));
#2563=CARTESIAN_POINT('',(8.784482321332E-2,-3.249805057512E-2,-6.748911104202E-2));
#2564=CARTESIAN_POINT('',(8.784508987003E-2,-3.249805057512E-2,-6.751454078796E-2));
#2565=CARTESIAN_POINT('',(8.784349812135E-2,-3.249805057512E-2,-6.756254860567E-2));
#2566=CARTESIAN_POINT('',(8.783599763184E-2,-3.249805057512E-2,-6.762976584441E-2));
#2567=CARTESIAN_POINT('',(8.782330421758E-2,-3.249805057512E-2,-6.769596804394E-2));
#2568=CARTESIAN_POINT('',(8.780550537146E-2,-3.249805057512E-2,-6.776076003870E-2));
#2569=CARTESIAN_POINT('',(8.778271753859E-2,-3.249805057512E-2,-6.782376247501E-2));
#2570=CARTESIAN_POINT('',(8.775508469191E-2,-3.249805057512E-2,-6.788460738884E-2));
#2571=CARTESIAN_POINT('',(8.772277709006E-2,-3.249805057512E-2,-6.794294150013E-2));
#2572=CARTESIAN_POINT('',(8.768598995772E-2,-3.249805057512E-2,-6.799842719477E-2));
#2573=CARTESIAN_POINT('',(8.764494221545E-2,-3.249805057512E-2,-6.805074390426E-2));
#2574=CARTESIAN_POINT('',(8.759987530230E-2,-3.249805057512E-2,-6.809958917831E-2));
#2575=CARTESIAN_POINT('',(8.755105204796E-2,-3.249805057512E-2,-6.814467977434E-2));
#2576=CARTESIAN_POINT('',(8.749875557476E-2,-3.249805057512E-2,-6.818575273587E-2));
#2577=CARTESIAN_POINT('',(8.744328821924E-2,-3.249805057512E-2,-6.822256649033E-2));
#2578=CARTESIAN_POINT('',(8.738497044291E-2,-3.249805057512E-2,-6.825490197653E-2));
#2579=CARTESIAN_POINT('',(8.732413976006E-2,-3.249805057512E-2,-6.828256382168E-2));
#2580=CARTESIAN_POINT('',(8.726114935890E-2,-3.249805057512E-2,-6.830538161130E-2));
#2581=CARTESIAN_POINT('',(8.719636712069E-2,-3.249805057512E-2,-6.832321120854E-2));
#2582=CARTESIAN_POINT('',(8.713017232657E-2,-3.249805057512E-2,-6.833593599714E-2));
#2583=CARTESIAN_POINT('',(8.706296008167E-2,-3.249805057512E-2,-6.834346830328E-2));
#2584=CARTESIAN_POINT('',(8.701481495503E-2,-3.249805057512E-2,-6.834508742956E-2));
#2585=CARTESIAN_POINT('',(8.698924618346E-2,-3.249805057512E-2,-6.834482528922E-2));
#2586=CARTESIAN_POINT('',(8.698632038674E-2,-3.249805057512E-2,-6.834478061302E-2));
#2587=(BOUNDED_SURFACE()B_SPLINE_SURFACE(3,3,((#2487,#2488,#2489,#2490,#2491,#2492,#2493,#2494,#2495,#2496,#2497,#2498,#2499,#2500,#2501,#2502,#2503,#2504,#2505,#2506,#2507,#2508,#2509,#2510,#2511),(#2512,#2513,#2514,#2515,#2516,#2517,#2518,#2519,#2520,#2521,#2522,#2523,#2524,#2525,#2526,#2527,#2528,#2529,#2530,#2531,#2532,#2533,#2534,#2535,#2536),(#2537,#2538,#2539,#2540,#2541,#2542,#2543,#2544,#2545,#2546,#2547,#2548,#2549,#2550,#2551,#2552,#2553,#2554,#2555,#2556,#2557,#2558,#2559,#2560,#2561),(#2562,#2563,#2564,#2565,#2566,#2567,#2568,#2569,#2570,#2571,#2572,#2573,#2574,#2575,#2576,#2577,#2578,#2579,#2580,#2581,#2582,#2583,#2584,#2585,#2586)),.UNSPECIFIED.,.F.,.F.,.F.)B_SPLINE_SURFACE_WITH_KNOTS((4,4),(4,1,1,1,1,1,1,1,1,1,1,1,1,1,1,1,1,1,1,1,1,1,4),(0.E0,1.E0),(-6.158411976920E-3,0.E0,5.004776650773E-2,1.000819547074E-1,1.501034208220E-1,2.001130162904E-1,2.501119220663E-1,3.001014983204E-1,3.500832641786E-1,4.000590045484E-1,4.500306627300E-1,5.000002582569E-1,5.499698474644E-1,5.999414868569E-1,6.499171964170E-1,6.998989201615E-1,7.498884439776E-1,7.998872883161E-1,8.498968148607E-1,8.999182061348E-1,9.499523152059E-1,1.E0,1.006466240213E0),.UNSPECIFIED.)GEOMETRIC_REPRESENTATION_ITEM()RATIONAL_B_SPLINE_SURFACE(((1.144296936789E0,1.144296936789E0,1.144296936789E0,1.144296936789E0,1.144296936789E0,1.144296936789E0,1.144296936789E0,1.144296936789E0,1.144296936789E0,1.144296936789E0,1.144296936789E0,1.144296936789E0,1.144296936789E0,1.144296936789E0,1.144296936789E0,1.144296936789E0,1.144296936789E0,1.144296936789E0,1.144296936789E0,1.144296936789E0,1.144296936789E0,1.144296936789E0,1.144296936789E0,1.144296936789E0,1.144296936789E0),(9.519010210702E-1,9.519010210702E-1,9.519010210702E-1,9.519010210702E-1,9.519010210702E-1,9.519010210702E-1,9.519010210702E-1,9.519010210702E-1,9.519010210702E-1,9.519010210702E-1,9.519010210702E-1,9.519010210702E-1,9.519010210702E-1,9.519010210702E-1,9.519010210702E-1,9.519010210702E-1,9.519010210702E-1,9.519010210702E-1,9.519010210702E-1,9.519010210702E-1,9.519010210702E-1,9.519010210702E-1,9.519010210702E-1,9.519010210702E-1,9.519010210702E-1),(9.519010210702E-1,9.519010210702E-1,9.519010210702E-1,9.519010210702E-1,9.519010210702E-1,9.519010210702E-1,9.519010210702E-1,9.519010210702E-1,9.519010210702E-1,9.519010210702E-1,9.519010210702E-1,9.519010210702E-1,9.519010210702E-1,9.519010210702E-1,9.519010210702E-1,9.519010210702E-1,9.519010210702E-1,9.519010210702E-1,9.519010210702E-1,9.519010210702E-1,9.519010210702E-1,9.519010210702E-1,9.519010210702E-1,9.519010210702E-1,9.519010210702E-1),(1.144296936789E0,1.144296936789E0,1.144296936789E0,1.144296936789E0,1.144296936789E0,1.144296936789E0,1.144296936789E0,1.144296936789E0,1.144296936789E0,1.144296936789E0,1.144296936789E0,1.144296936789E0,1.144296936789E0,1.144296936789E0,1.144296936789E0,1.144296936789E0,1.144296936789E0,1.144296936789E0,1.144296936789E0,1.144296936789E0,1.144296936789E0,1.144296936789E0,1.144296936789E0,1.144296936789E0,1.144296936789E0)))REPRESENTATION_ITEM('')SURFACE());
#2588=ORIENTED_EDGE('',*,*,#2344,.T.);
#2589=ORIENTED_EDGE('',*,*,#2361,.F.);
#2590=ORIENTED_EDGE('',*,*,#2481,.F.);
#2591=EDGE_CURVE('',#1147,#1148,#1052,.T.);
#2592=ORIENTED_EDGE('',*,*,#2591,.F.);
#2593=EDGE_LOOP('',(#2588,#2589,#2590,#2592));
#2594=FACE_OUTER_BOUND('',#2593,.F.);
#2595=ADVANCED_FACE('',(#2594),#2587,.T.);
#2596=CARTESIAN_POINT('',(7.298541773143E-2,-1.068052000168E-1,-5.348541773143E-2));
#2597=DIRECTION('',(1.710878697460E-1,9.702875252478E-1,-1.710878697460E-1));
#2598=AXIS2_PLACEMENT_3D('',#2596,#2597,#1015);
#2599=CYLINDRICAL_SURFACE('',#2598,6.E-3);
#2600=ORIENTED_EDGE('',*,*,#1258,.T.);
#2601=ORIENTED_EDGE('',*,*,#2329,.F.);
#2602=ORIENTED_EDGE('',*,*,#2591,.T.);
#2603=ORIENTED_EDGE('',*,*,#1213,.T.);
#2604=EDGE_LOOP('',(#2600,#2601,#2602,#2603));
#2605=FACE_OUTER_BOUND('',#2604,.F.);
#2606=ADVANCED_FACE('',(#2605),#2599,.T.);
#2607=AXIS2_PLACEMENT_3D('',#106,#43,#403);
#2608=CYLINDRICAL_SURFACE('',#2607,6.E-3);
#2609=ORIENTED_EDGE('',*,*,#2331,.T.);
#2610=ORIENTED_EDGE('',*,*,#1256,.T.);
#2611=ORIENTED_EDGE('',*,*,#1211,.T.);
#2612=EDGE_CURVE('',#1089,#1075,#1071,.T.);
#2613=ORIENTED_EDGE('',*,*,#2612,.F.);
#2614=ORIENTED_EDGE('',*,*,#2046,.F.);
#2615=ORIENTED_EDGE('',*,*,#1169,.F.);
#2616=ORIENTED_EDGE('',*,*,#2296,.F.);
#2617=ORIENTED_EDGE('',*,*,#2317,.T.);
#2618=EDGE_LOOP('',(#2609,#2610,#2611,#2613,#2614,#2615,#2616,#2617));
#2619=FACE_OUTER_BOUND('',#2618,.F.);
#2620=ADVANCED_FACE('',(#2619),#2608,.T.);
#2621=AXIS2_PLACEMENT_3D('',#635,#403,#360);
#2622=PLANE('',#2621);
#2623=ORIENTED_EDGE('',*,*,#1209,.T.);
#2624=ORIENTED_EDGE('',*,*,#1198,.F.);
#2625=ORIENTED_EDGE('',*,*,#2048,.T.);
#2626=ORIENTED_EDGE('',*,*,#2612,.T.);
#2627=EDGE_LOOP('',(#2623,#2624,#2625,#2626));
#2628=FACE_OUTER_BOUND('',#2627,.F.);
#2629=ADVANCED_FACE('',(#2628),#2622,.T.);
#2630=CLOSED_SHELL('',(#1161,#1168,#1175,#1182,#1202,#1219,#1233,#1243,#1250,#1255,#1262,#1281,#1298,#1311,#1422,#1434,#1545,#1558,#1573,#1584,#1601,#1611,#1628,#1641,#1752,#1762,#1774,#1786,#1897,#1911,#2022,#2035,#2053,#2066,#2080,#2090,#2102,#2212,#2226,#2238,#2252,#2263,#2273,#2285,#2300,#2311,#2323,#2337,#2349,#2366,#2475,#2486,#2595,#2606,#2620,#2629));
#2631=MANIFOLD_SOLID_BREP('',#2630);
#2632=FILL_AREA_STYLE_COLOUR('',#8);
#2633=FILL_AREA_STYLE('',(#2632));
#2634=SURFACE_STYLE_FILL_AREA(#2633);
#2635=SURFACE_SIDE_STYLE('',(#2634));
#2636=SURFACE_STYLE_USAGE(.BOTH.,#2635);
#2637=PRESENTATION_STYLE_ASSIGNMENT((#2636));
#2638=DIMENSIONAL_EXPONENTS(1.E0,0.E0,0.E0,0.E0,0.E0,0.E0,0.E0);
#2639=(LENGTH_UNIT()NAMED_UNIT(*)SI_UNIT(.MILLI.,.METRE.));
#2640=LENGTH_MEASURE_WITH_UNIT(LENGTH_MEASURE(2.54E1),#2639);
#2641=(CONVERSION_BASED_UNIT('INCH',#2640)LENGTH_UNIT()NAMED_UNIT(#2638));
#2642=DIMENSIONAL_EXPONENTS(0.E0,0.E0,0.E0,0.E0,0.E0,0.E0,0.E0);
#2643=(NAMED_UNIT(*)PLANE_ANGLE_UNIT()SI_UNIT($,.RADIAN.));
#2644=PLANE_ANGLE_MEASURE_WITH_UNIT(PLANE_ANGLE_MEASURE(1.745329251994E-2),#2643);
#2645=(CONVERSION_BASED_UNIT('DEGREE',#2644)NAMED_UNIT(#2642)PLANE_ANGLE_UNIT());
#2646=(NAMED_UNIT(*)SI_UNIT($,.STERADIAN.)SOLID_ANGLE_UNIT());
#2647=UNCERTAINTY_MEASURE_WITH_UNIT(LENGTH_MEASURE(2.126065250944E-6),#2641,'distance_accuracy_value','Maximum model space distance between geometric entities at asserted connectivities');
#2648=(GEOMETRIC_REPRESENTATION_CONTEXT(3)GLOBAL_UNCERTAINTY_ASSIGNED_CONTEXT((#2647))GLOBAL_UNIT_ASSIGNED_CONTEXT((#2641,#2645,#2646))REPRESENTATION_CONTEXT('ID1','3'));
#2649=AXIS2_PLACEMENT_3D('',#1152,#360,#403);
#2650=ADVANCED_BREP_SHAPE_REPRESENTATION('',(#2649,#2631),#2648);
#2651=APPLICATION_CONTEXT('automotive_design');
#2652=APPLICATION_PROTOCOL_DEFINITION('draft international standard','automotive_design',1998,#2651);
#2653=PRODUCT_DEFINITION_CONTEXT('part definition',#2651,'design');
#2654=PRODUCT_CONTEXT('',#2651,'mechanical');
#2655=PRODUCT('BODY-SO','BODY-SO','NOT SPECIFIED',(#2654));
#2656=PRODUCT_DEFINITION_FORMATION_WITH_SPECIFIED_SOURCE('113','LAST_VERSION',#2655,.MADE.);
#2657=PRODUCT_DEFINITION('part definition','',#2656,#2653);
#2658=PRODUCT_DEFINITION_SHAPE('','SHAPE FOR BODY-SO.',#2657);
#2659=SHAPE_DEFINITION_REPRESENTATION(#2658,#2650);
#2660=SHAPE_DEFINITION_REPRESENTATION(#2661,#2662);
#2661=PRODUCT_DEFINITION_SHAPE('','SHAPE FOR DBQ0016A_ASM.',#3132);
#2662=SHAPE_REPRESENTATION('',(#2649,#3017,#3024,#3031,#3038,#3045,#3052,#3059,#3066,#3073,#3080,#3087,#3094,#3101,#3108,#3115,#3122,#2649),#3127);
#2663=NEXT_ASSEMBLY_USAGE_OCCURRENCE('0','Next assembly relationship','BODY-SO',#3132,#2657,$);
#2664=PRODUCT_DEFINITION_SHAPE('Placement #0','Placement of BODY-SO with respect to DBQ0016A_ASM',#2663);
#2665=ITEM_DEFINED_TRANSFORMATION('','',#2649,#2649);
#2666=(REPRESENTATION_RELATIONSHIP('','',#2650,#2662)REPRESENTATION_RELATIONSHIP_WITH_TRANSFORMATION(#2665)SHAPE_REPRESENTATION_RELATIONSHIP());
#2667=CONTEXT_DEPENDENT_SHAPE_REPRESENTATION(#2666,#2664);
#2668=STYLED_ITEM('',(#3005),#2999);
#2669=VECTOR('',#373,7.174372127704E-3);
#2670=CARTESIAN_POINT('',(-5.E-3,2.15E-2,-8.825627872296E-3));
#2671=LINE('',#2670,#2669);
#2672=CURVE_STYLE('',#47,POSITIVE_LENGTH_MEASURE(2.E-2),#40);
#2673=PRESENTATION_STYLE_ASSIGNMENT((#2672));
#2674=STYLED_ITEM('',(#2673),#2671);
#2675=VECTOR('',#522,8.E-3);
#2676=CARTESIAN_POINT('',(-5.E-3,2.15E-2,-1.6E-2));
#2677=LINE('',#2676,#2675);
#2678=STYLED_ITEM('',(#2673),#2677);
#2679=VECTOR('',#360,7.174372127704E-3);
#2680=CARTESIAN_POINT('',(-5.E-3,2.95E-2,-1.6E-2));
#2681=LINE('',#2680,#2679);
#2682=STYLED_ITEM('',(#2673),#2681);
#2683=DIRECTION('',(0.E0,-6.975647374413E-2,9.975640502598E-1));
#2684=VECTOR('',#2683,1.342755238286E-2);
#2685=CARTESIAN_POINT('',(-5.E-3,-1.082828892679E-3,1.216320824984E-2));
#2686=LINE('',#2685,#2684);
#2687=STYLED_ITEM('',(#2673),#2686);
#2688=DIRECTION('',(0.E0,-9.975640502598E-1,-6.975647374413E-2));
#2689=VECTOR('',#2688,8.E-3);
#2690=CARTESIAN_POINT('',(-5.E-3,-2.019487597921E-3,2.555805178995E-2));
#2691=LINE('',#2690,#2689);
#2692=STYLED_ITEM('',(#2673),#2691);
#2693=DIRECTION('',(0.E0,6.975647374413E-2,-9.975640502598E-1));
#2694=VECTOR('',#2693,1.342755238286E-2);
#2695=CARTESIAN_POINT('',(-5.E-3,-1.E-2,2.5E-2));
#2696=LINE('',#2695,#2694);
#2697=STYLED_ITEM('',(#2673),#2696);
#2698=DIRECTION('',(0.E0,9.848077530122E-1,-1.736481776669E-1));
#2699=VECTOR('',#2698,1.512409297296E-2);
#2700=CARTESIAN_POINT('',(5.E-3,1.647565048950E-3,-2.905101706022E-4));
#2701=LINE('',#2700,#2699);
#2702=STYLED_ITEM('',(#2673),#2701);
#2703=DIRECTION('',(0.E0,-9.848077530122E-1,1.736481776669E-1));
#2704=VECTOR('',#2703,1.512409297296E-2);
#2705=CARTESIAN_POINT('',(-5.E-3,1.654188906600E-2,-2.916781354222E-3));
#2706=LINE('',#2705,#2704);
#2707=STYLED_ITEM('',(#2673),#2706);
#2708=CARTESIAN_POINT('',(5.E-3,2.95E-2,-1.6E-2));
#2709=LINE('',#2708,#2679);
#2710=STYLED_ITEM('',(#2673),#2709);
#2711=CARTESIAN_POINT('',(5.E-3,2.15E-2,-1.6E-2));
#2712=LINE('',#2711,#2675);
#2713=STYLED_ITEM('',(#2673),#2712);
#2714=CARTESIAN_POINT('',(5.E-3,2.15E-2,-8.825627872296E-3));
#2715=LINE('',#2714,#2669);
#2716=STYLED_ITEM('',(#2673),#2715);
#2717=CARTESIAN_POINT('',(5.E-3,-1.E-2,2.5E-2));
#2718=LINE('',#2717,#2694);
#2719=STYLED_ITEM('',(#2673),#2718);
#2720=CARTESIAN_POINT('',(5.E-3,-2.019487597921E-3,2.555805178995E-2));
#2721=LINE('',#2720,#2689);
#2722=STYLED_ITEM('',(#2673),#2721);
#2723=CARTESIAN_POINT('',(5.E-3,-1.082828892679E-3,1.216320824984E-2));
#2724=LINE('',#2723,#2684);
#2725=STYLED_ITEM('',(#2673),#2724);
#2726=CARTESIAN_POINT('',(-5.E-3,3.036750470286E-3,7.587951853495E-3));
#2727=LINE('',#2726,#2699);
#2728=STYLED_ITEM('',(#2673),#2727);
#2729=CARTESIAN_POINT('',(5.E-3,1.793107448734E-2,4.961680669875E-3));
#2730=LINE('',#2729,#2704);
#2731=STYLED_ITEM('',(#2673),#2730);
#2732=VECTOR('',#403,1.E-2);
#2733=CARTESIAN_POINT('',(-5.E-3,1.793107448734E-2,4.961680669875E-3));
#2734=LINE('',#2733,#2732);
#2735=STYLED_ITEM('',(#2673),#2734);
#2736=CARTESIAN_POINT('',(-5.E-3,1.55E-2,-8.825627872296E-3));
#2737=AXIS2_PLACEMENT_3D('',#2736,#417,#676);
#2738=CIRCLE('',#2737,1.4E-2);
#2739=STYLED_ITEM('',(#2673),#2738);
#2740=CARTESIAN_POINT('',(-5.E-3,2.95E-2,-8.825627872296E-3));
#2741=LINE('',#2740,#2732);
#2742=STYLED_ITEM('',(#2673),#2741);
#2743=CARTESIAN_POINT('',(5.E-3,1.55E-2,-8.825627872296E-3));
#2744=AXIS2_PLACEMENT_3D('',#2743,#417,#676);
#2745=CIRCLE('',#2744,1.4E-2);
#2746=STYLED_ITEM('',(#2673),#2745);
#2747=LINE('',#2680,#2732);
#2748=STYLED_ITEM('',(#2673),#2747);
#2749=LINE('',#2676,#2732);
#2750=STYLED_ITEM('',(#2673),#2749);
#2751=LINE('',#2670,#2732);
#2752=STYLED_ITEM('',(#2673),#2751);
#2753=AXIS2_PLACEMENT_3D('',#2736,#403,#522);
#2754=CIRCLE('',#2753,6.E-3);
#2755=STYLED_ITEM('',(#2673),#2754);
#2756=LINE('',#2705,#2732);
#2757=STYLED_ITEM('',(#2673),#2756);
#2758=AXIS2_PLACEMENT_3D('',#2743,#403,#522);
#2759=CIRCLE('',#2758,6.E-3);
#2760=STYLED_ITEM('',(#2673),#2759);
#2761=LINE('',#2685,#2732);
#2762=STYLED_ITEM('',(#2673),#2761);
#2763=CARTESIAN_POINT('',(-5.E-3,3.904991358620E-3,1.251199061856E-2));
#2764=AXIS2_PLACEMENT_3D('',#2763,#403,#2688);
#2765=CIRCLE('',#2764,5.E-3);
#2766=STYLED_ITEM('',(#2673),#2765);
#2767=LINE('',#2726,#2732);
#2768=STYLED_ITEM('',(#2673),#2767);
#2769=CARTESIAN_POINT('',(5.E-3,3.904991358620E-3,1.251199061856E-2));
#2770=AXIS2_PLACEMENT_3D('',#2769,#403,#2688);
#2771=CIRCLE('',#2770,5.E-3);
#2772=STYLED_ITEM('',(#2673),#2771);
#2773=LINE('',#2690,#2732);
#2774=STYLED_ITEM('',(#2673),#2773);
#2775=LINE('',#2695,#2732);
#2776=STYLED_ITEM('',(#2673),#2775);
#2777=CARTESIAN_POINT('',(-5.E-3,1.647565048950E-3,-2.905101706022E-4));
#2778=LINE('',#2777,#2732);
#2779=STYLED_ITEM('',(#2673),#2778);
#2780=AXIS2_PLACEMENT_3D('',#2763,#417,#879);
#2781=CIRCLE('',#2780,1.3E-2);
#2782=STYLED_ITEM('',(#2673),#2781);
#2783=CARTESIAN_POINT('',(-5.E-3,-9.063341294757E-3,1.160515645988E-2));
#2784=LINE('',#2783,#2732);
#2785=STYLED_ITEM('',(#2673),#2784);
#2786=AXIS2_PLACEMENT_3D('',#2769,#417,#879);
#2787=CIRCLE('',#2786,1.3E-2);
#2788=STYLED_ITEM('',(#2673),#2787);
#2789=VERTEX_POINT('',#2690);
#2790=VERTEX_POINT('',#2695);
#2791=VERTEX_POINT('',#2720);
#2792=VERTEX_POINT('',#2717);
#2793=VERTEX_POINT('',#2676);
#2794=VERTEX_POINT('',#2680);
#2795=VERTEX_POINT('',#2711);
#2796=VERTEX_POINT('',#2708);
#2797=VERTEX_POINT('',#2670);
#2798=VERTEX_POINT('',#2714);
#2799=CARTESIAN_POINT('',(5.E-3,1.654188906600E-2,-2.916781354222E-3));
#2800=VERTEX_POINT('',#2705);
#2801=VERTEX_POINT('',#2799);
#2802=VERTEX_POINT('',#2733);
#2803=VERTEX_POINT('',#2729);
#2804=CARTESIAN_POINT('',(5.E-3,2.95E-2,-8.825627872296E-3));
#2805=VERTEX_POINT('',#2740);
#2806=VERTEX_POINT('',#2804);
#2807=VERTEX_POINT('',#2685);
#2808=VERTEX_POINT('',#2723);
#2809=CARTESIAN_POINT('',(5.E-3,3.036750470286E-3,7.587951853495E-3));
#2810=VERTEX_POINT('',#2726);
#2811=VERTEX_POINT('',#2809);
#2812=VERTEX_POINT('',#2777);
#2813=VERTEX_POINT('',#2700);
#2814=CARTESIAN_POINT('',(5.E-3,-9.063341294757E-3,1.160515645988E-2));
#2815=VERTEX_POINT('',#2783);
#2816=VERTEX_POINT('',#2814);
#2817=CARTESIAN_POINT('',(-5.E-3,0.E0,0.E0));
#2818=AXIS2_PLACEMENT_3D('',#2817,#403,#373);
#2819=PLANE('',#2818);
#2820=EDGE_CURVE('',#2800,#2812,#2706,.T.);
#2821=ORIENTED_EDGE('',*,*,#2820,.F.);
#2822=EDGE_CURVE('',#2797,#2800,#2754,.T.);
#2823=ORIENTED_EDGE('',*,*,#2822,.F.);
#2824=EDGE_CURVE('',#2797,#2793,#2671,.T.);
#2825=ORIENTED_EDGE('',*,*,#2824,.T.);
#2826=EDGE_CURVE('',#2793,#2794,#2677,.T.);
#2827=ORIENTED_EDGE('',*,*,#2826,.T.);
#2828=EDGE_CURVE('',#2794,#2805,#2681,.T.);
#2829=ORIENTED_EDGE('',*,*,#2828,.T.);
#2830=EDGE_CURVE('',#2802,#2805,#2738,.T.);
#2831=ORIENTED_EDGE('',*,*,#2830,.F.);
#2832=EDGE_CURVE('',#2810,#2802,#2727,.T.);
#2833=ORIENTED_EDGE('',*,*,#2832,.F.);
#2834=EDGE_CURVE('',#2807,#2810,#2765,.T.);
#2835=ORIENTED_EDGE('',*,*,#2834,.F.);
#2836=EDGE_CURVE('',#2807,#2789,#2686,.T.);
#2837=ORIENTED_EDGE('',*,*,#2836,.T.);
#2838=EDGE_CURVE('',#2789,#2790,#2691,.T.);
#2839=ORIENTED_EDGE('',*,*,#2838,.T.);
#2840=EDGE_CURVE('',#2790,#2815,#2696,.T.);
#2841=ORIENTED_EDGE('',*,*,#2840,.T.);
#2842=EDGE_CURVE('',#2812,#2815,#2781,.T.);
#2843=ORIENTED_EDGE('',*,*,#2842,.F.);
#2844=EDGE_LOOP('',(#2821,#2823,#2825,#2827,#2829,#2831,#2833,#2835,#2837,#2839,#2841,#2843));
#2845=FACE_OUTER_BOUND('',#2844,.F.);
#2846=ADVANCED_FACE('',(#2845),#2819,.F.);
#2847=CARTESIAN_POINT('',(-5.E-3,-8.354844800960E-3,1.473184558041E-3));
#2848=AXIS2_PLACEMENT_3D('',#2847,#879,#2698);
#2849=PLANE('',#2848);
#2850=EDGE_CURVE('',#2813,#2801,#2701,.T.);
#2851=ORIENTED_EDGE('',*,*,#2850,.T.);
#2852=EDGE_CURVE('',#2800,#2801,#2756,.T.);
#2853=ORIENTED_EDGE('',*,*,#2852,.F.);
#2854=ORIENTED_EDGE('',*,*,#2820,.T.);
#2855=EDGE_CURVE('',#2812,#2813,#2778,.T.);
#2856=ORIENTED_EDGE('',*,*,#2855,.T.);
#2857=EDGE_LOOP('',(#2851,#2853,#2854,#2856));
#2858=FACE_OUTER_BOUND('',#2857,.F.);
#2859=ADVANCED_FACE('',(#2858),#2849,.T.);
#2860=CARTESIAN_POINT('',(5.E-3,0.E0,0.E0));
#2861=AXIS2_PLACEMENT_3D('',#2860,#403,#373);
#2862=PLANE('',#2861);
#2863=EDGE_CURVE('',#2803,#2811,#2730,.T.);
#2864=ORIENTED_EDGE('',*,*,#2863,.F.);
#2865=EDGE_CURVE('',#2803,#2806,#2745,.T.);
#2866=ORIENTED_EDGE('',*,*,#2865,.T.);
#2867=EDGE_CURVE('',#2796,#2806,#2709,.T.);
#2868=ORIENTED_EDGE('',*,*,#2867,.F.);
#2869=EDGE_CURVE('',#2795,#2796,#2712,.T.);
#2870=ORIENTED_EDGE('',*,*,#2869,.F.);
#2871=EDGE_CURVE('',#2798,#2795,#2715,.T.);
#2872=ORIENTED_EDGE('',*,*,#2871,.F.);
#2873=EDGE_CURVE('',#2798,#2801,#2759,.T.);
#2874=ORIENTED_EDGE('',*,*,#2873,.T.);
#2875=ORIENTED_EDGE('',*,*,#2850,.F.);
#2876=EDGE_CURVE('',#2813,#2816,#2787,.T.);
#2877=ORIENTED_EDGE('',*,*,#2876,.T.);
#2878=EDGE_CURVE('',#2792,#2816,#2718,.T.);
#2879=ORIENTED_EDGE('',*,*,#2878,.F.);
#2880=EDGE_CURVE('',#2791,#2792,#2721,.T.);
#2881=ORIENTED_EDGE('',*,*,#2880,.F.);
#2882=EDGE_CURVE('',#2808,#2791,#2724,.T.);
#2883=ORIENTED_EDGE('',*,*,#2882,.F.);
#2884=EDGE_CURVE('',#2808,#2811,#2771,.T.);
#2885=ORIENTED_EDGE('',*,*,#2884,.T.);
#2886=EDGE_LOOP('',(#2864,#2866,#2868,#2870,#2872,#2874,#2875,#2877,#2879,#2881,#2883,#2885));
#2887=FACE_OUTER_BOUND('',#2886,.F.);
#2888=ADVANCED_FACE('',(#2887),#2862,.T.);
#2889=CARTESIAN_POINT('',(-5.E-3,1.389185421335E-3,7.878462024098E-3));
#2890=AXIS2_PLACEMENT_3D('',#2889,#676,#2703);
#2891=PLANE('',#2890);
#2892=ORIENTED_EDGE('',*,*,#2832,.T.);
#2893=EDGE_CURVE('',#2802,#2803,#2734,.T.);
#2894=ORIENTED_EDGE('',*,*,#2893,.T.);
#2895=ORIENTED_EDGE('',*,*,#2863,.T.);
#2896=EDGE_CURVE('',#2810,#2811,#2767,.T.);
#2897=ORIENTED_EDGE('',*,*,#2896,.F.);
#2898=EDGE_LOOP('',(#2892,#2894,#2895,#2897));
#2899=FACE_OUTER_BOUND('',#2898,.F.);
#2900=ADVANCED_FACE('',(#2899),#2891,.T.);
#2901=CYLINDRICAL_SURFACE('',#2737,1.4E-2);
#2902=ORIENTED_EDGE('',*,*,#2893,.F.);
#2903=ORIENTED_EDGE('',*,*,#2830,.T.);
#2904=EDGE_CURVE('',#2805,#2806,#2741,.T.);
#2905=ORIENTED_EDGE('',*,*,#2904,.T.);
#2906=ORIENTED_EDGE('',*,*,#2865,.F.);
#2907=EDGE_LOOP('',(#2902,#2903,#2905,#2906));
#2908=FACE_OUTER_BOUND('',#2907,.F.);
#2909=ADVANCED_FACE('',(#2908),#2901,.T.);
#2910=AXIS2_PLACEMENT_3D('',#2680,#522,#360);
#2911=PLANE('',#2910);
#2912=ORIENTED_EDGE('',*,*,#2828,.F.);
#2913=EDGE_CURVE('',#2794,#2796,#2747,.T.);
#2914=ORIENTED_EDGE('',*,*,#2913,.T.);
#2915=ORIENTED_EDGE('',*,*,#2867,.T.);
#2916=ORIENTED_EDGE('',*,*,#2904,.F.);
#2917=EDGE_LOOP('',(#2912,#2914,#2915,#2916));
#2918=FACE_OUTER_BOUND('',#2917,.F.);
#2919=ADVANCED_FACE('',(#2918),#2911,.T.);
#2920=AXIS2_PLACEMENT_3D('',#2676,#373,#522);
#2921=PLANE('',#2920);
#2922=ORIENTED_EDGE('',*,*,#2826,.F.);
#2923=EDGE_CURVE('',#2793,#2795,#2749,.T.);
#2924=ORIENTED_EDGE('',*,*,#2923,.T.);
#2925=ORIENTED_EDGE('',*,*,#2869,.T.);
#2926=ORIENTED_EDGE('',*,*,#2913,.F.);
#2927=EDGE_LOOP('',(#2922,#2924,#2925,#2926));
#2928=FACE_OUTER_BOUND('',#2927,.F.);
#2929=ADVANCED_FACE('',(#2928),#2921,.T.);
#2930=CARTESIAN_POINT('',(-5.E-3,2.15E-2,-3.791030085232E-3));
#2931=AXIS2_PLACEMENT_3D('',#2930,#43,#373);
#2932=PLANE('',#2931);
#2933=ORIENTED_EDGE('',*,*,#2824,.F.);
#2934=EDGE_CURVE('',#2797,#2798,#2751,.T.);
#2935=ORIENTED_EDGE('',*,*,#2934,.T.);
#2936=ORIENTED_EDGE('',*,*,#2871,.T.);
#2937=ORIENTED_EDGE('',*,*,#2923,.F.);
#2938=EDGE_LOOP('',(#2933,#2935,#2936,#2937));
#2939=FACE_OUTER_BOUND('',#2938,.F.);
#2940=ADVANCED_FACE('',(#2939),#2932,.T.);
#2941=CYLINDRICAL_SURFACE('',#2753,6.E-3);
#2942=ORIENTED_EDGE('',*,*,#2934,.F.);
#2943=ORIENTED_EDGE('',*,*,#2822,.T.);
#2944=ORIENTED_EDGE('',*,*,#2852,.T.);
#2945=ORIENTED_EDGE('',*,*,#2873,.F.);
#2946=EDGE_LOOP('',(#2942,#2943,#2944,#2945));
#2947=FACE_OUTER_BOUND('',#2946,.F.);
#2948=ADVANCED_FACE('',(#2947),#2941,.F.);
#2949=CYLINDRICAL_SURFACE('',#2764,5.E-3);
#2950=EDGE_CURVE('',#2807,#2808,#2761,.T.);
#2951=ORIENTED_EDGE('',*,*,#2950,.F.);
#2952=ORIENTED_EDGE('',*,*,#2834,.T.);
#2953=ORIENTED_EDGE('',*,*,#2896,.T.);
#2954=ORIENTED_EDGE('',*,*,#2884,.F.);
#2955=EDGE_LOOP('',(#2951,#2952,#2953,#2954));
#2956=FACE_OUTER_BOUND('',#2955,.F.);
#2957=ADVANCED_FACE('',(#2956),#2949,.F.);
#2958=CARTESIAN_POINT('',(-5.E-3,-8.103302412185E-4,8.266295979897E-3));
#2959=DIRECTION('',(0.E0,9.975640502598E-1,6.975647374413E-2));
#2960=AXIS2_PLACEMENT_3D('',#2958,#2959,#2683);
#2961=PLANE('',#2960);
#2962=ORIENTED_EDGE('',*,*,#2836,.F.);
#2963=ORIENTED_EDGE('',*,*,#2950,.T.);
#2964=ORIENTED_EDGE('',*,*,#2882,.T.);
#2965=EDGE_CURVE('',#2789,#2791,#2773,.T.);
#2966=ORIENTED_EDGE('',*,*,#2965,.F.);
#2967=EDGE_LOOP('',(#2962,#2963,#2964,#2966));
#2968=FACE_OUTER_BOUND('',#2967,.F.);
#2969=ADVANCED_FACE('',(#2968),#2961,.T.);
#2970=AXIS2_PLACEMENT_3D('',#2690,#2683,#2688);
#2971=PLANE('',#2970);
#2972=ORIENTED_EDGE('',*,*,#2838,.F.);
#2973=ORIENTED_EDGE('',*,*,#2965,.T.);
#2974=ORIENTED_EDGE('',*,*,#2880,.T.);
#2975=EDGE_CURVE('',#2790,#2792,#2775,.T.);
#2976=ORIENTED_EDGE('',*,*,#2975,.F.);
#2977=EDGE_LOOP('',(#2972,#2973,#2974,#2976));
#2978=FACE_OUTER_BOUND('',#2977,.F.);
#2979=ADVANCED_FACE('',(#2978),#2971,.T.);
#2980=AXIS2_PLACEMENT_3D('',#2695,#2688,#2693);
#2981=PLANE('',#2980);
#2982=ORIENTED_EDGE('',*,*,#2840,.F.);
#2983=ORIENTED_EDGE('',*,*,#2975,.T.);
#2984=ORIENTED_EDGE('',*,*,#2878,.T.);
#2985=EDGE_CURVE('',#2815,#2816,#2784,.T.);
#2986=ORIENTED_EDGE('',*,*,#2985,.F.);
#2987=EDGE_LOOP('',(#2982,#2983,#2984,#2986));
#2988=FACE_OUTER_BOUND('',#2987,.F.);
#2989=ADVANCED_FACE('',(#2988),#2981,.T.);
#2990=CYLINDRICAL_SURFACE('',#2780,1.3E-2);
#2991=ORIENTED_EDGE('',*,*,#2855,.F.);
#2992=ORIENTED_EDGE('',*,*,#2842,.T.);
#2993=ORIENTED_EDGE('',*,*,#2985,.T.);
#2994=ORIENTED_EDGE('',*,*,#2876,.F.);
#2995=EDGE_LOOP('',(#2991,#2992,#2993,#2994));
#2996=FACE_OUTER_BOUND('',#2995,.F.);
#2997=ADVANCED_FACE('',(#2996),#2990,.T.);
#2998=CLOSED_SHELL('',(#2846,#2859,#2888,#2900,#2909,#2919,#2929,#2940,#2948,#2957,#2969,#2979,#2989,#2997));
#2999=MANIFOLD_SOLID_BREP('',#2998);
#3000=FILL_AREA_STYLE_COLOUR('',#40);
#3001=FILL_AREA_STYLE('',(#3000));
#3002=SURFACE_STYLE_FILL_AREA(#3001);
#3003=SURFACE_SIDE_STYLE('',(#3002));
#3004=SURFACE_STYLE_USAGE(.BOTH.,#3003);
#3005=PRESENTATION_STYLE_ASSIGNMENT((#3004));
#3006=UNCERTAINTY_MEASURE_WITH_UNIT(LENGTH_MEASURE(5.819837358778E-6),#2641,'distance_accuracy_value','Maximum model space distance between geometric entities at asserted connectivities');
#3007=(GEOMETRIC_REPRESENTATION_CONTEXT(3)GLOBAL_UNCERTAINTY_ASSIGNED_CONTEXT((#3006))GLOBAL_UNIT_ASSIGNED_CONTEXT((#2641,#2645,#2646))REPRESENTATION_CONTEXT('ID2','3'));
#3008=ADVANCED_BREP_SHAPE_REPRESENTATION('',(#2649,#2999),#3007);
#3009=PRODUCT('LEAD-DBQ0016B','LEAD-DBQ0016B','NOT SPECIFIED',(#2654));
#3010=PRODUCT_DEFINITION_FORMATION_WITH_SPECIFIED_SOURCE('76','LAST_VERSION',#3009,.MADE.);
#3011=PRODUCT_DEFINITION('part definition','',#3010,#2653);
#3012=PRODUCT_DEFINITION_SHAPE('','SHAPE FOR LEAD-DBQ0016B.',#3011);
#3013=SHAPE_DEFINITION_REPRESENTATION(#3012,#3008);
#3014=NEXT_ASSEMBLY_USAGE_OCCURRENCE('1','Next assembly relationship','LEAD-DBQ0016B',#3132,#3011,$);
#3015=PRODUCT_DEFINITION_SHAPE('Placement #1','Placement of LEAD-DBQ0016B with respect to DBQ0016A_ASM',#3014);
#3016=CARTESIAN_POINT('',(8.75E-2,-2.95E-2,9.3E-2));
#3017=AXIS2_PLACEMENT_3D('',#3016,#360,#403);
#3018=ITEM_DEFINED_TRANSFORMATION('','',#2649,#3017);
#3019=(REPRESENTATION_RELATIONSHIP('','',#3008,#2662)REPRESENTATION_RELATIONSHIP_WITH_TRANSFORMATION(#3018)SHAPE_REPRESENTATION_RELATIONSHIP());
#3020=CONTEXT_DEPENDENT_SHAPE_REPRESENTATION(#3019,#3015);
#3021=NEXT_ASSEMBLY_USAGE_OCCURRENCE('2','Next assembly relationship','LEAD-DBQ0016B',#3132,#3011,$);
#3022=PRODUCT_DEFINITION_SHAPE('Placement #2','Placement of LEAD-DBQ0016B with respect to DBQ0016A_ASM',#3021);
#3023=CARTESIAN_POINT('',(6.25E-2,-2.95E-2,9.3E-2));
#3024=AXIS2_PLACEMENT_3D('',#3023,#360,#403);
#3025=ITEM_DEFINED_TRANSFORMATION('','',#2649,#3024);
#3026=(REPRESENTATION_RELATIONSHIP('','',#3008,#2662)REPRESENTATION_RELATIONSHIP_WITH_TRANSFORMATION(#3025)SHAPE_REPRESENTATION_RELATIONSHIP());
#3027=CONTEXT_DEPENDENT_SHAPE_REPRESENTATION(#3026,#3022);
#3028=NEXT_ASSEMBLY_USAGE_OCCURRENCE('3','Next assembly relationship','LEAD-DBQ0016B',#3132,#3011,$);
#3029=PRODUCT_DEFINITION_SHAPE('Placement #3','Placement of LEAD-DBQ0016B with respect to DBQ0016A_ASM',#3028);
#3030=CARTESIAN_POINT('',(3.75E-2,-2.95E-2,9.3E-2));
#3031=AXIS2_PLACEMENT_3D('',#3030,#360,#403);
#3032=ITEM_DEFINED_TRANSFORMATION('','',#2649,#3031);
#3033=(REPRESENTATION_RELATIONSHIP('','',#3008,#2662)REPRESENTATION_RELATIONSHIP_WITH_TRANSFORMATION(#3032)SHAPE_REPRESENTATION_RELATIONSHIP());
#3034=CONTEXT_DEPENDENT_SHAPE_REPRESENTATION(#3033,#3029);
#3035=NEXT_ASSEMBLY_USAGE_OCCURRENCE('4','Next assembly relationship','LEAD-DBQ0016B',#3132,#3011,$);
#3036=PRODUCT_DEFINITION_SHAPE('Placement #4','Placement of LEAD-DBQ0016B with respect to DBQ0016A_ASM',#3035);
#3037=CARTESIAN_POINT('',(1.25E-2,-2.95E-2,9.3E-2));
#3038=AXIS2_PLACEMENT_3D('',#3037,#360,#403);
#3039=ITEM_DEFINED_TRANSFORMATION('','',#2649,#3038);
#3040=(REPRESENTATION_RELATIONSHIP('','',#3008,#2662)REPRESENTATION_RELATIONSHIP_WITH_TRANSFORMATION(#3039)SHAPE_REPRESENTATION_RELATIONSHIP());
#3041=CONTEXT_DEPENDENT_SHAPE_REPRESENTATION(#3040,#3036);
#3042=NEXT_ASSEMBLY_USAGE_OCCURRENCE('5','Next assembly relationship','LEAD-DBQ0016B',#3132,#3011,$);
#3043=PRODUCT_DEFINITION_SHAPE('Placement #5','Placement of LEAD-DBQ0016B with respect to DBQ0016A_ASM',#3042);
#3044=CARTESIAN_POINT('',(-1.25E-2,-2.95E-2,9.3E-2));
#3045=AXIS2_PLACEMENT_3D('',#3044,#360,#403);
#3046=ITEM_DEFINED_TRANSFORMATION('','',#2649,#3045);
#3047=(REPRESENTATION_RELATIONSHIP('','',#3008,#2662)REPRESENTATION_RELATIONSHIP_WITH_TRANSFORMATION(#3046)SHAPE_REPRESENTATION_RELATIONSHIP());
#3048=CONTEXT_DEPENDENT_SHAPE_REPRESENTATION(#3047,#3043);
#3049=NEXT_ASSEMBLY_USAGE_OCCURRENCE('6','Next assembly relationship','LEAD-DBQ0016B',#3132,#3011,$);
#3050=PRODUCT_DEFINITION_SHAPE('Placement #6','Placement of LEAD-DBQ0016B with respect to DBQ0016A_ASM',#3049);
#3051=CARTESIAN_POINT('',(-3.75E-2,-2.95E-2,9.3E-2));
#3052=AXIS2_PLACEMENT_3D('',#3051,#360,#403);
#3053=ITEM_DEFINED_TRANSFORMATION('','',#2649,#3052);
#3054=(REPRESENTATION_RELATIONSHIP('','',#3008,#2662)REPRESENTATION_RELATIONSHIP_WITH_TRANSFORMATION(#3053)SHAPE_REPRESENTATION_RELATIONSHIP());
#3055=CONTEXT_DEPENDENT_SHAPE_REPRESENTATION(#3054,#3050);
#3056=NEXT_ASSEMBLY_USAGE_OCCURRENCE('7','Next assembly relationship','LEAD-DBQ0016B',#3132,#3011,$);
#3057=PRODUCT_DEFINITION_SHAPE('Placement #7','Placement of LEAD-DBQ0016B with respect to DBQ0016A_ASM',#3056);
#3058=CARTESIAN_POINT('',(-6.25E-2,-2.95E-2,9.3E-2));
#3059=AXIS2_PLACEMENT_3D('',#3058,#360,#403);
#3060=ITEM_DEFINED_TRANSFORMATION('','',#2649,#3059);
#3061=(REPRESENTATION_RELATIONSHIP('','',#3008,#2662)REPRESENTATION_RELATIONSHIP_WITH_TRANSFORMATION(#3060)SHAPE_REPRESENTATION_RELATIONSHIP());
#3062=CONTEXT_DEPENDENT_SHAPE_REPRESENTATION(#3061,#3057);
#3063=NEXT_ASSEMBLY_USAGE_OCCURRENCE('8','Next assembly relationship','LEAD-DBQ0016B',#3132,#3011,$);
#3064=PRODUCT_DEFINITION_SHAPE('Placement #8','Placement of LEAD-DBQ0016B with respect to DBQ0016A_ASM',#3063);
#3065=CARTESIAN_POINT('',(-8.75E-2,-2.95E-2,9.3E-2));
#3066=AXIS2_PLACEMENT_3D('',#3065,#360,#403);
#3067=ITEM_DEFINED_TRANSFORMATION('','',#2649,#3066);
#3068=(REPRESENTATION_RELATIONSHIP('','',#3008,#2662)REPRESENTATION_RELATIONSHIP_WITH_TRANSFORMATION(#3067)SHAPE_REPRESENTATION_RELATIONSHIP());
#3069=CONTEXT_DEPENDENT_SHAPE_REPRESENTATION(#3068,#3064);
#3070=NEXT_ASSEMBLY_USAGE_OCCURRENCE('9','Next assembly relationship','LEAD-DBQ0016B',#3132,#3011,$);
#3071=PRODUCT_DEFINITION_SHAPE('Placement #9','Placement of LEAD-DBQ0016B with respect to DBQ0016A_ASM',#3070);
#3072=CARTESIAN_POINT('',(8.75E-2,-2.95E-2,-9.3E-2));
#3073=AXIS2_PLACEMENT_3D('',#3072,#373,#417);
#3074=ITEM_DEFINED_TRANSFORMATION('','',#2649,#3073);
#3075=(REPRESENTATION_RELATIONSHIP('','',#3008,#2662)REPRESENTATION_RELATIONSHIP_WITH_TRANSFORMATION(#3074)SHAPE_REPRESENTATION_RELATIONSHIP());
#3076=CONTEXT_DEPENDENT_SHAPE_REPRESENTATION(#3075,#3071);
#3077=NEXT_ASSEMBLY_USAGE_OCCURRENCE('10','Next assembly relationship','LEAD-DBQ0016B',#3132,#3011,$);
#3078=PRODUCT_DEFINITION_SHAPE('Placement #10','Placement of LEAD-DBQ0016B with respect to DBQ0016A_ASM',#3077);
#3079=CARTESIAN_POINT('',(6.25E-2,-2.95E-2,-9.3E-2));
#3080=AXIS2_PLACEMENT_3D('',#3079,#373,#417);
#3081=ITEM_DEFINED_TRANSFORMATION('','',#2649,#3080);
#3082=(REPRESENTATION_RELATIONSHIP('','',#3008,#2662)REPRESENTATION_RELATIONSHIP_WITH_TRANSFORMATION(#3081)SHAPE_REPRESENTATION_RELATIONSHIP());
#3083=CONTEXT_DEPENDENT_SHAPE_REPRESENTATION(#3082,#3078);
#3084=NEXT_ASSEMBLY_USAGE_OCCURRENCE('11','Next assembly relationship','LEAD-DBQ0016B',#3132,#3011,$);
#3085=PRODUCT_DEFINITION_SHAPE('Placement #11','Placement of LEAD-DBQ0016B with respect to DBQ0016A_ASM',#3084);
#3086=CARTESIAN_POINT('',(3.75E-2,-2.95E-2,-9.3E-2));
#3087=AXIS2_PLACEMENT_3D('',#3086,#373,#417);
#3088=ITEM_DEFINED_TRANSFORMATION('','',#2649,#3087);
#3089=(REPRESENTATION_RELATIONSHIP('','',#3008,#2662)REPRESENTATION_RELATIONSHIP_WITH_TRANSFORMATION(#3088)SHAPE_REPRESENTATION_RELATIONSHIP());
#3090=CONTEXT_DEPENDENT_SHAPE_REPRESENTATION(#3089,#3085);
#3091=NEXT_ASSEMBLY_USAGE_OCCURRENCE('12','Next assembly relationship','LEAD-DBQ0016B',#3132,#3011,$);
#3092=PRODUCT_DEFINITION_SHAPE('Placement #12','Placement of LEAD-DBQ0016B with respect to DBQ0016A_ASM',#3091);
#3093=CARTESIAN_POINT('',(1.25E-2,-2.95E-2,-9.3E-2));
#3094=AXIS2_PLACEMENT_3D('',#3093,#373,#417);
#3095=ITEM_DEFINED_TRANSFORMATION('','',#2649,#3094);
#3096=(REPRESENTATION_RELATIONSHIP('','',#3008,#2662)REPRESENTATION_RELATIONSHIP_WITH_TRANSFORMATION(#3095)SHAPE_REPRESENTATION_RELATIONSHIP());
#3097=CONTEXT_DEPENDENT_SHAPE_REPRESENTATION(#3096,#3092);
#3098=NEXT_ASSEMBLY_USAGE_OCCURRENCE('13','Next assembly relationship','LEAD-DBQ0016B',#3132,#3011,$);
#3099=PRODUCT_DEFINITION_SHAPE('Placement #13','Placement of LEAD-DBQ0016B with respect to DBQ0016A_ASM',#3098);
#3100=CARTESIAN_POINT('',(-1.25E-2,-2.95E-2,-9.3E-2));
#3101=AXIS2_PLACEMENT_3D('',#3100,#373,#417);
#3102=ITEM_DEFINED_TRANSFORMATION('','',#2649,#3101);
#3103=(REPRESENTATION_RELATIONSHIP('','',#3008,#2662)REPRESENTATION_RELATIONSHIP_WITH_TRANSFORMATION(#3102)SHAPE_REPRESENTATION_RELATIONSHIP());
#3104=CONTEXT_DEPENDENT_SHAPE_REPRESENTATION(#3103,#3099);
#3105=NEXT_ASSEMBLY_USAGE_OCCURRENCE('14','Next assembly relationship','LEAD-DBQ0016B',#3132,#3011,$);
#3106=PRODUCT_DEFINITION_SHAPE('Placement #14','Placement of LEAD-DBQ0016B with respect to DBQ0016A_ASM',#3105);
#3107=CARTESIAN_POINT('',(-3.75E-2,-2.95E-2,-9.3E-2));
#3108=AXIS2_PLACEMENT_3D('',#3107,#373,#417);
#3109=ITEM_DEFINED_TRANSFORMATION('','',#2649,#3108);
#3110=(REPRESENTATION_RELATIONSHIP('','',#3008,#2662)REPRESENTATION_RELATIONSHIP_WITH_TRANSFORMATION(#3109)SHAPE_REPRESENTATION_RELATIONSHIP());
#3111=CONTEXT_DEPENDENT_SHAPE_REPRESENTATION(#3110,#3106);
#3112=NEXT_ASSEMBLY_USAGE_OCCURRENCE('15','Next assembly relationship','LEAD-DBQ0016B',#3132,#3011,$);
#3113=PRODUCT_DEFINITION_SHAPE('Placement #15','Placement of LEAD-DBQ0016B with respect to DBQ0016A_ASM',#3112);
#3114=CARTESIAN_POINT('',(-6.25E-2,-2.95E-2,-9.3E-2));
#3115=AXIS2_PLACEMENT_3D('',#3114,#373,#417);
#3116=ITEM_DEFINED_TRANSFORMATION('','',#2649,#3115);
#3117=(REPRESENTATION_RELATIONSHIP('','',#3008,#2662)REPRESENTATION_RELATIONSHIP_WITH_TRANSFORMATION(#3116)SHAPE_REPRESENTATION_RELATIONSHIP());
#3118=CONTEXT_DEPENDENT_SHAPE_REPRESENTATION(#3117,#3113);
#3119=NEXT_ASSEMBLY_USAGE_OCCURRENCE('16','Next assembly relationship','LEAD-DBQ0016B',#3132,#3011,$);
#3120=PRODUCT_DEFINITION_SHAPE('Placement #16','Placement of LEAD-DBQ0016B with respect to DBQ0016A_ASM',#3119);
#3121=CARTESIAN_POINT('',(-8.75E-2,-2.95E-2,-9.3E-2));
#3122=AXIS2_PLACEMENT_3D('',#3121,#373,#417);
#3123=ITEM_DEFINED_TRANSFORMATION('','',#2649,#3122);
#3124=(REPRESENTATION_RELATIONSHIP('','',#3008,#2662)REPRESENTATION_RELATIONSHIP_WITH_TRANSFORMATION(#3123)SHAPE_REPRESENTATION_RELATIONSHIP());
#3125=CONTEXT_DEPENDENT_SHAPE_REPRESENTATION(#3124,#3120);
#3126=UNCERTAINTY_MEASURE_WITH_UNIT(LENGTH_MEASURE(3.124372694238E-5),#2641,'distance_accuracy_value','Maximum model space distance between geometric entities at asserted connectivities');
#3127=(GEOMETRIC_REPRESENTATION_CONTEXT(3)GLOBAL_UNCERTAINTY_ASSIGNED_CONTEXT((#3126))GLOBAL_UNIT_ASSIGNED_CONTEXT((#2641,#2645,#2646))REPRESENTATION_CONTEXT('ID3','3'));
#3128=MECHANICAL_DESIGN_GEOMETRIC_PRESENTATION_REPRESENTATION('',(#50,#75,#80,#105,#110,#135,#140,#165,#171,#177,#182,#187,#192,#197,#222,#227,#252,#257,#280,#285,#310,#315,#320,#324,#329,#334,#358,#364,#368,#372,#377,#401,#407,#412,#416,#421,#425,#429,#434,#439,#444,#447,#452,#457,#462,#464,#469,#474,#498,#503,#508,#512,#517,#521,#525,#530,#535,#539,#563,#568,#572,#577,#582,#606,#612,#617,#622,#627,#631,#637,#639,#644,#649,#655,#658,#663,#667,#670,#674,#679,#683,#687,#691,#714,#739,#763,#766,#768,#792,#817,#821,#825,#829,#833,#836,#840,#844,#848,#854,#856,#862,#864,#868,#872,#877,#882,#885,#889,#893,#917,#941,#965,#990,#1013,#1018,#1022,#1026,#1030,#1053,#1058,#1063,#1067,#1070,#1072,#41,#2674,#2678,#2682,#2687,#2692,#2697,#2702,#2707,#2710,#2713,#2716,#2719,#2722,#2725,#2728,#2731,#2735,#2739,#2742,#2746,#2748,#2750,#2752,#2755,#2757,#2760,#2762,#2766,#2768,#2772,#2774,#2776,#2779,#2782,#2785,#2788,#2668),#3127);
#3129=PRODUCT_DEFINITION_CONTEXT('part definition',#2651,'design');
#3130=PRODUCT('DBQ0016A_ASM','DBQ0016A_ASM','NOT SPECIFIED',(#2654));
#3131=PRODUCT_DEFINITION_FORMATION_WITH_SPECIFIED_SOURCE('194','LAST_VERSION',#3130,.MADE.);
#3132=PRODUCT_DEFINITION('part definition','',#3131,#3129);
#3133=PRODUCT_TYPE('part','',(#3130,#2655,#3009));
ENDSEC;
END-ISO-10303-21;
