ISO-10303-21;
HEADER;
FILE_DESCRIPTION (( 'STEP AP214' ),
'1' );
FILE_NAME ('CUI_DEVICES_SJ-3524-SMT-TR.step',
'2024-02-15T17:19:33',
( '' ),
( '' ),
'SwSTEP 2.0',
'SolidWorks 2023',
'' );
FILE_SCHEMA (( 'AUTOMOTIVE_DESIGN' ));
ENDSEC;
DATA;
#1=ORIENTED_EDGE ( 'NONE', *, *, #5711, .F. );
#2=CYLINDRICAL_SURFACE ( 'NONE', #5016, 0.009842519685039378616 );
#3=CARTESIAN_POINT ( 'NONE',  ( -0.08267716535433070058, 0.009842519685039369942, -0.4251968503937008093 ) );
#4=EDGE_CURVE ( 'NONE', #5487, #6178, #2422, .T. );
#5=EDGE_CURVE ( 'NONE', #9178, #10045, #11360, .T. );
#6=PLANE ( 'NONE',  #10100 );
#7=DIRECTION ( 'NONE',  ( -1.000000000000000000, 0.000000000000000000, 0.000000000000000000 ) );
#8=CIRCLE ( 'NONE', #4782, 0.009842519684762299909 );
#9=CARTESIAN_POINT ( 'NONE',  ( 0.04436541871133858200, 0.03845646326287401745, -0.3699094823412598654 ) );
#10=ORIENTED_EDGE ( 'NONE', *, *, #6592, .F. );
#11=VECTOR ( 'NONE', #73, 39.37007874015748143 );
#12=VERTEX_POINT ( 'NONE', #8539 );
#13=ORIENTED_EDGE ( 'NONE', *, *, #6646, .T. );
#14=EDGE_LOOP ( 'NONE', ( #5936, #8874, #4310, #1148 ) );
#15=EDGE_CURVE ( 'NONE', #6427, #3146, #4530, .T. );
#16=DIRECTION ( 'NONE',  ( 0.000000000000000000, 1.000000000000000000, 0.000000000000000000 ) );
#17=ADVANCED_FACE ( 'NONE', ( #1557 ), #589, .T. );
#18=CARTESIAN_POINT ( 'NONE',  ( 0.1022061322816702755, 0.08960552108682756645, -0.09031603488248779454 ) );
#19=DIRECTION ( 'NONE',  ( 1.000000000000000000, 0.000000000000000000, 3.469446951953611428E-15 ) );
#20=EDGE_LOOP ( 'NONE', ( #6449, #2369, #6899, #6519 ) );
#21=ORIENTED_EDGE ( 'NONE', *, *, #7499, .F. );
#22=CARTESIAN_POINT ( 'NONE',  ( -0.08263078806082678474, -0.06599125918326771700, -0.4133858267716535861 ) );
#23=LINE ( 'NONE', #3621, #11 );
#24=VECTOR ( 'NONE', #277, 39.37007874015748143 );
#25=FACE_BOUND ( 'NONE', #5198, .T. );
#26=CARTESIAN_POINT ( 'NONE',  ( 0.09744094488188977110, -0.07874015748031495954, -0.1141732283464566844 ) );
#27=LINE ( 'NONE', #6529, #24 );
#28=ORIENTED_EDGE ( 'NONE', *, *, #143, .F. );
#29=CARTESIAN_POINT ( 'NONE',  ( 0.09933039736822835142, -0.04152798059181102286, -0.05411834407224409144 ) );
#30=ORIENTED_EDGE ( 'NONE', *, *, #3680, .F. );
#31=VECTOR ( 'NONE', #54, 39.37007874015748143 );
#32=CARTESIAN_POINT ( 'NONE',  ( 0.05111475252333081559, 0.02444956866343140495, -0.5032406067968209218 ) );
#33=VECTOR ( 'NONE', #45, 39.37007874015748143 );
#34=EDGE_CURVE ( 'NONE', #1239, #8227, #3824, .T. );
#35=FACE_BOUND ( 'NONE', #2089, .T. );
#36=EDGE_CURVE ( 'NONE', #6301, #1598, #5273, .T. );
#37=ORIENTED_EDGE ( 'NONE', *, *, #5997, .F. );
#38=CARTESIAN_POINT ( 'NONE',  ( 0.09545506199283465554, -0.04355184545397637608, -0.08578521387157479750 ) );
#39=DIRECTION ( 'NONE',  ( 0.000000000000000000, -0.2425356250366974276, 0.9701425001452408381 ) );
#40=CARTESIAN_POINT ( 'NONE',  ( -0.1033928339864173263, 0.08734251968503936592, -0.1771653543307086520 ) );
#41=CARTESIAN_POINT ( 'NONE',  ( 0.03838593298825141581, -0.01555075554296770149, -0.5104645747364574548 ) );
#42=ORIENTED_EDGE ( 'NONE', *, *, #10856, .F. );
#43=CARTESIAN_POINT ( 'NONE',  ( 0.09748732217539370082, -0.07381889763779526936, -0.4367322834645669394 ) );
#44=VERTEX_POINT ( 'NONE', #1197 );
#45=DIRECTION ( 'NONE',  ( -0.000000000000000000, -1.000000000000000000, -0.000000000000000000 ) );
#46=ORIENTED_EDGE ( 'NONE', *, *, #7384, .F. );
#47=DIRECTION ( 'NONE',  ( 0.000000000000000000, 0.000000000000000000, 1.000000000000000000 ) );
#48=EDGE_CURVE ( 'NONE', #3275, #7171, #5857, .T. );
#49=VERTEX_POINT ( 'NONE', #5814 );
#50=CARTESIAN_POINT ( 'NONE',  ( -0.1023622047244094474, 0.08661417317480316069, -0.1437007874015747977 ) );
#51=CARTESIAN_POINT ( 'NONE',  ( -0.05905511811023622659, -0.1023622047244094474, -0.6377952755905511584 ) );
#52=DIRECTION ( 'NONE',  ( 0.7831408596197213523, 0.000000000000000000, 0.6218443486871002568 ) );
#53=ORIENTED_EDGE ( 'NONE', *, *, #2190, .F. );
#54=DIRECTION ( 'NONE',  ( 0.000000000000000000, 0.000000000000000000, -1.000000000000000000 ) );
#55=CARTESIAN_POINT ( 'NONE',  ( 0.09251286403144920456, -0.04294071892548480263, -0.08565553284495493191 ) );
#56=ADVANCED_FACE ( 'NONE', ( #6589 ), #6645, .F. );
#57=LINE ( 'NONE', #5834, #11 );
#58=VECTOR ( 'NONE', #47, 39.37007874015748143 );
#59=CIRCLE ( 'NONE', #5765, 0.005905511811032919216 );
#60=LINE ( 'NONE', #3699, #728 );
#61=ADVANCED_FACE ( 'NONE', ( #7380 ), #9947, .T. );
#62=CARTESIAN_POINT ( 'NONE',  ( 0.000000000000000000, 0.000000000000000000, -0.04035433070866142197 ) );
#63=ORIENTED_EDGE ( 'NONE', *, *, #664, .F. );
#64=LINE ( 'NONE', #10768, #188 );
#65=ORIENTED_EDGE ( 'NONE', *, *, #8088, .T. );
#66=CARTESIAN_POINT ( 'NONE',  ( -0.08661417322834646937, 0.09842519685039370636, -0.2519685039370078705 ) );
#67=EDGE_CURVE ( 'NONE', #4010, #4805, #7265, .T. );
#68=ORIENTED_EDGE ( 'NONE', *, *, #7052, .T. );
#69=CARTESIAN_POINT ( 'NONE',  ( 0.04197615846927581218, -0.01763538523282775702, -0.4999999999983196219 ) );
#70=AXIS2_PLACEMENT_3D ( 'NONE', #3245, #218, #6168 );
#71=CARTESIAN_POINT ( 'NONE',  ( 0.09055784260700787403, 0.08755316270893699626, -0.05493492201834645344 ) );
#72=CIRCLE ( 'NONE', #4993, 0.01181102362204724046 );
#73=DIRECTION ( 'NONE',  ( 1.000000000000000000, 0.000000000000000000, 0.000000000000000000 ) );
#74=ORIENTED_EDGE ( 'NONE', *, *, #6902, .T. );
#75=ORIENTED_EDGE ( 'NONE', *, *, #664, .T. );
#76=LINE ( 'NONE', #4072, #293 );
#77=( BOUNDED_SURFACE ( )  B_SPLINE_SURFACE ( 3, 3, (( #5925, #9436, #7806, #9388 ),( #6935, #5001, #3970, #8556 ),( #11261, #3302, #10398, #8444 ),( #292, #6700, #2137, #4095 ) ),.UNSPECIFIED., .F., .F., .F. )B_SPLINE_SURFACE_WITH_KNOTS ( ( 4, 4 ),( 4, 4 ),( 0.2322849464178268486, 0.7712039736470271967 ),( 0.000000000000000000, 1.000000000000000000 ),.UNSPECIFIED. )GEOMETRIC_REPRESENTATION_ITEM ( )  RATIONAL_B_SPLINE_SURFACE ( (( 0.9964572754812396349, 0.6816819533734849168, 0.6816819533734849168, 0.9964572754812396349),( 0.9945464487361315165, 0.6803747461903827398, 0.6803747461903827398, 0.9945464487361315165),( 0.9945588998883589937, 0.6803832640927364173, 0.6803832640927364173, 0.9945588998883589937),( 0.9964946289379219557, 0.6817075070805459491, 0.6817075070805459491, 0.9964946289379219557) ) )REPRESENTATION_ITEM ( '' )  SURFACE ( )  );
#78=EDGE_CURVE ( 'NONE', #8430, #7301, #10854, .T. );
#79=FACE_OUTER_BOUND ( 'NONE', #10963, .T. );
#80=CIRCLE ( 'NONE', #9455, 0.01181102362204724046 );
#81=CARTESIAN_POINT ( 'NONE',  ( 0.03199132685416535699, 0.03947603210082677866, -0.3624463049672834170 ) );
#82=VERTEX_POINT ( 'NONE', #5754 );
#83=ORIENTED_EDGE ( 'NONE', *, *, #2512, .F. );
#84=ORIENTED_EDGE ( 'NONE', *, *, #2193, .F. );
#85=ORIENTED_EDGE ( 'NONE', *, *, #11515, .T. );
#86=ADVANCED_FACE ( 'NONE', ( #7561 ), #1954, .F. );
#87=ADVANCED_FACE ( 'NONE', ( #2012 ), #6801, .F. );
#88=DIRECTION ( 'NONE',  ( 0.000000000000000000, 0.9701425001452407271, 0.2425356250366973998 ) );
#89=LINE ( 'NONE', #5912, #58 );
#90=CARTESIAN_POINT ( 'NONE',  ( 0.08267716535433070058, -0.03937007874015747977, -0.2185039370078740439 ) );
#91=CARTESIAN_POINT ( 'NONE',  ( -0.04425981366129338318, 0.08565796128113699337, -0.2086614173229082714 ) );
#92=ORIENTED_EDGE ( 'NONE', *, *, #11180, .T. );
#93=ORIENTED_EDGE ( 'NONE', *, *, #152, .T. );
#94=FACE_OUTER_BOUND ( 'NONE', #8644, .T. );
#95=AXIS2_PLACEMENT_3D ( 'NONE', #383, #824, #7 );
#96=CARTESIAN_POINT ( 'NONE',  ( 0.000000000000000000, -0.06102362204724409711, -0.4251968503937008093 ) );
#97=ADVANCED_FACE ( 'NONE', ( #1152, #3362 ), #9494, .F. );
#98=DIRECTION ( 'NONE',  ( 0.000000000000000000, -1.000000000000000000, 0.000000000000000000 ) );
#99=CARTESIAN_POINT ( 'NONE',  ( -0.08661417322834646937, 0.09842519685039370636, -0.2421259842519685179 ) );
#100=EDGE_CURVE ( 'NONE', #3434, #8622, #4839, .T. );
#101=CIRCLE ( 'NONE', #931, 0.01181102362204724046 );
#102=ORIENTED_EDGE ( 'NONE', *, *, #1128, .T. );
#103=CIRCLE ( 'NONE', #1331, 0.004921259842519689308 );
#104=CARTESIAN_POINT ( 'NONE',  ( 0.05161835121766260998, 0.02419395085981021487, -0.5012518941201125067 ) );
#105=LINE ( 'NONE', #3916, #11 );
#106=CARTESIAN_POINT ( 'NONE',  ( -0.09251968503937008093, -0.004921259842519684971, -0.1771653543307086520 ) );
#107=EDGE_LOOP ( 'NONE', ( #1708, #5079, #2914, #9719 ) );
#108=DIRECTION ( 'NONE',  ( 0.7831408596197191319, 0.000000000000000000, 0.6218443486871031434 ) );
#109=DIRECTION ( 'NONE',  ( 0.000000000000000000, 1.734723475976806463E-14, -1.000000000000000000 ) );
#110=CARTESIAN_POINT ( 'NONE',  ( -0.09262177617625984294, 0.09109215709866143318, -0.2158272154752362282 ) );
#111=CARTESIAN_POINT ( 'NONE',  ( 0.1023622047244094474, -0.02362204724409921325, -0.04429133858267716300 ) );
#112=EDGE_CURVE ( 'NONE', #2393, #7712, #10509, .T. );
#113=ADVANCED_FACE ( 'NONE', ( #1389 ), #550, .F. );
#114=CIRCLE ( 'NONE', #9653, 0.009842518234155276519 );
#115=VERTEX_POINT ( 'NONE', #2228 );
#116=VERTEX_POINT ( 'NONE', #3314 );
#117=CARTESIAN_POINT ( 'NONE',  ( 0.05019685039370079538, 0.07677165354330708902, -0.5649606299212598381 ) );
#118=ORIENTED_EDGE ( 'NONE', *, *, #2611, .T. );
#119=LINE ( 'NONE', #3013, #9969 );
#120=EDGE_LOOP ( 'NONE', ( #9988, #4842, #2238, #2517, #11666, #7154, #10391, #10842, #7837, #8943 ) );
#121=DIRECTION ( 'NONE',  ( 0.000000000000000000, -0.9701425001452379515, 0.2425356250367085298 ) );
#122=LINE ( 'NONE', #7530, #293 );
#123=CARTESIAN_POINT ( 'NONE',  ( 0.09317349599347510281, 0.09822775142242236301, -0.08669829127538673796 ) );
#124=ORIENTED_EDGE ( 'NONE', *, *, #6532, .F. );
#125=EDGE_CURVE ( 'NONE', #8755, #10189, #1041, .T. );
#126=FACE_OUTER_BOUND ( 'NONE', #9702, .T. );
#127=FACE_OUTER_BOUND ( 'NONE', #6516, .T. );
#128=CARTESIAN_POINT ( 'NONE',  ( -0.1181102362204724532, 0.000000000000000000, -0.03740157480314960925 ) );
#129=EDGE_CURVE ( 'NONE', #262, #4925, #9297, .T. );
#130=CARTESIAN_POINT ( 'NONE',  ( 0.03740157480314960925, 0.06102362204724409711, -0.3897637795275590844 ) );
#131=CARTESIAN_POINT ( 'NONE',  ( -0.06435193835050473377, 0.02986695956773551333, -0.1980314960629921128 ) );
#132=EDGE_LOOP ( 'NONE', ( #8867, #4952, #363, #4414, #1554, #46 ) );
#133=CARTESIAN_POINT ( 'NONE',  ( 0.1181102362204724532, 0.000000000000000000, -0.4311023622047244208 ) );
#134=VERTEX_POINT ( 'NONE', #8459 );
#135=ORIENTED_EDGE ( 'NONE', *, *, #8710, .T. );
#136=EDGE_CURVE ( 'NONE', #2413, #6563, #6112, .T. );
#137=AXIS2_PLACEMENT_3D ( 'NONE', #1470, #1650, #490 );
#138=CARTESIAN_POINT ( 'NONE',  ( 0.09023000788185041310, 0.09151033133007874243, -0.05592044828405512424 ) );
#139=CARTESIAN_POINT ( 'NONE',  ( 0.09153543307086613179, -0.005905511811023621965, -0.01377952755905511792 ) );
#140=EDGE_LOOP ( 'NONE', ( #8157, #2880, #10841, #194 ) );
#141=EDGE_LOOP ( 'NONE', ( #9996, #9839, #6096, #769 ) );
#142=CARTESIAN_POINT ( 'NONE',  ( -0.09055118110204567194, 0.09849179891234567663, -0.1830181574880315187 ) );
#143=EDGE_CURVE ( 'NONE', #5801, #1434, #8404, .T. );
#144=CARTESIAN_POINT ( 'NONE',  ( -0.09251968503937008093, 0.04488188976377952694, -0.1437007874015747977 ) );
#145=ORIENTED_EDGE ( 'NONE', *, *, #4148, .F. );
#146=EDGE_LOOP ( 'NONE', ( #998, #532, #9473, #9848 ) );
#147=VERTEX_POINT ( 'NONE', #3932 );
#148=EDGE_LOOP ( 'NONE', ( #5277, #1572, #2705, #10199 ) );
#149=CARTESIAN_POINT ( 'NONE',  ( -0.08970629198188975750, 0.08858267716535432601, -0.1978346456692913480 ) );
#150=CARTESIAN_POINT ( 'NONE',  ( -0.05905511811023622659, -0.09645669291338582196, -0.6377952755905511584 ) );
#151=DIRECTION ( 'NONE',  ( -3.469446951953625233E-15, 0.000000000000000000, 1.000000000000000000 ) );
#152=EDGE_CURVE ( 'NONE', #3020, #5036, #421, .T. );
#153=CARTESIAN_POINT ( 'NONE',  ( -0.09153543307086613179, 0.02460629921259842659, -0.2273622047244094335 ) );
#154=EDGE_LOOP ( 'NONE', ( #1999, #9936, #10143, #3716, #8729, #9363, #2107, #1785, #11651 ) );
#155=EDGE_LOOP ( 'NONE', ( #2209, #1573, #10317, #1198 ) );
#156=CARTESIAN_POINT ( 'NONE',  ( -0.08970629198188975750, 0.09842519685039370636, -0.1870078740156889963 ) );
#157=CARTESIAN_POINT ( 'NONE',  ( -0.09448818897637795144, 0.0003628074119383857305, 0.09842519685039370636 ) );
#158=LINE ( 'NONE', #10055, #11 );
#159=CARTESIAN_POINT ( 'NONE',  ( -0.08668802497775530969, -0.005329631511955290266, -0.1771653543307086520 ) );
#160=CARTESIAN_POINT ( 'NONE',  ( 0.08267716535433070058, 0.07185039370078739884, -0.3612204724409449064 ) );
#161=CARTESIAN_POINT ( 'NONE',  ( 0.09942459589976378187, -0.04342981794925197120, -0.05401447303862204341 ) );
#162=ORIENTED_EDGE ( 'NONE', *, *, #3451, .F. );
#163=LINE ( 'NONE', #4147, #311 );
#164=LINE ( 'NONE', #3973, #293 );
#165=VERTEX_POINT ( 'NONE', #1082 );
#166=DIRECTION ( 'NONE',  ( -0.000000000000000000, 1.000000000000000000, 0.000000000000000000 ) );
#167=ADVANCED_FACE ( 'NONE', ( #3422 ), #2093, .F. );
#168=CARTESIAN_POINT ( 'NONE',  ( 0.07126345245470472323, -0.04921259842519685318, -0.04035433070866142197 ) );
#169=CARTESIAN_POINT ( 'NONE',  ( -0.1035048215021653617, 0.08683554430370080124, -0.2184685621055117988 ) );
#170=VERTEX_POINT ( 'NONE', #1518 );
#171=EDGE_CURVE ( 'NONE', #5884, #847, #10191, .T. );
#172=EDGE_CURVE ( 'NONE', #1371, #1899, #10605, .T. );
#173=FACE_OUTER_BOUND ( 'NONE', #8703, .T. );
#174=ORIENTED_EDGE ( 'NONE', *, *, #9652, .T. );
#175=CARTESIAN_POINT ( 'NONE',  ( 0.04132749983997086041, 0.01574803149140349690, -0.5026165990444081411 ) );
#176=VERTEX_POINT ( 'NONE', #7526 );
#177=ORIENTED_EDGE ( 'NONE', *, *, #36, .T. );
#178=CIRCLE ( 'NONE', #6627, 0.004921259842519689308 );
#179=ORIENTED_EDGE ( 'NONE', *, *, #125, .F. );
#180=FACE_OUTER_BOUND ( 'NONE', #9823, .T. );
#181=ADVANCED_FACE ( 'NONE', ( #10990 ), #1711, .F. );
#182=EDGE_CURVE ( 'NONE', #7590, #7118, #11046, .T. );
#183=CARTESIAN_POINT ( 'NONE',  ( -0.09251968503937008093, -0.1021653543307086687, -0.02322834645669291653 ) );
#184=VERTEX_POINT ( 'NONE', #6718 );
#185=DIRECTION ( 'NONE',  ( 0.000000000000000000, -1.014076109415771736E-33, -1.000000000000000000 ) );
#186=CARTESIAN_POINT ( 'NONE',  ( 0.03838582677165354451, -0.01574803149606299191, -0.5000000000000000000 ) );
#187=CARTESIAN_POINT ( 'NONE',  ( 0.05430466209628597579, 0.02518183770681987552, -0.08246309954683697652 ) );
#188=VECTOR ( 'NONE', #218, 39.37007874015748143 );
#189=CARTESIAN_POINT ( 'NONE',  ( 0.05137688055471687637, 0.02381659075253328428, -0.06289640911261581979 ) );
#190=EDGE_LOOP ( 'NONE', ( #2430, #10352, #10185, #8942 ) );
#191=CARTESIAN_POINT ( 'NONE',  ( 0.09159751758894606188, -0.03914745805373499865, -0.05413385826771653642 ) );
#192=ORIENTED_EDGE ( 'NONE', *, *, #1409, .T. );
#193=CARTESIAN_POINT ( 'NONE',  ( 0.09744094488188977110, -0.08070866141732284393, -0.1259842519685039353 ) );
#194=ORIENTED_EDGE ( 'NONE', *, *, #3471, .T. );
#195=DIRECTION ( 'NONE',  ( 0.4226182617406814002, -0.9063077870366582633, -1.299208540144779395E-32 ) );
#196=CARTESIAN_POINT ( 'NONE',  ( 0.01172771485489573946, -0.1299212598425196763, -0.4347890919692183331 ) );
#197=ORIENTED_EDGE ( 'NONE', *, *, #10648, .F. );
#198=ORIENTED_EDGE ( 'NONE', *, *, #2937, .T. );
#199=CARTESIAN_POINT ( 'NONE',  ( -0.09538482310409450438, -0.04194922546185039097, -0.2135980865165748310 ) );
#200=CARTESIAN_POINT ( 'NONE',  ( -0.09061583695037717101, 0.08848420284377954415, -0.1826209987319685202 ) );
#201=CIRCLE ( 'NONE', #3015, 0.009842519685039378616 );
#202=CIRCLE ( 'NONE', #1690, 0.02952755905511811330 );
#203=LINE ( 'NONE', #7615, #293 );
#204=ORIENTED_EDGE ( 'NONE', *, *, #6420, .T. );
#205=VERTEX_POINT ( 'NONE', #9549 );
#206=ORIENTED_EDGE ( 'NONE', *, *, #337, .F. );
#207=ORIENTED_EDGE ( 'NONE', *, *, #10434, .T. );
#208=AXIS2_PLACEMENT_3D ( 'NONE', #106, #73, #54 );
#209=VECTOR ( 'NONE', #11022, 39.37007874015748854 );
#210=CARTESIAN_POINT ( 'NONE',  ( 0.08164653609232283560, -0.07185039370078739884, -0.4360699993405511843 ) );
#211=FACE_OUTER_BOUND ( 'NONE', #4779, .T. );
#212=EDGE_CURVE ( 'NONE', #1434, #2609, #4395, .T. );
#213=CARTESIAN_POINT ( 'NONE',  ( 0.04425981366118637850, 0.08565796128104645468, -0.08070866141728347265 ) );
#214=VERTEX_POINT ( 'NONE', #9765 );
#215=VERTEX_POINT ( 'NONE', #2627 );
#216=LINE ( 'NONE', #4814, #293 );
#217=ADVANCED_FACE ( 'NONE', ( #6283 ), #2694, .T. );
#218=DIRECTION ( 'NONE',  ( -0.000000000000000000, -0.000000000000000000, -1.000000000000000000 ) );
#219=AXIS2_PLACEMENT_3D ( 'NONE', #9616, #98, #54 );
#220=CARTESIAN_POINT ( 'NONE',  ( -0.1181102362204724532, 0.09842519685039370636, -0.01870078740157559219 ) );
#221=FACE_OUTER_BOUND ( 'NONE', #3637, .T. );
#222=CARTESIAN_POINT ( 'NONE',  ( 0.1033834183294882053, -0.04392623367003936630, -0.05394024091744095001 ) );
#223=EDGE_CURVE ( 'NONE', #3998, #5738, #6408, .T. );
#224=ORIENTED_EDGE ( 'NONE', *, *, #8631, .F. );
#225=CARTESIAN_POINT ( 'NONE',  ( 0.1033464566929133965, -0.08429133858267717772, -0.1151111030214566899 ) );
#226=CARTESIAN_POINT ( 'NONE',  ( 0.09251968503937008093, 0.04639612356147165828, -0.1203815869170291458 ) );
#227=EDGE_CURVE ( 'NONE', #10067, #5773, #11486, .T. );
#228=VERTEX_POINT ( 'NONE', #3482 );
#229=CIRCLE ( 'NONE', #841, 0.004921259842519689308 );
#230=LINE ( 'NONE', #1135, #33 );
#231=CIRCLE ( 'NONE', #8520, 0.004921259842519680634 );
#232=CARTESIAN_POINT ( 'NONE',  ( -0.09251968503937008093, -0.09842519685039370636, -0.08070866141732284393 ) );
#233=CARTESIAN_POINT ( 'NONE',  ( -0.09936263383322835319, 0.08538969712157480629, -0.2185071943714960718 ) );
#234=EDGE_LOOP ( 'NONE', ( #856, #9051, #7042, #4244 ) );
#235=PLANE ( 'NONE',  #1768 );
#236=EDGE_CURVE ( 'NONE', #10097, #6501, #3382, .T. );
#237=VERTEX_POINT ( 'NONE', #10608 );
#238=LINE ( 'NONE', #4047, #33 );
#239=ORIENTED_EDGE ( 'NONE', *, *, #496, .T. );
#240=ORIENTED_EDGE ( 'NONE', *, *, #3506, .F. );
#241=VERTEX_POINT ( 'NONE', #8202 );
#242=EDGE_CURVE ( 'NONE', #8286, #3529, #7098, .T. );
#243=EDGE_CURVE ( 'NONE', #5074, #638, #673, .T. );
#244=EDGE_CURVE ( 'NONE', #8321, #10637, #4562, .T. );
#245=DIRECTION ( 'NONE',  ( -0.02371313018260673422, 0.9781476007347603696, -0.2065549772670088047 ) );
#246=CARTESIAN_POINT ( 'NONE',  ( 0.03838582677178965091, 0.03658053723853207928, -0.5104161331391914302 ) );
#247=AXIS2_PLACEMENT_3D ( 'NONE', #6725, #1278, #47 );
#248=CARTESIAN_POINT ( 'NONE',  ( 0.1191408654824803182, 0.1023622047244094474, -0.1161417322834645688 ) );
#249=CARTESIAN_POINT ( 'NONE',  ( 0.05851316234239999081, 0.02714429360090479804, -0.06968503937007876348 ) );
#250=CARTESIAN_POINT ( 'NONE',  ( 0.09174901354340779525, 0.09842519685041974109, -0.05390043532427880868 ) );
#251=CARTESIAN_POINT ( 'NONE',  ( -0.04841944222173472784, 0.07673760904652854320, -0.2086614173228736047 ) );
#252=EDGE_CURVE ( 'NONE', #9199, #4024, #10788, .T. );
#253=CARTESIAN_POINT ( 'NONE',  ( 0.02462785160369265064, 0.06102362204724408323, -0.3202698364818938326 ) );
#254=ORIENTED_EDGE ( 'NONE', *, *, #8463, .T. );
#255=ORIENTED_EDGE ( 'NONE', *, *, #6841, .F. );
#256=CIRCLE ( 'NONE', #960, 0.001968503937007879193 );
#257=DIRECTION ( 'NONE',  ( -0.000000000000000000, -0.2039542541120390740, -0.9789804197375970851 ) );
#258=ORIENTED_EDGE ( 'NONE', *, *, #4074, .T. );
#259=EDGE_LOOP ( 'NONE', ( #6784, #6660, #7034, #10904 ) );
#260=CARTESIAN_POINT ( 'NONE',  ( 0.04035433070866142197, 0.07406279058277540073, -0.04926193639761251852 ) );
#261=ORIENTED_EDGE ( 'NONE', *, *, #2455, .F. );
#262=VERTEX_POINT ( 'NONE', #9000 );
#263=DIRECTION ( 'NONE',  ( 1.000000000000000000, 3.011672701348684989E-17, -3.367152443097979789E-17 ) );
#264=AXIS2_PLACEMENT_3D ( 'NONE', #2285, #4877, #3909 );
#265=FACE_OUTER_BOUND ( 'NONE', #4707, .T. );
#266=AXIS2_PLACEMENT_3D ( 'NONE', #1596, #16, #54 );
#267=EDGE_CURVE ( 'NONE', #11591, #10529, #9885, .T. );
#268=CARTESIAN_POINT ( 'NONE',  ( -0.05099147183854046972, -0.04921259842519417477, -0.1141732283464566844 ) );
#269=EDGE_CURVE ( 'NONE', #8227, #6135, #11538, .T. );
#270=CARTESIAN_POINT ( 'NONE',  ( 0.03718325827925589994, 0.03914550879142520562, -0.3653058761060236637 ) );
#271=EDGE_LOOP ( 'NONE', ( #6885, #7974, #6338, #6866 ) );
#272=ORIENTED_EDGE ( 'NONE', *, *, #7122, .F. );
#273=ORIENTED_EDGE ( 'NONE', *, *, #6062, .F. );
#274=CIRCLE ( 'NONE', #11256, 0.01181102362204724046 );
#275=ORIENTED_EDGE ( 'NONE', *, *, #6024, .T. );
#276=AXIS2_PLACEMENT_3D ( 'NONE', #11606, #47, #98 );
#277=DIRECTION ( 'NONE',  ( -1.000000000000000000, -0.000000000000000000, -0.000000000000000000 ) );
#278=CARTESIAN_POINT ( 'NONE',  ( 0.03838582677165354451, 0.07677165354330708902, -0.5649606299212598381 ) );
#279=CARTESIAN_POINT ( 'NONE',  ( 0.000000000000000000, 0.09842519685039370636, -0.4586614173228346636 ) );
#280=ORIENTED_EDGE ( 'NONE', *, *, #3595, .T. );
#281=ORIENTED_EDGE ( 'NONE', *, *, #2289, .T. );
#282=CARTESIAN_POINT ( 'NONE',  ( -0.1053613379234251968, -0.07677165354330708902, -0.07967803215531496508 ) );
#283=CARTESIAN_POINT ( 'NONE',  ( 0.08014803458025590577, -0.002949269674864567464, -0.04921259842519685318 ) );
#284=EDGE_CURVE ( 'NONE', #3315, #5205, #9661, .T. );
#285=CARTESIAN_POINT ( 'NONE',  ( 0.05019685039370080232, 0.02833756678914970545, -0.5270001348414908859 ) );
#286=AXIS2_PLACEMENT_3D ( 'NONE', #4829, #98, #54 );
#287=AXIS2_PLACEMENT_3D ( 'NONE', #7415, #45, #11179 );
#288=CARTESIAN_POINT ( 'NONE',  ( -0.09744094489210630705, -0.04232283464566929249, -0.1722440944881890035 ) );
#289=CARTESIAN_POINT ( 'NONE',  ( 0.06086558558333793334, 0.03734346720426277855, -0.06968503937007876348 ) );
#290=ORIENTED_EDGE ( 'NONE', *, *, #4428, .F. );
#291=ORIENTED_EDGE ( 'NONE', *, *, #3204, .F. );
#292=CARTESIAN_POINT ( 'NONE',  ( 0.05163977173049901642, -0.01574803149002972774, -0.4914950932380764415 ) );
#293=VECTOR ( 'NONE', #16, 39.37007874015748143 );
#294=CARTESIAN_POINT ( 'NONE',  ( 0.08070866141732284393, 0.07381889763779526936, -0.4586614173228346636 ) );
#295=EDGE_LOOP ( 'NONE', ( #7906, #4796, #6095, #5649 ) );
#296=FACE_OUTER_BOUND ( 'NONE', #9173, .T. );
#297=ADVANCED_FACE ( 'NONE', ( #11541 ), #11598, .T. );
#298=CARTESIAN_POINT ( 'NONE',  ( 0.07128304970490198511, 0.03270680615228932497, -0.4219855241731932938 ) );
#299=FACE_OUTER_BOUND ( 'NONE', #6810, .T. );
#300=ORIENTED_EDGE ( 'NONE', *, *, #5197, .T. );
#301=LINE ( 'NONE', #4219, #31 );
#302=CARTESIAN_POINT ( 'NONE',  ( -0.0009842519685039369942, 0.06102362204724409711, -0.5708661417322835607 ) );
#303=ADVANCED_FACE ( 'NONE', ( #9047 ), #7201, .F. );
#304=AXIS2_PLACEMENT_3D ( 'NONE', #4026, #1312, #3167 );
#305=VERTEX_POINT ( 'NONE', #3720 );
#306=CARTESIAN_POINT ( 'NONE',  ( 0.1023386014872264826, -0.04231192859937524253, -0.05412583739643123809 ) );
#307=ORIENTED_EDGE ( 'NONE', *, *, #7940, .F. );
#308=CARTESIAN_POINT ( 'NONE',  ( 0.09645669291338582196, 0.07381889763779526936, -0.3602362204724409711 ) );
#309=ORIENTED_EDGE ( 'NONE', *, *, #7568, .T. );
#310=ORIENTED_EDGE ( 'NONE', *, *, #9006, .T. );
#311=VECTOR ( 'NONE', #98, 39.37007874015748143 );
#312=CYLINDRICAL_SURFACE ( 'NONE', #2055, 0.004921259842519621654 );
#313=CARTESIAN_POINT ( 'NONE',  ( 0.05019685039370079538, -0.06496062992125983815, -0.4606299212598425341 ) );
#314=AXIS2_PLACEMENT_3D ( 'NONE', #7403, #7, #47 );
#315=FACE_BOUND ( 'NONE', #8634, .T. );
#316=EDGE_CURVE ( 'NONE', #7035, #3800, #2568, .T. );
#317=CARTESIAN_POINT ( 'NONE',  ( 0.09249139233000393256, -0.04256133691061558810, -0.08562992125984252023 ) );
#318=AXIS2_PLACEMENT_3D ( 'NONE', #4491, #166, #73 );
#319=CARTESIAN_POINT ( 'NONE',  ( 0.09251968503937008093, 0.04488188976377952694, -0.01574803149606299191 ) );
#320=EDGE_CURVE ( 'NONE', #1985, #10332, #6440, .T. );
#321=CARTESIAN_POINT ( 'NONE',  ( 0.08956692913385827515, 0.09842519685039370636, -0.1259842519685039353 ) );
#322=ORIENTED_EDGE ( 'NONE', *, *, #8903, .T. );
#323=CARTESIAN_POINT ( 'NONE',  ( 0.1003937007874015908, -0.08464566929133858497, -0.4350393700787402174 ) );
#324=ORIENTED_EDGE ( 'NONE', *, *, #11297, .F. );
#325=AXIS2_PLACEMENT_3D ( 'NONE', #8345, #73, #54 );
#326=CARTESIAN_POINT ( 'NONE',  ( 0.09448818897637795144, 0.02951782909912567185, -0.5398104833162110650 ) );
#327=ORIENTED_EDGE ( 'NONE', *, *, #8922, .F. );
#328=DIRECTION ( 'NONE',  ( 0.9934745682613921325, 0.000000000000000000, -0.1140538566548294219 ) );
#329=ORIENTED_EDGE ( 'NONE', *, *, #9095, .F. );
#330=AXIS2_PLACEMENT_3D ( 'NONE', #131, #1562, #799 );
#331=CARTESIAN_POINT ( 'NONE',  ( 0.02069210937437058334, -0.1299212598425197318, -0.4263476523051235589 ) );
#332=CARTESIAN_POINT ( 'NONE',  ( -0.08970629198188229125, 0.08858267716535432601, -0.2086614173228740210 ) );
#333=EDGE_CURVE ( 'NONE', #342, #10487, #3184, .T. );
#334=VERTEX_POINT ( 'NONE', #1049 );
#335=ORIENTED_EDGE ( 'NONE', *, *, #1253, .F. );
#336=CARTESIAN_POINT ( 'NONE',  ( 0.03838582677165354451, -4.790910753145328837E-35, -0.4842519685039365362 ) );
#337=EDGE_CURVE ( 'NONE', #4697, #9929, #178, .T. );
#338=EDGE_CURVE ( 'NONE', #4953, #3704, #7498, .T. );
#339=LINE ( 'NONE', #9579, #293 );
#340=VERTEX_POINT ( 'NONE', #7623 );
#341=EDGE_LOOP ( 'NONE', ( #2350, #10961, #576, #10700 ) );
#342=VERTEX_POINT ( 'NONE', #2063 );
#343=ORIENTED_EDGE ( 'NONE', *, *, #11413, .F. );
#344=LINE ( 'NONE', #7961, #11 );
#345=FACE_OUTER_BOUND ( 'NONE', #8142, .T. );
#346=LINE ( 'NONE', #8492, #311 );
#347=EDGE_CURVE ( 'NONE', #938, #712, #8102, .T. );
#348=ORIENTED_EDGE ( 'NONE', *, *, #2383, .T. );
#349=ORIENTED_EDGE ( 'NONE', *, *, #236, .T. );
#350=EDGE_CURVE ( 'NONE', #4713, #5385, #2995, .T. );
#351=LINE ( 'NONE', #1119, #6876 );
#352=LINE ( 'NONE', #3966, #209 );
#353=CARTESIAN_POINT ( 'NONE',  ( 0.09251968503937008093, -0.04232283464566929249, -0.09055118110236221041 ) );
#354=CARTESIAN_POINT ( 'NONE',  ( 0.03940229860903744080, -0.01565756610778589603, -0.5047987694487384713 ) );
#355=ORIENTED_EDGE ( 'NONE', *, *, #8413, .F. );
#356=ORIENTED_EDGE ( 'NONE', *, *, #6874, .F. );
#357=LINE ( 'NONE', #10173, #728 );
#358=FACE_OUTER_BOUND ( 'NONE', #10089, .T. );
#359=ADVANCED_FACE ( 'NONE', ( #4745 ), #8377, .F. );
#360=CARTESIAN_POINT ( 'NONE',  ( -0.09146866495803149255, 0.08641984938248031822, -0.2185067058113779881 ) );
#361=CARTESIAN_POINT ( 'NONE',  ( 0.03179757324330957646, -0.1240157480314960509, -0.07993079551338048983 ) );
#362=CARTESIAN_POINT ( 'NONE',  ( 0.1023622047244094474, 0.04488188976377952694, -0.1240157480314960647 ) );
#363=ORIENTED_EDGE ( 'NONE', *, *, #5983, .T. );
#364=ORIENTED_EDGE ( 'NONE', *, *, #9270, .F. );
#365=CARTESIAN_POINT ( 'NONE',  ( -0.09645669291338582196, 0.07874015748031495954, -0.4852362204724409156 ) );
#366=EDGE_LOOP ( 'NONE', ( #789, #8811, #8047, #5435 ) );
#367=PLANE ( 'NONE',  #2099 );
#368=ORIENTED_EDGE ( 'NONE', *, *, #7528, .T. );
#369=ADVANCED_FACE ( 'NONE', ( #5743 ), #2813, .F. );
#370=VERTEX_POINT ( 'NONE', #6522 );
#371=CARTESIAN_POINT ( 'NONE',  ( 0.1072834645669291376, -0.09251968503937008093, -0.07480314960629921850 ) );
#372=EDGE_CURVE ( 'NONE', #11408, #3570, #8479, .T. );
#373=FACE_OUTER_BOUND ( 'NONE', #6437, .T. );
#374=DIRECTION ( 'NONE',  ( 0.4226182617410041975, 0.9063077870365077171, -3.469446951948180120E-15 ) );
#375=LINE ( 'NONE', #3379, #58 );
#376=CARTESIAN_POINT ( 'NONE',  ( 0.04035433070865890315, 0.08383680467147519577, -0.05905511811023858582 ) );
#377=CARTESIAN_POINT ( 'NONE',  ( 0.05430466209631071989, 0.02518183770676818770, -0.05690697919331948879 ) );
#378=ORIENTED_EDGE ( 'NONE', *, *, #2932, .T. );
#379=B_SPLINE_SURFACE_WITH_KNOTS ( 'NONE', 3, 3, (( #7103, #4342, #10618, #1525 ),( #1584, #7048, #3612, #10678 ),( #4457, #6289, #5294, #3370 ),( #8845, #4401, #2447, #1765 ),( #3547, #5349, #8896, #9835 ),( #5469, #10569, #11495, #6121 ) ),.UNSPECIFIED., .F., .F., .F.,( 4, 1, 1, 4 ),( 4, 4 ),( -0.05747412302014000274, 0.000000000000000000, 1.000000000000000000, 1.057474126066000109 ),( -0.03469727942126000358, 1.034697196965999932 ),.UNSPECIFIED. );
#380=CARTESIAN_POINT ( 'NONE',  ( 0.04035433070866142197, 0.07074391083996063589, -0.06988188976377952832 ) );
#381=ORIENTED_EDGE ( 'NONE', *, *, #11133, .F. );
#382=EDGE_CURVE ( 'NONE', #8680, #9289, #6461, .T. );
#383=CARTESIAN_POINT ( 'NONE',  ( 0.1072834645669291376, -0.08759842519685039075, -0.07480314960629921850 ) );
#384=ORIENTED_EDGE ( 'NONE', *, *, #6970, .F. );
#385=EDGE_LOOP ( 'NONE', ( #11603, #384, #5350, #7092 ) );
#386=ADVANCED_FACE ( 'NONE', ( #9993 ), #2988, .T. );
#387=LINE ( 'NONE', #3334, #11 );
#388=CARTESIAN_POINT ( 'NONE',  ( -0.1673228346456692994, -0.1023622047244094474, -0.1535433070866141780 ) );
#389=ORIENTED_EDGE ( 'NONE', *, *, #10705, .F. );
#390=ORIENTED_EDGE ( 'NONE', *, *, #171, .T. );
#391=CARTESIAN_POINT ( 'NONE',  ( -0.09545801256881888963, -0.04301213180381888851, -0.2136184977558267806 ) );
#392=AXIS2_PLACEMENT_3D ( 'NONE', #6065, #4973, #6075 );
#393=CARTESIAN_POINT ( 'NONE',  ( -0.09556265519183974877, 0.09745739181015808383, -0.1798421107551188836 ) );
#394=APPLICATION_CONTEXT ( 'automotive_design' );
#395=CARTESIAN_POINT ( 'NONE',  ( -0.09234492196936584796, 0.08743994522889284027, -0.2179847353401778431 ) );
#396=EDGE_LOOP ( 'NONE', ( #8164, #6533, #9982, #6480 ) );
#397=EDGE_CURVE ( 'NONE', #5884, #7898, #5806, .T. );
#398=ORIENTED_EDGE ( 'NONE', *, *, #5172, .F. );
#399=ORIENTED_EDGE ( 'NONE', *, *, #8185, .T. );
#400=ORIENTED_EDGE ( 'NONE', *, *, #9524, .T. );
#401=CARTESIAN_POINT ( 'NONE',  ( 0.05430466209631017865, 0.02518183770676795524, -0.05690697919332052268 ) );
#402=AXIS2_PLACEMENT_3D ( 'NONE', #2132, #47, #98 );
#403=EDGE_CURVE ( 'NONE', #2883, #2982, #9098, .T. );
#404=EDGE_CURVE ( 'NONE', #3165, #5577, #3023, .T. );
#405=AXIS2_PLACEMENT_3D ( 'NONE', #2849, #7, #47 );
#406=CARTESIAN_POINT ( 'NONE',  ( 0.06175491430025202566, 0.02865594736466666251, -0.06330046795767857448 ) );
#407=EDGE_LOOP ( 'NONE', ( #3114, #7715, #10187, #5909 ) );
#408=ORIENTED_EDGE ( 'NONE', *, *, #4323, .T. );
#409=LINE ( 'NONE', #3297, #33 );
#410=CARTESIAN_POINT ( 'NONE',  ( 0.03602953783016449307, 0.06102362204724409711, -0.3149606299212594496 ) );
#411=DIRECTION ( 'NONE',  ( 0.4226182617389775409, -0.9063077870374529610, 0.000000000000000000 ) );
#412=AXIS2_PLACEMENT_3D ( 'NONE', #2061, #7, #47 );
#413=DIRECTION ( 'NONE',  ( 5.973990430587517207E-14, 2.921140202673109199E-13, 1.000000000000000000 ) );
#414=ORIENTED_EDGE ( 'NONE', *, *, #4644, .T. );
#415=EDGE_CURVE ( 'NONE', #5200, #3156, #1184, .T. );
#416=EDGE_CURVE ( 'NONE', #9527, #10476, #4929, .T. );
#417=VERTEX_POINT ( 'NONE', #90 );
#418=CARTESIAN_POINT ( 'NONE',  ( -0.08267716535433070058, 0.06102362204724409711, -0.4852362204724409156 ) );
#419=CARTESIAN_POINT ( 'NONE',  ( 0.1011323825624618200, 0.09232549501328249364, -0.08993494589556574881 ) );
#420=APPLICATION_PROTOCOL_DEFINITION ( 'draft international standard', 'automotive_design', 1998, #394 );
#421=LINE ( 'NONE', #9603, #728 );
#422=CARTESIAN_POINT ( 'NONE',  ( 0.09153543307086613179, -0.08070866141732284393, -0.1259842519685039353 ) );
#423=CARTESIAN_POINT ( 'NONE',  ( -0.08971027450543307691, 0.09943089157212597895, -0.2117960833523621911 ) );
#424=AXIS2_PLACEMENT_3D ( 'NONE', #6033, #73, #47 );
#425=AXIS2_PLACEMENT_3D ( 'NONE', #319, #73, #54 );
#426=CARTESIAN_POINT ( 'NONE',  ( -0.04724409448818897572, -0.1023622047244094474, -0.6377952755905511584 ) );
#427=ORIENTED_EDGE ( 'NONE', *, *, #10970, .F. );
#428=ADVANCED_FACE ( 'NONE', ( #11019 ), #3899, .T. );
#429=EDGE_CURVE ( 'NONE', #7875, #8524, #7372, .T. );
#430=ORIENTED_EDGE ( 'NONE', *, *, #4411, .F. );
#431=VECTOR ( 'NONE', #7388, 39.37007874015748143 );
#432=AXIS2_PLACEMENT_3D ( 'NONE', #5250, #98, #73 );
#433=VERTEX_POINT ( 'NONE', #10966 );
#434=LINE ( 'NONE', #4228, #293 );
#435=VERTEX_POINT ( 'NONE', #6690 );
#436=ORIENTED_EDGE ( 'NONE', *, *, #403, .F. );
#437=DIRECTION ( 'NONE',  ( 0.4226182617408863473, 0.9063077870365626731, 0.000000000000000000 ) );
#438=CARTESIAN_POINT ( 'NONE',  ( -0.09645669291338582196, -0.08228346456692912925, -0.5742913385826771133 ) );
#439=CARTESIAN_POINT ( 'NONE',  ( 0.06594488188976771470, 0.08661417322834646937, -0.04035433070866142197 ) );
#440=CARTESIAN_POINT ( 'NONE',  ( 0.1033464566929133965, -0.08070866141732284393, -0.1210629921259842590 ) );
#441=CARTESIAN_POINT ( 'NONE',  ( -0.09148905577736221595, -0.001712598425196850457, -0.2185039370078740439 ) );
#442=CIRCLE ( 'NONE', #453, 0.009842519685039378616 );
#443=AXIS2_PLACEMENT_3D ( 'NONE', #11521, #1677, #16 );
#444=CARTESIAN_POINT ( 'NONE',  ( 0.05019685039370079538, -0.03521366893700390160, -0.4685039370078740717 ) );
#445=EDGE_CURVE ( 'NONE', #11646, #1659, #10268, .T. );
#446=VERTEX_POINT ( 'NONE', #6978 );
#447=CARTESIAN_POINT ( 'NONE',  ( -0.1023622047412658942, 0.08994364845991857649, -0.1773599201605089992 ) );
#448=ORIENTED_EDGE ( 'NONE', *, *, #10900, .T. );
#449=CARTESIAN_POINT ( 'NONE',  ( 0.000000000000000000, 0.000000000000000000, -0.3248031496062992463 ) );
#450=ORIENTED_EDGE ( 'NONE', *, *, #10554, .T. );
#451=CARTESIAN_POINT ( 'NONE',  ( 0.05118110236220472370, 0.09842519685039370636, -0.2854330708661417804 ) );
#452=ORIENTED_EDGE ( 'NONE', *, *, #10554, .F. );
#453=AXIS2_PLACEMENT_3D ( 'NONE', #2755, #16, #54 );
#454=EDGE_CURVE ( 'NONE', #6230, #2393, #11145, .T. );
#455=CARTESIAN_POINT ( 'NONE',  ( -0.02117157966360513552, -0.1299212598425197041, -0.4255268016659192187 ) );
#456=DIRECTION ( 'NONE',  ( 0.000000000000000000, -1.253860640877119561E-33, -1.000000000000000000 ) );
#457=EDGE_CURVE ( 'NONE', #2072, #9317, #473, .T. );
#458=ORIENTED_EDGE ( 'NONE', *, *, #4330, .F. );
#459=ORIENTED_EDGE ( 'NONE', *, *, #316, .F. );
#460=CARTESIAN_POINT ( 'NONE',  ( -0.09940648374980315394, -0.04239448058145669357, -0.2135772147166141999 ) );
#461=CARTESIAN_POINT ( 'NONE',  ( -0.09171705920720472915, 0.08821763126019685486, -0.1790128066925197048 ) );
#462=AXIS2_PLACEMENT_3D ( 'NONE', #8172, #1538, #4412 );
#463=AXIS2_PLACEMENT_3D ( 'NONE', #4299, #54, #73 );
#464=CARTESIAN_POINT ( 'NONE',  ( -2.334342768023661696E-19, -0.09055118110236221041, -0.6377952755905511584 ) );
#465=EDGE_CURVE ( 'NONE', #9445, #8907, #6922, .T. );
#466=EDGE_LOOP ( 'NONE', ( #1825, #6138, #10723, #9045 ) );
#467=ORIENTED_EDGE ( 'NONE', *, *, #2733, .T. );
#468=ORIENTED_EDGE ( 'NONE', *, *, #1276, .F. );
#469=ORIENTED_EDGE ( 'NONE', *, *, #683, .F. );
#470=CARTESIAN_POINT ( 'NONE',  ( 0.05819872602202412482, 0.07548000520935324587, 0.09842519685039370636 ) );
#471=CARTESIAN_POINT ( 'NONE',  ( 0.02492828579264770583, -0.1299539998025635024, -0.4684919290757915689 ) );
#472=VECTOR ( 'NONE', #4432, 39.37007874015748854 );
#473=LINE ( 'NONE', #4988, #24 );
#474=CARTESIAN_POINT ( 'NONE',  ( -0.1033840581827952798, -0.04391228641625984086, -0.1818957759644488359 ) );
#475=ORIENTED_EDGE ( 'NONE', *, *, #8788, .F. );
#476=ORIENTED_EDGE ( 'NONE', *, *, #2636, .F. );
#477=CARTESIAN_POINT ( 'NONE',  ( 0.06003894837578287874, 0.01799467677328740398, -0.5199281018315330405 ) );
#478=EDGE_CURVE ( 'NONE', #5781, #8390, #5670, .T. );
#479=CARTESIAN_POINT ( 'NONE',  ( -0.02952755905511811330, 0.09842519685039370636, -0.2490157480314960647 ) );
#480=DIRECTION ( 'NONE',  ( 0.9063077870366585964, -0.4226182617406810116, 5.393022963101114847E-16 ) );
#481=AXIS2_PLACEMENT_3D ( 'NONE', #10478, #47, #7 );
#482=ADVANCED_FACE ( 'NONE', ( #3231 ), #599, .T. );
#483=EDGE_CURVE ( 'NONE', #6965, #2750, #5874, .T. );
#484=VERTEX_POINT ( 'NONE', #278 );
#485=VERTEX_POINT ( 'NONE', #3347 );
#486=LINE ( 'NONE', #7919, #33 );
#487=CARTESIAN_POINT ( 'NONE',  ( 0.09077399867027560743, 0.08857569234192914920, -0.08585921325299213092 ) );
#488=UNCERTAINTY_MEASURE_WITH_UNIT (LENGTH_MEASURE( 1.000000000000000082E-05 ), #1456, 'distance_accuracy_value', 'NONE');
#489=CARTESIAN_POINT ( 'NONE',  ( 0.04133858904645244803, 0.01835211021024947195, -0.4999999908898318246 ) );
#490=DIRECTION ( 'NONE',  ( -0.006115056885972484403, 0.01311378181127792648, -0.9998953119231469566 ) );
#491=CARTESIAN_POINT ( 'NONE',  ( 0.02702809808010044751, -0.1299539998025606435, -0.1388451817342743477 ) );
#492=EDGE_CURVE ( 'NONE', #2317, #3124, #1374, .T. );
#493=FACE_OUTER_BOUND ( 'NONE', #11697, .T. );
#494=( BOUNDED_CURVE ( )  B_SPLINE_CURVE ( 3, ( #1926, #9941, #7143, #5783 ),.UNSPECIFIED., .F., .F. )B_SPLINE_CURVE_WITH_KNOTS ( ( 4, 4 ),( 2.141456856138918674, 3.141592653435786087 ),.UNSPECIFIED. )CURVE ( )  GEOMETRIC_REPRESENTATION_ITEM ( )  RATIONAL_B_SPLINE_CURVE ( ( 1.000000000000000000, 0.9183666716809164576, 0.9183666716809164576, 1.000000000000000000 ) )REPRESENTATION_ITEM ( '' )  );
#495=CARTESIAN_POINT ( 'NONE',  ( -0.05084318625463684488, 0.04359261040125461673, -0.1980314960629919740 ) );
#496=EDGE_CURVE ( 'NONE', #6651, #3550, #11246, .T. );
#497=CIRCLE ( 'NONE', #10176, 0.003937007874033907930 );
#498=EDGE_LOOP ( 'NONE', ( #5516, #8761, #9535, #7343, #3459, #9965, #5284, #11584 ) );
#499=LINE ( 'NONE', #8508, #11 );
#500=AXIS2_PLACEMENT_3D ( 'NONE', #6322, #47, #98 );
#501=VERTEX_POINT ( 'NONE', #9427 );
#502=CARTESIAN_POINT ( 'NONE',  ( 0.08267716535433070058, 0.03962280658090551466, -0.5231896366940944620 ) );
#503=ORIENTED_EDGE ( 'NONE', *, *, #10599, .T. );
#504=ORIENTED_EDGE ( 'NONE', *, *, #1968, .T. );
#505=DIRECTION ( 'NONE',  ( -0.006115056885918845886, -0.01311378181129155447, -0.9998953119231471787 ) );
#506=FACE_OUTER_BOUND ( 'NONE', #7770, .T. );
#507=LINE ( 'NONE', #439, #728 );
#508=EDGE_CURVE ( 'NONE', #8742, #2953, #4081, .T. );
#509=ADVANCED_FACE ( 'NONE', ( #2243 ), #1242, .T. );
#510=CARTESIAN_POINT ( 'NONE',  ( -0.09251968503937008093, -0.04232283464566929249, -0.1771653543307086520 ) );
#511=LINE ( 'NONE', #7059, #2442 );
#512=CARTESIAN_POINT ( 'NONE',  ( -0.09842519685039370636, -0.07677165354330708902, -0.03740157480314960925 ) );
#513=CARTESIAN_POINT ( 'NONE',  ( 0.06793383395212598819, -0.03937007874015747977, -0.3562992125984252301 ) );
#514=ORIENTED_EDGE ( 'NONE', *, *, #8548, .F. );
#515=CARTESIAN_POINT ( 'NONE',  ( -0.09599412964551110039, 0.09720313186530880889, -0.1796191744190863693 ) );
#516=CARTESIAN_POINT ( 'NONE',  ( 0.1023622047244094474, -0.04232283464566929249, -0.04429133858267716300 ) );
#517=VERTEX_POINT ( 'NONE', #2181 );
#518=LINE ( 'NONE', #11122, #58 );
#519=VERTEX_POINT ( 'NONE', #6591 );
#520=FACE_OUTER_BOUND ( 'NONE', #3336, .T. );
#521=CARTESIAN_POINT ( 'NONE',  ( -0.1043307086614173318, 0.09842519685039370636, -0.02460629921259842659 ) );
#522=VERTEX_POINT ( 'NONE', #2426 );
#523=VERTEX_POINT ( 'NONE', #9533 );
#524=LINE ( 'NONE', #5964, #31 );
#525=CARTESIAN_POINT ( 'NONE',  ( -0.09077399884468503877, 0.08857569387783464920, -0.1818573221800787454 ) );
#526=AXIS2_PLACEMENT_3D ( 'NONE', #5888, #166, #73 );
#527=CARTESIAN_POINT ( 'NONE',  ( 0.1033928339864173263, 0.04094488188976377896, -0.01274889829705511991 ) );
#528=LINE ( 'NONE', #4315, #11 );
#529=VERTEX_POINT ( 'NONE', #5858 );
#530=ADVANCED_FACE ( 'NONE', ( #4324 ), #5913, .T. );
#531=ORIENTED_EDGE ( 'NONE', *, *, #5643, .T. );
#532=ORIENTED_EDGE ( 'NONE', *, *, #4912, .T. );
#533=CIRCLE ( 'NONE', #11130, 0.01181102362204719015 );
#534=CARTESIAN_POINT ( 'NONE',  ( 0.000000000000000000, -0.08464566929133858497, -0.5885826771653542844 ) );
#535=LINE ( 'NONE', #10548, #24 );
#536=EDGE_LOOP ( 'NONE', ( #1806, #6251, #10479, #11251 ) );
#537=ORIENTED_EDGE ( 'NONE', *, *, #4281, .T. );
#538=ADVANCED_FACE ( 'NONE', ( #5049 ), #2306, .T. );
#539=CARTESIAN_POINT ( 'NONE',  ( 0.06029723278932323099, 0.02797621931292653200, -0.05153632980847377976 ) );
#540=CARTESIAN_POINT ( 'NONE',  ( 0.09251968503937008093, -0.0004921259865157369883, -0.07480314960629921850 ) );
#541=CARTESIAN_POINT ( 'NONE',  ( 0.05137688055471687637, 0.02381659075253328775, -0.06289640911261581979 ) );
#542=CARTESIAN_POINT ( 'NONE',  ( 0.09256606233287401064, 0.1013779527559055121, -0.09940944881889764162 ) );
#543=CARTESIAN_POINT ( 'NONE',  ( 0.04133858904644903409, -0.01724700487514769023, -0.5026327997343932319 ) );
#544=ORIENTED_EDGE ( 'NONE', *, *, #9024, .F. );
#545=VERTEX_POINT ( 'NONE', #9479 );
#546=EDGE_CURVE ( 'NONE', #3864, #370, #2109, .T. );
#547=CARTESIAN_POINT ( 'NONE',  ( 0.05019685039370079538, 0.000000000000000000, -0.4488188976377953110 ) );
#548=CARTESIAN_POINT ( 'NONE',  ( 0.09103386287355236250, 0.08842930314347284548, -0.08692142596949882505 ) );
#549=CARTESIAN_POINT ( 'NONE',  ( 0.000000000000000000, 0.000000000000000000, 0.000000000000000000 ) );
#550=PLANE ( 'NONE',  #2011 );
#551=FACE_OUTER_BOUND ( 'NONE', #9374, .T. );
#552=EDGE_CURVE ( 'NONE', #4571, #6836, #5162, .T. );
#553=FACE_OUTER_BOUND ( 'NONE', #7927, .T. );
#554=PLANE ( 'NONE',  #6255 );
#555=CARTESIAN_POINT ( 'NONE',  ( 0.07606379205059449200, 0.03937007874015747977, -0.3196804927469228397 ) );
#556=ORIENTED_EDGE ( 'NONE', *, *, #8694, .F. );
#557=EDGE_CURVE ( 'NONE', #6743, #8768, #6093, .T. );
#558=CARTESIAN_POINT ( 'NONE',  ( 0.1181102362204724532, 0.09842519685039370636, -0.02362204724409448786 ) );
#559=EDGE_LOOP ( 'NONE', ( #10238, #11343, #4498, #9903 ) );
#560=ORIENTED_EDGE ( 'NONE', *, *, #5, .T. );
#561=FACE_OUTER_BOUND ( 'NONE', #6825, .T. );
#562=CARTESIAN_POINT ( 'NONE',  ( 0.06201888168956319614, 0.03009481290170866463, -0.5026817460161739914 ) );
#563=CARTESIAN_POINT ( 'NONE',  ( 0.09544860996692913768, -0.04376106953157480467, -0.08584629798074801255 ) );
#564=EDGE_CURVE ( 'NONE', #9503, #2590, #1100, .T. );
#565=FACE_OUTER_BOUND ( 'NONE', #2095, .T. );
#566=EDGE_CURVE ( 'NONE', #1792, #3225, #8827, .T. );
#567=CARTESIAN_POINT ( 'NONE',  ( -0.09251968503937008093, 0.08661417316727842985, -0.1772146918181749797 ) );
#568=CARTESIAN_POINT ( 'NONE',  ( 0.07086614173228346358, -0.03937007874015747977, -0.2185039370078740439 ) );
#569=CARTESIAN_POINT ( 'NONE',  ( -0.07677165354330708902, 0.08858267716535432601, -0.2421259842519685179 ) );
#570=DIRECTION ( 'NONE',  ( 0.9063077870366587074, -0.4226182617406809006, 0.000000000000000000 ) );
#571=ORIENTED_EDGE ( 'NONE', *, *, #4775, .F. );
#572=EDGE_CURVE ( 'NONE', #8653, #115, #7083, .T. );
#573=EDGE_CURVE ( 'NONE', #49, #1902, #4741, .T. );
#574=VERTEX_POINT ( 'NONE', #4376 );
#575=LINE ( 'NONE', #2225, #33 );
#576=ORIENTED_EDGE ( 'NONE', *, *, #2762, .T. );
#577=CARTESIAN_POINT ( 'NONE',  ( 0.09153543307086613179, 0.08661417322834646937, -0.06988188976377952832 ) );
#578=EDGE_LOOP ( 'NONE', ( #7413, #5414, #3408, #9212 ) );
#579=ORIENTED_EDGE ( 'NONE', *, *, #397, .F. );
#580=CARTESIAN_POINT ( 'NONE',  ( 0.08267716535433070058, 0.04724409448818897572, -0.2185039370078740439 ) );
#581=CARTESIAN_POINT ( 'NONE',  ( -0.09948044515627539608, 0.09454664932462972238, -0.1783219784798251994 ) );
#582=AXIS2_PLACEMENT_3D ( 'NONE', #6153, #47, #73 );
#583=CARTESIAN_POINT ( 'NONE',  ( 0.05019685039370079538, 0.05511811023622047168, -0.5068897637795275468 ) );
#584=DIRECTION ( 'NONE',  ( 1.000000000000000000, -7.228014483236570338E-16, 1.044883867397560072E-30 ) );
#585=VERTEX_POINT ( 'NONE', #8023 );
#586=LINE ( 'NONE', #2686, #293 );
#587=ADVANCED_FACE ( 'NONE', ( #7188 ), #3650, .T. );
#588=ORIENTED_EDGE ( 'NONE', *, *, #9673, .F. );
#589=PLANE ( 'NONE',  #582 );
#590=ORIENTED_EDGE ( 'NONE', *, *, #8485, .F. );
#591=DIRECTION ( 'NONE',  ( 0.4226182617410804698, -0.9063077870364721900, 0.000000000000000000 ) );
#592=PLANE ( 'NONE',  #11038 );
#593=ORIENTED_EDGE ( 'NONE', *, *, #8191, .F. );
#594=VERTEX_POINT ( 'NONE', #10547 );
#595=CARTESIAN_POINT ( 'NONE',  ( 0.09229359827695503282, 0.08759357115084960566, -0.08992937353889357555 ) );
#596=FACE_OUTER_BOUND ( 'NONE', #8026, .T. );
#597=CARTESIAN_POINT ( 'NONE',  ( -0.09645669291338582196, 0.009842519685039369942, -0.3996062992125983815 ) );
#598=CARTESIAN_POINT ( 'NONE',  ( -0.09251968503744095740, -0.04330719149053401801, -0.2136821282145425216 ) );
#599=TOROIDAL_SURFACE ( 'NONE', #7166, 0.01814870956161138138, 0.01181102362204719015 );
#600=CARTESIAN_POINT ( 'NONE',  ( -0.02501902697831777378, -0.09196819203078886173, 0.09842519685039370636 ) );
#601=ORIENTED_EDGE ( 'NONE', *, *, #10747, .T. );
#602=EDGE_CURVE ( 'NONE', #9423, #8899, #6328, .T. );
#603=ORIENTED_EDGE ( 'NONE', *, *, #6226, .T. );
#604=CARTESIAN_POINT ( 'NONE',  ( -0.08661417322834646937, 0.08858267716535432601, -0.1437007874015747977 ) );
#605=AXIS2_PLACEMENT_3D ( 'NONE', #3599, #1278, #47 );
#606=CARTESIAN_POINT ( 'NONE',  ( 0.02360424534363114030, -0.1299212598425196763, -0.1387121822160484186 ) );
#607=CARTESIAN_POINT ( 'NONE',  ( 0.09203522128940945513, 0.08793242024133858525, -0.08939456050425197142 ) );
#608=CARTESIAN_POINT ( 'NONE',  ( 0.03837352134330349052, 0.02328789440652913670, -0.4999999736223713631 ) );
#609=DIRECTION ( 'NONE',  ( -3.857222167780941920E-14, 3.057554157387332254E-13, -1.000000000000000000 ) );
#610=CARTESIAN_POINT ( 'NONE',  ( -0.1023622047244094474, -0.004921259842519684971, -0.1771653543307086520 ) );
#611=AXIS2_PLACEMENT_3D ( 'NONE', #5504, #7, #47 );
#612=CARTESIAN_POINT ( 'NONE',  ( -0.1053149606299212532, -0.07677165354330708902, -0.08070866141732284393 ) );
#613=EDGE_CURVE ( 'NONE', #6288, #8361, #629, .T. );
#614=VERTEX_POINT ( 'NONE', #11363 );
#615=B_SPLINE_CURVE_WITH_KNOTS ( 'NONE', 3,( #3410, #8423, #5038, #7422 ),.UNSPECIFIED., .F., .F.,( 4, 4 ),( 2.303235057974530430E-20, 0.0009514423094841818144 ),.UNSPECIFIED. );
#616=EDGE_CURVE ( 'NONE', #6068, #5298, #10715, .T. );
#617=CARTESIAN_POINT ( 'NONE',  ( 0.05019685039370000434, -0.02954760119149559688, -0.5212699788173472681 ) );
#618=ORIENTED_EDGE ( 'NONE', *, *, #7055, .T. );
#619=CARTESIAN_POINT ( 'NONE',  ( -0.1181102362204724532, -0.09842519685039370636, -0.08070866141732284393 ) );
#620=ORIENTED_EDGE ( 'NONE', *, *, #11379, .T. );
#621=ORIENTED_EDGE ( 'NONE', *, *, #11601, .T. );
#622=CARTESIAN_POINT ( 'NONE',  ( 0.03740157480312936850, 0.000000000000000000, -0.5682250243999865669 ) );
#623=CARTESIAN_POINT ( 'NONE',  ( -0.06029723278931457819, 0.02797621931299496337, -0.1798827865013850336 ) );
#624=CYLINDRICAL_SURFACE ( 'NONE', #8416, 0.01181102362204724046 );
#625=CARTESIAN_POINT ( 'NONE',  ( -0.0009842519685039369942, 0.06102362204724409711, -0.4370078740157480879 ) );
#626=CARTESIAN_POINT ( 'NONE',  ( 0.1181102362204724532, 0.09842519685039370636, -0.5708661417322835607 ) );
#627=CARTESIAN_POINT ( 'NONE',  ( 0.09153543307086613179, -0.08070866141732284393, -0.06988188976377952832 ) );
#628=ADVANCED_FACE ( 'NONE', ( #5387 ), #7032, .T. );
#629=B_SPLINE_CURVE_WITH_KNOTS ( 'NONE', 3,( #2555, #3583, #6392, #10654, #4494, #3527, #7363 ),.UNSPECIFIED., .F., .F.,( 4, 3, 4 ),( 4.264360692452783631E-11, 1.895780511139912743E-05, 3.802719934634438397E-05 ),.UNSPECIFIED. );
#630=AXIS2_PLACEMENT_3D ( 'NONE', #7793, #16, #47 );
#631=DIRECTION ( 'NONE',  ( 2.400072691094160010E-11, 1.000000000000000000, 0.000000000000000000 ) );
#632=ORIENTED_EDGE ( 'NONE', *, *, #6442, .F. );
#633=ADVANCED_FACE ( 'NONE', ( #2613 ), #5949, .F. );
#634=EDGE_CURVE ( 'NONE', #4326, #774, #10401, .T. );
#635=LINE ( 'NONE', #1777, #11 );
#636=ORIENTED_EDGE ( 'NONE', *, *, #9712, .F. );
#637=CARTESIAN_POINT ( 'NONE',  ( -0.04554088060841843949, 0.05750410180815290762, -0.1815326691888843602 ) );
#638=VERTEX_POINT ( 'NONE', #4669 );
#639=CARTESIAN_POINT ( 'NONE',  ( -0.05137688055471047177, 0.02381659075254716554, -0.1980314960629921128 ) );
#640=EDGE_LOOP ( 'NONE', ( #11218, #8152, #11040, #1030 ) );
#641=LINE ( 'NONE', #4114, #58 );
#642=VECTOR ( 'NONE', #5523, 39.37007874015748143 );
#643=DIRECTION ( 'NONE',  ( 0.1140538566599669096, 0.000000000000000000, 0.9934745682608022710 ) );
#644=ORIENTED_EDGE ( 'NONE', *, *, #10798, .F. );
#645=ORIENTED_EDGE ( 'NONE', *, *, #2290, .F. );
#646=CARTESIAN_POINT ( 'NONE',  ( -0.08267716535433070058, 0.08858267716535432601, -0.5314960629921260393 ) );
#647=CARTESIAN_POINT ( 'NONE',  ( -0.09165874619209528340, 0.08813746815787676381, -0.1790128068245185056 ) );
#648=EDGE_CURVE ( 'NONE', #134, #9156, #3396, .T. );
#649=CARTESIAN_POINT ( 'NONE',  ( 0.04035433070866142197, 0.08383680467148503512, -0.08070866141728347265 ) );
#650=CIRCLE ( 'NONE', #4028, 0.009842519685039378616 );
#651=CARTESIAN_POINT ( 'NONE',  ( -0.09088590870477669670, 0.08857208400543914451, -0.2142983548925355697 ) );
#652=EDGE_LOOP ( 'NONE', ( #1879, #3943, #9557, #135 ) );
#653=ORIENTED_EDGE ( 'NONE', *, *, #3506, .T. );
#654=ORIENTED_EDGE ( 'NONE', *, *, #10028, .F. );
#655=LINE ( 'NONE', #9036, #11 );
#656=CARTESIAN_POINT ( 'NONE',  ( 0.09249138218757164964, -0.04256120100996724914, -0.05413385869894779545 ) );
#657=CARTESIAN_POINT ( 'NONE',  ( -0.06921758502393443591, 0.03213584787342522314, -0.1980314960636249122 ) );
#658=ORIENTED_EDGE ( 'NONE', *, *, #4361, .F. );
#659=VERTEX_POINT ( 'NONE', #7539 );
#660=DIRECTION ( 'NONE',  ( 0.000000000000000000, 0.9701425001452410601, -0.2425356250366960398 ) );
#661=CARTESIAN_POINT ( 'NONE',  ( 0.05118110236220472370, 0.08858267716535432601, -0.5078740157480314821 ) );
#662=AXIS2_PLACEMENT_3D ( 'NONE', #7175, #47, #98 );
#663=CIRCLE ( 'NONE', #7047, 0.01574803149606299191 );
#664=EDGE_CURVE ( 'NONE', #7732, #7657, #3181, .T. );
#665=EDGE_CURVE ( 'NONE', #3998, #501, #10087, .T. );
#666=CARTESIAN_POINT ( 'NONE',  ( 0.02360424534363114030, -0.1299212598425196763, -0.4143027333971496251 ) );
#667=CARTESIAN_POINT ( 'NONE',  ( -0.09251737542288991645, -0.04305947454098763005, -0.2136240150693206330 ) );
#668=PLANE ( 'NONE',  #6309 );
#669=VERTEX_POINT ( 'NONE', #8071 );
#670=ORIENTED_EDGE ( 'NONE', *, *, #8893, .F. );
#671=CARTESIAN_POINT ( 'NONE',  ( 0.09361864459505946090, 0.09814153071644408921, -0.08692143945410474304 ) );
#672=FACE_OUTER_BOUND ( 'NONE', #11127, .T. );
#673=LINE ( 'NONE', #6344, #24 );
#674=CARTESIAN_POINT ( 'NONE',  ( -0.02263779527559055260, -0.08464566929133858497, -0.5826771653543307838 ) );
#675=EDGE_CURVE ( 'NONE', #7640, #1504, #9196, .T. );
#676=CARTESIAN_POINT ( 'NONE',  ( -0.02492828579258480823, -0.1299539998025974752, -0.08268917328668710931 ) );
#677=VECTOR ( 'NONE', #3685, 39.37007874015748143 );
#678=DIRECTION ( 'NONE',  ( -0.9999999999999608091, 1.446063294542525533E-08, 2.795690382040739133E-07 ) );
#679=ORIENTED_EDGE ( 'NONE', *, *, #3796, .F. );
#680=ORIENTED_EDGE ( 'NONE', *, *, #5106, .T. );
#681=CARTESIAN_POINT ( 'NONE',  ( 0.09954881166653543889, 0.09842519685039370636, -0.05905511811015748402 ) );
#682=EDGE_LOOP ( 'NONE', ( #869, #4162, #10395, #10769 ) );
#683=EDGE_CURVE ( 'NONE', #6753, #4242, #4683, .T. );
#684=CARTESIAN_POINT ( 'NONE',  ( -0.05099147183853914439, -0.04921259842519551397, -0.1683070866141732347 ) );
#685=ORIENTED_EDGE ( 'NONE', *, *, #7361, .F. );
#686=ORIENTED_EDGE ( 'NONE', *, *, #1746, .T. );
#687=LINE ( 'NONE', #8101, #188 );
#688=CARTESIAN_POINT ( 'NONE',  ( 0.07578740157480315376, 0.09842519685039370636, -0.04035433070866142197 ) );
#689=CARTESIAN_POINT ( 'NONE',  ( 0.09744094488188977110, 0.04094488188976456305, -0.01377952755905807215 ) );
#690=CARTESIAN_POINT ( 'NONE',  ( -0.09744094488188977110, -0.08070866141732284393, -0.1417322834645669272 ) );
#691=EDGE_CURVE ( 'NONE', #9423, #4740, #11186, .T. );
#692=CARTESIAN_POINT ( 'NONE',  ( 0.05878833746964567258, -0.03302191886849606406, -0.4184646756472440998 ) );
#693=VECTOR ( 'NONE', #7836, 39.37007874015748854 );
#694=ADVANCED_FACE ( 'NONE', ( #5959 ), #8704, .F. );
#695=DIRECTION ( 'NONE',  ( 1.097709997159366204E-13, 0.2066130759976680664, 0.9784227291037252972 ) );
#696=ORIENTED_EDGE ( 'NONE', *, *, #2922, .T. );
#697=DIRECTION ( 'NONE',  ( 1.000000000000000000, 0.000000000000000000, -7.228014483236700500E-16 ) );
#698=ORIENTED_EDGE ( 'NONE', *, *, #10576, .F. );
#699=CARTESIAN_POINT ( 'NONE',  ( -0.08366141732283464971, 0.000000000000000000, -0.5039370078740157410 ) );
#700=ORIENTED_EDGE ( 'NONE', *, *, #11543, .F. );
#701=ORIENTED_EDGE ( 'NONE', *, *, #7987, .T. );
#702=ADVANCED_FACE ( 'NONE', ( #9463 ), #1358, .T. );
#703=FACE_OUTER_BOUND ( 'NONE', #9741, .T. );
#704=ORIENTED_EDGE ( 'NONE', *, *, #1195, .F. );
#705=EDGE_LOOP ( 'NONE', ( #9482, #10451, #5830, #2833, #1680, #7864 ) );
#706=CARTESIAN_POINT ( 'NONE',  ( -0.04841944222174048018, 0.07673760904645374192, -0.1771653550563366264 ) );
#707=FACE_OUTER_BOUND ( 'NONE', #8371, .T. );
#708=EDGE_CURVE ( 'NONE', #7501, #4373, #387, .T. );
#709=CARTESIAN_POINT ( 'NONE',  ( 0.06120665859484252652, 0.03374191329164172998, -0.4116727719192913582 ) );
#710=AXIS2_PLACEMENT_3D ( 'NONE', #5267, #47, #10588 );
#711=AXIS2_PLACEMENT_3D ( 'NONE', #11169, #10359, #374 );
#712=VERTEX_POINT ( 'NONE', #6186 );
#713=CARTESIAN_POINT ( 'NONE',  ( -0.09547244094488190058, -0.07677165354330708902, -0.4891732283464567121 ) );
#714=ORIENTED_EDGE ( 'NONE', *, *, #6264, .T. );
#715=ORIENTED_EDGE ( 'NONE', *, *, #572, .F. );
#716=EDGE_CURVE ( 'NONE', #215, #10911, #10995, .T. );
#717=CARTESIAN_POINT ( 'NONE',  ( -0.04133858267716535029, 0.08858267716535432601, -0.02460629921259842659 ) );
#718=CARTESIAN_POINT ( 'NONE',  ( 0.1019596516567716632, 0.09277202011043307606, -0.04982883352358267320 ) );
#719=PLANE ( 'NONE',  #6674 );
#720=ORIENTED_EDGE ( 'NONE', *, *, #10919, .F. );
#721=VERTEX_POINT ( 'NONE', #9517 );
#722=DIRECTION ( 'NONE',  ( 0.4226182617404002917, 0.9063077870367894917, 0.000000000000000000 ) );
#723=CIRCLE ( 'NONE', #10552, 0.003937007874015749712 );
#724=CARTESIAN_POINT ( 'NONE',  ( 0.1107283464566929110, -0.09842519685039370636, -0.02362204724409448786 ) );
#725=ADVANCED_FACE ( 'NONE', ( #1422 ), #4181, .F. );
#726=EDGE_CURVE ( 'NONE', #115, #4404, #10952, .T. );
#727=AXIS2_PLACEMENT_3D ( 'NONE', #6310, #47, #73 );
#728=VECTOR ( 'NONE', #7, 39.37007874015748143 );
#729=CARTESIAN_POINT ( 'NONE',  ( -0.08661417322834646937, 0.08858267716535432601, -0.1535433070866141780 ) );
#730=CARTESIAN_POINT ( 'NONE',  ( -0.09842519685043998878, 1.005274499809939839E-17, 0.09448818897637795144 ) );
#731=ORIENTED_EDGE ( 'NONE', *, *, #11607, .F. );
#732=ORIENTED_EDGE ( 'NONE', *, *, #552, .T. );
#733=EDGE_LOOP ( 'NONE', ( #7414, #9278, #4291, #644 ) );
#734=EDGE_CURVE ( 'NONE', #3225, #2675, #2612, .T. );
#735=EDGE_CURVE ( 'NONE', #6066, #4404, #2353, .T. );
#736=CARTESIAN_POINT ( 'NONE',  ( 0.1023956690562238259, 0.08637355457307888118, -0.09051231083071815953 ) );
#737=DIRECTION ( 'NONE',  ( 0.9063077870384016466, -0.4226182617369428907, -4.961090753373519860E-11 ) );
#738=AXIS2_PLACEMENT_3D ( 'NONE', #4299, #47, #73 );
#739=SURFACE_STYLE_USAGE ( .BOTH. , #7433 );
#740=DIRECTION ( 'NONE',  ( 0.03881571384368898842, -7.003422870589130625E-14, 0.9992463862125321450 ) );
#741=VECTOR ( 'NONE', #829, 39.37007874015748854 );
#742=PLANE ( 'NONE',  #1013 );
#743=PLANE ( 'NONE',  #8509 );
#744=ORIENTED_EDGE ( 'NONE', *, *, #4408, .T. );
#745=EDGE_LOOP ( 'NONE', ( #1936, #4924, #2178, #10308 ) );
#746=EDGE_CURVE ( 'NONE', #9123, #2786, #3005, .T. );
#747=CARTESIAN_POINT ( 'NONE',  ( 0.05085026442093480703, 0.02467843489811640326, -0.4964102667000326874 ) );
#748=PLANE ( 'NONE',  #1303 );
#749=VERTEX_POINT ( 'NONE', #9413 );
#750=ORIENTED_EDGE ( 'NONE', *, *, #716, .F. );
#751=CIRCLE ( 'NONE', #7505, 0.005905511811023654925 );
#752=CARTESIAN_POINT ( 'NONE',  ( 0.000000000000000000, -0.08267716535433070058, -0.5708661417322835607 ) );
#753=FACE_OUTER_BOUND ( 'NONE', #2316, .T. );
#754=LINE ( 'NONE', #1592, #11 );
#755=CARTESIAN_POINT ( 'NONE',  ( 0.000000000000000000, -0.1240157480314960647, -0.4429133858267716994 ) );
#756=CARTESIAN_POINT ( 'NONE',  ( -0.09256606233287401064, 0.08661417322834646937, -0.2263315754624015963 ) );
#757=CARTESIAN_POINT ( 'NONE',  ( 0.03248031496062991907, 0.07677165354330708902, -0.5649606299212598381 ) );
#758=EDGE_LOOP ( 'NONE', ( #5530, #10065, #7182, #2956 ) );
#759=LINE ( 'NONE', #4587, #311 );
#760=VERTEX_POINT ( 'NONE', #5842 );
#761=CARTESIAN_POINT ( 'NONE',  ( 0.07086614173228346358, 0.03937007874015747977, -0.2185039370078740439 ) );
#762=ORIENTED_EDGE ( 'NONE', *, *, #4780, .T. );
#763=CARTESIAN_POINT ( 'NONE',  ( 0.09448818897637795144, 0.07185039370066299835, -0.4586614173227448465 ) );
#764=EDGE_CURVE ( 'NONE', #10941, #9796, #6284, .T. );
#765=ORIENTED_EDGE ( 'NONE', *, *, #7614, .F. );
#766=PLANE ( 'NONE',  #1754 );
#767=LINE ( 'NONE', #8814, #293 );
#768=VERTEX_POINT ( 'NONE', #3212 );
#769=ORIENTED_EDGE ( 'NONE', *, *, #10396, .T. );
#770=CARTESIAN_POINT ( 'NONE',  ( 0.09251968503937008093, -0.04330714372192857875, -0.08572936255780944093 ) );
#771=LINE ( 'NONE', #3754, #311 );
#772=ADVANCED_FACE ( 'NONE', ( #4914 ), #11230, .T. );
#773=CARTESIAN_POINT ( 'NONE',  ( 0.03838582677165354451, -0.05511811023622047168, -0.4625984251968504046 ) );
#774=VERTEX_POINT ( 'NONE', #6905 );
#775=FACE_OUTER_BOUND ( 'NONE', #968, .T. );
#776=ORIENTED_EDGE ( 'NONE', *, *, #6944, .F. );
#777=EDGE_CURVE ( 'NONE', #9465, #8574, #1291, .T. );
#778=ORIENTED_EDGE ( 'NONE', *, *, #8034, .F. );
#779=LINE ( 'NONE', #1859, #58 );
#780=CARTESIAN_POINT ( 'NONE',  ( 0.09448818897637795144, 0.03099907202987992397, -0.5327005172486221074 ) );
#781=CARTESIAN_POINT ( 'NONE',  ( 0.09923258589456693257, 0.08477551513645668890, -0.04920983001212598379 ) );
#782=ORIENTED_EDGE ( 'NONE', *, *, #5952, .T. );
#783=ORIENTED_EDGE ( 'NONE', *, *, #3533, .F. );
#784=LINE ( 'NONE', #3771, #31 );
#785=CARTESIAN_POINT ( 'NONE',  ( 0.08668802497775944527, -0.005329631511969133359, -0.04921259842519685318 ) );
#786=ADVANCED_FACE ( 'NONE', ( #11513 ), #8971, .T. );
#787=CARTESIAN_POINT ( 'NONE',  ( -0.09954881166645671020, 0.09842519685039370636, -0.1870078740156299046 ) );
#788=ORIENTED_EDGE ( 'NONE', *, *, #5, .F. );
#789=ORIENTED_EDGE ( 'NONE', *, *, #1676, .T. );
#790=VERTEX_POINT ( 'NONE', #6247 );
#791=ADVANCED_FACE ( 'NONE', ( #10533 ), #9574, .F. );
#792=EDGE_CURVE ( 'NONE', #4753, #8422, #10015, .T. );
#793=CARTESIAN_POINT ( 'NONE',  ( 0.000000000000000000, 0.09842519685039370636, -0.5314960629921260393 ) );
#794=FACE_OUTER_BOUND ( 'NONE', #5637, .T. );
#795=CARTESIAN_POINT ( 'NONE',  ( -0.06618313843016662701, 0.01069597680054358221, -0.1980314960629919740 ) );
#796=CARTESIAN_POINT ( 'NONE',  ( -0.07132464388482996631, 0.01491394429470664813, -0.1897820826258631299 ) );
#797=CARTESIAN_POINT ( 'NONE',  ( -0.09251968504038050878, -0.04330716557729866883, -0.1819871643469511691 ) );
#798=ADVANCED_FACE ( 'NONE', ( #1726 ), #7173, .F. );
#799=DIRECTION ( 'NONE',  ( 0.006115056885925504622, 0.01311378181117628730, 0.9998953119231487330 ) );
#800=ORIENTED_EDGE ( 'NONE', *, *, #3804, .F. );
#801=ADVANCED_FACE ( 'NONE', ( #5432 ), #8758, .T. );
#802=ORIENTED_EDGE ( 'NONE', *, *, #10184, .F. );
#803=DIRECTION ( 'NONE',  ( -0.9063077870376491374, -0.4226182617385564888, 5.028920471906159983E-11 ) );
#804=EDGE_CURVE ( 'NONE', #5893, #9465, #6419, .T. );
#805=DIRECTION ( 'NONE',  ( -0.9063077870367038935, 0.4226182617405840336, -4.685369783988735365E-13 ) );
#806=EDGE_LOOP ( 'NONE', ( #1723, #3461, #3098, #5098, #1619 ) );
#807=ORIENTED_EDGE ( 'NONE', *, *, #8372, .F. );
#808=CARTESIAN_POINT ( 'NONE',  ( 0.04035433070865590555, 0.07074391083995806850, -0.09055118109564960771 ) );
#809=CARTESIAN_POINT ( 'NONE',  ( 0.05129659079104828545, -0.02453445940682244877, -0.4978382573669964395 ) );
#810=CARTESIAN_POINT ( 'NONE',  ( 0.09545797091586613603, -0.04301206741322834148, -0.08566582301409447764 ) );
#811=CARTESIAN_POINT ( 'NONE',  ( 0.03740157480314960925, 0.09842519685039370636, -0.4685039370078740717 ) );
#812=EDGE_CURVE ( 'NONE', #3259, #1661, #9468, .T. );
#813=CARTESIAN_POINT ( 'NONE',  ( 0.07219365259181102779, -0.03264629968791732395, -0.4230063436381890085 ) );
#814=EDGE_CURVE ( 'NONE', #7581, #6965, #3452, .T. );
#815=ORIENTED_EDGE ( 'NONE', *, *, #5745, .F. );
#816=LINE ( 'NONE', #8163, #11 );
#817=CIRCLE ( 'NONE', #7943, 0.01181102362204724046 );
#818=ORIENTED_EDGE ( 'NONE', *, *, #8185, .F. );
#819=FACE_OUTER_BOUND ( 'NONE', #1264, .T. );
#820=EDGE_LOOP ( 'NONE', ( #7602, #4265, #5618, #8033 ) );
#821=FACE_OUTER_BOUND ( 'NONE', #141, .T. );
#822=VERTEX_POINT ( 'NONE', #8865 );
#823=CARTESIAN_POINT ( 'NONE',  ( -0.02950530667952890040, -0.1275040290269355558, -0.4122396934896663812 ) );
#824=DIRECTION ( 'NONE',  ( 2.891205793294675368E-16, -3.343628375672280477E-31, 1.000000000000000000 ) );
#825=CARTESIAN_POINT ( 'NONE',  ( 0.03740157480314960925, 0.07874015748031495954, -0.5393700787401575214 ) );
#826=ORIENTED_EDGE ( 'NONE', *, *, #5308, .T. );
#827=ORIENTED_EDGE ( 'NONE', *, *, #2657, .F. );
#828=EDGE_CURVE ( 'NONE', #3156, #10030, #641, .T. );
#829=DIRECTION ( 'NONE',  ( -0.8838870153805589158, 0.000000000000000000, -0.4677004853981309163 ) );
#830=CARTESIAN_POINT ( 'NONE',  ( -0.09251963963464567009, 0.08661417321980315054, -0.1772146905781495918 ) );
#831=AXIS2_PLACEMENT_3D ( 'NONE', #6434, #45, #47 );
#832=VECTOR ( 'NONE', #6831, 39.37007874015748854 );
#833=CARTESIAN_POINT ( 'NONE',  ( 0.06349757759177165894, 0.03302191886709449076, -0.4181099060700788073 ) );
#834=ADVANCED_FACE ( 'NONE', ( #520 ), #4532, .T. );
#835=DIRECTION ( 'NONE',  ( 1.671814187836139801E-31, -1.000000000000000000, 2.891205793294675368E-16 ) );
#836=CARTESIAN_POINT ( 'NONE',  ( 0.05019685039370079538, 0.02803927586213020642, -0.5072688423476113817 ) );
#837=ORIENTED_EDGE ( 'NONE', *, *, #5210, .F. );
#838=CARTESIAN_POINT ( 'NONE',  ( 0.07578740157480315376, 0.09842519685039370636, -0.09940944881889764162 ) );
#839=ORIENTED_EDGE ( 'NONE', *, *, #6846, .F. );
#840=ORIENTED_EDGE ( 'NONE', *, *, #9457, .T. );
#841=AXIS2_PLACEMENT_3D ( 'NONE', #9057, #7, #47 );
#842=ADVANCED_FACE ( 'NONE', ( #9738 ), #2596, .F. );
#843=CARTESIAN_POINT ( 'NONE',  ( -0.1023622047244094474, -0.08759842519685039075, -0.1929133858267716439 ) );
#844=LINE ( 'NONE', #10829, #311 );
#845=CARTESIAN_POINT ( 'NONE',  ( 0.09138429428578741243, 0.08706388606484252723, -0.04982883467562992247 ) );
#846=CARTESIAN_POINT ( 'NONE',  ( -0.08267716535433070058, 0.09842519685039370636, -0.2854330708661417804 ) );
#847=VERTEX_POINT ( 'NONE', #9794 );
#848=VERTEX_POINT ( 'NONE', #11348 );
#849=DIRECTION ( 'NONE',  ( 1.156482317317869950E-15, 0.000000000000000000, -1.000000000000000000 ) );
#850=DIRECTION ( 'NONE',  ( -0.9063077870367897138, -0.4226182617403999031, 0.000000000000000000 ) );
#851=EDGE_CURVE ( 'NONE', #8885, #4618, #1147, .T. );
#852=AXIS2_PLACEMENT_3D ( 'NONE', #2003, #73, #54 );
#853=VECTOR ( 'NONE', #3641, 39.37007874015748143 );
#854=CARTESIAN_POINT ( 'NONE',  ( 0.08858267716535432601, -0.05511811023622047168, -0.2185039370078740439 ) );
#855=DIRECTION ( 'NONE',  ( -0.000000000000000000, -0.9701425001452407271, -0.2425356250366973998 ) );
#856=ORIENTED_EDGE ( 'NONE', *, *, #10473, .F. );
#857=VERTEX_POINT ( 'NONE', #7121 );
#858=VERTEX_POINT ( 'NONE', #10583 );
#859=LINE ( 'NONE', #10786, #33 );
#860=CARTESIAN_POINT ( 'NONE',  ( 0.09245401880523701488, 0.08660128794850296963, -0.09050533351353667877 ) );
#861=AXIS2_PLACEMENT_3D ( 'NONE', #10315, #7841, #643 );
#862=CARTESIAN_POINT ( 'NONE',  ( -0.1191408654824803182, -0.1023622047244094474, -0.03740157480314960925 ) );
#863=VECTOR ( 'NONE', #695, 39.37007874015748143 );
#864=EDGE_CURVE ( 'NONE', #4558, #2608, #3633, .T. );
#865=CARTESIAN_POINT ( 'NONE',  ( 0.000000000000000000, 0.000000000000000000, -0.3149606299212598381 ) );
#866=EDGE_CURVE ( 'NONE', #9178, #4423, #9833, .T. );
#867=ADVANCED_FACE ( 'NONE', ( #703 ), #4478, .T. );
#868=CARTESIAN_POINT ( 'NONE',  ( -0.09744094488188977110, 0.03307086614173311567, -0.1437007874015781561 ) );
#869=ORIENTED_EDGE ( 'NONE', *, *, #9519, .F. );
#870=AXIS2_PLACEMENT_3D ( 'NONE', #3703, #47, #98 );
#871=VERTEX_POINT ( 'NONE', #51 );
#872=ORIENTED_EDGE ( 'NONE', *, *, #2971, .T. );
#873=ORIENTED_EDGE ( 'NONE', *, *, #5195, .F. );
#874=CARTESIAN_POINT ( 'NONE',  ( 0.08267716535433070058, -0.001476377952736228306, -0.5255905511811024278 ) );
#875=EDGE_CURVE ( 'NONE', #8626, #6427, #2960, .T. );
#876=CARTESIAN_POINT ( 'NONE',  ( 0.08366141732283464971, 0.09842519685039370636, -0.01574803149606299191 ) );
#877=CARTESIAN_POINT ( 'NONE',  ( -0.05948629167706578902, 0.02759807126206848329, -0.1815326691888033139 ) );
#878=CARTESIAN_POINT ( 'NONE',  ( 0.1181102362204724532, -0.09842519685039370636, -0.01181102362204803150 ) );
#879=PRODUCT_DEFINITION_SHAPE ( 'NONE', 'NONE',  #1301 );
#880=CARTESIAN_POINT ( 'NONE',  ( 0.06285268980299213437, -0.03337668229425197475, -0.4146863081401575002 ) );
#881=FACE_OUTER_BOUND ( 'NONE', #5760, .T. );
#882=ORIENTED_EDGE ( 'NONE', *, *, #8839, .F. );
#883=CARTESIAN_POINT ( 'NONE',  ( 0.04197615822706313171, 0.01763538586903402525, -0.5011055865977198653 ) );
#884=AXIS2_PLACEMENT_3D ( 'NONE', #1881, #47, #7 );
#885=ORIENTED_EDGE ( 'NONE', *, *, #3669, .T. );
#886=CARTESIAN_POINT ( 'NONE',  ( 0.06932856541530138528, 0.03189784965607909972, -0.05153822976198252359 ) );
#887=VERTEX_POINT ( 'NONE', #5594 );
#888=CARTESIAN_POINT ( 'NONE',  ( 0.08956692913385827515, -0.08070866141732284393, -0.01377952755905511792 ) );
#889=ORIENTED_EDGE ( 'NONE', *, *, #9189, .F. );
#890=EDGE_CURVE ( 'NONE', #4423, #8950, #3691, .T. );
#891=EDGE_CURVE ( 'NONE', #7260, #2483, #9062, .T. );
#892=CARTESIAN_POINT ( 'NONE',  ( -0.02950530667952889000, -0.1240157480314960786, -0.4122396934896661591 ) );
#893=EDGE_LOOP ( 'NONE', ( #5788, #10950, #11332, #11152, #8625, #6077, #1333, #7417, #4049, #11415 ) );
#894=ORIENTED_EDGE ( 'NONE', *, *, #3738, .F. );
#895=AXIS2_PLACEMENT_3D ( 'NONE', #225, #73, #54 );
#896=CARTESIAN_POINT ( 'NONE',  ( -0.09251963963464567009, 0.08678079347814959821, -0.1772582987811417155 ) );
#897=AXIS2_PLACEMENT_3D ( 'NONE', #9816, #47, #73 );
#898=( BOUNDED_SURFACE ( )  B_SPLINE_SURFACE ( 3, 3, (( #7707, #7830, #1221, #11173 ),( #377, #4056, #1349, #10197 ),( #189, #7768, #10254, #2346 ),( #9358, #4965, #4965, #9358 ) ),.UNSPECIFIED., .F., .F., .F. )B_SPLINE_SURFACE_WITH_KNOTS ( ( 4, 4 ),( 4, 4 ),( 0.05204745709787755858, 1.000000000000000000 ),( 0.000000000000000000, 1.000000000000000000 ),.UNSPECIFIED. )GEOMETRIC_REPRESENTATION_ITEM ( )  RATIONAL_B_SPLINE_SURFACE ( (( 0.9868038654829058842, 0.3289346218276353873, 0.3289346218276353873, 0.9868038654829058842),( 0.9110878126980471725, 0.3036959375660158167, 0.3036959375660158167, 0.9110878126980471725),( 0.9154865242037453221, 0.3051621747345818481, 0.3051621747345818481, 0.9154865242037453221),( 1.000000000000000000, 0.3333333333333334259, 0.3333333333333334259, 1.000000000000000000) ) )REPRESENTATION_ITEM ( '' )  SURFACE ( )  );
#899=LINE ( 'NONE', #3025, #33 );
#900=FACE_OUTER_BOUND ( 'NONE', #10048, .T. );
#901=ORIENTED_EDGE ( 'NONE', *, *, #2372, .T. );
#902=CARTESIAN_POINT ( 'NONE',  ( 0.05019685039366818952, 0.02438014916369839885, -0.4895836562556126759 ) );
#903=ORIENTED_EDGE ( 'NONE', *, *, #7229, .T. );
#904=CARTESIAN_POINT ( 'NONE',  ( -0.1181102362204724532, 0.09842519685039370636, -0.1161417322834645688 ) );
#905=EDGE_CURVE ( 'NONE', #4489, #11042, #6609, .T. );
#906=ORIENTED_EDGE ( 'NONE', *, *, #5556, .F. );
#907=CYLINDRICAL_SURFACE ( 'NONE', #6938, 0.01771653543307086243 );
#908=CARTESIAN_POINT ( 'NONE',  ( 0.08070866141732284393, 0.07381889763779526936, -0.3996062992125983815 ) );
#909=CARTESIAN_POINT ( 'NONE',  ( 0.09094794103228345805, 0.08746931049342519804, -0.05188930009862204040 ) );
#910=CARTESIAN_POINT ( 'NONE',  ( -0.09545506199283465554, -0.04355184545397637608, -0.1819313215614960788 ) );
#911=VERTEX_POINT ( 'NONE', #9181 );
#912=VERTEX_POINT ( 'NONE', #3933 );
#913=LINE ( 'NONE', #6333, #11 );
#914=CARTESIAN_POINT ( 'NONE',  ( -0.09744094488188977110, -0.06889763779527559306, -0.1437007874015747977 ) );
#915=EDGE_CURVE ( 'NONE', #519, #7657, #5535, .T. );
#916=AXIS2_PLACEMENT_3D ( 'NONE', #438, #73, #16 );
#917=ADVANCED_FACE ( 'NONE', ( #2839 ), #9069, .F. );
#918=CARTESIAN_POINT ( 'NONE',  ( -0.1033464566929133965, -0.08070866141732284393, -0.1515748031496063075 ) );
#919=CARTESIAN_POINT ( 'NONE',  ( 0.08267716535433070058, 0.05511811023622047168, -0.3759842519684374329 ) );
#920=ORIENTED_EDGE ( 'NONE', *, *, #5117, .T. );
#921=EDGE_LOOP ( 'NONE', ( #9055, #11663, #9264, #7285 ) );
#922=EDGE_LOOP ( 'NONE', ( #4838, #6043, #5051, #2574 ) );
#923=ORIENTED_EDGE ( 'NONE', *, *, #3026, .F. );
#924=LINE ( 'NONE', #5563, #58 );
#925=CARTESIAN_POINT ( 'NONE',  ( 0.1023625313157086603, 0.08761394576381889565, -0.09045823662149606037 ) );
#926=ADVANCED_FACE ( 'NONE', ( #8170 ), #5208, .F. );
#927=DIRECTION ( 'NONE',  ( -8.673617379884089706E-16, 3.009265538105090002E-30, -1.000000000000000000 ) );
#928=CIRCLE ( 'NONE', #7866, 0.003937007874015997777 );
#929=ORIENTED_EDGE ( 'NONE', *, *, #3380, .T. );
#930=CARTESIAN_POINT ( 'NONE',  ( 0.03838582677165354451, 0.07677165354330708902, -0.5127952755905511584 ) );
#931=AXIS2_PLACEMENT_3D ( 'NONE', #1701, #16, #47 );
#932=CARTESIAN_POINT ( 'NONE',  ( -0.09055118110228345396, 0.09842519685039370636, -0.2519685039370078705 ) );
#933=CARTESIAN_POINT ( 'NONE',  ( -2.334342768023661696E-19, -0.09055118110236221041, -0.5885826771653542844 ) );
#934=ORIENTED_EDGE ( 'NONE', *, *, #3911, .F. );
#935=CARTESIAN_POINT ( 'NONE',  ( 0.1033175027958661563, -0.04153965037255905740, -0.05413268580696851268 ) );
#936=AXIS2_PLACEMENT_3D ( 'NONE', #5992, #73, #54 );
#937=EDGE_CURVE ( 'NONE', #1118, #5112, #2537, .T. );
#938=VERTEX_POINT ( 'NONE', #10876 );
#939=CARTESIAN_POINT ( 'NONE',  ( 0.04183480950692913813, -0.03856219249716567182, -0.3701092656131775849 ) );
#940=AXIS2_PLACEMENT_3D ( 'NONE', #3734, #5872, #3004 );
#941=DIRECTION ( 'NONE',  ( 0.005858284824603899980, 0.01256313234869599858, 0.9999039194865190217 ) );
#942=ORIENTED_EDGE ( 'NONE', *, *, #6617, .F. );
#943=CARTESIAN_POINT ( 'NONE',  ( -0.09744094488188977110, 0.04639612356148905409, -0.2483343428225366079 ) );
#944=LINE ( 'NONE', #8216, #311 );
#945=CARTESIAN_POINT ( 'NONE',  ( -0.02952755905511811330, 0.08464566929133858497, -0.2490157480314960647 ) );
#946=EDGE_CURVE ( 'NONE', #9972, #1871, #3805, .T. );
#947=PLANE ( 'NONE',  #3256 );
#948=ORIENTED_EDGE ( 'NONE', *, *, #6433, .T. );
#949=CARTESIAN_POINT ( 'NONE',  ( -0.09251746102164262742, -0.04306413156951163085, -0.1820443338050252990 ) );
#950=ORIENTED_EDGE ( 'NONE', *, *, #11385, .T. );
#951=ORIENTED_EDGE ( 'NONE', *, *, #7801, .T. );
#952=CARTESIAN_POINT ( 'NONE',  ( 0.08970629198188975750, 0.09842519685039370636, -0.08070866141738190780 ) );
#953=ORIENTED_EDGE ( 'NONE', *, *, #8261, .T. );
#954=EDGE_CURVE ( 'NONE', #1129, #2793, #9116, .T. );
#955=CARTESIAN_POINT ( 'NONE',  ( 0.03179757324350383080, -0.1240157480314960925, -0.3555213466945831291 ) );
#956=CARTESIAN_POINT ( 'NONE',  ( 0.05019685039370079538, -0.07677165354330708902, -0.5649606299212598381 ) );
#957=FACE_OUTER_BOUND ( 'NONE', #6369, .T. );
#958=ORIENTED_EDGE ( 'NONE', *, *, #4437, .F. );
#959=DIRECTION ( 'NONE',  ( 1.000000000000000000, -4.603150701336103122E-32, -5.990472469263870347E-16 ) );
#960=AXIS2_PLACEMENT_3D ( 'NONE', #3000, #47, #73 );
#961=CARTESIAN_POINT ( 'NONE',  ( -0.1023956690510350459, 0.08637355474472392658, -0.1772042246094385765 ) );
#962=DIRECTION ( 'NONE',  ( 0.8838870153886158043, 0.000000000000000000, 0.4677004853829048736 ) );
#963=ADVANCED_FACE ( 'NONE', ( #11626 ), #2904, .T. );
#964=CARTESIAN_POINT ( 'NONE',  ( 0.000000000000000000, -0.09842519685039370636, 0.000000000000000000 ) );
#965=EDGE_CURVE ( 'NONE', #4772, #6985, #4840, .T. );
#966=CARTESIAN_POINT ( 'NONE',  ( -0.09153543307086613179, -0.09842519685039370636, -0.1515748031496063075 ) );
#967=ORIENTED_EDGE ( 'NONE', *, *, #9048, .F. );
#968=EDGE_LOOP ( 'NONE', ( #10277, #2059, #4016, #5334, #2680, #9240, #5793, #9330 ) );
#969=CARTESIAN_POINT ( 'NONE',  ( -0.08366141732283464971, 0.07677165354330708902, -0.4330708661417322913 ) );
#970=ORIENTED_EDGE ( 'NONE', *, *, #5011, .F. );
#971=CARTESIAN_POINT ( 'NONE',  ( 0.09429561132023622783, 0.09471500370393699797, -0.05188933981704724890 ) );
#972=CARTESIAN_POINT ( 'NONE',  ( -0.09538467258015749517, -0.04194722371893700591, -0.1820711375199606241 ) );
#973=ORIENTED_EDGE ( 'NONE', *, *, #814, .F. );
#974=ORIENTED_EDGE ( 'NONE', *, *, #3251, .T. );
#975=CARTESIAN_POINT ( 'NONE',  ( -0.1048228346456692855, -0.08070866141732284393, -0.1515748031496063075 ) );
#976=CARTESIAN_POINT ( 'NONE',  ( -0.03569652699808905510, 0.08073260313177361980, -0.2126511338501370085 ) );
#977=ADVANCED_FACE ( 'NONE', ( #3745 ), #8575, .F. );
#978=LINE ( 'NONE', #8309, #728 );
#979=ADVANCED_FACE ( 'NONE', ( #3989, #7824 ), #4958, .T. );
#980=LINE ( 'NONE', #1994, #188 );
#981=ORIENTED_EDGE ( 'NONE', *, *, #2138, .T. );
#982=ORIENTED_EDGE ( 'NONE', *, *, #7063, .F. );
#983=ORIENTED_EDGE ( 'NONE', *, *, #9282, .F. );
#984=ORIENTED_EDGE ( 'NONE', *, *, #10027, .T. );
#985=CARTESIAN_POINT ( 'NONE',  ( 0.1023625313157086603, 0.08645420956589681960, -0.09050882217210640124 ) );
#986=B_SPLINE_CURVE_WITH_KNOTS ( 'NONE', 3,( #8071, #4543, #4598, #4430 ),.UNSPECIFIED., .F., .F.,( 4, 4 ),( 0.000000000000000000, 1.000000000000000000 ),.UNSPECIFIED. );
#987=DIRECTION ( 'NONE',  ( -0.4226072008223420440, -0.9062840668215832451, 0.007234917997931661349 ) );
#988=LENGTH_MEASURE_WITH_UNIT ( LENGTH_MEASURE( 0.02539999999999999897 ), #4686 );
#989=VERTEX_POINT ( 'NONE', #7761 );
#990=ORIENTED_EDGE ( 'NONE', *, *, #5361, .T. );
#991=LINE ( 'NONE', #1713, #11 );
#992=CARTESIAN_POINT ( 'NONE',  ( -0.09148905577736221595, -0.04335346390767717134, -0.1722440944881890035 ) );
#993=LINE ( 'NONE', #26, #11 );
#994=CARTESIAN_POINT ( 'NONE',  ( -0.07677165354330708902, 0.09842519685039370636, -0.2421259842519685179 ) );
#995=VERTEX_POINT ( 'NONE', #6720 );
#996=EDGE_CURVE ( 'NONE', #3159, #11083, #1342, .T. );
#997=CARTESIAN_POINT ( 'NONE',  ( -0.1033464566929133965, 0.1020078740157480401, -0.1526054324116141725 ) );
#998=ORIENTED_EDGE ( 'NONE', *, *, #1807, .F. );
#999=CARTESIAN_POINT ( 'NONE',  ( 0.05088557326680053644, 0.02461377008167266178, -0.5036604438483742729 ) );
#1000=ORIENTED_EDGE ( 'NONE', *, *, #9787, .T. );
#1001=ADVANCED_FACE ( 'NONE', ( #373 ), #4232, .T. );
#1002=AXIS2_PLACEMENT_3D ( 'NONE', #657, #805, #941 );
#1003=CARTESIAN_POINT ( 'NONE',  ( -0.1422244094488188948, -0.1023622047244094474, -0.1929133858267716439 ) );
#1004=CARTESIAN_POINT ( 'NONE',  ( 0.09448818897637795144, -0.03992663606433292239, -0.5203032566015292071 ) );
#1005=CARTESIAN_POINT ( 'NONE',  ( -0.1023622047244094474, 0.08562992125982282765, -0.1771653543307086520 ) );
#1006=EDGE_CURVE ( 'NONE', #9140, #4705, #10301, .T. );
#1007=ORIENTED_EDGE ( 'NONE', *, *, #9112, .F. );
#1008=ORIENTED_EDGE ( 'NONE', *, *, #125, .T. );
#1009=CARTESIAN_POINT ( 'NONE',  ( 0.03468503937007873933, 0.06346456692913385322, -0.5708661417322835607 ) );
#1010=ORIENTED_EDGE ( 'NONE', *, *, #7801, .F. );
#1011=PLANE ( 'NONE',  #11641 );
#1012=ORIENTED_EDGE ( 'NONE', *, *, #8844, .T. );
#1013=AXIS2_PLACEMENT_3D ( 'NONE', #5464, #1254, #16 );
#1014=LINE ( 'NONE', #302, #728 );
#1015=CARTESIAN_POINT ( 'NONE',  ( 0.05737923281619388555, 0.04481997484075607441, -0.06143562593294973895 ) );
#1016=EDGE_CURVE ( 'NONE', #3358, #5509, #11047, .T. );
#1017=EDGE_LOOP ( 'NONE', ( #10220, #6639, #6510, #7064 ) );
#1018=CARTESIAN_POINT ( 'NONE',  ( -0.09251968503937008093, -0.06889763779527559306, -0.1535433070866141780 ) );
#1019=CARTESIAN_POINT ( 'NONE',  ( -0.09251968503937008093, 0.04094488188975471676, -0.1437007874015747977 ) );
#1020=CARTESIAN_POINT ( 'NONE',  ( -0.1023622047244094474, -0.04232283464566929249, -0.2234251968503937202 ) );
#1021=AXIS2_PLACEMENT_3D ( 'NONE', #319, #277, #109 );
#1022=EDGE_CURVE ( 'NONE', #638, #11701, #5779, .T. );
#1023=EDGE_CURVE ( 'NONE', #4024, #11687, #2338, .T. );
#1024=CIRCLE ( 'NONE', #7760, 0.004921259842524895213 );
#1025=DIRECTION ( 'NONE',  ( 0.006115056884677440470, 0.01311378180850164207, 0.9998953119231913655 ) );
#1026=ORIENTED_EDGE ( 'NONE', *, *, #1692, .T. );
#1027=CARTESIAN_POINT ( 'NONE',  ( -0.1033464566929133965, 0.000000000000000000, -0.2440944881889763884 ) );
#1028=ORIENTED_EDGE ( 'NONE', *, *, #1468, .T. );
#1029=CARTESIAN_POINT ( 'NONE',  ( 0.05118110236220472370, 0.07874015748031495954, -0.5039370078740157410 ) );
#1030=ORIENTED_EDGE ( 'NONE', *, *, #3964, .T. );
#1031=CARTESIAN_POINT ( 'NONE',  ( 0.04132750049012996058, -0.01574803149140350036, -0.4973834016865237850 ) );
#1032=B_SPLINE_CURVE_WITH_KNOTS ( 'NONE', 3,( #4248, #2634, #10512, #747 ),.UNSPECIFIED., .F., .F.,( 4, 4 ),( 9.760595919623873021E-17, 0.0002750913685425696573 ),.UNSPECIFIED. );
#1033=CARTESIAN_POINT ( 'NONE',  ( 0.000000000000000000, 0.000000000000000000, -0.1683070866141732347 ) );
#1034=AXIS2_PLACEMENT_3D ( 'NONE', #7622, #6580, #16 );
#1035=ADVANCED_FACE ( 'NONE', ( #5080 ), #6779, .T. );
#1036=VERTEX_POINT ( 'NONE', #1273 );
#1037=ORIENTED_EDGE ( 'NONE', *, *, #10014, .F. );
#1038=CARTESIAN_POINT ( 'NONE',  ( -0.08970629198188975750, 0.08858267716535432601, -0.1870078740156889963 ) );
#1039=EDGE_CURVE ( 'NONE', #9582, #4286, #1214, .T. );
#1040=CARTESIAN_POINT ( 'NONE',  ( 0.04429133858268109736, -0.03521366893700394324, -0.4685039370078740717 ) );
#1041=CIRCLE ( 'NONE', #137, 0.01649882687418893767 );
#1042=CARTESIAN_POINT ( 'NONE',  ( 0.06783829111767153419, 0.02239045193120827934, -0.06968503937007874960 ) );
#1043=ORIENTED_EDGE ( 'NONE', *, *, #6604, .F. );
#1044=ORIENTED_EDGE ( 'NONE', *, *, #9334, .T. );
#1045=ORIENTED_EDGE ( 'NONE', *, *, #1719, .T. );
#1046=EDGE_LOOP ( 'NONE', ( #5125, #2392, #7367, #10427 ) );
#1047=LINE ( 'NONE', #2985, #728 );
#1048=FACE_OUTER_BOUND ( 'NONE', #385, .T. );
#1049=CARTESIAN_POINT ( 'NONE',  ( 0.08267716535433070058, 0.06003937007874016185, -0.1515748031496063075 ) );
#1050=EDGE_CURVE ( 'NONE', #10067, #2328, #11304, .T. );
#1051=ORIENTED_EDGE ( 'NONE', *, *, #8813, .F. );
#1052=ORIENTED_EDGE ( 'NONE', *, *, #7152, .F. );
#1053=( BOUNDED_SURFACE ( )  B_SPLINE_SURFACE ( 3, 3, (( #41, #10805, #2828, #3856, #5585, #7454, #10064 ),( #10931, #1250, #6600, #2023, #5699, #9229, #9542 ),( #354, #1383, #2315, #6984, #8727, #11258, #4387 ),( #8611, #543, #8665, #10502, #1321, #5058, #1447 ) ),.UNSPECIFIED., .F., .F., .F. )B_SPLINE_SURFACE_WITH_KNOTS ( ( 4, 4 ),( 4, 3, 4 ),( 0.09485570754490023349, 0.9003357046148150467 ),( 0.000000000000000000, 0.5000000000000000000, 1.000000000000000000 ),.UNSPECIFIED. )GEOMETRIC_REPRESENTATION_ITEM ( )  RATIONAL_B_SPLINE_SURFACE ( (( 0.9830076668368727955, 0.7866755762571377986, 0.7866755762571377986, 0.9830076668368727955, 0.7866755762571377986, 0.7866755762571377986, 0.9830076668368727955),( 0.9399505490302206834, 0.7522180800389109967, 0.7522180800389109967, 0.9399505490302206834, 0.7522180800389109967, 0.7522180800389109967, 0.9399505490302206834),( 0.9396950302718689585, 0.7520135949944375398, 0.7520135949944375398, 0.9396950302718689585, 0.7520135949944375398, 0.7520135949944375398, 0.9396950302718689585),( 0.9822411105618180649, 0.7860621211237178718, 0.7860621211237178718, 0.9822411105618180649, 0.7860621211237178718, 0.7860621211237178718, 0.9822411105618180649) ) )REPRESENTATION_ITEM ( '' )  SURFACE ( )  );
#1054=EDGE_CURVE ( 'NONE', #7035, #7662, #2650, .T. );
#1055=CARTESIAN_POINT ( 'NONE',  ( -0.09251968503937008093, 4.268512490100409738E-18, -0.2185039370011614412 ) );
#1056=LINE ( 'NONE', #8851, #293 );
#1057=AXIS2_PLACEMENT_3D ( 'NONE', #1608, #16, #47 );
#1058=PLANE ( 'NONE',  #6169 );
#1059=PLANE ( 'NONE',  #8499 );
#1060=CARTESIAN_POINT ( 'NONE',  ( 0.09145704085996063382, -0.04255535538602362583, -0.05413271688976378088 ) );
#1061=ORIENTED_EDGE ( 'NONE', *, *, #7940, .T. );
#1062=CARTESIAN_POINT ( 'NONE',  ( -0.1771653543307086520, -0.1023622047244094474, -0.1830708661417322636 ) );
#1063=AXIS2_PLACEMENT_3D ( 'NONE', #3739, #16, #54 );
#1064=PLANE ( 'NONE',  #895 );
#1065=CARTESIAN_POINT ( 'NONE',  ( 0.1181102362204724532, -0.1023622047244094474, -0.5799606299212598515 ) );
#1066=ORIENTED_EDGE ( 'NONE', *, *, #7093, .T. );
#1067=LINE ( 'NONE', #6472, #58 );
#1068=DIRECTION ( 'NONE',  ( -0.4226072008227044763, -0.9062840668214200424, 0.007234917997189910070 ) );
#1069=EDGE_CURVE ( 'NONE', #8315, #5956, #928, .T. );
#1070=CYLINDRICAL_SURFACE ( 'NONE', #10026, 0.001968503937007879193 );
#1071=CARTESIAN_POINT ( 'NONE',  ( 0.09251968503937008093, -0.06889763779527559306, -0.02559055118110236185 ) );
#1072=VECTOR ( 'NONE', #52, 39.37007874015748143 );
#1073=CARTESIAN_POINT ( 'NONE',  ( 0.08970629198188229125, 0.09842519685039370636, -0.05905511811019684837 ) );
#1074=ADVANCED_FACE ( 'NONE', ( #10357 ), #9505, .F. );
#1075=EDGE_LOOP ( 'NONE', ( #11015, #2857, #8974, #2348, #5026, #11178, #8204, #3207, #7621, #5457, #8295, #6353, #3674, #6468 ) );
#1076=ORIENTED_EDGE ( 'NONE', *, *, #8593, .T. );
#1077=CARTESIAN_POINT ( 'NONE',  ( 0.04133858648223755899, 1.004970474764021751E-09, -0.4973959183783173144 ) );
#1078=ORIENTED_EDGE ( 'NONE', *, *, #2002, .F. );
#1079=LINE ( 'NONE', #2901, #11 );
#1080=AXIS2_PLACEMENT_3D ( 'NONE', #3743, #47, #7 );
#1081=ORIENTED_EDGE ( 'NONE', *, *, #8779, .F. );
#1082=CARTESIAN_POINT ( 'NONE',  ( 0.07677165354330708902, 0.09842519685039370636, -0.1141732283464566844 ) );
#1083=ADVANCED_FACE ( 'NONE', ( #2213 ), #312, .F. );
#1084=CARTESIAN_POINT ( 'NONE',  ( 0.08164653609232283560, 0.08192132258027558234, -0.4517924020303149546 ) );
#1085=CARTESIAN_POINT ( 'NONE',  ( -0.01181102362204724393, -0.09055118110236221041, -0.6377952755905511584 ) );
#1086=PLANE ( 'NONE',  #11237 );
#1087=EDGE_LOOP ( 'NONE', ( #8249, #124, #1066, #7896 ) );
#1088=CARTESIAN_POINT ( 'NONE',  ( 0.1023622047244094474, 0.04639612356147165828, -0.1203815869170291458 ) );
#1089=CARTESIAN_POINT ( 'NONE',  ( 0.05137688055470397003, 0.02381659075256097741, -0.07647366962754102715 ) );
#1090=AXIS2_PLACEMENT_3D ( 'NONE', #4163, #16, #54 );
#1091=CIRCLE ( 'NONE', #884, 0.01181102362204724046 );
#1092=CARTESIAN_POINT ( 'NONE',  ( 0.1033464566929133965, 0.000000000000000000, -0.02362204724409448786 ) );
#1093=CARTESIAN_POINT ( 'NONE',  ( -0.05137688055470463616, 0.02381659075256119945, -0.1912428658055282948 ) );
#1094=EDGE_LOOP ( 'NONE', ( #1212, #1104, #3073, #8978 ) );
#1095=EDGE_CURVE ( 'NONE', #1435, #1377, #10930, .T. );
#1096=LINE ( 'NONE', #11694, #188 );
#1097=ORIENTED_EDGE ( 'NONE', *, *, #10473, .T. );
#1098=ORIENTED_EDGE ( 'NONE', *, *, #6358, .F. );
#1099=CARTESIAN_POINT ( 'NONE',  ( 0.04232283464566929249, -0.01574803149606299538, -0.4999999999999999445 ) );
#1100=CIRCLE ( 'NONE', #1002, 0.01814870956159896423 );
#1101=CARTESIAN_POINT ( 'NONE',  ( 0.08971027450543307691, 0.09943089157212597895, -0.05592045208070866441 ) );
#1102=CARTESIAN_POINT ( 'NONE',  ( -0.05737923281617786364, 0.04481997484079040805, -0.1897820826259386529 ) );
#1103=ORIENTED_EDGE ( 'NONE', *, *, #244, .T. );
#1104=ORIENTED_EDGE ( 'NONE', *, *, #11337, .T. );
#1105=CARTESIAN_POINT ( 'NONE',  ( -0.09143222751043306173, -0.04230977573673228714, -0.2136070146350787513 ) );
#1106=CARTESIAN_POINT ( 'NONE',  ( 0.08267716535433070058, -0.03405357236597244402, -0.5196850393700787052 ) );
#1107=CARTESIAN_POINT ( 'NONE',  ( 0.04110735765043307260, 0.03947603669503937235, -0.3608871932433464491 ) );
#1108=ORIENTED_EDGE ( 'NONE', *, *, #4495, .F. );
#1109=EDGE_CURVE ( 'NONE', #3570, #3326, #2094, .T. );
#1110=VERTEX_POINT ( 'NONE', #7932 );
#1111=ORIENTED_EDGE ( 'NONE', *, *, #429, .F. );
#1112=ORIENTED_EDGE ( 'NONE', *, *, #9113, .F. );
#1113=CARTESIAN_POINT ( 'NONE',  ( 0.08070866141732284393, -0.1023622047244094474, -0.5792913385826771178 ) );
#1114=EDGE_CURVE ( 'NONE', #1776, #9530, #3553, .T. );
#1115=EDGE_CURVE ( 'NONE', #1547, #10052, #11283, .T. );
#1116=CYLINDRICAL_SURFACE ( 'NONE', #3053, 0.01181102362204724046 );
#1117=ORIENTED_EDGE ( 'NONE', *, *, #1997, .F. );
#1118=VERTEX_POINT ( 'NONE', #2456 );
#1119=CARTESIAN_POINT ( 'NONE',  ( 0.08267716535433070058, 0.08192132258027558234, -0.4517924020303149546 ) );
#1120=VECTOR ( 'NONE', #3018, 39.37007874015748854 );
#1121=LINE ( 'NONE', #5918, #11 );
#1122=CARTESIAN_POINT ( 'NONE',  ( 0.1023622047244094474, -0.07874015748031495954, -0.1141732283464566844 ) );
#1123=LINE ( 'NONE', #2071, #33 );
#1124=B_SPLINE_CURVE_WITH_KNOTS ( 'NONE', 3,( #9224, #3325, #8697, #515, #7832, #1284, #447, #3420 ),.UNSPECIFIED., .F., .F.,( 4, 2, 2, 4 ),( 1.840590861400173517E-16, 0.0001246474050164202781, 0.0002492948100326564586, 0.0004985896200651289282 ),.UNSPECIFIED. );
#1125=CARTESIAN_POINT ( 'NONE',  ( 0.1033700151990157440, -0.04217768244007874534, -0.05413945432259843066 ) );
#1126=ADVANCED_FACE ( 'NONE', ( #753 ), #6237, .F. );
#1127=AXIS2_PLACEMENT_3D ( 'NONE', #8497, #218, #73 );
#1128=EDGE_CURVE ( 'NONE', #5486, #774, #8849, .T. );
#1129=VERTEX_POINT ( 'NONE', #7056 );
#1130=CIRCLE ( 'NONE', #3109, 0.01181102362204730985 );
#1131=CARTESIAN_POINT ( 'NONE',  ( 0.09448818897637795144, -0.04724409448818897572, -0.2185039370078740439 ) );
#1132=FACE_OUTER_BOUND ( 'NONE', #7348, .T. );
#1133=CARTESIAN_POINT ( 'NONE',  ( 0.09055118110204724013, 0.09842552344169290535, -0.08469837794503937145 ) );
#1134=VERTEX_POINT ( 'NONE', #8958 );
#1135=CARTESIAN_POINT ( 'NONE',  ( 0.09448818897637795144, -0.03326694366329921437, -0.5255905511811024278 ) );
#1136=CARTESIAN_POINT ( 'NONE',  ( 0.06869436735340846145, 0.03369183436979941715, -0.4082432956205905294 ) );
#1137=CARTESIAN_POINT ( 'NONE',  ( -0.09950226528397639048, 0.08676714344019685610, -0.2184685620611023504 ) );
#1138=ORIENTED_EDGE ( 'NONE', *, *, #4337, .T. );
#1139=CARTESIAN_POINT ( 'NONE',  ( -0.0009842519685039369942, 0.06102362204724409711, -0.4251968503937008093 ) );
#1140=AXIS2_PLACEMENT_3D ( 'NONE', #383, #2876, #7 );
#1141=AXIS2_PLACEMENT_3D ( 'NONE', #2473, #16, #47 );
#1142=CARTESIAN_POINT ( 'NONE',  ( -0.09547244094488190058, -0.04724409448818897572, -0.4133858267716535861 ) );
#1143=AXIS2_PLACEMENT_3D ( 'NONE', #62, #47, #7 );
#1144=ORIENTED_EDGE ( 'NONE', *, *, #404, .T. );
#1145=CARTESIAN_POINT ( 'NONE',  ( 0.04429133858268109736, 0.07874015748031495954, -0.4685039370078740717 ) );
#1146=ORIENTED_EDGE ( 'NONE', *, *, #10578, .T. );
#1147=LINE ( 'NONE', #308, #58 );
#1148=ORIENTED_EDGE ( 'NONE', *, *, #11341, .F. );
#1149=CARTESIAN_POINT ( 'NONE',  ( 0.09251968503937008093, 0.09009842519224409152, -0.1282283464566929265 ) );
#1150=VERTEX_POINT ( 'NONE', #3493 );
#1151=LINE ( 'NONE', #3136, #293 );
#1152=FACE_OUTER_BOUND ( 'NONE', #1245, .T. );
#1153=DIRECTION ( 'NONE',  ( 0.9063077870374741662, 0.4226182617389321328, 0.000000000000000000 ) );
#1154=CARTESIAN_POINT ( 'NONE',  ( -0.04724409448818897572, -0.09055118110236221041, -0.6377952755905511584 ) );
#1155=LINE ( 'NONE', #7589, #33 );
#1156=ORIENTED_EDGE ( 'NONE', *, *, #1733, .F. );
#1157=DIRECTION ( 'NONE',  ( 0.006115056885925844628, -0.01311378181130789557, 0.9998953119231468456 ) );
#1158=CARTESIAN_POINT ( 'NONE',  ( 0.06759992633724409838, 0.03263598452692913210, -0.4224340897027558661 ) );
#1159=EDGE_CURVE ( 'NONE', #9092, #7791, #1790, .T. );
#1160=AXIS2_PLACEMENT_3D ( 'NONE', #2114, #47, #7 );
#1161=CARTESIAN_POINT ( 'NONE',  ( 0.05118110236220472370, -0.06988188976377952832, -0.4370078740157480879 ) );
#1162=ADVANCED_FACE ( 'NONE', ( #2396 ), #10574, .F. );
#1163=CARTESIAN_POINT ( 'NONE',  ( 0.06651382645965767115, 0.03793407682592586649, -0.04921259842519685318 ) );
#1164=ORIENTED_EDGE ( 'NONE', *, *, #1705, .T. );
#1165=DIRECTION ( 'NONE',  ( 0.4226182617403198560, -0.9063077870368270172, 0.000000000000000000 ) );
#1166=EDGE_LOOP ( 'NONE', ( #3106, #7521, #6715, #3848 ) );
#1167=CARTESIAN_POINT ( 'NONE',  ( -0.1033464566929133965, -0.08956692913385827515, -0.1948818897637795422 ) );
#1168=VERTEX_POINT ( 'NONE', #3318 );
#1169=DIRECTION ( 'NONE',  ( -0.9063077870454102625, 0.4226182617219130799, -3.999880195083135275E-12 ) );
#1170=CIRCLE ( 'NONE', #5825, 0.004921259842519680634 );
#1171=DIRECTION ( 'NONE',  ( 0.4226182617404002917, -0.9063077870367894917, 0.000000000000000000 ) );
#1172=ORIENTED_EDGE ( 'NONE', *, *, #1622, .T. );
#1173=ORIENTED_EDGE ( 'NONE', *, *, #2205, .F. );
#1174=CARTESIAN_POINT ( 'NONE',  ( 0.1023055986520527566, -0.04181531542581165550, -0.08562992316151338268 ) );
#1175=ADVANCED_FACE ( 'NONE', ( #6953 ), #624, .T. );
#1176=LINE ( 'NONE', #10959, #4783 );
#1177=EDGE_CURVE ( 'NONE', #7239, #4753, #5249, .T. );
#1178=CARTESIAN_POINT ( 'NONE',  ( 0.03647272250562205026, 0.03843853650665354782, -0.3747327622216929388 ) );
#1179=EDGE_LOOP ( 'NONE', ( #5775, #3925 ) );
#1180=ORIENTED_EDGE ( 'NONE', *, *, #4437, .T. );
#1181=ORIENTED_EDGE ( 'NONE', *, *, #10524, .F. );
#1182=ORIENTED_EDGE ( 'NONE', *, *, #4799, .F. );
#1183=LINE ( 'NONE', #5805, #293 );
#1184=LINE ( 'NONE', #9155, #293 );
#1185=CARTESIAN_POINT ( 'NONE',  ( -0.06029723278932385550, 0.02797621931298618914, -0.1980314960629920573 ) );
#1186=ORIENTED_EDGE ( 'NONE', *, *, #5863, .T. );
#1187=VERTEX_POINT ( 'NONE', #688 );
#1188=CARTESIAN_POINT ( 'NONE',  ( -0.09547244094488190058, 0.07984251968503937313, -0.4103543307086614522 ) );
#1189=CARTESIAN_POINT ( 'NONE',  ( -0.1023622047244094474, 0.03307086614173972844, -0.1437007874015747977 ) );
#1190=EDGE_CURVE ( 'NONE', #8422, #6012, #9658, .T. );
#1191=CARTESIAN_POINT ( 'NONE',  ( 0.03248031496062991907, -0.07677165354330708902, -0.5826771653543307838 ) );
#1192=B_SPLINE_CURVE_WITH_KNOTS ( 'NONE', 3,( #656, #3513, #7126, #4597, #1849, #9915, #7347 ),.UNSPECIFIED., .F., .F.,( 4, 3, 4 ),( 1.517883041479705052E-18, 9.496474617610751605E-06, 1.917307050779904951E-05 ),.UNSPECIFIED. );
#1193=CARTESIAN_POINT ( 'NONE',  ( 0.08661417322834646937, 0.09842519685039370636, -0.1141732283464566844 ) );
#1194=FACE_OUTER_BOUND ( 'NONE', #1644, .T. );
#1195=EDGE_CURVE ( 'NONE', #4317, #4872, #11501, .T. );
#1196=ADVANCED_FACE ( 'NONE', ( #2521 ), #7002, .F. );
#1197=CARTESIAN_POINT ( 'NONE',  ( 0.09448818897637795144, -0.08464566929133858497, -0.4350393700787402174 ) );
#1198=ORIENTED_EDGE ( 'NONE', *, *, #227, .T. );
#1199=FACE_OUTER_BOUND ( 'NONE', #1166, .T. );
#1200=CARTESIAN_POINT ( 'NONE',  ( 0.03661500257195453301, -0.03856219056904980347, -0.3728712768025437274 ) );
#1201=EDGE_LOOP ( 'NONE', ( #10049, #3839, #10141, #4789, #4390, #6182, #5609 ) );
#1202=FACE_OUTER_BOUND ( 'NONE', #3468, .T. );
#1203=DIRECTION ( 'NONE',  ( 0.000000000000000000, 0.3846153846114886421, 0.9230769230785463852 ) );
#1204=ORIENTED_EDGE ( 'NONE', *, *, #1743, .F. );
#1205=EDGE_CURVE ( 'NONE', #2044, #9445, #5189, .T. );
#1206=CYLINDRICAL_SURFACE ( 'NONE', #5453, 0.009842519685039369942 );
#1207=ADVANCED_FACE ( 'NONE', ( #4293 ), #3961, .F. );
#1208=ORIENTED_EDGE ( 'NONE', *, *, #4184, .T. );
#1209=ORIENTED_EDGE ( 'NONE', *, *, #2217, .F. );
#1210=ORIENTED_EDGE ( 'NONE', *, *, #4809, .F. );
#1211=VECTOR ( 'NONE', #7642, 39.37007874015748143 );
#1212=ORIENTED_EDGE ( 'NONE', *, *, #9534, .F. );
#1213=CARTESIAN_POINT ( 'NONE',  ( -0.08366141732283464971, 0.08661417322834646937, -0.1417322834645669272 ) );
#1214=LINE ( 'NONE', #8515, #11 );
#1215=CARTESIAN_POINT ( 'NONE',  ( -0.06783829111767152031, 0.02239045193120828281, -0.1980314960629921128 ) );
#1216=CARTESIAN_POINT ( 'NONE',  ( 0.06465419470978346628, -0.03937007874015747977, -0.3287401574803149873 ) );
#1217=ADVANCED_FACE ( 'NONE', ( #6596 ), #1070, .F. );
#1218=EDGE_CURVE ( 'NONE', #3478, #5299, #10011, .T. );
#1219=CARTESIAN_POINT ( 'NONE',  ( 0.07967803215531496508, 0.07381889763779526936, -0.1446062992125984326 ) );
#1220=AXIS2_PLACEMENT_3D ( 'NONE', #5147, #16, #7 );
#1221=CARTESIAN_POINT ( 'NONE',  ( 0.04554088060841840480, 0.05750410180815278272, -0.08618386624418644670 ) );
#1222=VERTEX_POINT ( 'NONE', #9224 );
#1223=PLANE ( 'NONE',  #5388 );
#1224=EDGE_LOOP ( 'NONE', ( #10047, #894, #9677, #9590 ) );
#1225=ORIENTED_EDGE ( 'NONE', *, *, #1483, .T. );
#1226=ORIENTED_EDGE ( 'NONE', *, *, #10224, .F. );
#1227=ADVANCED_FACE ( 'NONE', ( #10802 ), #10388, .F. );
#1228=CARTESIAN_POINT ( 'NONE',  ( -0.1023622047244094474, -0.0004921259865157369883, -0.1417322834645669272 ) );
#1229=CARTESIAN_POINT ( 'NONE',  ( -0.06175491430024016015, 0.02865594736469337031, -0.1916469246505914381 ) );
#1230=VERTEX_POINT ( 'NONE', #10864 );
#1231=VERTEX_POINT ( 'NONE', #7389 );
#1232=EDGE_CURVE ( 'NONE', #1911, #10235, #1476, .T. );
#1233=AXIS2_PLACEMENT_3D ( 'NONE', #5292, #16, #47 );
#1234=AXIS2_PLACEMENT_3D ( 'NONE', #3940, #2098, #1157 );
#1235=CARTESIAN_POINT ( 'NONE',  ( 0.03852354055395669497, 0.03878700199875197152, -0.3690174130391338236 ) );
#1236=ORIENTED_EDGE ( 'NONE', *, *, #9270, .T. );
#1237=ORIENTED_EDGE ( 'NONE', *, *, #9874, .F. );
#1238=VERTEX_POINT ( 'NONE', #1893 );
#1239=VERTEX_POINT ( 'NONE', #877 );
#1240=AXIS2_PLACEMENT_3D ( 'NONE', #10965, #73, #16 );
#1241=PLANE ( 'NONE',  #6464 );
#1242=CYLINDRICAL_SURFACE ( 'NONE', #3582, 0.01771653543307089712 );
#1243=CARTESIAN_POINT ( 'NONE',  ( 0.08070866141732284393, 0.06102362204724409711, -0.5708661417322835607 ) );
#1244=ORIENTED_EDGE ( 'NONE', *, *, #7257, .T. );
#1245=EDGE_LOOP ( 'NONE', ( #620, #9266, #4738, #1164, #3929, #9773, #7925, #10134, #8510, #3331, #9340, #5097, #2497 ) );
#1246=EDGE_CURVE ( 'NONE', #11092, #8899, #2020, .T. );
#1247=CARTESIAN_POINT ( 'NONE',  ( 0.05019685039370080232, 0.02381462079597757367, -0.5306868013806003148 ) );
#1248=CARTESIAN_POINT ( 'NONE',  ( 0.05948629167710113574, 0.02759807126200334443, -0.05318621249589707001 ) );
#1249=CARTESIAN_POINT ( 'NONE',  ( -0.08956692913385827515, -0.04724409448818897572, -0.4133858267716535861 ) );
#1250=CARTESIAN_POINT ( 'NONE',  ( 0.03837352134335943882, -0.02008816673196070837, -0.5076230218999859822 ) );
#1251=ORIENTED_EDGE ( 'NONE', *, *, #6841, .T. );
#1252=ORIENTED_EDGE ( 'NONE', *, *, #2685, .F. );
#1253=EDGE_CURVE ( 'NONE', #8502, #2467, #6536, .T. );
#1254=DIRECTION ( 'NONE',  ( 0.000000000000000000, -0.000000000000000000, 1.000000000000000000 ) );
#1255=ORIENTED_EDGE ( 'NONE', *, *, #4807, .T. );
#1256=AXIS2_PLACEMENT_3D ( 'NONE', #2344, #98, #54 );
#1257=CARTESIAN_POINT ( 'NONE',  ( 0.03838593298825258848, 0.01555085037202740689, -0.5104645765239936850 ) );
#1258=VECTOR ( 'NONE', #5895, 39.37007874015748143 );
#1259=CARTESIAN_POINT ( 'NONE',  ( 0.07475677231279527490, 0.08661417322834646937, -0.09837881955688976277 ) );
#1260=CARTESIAN_POINT ( 'NONE',  ( -0.09345729474027558714, 0.09060993903059055832, -0.2166564885863779821 ) );
#1261=ORIENTED_EDGE ( 'NONE', *, *, #5279, .T. );
#1262=CARTESIAN_POINT ( 'NONE',  ( 0.08267716535433070058, -0.08464566929133858497, -0.3612204724409449064 ) );
#1263=VECTOR ( 'NONE', #8370, 39.37007874015748143 );
#1264=EDGE_LOOP ( 'NONE', ( #2663, #10542, #10752, #9921 ) );
#1265=CARTESIAN_POINT ( 'NONE',  ( -0.08956692913385827515, -0.03543307086614173179, -0.5039370078740157410 ) );
#1266=ORIENTED_EDGE ( 'NONE', *, *, #11457, .F. );
#1267=EDGE_CURVE ( 'NONE', #3896, #4865, #5581, .T. );
#1268=CARTESIAN_POINT ( 'NONE',  ( -0.1072834645669291376, -0.08759842519685039075, -0.1929133858267716439 ) );
#1269=EDGE_LOOP ( 'NONE', ( #5263, #6386, #8926, #5976, #1252, #6742, #8815, #5915, #10795, #698, #5837, #5092 ) );
#1270=CIRCLE ( 'NONE', #7217, 0.009842519684566923208 );
#1271=EDGE_LOOP ( 'NONE', ( #8659, #9865, #2451, #5933 ) );
#1272=CARTESIAN_POINT ( 'NONE',  ( -0.09360294740065236430, -0.02015873050262677671, -0.1820866141732283561 ) );
#1273=CARTESIAN_POINT ( 'NONE',  ( 0.09645669291338582196, -0.07381889763779526936, -0.4311023622047244208 ) );
#1274=EDGE_CURVE ( 'NONE', #4413, #7640, #2948, .T. );
#1275=CARTESIAN_POINT ( 'NONE',  ( 0.03602953783016535350, -0.06102362204724409711, -0.3897637795275590844 ) );
#1276=EDGE_CURVE ( 'NONE', #7875, #5260, #9342, .T. );
#1277=CIRCLE ( 'NONE', #1063, 0.009842519685039378616 );
#1278=DIRECTION ( 'NONE',  ( 1.000000000000000000, 0.000000000000000000, -0.000000000000000000 ) );
#1279=LINE ( 'NONE', #547, #293 );
#1280=DIRECTION ( 'NONE',  ( 9.035018104045848508E-17, 1.000000000000000000, 0.000000000000000000 ) );
#1281=FACE_OUTER_BOUND ( 'NONE', #8042, .T. );
#1282=B_SPLINE_CURVE_WITH_KNOTS ( 'NONE', 3,( #5751, #7227, #3500, #5256, #4357, #7942, #6364, #2716, #11399, #606 ),.UNSPECIFIED., .F., .F.,( 4, 2, 2, 2, 4 ),( 0.000000000000000000, 0.2500000000000000000, 0.5000000000000000000, 0.7500000000000000000, 1.000000000000000000 ),.UNSPECIFIED. );
#1283=EDGE_LOOP ( 'NONE', ( #6549, #9428, #8666, #8449, #1583 ) );
#1284=CARTESIAN_POINT ( 'NONE',  ( -0.1008755064929226231, 0.09316851878891299621, -0.1778021434841492165 ) );
#1285=ORIENTED_EDGE ( 'NONE', *, *, #4621, .F. );
#1286=EDGE_CURVE ( 'NONE', #8375, #10734, #7485, .T. );
#1287=DIRECTION ( 'NONE',  ( 0.000000000000000000, -5.782411586589351722E-16, -1.000000000000000000 ) );
#1288=EDGE_CURVE ( 'NONE', #1231, #1110, #3123, .T. );
#1289=EDGE_LOOP ( 'NONE', ( #3427, #2476, #8032, #11732, #9217, #6752, #3510 ) );
#1290=ORIENTED_EDGE ( 'NONE', *, *, #9268, .T. );
#1291=LINE ( 'NONE', #1228, #311 );
#1292=LINE ( 'NONE', #139, #293 );
#1293=ORIENTED_EDGE ( 'NONE', *, *, #6282, .F. );
#1294=ORIENTED_EDGE ( 'NONE', *, *, #4127, .F. );
#1295=VECTOR ( 'NONE', #8860, 39.37007874015748143 );
#1296=CARTESIAN_POINT ( 'NONE',  ( 0.1023622047242021688, -0.04330695770585614446, -0.08572936555252165525 ) );
#1297=ADVANCED_FACE ( 'NONE', ( #3182 ), #11095, .F. );
#1298=CARTESIAN_POINT ( 'NONE',  ( 0.05019685039370079538, -0.05511811023622047168, -0.4625984251968504046 ) );
#1299=ORIENTED_EDGE ( 'NONE', *, *, #11134, .F. );
#1300=ORIENTED_EDGE ( 'NONE', *, *, #7138, .F. );
#1301=PRODUCT_DEFINITION ( 'UNKNOWN', '', #1758, #11144 );
#1302=ORIENTED_EDGE ( 'NONE', *, *, #546, .T. );
#1303=AXIS2_PLACEMENT_3D ( 'NONE', #8097, #47, #7 );
#1304=ORIENTED_EDGE ( 'NONE', *, *, #3330, .F. );
#1305=CIRCLE ( 'NONE', #5068, 0.01814870956159885321 );
#1306=CARTESIAN_POINT ( 'NONE',  ( 0.01302900895973176099, 0.09441465107031743464, 0.09842519685039370636 ) );
#1307=FACE_OUTER_BOUND ( 'NONE', #8728, .T. );
#1308=DIRECTION ( 'NONE',  ( 0.4226182617406814002, 0.9063077870366582633, -1.295996697455018253E-31 ) );
#1309=CARTESIAN_POINT ( 'NONE',  ( 0.09055118110215448768, 0.09842519685039372024, -0.05506540158247385380 ) );
#1310=ORIENTED_EDGE ( 'NONE', *, *, #6668, .T. );
#1311=ORIENTED_EDGE ( 'NONE', *, *, #10667, .F. );
#1312=DIRECTION ( 'NONE',  ( 0.000000000000000000, 0.2425356250367085575, 0.9701425001452380625 ) );
#1313=LINE ( 'NONE', #5108, #311 );
#1314=ADVANCED_FACE ( 'NONE', ( #10240 ), #2079, .F. );
#1315=DIRECTION ( 'NONE',  ( 0.000000000000000000, -0.1046847845178800196, -0.9945054529214231165 ) );
#1316=CIRCLE ( 'NONE', #463, 0.07086614173228346358 );
#1317=VECTOR ( 'NONE', #328, 39.37007874015748854 );
#1318=LINE ( 'NONE', #7912, #58 );
#1319=CARTESIAN_POINT ( 'NONE',  ( 0.04841944222117527952, 0.07673760904650886450, -0.05905511810640749065 ) );
#1320=ADVANCED_FACE ( 'NONE', ( #299 ), #2791, .F. );
#1321=CARTESIAN_POINT ( 'NONE',  ( 0.04133858904645246884, -0.01835211020963286796, -0.4984516687414673464 ) );
#1322=VERTEX_POINT ( 'NONE', #7811 );
#1323=ADVANCED_FACE ( 'NONE', ( #5120 ), #3308, .T. );
#1324=ORIENTED_EDGE ( 'NONE', *, *, #3736, .T. );
#1325=CARTESIAN_POINT ( 'NONE',  ( 0.05981896120110040405, -0.03303514889142816074, -0.4182877689408939226 ) );
#1326=FACE_OUTER_BOUND ( 'NONE', #4288, .T. );
#1327=CARTESIAN_POINT ( 'NONE',  ( 0.05019685039370079538, -0.01574803149606299191, -0.5000000000000000000 ) );
#1328=CARTESIAN_POINT ( 'NONE',  ( -0.09284284329744095510, 0.09522648427681101868, -0.2148741913124409542 ) );
#1329=DIRECTION ( 'NONE',  ( 0.9063077870366642586, 0.4226182617406686326, 0.000000000000000000 ) );
#1330=ADVANCED_FACE ( 'NONE', ( #10755 ), #10813, .T. );
#1331=AXIS2_PLACEMENT_3D ( 'NONE', #11109, #73, #54 );
#1332=EDGE_CURVE ( 'NONE', #4772, #11701, #8167, .T. );
#1333=ORIENTED_EDGE ( 'NONE', *, *, #2771, .T. );
#1334=CARTESIAN_POINT ( 'NONE',  ( 0.1023622037497791126, -0.04305894439966864023, -0.05406773474650106159 ) );
#1335=ORIENTED_EDGE ( 'NONE', *, *, #2850, .T. );
#1336=CARTESIAN_POINT ( 'NONE',  ( -0.09645669291338582196, 0.07874015748031495954, -0.5511811023622047445 ) );
#1337=ORIENTED_EDGE ( 'NONE', *, *, #6737, .F. );
#1338=ORIENTED_EDGE ( 'NONE', *, *, #8158, .T. );
#1339=LINE ( 'NONE', #6778, #188 );
#1340=CIRCLE ( 'NONE', #931, 0.02362204724409448092 );
#1341=VECTOR ( 'NONE', #6982, 39.37007874015748854 );
#1342=LINE ( 'NONE', #2336, #11 );
#1343=CARTESIAN_POINT ( 'NONE',  ( 0.08970629198188975750, 0.08858267716535432601, -0.06988188976377952832 ) );
#1344=AXIS2_PLACEMENT_3D ( 'NONE', #3263, #245, #8460 );
#1345=LINE ( 'NONE', #5134, #293 );
#1346=LINE ( 'NONE', #11395, #31 );
#1347=ADVANCED_FACE ( 'NONE', ( #5652 ), #766, .T. );
#1348=CARTESIAN_POINT ( 'NONE',  ( 0.09744094488188977110, 0.06692913385826770867, -0.1240157480314960647 ) );
#1349=CARTESIAN_POINT ( 'NONE',  ( 0.04350417893564895860, 0.04834354858966095903, -0.08246309954678070209 ) );
#1350=VERTEX_POINT ( 'NONE', #7287 );
#1351=EDGE_CURVE ( 'NONE', #1919, #6258, #3327, .T. );
#1352=EDGE_CURVE ( 'NONE', #2452, #484, #9126, .T. );
#1353=FACE_OUTER_BOUND ( 'NONE', #155, .T. );
#1354=ORIENTED_EDGE ( 'NONE', *, *, #3922, .F. );
#1355=CARTESIAN_POINT ( 'NONE',  ( -0.1023622047244094474, -0.07874015748031495954, -0.2175196850393701087 ) );
#1356=ORIENTED_EDGE ( 'NONE', *, *, #223, .T. );
#1357=ORIENTED_EDGE ( 'NONE', *, *, #3666, .T. );
#1358=CYLINDRICAL_SURFACE ( 'NONE', #1709, 0.02952755905511813758 );
#1359=CARTESIAN_POINT ( 'NONE',  ( 0.09159751758894665863, -0.03914745805373177207, -0.06988188976377952832 ) );
#1360=EDGE_LOOP ( 'NONE', ( #6547, #9500, #4831, #2027 ) );
#1361=ORIENTED_EDGE ( 'NONE', *, *, #6235, .F. );
#1362=CARTESIAN_POINT ( 'NONE',  ( -0.09147942085137795998, -0.04282807686417322568, -0.2135774819288582815 ) );
#1363=CARTESIAN_POINT ( 'NONE',  ( -0.1010440663463385846, 0.09227782553767717444, -0.1777815895434251836 ) );
#1364=EDGE_CURVE ( 'NONE', #4740, #2326, #2782, .T. );
#1365=EDGE_CURVE ( 'NONE', #6694, #1627, #8053, .T. );
#1366=DIRECTION ( 'NONE',  ( 0.4226182617399980579, -0.9063077870369770084, 0.000000000000000000 ) );
#1367=CARTESIAN_POINT ( 'NONE',  ( 0.08858267716535432601, 0.06003937007874016185, -0.5708661417322835607 ) );
#1368=ORIENTED_EDGE ( 'NONE', *, *, #746, .T. );
#1369=ORIENTED_EDGE ( 'NONE', *, *, #11613, .T. );
#1370=ORIENTED_EDGE ( 'NONE', *, *, #4044, .T. );
#1371=VERTEX_POINT ( 'NONE', #7235 );
#1372=PLANE ( 'NONE',  #4559 );
#1373=CARTESIAN_POINT ( 'NONE',  ( 0.02354831935465581672, -0.1299209946236698221, -0.4143005609527836142 ) );
#1374=LINE ( 'NONE', #3497, #11 );
#1375=FACE_OUTER_BOUND ( 'NONE', #3759, .T. );
#1376=EDGE_LOOP ( 'NONE', ( #6634, #11715, #8060, #3918 ) );
#1377=VERTEX_POINT ( 'NONE', #10875 );
#1378=CYLINDRICAL_SURFACE ( 'NONE', #3508, 0.09842519685039370636 );
#1379=EDGE_CURVE ( 'NONE', #3778, #9853, #8290, .T. );
#1380=EDGE_CURVE ( 'NONE', #11701, #3402, #1839, .T. );
#1381=CARTESIAN_POINT ( 'NONE',  ( 0.05711487879273410145, 0.01151141382123015318, -0.06289640911264639256 ) );
#1382=FACE_BOUND ( 'NONE', #8997, .T. );
#1383=CARTESIAN_POINT ( 'NONE',  ( 0.03940229860904628789, -0.01851081501087539424, -0.5048525582945316836 ) );
#1384=ORIENTED_EDGE ( 'NONE', *, *, #333, .T. );
#1385=ORIENTED_EDGE ( 'NONE', *, *, #8229, .T. );
#1386=LINE ( 'NONE', #9546, #11555 );
#1387=CARTESIAN_POINT ( 'NONE',  ( 0.09557663361615610642, 0.09748764669183682119, -0.08787442451214351469 ) );
#1388=CARTESIAN_POINT ( 'NONE',  ( 0.03940229860897263153, 0.01565757601756240930, -0.4952012303643814617 ) );
#1389=FACE_OUTER_BOUND ( 'NONE', #11242, .T. );
#1390=CARTESIAN_POINT ( 'NONE',  ( -0.09048987457007874602, 0.08755005120905512417, -0.2117960890473228608 ) );
#1391=FACE_OUTER_BOUND ( 'NONE', #1786, .T. );
#1392=EDGE_CURVE ( 'NONE', #417, #2288, #6432, .T. );
#1393=( BOUNDED_SURFACE ( )  B_SPLINE_SURFACE ( 3, 3, (( #11749, #9138, #902, #2042 ),( #3814, #5543, #10889, #3877 ),( #4662, #5721, #2913, #9192 ),( #2968, #3760, #1982, #9248 ) ),.UNSPECIFIED., .F., .F., .F. )B_SPLINE_SURFACE_WITH_KNOTS ( ( 4, 4 ),( 4, 4 ),( 0.2322849464485688686, 0.7711018094323328631 ),( 0.000000000000000000, 1.000000000000000000 ),.UNSPECIFIED. )GEOMETRIC_REPRESENTATION_ITEM ( )  RATIONAL_B_SPLINE_SURFACE ( (( 0.9964572754818523670, 0.6816819536216520703, 0.6816819536216520703, 0.9964572754818523670),( 0.9945468109777380050, 0.6803749942491493785, 0.6803749942491493785, 0.9945468109777380050),( 0.9945588952382394821, 0.6803832611588397361, 0.6803832611588397361, 0.9945588952382394821),( 0.9964935282633569091, 0.6817067543507232541, 0.6817067543507232541, 0.9964935282633569091) ) )REPRESENTATION_ITEM ( '' )  SURFACE ( )  );
#1394=CARTESIAN_POINT ( 'NONE',  ( 0.08267716535433070058, -0.05511811023622047168, -0.2185039370078740439 ) );
#1395=VERTEX_POINT ( 'NONE', #5534 );
#1396=VERTEX_POINT ( 'NONE', #5127 );
#1397=FACE_OUTER_BOUND ( 'NONE', #7831, .T. );
#1398=ORIENTED_EDGE ( 'NONE', *, *, #6585, .F. );
#1399=EDGE_CURVE ( 'NONE', #5471, #7501, #7402, .T. );
#1400=CARTESIAN_POINT ( 'NONE',  ( -0.09954881166653543889, 0.08858267716535432601, -0.2086614173229134062 ) );
#1401=ORIENTED_EDGE ( 'NONE', *, *, #10418, .T. );
#1402=ORIENTED_EDGE ( 'NONE', *, *, #9918, .F. );
#1403=FACE_OUTER_BOUND ( 'NONE', #8041, .T. );
#1404=CARTESIAN_POINT ( 'NONE',  ( 0.05019685039370079538, -0.01574808821591732258, -0.4895836562555118121 ) );
#1405=DIRECTION ( 'NONE',  ( 0.4226182617389777074, 0.9063077870374528500, 0.000000000000000000 ) );
#1406=FACE_OUTER_BOUND ( 'NONE', #8716, .T. );
#1407=CARTESIAN_POINT ( 'NONE',  ( 0.1373031496062992185, -0.09251968503937008093, -0.07480314960629921850 ) );
#1408=CARTESIAN_POINT ( 'NONE',  ( -0.1181102362204724532, 0.09842519685039370636, -0.1515748031496063075 ) );
#1409=EDGE_CURVE ( 'NONE', #11551, #10585, #9023, .T. );
#1410=DIRECTION ( 'NONE',  ( 1.671814187836139582E-31, -1.000000000000000000, 2.891205793294675368E-16 ) );
#1411=LINE ( 'NONE', #11172, #293 );
#1412=CARTESIAN_POINT ( 'NONE',  ( 0.09153543307086613179, -0.09842519685039370636, -0.06988188976377952832 ) );
#1413=VECTOR ( 'NONE', #987, 39.37007874015748143 );
#1414=ORIENTED_EDGE ( 'NONE', *, *, #1929, .T. );
#1415=CARTESIAN_POINT ( 'NONE',  ( -0.1181102362204724532, 0.09842519685039370636, -0.03740157480314960925 ) );
#1416=ORIENTED_EDGE ( 'NONE', *, *, #3618, .T. );
#1417=CARTESIAN_POINT ( 'NONE',  ( 0.08267716535433070058, 0.07185039370078739884, -0.1633858267716535584 ) );
#1418=ORIENTED_EDGE ( 'NONE', *, *, #996, .T. );
#1419=LINE ( 'NONE', #5366, #293 );
#1420=ORIENTED_EDGE ( 'NONE', *, *, #5941, .T. );
#1421=EDGE_CURVE ( 'NONE', #7583, #9447, #9906, .T. );
#1422=FACE_OUTER_BOUND ( 'NONE', #10579, .T. );
#1423=VERTEX_POINT ( 'NONE', #9963 );
#1424=ORIENTED_EDGE ( 'NONE', *, *, #7022, .T. );
#1425=CARTESIAN_POINT ( 'NONE',  ( 0.09159751758894627005, -0.03914745805373527621, -0.08562992125984252023 ) );
#1426=AXIS2_PLACEMENT_3D ( 'NONE', #1033, #47, #7 );
#1427=CARTESIAN_POINT ( 'NONE',  ( -0.09415069659885827447, 0.09440135047047244765, -0.1798420940029527848 ) );
#1428=EDGE_CURVE ( 'NONE', #5487, #4917, #1014, .T. );
#1429=CYLINDRICAL_SURFACE ( 'NONE', #4993, 0.01181102362204724046 );
#1430=CARTESIAN_POINT ( 'NONE',  ( -0.1181102362204724532, 0.09842519685039370636, -8.537024980200825639E-18 ) );
#1431=VERTEX_POINT ( 'NONE', #8230 );
#1432=B_SPLINE_CURVE_WITH_KNOTS ( 'NONE', 3,( #4039, #4962, #5833, #1977, #3022, #6664, #250, #1309 ),.UNSPECIFIED., .F., .F.,( 4, 2, 2, 4 ),( 2.148747822320150157E-12, 0.0002503154382196106417, 0.0003754731562550425706, 0.0005006308742904746079 ),.UNSPECIFIED. );
#1433=VERTEX_POINT ( 'NONE', #50 );
#1434=VERTEX_POINT ( 'NONE', #3865 );
#1435=VERTEX_POINT ( 'NONE', #10074 );
#1436=ADVANCED_FACE ( 'NONE', ( #6608 ), #11683, .F. );
#1437=AXIS2_PLACEMENT_3D ( 'NONE', #249, #10196, #3353 );
#1438=AXIS2_PLACEMENT_3D ( 'NONE', #5494, #73, #54 );
#1439=CARTESIAN_POINT ( 'NONE',  ( 0.06715138724478658672, 0.01708317378876633708, -0.06330046795770780110 ) );
#1440=ORIENTED_EDGE ( 'NONE', *, *, #2958, .F. );
#1441=ORIENTED_EDGE ( 'NONE', *, *, #7741, .T. );
#1442=CARTESIAN_POINT ( 'NONE',  ( 0.09055118110233287276, 0.08858267716535433989, -0.08469837794520027052 ) );
#1443=CARTESIAN_POINT ( 'NONE',  ( 0.02362204724409326662, -0.1299212598425196763, -0.1377952755905511861 ) );
#1444=ADVANCED_FACE ( 'NONE', ( #1907 ), #3343, .T. );
#1445=CARTESIAN_POINT ( 'NONE',  ( 0.1653543307086614012, -0.1023622047244094474, -0.4940944881889763884 ) );
#1446=CIRCLE ( 'NONE', #9926, 0.009842519684765176080 );
#1447=CARTESIAN_POINT ( 'NONE',  ( 0.04133858904644426013, -0.01569894867291692780, -0.4973963838942244142 ) );
#1448=ORIENTED_EDGE ( 'NONE', *, *, #6619, .F. );
#1449=AXIS2_PLACEMENT_3D ( 'NONE', #5356, #54, #7 );
#1450=ORIENTED_EDGE ( 'NONE', *, *, #9495, .T. );
#1451=CARTESIAN_POINT ( 'NONE',  ( 0.1033464566929133965, 0.09842519685039370636, -0.02362204724409448786 ) );
#1452=EDGE_CURVE ( 'NONE', #8375, #5739, #3509, .T. );
#1453=LINE ( 'NONE', #6108, #1295 );
#1454=EDGE_CURVE ( 'NONE', #11629, #7915, #767, .T. );
#1455=CARTESIAN_POINT ( 'NONE',  ( 0.09076286157080157291, 0.08847760611114134643, -0.08585921329088544440 ) );
#1456=( CONVERSION_BASED_UNIT ( 'INCH', #988 ) LENGTH_UNIT ( ) NAMED_UNIT ( #1658 ) );
#1457=CARTESIAN_POINT ( 'NONE',  ( 0.04429133858268109736, 0.06496062992125983815, -0.4488188976377953110 ) );
#1458=AXIS2_PLACEMENT_3D ( 'NONE', #3141, #45, #7705 );
#1459=CARTESIAN_POINT ( 'NONE',  ( -0.08956692913385827515, 0.06692913385826770867, -0.2539370078740157410 ) );
#1460=CARTESIAN_POINT ( 'NONE',  ( 2.134256245050204869E-18, -0.08070866141732284393, -0.5708661417322835607 ) );
#1461=ORIENTED_EDGE ( 'NONE', *, *, #10137, .T. );
#1462=EDGE_CURVE ( 'NONE', #6396, #1110, #8171, .T. );
#1463=ORIENTED_EDGE ( 'NONE', *, *, #4396, .F. );
#1464=VECTOR ( 'NONE', #1068, 39.37007874015748854 );
#1465=LINE ( 'NONE', #6880, #11 );
#1466=ORIENTED_EDGE ( 'NONE', *, *, #10561, .F. );
#1467=ORIENTED_EDGE ( 'NONE', *, *, #7257, .F. );
#1468=EDGE_CURVE ( 'NONE', #585, #8020, #5994, .T. );
#1469=ORIENTED_EDGE ( 'NONE', *, *, #691, .F. );
#1470=CARTESIAN_POINT ( 'NONE',  ( 0.05948629167707854271, 0.02759807126204067568, -0.06968503937007874960 ) );
#1471=CARTESIAN_POINT ( 'NONE',  ( -0.1181102362204724532, -0.09842519685039370636, -0.01870078740157559219 ) );
#1472=CARTESIAN_POINT ( 'NONE',  ( 0.08070866141732284393, 0.06102362204724409711, -0.2086614173228346636 ) );
#1473=DIRECTION ( 'NONE',  ( 0.9999999997069698443, -2.291627866410443152E-05, -7.804129840482453229E-06 ) );
#1474=LINE ( 'NONE', #8632, #293 );
#1475=VECTOR ( 'NONE', #7497, 39.37007874015748143 );
#1476=CIRCLE ( 'NONE', #2461, 0.003937007874015758385 );
#1477=EDGE_CURVE ( 'NONE', #10717, #11310, #2941, .T. );
#1478=CARTESIAN_POINT ( 'NONE',  ( -0.08956692913385827515, 0.07874015748031495954, -0.5314960629921260393 ) );
#1479=ORIENTED_EDGE ( 'NONE', *, *, #11457, .T. );
#1480=LINE ( 'NONE', #6835, #728 );
#1481=CARTESIAN_POINT ( 'NONE',  ( 0.08267716535433070058, -0.05542193971964567284, -0.3730978718758267698 ) );
#1482=ORIENTED_EDGE ( 'NONE', *, *, #9954, .F. );
#1483=EDGE_CURVE ( 'NONE', #3564, #2679, #9855, .T. );
#1484=ORIENTED_EDGE ( 'NONE', *, *, #9525, .T. );
#1485=DIRECTION ( 'NONE',  ( 0.9063077870361252453, -0.4226182617418250964, 9.995319649938681667E-13 ) );
#1486=CARTESIAN_POINT ( 'NONE',  ( 0.05019685039370079538, 0.03009481290170866463, -0.5072688423476315878 ) );
#1487=VERTEX_POINT ( 'NONE', #5484 );
#1488=VERTEX_POINT ( 'NONE', #8866 );
#1489=CARTESIAN_POINT ( 'NONE',  ( -0.09889835870618111924, 0.08875654934515747607, -0.1774005004709842681 ) );
#1490=VECTOR ( 'NONE', #3659, 39.37007874015748143 );
#1491=ADVANCED_FACE ( 'NONE', ( #2661 ), #6311, .T. );
#1492=CARTESIAN_POINT ( 'NONE',  ( 0.05019685039370079538, 0.05511811023622047168, -0.4625984251968504046 ) );
#1493=CARTESIAN_POINT ( 'NONE',  ( 0.07310850706105728736, 0.03937007874015747977, -0.3025281951574366190 ) );
#1494=ORIENTED_EDGE ( 'NONE', *, *, #6857, .F. );
#1495=EDGE_LOOP ( 'NONE', ( #6483, #983 ) );
#1496=CARTESIAN_POINT ( 'NONE',  ( 0.08070866141732284393, 0.06102362204724409711, -0.3602362204724409711 ) );
#1497=VERTEX_POINT ( 'NONE', #3692 );
#1498=CARTESIAN_POINT ( 'NONE',  ( 0.08267716535433070058, -0.04724409448818897572, -0.2185039370078740439 ) );
#1499=CARTESIAN_POINT ( 'NONE',  ( 0.09055118110236221041, 0.09842519685039370636, -0.06988188976377952832 ) );
#1500=AXIS2_PLACEMENT_3D ( 'NONE', #9124, #10128, #3863 );
#1501=DIRECTION ( 'NONE',  ( 3.614007241618349264E-16, 1.000000000000000000, 0.000000000000000000 ) );
#1502=AXIS2_PLACEMENT_3D ( 'NONE', #3446, #11508, #7062 );
#1503=ORIENTED_EDGE ( 'NONE', *, *, #1521, .F. );
#1504=VERTEX_POINT ( 'NONE', #5371 );
#1505=DIRECTION ( 'NONE',  ( 0.02371313018344919574, 0.9781476007337223111, 0.2065549772718280330 ) );
#1506=ADVANCED_FACE ( 'NONE', ( #4420 ), #11684, .F. );
#1507=CARTESIAN_POINT ( 'NONE',  ( 0.06510514525692404075, 0.002020126823979225689, -0.08246309954689531874 ) );
#1508=CIRCLE ( 'NONE', #11078, 0.003937007874033925277 );
#1509=B_SPLINE_CURVE_WITH_KNOTS ( 'NONE', 3,( #2032, #10525, #5137, #1537, #6893, #7829, #4238, #3443, #11287, #6428 ),.UNSPECIFIED., .F., .F.,( 4, 3, 3, 4 ),( 7.754896253645900928E-08, 8.646354579143956563E-05, 0.0001693750370131639202, 0.0002529929432271540491 ),.UNSPECIFIED. );
#1510=CARTESIAN_POINT ( 'NONE',  ( 0.09181489028417096077, -0.02555940181911497272, 0.09842519685039370636 ) );
#1511=ORIENTED_EDGE ( 'NONE', *, *, #8731, .F. );
#1512=EDGE_LOOP ( 'NONE', ( #6765, #5352, #10871, #6280 ) );
#1513=EDGE_CURVE ( 'NONE', #1745, #7721, #8937, .T. );
#1514=CYLINDRICAL_SURFACE ( 'NONE', #9615, 0.01181102362204724046 );
#1515=ADVANCED_FACE ( 'NONE', ( #10697 ), #8065, .F. );
#1516=CARTESIAN_POINT ( 'NONE',  ( 0.09105081115052794660, 0.08849298570575078737, -0.08692142605791693122 ) );
#1517=CARTESIAN_POINT ( 'NONE',  ( 0.04133858904644421850, 0.01569895405168479988, -0.4973963837928304654 ) );
#1518=CARTESIAN_POINT ( 'NONE',  ( -0.1033464566929133965, -0.09842519685039370636, -0.1948818897637795422 ) );
#1519=VECTOR ( 'NONE', #2720, 39.37007874015748143 );
#1520=CARTESIAN_POINT ( 'NONE',  ( 0.09448818897637795144, -0.03405357236597244402, -0.5255905511811024278 ) );
#1521=EDGE_CURVE ( 'NONE', #10189, #1751, #6571, .T. );
#1522=EDGE_CURVE ( 'NONE', #4413, #3958, #4533, .T. );
#1523=AXIS2_PLACEMENT_3D ( 'NONE', #6009, #16, #54 );
#1524=ORIENTED_EDGE ( 'NONE', *, *, #11614, .T. );
#1525=CARTESIAN_POINT ( 'NONE',  ( 0.03195401050019291284, -0.03949396428968503930, -0.3622194454126378416 ) );
#1526=ORIENTED_EDGE ( 'NONE', *, *, #9570, .T. );
#1527=FACE_OUTER_BOUND ( 'NONE', #6365, .T. );
#1528=VERTEX_POINT ( 'NONE', #10534 );
#1529=ORIENTED_EDGE ( 'NONE', *, *, #6666, .F. );
#1530=CARTESIAN_POINT ( 'NONE',  ( -0.09251968503937008093, 0.04094488188976377896, -0.2519685039370078705 ) );
#1531=CARTESIAN_POINT ( 'NONE',  ( 0.1033789721554330826, -0.04404836780598426343, -0.08584646987661417872 ) );
#1532=DIRECTION ( 'NONE',  ( 0.000000000000000000, 0.5144957554275250144, 0.8574929257125449844 ) );
#1533=B_SPLINE_CURVE_WITH_KNOTS ( 'NONE', 3,( #1442, #6926, #4266, #2370, #5280, #595, #2558, #6217 ),.UNSPECIFIED., .F., .F.,( 4, 2, 2, 4 ),( 4.478896783069780456E-17, 8.612948868072171753E-05, 0.0001291942330210601672, 0.0001722589773613986304 ),.UNSPECIFIED. );
#1534=CARTESIAN_POINT ( 'NONE',  ( 0.05825475693557102125, 2.120078380814338819E-11, -0.4137673171019787821 ) );
#1535=DIRECTION ( 'NONE',  ( 0.000000000000000000, 0.7808688094650257927, 0.6246950475269299474 ) );
#1536=CIRCLE ( 'NONE', #6171, 0.01181102362204724046 );
#1537=CARTESIAN_POINT ( 'NONE',  ( 0.03410628720439074640, 0.03909451501312610766, -0.3668443343158271919 ) );
#1538=DIRECTION ( 'NONE',  ( 0.9934745682604817496, 0.000000000000000000, -0.1140538566627599948 ) );
#1539=VERTEX_POINT ( 'NONE', #6373 );
#1540=CARTESIAN_POINT ( 'NONE',  ( 0.000000000000000000, 0.000000000000000000, -0.2086614173228346636 ) );
#1541=PLANE ( 'NONE',  #11442 );
#1542=AXIS2_PLACEMENT_3D ( 'NONE', #10646, #962, #9744 );
#1543=ORIENTED_EDGE ( 'NONE', *, *, #1205, .F. );
#1544=CARTESIAN_POINT ( 'NONE',  ( 0.1653543307086614012, -0.09055118110236221041, -0.4468503937007874405 ) );
#1545=ORIENTED_EDGE ( 'NONE', *, *, #4488, .F. );
#1546=CARTESIAN_POINT ( 'NONE',  ( 0.1033464566929133965, 0.000000000000000000, -0.1161417322834645688 ) );
#1547=VERTEX_POINT ( 'NONE', #4593 );
#1548=ORIENTED_EDGE ( 'NONE', *, *, #9469, .T. );
#1549=CARTESIAN_POINT ( 'NONE',  ( -0.1033946746932283417, -0.04282603057673228797, -0.2136181279608267702 ) );
#1550=CARTESIAN_POINT ( 'NONE',  ( -0.09362720347091162132, 0.09817369039481023407, -0.1807950959342748132 ) );
#1551=ADVANCED_FACE ( 'NONE', ( #2784 ), #2538, .F. );
#1552=FACE_OUTER_BOUND ( 'NONE', #4517, .T. );
#1553=FACE_OUTER_BOUND ( 'NONE', #1376, .T. );
#1554=ORIENTED_EDGE ( 'NONE', *, *, #8903, .F. );
#1555=CARTESIAN_POINT ( 'NONE',  ( -0.1023622047244094474, 0.04094488188975471676, -0.1437007874015747977 ) );
#1556=ORIENTED_EDGE ( 'NONE', *, *, #7085, .F. );
#1557=FACE_OUTER_BOUND ( 'NONE', #107, .T. );
#1558=VERTEX_POINT ( 'NONE', #8232 );
#1559=CARTESIAN_POINT ( 'NONE',  ( -0.04133858267716535029, 0.09842519685039370636, -0.09350393700787401619 ) );
#1560=CARTESIAN_POINT ( 'NONE',  ( -0.09251968503937008093, 0.04094488188976377896, -0.2539370078740157410 ) );
#1561=TOROIDAL_SURFACE ( 'NONE', #2549, 0.09448818897647018322, 0.003937007874015989971 );
#1562=DIRECTION ( 'NONE',  ( -0.9063077870366587074, 0.4226182617406809006, 0.000000000000000000 ) );
#1563=EDGE_CURVE ( 'NONE', #7581, #7476, #7068, .T. );
#1564=CARTESIAN_POINT ( 'NONE',  ( -0.05948629167707874393, 0.02759807126204071384, -0.1980314960629921128 ) );
#1565=VERTEX_POINT ( 'NONE', #9684 );
#1566=ORIENTED_EDGE ( 'NONE', *, *, #3738, .T. );
#1567=DIRECTION ( 'NONE',  ( -0.4226072008230307708, 0.9062840668212515105, 0.007234917999236856016 ) );
#1568=ADVANCED_FACE ( 'NONE', ( #4479 ), #5313, .F. );
#1569=CARTESIAN_POINT ( 'NONE',  ( -0.06651382645963758999, 0.03793407682591819208, -0.1771653543307086520 ) );
#1570=CARTESIAN_POINT ( 'NONE',  ( -0.07776767274314842771, -0.009489260072387990796, -0.1771653543307086520 ) );
#1571=CARTESIAN_POINT ( 'NONE',  ( -0.06645899721140885452, 0.01264505598899368782, -0.1980314960629919740 ) );
#1572=ORIENTED_EDGE ( 'NONE', *, *, #7340, .T. );
#1573=ORIENTED_EDGE ( 'NONE', *, *, #8150, .T. );
#1574=LINE ( 'NONE', #6987, #293 );
#1575=CARTESIAN_POINT ( 'NONE',  ( 0.09136885241403780444, 0.08838033053961576180, -0.08787447443538620728 ) );
#1576=CARTESIAN_POINT ( 'NONE',  ( 0.03837352134330348358, 0.02328787872300635067, -0.4955169469853755726 ) );
#1577=EDGE_CURVE ( 'NONE', #8995, #9206, #122, .T. );
#1578=CARTESIAN_POINT ( 'NONE',  ( -0.02950530667953004879, -0.1240157480314960231, -0.1366491423086614032 ) );
#1579=CARTESIAN_POINT ( 'NONE',  ( 0.09448818897637795144, -0.06003937007874016185, -0.5708661417322835607 ) );
#1580=EDGE_CURVE ( 'NONE', #11629, #6931, #7464, .T. );
#1581=EDGE_CURVE ( 'NONE', #2982, #4568, #3934, .T. );
#1582=EDGE_CURVE ( 'NONE', #4923, #7046, #4067, .T. );
#1583=ORIENTED_EDGE ( 'NONE', *, *, #7309, .F. );
#1584=CARTESIAN_POINT ( 'NONE',  ( 0.04566537087842519743, -0.03947603895212598024, -0.3601076380748425287 ) );
#1585=VERTEX_POINT ( 'NONE', #1908 );
#1586=ORIENTED_EDGE ( 'NONE', *, *, #8357, .T. );
#1587=ORIENTED_EDGE ( 'NONE', *, *, #1746, .F. );
#1588=EDGE_CURVE ( 'NONE', #6878, #5455, #4777, .T. );
#1589=CYLINDRICAL_SURFACE ( 'NONE', #219, 0.009842519685039361269 );
#1590=CARTESIAN_POINT ( 'NONE',  ( 0.09055118110220690408, 0.09350407292650472768, -0.05506540158244094263 ) );
#1591=LINE ( 'NONE', #3841, #293 );
#1592=CARTESIAN_POINT ( 'NONE',  ( -0.07037401574803149595, -0.07677165354330708902, -0.5708661417322835607 ) );
#1593=CARTESIAN_POINT ( 'NONE',  ( -0.09251968503937008093, -0.07874015748031495954, -0.2421259842519685179 ) );
#1594=CARTESIAN_POINT ( 'NONE',  ( 0.08858267716535432601, 0.03405357236597244402, -0.5255905511811024278 ) );
#1595=ORIENTED_EDGE ( 'NONE', *, *, #36, .F. );
#1596=CARTESIAN_POINT ( 'NONE',  ( 0.1787007874015748010, -0.1023622047244094474, -0.4338582677165354617 ) );
#1597=PLANE ( 'NONE',  #481 );
#1598=VERTEX_POINT ( 'NONE', #8516 );
#1599=VERTEX_POINT ( 'NONE', #956 );
#1600=EDGE_CURVE ( 'NONE', #7167, #214, #1130, .T. );
#1601=EDGE_CURVE ( 'NONE', #10067, #9880, #11049, .T. );
#1602=LINE ( 'NONE', #11405, #58 );
#1603=ORIENTED_EDGE ( 'NONE', *, *, #10423, .F. );
#1604=ORIENTED_EDGE ( 'NONE', *, *, #3398, .T. );
#1605=CARTESIAN_POINT ( 'NONE',  ( -0.1011323825486334649, 0.09232549491641023343, -0.1777815895338043239 ) );
#1606=CARTESIAN_POINT ( 'NONE',  ( 0.1181102362204724532, 0.000000000000000000, -0.02362204724409448786 ) );
#1607=B_SPLINE_CURVE_WITH_KNOTS ( 'NONE', 3,( #3460, #8408, #123, #2962, #4960, #4712, #3867, #4900 ),.UNSPECIFIED., .F., .F.,( 4, 2, 2, 4 ),( 1.863723036093983020E-16, 0.0001246474049936157659, 0.0002492948099870451574, 0.0004985896199739043742 ),.UNSPECIFIED. );
#1608=CARTESIAN_POINT ( 'NONE',  ( 0.08661417322834646937, 0.08858267716535432601, -0.02559055118110236185 ) );
#1609=CARTESIAN_POINT ( 'NONE',  ( 0.05099147183853922072, -0.04921259842519551397, -0.04035433070866142197 ) );
#1610=ORIENTED_EDGE ( 'NONE', *, *, #9280, .T. );
#1611=CARTESIAN_POINT ( 'NONE',  ( 0.09251968503937008093, -0.0004921259865157369883, -0.01574803149606299191 ) );
#1612=ORIENTED_EDGE ( 'NONE', *, *, #5995, .T. );
#1613=ORIENTED_EDGE ( 'NONE', *, *, #2021, .T. );
#1614=LINE ( 'NONE', #8184, #24 );
#1615=ADVANCED_FACE ( 'NONE', ( #10939 ), #10816, .T. );
#1616=CARTESIAN_POINT ( 'NONE',  ( 0.09724103375618110834, 0.09255718865311024501, -0.05036922151043306956 ) );
#1617=CARTESIAN_POINT ( 'NONE',  ( -0.1673228346456692994, -0.09251968503937008093, -0.1633858267716535584 ) );
#1618=ORIENTED_EDGE ( 'NONE', *, *, #10434, .F. );
#1619=ORIENTED_EDGE ( 'NONE', *, *, #4987, .T. );
#1620=LINE ( 'NONE', #6689, #293 );
#1621=LINE ( 'NONE', #6098, #311 );
#1622=EDGE_CURVE ( 'NONE', #3335, #10694, #6611, .T. );
#1623=EDGE_CURVE ( 'NONE', #11609, #9777, #4899, .T. );
#1624=CARTESIAN_POINT ( 'NONE',  ( -0.09645669291338582196, 0.009842519685039369942, -0.4921259842519685179 ) );
#1625=CARTESIAN_POINT ( 'NONE',  ( -0.09250082638088068243, -0.04268546829364914391, -0.2135826736581833696 ) );
#1626=CARTESIAN_POINT ( 'NONE',  ( 0.09448818897637795144, 0.000000000000000000, -0.1515748031496063075 ) );
#1627=VERTEX_POINT ( 'NONE', #2032 );
#1628=ORIENTED_EDGE ( 'NONE', *, *, #1023, .F. );
#1629=CARTESIAN_POINT ( 'NONE',  ( 0.03838582677165354451, 0.05511811023622047168, -0.4557086614173228578 ) );
#1630=CIRCLE ( 'NONE', #2624, 0.01181102362204724046 );
#1631=CARTESIAN_POINT ( 'NONE',  ( 0.09073267865149606259, 0.09186359462681101262, -0.08509553670110235613 ) );
#1632=EDGE_CURVE ( 'NONE', #2927, #6029, #8461, .T. );
#1633=LINE ( 'NONE', #5176, #24 );
#1634=CARTESIAN_POINT ( 'NONE',  ( 0.05118110236220472370, -0.07874015748031495954, -0.5039370078740157410 ) );
#1635=CARTESIAN_POINT ( 'NONE',  ( 0.02721304011578748461, -0.1240157480314960370, -0.1979520222315212796 ) );
#1636=CARTESIAN_POINT ( 'NONE',  ( 0.02354831935459477874, -0.1299209946236698221, -0.1387100097716942038 ) );
#1637=CIRCLE ( 'NONE', #9202, 0.01181102362204724046 );
#1638=PLANE ( 'NONE',  #2427 );
#1639=CARTESIAN_POINT ( 'NONE',  ( 0.08267716535433070058, 0.07185039370078739884, -0.5590551181102362266 ) );
#1640=ORIENTED_EDGE ( 'NONE', *, *, #5302, .T. );
#1641=EDGE_CURVE ( 'NONE', #305, #8795, #10877, .T. );
#1642=ORIENTED_EDGE ( 'NONE', *, *, #11412, .T. );
#1643=CARTESIAN_POINT ( 'NONE',  ( 0.04657523579560236132, 0.03867008372046731868, -0.3664413009966807078 ) );
#1644=EDGE_LOOP ( 'NONE', ( #5883, #4438, #5799, #10948 ) );
#1645=ORIENTED_EDGE ( 'NONE', *, *, #10763, .F. );
#1646=ORIENTED_EDGE ( 'NONE', *, *, #3631, .F. );
#1647=AXIS2_PLACEMENT_3D ( 'NONE', #761, #45, #2410 );
#1648=CARTESIAN_POINT ( 'NONE',  ( 0.09645669291338582196, 0.09842519685039370636, -0.4586614173228346636 ) );
#1649=EDGE_CURVE ( 'NONE', #7357, #7649, #3076, .T. );
#1650=DIRECTION ( 'NONE',  ( -0.9063077870366587074, -0.4226182617406809006, 0.000000000000000000 ) );
#1651=CARTESIAN_POINT ( 'NONE',  ( 0.05019685039370078150, -0.02833756678923791267, -0.5270001348415758180 ) );
#1652=CARTESIAN_POINT ( 'NONE',  ( 0.05163028774308688063, 0.02430202289121633288, -0.5000992174301390758 ) );
#1653=CARTESIAN_POINT ( 'NONE',  ( 0.06909273497905511763, -0.03376261745508661594, -0.4068276925956693102 ) );
#1654=AXIS2_PLACEMENT_3D ( 'NONE', #1668, #6248, #6920 );
#1655=CIRCLE ( 'NONE', #264, 0.01814870956159888790 );
#1656=EDGE_CURVE ( 'NONE', #10354, #3020, #8037, .T. );
#1657=CARTESIAN_POINT ( 'NONE',  ( -0.1673228346456692994, -0.09744094488188977110, -0.1929133858267716439 ) );
#1658=DIMENSIONAL_EXPONENTS ( 1.000000000000000000, 0.000000000000000000, 0.000000000000000000, 0.000000000000000000, 0.000000000000000000, 0.000000000000000000, 0.000000000000000000 );
#1659=VERTEX_POINT ( 'NONE', #5709 );
#1660=DIRECTION ( 'NONE',  ( -0.01941151444715840182, -0.000000000000000000, -0.9998115788021598727 ) );
#1661=VERTEX_POINT ( 'NONE', #9238 );
#1662=EDGE_LOOP ( 'NONE', ( #4360, #2690, #3295, #8214 ) );
#1663=CARTESIAN_POINT ( 'NONE',  ( 0.05825475693553647943, 0.03369183436977068319, -0.4137673171017721696 ) );
#1664=EDGE_LOOP ( 'NONE', ( #1640, #9657, #3978, #9343, #8590, #5241 ) );
#1665=ADVANCED_FACE ( 'NONE', ( #6721 ), #2905, .T. );
#1666=ADVANCED_FACE ( 'NONE', ( #7342 ), #8292, .T. );
#1667=AXIS2_PLACEMENT_3D ( 'NONE', #8050, #7, #47 );
#1668=CARTESIAN_POINT ( 'NONE',  ( 0.08668802497775530969, -0.005329631511955290266, -0.09055118110236221041 ) );
#1669=AXIS2_PLACEMENT_3D ( 'NONE', #4656, #6557, #10822 );
#1670=FACE_OUTER_BOUND ( 'NONE', #9609, .T. );
#1671=ORIENTED_EDGE ( 'NONE', *, *, #7078, .F. );
#1672=VERTEX_POINT ( 'NONE', #1215 );
#1673=CARTESIAN_POINT ( 'NONE',  ( 0.08267716535433070058, -0.08797244094488189392, -0.5792519685039370092 ) );
#1674=CARTESIAN_POINT ( 'NONE',  ( -0.1023956690510350459, 0.08761674999449427237, -0.1772582987820504052 ) );
#1675=LINE ( 'NONE', #2667, #58 );
#1676=EDGE_CURVE ( 'NONE', #8544, #8574, #5133, .T. );
#1677=DIRECTION ( 'NONE',  ( 0.1140538566555704125, -0.000000000000000000, 0.9934745682613070894 ) );
#1678=EDGE_CURVE ( 'NONE', #9924, #822, #6359, .T. );
#1679=CARTESIAN_POINT ( 'NONE',  ( 0.08956692913385827515, 0.08661417322834646937, -0.01377952755905511792 ) );
#1680=ORIENTED_EDGE ( 'NONE', *, *, #10561, .T. );
#1681=EDGE_LOOP ( 'NONE', ( #6332, #701, #6389, #588, #8382, #4132 ) );
#1682=EDGE_LOOP ( 'NONE', ( #3191, #5669, #4835, #427 ) );
#1683=LINE ( 'NONE', #8928, #58 );
#1684=CARTESIAN_POINT ( 'NONE',  ( 0.09535169253830708125, 0.08784626312283465299, -0.04944774452118110009 ) );
#1685=CARTESIAN_POINT ( 'NONE',  ( -0.09541053406251970292, -0.04221672901688976881, -0.1820854612341732126 ) );
#1686=ORIENTED_EDGE ( 'NONE', *, *, #11506, .T. );
#1687=ORIENTED_EDGE ( 'NONE', *, *, #764, .T. );
#1688=CARTESIAN_POINT ( 'NONE',  ( -0.09251968503937008093, -0.0004921259865157283147, -0.1929133858267716439 ) );
#1689=CARTESIAN_POINT ( 'NONE',  ( 0.05019685039370079538, 0.05511811023622047168, -0.4488188976377953110 ) );
#1690=AXIS2_PLACEMENT_3D ( 'NONE', #3052, #98, #73 );
#1691=AXIS2_PLACEMENT_3D ( 'NONE', #5381, #47, #7 );
#1692=EDGE_CURVE ( 'NONE', #6388, #6288, #103, .T. );
#1693=CARTESIAN_POINT ( 'NONE',  ( -0.09748732217539370082, 0.07874015748031495954, -0.5304654337303149614 ) );
#1694=CARTESIAN_POINT ( 'NONE',  ( 0.08267716535433070058, 0.06003937007874016185, -0.5708661417322835607 ) );
#1695=LINE ( 'NONE', #1626, #33 );
#1696=EDGE_LOOP ( 'NONE', ( #5167, #2800, #1959, #11401 ) );
#1697=ORIENTED_EDGE ( 'NONE', *, *, #11636, .T. );
#1698=CARTESIAN_POINT ( 'NONE',  ( 0.09908156690826772084, 0.08661417319129922909, -0.09050184485492127062 ) );
#1699=CARTESIAN_POINT ( 'NONE',  ( 0.08661417322834646937, 0.09842519685039370636, -0.02559055118110236185 ) );
#1700=ADVANCED_FACE ( 'NONE', ( #4168 ), #2214, .F. );
#1701=CARTESIAN_POINT ( 'NONE',  ( 0.06137455546744095131, -0.03937007874015747977, -0.3011811023622047445 ) );
#1702=AXIS2_PLACEMENT_3D ( 'NONE', #1268, #8438, #73 );
#1703=CARTESIAN_POINT ( 'NONE',  ( 0.07249082682511810705, 0.03287650729126381788, -0.4205014306405511215 ) );
#1704=ORIENTED_EDGE ( 'NONE', *, *, #9346, .T. );
#1705=EDGE_CURVE ( 'NONE', #2496, #2362, #5421, .T. );
#1706=ORIENTED_EDGE ( 'NONE', *, *, #7968, .F. );
#1707=CARTESIAN_POINT ( 'NONE',  ( -0.09153543307086613179, -0.005905511811023621965, -0.1948818897637795422 ) );
#1708=ORIENTED_EDGE ( 'NONE', *, *, #3214, .T. );
#1709=AXIS2_PLACEMENT_3D ( 'NONE', #2223, #5895, #1287 );
#1710=ORIENTED_EDGE ( 'NONE', *, *, #8057, .T. );
#1711=CYLINDRICAL_SURFACE ( 'NONE', #2542, 0.06102362204724409711 );
#1712=DIRECTION ( 'NONE',  ( 1.953076430497095273E-11, -1.000000000000000000, -5.471109674767689792E-12 ) );
#1713=CARTESIAN_POINT ( 'NONE',  ( -0.08956692913385827515, 0.06496062992125983815, -0.4133858267716535861 ) );
#1714=PLANE ( 'NONE',  #5190 );
#1715=EDGE_CURVE ( 'NONE', #6566, #4895, #3913, .T. );
#1716=FACE_OUTER_BOUND ( 'NONE', #9958, .T. );
#1717=CARTESIAN_POINT ( 'NONE',  ( 0.06736829793779527953, -0.03337668229425197475, -0.4133034683700788081 ) );
#1718=AXIS2_PLACEMENT_3D ( 'NONE', #3007, #54, #7 );
#1719=EDGE_CURVE ( 'NONE', #5923, #1988, #6005, .T. );
#1720=VECTOR ( 'NONE', #1837, 39.37007874015748143 );
#1721=ORIENTED_EDGE ( 'NONE', *, *, #8169, .T. );
#1722=ORIENTED_EDGE ( 'NONE', *, *, #11282, .T. );
#1723=ORIENTED_EDGE ( 'NONE', *, *, #9817, .F. );
#1724=CARTESIAN_POINT ( 'NONE',  ( -0.1771653543307086520, -0.09744094488188977110, -0.1830708661417322636 ) );
#1725=ORIENTED_EDGE ( 'NONE', *, *, #11107, .T. );
#1726=FACE_OUTER_BOUND ( 'NONE', #9018, .T. );
#1727=CARTESIAN_POINT ( 'NONE',  ( 0.09251968503937008093, 0.08661417317440946173, -0.06988188976377952832 ) );
#1728=ADVANCED_FACE ( 'NONE', ( #7762 ), #7651, .T. );
#1729=ORIENTED_EDGE ( 'NONE', *, *, #9395, .F. );
#1730=VERTEX_POINT ( 'NONE', #8576 );
#1731=DIRECTION ( 'NONE',  ( 0.9063077870366583744, -0.4226182617406815112, 6.064207043664472415E-16 ) );
#1732=CARTESIAN_POINT ( 'NONE',  ( 0.07221677564200787436, 0.03265667303941338639, -0.4228519355984252104 ) );
#1733=EDGE_CURVE ( 'NONE', #8538, #215, #2747, .T. );
#1734=EDGE_CURVE ( 'NONE', #433, #1435, #10415, .T. );
#1735=AXIS2_PLACEMENT_3D ( 'NONE', #3784, #2876, #7 );
#1736=ORIENTED_EDGE ( 'NONE', *, *, #1114, .T. );
#1737=CARTESIAN_POINT ( 'NONE',  ( 0.09448818897637795144, 0.04724409448818897572, -0.2106299212598425619 ) );
#1738=VERTEX_POINT ( 'NONE', #9563 );
#1739=ORIENTED_EDGE ( 'NONE', *, *, #10914, .T. );
#1740=CARTESIAN_POINT ( 'NONE',  ( 0.1048228346456692855, 0.09842519685039370636, -0.1161417322834645688 ) );
#1741=CARTESIAN_POINT ( 'NONE',  ( 0.1031145463628346387, 0.08395334801342520248, -0.04920983020736219987 ) );
#1742=CARTESIAN_POINT ( 'NONE',  ( -0.1032758422192125991, -0.04110348310822835305, -0.1820711353354330930 ) );
#1743=EDGE_CURVE ( 'NONE', #1558, #5838, #7884, .T. );
#1744=ORIENTED_EDGE ( 'NONE', *, *, #6227, .T. );
#1745=VERTEX_POINT ( 'NONE', #2279 );
#1746=EDGE_CURVE ( 'NONE', #5854, #1856, #10471, .T. );
#1747=DIRECTION ( 'NONE',  ( -1.000000000000000000, 3.100113481896740123E-12, 0.000000000000000000 ) );
#1748=CIRCLE ( 'NONE', #9649, 0.004921259842524891744 );
#1749=AXIS2_PLACEMENT_3D ( 'NONE', #4668, #2676, #505 );
#1750=CARTESIAN_POINT ( 'NONE',  ( -0.02336356845225577225, -0.1299212598425196763, -0.1306825402573295880 ) );
#1751=VERTEX_POINT ( 'NONE', #6780 );
#1752=ORIENTED_EDGE ( 'NONE', *, *, #6348, .F. );
#1753=EDGE_LOOP ( 'NONE', ( #5681, #7990, #6016, #10665, #10954 ) );
#1754=AXIS2_PLACEMENT_3D ( 'NONE', #11625, #47, #10938 );
#1755=CARTESIAN_POINT ( 'NONE',  ( 0.04841944834227558669, 0.07673759592092382897, -0.09055118037671279485 ) );
#1756=CARTESIAN_POINT ( 'NONE',  ( 0.09227073926607873289, 0.08754235187386455452, -0.08993494493021063352 ) );
#1757=CARTESIAN_POINT ( 'NONE',  ( -0.1043307086614173318, 0.01082677165354330867, -0.03740157480314960925 ) );
#1758=PRODUCT_DEFINITION_FORMATION_WITH_SPECIFIED_SOURCE ( 'ANY', '', #8176, .NOT_KNOWN. );
#1759=EDGE_CURVE ( 'NONE', #5009, #5495, #5942, .T. );
#1760=ADVANCED_FACE ( 'NONE', ( #1406 ), #9453, .T. );
#1761=CARTESIAN_POINT ( 'NONE',  ( 0.09251968503937008093, 0.04488188976377952694, -0.01968503937007873988 ) );
#1762=LINE ( 'NONE', #2698, #11 );
#1763=ORIENTED_EDGE ( 'NONE', *, *, #10927, .T. );
#1764=ORIENTED_EDGE ( 'NONE', *, *, #1809, .T. );
#1765=CARTESIAN_POINT ( 'NONE',  ( 0.03425226749111417307, -0.03878699256321653521, -0.3708645767596063791 ) );
#1766=EDGE_LOOP ( 'NONE', ( #4557, #9361, #4616, #355 ) );
#1767=EDGE_LOOP ( 'NONE', ( #10172, #9790, #11359, #4535, #1007, #2269, #6845, #2510, #2915, #906 ) );
#1768=AXIS2_PLACEMENT_3D ( 'NONE', #9288, #39, #88 );
#1769=LINE ( 'NONE', #6356, #431 );
#1770=ADVANCED_FACE ( 'NONE', ( #11284 ), #2761, .F. );
#1771=DIRECTION ( 'NONE',  ( 0.000000000000000000, 1.084202172485501594E-14, 1.000000000000000000 ) );
#1772=CARTESIAN_POINT ( 'NONE',  ( 0.05156170998016973428, 0.02438178567289401785, -0.4993286209712718970 ) );
#1773=CARTESIAN_POINT ( 'NONE',  ( 0.06917131962633858711, -0.03375231794192126017, -0.4069614276330709157 ) );
#1774=EDGE_CURVE ( 'NONE', #3546, #6230, #4349, .T. );
#1775=CARTESIAN_POINT ( 'NONE',  ( -0.09251968503937008093, -0.04330718101633858341, -0.1978346456692913480 ) );
#1776=VERTEX_POINT ( 'NONE', #4465 );
#1777=CARTESIAN_POINT ( 'NONE',  ( -0.06053149606299212948, 0.09842519685039370636, -0.2273622047244094335 ) );
#1778=ORIENTED_EDGE ( 'NONE', *, *, #6160, .T. );
#1779=LINE ( 'NONE', #4645, #58 );
#1780=ORIENTED_EDGE ( 'NONE', *, *, #7779, .F. );
#1781=LINE ( 'NONE', #9852, #1519 );
#1782=EDGE_LOOP ( 'NONE', ( #2808, #5333, #7473, #3781 ) );
#1783=EDGE_CURVE ( 'NONE', #5881, #2609, #11448, .T. );
#1784=CARTESIAN_POINT ( 'NONE',  ( 0.02950530667952888653, -0.1240157480314960786, -0.4145319600536410687 ) );
#1785=ORIENTED_EDGE ( 'NONE', *, *, #9940, .T. );
#1786=EDGE_LOOP ( 'NONE', ( #5970, #11322, #6658, #3886 ) );
#1787=LINE ( 'NONE', #9027, #741 );
#1788=CARTESIAN_POINT ( 'NONE',  ( -0.09251963963464567009, 0.08660084359935937837, -0.1772112019219688195 ) );
#1789=CARTESIAN_POINT ( 'NONE',  ( 0.05848263713452755974, 0.03265667303941338639, -0.4208479000334646170 ) );
#1790=( BOUNDED_CURVE ( )  B_SPLINE_CURVE ( 3, ( #617, #1651, #6129, #9306 ),.UNSPECIFIED., .F., .F. )B_SPLINE_CURVE_WITH_KNOTS ( ( 4, 4 ),( 1.780235837038836033, 3.141592653586459782 ),.UNSPECIFIED. )CURVE ( )  GEOMETRIC_REPRESENTATION_ITEM ( )  RATIONAL_B_SPLINE_CURVE ( ( 1.000000000000000000, 0.8514306409729821556, 0.8514306409729821556, 1.000000000000000000 ) )REPRESENTATION_ITEM ( '' )  );
#1791=CARTESIAN_POINT ( 'NONE',  ( 0.03740157480314960925, 0.07874015748031495954, -0.5078740157480314821 ) );
#1792=VERTEX_POINT ( 'NONE', #8052 );
#1793=EDGE_CURVE ( 'NONE', #7420, #3744, #2525, .T. );
#1794=LINE ( 'NONE', #9920, #311 );
#1795=ORIENTED_EDGE ( 'NONE', *, *, #8427, .T. );
#1796=ORIENTED_EDGE ( 'NONE', *, *, #6013, .F. );
#1797=CARTESIAN_POINT ( 'NONE',  ( 0.09744094488188977110, 0.06692913385826770867, -0.01574803149606299191 ) );
#1798=CARTESIAN_POINT ( 'NONE',  ( 0.09542251713350392850, 0.08593723136346456681, -0.04920934102562991852 ) );
#1799=EDGE_CURVE ( 'NONE', #5128, #10923, #10912, .T. );
#1800=CARTESIAN_POINT ( 'NONE',  ( -0.09143197359220472942, -0.04230777849291338794, -0.1820619465442126217 ) );
#1801=VERTEX_POINT ( 'NONE', #5355 );
#1802=ORIENTED_EDGE ( 'NONE', *, *, #9006, .F. );
#1803=LINE ( 'NONE', #2681, #3220 );
#1804=CARTESIAN_POINT ( 'NONE',  ( -0.06029723278933740022, 0.02797621931294598518, -0.2161802056245917536 ) );
#1805=CARTESIAN_POINT ( 'NONE',  ( -0.03949908998656243703, 0.07257798048608936348, -0.2086614173271555128 ) );
#1806=ORIENTED_EDGE ( 'NONE', *, *, #6655, .T. );
#1807=EDGE_CURVE ( 'NONE', #11121, #5100, #991, .T. );
#1808=ORIENTED_EDGE ( 'NONE', *, *, #10111, .F. );
#1809=EDGE_CURVE ( 'NONE', #11680, #522, #9725, .T. );
#1810=VERTEX_POINT ( 'NONE', #7159 );
#1811=AXIS2_PLACEMENT_3D ( 'NONE', #2125, #8629, #1501 );
#1812=DIRECTION ( 'NONE',  ( 0.000000000000000000, -0.7071067811459169627, 0.7071067812271780717 ) );
#1813=CARTESIAN_POINT ( 'NONE',  ( 0.09248682844931141456, 0.08660106577440675191, -0.09050533351353667877 ) );
#1814=CARTESIAN_POINT ( 'NONE',  ( -0.04133858267716535029, 0.09842519685039370636, -0.2854330708661417804 ) );
#1815=CARTESIAN_POINT ( 'NONE',  ( 0.1771653543307086520, -0.09744094488188977110, -0.08464566929133858497 ) );
#1816=CARTESIAN_POINT ( 'NONE',  ( -0.09744094488188977110, -0.08070866141732284393, -0.1948818897637795422 ) );
#1817=AXIS2_PLACEMENT_3D ( 'NONE', #131, #1562, #1025 );
#1818=FACE_OUTER_BOUND ( 'NONE', #5617, .T. );
#1819=CARTESIAN_POINT ( 'NONE',  ( 0.03613562537755724002, 0.03867008372045394049, -0.3719653224776204858 ) );
#1820=ORIENTED_EDGE ( 'NONE', *, *, #7453, .T. );
#1821=EDGE_CURVE ( 'NONE', #1168, #1134, #2006, .T. );
#1822=ADVANCED_FACE ( 'NONE', ( #3494 ), #10521, .F. );
#1823=ORIENTED_EDGE ( 'NONE', *, *, #6902, .F. );
#1824=CARTESIAN_POINT ( 'NONE',  ( 0.03325340616415373846, -0.03937007874015747977, -0.3635635387696063425 ) );
#1825=ORIENTED_EDGE ( 'NONE', *, *, #8481, .F. );
#1826=EDGE_LOOP ( 'NONE', ( #9235, #1729, #5345, #3517, #63, #2148 ) );
#1827=CARTESIAN_POINT ( 'NONE',  ( 0.09251968503937008093, 0.08661417322206693692, -0.1240157480314960647 ) );
#1828=VECTOR ( 'NONE', #10725, 39.37007874015748143 );
#1829=CARTESIAN_POINT ( 'NONE',  ( 0.07216900063157480338, -0.03263599145176771660, -0.4231598367988189113 ) );
#1830=ADVANCED_FACE ( 'NONE', ( #565 ), #6526, .T. );
#1831=CARTESIAN_POINT ( 'NONE',  ( 0.1191408654824803182, -0.07278826837578740439, -0.4311023622047244208 ) );
#1832=ORIENTED_EDGE ( 'NONE', *, *, #9587, .F. );
#1833=CARTESIAN_POINT ( 'NONE',  ( 0.04232283464566929249, 0.01574803149606303354, -0.5000000000000000000 ) );
#1834=VERTEX_POINT ( 'NONE', #7998 );
#1835=CARTESIAN_POINT ( 'NONE',  ( 0.03740157480314960925, -0.06988188976377952832, -0.5708661417322835607 ) );
#1836=EDGE_LOOP ( 'NONE', ( #9034, #6058, #7324, #9575, #7781, #5604 ) );
#1837=DIRECTION ( 'NONE',  ( -0.000000000000000000, -0.9230769230785420554, -0.3846153846114990782 ) );
#1838=ORIENTED_EDGE ( 'NONE', *, *, #2616, .T. );
#1839=LINE ( 'NONE', #3803, #2320 );
#1840=CARTESIAN_POINT ( 'NONE',  ( 0.1033464566929133965, -0.07967803215531496508, -0.07386527493129921296 ) );
#1841=LINE ( 'NONE', #1727, #58 );
#1842=EDGE_CURVE ( 'NONE', #8227, #10591, #3824, .T. );
#1843=ORIENTED_EDGE ( 'NONE', *, *, #8566, .F. );
#1844=ORIENTED_EDGE ( 'NONE', *, *, #3669, .F. );
#1845=PLANE ( 'NONE',  #11670 );
#1846=CARTESIAN_POINT ( 'NONE',  ( -0.1023625313157086603, 0.08645420967992363537, -0.1772077132656888487 ) );
#1847=AXIS2_PLACEMENT_3D ( 'NONE', #1924, #584, #2739 );
#1848=CIRCLE ( 'NONE', #6089, 0.003937007874015747977 );
#1849=CARTESIAN_POINT ( 'NONE',  ( 0.09251737477205075610, -0.04305945740841156388, -0.05409252263323945098 ) );
#1850=FACE_OUTER_BOUND ( 'NONE', #5481, .T. );
#1851=EDGE_CURVE ( 'NONE', #712, #3226, #2522, .T. );
#1852=ORIENTED_EDGE ( 'NONE', *, *, #11615, .T. );
#1853=FACE_OUTER_BOUND ( 'NONE', #559, .T. );
#1854=ORIENTED_EDGE ( 'NONE', *, *, #5698, .F. );
#1855=CARTESIAN_POINT ( 'NONE',  ( 0.08070866141732284393, 0.000000000000000000, -0.2086614173228346636 ) );
#1856=VERTEX_POINT ( 'NONE', #7422 );
#1857=CIRCLE ( 'NONE', #4791, 0.01041634374435477205 );
#1858=AXIS2_PLACEMENT_3D ( 'NONE', #7861, #73, #16 );
#1859=CARTESIAN_POINT ( 'NONE',  ( -0.09547244094488190058, 0.07677165354330708902, -0.4891732283464567121 ) );
#1860=DIRECTION ( 'NONE',  ( 0.000000000000000000, 0.9701425001441935647, -0.2425356250408864101 ) );
#1861=CARTESIAN_POINT ( 'NONE',  ( 0.09251968503937006705, 0.08661417326710103837, -0.04926193542544783643 ) );
#1862=ORIENTED_EDGE ( 'NONE', *, *, #5287, .T. );
#1863=ORIENTED_EDGE ( 'NONE', *, *, #3768, .T. );
#1864=LINE ( 'NONE', #874, #311 );
#1865=EDGE_CURVE ( 'NONE', #10030, #4571, #8804, .T. );
#1866=PRESENTATION_LAYER_ASSIGNMENT (  '', '', ( #2268 ) );
#1867=CIRCLE ( 'NONE', #4029, 0.02952755905511812023 );
#1868=CARTESIAN_POINT ( 'NONE',  ( 0.09251968503937008093, 0.03307086614173980477, -0.1240157480314944966 ) );
#1869=LINE ( 'NONE', #7140, #9247 );
#1870=ORIENTED_EDGE ( 'NONE', *, *, #403, .T. );
#1871=VERTEX_POINT ( 'NONE', #8324 );
#1872=ORIENTED_EDGE ( 'NONE', *, *, #5866, .F. );
#1873=ORIENTED_EDGE ( 'NONE', *, *, #9985, .F. );
#1874=CARTESIAN_POINT ( 'NONE',  ( 0.09448818897637795144, 0.05511811023621582956, -0.3759842519685039353 ) );
#1875=CARTESIAN_POINT ( 'NONE',  ( 0.09238105122607992437, 0.08708381930373583490, -0.09031603516008344934 ) );
#1876=AXIS2_PLACEMENT_3D ( 'NONE', #11066, #73, #16 );
#1877=CARTESIAN_POINT ( 'NONE',  ( -0.09153543307086613179, -0.09842519685039370636, -0.1978346456692913480 ) );
#1878=( NAMED_UNIT ( * ) PLANE_ANGLE_UNIT ( ) SI_UNIT ( $, .RADIAN. ) );
#1879=ORIENTED_EDGE ( 'NONE', *, *, #3649, .F. );
#1880=EDGE_CURVE ( 'NONE', #8652, #1187, #9102, .T. );
#1881=CARTESIAN_POINT ( 'NONE',  ( 0.09055118110236221041, 0.08661417322834646937, -0.1240157480314960647 ) );
#1882=CARTESIAN_POINT ( 'NONE',  ( 0.1023622047244094474, -0.08316929133858266820, -0.07480314960629921850 ) );
#1883=ORIENTED_EDGE ( 'NONE', *, *, #4253, .F. );
#1884=EDGE_CURVE ( 'NONE', #7791, #11472, #1591, .T. );
#1885=EDGE_CURVE ( 'NONE', #2699, #484, #6296, .T. );
#1886=CARTESIAN_POINT ( 'NONE',  ( 0.09931721161814960341, -0.04141276800086613613, -0.05410926813484252806 ) );
#1887=EDGE_LOOP ( 'NONE', ( #3902, #7523, #3562, #1642 ) );
#1888=FACE_OUTER_BOUND ( 'NONE', #11191, .T. );
#1889=CARTESIAN_POINT ( 'NONE',  ( -0.1181102362204724532, -0.09842519685039370636, -0.2854330708661417804 ) );
#1890=ORIENTED_EDGE ( 'NONE', *, *, #10609, .F. );
#1891=CARTESIAN_POINT ( 'NONE',  ( -0.03569652699801814655, 0.08073260313181024328, -0.1830181574881972473 ) );
#1892=CARTESIAN_POINT ( 'NONE',  ( -0.05905511811023622659, -0.08464566929133858497, -0.5826771653543307838 ) );
#1893=CARTESIAN_POINT ( 'NONE',  ( 0.05954909811129826397, 0.03270680615228563348, -0.4206384313779391038 ) );
#1894=EDGE_CURVE ( 'NONE', #6624, #4864, #3747, .T. );
#1895=EDGE_CURVE ( 'NONE', #3672, #6543, #11393, .T. );
#1896=CARTESIAN_POINT ( 'NONE',  ( -0.09645669291338582196, -0.07874015748031495954, -0.4852362204724409156 ) );
#1897=LINE ( 'NONE', #7334, #293 );
#1898=CIRCLE ( 'NONE', #2697, 0.004921259842519686706 );
#1899=VERTEX_POINT ( 'NONE', #7375 );
#1900=CARTESIAN_POINT ( 'NONE',  ( -0.08661417322834646937, 0.08858267716535432601, -0.2421259842519685179 ) );
#1901=CIRCLE ( 'NONE', #7641, 0.004921259842519689308 );
#1902=VERTEX_POINT ( 'NONE', #8383 );
#1903=LINE ( 'NONE', #5714, #33 );
#1904=ORIENTED_EDGE ( 'NONE', *, *, #7424, .F. );
#1905=PLANE ( 'NONE',  #8737 );
#1906=ORIENTED_EDGE ( 'NONE', *, *, #9060, .F. );
#1907=FACE_OUTER_BOUND ( 'NONE', #9710, .T. );
#1908=CARTESIAN_POINT ( 'NONE',  ( 0.08267716535433070058, 0.08169291338586831541, -0.4507874015749260277 ) );
#1909=LINE ( 'NONE', #6374, #188 );
#1910=VERTEX_POINT ( 'NONE', #1055 );
#1911=VERTEX_POINT ( 'NONE', #5861 );
#1912=EDGE_CURVE ( 'NONE', #340, #8432, #5811, .T. );
#1913=CARTESIAN_POINT ( 'NONE',  ( 0.09148905577736221595, 0.06692913385826770867, -0.1270148812305118280 ) );
#1914=CARTESIAN_POINT ( 'NONE',  ( -0.1024288067863614177, 0.08637288155808603429, -0.1772042246094382434 ) );
#1915=AXIS2_PLACEMENT_3D ( 'NONE', #1544, #16, #54 );
#1916=DIRECTION ( 'NONE',  ( 1.000000000000000000, -1.807003620809174878E-16, -1.306104834246985998E-31 ) );
#1917=B_SPLINE_CURVE_WITH_KNOTS ( 'NONE', 3,( #6535, #10010, #809, #8337, #4578, #5639, #3752 ),.UNSPECIFIED., .F., .F.,( 4, 3, 4 ),( 3.192517202240463054E-16, 5.711332107891492732E-05, 0.0001159465216341234734 ),.UNSPECIFIED. );
#1918=CARTESIAN_POINT ( 'NONE',  ( 0.09744094488188977110, 0.03307086614173311567, -0.1240157480314927202 ) );
#1919=VERTEX_POINT ( 'NONE', #2605 );
#1920=CARTESIAN_POINT ( 'NONE',  ( -0.08267716535433070058, 0.07874015748031495954, -0.4921259842519685179 ) );
#1921=VERTEX_POINT ( 'NONE', #10279 );
#1922=CYLINDRICAL_SURFACE ( 'NONE', #7760, 0.004921259842524895213 );
#1923=VERTEX_POINT ( 'NONE', #156 );
#1924=CARTESIAN_POINT ( 'NONE',  ( 0.03838582677165354451, -0.04921259842519685318, -0.4625984251968504046 ) );
#1925=CARTESIAN_POINT ( 'NONE',  ( 0.09284284329744095510, 0.09522648427681101868, -0.05284234412062992908 ) );
#1926=CARTESIAN_POINT ( 'NONE',  ( 0.05019685039370201662, -0.02512506281026755453, -0.5045355816305093777 ) );
#1927=VERTEX_POINT ( 'NONE', #3903 );
#1928=ORIENTED_EDGE ( 'NONE', *, *, #8774, .F. );
#1929=EDGE_CURVE ( 'NONE', #433, #3864, #1536, .T. );
#1930=CARTESIAN_POINT ( 'NONE',  ( 0.08858267716535432601, -0.07185039370078739884, -0.4940944881889763884 ) );
#1931=CARTESIAN_POINT ( 'NONE',  ( 0.09448818897637795144, 0.06003937007874016185, -0.1633858267716535584 ) );
#1932=CIRCLE ( 'NONE', #884, 0.001968503937007879193 );
#1933=CARTESIAN_POINT ( 'NONE',  ( -0.03980314960629921517, 0.09842519685039370636, -0.1700590551181102583 ) );
#1934=CARTESIAN_POINT ( 'NONE',  ( -0.09251968503937008093, -0.07677165354330708902, -0.02460629921259842659 ) );
#1935=CARTESIAN_POINT ( 'NONE',  ( 0.03248031496062991907, 0.06102362204724409711, -0.5708661417322835607 ) );
#1936=ORIENTED_EDGE ( 'NONE', *, *, #6681, .T. );
#1937=ADVANCED_FACE ( 'NONE', ( #2128 ), #3965, .F. );
#1938=ORIENTED_EDGE ( 'NONE', *, *, #2869, .F. );
#1939=ORIENTED_EDGE ( 'NONE', *, *, #7400, .T. );
#1940=ORIENTED_EDGE ( 'NONE', *, *, #566, .F. );
#1941=CARTESIAN_POINT ( 'NONE',  ( -0.04133858267716535029, 0.09945582611240158522, -0.1711811023622047401 ) );
#1942=CARTESIAN_POINT ( 'NONE',  ( 0.09580060250082678142, 0.08661417320555118982, -0.09050184485492127062 ) );
#1943=DIRECTION ( 'NONE',  ( 0.000000000000000000, -0.9230769230770846656, -0.3846153846149967803 ) );
#1944=VECTOR ( 'NONE', #1153, 39.37007874015747433 );
#1945=VERTEX_POINT ( 'NONE', #4085 );
#1946=VERTEX_POINT ( 'NONE', #7681 );
#1947=ADVANCED_FACE ( 'NONE', ( #6754 ), #2067, .F. );
#1948=CARTESIAN_POINT ( 'NONE',  ( -0.1043307086614173318, -0.07677165354330708902, -0.03100393700787401619 ) );
#1949=CARTESIAN_POINT ( 'NONE',  ( -0.02952755905512078824, 0.06442152823603641831, -0.2273622047244094335 ) );
#1950=AXIS2_PLACEMENT_3D ( 'NONE', #323, #47, #7 );
#1951=CARTESIAN_POINT ( 'NONE',  ( -0.1072834645669291376, -0.08759842519685039075, -0.1535433070866141780 ) );
#1952=FACE_OUTER_BOUND ( 'NONE', #1753, .T. );
#1953=VERTEX_POINT ( 'NONE', #639 );
#1954=CYLINDRICAL_SURFACE ( 'NONE', #4718, 0.001968503937007879193 );
#1955=VERTEX_POINT ( 'NONE', #8605 );
#1956=CARTESIAN_POINT ( 'NONE',  ( -0.08267716535433070058, 0.07874015748031495954, -0.5511811023622047445 ) );
#1957=EDGE_CURVE ( 'NONE', #4472, #721, #10167, .T. );
#1958=LINE ( 'NONE', #10737, #11 );
#1959=ORIENTED_EDGE ( 'NONE', *, *, #8724, .F. );
#1960=VECTOR ( 'NONE', #7178, 39.37007874015748854 );
#1961=CARTESIAN_POINT ( 'NONE',  ( 0.09148777048114173360, -0.04347499492169291935, -0.08578519015118109270 ) );
#1962=EDGE_CURVE ( 'NONE', #11104, #8484, #216, .T. );
#1963=EDGE_CURVE ( 'NONE', #10071, #5546, #3235, .T. );
#1964=CARTESIAN_POINT ( 'NONE',  ( 0.09448818897637795144, 0.04724409448818897572, -0.2185039370078740439 ) );
#1965=FACE_OUTER_BOUND ( 'NONE', #3992, .T. );
#1966=ORIENTED_EDGE ( 'NONE', *, *, #7332, .F. );
#1967=ORIENTED_EDGE ( 'NONE', *, *, #8271, .T. );
#1968=EDGE_CURVE ( 'NONE', #6458, #8381, #3108, .T. );
#1969=LINE ( 'NONE', #2834, #10516 );
#1970=EDGE_LOOP ( 'NONE', ( #8198, #4246, #3324, #2787, #10381, #5852 ) );
#1971=ORIENTED_EDGE ( 'NONE', *, *, #4881, .F. );
#1972=ADVANCED_FACE ( 'NONE', ( #94 ), #4992, .T. );
#1973=CARTESIAN_POINT ( 'NONE',  ( 0.1771653543307086520, -0.09645669291338582196, -0.4468503937007874405 ) );
#1974=CARTESIAN_POINT ( 'NONE',  ( 0.05121355462756253807, -0.02289936654904557028, -0.4932458004406551910 ) );
#1975=CARTESIAN_POINT ( 'NONE',  ( 0.05635844135570507868, 0.04022872094059355003, -0.07606961078244971197 ) );
#1976=VERTEX_POINT ( 'NONE', #5473 );
#1977=CARTESIAN_POINT ( 'NONE',  ( 0.09737345196662863800, 0.09638524104652386459, -0.05112997911868674000 ) );
#1978=FACE_OUTER_BOUND ( 'NONE', #11017, .T. );
#1979=CARTESIAN_POINT ( 'NONE',  ( -0.09153543307086613179, -0.04921259842519685318, -0.2273622047244094335 ) );
#1980=ORIENTED_EDGE ( 'NONE', *, *, #172, .T. );
#1981=EDGE_CURVE ( 'NONE', #3529, #2654, #4873, .T. );
#1982=CARTESIAN_POINT ( 'NONE',  ( 0.05163952653596180081, 0.02279644080564981884, -0.4914947111419639136 ) );
#1983=EDGE_CURVE ( 'NONE', #1585, #7796, #351, .T. );
#1984=ORIENTED_EDGE ( 'NONE', *, *, #6915, .T. );
#1985=VERTEX_POINT ( 'NONE', #4140 );
#1986=CARTESIAN_POINT ( 'NONE',  ( -0.06102362204724409711, 0.000000000000000000, -0.4251968503937008093 ) );
#1987=CARTESIAN_POINT ( 'NONE',  ( 0.09241405079308727399, 0.08727822410494386063, -0.04958602638061055529 ) );
#1988=VERTEX_POINT ( 'NONE', #2992 );
#1989=ORIENTED_EDGE ( 'NONE', *, *, #1580, .F. );
#1990=DIRECTION ( 'NONE',  ( -0.4226182617401383346, 0.9063077870369116162, 0.000000000000000000 ) );
#1991=LINE ( 'NONE', #8080, #293 );
#1992=CARTESIAN_POINT ( 'NONE',  ( -0.09251968503937008093, -0.0004921259865157369883, -0.1535433070866141780 ) );
#1993=EDGE_CURVE ( 'NONE', #4865, #7396, #6640, .T. );
#1994=CARTESIAN_POINT ( 'NONE',  ( 0.1771653543307086520, -0.09251968503937008093, -0.09448818897637795144 ) );
#1995=VERTEX_POINT ( 'NONE', #6861 );
#1996=ORIENTED_EDGE ( 'NONE', *, *, #4014, .T. );
#1997=EDGE_CURVE ( 'NONE', #2786, #8409, #10334, .T. );
#1998=ORIENTED_EDGE ( 'NONE', *, *, #6568, .T. );
#1999=ORIENTED_EDGE ( 'NONE', *, *, #492, .T. );
#2000=DIRECTION ( 'NONE',  ( 0.000000000000000000, -0.3846153846149968913, 0.9230769230770846656 ) );
#2001=CARTESIAN_POINT ( 'NONE',  ( -0.1422244094488188948, -0.1023622047244094474, -0.1535433070866141780 ) );
#2002=EDGE_CURVE ( 'NONE', #10189, #9191, #1041, .T. );
#2003=CARTESIAN_POINT ( 'NONE',  ( -0.09251968503937008093, -0.04232283464566929249, -0.2185039370078740439 ) );
#2004=ORIENTED_EDGE ( 'NONE', *, *, #8641, .F. );
#2005=ORIENTED_EDGE ( 'NONE', *, *, #9355, .F. );
#2006=LINE ( 'NONE', #625, #728 );
#2007=CARTESIAN_POINT ( 'NONE',  ( -0.1181102362204724532, -0.09842519685039370636, -0.5708661417322835607 ) );
#2008=ADVANCED_FACE ( 'NONE', ( #3051 ), #5222, .F. );
#2009=CARTESIAN_POINT ( 'NONE',  ( -0.1181102362204724532, 0.1023622047244094474, -0.07929133858267717327 ) );
#2010=LINE ( 'NONE', #9335, #728 );
#2011=AXIS2_PLACEMENT_3D ( 'NONE', #2441, #47, #73 );
#2012=FACE_OUTER_BOUND ( 'NONE', #5183, .T. );
#2013=ADVANCED_FACE ( 'NONE', ( #11424 ), #10392, .T. );
#2014=VERTEX_POINT ( 'NONE', #7089 );
#2015=CARTESIAN_POINT ( 'NONE',  ( 0.04608182271761511462, -0.03883387068829188132, -0.3653396829777621480 ) );
#2016=FACE_OUTER_BOUND ( 'NONE', #7177, .T. );
#2017=ORIENTED_EDGE ( 'NONE', *, *, #10879, .T. );
#2018=CARTESIAN_POINT ( 'NONE',  ( -0.07086614173228346358, 0.000000000000000000, 0.08661417322834646937 ) );
#2019=DIRECTION ( 'NONE',  ( 0.9063077870365078281, 0.4226182617410043640, -1.323488980078449576E-16 ) );
#2020=LINE ( 'NONE', #3792, #11 );
#2021=EDGE_CURVE ( 'NONE', #3789, #2898, #11367, .T. );
#2022=PLANE ( 'NONE',  #6904 );
#2023=CARTESIAN_POINT ( 'NONE',  ( 0.03837352134336936144, -0.02328789440639985123, -0.4999999999969194642 ) );
#2024=VERTEX_POINT ( 'NONE', #10445 );
#2025=CARTESIAN_POINT ( 'NONE',  ( 0.04232283464566929249, 0.01574803149606299191, -0.5000000000000000000 ) );
#2026=ORIENTED_EDGE ( 'NONE', *, *, #5057, .T. );
#2027=ORIENTED_EDGE ( 'NONE', *, *, #7055, .F. );
#2028=CARTESIAN_POINT ( 'NONE',  ( 0.09551881823838581642, -0.03269051618297244555, -0.5245815853137795193 ) );
#2029=ORIENTED_EDGE ( 'NONE', *, *, #1692, .F. );
#2030=CARTESIAN_POINT ( 'NONE',  ( 0.03838582677165354451, 0.000000000000000000, -0.5649606299212598381 ) );
#2031=CARTESIAN_POINT ( 'NONE',  ( 0.02354831935459171868, -0.1299209946236692947, -0.4143005609528754296 ) );
#2032=CARTESIAN_POINT ( 'NONE',  ( 0.03325340616483078715, 0.03937007874015747977, -0.3635635387698602505 ) );
#2033=CARTESIAN_POINT ( 'NONE',  ( -0.1053149606299212532, -0.09842519685039370636, -0.08070866141732284393 ) );
#2034=ORIENTED_EDGE ( 'NONE', *, *, #10824, .F. );
#2035=DIRECTION ( 'NONE',  ( 5.990472469263870347E-16, 5.854176206259410021E-16, 1.000000000000000000 ) );
#2036=CARTESIAN_POINT ( 'NONE',  ( 0.1033464566929133965, -0.09842519685039370636, -0.02362204724409448786 ) );
#2037=EDGE_CURVE ( 'NONE', #9647, #1435, #11252, .T. );
#2038=LINE ( 'NONE', #3142, #293 );
#2039=VECTOR ( 'NONE', #6399, 39.37007874015748143 );
#2040=EDGE_CURVE ( 'NONE', #7430, #9793, #3351, .T. );
#2041=ORIENTED_EDGE ( 'NONE', *, *, #212, .F. );
#2042=CARTESIAN_POINT ( 'NONE',  ( 0.05019685039366821727, 0.01574803149606843547, -0.4895836562556081795 ) );
#2043=VERTEX_POINT ( 'NONE', #2432 );
#2044=VERTEX_POINT ( 'NONE', #6097 );
#2045=CARTESIAN_POINT ( 'NONE',  ( 0.09386771978464567012, 0.09907742209291339752, -0.05284233877393700735 ) );
#2046=AXIS2_PLACEMENT_3D ( 'NONE', #4913, #47, #7 );
#2047=CARTESIAN_POINT ( 'NONE',  ( 0.08267716535433070058, 0.07104560745578740455, -0.4593052463185039458 ) );
#2048=ORIENTED_EDGE ( 'NONE', *, *, #11613, .F. );
#2049=VERTEX_POINT ( 'NONE', #3410 );
#2050=LINE ( 'NONE', #336, #10193 );
#2051=CARTESIAN_POINT ( 'NONE',  ( 0.09055118110218661476, 0.09345486236441986894, -0.08469837794503937145 ) );
#2052=EDGE_CURVE ( 'NONE', #5100, #9447, #7967, .T. );
#2053=EDGE_CURVE ( 'NONE', #10487, #184, #10498, .T. );
#2054=CARTESIAN_POINT ( 'NONE',  ( 0.05019685039370079538, 0.04921259842519685318, -0.4625984251968504046 ) );
#2055=AXIS2_PLACEMENT_3D ( 'NONE', #610, #73, #54 );
#2056=ORIENTED_EDGE ( 'NONE', *, *, #3855, .F. );
#2057=CIRCLE ( 'NONE', #8705, 0.009842518229685081471 );
#2058=EDGE_LOOP ( 'NONE', ( #4742, #6790, #9369, #3717, #5648, #544 ) );
#2059=ORIENTED_EDGE ( 'NONE', *, *, #11716, .T. );
#2060=ORIENTED_EDGE ( 'NONE', *, *, #8070, .F. );
#2061=CARTESIAN_POINT ( 'NONE',  ( -0.09251968503937008093, 0.04488188976377952694, -0.2519685039370078705 ) );
#2062=DIRECTION ( 'NONE',  ( 0.4226182617418250964, -0.9063077870361251343, 0.000000000000000000 ) );
#2063=CARTESIAN_POINT ( 'NONE',  ( 0.06796720887708418424, 0.01152790251263588125, -0.06968503937007883287 ) );
#2064=CARTESIAN_POINT ( 'NONE',  ( -0.06315928479383808858, 0.02183852898244677612, -0.1946454000708992826 ) );
#2065=EDGE_LOOP ( 'NONE', ( #7510, #5740, #5677, #8698 ) );
#2066=ORIENTED_EDGE ( 'NONE', *, *, #4307, .F. );
#2067=PLANE ( 'NONE',  #10005 );
#2068=EDGE_CURVE ( 'NONE', #9318, #10771, #4381, .T. );
#2069=CIRCLE ( 'NONE', #6925, 0.07086614173228346358 );
#2070=LINE ( 'NONE', #10852, #728 );
#2071=CARTESIAN_POINT ( 'NONE',  ( -0.08366141732283464971, 0.000000000000000000, -0.5649606299212598381 ) );
#2072=VERTEX_POINT ( 'NONE', #7037 );
#2073=CARTESIAN_POINT ( 'NONE',  ( 0.08267716535433070058, -0.06003937007874016185, -0.5590551181102362266 ) );
#2074=VECTOR ( 'NONE', #6542, 39.37007874015748143 );
#2075=CARTESIAN_POINT ( 'NONE',  ( -0.1023622047244094474, -0.07874015748031495954, -0.1535433070866141780 ) );
#2076=CARTESIAN_POINT ( 'NONE',  ( 0.09055118110224411043, 0.09186359462681101262, -0.08469837794503937145 ) );
#2077=ORIENTED_EDGE ( 'NONE', *, *, #7424, .T. );
#2078=CARTESIAN_POINT ( 'NONE',  ( 0.08858267716535432601, -0.06003937007874016185, -0.5708661417322835607 ) );
#2079=PLANE ( 'NONE',  #8028 );
#2080=CARTESIAN_POINT ( 'NONE',  ( 0.09448818897637795144, -0.02951782909913216665, -0.5398104833162102878 ) );
#2081=EDGE_CURVE ( 'NONE', #2592, #10834, #409, .T. );
#2082=CIRCLE ( 'NONE', #861, 0.01181102362202192738 );
#2083=AXIS2_PLACEMENT_3D ( 'NONE', #3439, #73, #54 );
#2084=CARTESIAN_POINT ( 'NONE',  ( -0.07568785846293051012, -0.005029083955091677785, -0.2185039367122834641 ) );
#2085=ORIENTED_EDGE ( 'NONE', *, *, #3984, .F. );
#2086=CARTESIAN_POINT ( 'NONE',  ( 0.04132749983997085347, 0.01728079973006701672, -0.4973834009555917479 ) );
#2087=ORIENTED_EDGE ( 'NONE', *, *, #4512, .T. );
#2088=LINE ( 'NONE', #11165, #58 );
#2089=EDGE_LOOP ( 'NONE', ( #1467, #1448, #4603, #11184 ) );
#2090=ORIENTED_EDGE ( 'NONE', *, *, #8281, .F. );
#2091=CARTESIAN_POINT ( 'NONE',  ( 0.03903347473777227933, 0.03937007874015747977, -0.3623528159190987918 ) );
#2092=EDGE_CURVE ( 'NONE', #4805, #5854, #2732, .T. );
#2093=PLANE ( 'NONE',  #10070 );
#2094=LINE ( 'NONE', #6295, #293 );
#2095=EDGE_LOOP ( 'NONE', ( #5327, #7483, #1052, #1302 ) );
#2096=CARTESIAN_POINT ( 'NONE',  ( -0.06154760893617380879, 0.04858416467377805331, -0.1980314960629921128 ) );
#2097=EDGE_CURVE ( 'NONE', #5923, #3740, #8831, .T. );
#2098=DIRECTION ( 'NONE',  ( 0.9063077870366135214, 0.4226182617407778230, 3.880432934251485166E-12 ) );
#2099=AXIS2_PLACEMENT_3D ( 'NONE', #9233, #1254, #16 );
#2100=AXIS2_PLACEMENT_3D ( 'NONE', #10341, #47, #7 );
#2101=CARTESIAN_POINT ( 'NONE',  ( 0.09251968503937008093, -0.07874015748031495954, -0.06988188976377952832 ) );
#2102=LINE ( 'NONE', #5784, #58 );
#2103=ORIENTED_EDGE ( 'NONE', *, *, #890, .T. );
#2104=CARTESIAN_POINT ( 'NONE',  ( 0.07776767274314821954, -0.009489260072387990796, -0.09055118110236221041 ) );
#2105=ORIENTED_EDGE ( 'NONE', *, *, #5877, .F. );
#2106=LINE ( 'NONE', #9311, #33 );
#2107=ORIENTED_EDGE ( 'NONE', *, *, #10578, .F. );
#2108=ADVANCED_FACE ( 'NONE', ( #4441 ), #5107, .F. );
#2109=LINE ( 'NONE', #6034, #311 );
#2110=CARTESIAN_POINT ( 'NONE',  ( 0.09032555161212599271, 0.09151585994937008750, -0.05562763280393701049 ) );
#2111=CARTESIAN_POINT ( 'NONE',  ( -0.07775590551181103816, 0.07677165354330708902, -0.5649606299212598381 ) );
#2112=ORIENTED_EDGE ( 'NONE', *, *, #7825, .F. );
#2113=ORIENTED_EDGE ( 'NONE', *, *, #457, .T. );
#2114=CARTESIAN_POINT ( 'NONE',  ( 0.09748732217539370082, 0.09945582611240158522, -0.4586614173228346636 ) );
#2115=CARTESIAN_POINT ( 'NONE',  ( -0.09061924010775590510, 0.08858263176059055777, -0.1826209987319685202 ) );
#2116=EDGE_CURVE ( 'NONE', #6431, #2486, #1533, .T. );
#2117=EDGE_CURVE ( 'NONE', #9084, #7430, #1620, .T. );
#2118=LINE ( 'NONE', #1992, #293 );
#2119=EDGE_LOOP ( 'NONE', ( #5831, #4107, #2795, #8683, #4932, #7457, #8400 ) );
#2120=ORIENTED_EDGE ( 'NONE', *, *, #6320, .T. );
#2121=EDGE_LOOP ( 'NONE', ( #6621, #7215, #923, #11440 ) );
#2122=ORIENTED_EDGE ( 'NONE', *, *, #4115, .F. );
#2123=ADVANCED_FACE ( 'NONE', ( #11475 ), #6037, .T. );
#2124=FACE_OUTER_BOUND ( 'NONE', #11451, .T. );
#2125=CARTESIAN_POINT ( 'NONE',  ( 0.03838582677165354451, -0.06496062992125983815, -0.4606299212598425341 ) );
#2126=ORIENTED_EDGE ( 'NONE', *, *, #6382, .T. );
#2127=ORIENTED_EDGE ( 'NONE', *, *, #2547, .F. );
#2128=FACE_OUTER_BOUND ( 'NONE', #7985, .T. );
#2129=AXIS2_PLACEMENT_3D ( 'NONE', #1085, #98, #54 );
#2130=LINE ( 'NONE', #3236, #31 );
#2131=CARTESIAN_POINT ( 'NONE',  ( 0.1023622047244094474, 0.08562992125996063408, -0.04921259915084646303 ) );
#2132=CARTESIAN_POINT ( 'NONE',  ( 0.09148905577736221595, -0.07770952821830709456, -0.1141732283464566844 ) );
#2133=LINE ( 'NONE', #5813, #728 );
#2134=CARTESIAN_POINT ( 'NONE',  ( 0.07086614173228346358, 8.678599364036359818E-18, 0.08661417322834646937 ) );
#2135=CIRCLE ( 'NONE', #5770, 0.01968503937007873988 );
#2136=ORIENTED_EDGE ( 'NONE', *, *, #7440, .F. );
#2137=CARTESIAN_POINT ( 'NONE',  ( 0.05163977173049903724, -0.02650453680359181330, -0.4974886969818848037 ) );
#2138=EDGE_CURVE ( 'NONE', #6731, #8502, #11476, .T. );
#2139=LINE ( 'NONE', #3116, #33 );
#2140=EDGE_CURVE ( 'NONE', #2954, #8626, #9983, .T. );
#2141=ORIENTED_EDGE ( 'NONE', *, *, #7661, .F. );
#2142=FACE_OUTER_BOUND ( 'NONE', #2121, .T. );
#2143=CARTESIAN_POINT ( 'NONE',  ( 0.1005178698235482393, -0.03498782949329130171, -0.08562992125984252023 ) );
#2144=CARTESIAN_POINT ( 'NONE',  ( -0.09055784260700787403, 0.08755316270893699626, -0.2127816134147244020 ) );
#2145=ORIENTED_EDGE ( 'NONE', *, *, #6348, .T. );
#2146=FACE_OUTER_BOUND ( 'NONE', #11714, .T. );
#2147=CIRCLE ( 'NONE', #1950, 0.005905511811023620231 );
#2148=ORIENTED_EDGE ( 'NONE', *, *, #9495, .F. );
#2149=LINE ( 'NONE', #10408, #11 );
#2150=ORIENTED_EDGE ( 'NONE', *, *, #5357, .F. );
#2151=CARTESIAN_POINT ( 'NONE',  ( -0.1023622047244094474, 0.04488188976377952694, -0.1437007874015747977 ) );
#2152=ORIENTED_EDGE ( 'NONE', *, *, #6383, .F. );
#2153=ORIENTED_EDGE ( 'NONE', *, *, #5718, .T. );
#2154=FACE_OUTER_BOUND ( 'NONE', #7141, .T. );
#2155=CARTESIAN_POINT ( 'NONE',  ( -0.09251968503937008093, -0.004921259842519684971, -0.2234251968503937202 ) );
#2156=CIRCLE ( 'NONE', #2952, 0.01181102362204724046 );
#2157=CARTESIAN_POINT ( 'NONE',  ( 0.03838582677165354451, -0.03521366893700397793, -0.4685039370078740717 ) );
#2158=EDGE_CURVE ( 'NONE', #10911, #8722, #723, .T. );
#2159=CARTESIAN_POINT ( 'NONE',  ( 0.07219355928082678286, 0.03264629614616929021, -0.4230063804751968415 ) );
#2160=AXIS2_PLACEMENT_3D ( 'NONE', #7887, #73, #98 );
#2161=ORIENTED_EDGE ( 'NONE', *, *, #4236, .T. );
#2162=ORIENTED_EDGE ( 'NONE', *, *, #8241, .T. );
#2163=ORIENTED_EDGE ( 'NONE', *, *, #546, .F. );
#2164=PLANE ( 'NONE',  #3483 );
#2165=ADVANCED_FACE ( 'NONE', ( #6397 ), #9872, .F. );
#2166=EDGE_LOOP ( 'NONE', ( #3647, #6194, #4897, #2388 ) );
#2167=AXIS2_PLACEMENT_3D ( 'NONE', #8630, #47, #98 );
#2168=CARTESIAN_POINT ( 'NONE',  ( 0.08858267716535432601, 0.08169291338584371009, -0.4507874015748173924 ) );
#2169=ORIENTED_EDGE ( 'NONE', *, *, #7152, .T. );
#2170=ORIENTED_EDGE ( 'NONE', *, *, #6805, .F. );
#2171=CARTESIAN_POINT ( 'NONE',  ( -0.1032597036720472594, -0.04096426413326771654, -0.2136073936297638032 ) );
#2172=CARTESIAN_POINT ( 'NONE',  ( 0.09551881823838581642, -0.08567629855334646383, -0.4350393700787402174 ) );
#2173=EDGE_CURVE ( 'NONE', #5916, #4472, #9086, .T. );
#2174=CARTESIAN_POINT ( 'NONE',  ( 0.03654934225229921479, 0.03947603439795276115, -0.3616667491053149885 ) );
#2175=ORIENTED_EDGE ( 'NONE', *, *, #7078, .T. );
#2176=ORIENTED_EDGE ( 'NONE', *, *, #1622, .F. );
#2177=ORIENTED_EDGE ( 'NONE', *, *, #8904, .T. );
#2178=ORIENTED_EDGE ( 'NONE', *, *, #4159, .F. );
#2179=CYLINDRICAL_SURFACE ( 'NONE', #11382, 0.009842519685039378616 );
#2180=LINE ( 'NONE', #150, #293 );
#2181=CARTESIAN_POINT ( 'NONE',  ( -0.04133858267716535029, 0.07086614173228346358, -0.1683070866141732347 ) );
#2182=LINE ( 'NONE', #153, #293 );
#2183=VERTEX_POINT ( 'NONE', #8935 );
#2184=VERTEX_POINT ( 'NONE', #4609 );
#2185=CARTESIAN_POINT ( 'NONE',  ( -0.09448618129768349139, 0.0007252091917151975249, 0.09842519685039370636 ) );
#2186=CARTESIAN_POINT ( 'NONE',  ( -0.07578740157480315376, 0.02460629921259842659, -0.1683070866141732347 ) );
#2187=EDGE_CURVE ( 'NONE', #228, #8680, #913, .T. );
#2188=CARTESIAN_POINT ( 'NONE',  ( 0.09551881823838581642, -0.05542193971964567284, -0.3730978718758267698 ) );
#2189=CARTESIAN_POINT ( 'NONE',  ( 0.04035433070866142197, 0.07933842900308454849, -0.09055118958596791723 ) );
#2190=EDGE_CURVE ( 'NONE', #10021, #9669, #1864, .T. );
#2191=ORIENTED_EDGE ( 'NONE', *, *, #3162, .F. );
#2192=ORIENTED_EDGE ( 'NONE', *, *, #1842, .T. );
#2193=EDGE_CURVE ( 'NONE', #9387, #7356, #9930, .T. );
#2194=LINE ( 'NONE', #418, #31 );
#2195=PLANE ( 'NONE',  #5398 );
#2196=CARTESIAN_POINT ( 'NONE',  ( 0.09096070157542066048, 0.09845866118216831109, -0.08509553670110235613 ) );
#2197=EDGE_LOOP ( 'NONE', ( #7135, #6126, #8156, #9761, #6395, #2822, #7041, #7373, #5126 ) );
#2198=CYLINDRICAL_SURFACE ( 'NONE', #6190, 0.003937007874015747977 );
#2199=CARTESIAN_POINT ( 'NONE',  ( 0.07578740157480315376, 0.08661417322834646937, -0.1259842519685039353 ) );
#2200=CARTESIAN_POINT ( 'NONE',  ( -0.09923258589456693257, 0.08477551513645668890, -0.2185067054209448856 ) );
#2201=ORIENTED_EDGE ( 'NONE', *, *, #10676, .T. );
#2202=PLANE ( 'NONE',  #3733 );
#2203=EDGE_CURVE ( 'NONE', #1528, #3955, #8251, .T. );
#2204=CARTESIAN_POINT ( 'NONE',  ( 0.07578740157480315376, 0.08661417322834646937, -0.02706692913386220256 ) );
#2205=EDGE_CURVE ( 'NONE', #8706, #4723, #2617, .T. );
#2206=ORIENTED_EDGE ( 'NONE', *, *, #10879, .F. );
#2207=LINE ( 'NONE', #5757, #31 );
#2208=ORIENTED_EDGE ( 'NONE', *, *, #2311, .T. );
#2209=ORIENTED_EDGE ( 'NONE', *, *, #10653, .T. );
#2210=AXIS2_PLACEMENT_3D ( 'NONE', #795, #8091, #73 );
#2211=ORIENTED_EDGE ( 'NONE', *, *, #2689, .F. );
#2212=DIRECTION ( 'NONE',  ( 0.000000000000000000, 0.9701425001455137309, 0.2425356250356054677 ) );
#2213=FACE_OUTER_BOUND ( 'NONE', #8116, .T. );
#2214=PLANE ( 'NONE',  #7659 );
#2215=LINE ( 'NONE', #8462, #6117 );
#2216=PLANE ( 'NONE',  #5445 );
#2217=EDGE_CURVE ( 'NONE', #11389, #6786, #784, .T. );
#2218=CARTESIAN_POINT ( 'NONE',  ( -0.09148905577736221595, 0.1023622047244094474, -0.08070866141732284393 ) );
#2219=ORIENTED_EDGE ( 'NONE', *, *, #7710, .T. );
#2220=CYLINDRICAL_SURFACE ( 'NONE', #6938, 0.005905511811023620231 );
#2221=ORIENTED_EDGE ( 'NONE', *, *, #6420, .F. );
#2222=VECTOR ( 'NONE', #1812, 39.37007874015748143 );
#2223=CARTESIAN_POINT ( 'NONE',  ( 0.000000000000000000, -0.09842519685039370636, -0.4133858267716535861 ) );
#2224=ORIENTED_EDGE ( 'NONE', *, *, #8813, .T. );
#2225=CARTESIAN_POINT ( 'NONE',  ( 0.09448818897637795144, -0.07824803149606300579, -0.4350393700787402174 ) );
#2226=EDGE_LOOP ( 'NONE', ( #10978, #8059, #6973, #10369 ) );
#2227=EDGE_CURVE ( 'NONE', #3628, #9406, #3711, .T. );
#2228=CARTESIAN_POINT ( 'NONE',  ( -0.02362204724409346090, -0.1299212598425196763, -0.4133858267687976484 ) );
#2229=DIRECTION ( 'NONE',  ( -0.9063077870373128508, 0.4226182617392779117, 0.000000000000000000 ) );
#2230=ORIENTED_EDGE ( 'NONE', *, *, #9048, .T. );
#2231=ORIENTED_EDGE ( 'NONE', *, *, #2511, .F. );
#2232=CARTESIAN_POINT ( 'NONE',  ( 0.1023387710535503814, -0.04231492555320825327, -0.08563828099862502707 ) );
#2233=AXIS2_PLACEMENT_3D ( 'NONE', #10719, #47, #7 );
#2234=EDGE_CURVE ( 'NONE', #3807, #11551, #1748, .T. );
#2235=VERTEX_POINT ( 'NONE', #5503 );
#2236=ORIENTED_EDGE ( 'NONE', *, *, #7486, .F. );
#2237=B_SPLINE_CURVE_WITH_KNOTS ( 'NONE', 3,( #4950, #11103, #306, #6821, #10295, #1334, #2591 ),.UNSPECIFIED., .F., .F.,( 4, 3, 4 ),( 4.336808689942019662E-19, 1.895949851518193688E-05, 3.803186151792605190E-05 ),.UNSPECIFIED. );
#2238=ORIENTED_EDGE ( 'NONE', *, *, #5510, .F. );
#2239=ORIENTED_EDGE ( 'NONE', *, *, #7991, .T. );
#2240=VECTOR ( 'NONE', #4510, 39.37007874015748854 );
#2241=LINE ( 'NONE', #4020, #6069 );
#2242=PLANE ( 'NONE',  #10467 );
#2243=FACE_OUTER_BOUND ( 'NONE', #1887, .T. );
#2244=EDGE_CURVE ( 'NONE', #1558, #8472, #7308, .T. );
#2245=LINE ( 'NONE', #8380, #33 );
#2246=ORIENTED_EDGE ( 'NONE', *, *, #1246, .T. );
#2247=VERTEX_POINT ( 'NONE', #5553 );
#2248=CARTESIAN_POINT ( 'NONE',  ( -0.04133858267716535029, 0.02460629921259842659, -0.2273622047244094335 ) );
#2249=ADVANCED_FACE ( 'NONE', ( #4673 ), #7358, .F. );
#2250=AXIS2_PLACEMENT_3D ( 'NONE', #3067, #218, #73 );
#2251=EDGE_CURVE ( 'NONE', #1322, #6731, #4731, .T. );
#2252=AXIS2_PLACEMENT_3D ( 'NONE', #6272, #480, #4271 );
#2253=FACE_OUTER_BOUND ( 'NONE', #4991, .T. );
#2254=PLANE ( 'NONE',  #1858 );
#2255=CARTESIAN_POINT ( 'NONE',  ( 0.03838582677165354451, 0.000000000000000000, -0.4370078740157480879 ) );
#2256=ORIENTED_EDGE ( 'NONE', *, *, #9956, .F. );
#2257=LINE ( 'NONE', #713, #31 );
#2258=ORIENTED_EDGE ( 'NONE', *, *, #5337, .F. );
#2259=PLANE ( 'NONE',  #7376 );
#2260=CIRCLE ( 'NONE', #3428, 0.009842519685054116826 );
#2261=ADVANCED_FACE ( 'NONE', ( #8079 ), #2, .T. );
#2262=CARTESIAN_POINT ( 'NONE',  ( 0.1181102362204724532, -0.1023622047244094474, -0.02465267650609448760 ) );
#2263=EDGE_CURVE ( 'NONE', #9145, #10911, #8951, .T. );
#2264=CARTESIAN_POINT ( 'NONE',  ( -0.09125825689240157912, 0.08724217632641734221, -0.2173473167753543489 ) );
#2265=EDGE_CURVE ( 'NONE', #6822, #11175, #5602, .T. );
#2266=ADVANCED_FACE ( 'NONE', ( #11129 ), #10957, .T. );
#2267=B_SPLINE_CURVE_WITH_KNOTS ( 'NONE', 3,( #5268, #9296, #7702, #2091, #9352, #7759, #2032 ),.UNSPECIFIED., .F., .F.,( 4, 3, 4 ),( 0.000000000000000000, 0.0001499999397626715694, 0.0002999998795254254840 ),.UNSPECIFIED. );
#2268=STYLED_ITEM ( 'NONE', ( #11654 ), #5404 );
#2269=ORIENTED_EDGE ( 'NONE', *, *, #11143, .F. );
#2270=ORIENTED_EDGE ( 'NONE', *, *, #7968, .T. );
#2271=CARTESIAN_POINT ( 'NONE',  ( -0.02950530667953871547, -0.1240157480314960647, -0.1366491423086611534 ) );
#2272=EDGE_LOOP ( 'NONE', ( #5519, #9149, #6687, #8580 ) );
#2273=ORIENTED_EDGE ( 'NONE', *, *, #11193, .F. );
#2274=DIRECTION ( 'NONE',  ( -0.4226182617401383346, -0.9063077870369116162, -0.000000000000000000 ) );
#2275=EDGE_CURVE ( 'NONE', #6120, #10717, #9370, .T. );
#2276=EDGE_CURVE ( 'NONE', #2679, #7581, #7865, .T. );
#2277=CARTESIAN_POINT ( 'NONE',  ( 0.03903348177406527897, -0.03937007874015747977, -0.3623528144451755861 ) );
#2278=CIRCLE ( 'NONE', #8535, 0.009842518229685025960 );
#2279=CARTESIAN_POINT ( 'NONE',  ( -0.1023622047244094474, -0.06889763779527559306, -0.2519685039370078705 ) );
#2280=CARTESIAN_POINT ( 'NONE',  ( -0.1043307086614173318, 0.09842519685039370636, -0.09350393700787401619 ) );
#2281=CARTESIAN_POINT ( 'NONE',  ( 0.006388591747768460755, 0.06102362204724410405, -0.3248031496062993018 ) );
#2282=EDGE_LOOP ( 'NONE', ( #2576, #10621, #6735, #5824 ) );
#2283=ORIENTED_EDGE ( 'NONE', *, *, #4159, .T. );
#2284=AXIS2_PLACEMENT_3D ( 'NONE', #144, #7, #47 );
#2285=CARTESIAN_POINT ( 'NONE',  ( -0.06029723278931298919, 0.02797621931299740933, -0.1980314960620134235 ) );
#2286=ORIENTED_EDGE ( 'NONE', *, *, #8791, .F. );
#2287=CARTESIAN_POINT ( 'NONE',  ( -0.08222784886046083375, -0.007409445792190098856, -0.1820866141732283561 ) );
#2288=VERTEX_POINT ( 'NONE', #4978 );
#2289=EDGE_CURVE ( 'NONE', #9026, #5200, #3036, .T. );
#2290=EDGE_CURVE ( 'NONE', #7633, #6563, #6679, .T. );
#2291=DIRECTION ( 'NONE',  ( 0.8838870153894656800, 0.000000000000000000, 0.4677004853812987140 ) );
#2292=ORIENTED_EDGE ( 'NONE', *, *, #5431, .F. );
#2293=ORIENTED_EDGE ( 'NONE', *, *, #3157, .F. );
#2294=CARTESIAN_POINT ( 'NONE',  ( 0.09448818897637795144, -0.07185039370078739884, -0.4212598425196850127 ) );
#2295=CARTESIAN_POINT ( 'NONE',  ( -0.09055118110232283912, 0.08858263176059055777, -0.1830181574880315187 ) );
#2296=FACE_BOUND ( 'NONE', #7272, .T. );
#2297=CARTESIAN_POINT ( 'NONE',  ( -0.09251968503937008093, -0.004921259842519684971, -0.2185039370078740439 ) );
#2298=ORIENTED_EDGE ( 'NONE', *, *, #2251, .F. );
#2299=VERTEX_POINT ( 'NONE', #10267 );
#2300=ORIENTED_EDGE ( 'NONE', *, *, #5458, .T. );
#2301=AXIS2_PLACEMENT_3D ( 'NONE', #10797, #73, #98 );
#2302=ORIENTED_EDGE ( 'NONE', *, *, #7352, .T. );
#2303=CIRCLE ( 'NONE', #7823, 0.009842519684660573989 );
#2304=CARTESIAN_POINT ( 'NONE',  ( -0.09251968503937008093, 0.04639612356147165828, -0.1473349485160417582 ) );
#2305=EDGE_CURVE ( 'NONE', #2049, #1856, #615, .T. );
#2306=PLANE ( 'NONE',  #2815 );
#2307=CARTESIAN_POINT ( 'NONE',  ( -0.06029723278932383468, 0.02797621931298626199, -0.1980314960629920573 ) );
#2308=ORIENTED_EDGE ( 'NONE', *, *, #7883, .F. );
#2309=ORIENTED_EDGE ( 'NONE', *, *, #5132, .T. );
#2310=LINE ( 'NONE', #10553, #24 );
#2311=EDGE_CURVE ( 'NONE', #2436, #6120, #9319, .T. );
#2312=AXIS2_PLACEMENT_3D ( 'NONE', #8451, #835, #2482 );
#2313=LINE ( 'NONE', #5055, #58 );
#2314=CARTESIAN_POINT ( 'NONE',  ( 0.03740157480314960925, -0.06102362204724409711, -0.3897637795275590844 ) );
#2315=CARTESIAN_POINT ( 'NONE',  ( 0.03940229860905260922, -0.02054765358741929282, -0.5028537558640712168 ) );
#2316=EDGE_LOOP ( 'NONE', ( #4146, #5476, #10247, #11309 ) );
#2317=VERTEX_POINT ( 'NONE', #4797 );
#2318=CARTESIAN_POINT ( 'NONE',  ( 0.09415069638216536085, 0.09440135000019685141, -0.08787444143019686182 ) );
#2319=EDGE_CURVE ( 'NONE', #10861, #8917, #2050, .T. );
#2320=VECTOR ( 'NONE', #121, 39.37007874015748143 );
#2321=CARTESIAN_POINT ( 'NONE',  ( 0.03838593298827186473, 0.02177284351156521039, -0.5105818158215622571 ) );
#2322=CARTESIAN_POINT ( 'NONE',  ( 2.139132326955690827E-33, -0.1240157480314960647, -0.1673228346456692994 ) );
#2323=CARTESIAN_POINT ( 'NONE',  ( -0.09138429428578741243, 0.08706388606484252723, -0.2178877007574409330 ) );
#2324=LINE ( 'NONE', #5684, #31 );
#2325=AXIS2_PLACEMENT_3D ( 'NONE', #7901, #2602, #4202 );
#2326=VERTEX_POINT ( 'NONE', #8591 );
#2327=ADVANCED_FACE ( 'NONE', ( #2921 ), #6569, .T. );
#2328=VERTEX_POINT ( 'NONE', #2977 );
#2329=DIRECTION ( 'NONE',  ( 0.000000000000000000, 0.9230769230785472734, 0.3846153846114865327 ) );
#2330=EDGE_LOOP ( 'NONE', ( #6729, #7843, #10294, #9543, #3311, #7262, #10340, #11008, #2868, #4945, #8829, #9521 ) );
#2331=EDGE_LOOP ( 'NONE', ( #6578, #1524, #1820, #9825 ) );
#2332=ORIENTED_EDGE ( 'NONE', *, *, #8684, .T. );
#2333=DIRECTION ( 'NONE',  ( 0.9063077870367038935, 0.4226182617405840891, 2.562937317733118408E-13 ) );
#2334=ADVANCED_FACE ( 'NONE', ( #9200 ), #3093, .T. );
#2335=CARTESIAN_POINT ( 'NONE',  ( 0.04197615846927581912, -0.01763538523184342635, -0.4988944137755379482 ) );
#2336=CARTESIAN_POINT ( 'NONE',  ( 0.09744094489210630705, -0.04232283464566929249, -0.09547244094488190058 ) );
#2337=CARTESIAN_POINT ( 'NONE',  ( 0.03838582677182571928, -0.02616432883981232096, -0.5061017257145647985 ) );
#2338=CIRCLE ( 'NONE', #3712, 0.01181102362204724046 );
#2339=CARTESIAN_POINT ( 'NONE',  ( 0.03838582677165354451, 0.000000000000000000, -0.4895836871893700648 ) );
#2340=( BOUNDED_CURVE ( )  B_SPLINE_CURVE ( 3, ( #1486, #836, #5438, #2605 ),.UNSPECIFIED., .F., .F. )B_SPLINE_CURVE_WITH_KNOTS ( ( 4, 4 ),( 3.141592653589786899, 4.141728451111175602 ),.UNSPECIFIED. )CURVE ( )  GEOMETRIC_REPRESENTATION_ITEM ( )  RATIONAL_B_SPLINE_CURVE ( ( 1.000000000000000000, 0.9183666716450314960, 0.9183666716450314960, 1.000000000000000000 ) )REPRESENTATION_ITEM ( '' )  );
#2341=CARTESIAN_POINT ( 'NONE',  ( -0.08956692913385827515, 0.04724409448818897572, -0.4133858267716535861 ) );
#2342=FACE_OUTER_BOUND ( 'NONE', #9740, .T. );
#2343=CIRCLE ( 'NONE', #1749, 0.01814870956160075446 );
#2344=CARTESIAN_POINT ( 'NONE',  ( 0.1653543307086614012, -0.09055118110236221041, -0.4822834645669291653 ) );
#2345=ADVANCED_FACE ( 'NONE', ( #4011 ), #3155, .T. );
#2346=CARTESIAN_POINT ( 'NONE',  ( 0.05137688055470394227, 0.02381659075256098088, -0.07647366962754162389 ) );
#2347=ORIENTED_EDGE ( 'NONE', *, *, #10883, .F. );
#2348=ORIENTED_EDGE ( 'NONE', *, *, #10293, .F. );
#2349=LINE ( 'NONE', #1355, #58 );
#2350=ORIENTED_EDGE ( 'NONE', *, *, #7867, .T. );
#2351=LINE ( 'NONE', #10426, #31 );
#2352=EDGE_LOOP ( 'NONE', ( #11752, #4048, #2735, #7803 ) );
#2353=LINE ( 'NONE', #10372, #9187 );
#2354=ORIENTED_EDGE ( 'NONE', *, *, #3255, .T. );
#2355=EDGE_LOOP ( 'NONE', ( #6124, #11461, #9483, #9824, #9462, #11465, #5093, #258, #1763, #1984, #2969, #3233, #6898, #1586, #6493, #8744, #7535, #8242, #7328 ) );
#2356=CIRCLE ( 'NONE', #7685, 0.01181102362204724046 );
#2357=CARTESIAN_POINT ( 'NONE',  ( -0.09076657411286534471, 0.08851030306754804899, -0.1818573221548165642 ) );
#2358=EDGE_CURVE ( 'NONE', #10955, #11084, #8533, .T. );
#2359=DIRECTION ( 'NONE',  ( 0.4226182617408085762, -0.9063077870365990885, 0.000000000000000000 ) );
#2360=ADVANCED_FACE ( 'NONE', ( #11069 ), #5027, .F. );
#2361=CARTESIAN_POINT ( 'NONE',  ( -0.1033928339864173263, 0.03511023622047244191, -0.1437007874015747977 ) );
#2362=VERTEX_POINT ( 'NONE', #8708 );
#2363=ORIENTED_EDGE ( 'NONE', *, *, #4030, .F. );
#2364=ORIENTED_EDGE ( 'NONE', *, *, #3573, .F. );
#2365=ORIENTED_EDGE ( 'NONE', *, *, #136, .F. );
#2366=CARTESIAN_POINT ( 'NONE',  ( -0.02360424534363114030, -0.1299212598425196763, -0.4124689201461567145 ) );
#2367=FACE_OUTER_BOUND ( 'NONE', #6797, .T. );
#2368=VERTEX_POINT ( 'NONE', #5317 );
#2369=ORIENTED_EDGE ( 'NONE', *, *, #172, .F. );
#2370=CARTESIAN_POINT ( 'NONE',  ( 0.09162554492385813210, 0.08827839048698556124, -0.08849368746920817375 ) );
#2371=CARTESIAN_POINT ( 'NONE',  ( -0.1043307086614173318, -0.07677165354330708902, -0.09350393700787401619 ) );
#2372=EDGE_CURVE ( 'NONE', #2184, #1801, #7493, .T. );
#2373=DIRECTION ( 'NONE',  ( -0.9063077870365370270, -0.4226182617409415254, -6.452885863803252153E-12 ) );
#2374=CARTESIAN_POINT ( 'NONE',  ( 0.04429133858268109736, -0.07874015748031495954, -0.4370078740157480879 ) );
#2375=CARTESIAN_POINT ( 'NONE',  ( 0.09434391052198941308, -0.01355133342918136453, 0.09842519685039370636 ) );
#2376=ORIENTED_EDGE ( 'NONE', *, *, #5651, .T. );
#2377=EDGE_LOOP ( 'NONE', ( #9032, #7555, #2105, #9613, #4458, #1940, #9770, #1098 ) );
#2378=FACE_OUTER_BOUND ( 'NONE', #7833, .T. );
#2379=LINE ( 'NONE', #6988, #728 );
#2380=CARTESIAN_POINT ( 'NONE',  ( 0.09812933974161416883, 0.09070457853248030389, -0.08993494556842519805 ) );
#2381=CARTESIAN_POINT ( 'NONE',  ( 0.04133858904645244803, 0.01835210479355585400, -0.4984516664203836878 ) );
#2382=CARTESIAN_POINT ( 'NONE',  ( -0.1673228346456692994, -0.09744094488188977110, -0.1535433070866141780 ) );
#2383=EDGE_CURVE ( 'NONE', #5841, #11389, #2356, .T. );
#2384=CARTESIAN_POINT ( 'NONE',  ( -0.02354831935465788451, -0.1299209946236704050, -0.1368805414094057815 ) );
#2385=CARTESIAN_POINT ( 'NONE',  ( -0.08263078806082678474, -0.03543307086614173179, -0.4236220472440945239 ) );
#2386=CARTESIAN_POINT ( 'NONE',  ( 0.02950530667953005920, -0.1275040290269342513, -0.1389414088724410246 ) );
#2387=LINE ( 'NONE', #5072, #58 );
#2388=ORIENTED_EDGE ( 'NONE', *, *, #726, .T. );
#2389=EDGE_CURVE ( 'NONE', #49, #2590, #533, .T. );
#2390=ORIENTED_EDGE ( 'NONE', *, *, #7597, .F. );
#2391=CARTESIAN_POINT ( 'NONE',  ( 0.02360424534362461427, -0.1240157480314857397, -0.4143027333971158188 ) );
#2392=ORIENTED_EDGE ( 'NONE', *, *, #3054, .T. );
#2393=VERTEX_POINT ( 'NONE', #3337 );
#2394=ORIENTED_EDGE ( 'NONE', *, *, #4308, .T. );
#2395=CARTESIAN_POINT ( 'NONE',  ( -0.09251968503937008093, 0.06692913385826770867, -0.2519685039370078705 ) );
#2396=FACE_OUTER_BOUND ( 'NONE', #1664, .T. );
#2397=CARTESIAN_POINT ( 'NONE',  ( 0.03838582677168850266, -0.01574804654264673476, -0.5104163128105448921 ) );
#2398=CARTESIAN_POINT ( 'NONE',  ( -0.1771653543307086520, -0.1033928339864173263, -0.1623551975096456934 ) );
#2399=EDGE_CURVE ( 'NONE', #10332, #44, #2415, .T. );
#2400=PLANE ( 'NONE',  #1523 );
#2401=LINE ( 'NONE', #5196, #311 );
#2402=AXIS2_PLACEMENT_3D ( 'NONE', #9329, #166, #73 );
#2403=ORIENTED_EDGE ( 'NONE', *, *, #9587, .T. );
#2404=LINE ( 'NONE', #6067, #33 );
#2405=ORIENTED_EDGE ( 'NONE', *, *, #6738, .F. );
#2406=CARTESIAN_POINT ( 'NONE',  ( 0.03740157480314960925, 0.07972440944881889480, -0.5708661417322835607 ) );
#2407=EDGE_LOOP ( 'NONE', ( #3409, #11454, #5962, #10677, #5367, #6577 ) );
#2408=CARTESIAN_POINT ( 'NONE',  ( 0.09744094488188977110, 0.04094488188976377896, -0.01574803149606299191 ) );
#2409=ORIENTED_EDGE ( 'NONE', *, *, #2987, .F. );
#2410=DIRECTION ( 'NONE',  ( -9.035018104045872913E-15, 0.000000000000000000, 1.000000000000000000 ) );
#2411=FACE_OUTER_BOUND ( 'NONE', #8178, .T. );
#2412=EDGE_CURVE ( 'NONE', #3124, #12, #6022, .T. );
#2413=VERTEX_POINT ( 'NONE', #9577 );
#2414=EDGE_LOOP ( 'NONE', ( #11260, #3261, #240, #3373, #5076, #6865, #3216, #9866, #10998, #8418, #5293, #7687, #679, #6250, #3610, #658, #436, #5665, #10663, #1337, #7207, #4225, #1646, #475, #8095, #5621, #2565, #4911, #5059, #1294, #2438, #9553, #2751, #6105, #6530, #1244 ) );
#2415=LINE ( 'NONE', #4365, #58 );
#2416=CARTESIAN_POINT ( 'NONE',  ( -0.1011029438145352316, 0.09230960512349921376, -0.1777815895370113974 ) );
#2417=ADVANCED_FACE ( 'NONE', ( #7717 ), #6204, .F. );
#2418=EDGE_CURVE ( 'NONE', #1350, #4790, #9522, .T. );
#2419=CARTESIAN_POINT ( 'NONE',  ( -0.08956692913385827515, 0.07874015748031495954, -0.4921259842519685179 ) );
#2420=ORIENTED_EDGE ( 'NONE', *, *, #7941, .F. );
#2421=ORIENTED_EDGE ( 'NONE', *, *, #3002, .F. );
#2422=LINE ( 'NONE', #1496, #58 );
#2423=VERTEX_POINT ( 'NONE', #8762 );
#2424=CARTESIAN_POINT ( 'NONE',  ( -0.005696856698083487859, -0.1299212598425196763, -0.3896430776621467307 ) );
#2425=FACE_OUTER_BOUND ( 'NONE', #4144, .T. );
#2426=CARTESIAN_POINT ( 'NONE',  ( 0.09645669291338582196, -0.08464566929133858497, -0.5708661417322835607 ) );
#2427=AXIS2_PLACEMENT_3D ( 'NONE', #6228, #47, #73 );
#2428=EDGE_CURVE ( 'NONE', #11687, #11609, #524, .T. );
#2429=ORIENTED_EDGE ( 'NONE', *, *, #7017, .F. );
#2430=ORIENTED_EDGE ( 'NONE', *, *, #11515, .F. );
#2431=EDGE_CURVE ( 'NONE', #8622, #4290, #8645, .T. );
#2432=CARTESIAN_POINT ( 'NONE',  ( 0.09448818897637795144, -0.03248031496061126039, -0.5255905511811024278 ) );
#2433=CARTESIAN_POINT ( 'NONE',  ( -0.1033928339864173263, 0.03511023622047244191, -0.2519685039370078705 ) );
#2434=CARTESIAN_POINT ( 'NONE',  ( 0.05711487879272119511, 0.01151141382125784804, -0.07647366962757221054 ) );
#2435=CARTESIAN_POINT ( 'NONE',  ( 0.07513200299282661587, -0.05863994206617385851, 0.09842519685039370636 ) );
#2436=VERTEX_POINT ( 'NONE', #1425 );
#2437=VECTOR ( 'NONE', #4203, 39.37007874015748854 );
#2438=ORIENTED_EDGE ( 'NONE', *, *, #4150, .F. );
#2439=CARTESIAN_POINT ( 'NONE',  ( 0.03838582677165354451, 1.778546870875207477E-19, -0.4842519685039365362 ) );
#2440=CARTESIAN_POINT ( 'NONE',  ( 0.09362720347493189155, 0.09817369041039449018, -0.08692143949875533182 ) );
#2441=CARTESIAN_POINT ( 'NONE',  ( -0.09748732217539370082, 0.07770952821830709456, -0.4921259842519685179 ) );
#2442=VECTOR ( 'NONE', #4352, 39.37007874015748143 );
#2443=PLANE ( 'NONE',  #7511 );
#2444=LINE ( 'NONE', #7751, #188 );
#2445=ORIENTED_EDGE ( 'NONE', *, *, #2870, .T. );
#2446=ORIENTED_EDGE ( 'NONE', *, *, #3835, .F. );
#2447=CARTESIAN_POINT ( 'NONE',  ( 0.03852354148949212881, -0.03878700200172835455, -0.3690174125980708597 ) );
#2448=AXIS2_PLACEMENT_3D ( 'NONE', #542, #47, #7 );
#2449=ORIENTED_EDGE ( 'NONE', *, *, #1399, .F. );
#2450=CARTESIAN_POINT ( 'NONE',  ( -0.08267716535433070058, 0.1019685039370078761, -0.3961811023622047734 ) );
#2451=ORIENTED_EDGE ( 'NONE', *, *, #4341, .F. );
#2452=VERTEX_POINT ( 'NONE', #4537 );
#2453=CARTESIAN_POINT ( 'NONE',  ( -0.05905511811023622659, -0.08464566929133858497, -0.5885826771653542844 ) );
#2454=CARTESIAN_POINT ( 'NONE',  ( 0.04232283464566929249, -0.01574803149606293987, -0.5000000000000001110 ) );
#2455=EDGE_CURVE ( 'NONE', #2793, #7721, #2788, .T. );
#2456=CARTESIAN_POINT ( 'NONE',  ( 0.04841944222168149958, 0.07673760904658760706, -0.04921259915095834575 ) );
#2457=DIRECTION ( 'NONE',  ( 0.9063077870374528500, -0.4226182617389778740, -4.999918076583898588E-11 ) );
#2458=FACE_OUTER_BOUND ( 'NONE', #3937, .T. );
#2459=PLANE ( 'NONE',  #4116 );
#2460=( GEOMETRIC_REPRESENTATION_CONTEXT ( 3 ) GLOBAL_UNCERTAINTY_ASSIGNED_CONTEXT ( ( #488 ) ) GLOBAL_UNIT_ASSIGNED_CONTEXT ( ( #1456, #1878, #10669 ) ) REPRESENTATION_CONTEXT ( 'NONE', 'WORKASPACE' ) );
#2461=AXIS2_PLACEMENT_3D ( 'NONE', #6357, #73, #1771 );
#2462=DIRECTION ( 'NONE',  ( 0.006115056885972008222, 0.01311378181127775648, 0.9998953119231469566 ) );
#2463=ORIENTED_EDGE ( 'NONE', *, *, #8379, .F. );
#2464=FACE_OUTER_BOUND ( 'NONE', #8419, .T. );
#2465=ADVANCED_FACE ( 'NONE', ( #8068, #11462 ), #1845, .F. );
#2466=CARTESIAN_POINT ( 'NONE',  ( -0.04563888231669945700, 0.03612176768383845021, -0.2048201263204863787 ) );
#2467=VERTEX_POINT ( 'NONE', #4424 );
#2468=LINE ( 'NONE', #8756, #11 );
#2469=ORIENTED_EDGE ( 'NONE', *, *, #242, .T. );
#2470=AXIS2_PLACEMENT_3D ( 'NONE', #4362, #263, #456 );
#2471=CIRCLE ( 'NONE', #4419, 0.003937007874015997777 );
#2472=EDGE_CURVE ( 'NONE', #10145, #433, #3638, .T. );
#2473=CARTESIAN_POINT ( 'NONE',  ( -0.1033928339864173263, 0.04094488188976377896, -0.2549676371360236060 ) );
#2474=FACE_OUTER_BOUND ( 'NONE', #7966, .T. );
#2475=ORIENTED_EDGE ( 'NONE', *, *, #6352, .T. );
#2476=ORIENTED_EDGE ( 'NONE', *, *, #9726, .F. );
#2477=CARTESIAN_POINT ( 'NONE',  ( -0.1033700151990157440, -0.04217768244007874534, -0.2135770811104724387 ) );
#2478=CARTESIAN_POINT ( 'NONE',  ( -0.09366082637751969864, 0.09088973467086615410, -0.1790128022925590590 ) );
#2479=CARTESIAN_POINT ( 'NONE',  ( 0.03740157480314960925, 0.09842519685039370636, -0.5078740157480314821 ) );
#2480=CIRCLE ( 'NONE', #5555, 0.007874015748031482076 );
#2481=AXIS2_PLACEMENT_3D ( 'NONE', #4137, #7, #47 );
#2482=DIRECTION ( 'NONE',  ( 4.833558865184080610E-47, 0.000000000000000000, -1.000000000000000000 ) );
#2483=VERTEX_POINT ( 'NONE', #5597 );
#2484=EDGE_CURVE ( 'NONE', #2235, #1911, #2600, .T. );
#2485=LINE ( 'NONE', #8613, #188 );
#2486=VERTEX_POINT ( 'NONE', #6217 );
#2487=CARTESIAN_POINT ( 'NONE',  ( -0.08956692913385827515, 0.09842519685039370636, -0.1417322834645669272 ) );
#2488=ORIENTED_EDGE ( 'NONE', *, *, #5660, .T. );
#2489=CARTESIAN_POINT ( 'NONE',  ( 0.02117157966148392953, -0.1299212598425197041, -0.4012448518738854775 ) );
#2490=CARTESIAN_POINT ( 'NONE',  ( 0.02171885099238797870, -0.1299209946236698776, -0.4613971996622836524 ) );
#2491=DIRECTION ( 'NONE',  ( 0.4226182617581475398, 0.9063077870285138893, 0.000000000000000000 ) );
#2492=ADVANCED_FACE ( 'NONE', ( #2842 ), #6495, .T. );
#2493=EDGE_CURVE ( 'NONE', #3449, #8589, #11572, .T. );
#2494=AXIS2_PLACEMENT_3D ( 'NONE', #9616, #16, #54 );
#2495=CARTESIAN_POINT ( 'NONE',  ( 0.06315928479383692284, 0.02183852898244807023, -0.07307113536217069161 ) );
#2496=VERTEX_POINT ( 'NONE', #706 );
#2497=ORIENTED_EDGE ( 'NONE', *, *, #10233, .T. );
#2498=CIRCLE ( 'NONE', #8561, 0.07086614173228346358 );
#2499=PLANE ( 'NONE',  #6862 );
#2500=ORIENTED_EDGE ( 'NONE', *, *, #8581, .T. );
#2501=EDGE_CURVE ( 'NONE', #3726, #10225, #9913, .T. );
#2502=ORIENTED_EDGE ( 'NONE', *, *, #10163, .T. );
#2503=CARTESIAN_POINT ( 'NONE',  ( 0.1023622047244094474, 0.04094488188976377896, -0.1259842519685039353 ) );
#2504=CARTESIAN_POINT ( 'NONE',  ( 0.08858267716535432601, -0.07185039370088326660, -0.4074803149606865960 ) );
#2505=CARTESIAN_POINT ( 'NONE',  ( 0.09061697128250788269, 0.08851701093122127384, -0.08509553670110235613 ) );
#2506=CARTESIAN_POINT ( 'NONE',  ( 0.09148905577736221595, 0.03511023622047244191, -0.1240157480314960647 ) );
#2507=AXIS2_PLACEMENT_3D ( 'NONE', #4939, #47, #73 );
#2508=AXIS2_PLACEMENT_3D ( 'NONE', #4464, #4417, #2593 );
#2509=LINE ( 'NONE', #5291, #3361 );
#2510=ORIENTED_EDGE ( 'NONE', *, *, #11254, .F. );
#2511=EDGE_CURVE ( 'NONE', #4402, #3012, #10701, .T. );
#2512=EDGE_CURVE ( 'NONE', #5466, #6122, #5375, .T. );
#2513=VECTOR ( 'NONE', #7575, 39.37007874015748143 );
#2514=PLANE ( 'NONE',  #5571 );
#2515=ORIENTED_EDGE ( 'NONE', *, *, #9749, .T. );
#2516=CARTESIAN_POINT ( 'NONE',  ( -0.09074389735566314175, 0.08858267716535558889, -0.1818935865140524633 ) );
#2517=ORIENTED_EDGE ( 'NONE', *, *, #6553, .T. );
#2518=ORIENTED_EDGE ( 'NONE', *, *, #10060, .T. );
#2519=PLANE ( 'NONE',  #4099 );
#2520=CYLINDRICAL_SURFACE ( 'NONE', #1667, 0.004921259842519689308 );
#2521=FACE_OUTER_BOUND ( 'NONE', #806, .T. );
#2522=LINE ( 'NONE', #6186, #728 );
#2523=AXIS2_PLACEMENT_3D ( 'NONE', #4995, #98, #54 );
#2524=CARTESIAN_POINT ( 'NONE',  ( 0.08858267716535432601, 0.07381889763779526936, -0.5708661417322835607 ) );
#2525=CIRCLE ( 'NONE', #1735, 0.01476377952755905144 );
#2526=LINE ( 'NONE', #8752, #58 );
#2527=EDGE_CURVE ( 'NONE', #8344, #11592, #2665, .T. );
#2528=CARTESIAN_POINT ( 'NONE',  ( 0.08858267716535432601, 0.03992663606433070889, -0.5203032566015748372 ) );
#2529=ORIENTED_EDGE ( 'NONE', *, *, #11072, .T. );
#2530=CARTESIAN_POINT ( 'NONE',  ( -0.08366141732283464971, 0.07677165354330708902, -0.5649606299212598381 ) );
#2531=FACE_OUTER_BOUND ( 'NONE', #5448, .T. );
#2532=ORIENTED_EDGE ( 'NONE', *, *, #3163, .T. );
#2533=CARTESIAN_POINT ( 'NONE',  ( -0.05430466209628646151, 0.02518183770682014266, -0.1852534358862333586 ) );
#2534=VERTEX_POINT ( 'NONE', #8118 );
#2535=VECTOR ( 'NONE', #5795, 39.37007874015748854 );
#2536=EDGE_CURVE ( 'NONE', #5298, #11652, #8610, .T. );
#2537=CIRCLE ( 'NONE', #6478, 0.009842518229688942966 );
#2538=CYLINDRICAL_SURFACE ( 'NONE', #5348, 0.005905511811023654925 );
#2539=LINE ( 'NONE', #4309, #293 );
#2540=EDGE_CURVE ( 'NONE', #4865, #8795, #11688, .T. );
#2541=ORIENTED_EDGE ( 'NONE', *, *, #8501, .T. );
#2542=AXIS2_PLACEMENT_3D ( 'NONE', #449, #54, #7 );
#2543=ORIENTED_EDGE ( 'NONE', *, *, #8306, .T. );
#2544=CARTESIAN_POINT ( 'NONE',  ( -0.09169762153550158057, 0.08819091022609017172, -0.1790128067365192865 ) );
#2545=CARTESIAN_POINT ( 'NONE',  ( -0.02952755905511811330, 0.07086614173228346358, -0.02460629921259842659 ) );
#2546=LINE ( 'NONE', #8977, #11 );
#2547=EDGE_CURVE ( 'NONE', #1504, #5591, #4685, .T. );
#2548=ORIENTED_EDGE ( 'NONE', *, *, #1968, .F. );
#2549=AXIS2_PLACEMENT_3D ( 'NONE', #4961, #2035, #959 );
#2550=PLANE ( 'NONE',  #5226 );
#2551=ORIENTED_EDGE ( 'NONE', *, *, #1462, .F. );
#2552=VERTEX_POINT ( 'NONE', #8918 );
#2553=CARTESIAN_POINT ( 'NONE',  ( -0.1023622047244094474, -0.06889763779527559306, -0.1437007874015747977 ) );
#2554=CARTESIAN_POINT ( 'NONE',  ( -0.1023622047522834699, -0.04232283464566929249, -0.1771653543307086520 ) );
#2555=CARTESIAN_POINT ( 'NONE',  ( -0.1023622047381405470, -0.04330696166668306785, -0.1819871690870413505 ) );
#2556=EDGE_LOOP ( 'NONE', ( #8932, #2500, #8099, #7197 ) );
#2557=ORIENTED_EDGE ( 'NONE', *, *, #9664, .F. );
#2558=CARTESIAN_POINT ( 'NONE',  ( 0.09251968500214020896, 0.08717829133679619313, -0.09035420603439674181 ) );
#2559=LINE ( 'NONE', #11318, #58 );
#2560=EDGE_CURVE ( 'NONE', #4730, #5644, #11061, .T. );
#2561=CARTESIAN_POINT ( 'NONE',  ( 0.08267716535433070058, -0.03992663606433292239, -0.5203032566015292071 ) );
#2562=EDGE_CURVE ( 'NONE', #4164, #7434, #1787, .T. );
#2563=DIRECTION ( 'NONE',  ( -1.000000000000000000, 0.000000000000000000, 1.734723475976807726E-14 ) );
#2564=ORIENTED_EDGE ( 'NONE', *, *, #136, .T. );
#2565=ORIENTED_EDGE ( 'NONE', *, *, #8694, .T. );
#2566=CARTESIAN_POINT ( 'NONE',  ( 0.1023622047244094474, 0.03307086614173976313, -0.1240157480314944966 ) );
#2567=CARTESIAN_POINT ( 'NONE',  ( 0.09361008571518721066, 0.09810937102249371600, -0.08692143940945394609 ) );
#2568=LINE ( 'NONE', #964, #11 );
#2569=CARTESIAN_POINT ( 'NONE',  ( 0.02950530667953080166, -0.1275040290269014442, -0.1389414088724221785 ) );
#2570=EDGE_CURVE ( 'NONE', #11472, #4629, #5657, .T. );
#2571=CARTESIAN_POINT ( 'NONE',  ( 0.09251968503937008093, -0.04232283464566929249, -0.09547244094488190058 ) );
#2572=FACE_OUTER_BOUND ( 'NONE', #1087, .T. );
#2573=CARTESIAN_POINT ( 'NONE',  ( -0.09744106911700282925, 0.08661417318651057351, -0.1772146907650856140 ) );
#2574=ORIENTED_EDGE ( 'NONE', *, *, #6167, .T. );
#2575=ADVANCED_FACE ( 'NONE', ( #9304 ), #7008, .T. );
#2576=ORIENTED_EDGE ( 'NONE', *, *, #4890, .T. );
#2577=DIRECTION ( 'NONE',  ( -0.000000000000000000, -0.1046847845178800196, -0.9945054529214231165 ) );
#2578=EDGE_LOOP ( 'NONE', ( #3579, #11043, #3545, #3134 ) );
#2579=VERTEX_POINT ( 'NONE', #2157 );
#2580=LINE ( 'NONE', #10413, #58 );
#2581=CARTESIAN_POINT ( 'NONE',  ( -0.09251968503937008093, 0.05606946032421260273, -0.2523648998069685234 ) );
#2582=FACE_OUTER_BOUND ( 'NONE', #120, .T. );
#2583=EDGE_CURVE ( 'NONE', #10861, #10165, #3663, .T. );
#2584=EDGE_CURVE ( 'NONE', #6030, #5112, #5620, .T. );
#2585=CARTESIAN_POINT ( 'NONE',  ( 0.03735519750965354824, -0.05408748097421259976, -0.4488188976377953110 ) );
#2586=CARTESIAN_POINT ( 'NONE',  ( 0.06131531621755904882, -0.03371831769970866366, -0.4118661884980315269 ) );
#2587=CARTESIAN_POINT ( 'NONE',  ( 0.09448618129768315832, -0.0007252091916852522946, 0.09842519685039370636 ) );
#2588=ORIENTED_EDGE ( 'NONE', *, *, #3486, .F. );
#2589=LINE ( 'NONE', #6302, #33 );
#2590=VERTEX_POINT ( 'NONE', #2096 );
#2591=CARTESIAN_POINT ( 'NONE',  ( 0.1023622047244094474, -0.04330702157531503976, -0.05403444190261346564 ) );
#2592=VERTEX_POINT ( 'NONE', #4844 );
#2593=DIRECTION ( 'NONE',  ( -0.006115056884849237075, 0.01311378180886903916, -0.9998953119231854814 ) );
#2594=ORIENTED_EDGE ( 'NONE', *, *, #9760, .F. );
#2595=EDGE_CURVE ( 'NONE', #6349, #1738, #8410, .T. );
#2596=PLANE ( 'NONE',  #727 );
#2597=CARTESIAN_POINT ( 'NONE',  ( -0.1023622047244094474, -0.06889763779527559306, -0.2421259842519685179 ) );
#2598=ORIENTED_EDGE ( 'NONE', *, *, #6361, .T. );
#2599=ORIENTED_EDGE ( 'NONE', *, *, #8671, .T. );
#2600=LINE ( 'NONE', #10759, #1960 );
#2601=CARTESIAN_POINT ( 'NONE',  ( -0.09953040811386555664, 0.09459103569270806144, -0.1783219785036484206 ) );
#2602=DIRECTION ( 'NONE',  ( -1.040604023176628173E-26, -1.000000000000000000, -8.673617380300369634E-16 ) );
#2603=ADVANCED_FACE ( 'NONE', ( #3021 ), #4051, .T. );
#2604=PLANE ( 'NONE',  #6290 );
#2605=CARTESIAN_POINT ( 'NONE',  ( 0.05019685039371122454, 0.02512506281122363350, -0.5045355816291620110 ) );
#2606=ORIENTED_EDGE ( 'NONE', *, *, #11153, .F. );
#2607=DIRECTION ( 'NONE',  ( -0.1140538566627599532, 0.000000000000000000, -0.9934745682604816386 ) );
#2608=VERTEX_POINT ( 'NONE', #1088 );
#2609=VERTEX_POINT ( 'NONE', #3993 );
#2610=FACE_OUTER_BOUND ( 'NONE', #9891, .T. );
#2611=EDGE_CURVE ( 'NONE', #1396, #6288, #7591, .T. );
#2612=CIRCLE ( 'NONE', #10806, 0.004921259842524891744 );
#2613=FACE_OUTER_BOUND ( 'NONE', #8993, .T. );
#2614=ORIENTED_EDGE ( 'NONE', *, *, #7162, .F. );
#2615=VERTEX_POINT ( 'NONE', #6723 );
#2616=EDGE_CURVE ( 'NONE', #2483, #5840, #7408, .T. );
#2617=LINE ( 'NONE', #6271, #6934 );
#2618=CARTESIAN_POINT ( 'NONE',  ( 0.05118110236220472370, -0.06102362204724409711, -0.5708661417322835607 ) );
#2619=CARTESIAN_POINT ( 'NONE',  ( 0.03838582677165354451, 0.06003937007874016185, -0.4488188976377953110 ) );
#2620=DIRECTION ( 'NONE',  ( 1.734723476060071955E-15, 1.734723476060071955E-15, -1.000000000000000000 ) );
#2621=ORIENTED_EDGE ( 'NONE', *, *, #8739, .F. );
#2622=ORIENTED_EDGE ( 'NONE', *, *, #2244, .F. );
#2623=AXIS2_PLACEMENT_3D ( 'NONE', #3575, #3608, #9716 );
#2624=AXIS2_PLACEMENT_3D ( 'NONE', #11262, #4392, #54 );
#2625=ADVANCED_FACE ( 'NONE', ( #126 ), #2216, .F. );
#2626=CARTESIAN_POINT ( 'NONE',  ( 0.1021737062715860067, 0.08959719863869863854, -0.09031603488340393671 ) );
#2627=CARTESIAN_POINT ( 'NONE',  ( 0.03838582677167141216, 0.01574807921432407401, -0.5104163186105519223 ) );
#2628=FACE_OUTER_BOUND ( 'NONE', #2058, .T. );
#2629=ADVANCED_FACE ( 'NONE', ( #9354 ), #1561, .T. );
#2630=CARTESIAN_POINT ( 'NONE',  ( -0.02721304011575075704, -0.1275040290269342513, -0.07763852894960106277 ) );
#2631=PLANE ( 'NONE',  #3987 );
#2632=ORIENTED_EDGE ( 'NONE', *, *, #10625, .T. );
#2633=ORIENTED_EDGE ( 'NONE', *, *, #3398, .F. );
#2634=CARTESIAN_POINT ( 'NONE',  ( 0.05144802394163738857, 0.01939643978958032616, -0.4912034381094949054 ) );
#2635=ORIENTED_EDGE ( 'NONE', *, *, #2190, .T. );
#2636=EDGE_CURVE ( 'NONE', #7476, #938, #5713, .T. );
#2637=CARTESIAN_POINT ( 'NONE',  ( 0.1033464566929133965, -0.08070866141732284393, -0.01870078740157480462 ) );
#2638=ORIENTED_EDGE ( 'NONE', *, *, #866, .T. );
#2639=ORIENTED_EDGE ( 'NONE', *, *, #3432, .F. );
#2640=CYLINDRICAL_SURFACE ( 'NONE', #9474, 0.009842519685054116826 );
#2641=CIRCLE ( 'NONE', #1234, 0.01814870956160092447 );
#2642=CARTESIAN_POINT ( 'NONE',  ( -0.04724409448818897572, -0.1023622047244094474, -0.6496062992125984925 ) );
#2643=CARTESIAN_POINT ( 'NONE',  ( 0.08267716535433070058, 0.06003937007874016185, -0.5590551181102362266 ) );
#2644=ADVANCED_FACE ( 'NONE', ( #2909 ), #10251, .T. );
#2645=ADVANCED_FACE ( 'NONE', ( #11052 ), #9241, .T. );
#2646=LINE ( 'NONE', #690, #24 );
#2647=CARTESIAN_POINT ( 'NONE',  ( -0.09744094488188977110, 0.04094488188976377896, -0.1417322834645669272 ) );
#2648=CARTESIAN_POINT ( 'NONE',  ( 0.06536926804787400458, -0.03371831769970866366, -0.4096364979496063263 ) );
#2649=CIRCLE ( 'NONE', #2250, 0.003937007874015749712 );
#2650=CIRCLE ( 'NONE', #3508, 0.09842519685039370636 );
#2651=CARTESIAN_POINT ( 'NONE',  ( 0.1771653543307086520, -0.09744094488188977110, -0.1043307086614173318 ) );
#2652=ORIENTED_EDGE ( 'NONE', *, *, #8255, .F. );
#2653=CARTESIAN_POINT ( 'NONE',  ( 0.1673228346456692994, -0.1023622047244094474, -0.1043307086614173318 ) );
#2654=VERTEX_POINT ( 'NONE', #9184 );
#2655=EDGE_CURVE ( 'NONE', #594, #5755, #8352, .T. );
#2656=CARTESIAN_POINT ( 'NONE',  ( -0.05948629167710124677, 0.02759807126200337912, -0.2145303229371739173 ) );
#2657=EDGE_CURVE ( 'NONE', #1921, #6965, #6663, .T. );
#2658=ORIENTED_EDGE ( 'NONE', *, *, #6903, .T. );
#2659=VERTEX_POINT ( 'NONE', #4297 );
#2660=DIRECTION ( 'NONE',  ( 0.4226182617418249299, 0.9063077870361250232, 0.000000000000000000 ) );
#2661=FACE_OUTER_BOUND ( 'NONE', #341, .T. );
#2662=CIRCLE ( 'NONE', #9228, 0.005905511811035566404 );
#2663=ORIENTED_EDGE ( 'NONE', *, *, #9804, .T. );
#2664=ORIENTED_EDGE ( 'NONE', *, *, #4868, .F. );
#2665=LINE ( 'NONE', #9074, #188 );
#2666=CARTESIAN_POINT ( 'NONE',  ( -0.09580060352830709058, 0.08657862620906806028, -0.1772112019219436174 ) );
#2667=CARTESIAN_POINT ( 'NONE',  ( 0.09251968503937008093, 0.04094488188976377896, -0.06988188976377952832 ) );
#2668=FACE_OUTER_BOUND ( 'NONE', #758, .T. );
#2669=AXIS2_PLACEMENT_3D ( 'NONE', #2111, #98, #54 );
#2670=CARTESIAN_POINT ( 'NONE',  ( 0.03838582677167998169, 0.01574806216017994240, -0.4895836892150094988 ) );
#2671=ORIENTED_EDGE ( 'NONE', *, *, #10763, .T. );
#2672=EDGE_CURVE ( 'NONE', #9512, #3901, #10362, .T. );
#2673=EDGE_CURVE ( 'NONE', #7547, #3211, #8799, .T. );
#2674=ORIENTED_EDGE ( 'NONE', *, *, #5252, .F. );
#2675=VERTEX_POINT ( 'NONE', #9454 );
#2676=DIRECTION ( 'NONE',  ( -0.9063077870366131883, 0.4226182617407785447, -3.835355300944055054E-12 ) );
#2677=FACE_OUTER_BOUND ( 'NONE', #2688, .T. );
#2678=CARTESIAN_POINT ( 'NONE',  ( -0.1032941222772047335, -0.04128043084952756625, -0.1820792133682283265 ) );
#2679=VERTEX_POINT ( 'NONE', #5022 );
#2680=ORIENTED_EDGE ( 'NONE', *, *, #6669, .T. );
#2681=CARTESIAN_POINT ( 'NONE',  ( -0.1023055887850000123, -0.04181531617562992548, -0.1820866141732283561 ) );
#2682=AXIS2_PLACEMENT_3D ( 'NONE', #9987, #166, #73 );
#2683=FACE_OUTER_BOUND ( 'NONE', #8021, .T. );
#2684=CARTESIAN_POINT ( 'NONE',  ( -0.09744094488057272740, -0.04330709708729652690, -0.2136821089432660303 ) );
#2685=EDGE_CURVE ( 'NONE', #8077, #749, #375, .T. );
#2686=CARTESIAN_POINT ( 'NONE',  ( -0.08267716535433070058, 0.009842519685039369942, -0.5708661417322835607 ) );
#2687=VERTEX_POINT ( 'NONE', #8750 );
#2688=EDGE_LOOP ( 'NONE', ( #10826, #2206, #2742, #2502 ) );
#2689=EDGE_CURVE ( 'NONE', #6288, #3211, #10416, .T. );
#2690=ORIENTED_EDGE ( 'NONE', *, *, #10919, .T. );
#2691=AXIS2_PLACEMENT_3D ( 'NONE', #2028, #3930, #4773 );
#2692=LINE ( 'NONE', #11712, #24 );
#2693=CARTESIAN_POINT ( 'NONE',  ( 0.09251963809338582811, 0.08658751398081795947, -0.09050882217215210079 ) );
#2694=CYLINDRICAL_SURFACE ( 'NONE', #2952, 0.01181102362204724046 );
#2695=EDGE_CURVE ( 'NONE', #10994, #147, #10472, .T. );
#2696=PLANE ( 'NONE',  #7096 );
#2697=AXIS2_PLACEMENT_3D ( 'NONE', #2104, #6248, #1165 );
#2698=CARTESIAN_POINT ( 'NONE',  ( 0.000000000000000000, 0.09842519685039370636, -0.02460629921259842659 ) );
#2699=VERTEX_POINT ( 'NONE', #9565 );
#2700=ADVANCED_FACE ( 'NONE', ( #5192 ), #2459, .F. );
#2701=ORIENTED_EDGE ( 'NONE', *, *, #6223, .F. );
#2702=CARTESIAN_POINT ( 'NONE',  ( 1.427231948381127136E-48, -0.09842519685039370636, -0.1673228346456692994 ) );
#2703=LINE ( 'NONE', #2637, #31 );
#2704=ORIENTED_EDGE ( 'NONE', *, *, #9597, .T. );
#2705=ORIENTED_EDGE ( 'NONE', *, *, #6633, .F. );
#2706=CYLINDRICAL_SURFACE ( 'NONE', #2312, 0.02952755905511812023 );
#2707=AXIS2_PLACEMENT_3D ( 'NONE', #7119, #3505, #4529 );
#2708=DIRECTION ( 'NONE',  ( -0.6218443486871003678, 0.000000000000000000, 0.7831408596197213523 ) );
#2709=LINE ( 'NONE', #3495, #11 );
#2710=EDGE_CURVE ( 'NONE', #9022, #7957, #4689, .T. );
#2711=CARTESIAN_POINT ( 'NONE',  ( 0.05847249197110235969, -0.03264629968791732395, -0.4209153922200787878 ) );
#2712=DIRECTION ( 'NONE',  ( 3.541727096785961167E-14, 0.000000000000000000, 1.000000000000000000 ) );
#2713=ORIENTED_EDGE ( 'NONE', *, *, #6010, .T. );
#2714=ADVANCED_FACE ( 'NONE', ( #5082 ), #6132, .F. );
#2715=EDGE_CURVE ( 'NONE', #10641, #7434, #10523, .T. );
#2716=CARTESIAN_POINT ( 'NONE',  ( 0.02069210937436451875, -0.1299212598425197318, -0.1507571011240292913 ) );
#2717=ORIENTED_EDGE ( 'NONE', *, *, #8129, .F. );
#2718=FACE_OUTER_BOUND ( 'NONE', #2166, .T. );
#2719=ORIENTED_EDGE ( 'NONE', *, *, #6140, .F. );
#2720=DIRECTION ( 'NONE',  ( -0.9934745682600123473, -8.520235503179022793E-13, 0.1140538566668484327 ) );
#2721=ORIENTED_EDGE ( 'NONE', *, *, #5095, .F. );
#2722=CARTESIAN_POINT ( 'NONE',  ( -0.07578740157480315376, 0.09842519685039370636, -0.2854330708661417804 ) );
#2723=CARTESIAN_POINT ( 'NONE',  ( -0.02952755905511811330, 0.06339089897401575802, -0.02011811023622047181 ) );
#2724=CARTESIAN_POINT ( 'NONE',  ( -0.09448818897638720793, 5.421887058531220797E-14, 0.09842519685039370636 ) );
#2725=ORIENTED_EDGE ( 'NONE', *, *, #8826, .F. );
#2726=ORIENTED_EDGE ( 'NONE', *, *, #333, .F. );
#2727=CARTESIAN_POINT ( 'NONE',  ( -0.09580060352830709058, 0.08661417320555118982, -0.1772146905781495918 ) );
#2728=EDGE_CURVE ( 'NONE', #9520, #9084, #9143, .T. );
#2729=FACE_OUTER_BOUND ( 'NONE', #7349, .T. );
#2730=CARTESIAN_POINT ( 'NONE',  ( 0.04748619868637795477, -0.03867008372040550701, -0.3659592735675590291 ) );
#2731=CIRCLE ( 'NONE', #10003, 0.01476377952755905144 );
#2732=CIRCLE ( 'NONE', #3115, 0.07086614173228346358 );
#2733=EDGE_CURVE ( 'NONE', #5841, #790, #8805, .T. );
#2734=CARTESIAN_POINT ( 'NONE',  ( -0.09251968503937008093, 0.05984251968502973112, -0.1417322834645669272 ) );
#2735=ORIENTED_EDGE ( 'NONE', *, *, #5836, .F. );
#2736=ORIENTED_EDGE ( 'NONE', *, *, #11568, .T. );
#2737=VERTEX_POINT ( 'NONE', #567 );
#2738=LINE ( 'NONE', #1740, #11 );
#2739=DIRECTION ( 'NONE',  ( -7.228014483236572310E-16, -1.000000000000000000, 0.000000000000000000 ) );
#2740=CARTESIAN_POINT ( 'NONE',  ( -0.08263078806082678474, 0.06443037554055118521, -0.4125020694704724655 ) );
#2741=CARTESIAN_POINT ( 'NONE',  ( -0.09537446429610237086, -0.04185836260094488032, -0.1820619698980315004 ) );
#2742=ORIENTED_EDGE ( 'NONE', *, *, #3523, .T. );
#2743=ORIENTED_EDGE ( 'NONE', *, *, #9586, .T. );
#2744=CARTESIAN_POINT ( 'NONE',  ( -0.1043307086614173318, 0.1019291338582677259, -0.03843220406514960552 ) );
#2745=AXIS2_PLACEMENT_3D ( 'NONE', #9683, #1278, #47 );
#2746=EDGE_CURVE ( 'NONE', #10585, #6455, #6006, .T. );
#2747=( BOUNDED_CURVE ( )  B_SPLINE_CURVE ( 3, ( #2670, #11220, #246, #2627 ),.UNSPECIFIED., .F., .F. )B_SPLINE_CURVE_WITH_KNOTS ( ( 4, 4 ),( 0.000000000000000000, 1.000000000000000000 ),.UNSPECIFIED. )CURVE ( )  GEOMETRIC_REPRESENTATION_ITEM ( )  RATIONAL_B_SPLINE_CURVE ( ( 1.000000000000000000, 0.3333369982562125466, 0.3333369982562125466, 1.000000000000000000 ) )REPRESENTATION_ITEM ( '' )  );
#2748=ADVANCED_FACE ( 'NONE', ( #10305 ), #4351, .T. );
#2749=PLANE ( 'NONE',  #9558 );
#2750=VERTEX_POINT ( 'NONE', #5892 );
#2751=ORIENTED_EDGE ( 'NONE', *, *, #6498, .F. );
#2752=ORIENTED_EDGE ( 'NONE', *, *, #9053, .T. );
#2753=FACE_OUTER_BOUND ( 'NONE', #5244, .T. );
#2754=CARTESIAN_POINT ( 'NONE',  ( 0.1023956690562238259, 0.08761675070988740599, -0.09045823662149606037 ) );
#2755=CARTESIAN_POINT ( 'NONE',  ( -0.1673228346456692994, -0.1023622047244094474, -0.1633858267716535584 ) );
#2756=EDGE_CURVE ( 'NONE', #8165, #2247, #4235, .T. );
#2757=CARTESIAN_POINT ( 'NONE',  ( 0.09448818897637795144, 0.03326694366329921437, -0.5255905511811024278 ) );
#2758=DIRECTION ( 'NONE',  ( 0.9063077870365068289, 0.4226182617410063624, -2.438880497958479224E-14 ) );
#2759=VERTEX_POINT ( 'NONE', #3786 );
#2760=ORIENTED_EDGE ( 'NONE', *, *, #9630, .F. );
#2761=CYLINDRICAL_SURFACE ( 'NONE', #7593, 0.007874015748031482076 );
#2762=EDGE_CURVE ( 'NONE', #7725, #5520, #11170, .T. );
#2763=CARTESIAN_POINT ( 'NONE',  ( -0.05842539995110236639, 0.03199037778855118308, -0.2185039364166929399 ) );
#2764=VERTEX_POINT ( 'NONE', #9507 );
#2765=VERTEX_POINT ( 'NONE', #1408 );
#2766=AXIS2_PLACEMENT_3D ( 'NONE', #9782, #166, #73 );
#2767=CARTESIAN_POINT ( 'NONE',  ( 0.09251968503937008093, 0.08562992125982282765, -0.09055118061860235879 ) );
#2768=LINE ( 'NONE', #876, #24 );
#2769=CARTESIAN_POINT ( 'NONE',  ( 0.1032594457038582686, -0.04095953081704725024, -0.08565451882751969059 ) );
#2770=CYLINDRICAL_SURFACE ( 'NONE', #2952, 0.001968503937007879193 );
#2771=EDGE_CURVE ( 'NONE', #6304, #1134, #5135, .T. );
#2772=CARTESIAN_POINT ( 'NONE',  ( -0.08267716535433070058, 0.09842519685039370636, -0.5314960629921260393 ) );
#2773=CARTESIAN_POINT ( 'NONE',  ( -0.09153543307086613179, 0.02460629921259842659, -0.1683070866141732347 ) );
#2774=ORIENTED_EDGE ( 'NONE', *, *, #5836, .T. );
#2775=CARTESIAN_POINT ( 'NONE',  ( 0.04197615822706312477, 0.01574803149606304048, -0.4981126456260445701 ) );
#2776=EDGE_LOOP ( 'NONE', ( #6085, #13, #8809, #7708 ) );
#2777=LINE ( 'NONE', #10809, #58 );
#2778=VERTEX_POINT ( 'NONE', #3556 );
#2779=CARTESIAN_POINT ( 'NONE',  ( -0.1023622047244094474, 0.04544477347350393825, -0.1477313443860236164 ) );
#2780=ORIENTED_EDGE ( 'NONE', *, *, #7614, .T. );
#2781=ADVANCED_FACE ( 'NONE', ( #1716 ), #9675, .T. );
#2782=LINE ( 'NONE', #1973, #293 );
#2783=CARTESIAN_POINT ( 'NONE',  ( 0.09448818897637795144, -0.07185039370078739884, -0.5265748031496062520 ) );
#2784=FACE_OUTER_BOUND ( 'NONE', #9435, .T. );
#2785=CARTESIAN_POINT ( 'NONE',  ( 0.1003937007874015908, -0.08464566929133858497, -0.4940944881889763884 ) );
#2786=VERTEX_POINT ( 'NONE', #5524 );
#2787=ORIENTED_EDGE ( 'NONE', *, *, #11313, .F. );
#2788=LINE ( 'NONE', #5488, #728 );
#2789=CARTESIAN_POINT ( 'NONE',  ( -0.09580060352830709058, 0.08654307921258493075, -0.1772077132657376430 ) );
#2790=CARTESIAN_POINT ( 'NONE',  ( 0.06761986867779527788, 0.03264629614616929021, -0.4223093954507873837 ) );
#2791=B_SPLINE_SURFACE_WITH_KNOTS ( 'NONE', 3, 3, (( #7571, #2200, #9440, #360 ),( #4944, #233, #5764, #11209 ),( #169, #1137, #5008, #6707 ),( #3250, #4102, #4153, #8504 ),( #3006, #10291, #10180, #2323 ),( #7515, #4040, #7639, #2264 ),( #8562, #5875, #1260, #7693 ),( #6654, #11158, #110, #3920 ),( #5930, #1328, #10119, #5070 ),( #7748, #6873, #10345, #9496 ),( #9287, #4827, #4885, #2144 ),( #6048, #6940, #11267, #8676 ),( #423, #4218, #10402, #1390 ) ),.UNSPECIFIED., .F., .F., .F.,( 4, 1, 1, 1, 1, 1, 1, 1, 1, 1, 4 ),( 4, 4 ),( -0.1012106741657999992, 0.000000000000000000, 0.1250000013729999915, 0.2500000011471000261, 0.3750000009209999985, 0.5000000006950999776, 0.6250000004690999811, 0.7500000002430999846, 0.8750000000170999881, 1.000000000000000000, 1.087301047925000042 ),( -0.06700346331519999032, 1.066978236753999942 ),.UNSPECIFIED. );
#2792=VERTEX_POINT ( 'NONE', #811 );
#2793=VERTEX_POINT ( 'NONE', #1593 );
#2794=FACE_OUTER_BOUND ( 'NONE', #682, .T. );
#2795=ORIENTED_EDGE ( 'NONE', *, *, #5592, .F. );
#2796=EDGE_CURVE ( 'NONE', #6769, #7176, #5419, .T. );
#2797=FACE_OUTER_BOUND ( 'NONE', #271, .T. );
#2798=CARTESIAN_POINT ( 'NONE',  ( 0.09079309032299213988, 0.08752460864464567392, -0.05284235481405512302 ) );
#2799=CARTESIAN_POINT ( 'NONE',  ( -0.1033945347443700757, -0.04282590997566929070, -0.1820508622814566990 ) );
#2800=ORIENTED_EDGE ( 'NONE', *, *, #7017, .T. );
#2801=ORIENTED_EDGE ( 'NONE', *, *, #9581, .F. );
#2802=DIRECTION ( 'NONE',  ( 0.9063077870368273503, -0.4226182617403190234, 9.265828109932393040E-13 ) );
#2803=ADVANCED_FACE ( 'NONE', ( #4582 ), #11503, .F. );
#2804=EDGE_CURVE ( 'NONE', #9849, #340, #7111, .T. );
#2805=FACE_OUTER_BOUND ( 'NONE', #5046, .T. );
#2806=ORIENTED_EDGE ( 'NONE', *, *, #634, .F. );
#2807=ORIENTED_EDGE ( 'NONE', *, *, #10063, .T. );
#2808=ORIENTED_EDGE ( 'NONE', *, *, #3365, .T. );
#2809=EDGE_CURVE ( 'NONE', #10165, #6620, #2709, .T. );
#2810=FACE_OUTER_BOUND ( 'NONE', #8892, .T. );
#2811=ADVANCED_FACE ( 'NONE', ( #7222 ), #9898, .T. );
#2812=CARTESIAN_POINT ( 'NONE',  ( 0.09245401880523701488, 0.08657551740533250828, -0.09051231083076750894 ) );
#2813=PLANE ( 'NONE',  #4540 );
#2814=ORIENTED_EDGE ( 'NONE', *, *, #8647, .F. );
#2815=AXIS2_PLACEMENT_3D ( 'NONE', #10330, #166, #73 );
#2816=CARTESIAN_POINT ( 'NONE',  ( -0.09251968503937008093, -0.0004921259865157369883, -0.2234251968503937202 ) );
#2817=LINE ( 'NONE', #11490, #311 );
#2818=VERTEX_POINT ( 'NONE', #755 );
#2819=ORIENTED_EDGE ( 'NONE', *, *, #2673, .T. );
#2820=CARTESIAN_POINT ( 'NONE',  ( 0.04503727557868307529, -0.03923775005278003908, -0.3622102079424085463 ) );
#2821=CARTESIAN_POINT ( 'NONE',  ( -0.08267716535433070058, -0.04330708661417323468, -0.2138723057805050898 ) );
#2822=ORIENTED_EDGE ( 'NONE', *, *, #6134, .T. );
#2823=LINE ( 'NONE', #10008, #33 );
#2824=LINE ( 'NONE', #6473, #311 );
#2825=CARTESIAN_POINT ( 'NONE',  ( 0.09942235350452756359, -0.04362869598622047540, -0.08578523759200788745 ) );
#2826=CIRCLE ( 'NONE', #611, 0.005905511811036563002 );
#2827=CARTESIAN_POINT ( 'NONE',  ( 0.08858267716535432601, 0.07185039370078739884, -0.4074803149606299191 ) );
#2828=CARTESIAN_POINT ( 'NONE',  ( 0.03838593298828449352, -0.02621446557218977055, -0.5062231248736122069 ) );
#2829=ORIENTED_EDGE ( 'NONE', *, *, #5073, .T. );
#2830=CIRCLE ( 'NONE', #3604, 0.009842518234155276519 );
#2831=CARTESIAN_POINT ( 'NONE',  ( 0.04232283464566918840, 0.01574803149606289823, -0.4990246483008871636 ) );
#2832=AXIS2_PLACEMENT_3D ( 'NONE', #4299, #54, #7 );
#2833=ORIENTED_EDGE ( 'NONE', *, *, #1641, .T. );
#2834=CARTESIAN_POINT ( 'NONE',  ( 0.09448818897637795144, -0.03099907202987992397, -0.5327005172486221074 ) );
#2835=ORIENTED_EDGE ( 'NONE', *, *, #648, .F. );
#2836=EDGE_CURVE ( 'NONE', #10504, #4422, #8054, .T. );
#2837=ORIENTED_EDGE ( 'NONE', *, *, #9189, .T. );
#2838=DIRECTION ( 'NONE',  ( -9.637352644315596722E-16, 0.000000000000000000, 1.000000000000000000 ) );
#2839=FACE_OUTER_BOUND ( 'NONE', #10327, .T. );
#2840=EDGE_LOOP ( 'NONE', ( #5646, #10150, #1778, #3294 ) );
#2841=ORIENTED_EDGE ( 'NONE', *, *, #10081, .F. );
#2842=FACE_OUTER_BOUND ( 'NONE', #652, .T. );
#2843=CARTESIAN_POINT ( 'NONE',  ( -0.1023625313157086603, 0.08761394505086614326, -0.1772582987820472689 ) );
#2844=CIRCLE ( 'NONE', #4389, 0.009842518234155217538 );
#2845=EDGE_CURVE ( 'NONE', #1659, #5260, #7163, .T. );
#2846=LINE ( 'NONE', #6497, #188 );
#2847=ORIENTED_EDGE ( 'NONE', *, *, #7629, .F. );
#2848=ORIENTED_EDGE ( 'NONE', *, *, #2536, .T. );
#2849=CARTESIAN_POINT ( 'NONE',  ( 0.09448818897637795144, 0.01795506823609055447, -0.5374015748031496509 ) );
#2850=EDGE_CURVE ( 'NONE', #5285, #5202, #4520, .T. );
#2851=VERTEX_POINT ( 'NONE', #7331 );
#2852=VECTOR ( 'NONE', #9670, 39.37007874015748854 );
#2853=AXIS2_PLACEMENT_3D ( 'NONE', #3746, #4392, #54 );
#2854=CYLINDRICAL_SURFACE ( 'NONE', #931, 0.01181102362204724046 );
#2855=CARTESIAN_POINT ( 'NONE',  ( 0.04653385817718854595, 0.03869719446396974877, -0.3663631030419450818 ) );
#2856=CARTESIAN_POINT ( 'NONE',  ( -0.09933025739968504020, -0.04152535341358267601, -0.1820711364277165512 ) );
#2857=ORIENTED_EDGE ( 'NONE', *, *, #9607, .F. );
#2858=ORIENTED_EDGE ( 'NONE', *, *, #6227, .F. );
#2859=CARTESIAN_POINT ( 'NONE',  ( 0.05019685039370079538, 0.03521366893700397793, -0.4685039370078740717 ) );
#2860=VECTOR ( 'NONE', #6733, 39.37007874015748143 );
#2861=EDGE_CURVE ( 'NONE', #9465, #1730, #10628, .T. );
#2862=DIRECTION ( 'NONE',  ( 0.000000000000000000, -0.6246950475269277270, 0.7808688094650276801 ) );
#2863=CARTESIAN_POINT ( 'NONE',  ( 0.09055118110236221041, 0.08858267716535432601, -0.1043570629882677181 ) );
#2864=CARTESIAN_POINT ( 'NONE',  ( 0.03195400775470866317, 0.03949396434704724457, -0.3622194451187401576 ) );
#2865=VERTEX_POINT ( 'NONE', #9845 );
#2866=ORIENTED_EDGE ( 'NONE', *, *, #1600, .F. );
#2867=ORIENTED_EDGE ( 'NONE', *, *, #2431, .T. );
#2868=ORIENTED_EDGE ( 'NONE', *, *, #9395, .T. );
#2869=EDGE_CURVE ( 'NONE', #11680, #1539, #4409, .T. );
#2870=EDGE_CURVE ( 'NONE', #1423, #3800, #8001, .T. );
#2871=CARTESIAN_POINT ( 'NONE',  ( -0.08366141732283464971, -0.07677165354330708902, -0.4990157480314961203 ) );
#2872=CARTESIAN_POINT ( 'NONE',  ( 0.09221244473398425290, 0.08751088693198741386, -0.08993494492386024108 ) );
#2873=CIRCLE ( 'NONE', #5348, 0.005905511811023654925 );
#2874=ORIENTED_EDGE ( 'NONE', *, *, #11601, .F. );
#2875=ORIENTED_EDGE ( 'NONE', *, *, #5173, .F. );
#2876=DIRECTION ( 'NONE',  ( -2.891205793294675368E-16, 3.343628375672280477E-31, -1.000000000000000000 ) );
#2877=CARTESIAN_POINT ( 'NONE',  ( 0.09744094488188977110, -0.06889763779527559306, -0.01574803149606299191 ) );
#2878=EDGE_CURVE ( 'NONE', #4025, #1976, #3282, .T. );
#2879=LINE ( 'NONE', #5463, #188 );
#2880=ORIENTED_EDGE ( 'NONE', *, *, #2501, .F. );
#2881=VECTOR ( 'NONE', #8195, 39.37007874015748854 );
#2882=CARTESIAN_POINT ( 'NONE',  ( 0.1032597036720078743, -0.04096426413299212449, -0.05410914180330709394 ) );
#2883=VERTEX_POINT ( 'NONE', #9013 );
#2884=LINE ( 'NONE', #8275, #31 );
#2885=ORIENTED_EDGE ( 'NONE', *, *, #5615, .T. );
#2886=CARTESIAN_POINT ( 'NONE',  ( 0.09645669291338582196, -0.07381889763779526936, -0.3602362204724409711 ) );
#2887=CARTESIAN_POINT ( 'NONE',  ( 0.04841944222157575084, 0.07673760904637598468, -0.08070866141732284393 ) );
#2888=AXIS2_PLACEMENT_3D ( 'NONE', #8966, #16, #7 );
#2889=CARTESIAN_POINT ( 'NONE',  ( 0.09148891709314960208, -0.04337097230732284148, -0.08574912495736219942 ) );
#2890=VECTOR ( 'NONE', #1660, 39.37007874015748143 );
#2891=EDGE_CURVE ( 'NONE', #11244, #6414, #3678, .T. );
#2892=FACE_OUTER_BOUND ( 'NONE', #2282, .T. );
#2893=ADVANCED_FACE ( 'NONE', ( #10745 ), #2770, .F. );
#2894=PLANE ( 'NONE',  #7613 );
#2895=CIRCLE ( 'NONE', #8416, 0.01181102362204724046 );
#2896=VERTEX_POINT ( 'NONE', #4042 );
#2897=PLANE ( 'NONE',  #5753 );
#2898=VERTEX_POINT ( 'NONE', #10120 );
#2899=LINE ( 'NONE', #9959, #31 );
#2900=VERTEX_POINT ( 'NONE', #2080 );
#2901=CARTESIAN_POINT ( 'NONE',  ( -0.0009842519685039369942, -0.06102362204724409711, -0.5708661417322835607 ) );
#2902=ORIENTED_EDGE ( 'NONE', *, *, #8129, .T. );
#2903=CARTESIAN_POINT ( 'NONE',  ( -0.08222784886047362907, -0.007409445792176456991, -0.2135826771653543399 ) );
#2904=PLANE ( 'NONE',  #11477 );
#2905=CYLINDRICAL_SURFACE ( 'NONE', #7462, 0.01181102362204724046 );
#2906=CARTESIAN_POINT ( 'NONE',  ( 0.02362204724409358234, -0.1299212598425196763, -0.4133858267716535861 ) );
#2907=ORIENTED_EDGE ( 'NONE', *, *, #5802, .T. );
#2908=ADVANCED_FACE ( 'NONE', ( #10865 ), #235, .T. );
#2909=FACE_OUTER_BOUND ( 'NONE', #578, .T. );
#2910=CARTESIAN_POINT ( 'NONE',  ( -0.08267716535433070058, -0.07677165354330708902, -0.5708661417322835607 ) );
#2911=DIRECTION ( 'NONE',  ( 0.4226182617404001252, 0.9063077870367894917, 0.000000000000000000 ) );
#2912=ORIENTED_EDGE ( 'NONE', *, *, #10887, .F. );
#2913=CARTESIAN_POINT ( 'NONE',  ( 0.05120762430348735350, 0.02335418564140510564, -0.4908216825579506670 ) );
#2914=ORIENTED_EDGE ( 'NONE', *, *, #4522, .T. );
#2915=ORIENTED_EDGE ( 'NONE', *, *, #10358, .F. );
#2916=LINE ( 'NONE', #1737, #728 );
#2917=CARTESIAN_POINT ( 'NONE',  ( 0.04570512988278716687, 0.03897019440034429905, -0.3642920738758393395 ) );
#2918=LINE ( 'NONE', #2047, #10858 );
#2919=ORIENTED_EDGE ( 'NONE', *, *, #9703, .T. );
#2920=EDGE_LOOP ( 'NONE', ( #7026, #3858, #10112, #4446 ) );
#2921=FACE_OUTER_BOUND ( 'NONE', #4725, .T. );
#2922=EDGE_CURVE ( 'NONE', #7791, #1810, #10012, .T. );
#2923=LINE ( 'NONE', #9390, #33 );
#2924=CARTESIAN_POINT ( 'NONE',  ( 0.04445217691429134005, 0.03843852889124015765, -0.3700575458655118166 ) );
#2925=ORIENTED_EDGE ( 'NONE', *, *, #10667, .T. );
#2926=EDGE_LOOP ( 'NONE', ( #8222, #10090, #6774, #10790 ) );
#2927=VERTEX_POINT ( 'NONE', #6474 );
#2928=EDGE_LOOP ( 'NONE', ( #9198, #5804, #2162, #7271 ) );
#2929=CARTESIAN_POINT ( 'NONE',  ( 0.1003937007874015908, -0.09055118110236221041, -0.4350393700787402174 ) );
#2930=CARTESIAN_POINT ( 'NONE',  ( 0.04841944222189425995, 0.07673760904660295590, -0.05905511811019716756 ) );
#2931=AXIS2_PLACEMENT_3D ( 'NONE', #4464, #4417, #3457 );
#2932=EDGE_CURVE ( 'NONE', #7171, #5006, #6539, .T. );
#2933=CARTESIAN_POINT ( 'NONE',  ( 0.04035433070865929867, 0.05825408172030732690, -0.09940944881889764162 ) );
#2934=EDGE_LOOP ( 'NONE', ( #6457, #11724, #8757, #5790 ) );
#2935=ORIENTED_EDGE ( 'NONE', *, *, #9939, .T. );
#2936=AXIS2_PLACEMENT_3D ( 'NONE', #4113, #73, #16 );
#2937=EDGE_CURVE ( 'NONE', #4455, #8667, #9859, .T. );
#2938=CARTESIAN_POINT ( 'NONE',  ( -0.09251968503937008093, -0.07677165354330708902, -0.03740157480314960925 ) );
#2939=CARTESIAN_POINT ( 'NONE',  ( 0.03838582677165354451, 0.05511811023622047168, -0.4625984251968504046 ) );
#2940=CARTESIAN_POINT ( 'NONE',  ( 0.09545801256881888963, -0.04301213180381888851, -0.05409803767724408879 ) );
#2941=CIRCLE ( 'NONE', #11285, 0.004921259842519687573 );
#2942=ORIENTED_EDGE ( 'NONE', *, *, #9732, .T. );
#2943=CARTESIAN_POINT ( 'NONE',  ( 0.04438688646519684672, 0.07485719741525589943, -0.04921259987649606593 ) );
#2944=EDGE_LOOP ( 'NONE', ( #3770, #11509, #7959, #239 ) );
#2945=CARTESIAN_POINT ( 'NONE',  ( 0.07677165354330708902, 0.09350393700787401619, -0.1141732283464566844 ) );
#2946=EDGE_CURVE ( 'NONE', #7176, #11116, #751, .T. );
#2947=CARTESIAN_POINT ( 'NONE',  ( 0.08267716535433070058, -0.04330708661417323468, -0.08562992125984252023 ) );
#2948=LINE ( 'NONE', #4701, #11 );
#2949=ADVANCED_FACE ( 'NONE', ( #7516 ), #3923, .F. );
#2950=CYLINDRICAL_SURFACE ( 'NONE', #1718, 0.01968503937007873988 );
#2951=CARTESIAN_POINT ( 'NONE',  ( 0.09251968503937008093, -0.07874015748031495954, -0.07480314960629921850 ) );
#2952=AXIS2_PLACEMENT_3D ( 'NONE', #6422, #54, #7 );
#2953=VERTEX_POINT ( 'NONE', #6598 );
#2954=VERTEX_POINT ( 'NONE', #10803 );
#2955=FACE_OUTER_BOUND ( 'NONE', #396, .T. );
#2956=ORIENTED_EDGE ( 'NONE', *, *, #2570, .T. );
#2957=ORIENTED_EDGE ( 'NONE', *, *, #9608, .T. );
#2958=EDGE_CURVE ( 'NONE', #10241, #7046, #7451, .T. );
#2959=ADVANCED_FACE ( 'NONE', ( #2146 ), #1206, .T. );
#2960=LINE ( 'NONE', #2783, #31 );
#2961=CARTESIAN_POINT ( 'NONE',  ( -0.1181102362204724532, 0.1023622047244094474, 0.001030629261998425045 ) );
#2962=CARTESIAN_POINT ( 'NONE',  ( 0.09599412964463993614, 0.09720313186572833442, -0.08809736101346338222 ) );
#2963=ORIENTED_EDGE ( 'NONE', *, *, #7518, .T. );
#2964=CARTESIAN_POINT ( 'NONE',  ( -0.06029723278932382080, 0.02797621931298625853, -0.1980314960629921128 ) );
#2965=CARTESIAN_POINT ( 'NONE',  ( 0.07128304970487597814, -1.969918514181338435E-15, -0.4219855241732275442 ) );
#2966=FACE_OUTER_BOUND ( 'NONE', #190, .T. );
#2967=ORIENTED_EDGE ( 'NONE', *, *, #7826, .T. );
#2968=CARTESIAN_POINT ( 'NONE',  ( 0.05163952653596178693, 0.02335921044756177761, -0.5037960365550078201 ) );
#2969=ORIENTED_EDGE ( 'NONE', *, *, #8647, .T. );
#2970=LINE ( 'NONE', #193, #11 );
#2971=EDGE_CURVE ( 'NONE', #5845, #1661, #3066, .T. );
#2972=ORIENTED_EDGE ( 'NONE', *, *, #2547, .T. );
#2973=CARTESIAN_POINT ( 'NONE',  ( 0.04132750049012996058, -0.01574803149606289823, -0.5026165983134762705 ) );
#2974=CARTESIAN_POINT ( 'NONE',  ( 0.03740157480314960925, -0.07874015748031495954, -0.4370078740157480879 ) );
#2975=ORIENTED_EDGE ( 'NONE', *, *, #11470, .F. );
#2976=ORIENTED_EDGE ( 'NONE', *, *, #708, .F. );
#2977=CARTESIAN_POINT ( 'NONE',  ( -0.04800347941596259937, 0.07762964416216713848, -0.2184546000414618327 ) );
#2978=LINE ( 'NONE', #2051, #10109 );
#2979=CARTESIAN_POINT ( 'NONE',  ( 0.05577109284286795032, -0.03250421471583449240, -0.5079087820799251807 ) );
#2980=PLANE ( 'NONE',  #2682 );
#2981=ORIENTED_EDGE ( 'NONE', *, *, #10027, .F. );
#2982=VERTEX_POINT ( 'NONE', #7574 );
#2983=ORIENTED_EDGE ( 'NONE', *, *, #6944, .T. );
#2984=VERTEX_POINT ( 'NONE', #10928 );
#2985=CARTESIAN_POINT ( 'NONE',  ( 0.08956692913385827515, 0.05984251968503937619, -0.01377952755905511792 ) );
#2986=CARTESIAN_POINT ( 'NONE',  ( 0.04429133858268109736, 0.05511811023622047168, -0.4488188976377953110 ) );
#2987=EDGE_CURVE ( 'NONE', #9191, #11004, #1041, .T. );
#2988=PLANE ( 'NONE',  #11174 );
#2989=LINE ( 'NONE', #5219, #728 );
#2990=ORIENTED_EDGE ( 'NONE', *, *, #6963, .T. );
#2991=ORIENTED_EDGE ( 'NONE', *, *, #5146, .T. );
#2992=CARTESIAN_POINT ( 'NONE',  ( 0.1181102362204724532, -0.09842519685039370636, -0.4311023622047244208 ) );
#2993=CARTESIAN_POINT ( 'NONE',  ( -0.06618313843016451758, 0.01069597680054962772, -0.1980314960629921128 ) );
#2994=CARTESIAN_POINT ( 'NONE',  ( 0.1023622047244094474, -0.07874015748031495954, -0.02559055118110236185 ) );
#2995=CIRCLE ( 'NONE', #5453, 0.009842519685039369942 );
#2996=CARTESIAN_POINT ( 'NONE',  ( 0.1033893963795669418, -0.04371329847759842374, -0.05397718333531496826 ) );
#2997=ADVANCED_FACE ( 'NONE', ( #4946 ), #10182, .F. );
#2998=ORIENTED_EDGE ( 'NONE', *, *, #10215, .F. );
#2999=CARTESIAN_POINT ( 'NONE',  ( -0.07086614173228346358, 0.000000000000000000, -0.1683070866141732347 ) );
#3000=CARTESIAN_POINT ( 'NONE',  ( -0.09055118110236221041, 0.08661417322834646937, -0.2519685039370078705 ) );
#3001=CARTESIAN_POINT ( 'NONE',  ( 0.09055118110232361628, 0.08854982057529567352, -0.08469837794503937145 ) );
#3002=EDGE_CURVE ( 'NONE', #5036, #2317, #5641, .T. );
#3003=ORIENTED_EDGE ( 'NONE', *, *, #10063, .F. );
#3004=DIRECTION ( 'NONE',  ( 1.368843476615528607E-12, -2.823533666111584332E-12, 1.000000000000000000 ) );
#3005=CIRCLE ( 'NONE', #10612, 0.02362204724409448092 );
#3006=CARTESIAN_POINT ( 'NONE',  ( -0.1019596516567716632, 0.09277202011043307606, -0.2178877019094882239 ) );
#3007=CARTESIAN_POINT ( 'NONE',  ( 0.08267716535433070058, -0.04330708661417323468, -0.05384426684686362263 ) );
#3008=EDGE_CURVE ( 'NONE', #4290, #262, #9170, .T. );
#3009=VERTEX_POINT ( 'NONE', #11728 );
#3010=CARTESIAN_POINT ( 'NONE',  ( 0.04232283464566918840, 0.01672338319568447348, -0.4994286522032083120 ) );
#3011=ORIENTED_EDGE ( 'NONE', *, *, #10324, .F. );
#3012=VERTEX_POINT ( 'NONE', #1004 );
#3013=CARTESIAN_POINT ( 'NONE',  ( 0.06668622072697913405, -0.02846427767780803156, -0.4620265435458598691 ) );
#3014=ORIENTED_EDGE ( 'NONE', *, *, #6818, .F. );
#3015=AXIS2_PLACEMENT_3D ( 'NONE', #1193, #16, #47 );
#3016=EDGE_CURVE ( 'NONE', #3478, #7994, #4764, .T. );
#3017=EDGE_CURVE ( 'NONE', #10164, #3259, #7390, .T. );
#3018=DIRECTION ( 'NONE',  ( -0.4226182617408709152, -0.9063077870365698896, 0.000000000000000000 ) );
#3019=CARTESIAN_POINT ( 'NONE',  ( 0.05743518078480432110, 0.03411390964353853278, -0.07307113536213964700 ) );
#3020=VERTEX_POINT ( 'NONE', #3364 );
#3021=FACE_OUTER_BOUND ( 'NONE', #4416, .T. );
#3022=CARTESIAN_POINT ( 'NONE',  ( 0.09599456747175984239, 0.09720211550665794342, -0.05166663693167455190 ) );
#3023=CIRCLE ( 'NONE', #1021, 0.003937007874015749712 );
#3024=ADVANCED_FACE ( 'NONE', ( #11211, #4154 ), #5178, .T. );
#3025=CARTESIAN_POINT ( 'NONE',  ( -0.1043307086614173318, 0.000000000000000000, -0.08070866141732284393 ) );
#3026=EDGE_CURVE ( 'NONE', #3901, #1231, #10219, .T. );
#3027=VERTEX_POINT ( 'NONE', #11097 );
#3028=CARTESIAN_POINT ( 'NONE',  ( -0.09251968503937008093, 0.06692913385826770867, -0.1978346456692913480 ) );
#3029=ORIENTED_EDGE ( 'NONE', *, *, #5615, .F. );
#3030=CARTESIAN_POINT ( 'NONE',  ( -0.1023622047244094474, 0.06692913385826770867, -0.1417322834645669272 ) );
#3031=ORIENTED_EDGE ( 'NONE', *, *, #1581, .F. );
#3032=CARTESIAN_POINT ( 'NONE',  ( 0.09596944646421259884, 0.09833785030917321923, -0.05188935967629921403 ) );
#3033=AXIS2_PLACEMENT_3D ( 'NONE', #568, #16, #47 );
#3034=ORIENTED_EDGE ( 'NONE', *, *, #1759, .T. );
#3035=ORIENTED_EDGE ( 'NONE', *, *, #6513, .T. );
#3036=LINE ( 'NONE', #7484, #24 );
#3037=LINE ( 'NONE', #8534, #293 );
#3038=ADVANCED_FACE ( 'NONE', ( #3252, #9551 ), #11268, .F. );
#3039=CARTESIAN_POINT ( 'NONE',  ( 0.02360424534362272342, -0.1240157480314811739, -0.1387121822160427564 ) );
#3040=EDGE_CURVE ( 'NONE', #5316, #10412, #1170, .T. );
#3041=ORIENTED_EDGE ( 'NONE', *, *, #8989, .F. );
#3042=CIRCLE ( 'NONE', #10651, 0.001968503937007879193 );
#3043=ORIENTED_EDGE ( 'NONE', *, *, #8425, .F. );
#3044=ORIENTED_EDGE ( 'NONE', *, *, #3819, .T. );
#3045=ORIENTED_EDGE ( 'NONE', *, *, #3008, .F. );
#3046=DIRECTION ( 'NONE',  ( -3.515895900974054726E-16, -1.000000000000000000, -7.929067692480029494E-16 ) );
#3047=CARTESIAN_POINT ( 'NONE',  ( 0.09148905577736221595, 0.05606946032421260273, -0.01535163562607480200 ) );
#3048=CARTESIAN_POINT ( 'NONE',  ( 0.09744094488188977110, -0.04232283464566929249, -0.04429133858267716300 ) );
#3049=ORIENTED_EDGE ( 'NONE', *, *, #812, .T. );
#3050=ORIENTED_EDGE ( 'NONE', *, *, #9867, .T. );
#3051=FACE_OUTER_BOUND ( 'NONE', #5159, .T. );
#3052=CARTESIAN_POINT ( 'NONE',  ( 0.000000000000000000, -0.1240157480314960647, -0.1377952755905511861 ) );
#3053=AXIS2_PLACEMENT_3D ( 'NONE', #3103, #7500, #7 );
#3054=EDGE_CURVE ( 'NONE', #9084, #2183, #6049, .T. );
#3055=FACE_OUTER_BOUND ( 'NONE', #154, .T. );
#3056=CARTESIAN_POINT ( 'NONE',  ( -0.09055118110236221041, 0.08661417322834646937, -0.1437007874015747977 ) );
#3057=EDGE_CURVE ( 'NONE', #545, #8174, #301, .T. );
#3058=CARTESIAN_POINT ( 'NONE',  ( 0.09545495897641731453, -0.04355660384125985274, -0.05397735828645670170 ) );
#3059=( BOUNDED_SURFACE ( )  B_SPLINE_SURFACE ( 3, 3, (( #175, #4892, #10066, #3859, #8340, #2086, #7520 ),( #10020, #6602, #883, #10751, #4832, #11733, #2775 ),( #6426, #7336, #6544, #7456, #3010, #6657, #2831 ),( #2025, #2025, #1833, #1833, #1833, #9120, #5701 ) ),.UNSPECIFIED., .F., .F., .F. )B_SPLINE_SURFACE_WITH_KNOTS ( ( 4, 4 ),( 4, 3, 4 ),( 0.01415035426866794767, 1.000000000000000000 ),( 0.000000000000000000, 0.5000000000000000000, 1.000000000000000000 ),.UNSPECIFIED. )GEOMETRIC_REPRESENTATION_ITEM ( )  RATIONAL_B_SPLINE_SURFACE ( (( 0.9981260839575200050, 0.8032298427400615948, 0.8032298427400615948, 0.9981260839575200050, 0.8032298427400615948, 0.8032298427400615948, 0.9981260839575200050),( 0.9552323901280015406, 0.7687116636212291132, 0.7687116636212291132, 0.9552323901280015406, 0.7687116636212291132, 0.7687116636212291132, 0.9552323901280015406),( 0.9558570288088282796, 0.7692143340127096662, 0.7692143340127096662, 0.9558570288088282796, 0.7692143340127096662, 0.7692143340127096662, 0.9558570288088282796),( 1.000000000000000000, 0.8047378539145029208, 0.8047378539145029208, 1.000000000000000000, 0.8047378539145029208, 0.8047378539145029208, 1.000000000000000000) ) )REPRESENTATION_ITEM ( '' )  SURFACE ( )  );
#3060=ORIENTED_EDGE ( 'NONE', *, *, #6358, .T. );
#3061=CARTESIAN_POINT ( 'NONE',  ( 0.03348507101583900886, -0.03927873144886951523, -0.3646695241467017290 ) );
#3062=DIRECTION ( 'NONE',  ( 0.4226182617401383346, 0.9063077870369116162, 0.000000000000000000 ) );
#3063=EDGE_LOOP ( 'NONE', ( #275, #197, #3383, #11578, #4747, #5613, #8244, #3367, #1324, #4588, #9808, #7754, #7070, #1061, #8342, #970, #10001, #2445, #459, #9975, #11460, #5171, #9806 ) );
#3064=CARTESIAN_POINT ( 'NONE',  ( -0.09954881166653543889, 0.09842519685039370636, -0.2086614173229134062 ) );
#3065=ORIENTED_EDGE ( 'NONE', *, *, #7817, .F. );
#3066=LINE ( 'NONE', #4887, #11 );
#3067=CARTESIAN_POINT ( 'NONE',  ( -0.06299212598425196763, -0.08070866141732284393, -0.5826771653543307838 ) );
#3068=ADVANCED_FACE ( 'NONE', ( #493 ), #10459, .T. );
#3069=ORIENTED_EDGE ( 'NONE', *, *, #6119, .F. );
#3070=ORIENTED_EDGE ( 'NONE', *, *, #4761, .F. );
#3071=ORIENTED_EDGE ( 'NONE', *, *, #9976, .F. );
#3072=VECTOR ( 'NONE', #2607, 39.37007874015748854 );
#3073=ORIENTED_EDGE ( 'NONE', *, *, #10009, .T. );
#3074=CARTESIAN_POINT ( 'NONE',  ( 0.03740157480314960925, 0.07677165354330708902, -0.5039370078740157410 ) );
#3075=VECTOR ( 'NONE', #5140, 39.37007874015748143 );
#3076=LINE ( 'NONE', #4959, #58 );
#3077=CARTESIAN_POINT ( 'NONE',  ( 0.06029723278932379305, 0.02797621931298624465, -0.06968503937007874960 ) );
#3078=EDGE_CURVE ( 'NONE', #760, #8952, #4280, .T. );
#3079=ORIENTED_EDGE ( 'NONE', *, *, #10283, .T. );
#3080=CARTESIAN_POINT ( 'NONE',  ( 0.05975887203503366801, 0.02954760119138138269, -0.5223677275474385429 ) );
#3081=AXIS2_PLACEMENT_3D ( 'NONE', #1268, #8454, #3648 );
#3082=EDGE_CURVE ( 'NONE', #6562, #11592, #9604, .T. );
#3083=AXIS2_PLACEMENT_3D ( 'NONE', #5818, #1254, #16 );
#3084=ORIENTED_EDGE ( 'NONE', *, *, #4032, .F. );
#3085=ORIENTED_EDGE ( 'NONE', *, *, #5808, .F. );
#3086=CARTESIAN_POINT ( 'NONE',  ( 0.07677165354330708902, 0.08858267716535432601, -0.02559055118110236185 ) );
#3087=ORIENTED_EDGE ( 'NONE', *, *, #7804, .T. );
#3088=CIRCLE ( 'NONE', #3290, 0.009842519685039378616 );
#3089=CARTESIAN_POINT ( 'NONE',  ( -0.03979963754399015036, 0.08357814700088582460, -0.1870078740157480324 ) );
#3090=ADVANCED_FACE ( 'NONE', ( #1391 ), #2443, .T. );
#3091=ORIENTED_EDGE ( 'NONE', *, *, #11313, .T. );
#3092=ORIENTED_EDGE ( 'NONE', *, *, #11548, .T. );
#3093=PLANE ( 'NONE',  #5239 );
#3094=CARTESIAN_POINT ( 'NONE',  ( -0.09189895708634469862, 0.09848338249837165770, -0.1818573260077212539 ) );
#3095=CIRCLE ( 'NONE', #9628, 0.01181102362204724046 );
#3096=AXIS2_PLACEMENT_3D ( 'NONE', #11177, #7, #47 );
#3097=CARTESIAN_POINT ( 'NONE',  ( 0.1048228346456692855, -0.08070866141732284393, -0.1161417322834645688 ) );
#3098=ORIENTED_EDGE ( 'NONE', *, *, #8346, .F. );
#3099=ORIENTED_EDGE ( 'NONE', *, *, #11053, .T. );
#3100=ORIENTED_EDGE ( 'NONE', *, *, #320, .F. );
#3101=VERTEX_POINT ( 'NONE', #1520 );
#3102=LINE ( 'NONE', #10103, #11 );
#3103=CARTESIAN_POINT ( 'NONE',  ( 0.04781514651763780349, -0.03409613638218508130, -0.4192913385826771422 ) );
#3104=EDGE_CURVE ( 'NONE', #1945, #11310, #5237, .T. );
#3105=VERTEX_POINT ( 'NONE', #4104 );
#3106=ORIENTED_EDGE ( 'NONE', *, *, #7231, .F. );
#3107=ADVANCED_FACE ( 'NONE', ( #553 ), #2202, .T. );
#3108=LINE ( 'NONE', #9381, #24 );
#3109=AXIS2_PLACEMENT_3D ( 'NONE', #1154, #98, #54 );
#3110=DIRECTION ( 'NONE',  ( -0.7831408596197213523, 0.000000000000000000, -0.6218443486871002568 ) );
#3111=CARTESIAN_POINT ( 'NONE',  ( 0.1023622047244094474, 0.04544477347350393825, -0.1199851910470472460 ) );
#3112=LINE ( 'NONE', #160, #58 );
#3113=CARTESIAN_POINT ( 'NONE',  ( 0.09055118110236221041, 0.08661417322834646937, -0.08446247372459980696 ) );
#3114=ORIENTED_EDGE ( 'NONE', *, *, #9441, .T. );
#3115=AXIS2_PLACEMENT_3D ( 'NONE', #1540, #54, #7 );
#3116=CARTESIAN_POINT ( 'NONE',  ( -0.04133858267716535029, 0.08464566929133858497, -0.2490157480314960647 ) );
#3117=CARTESIAN_POINT ( 'NONE',  ( 0.09055118110204567194, 0.09849179892272323655, -0.08469837794503937145 ) );
#3118=VERTEX_POINT ( 'NONE', #6816 );
#3119=EDGE_CURVE ( 'NONE', #871, #5062, #10406, .T. );
#3120=DIRECTION ( 'NONE',  ( -0.4226182617426593735, 0.9063077870357358901, 0.000000000000000000 ) );
#3121=AXIS2_PLACEMENT_3D ( 'NONE', #5300, #47, #98 );
#3122=CARTESIAN_POINT ( 'NONE',  ( 0.09153543307086613179, -0.08070866141732284393, -0.1161417322834645688 ) );
#3123=LINE ( 'NONE', #9393, #11 );
#3124=VERTEX_POINT ( 'NONE', #11160 );
#3125=DIRECTION ( 'NONE',  ( 0.9063077870369116162, -0.4226182617401383346, 0.000000000000000000 ) );
#3126=LINE ( 'NONE', #8280, #2513 );
#3127=ADVANCED_FACE ( 'NONE', ( #3183 ), #10210, .F. );
#3128=CIRCLE ( 'NONE', #8235, 0.009842519684566923208 );
#3129=EDGE_LOOP ( 'NONE', ( #6462, #2912, #2231, #8638 ) );
#3130=LINE ( 'NONE', #7698, #4817 );
#3131=ORIENTED_EDGE ( 'NONE', *, *, #4222, .T. );
#3132=CARTESIAN_POINT ( 'NONE',  ( -0.09744094488188977110, 0.06692913385826770867, -0.1437007874015747977 ) );
#3133=ORIENTED_EDGE ( 'NONE', *, *, #6666, .T. );
#3134=ORIENTED_EDGE ( 'NONE', *, *, #4127, .T. );
#3135=AXIS2_PLACEMENT_3D ( 'NONE', #9131, #16, #54 );
#3136=CARTESIAN_POINT ( 'NONE',  ( -0.07578740157480315376, 0.008858267716535432948, -0.1417322834645669272 ) );
#3137=ADVANCED_FACE ( 'NONE', ( #8891 ), #7922, .T. );
#3138=DIRECTION ( 'NONE',  ( 1.224646799147349756E-16, 1.000000000000000000, -5.854176206259411007E-16 ) );
#3139=LINE ( 'NONE', #2033, #24 );
#3140=DIRECTION ( 'NONE',  ( 0.9063077870361252453, 0.4226182617418250964, 1.000359145606334357E-12 ) );
#3141=CARTESIAN_POINT ( 'NONE',  ( 0.06137455546744095131, 0.03937007874015747977, -0.3011811023622047445 ) );
#3142=CARTESIAN_POINT ( 'NONE',  ( -0.1023622047244094474, 0.07677165354104330264, -0.1437007874015747977 ) );
#3143=CARTESIAN_POINT ( 'NONE',  ( -0.09056688832692913471, -0.04359183022992126066, -0.2135826771653543399 ) );
#3144=ORIENTED_EDGE ( 'NONE', *, *, #11543, .T. );
#3145=CARTESIAN_POINT ( 'NONE',  ( 0.09744094488188977110, 0.03307086614173228301, -0.01574803149606299191 ) );
#3146=VERTEX_POINT ( 'NONE', #1579 );
#3147=EDGE_CURVE ( 'NONE', #5486, #2552, #8149, .T. );
#3148=CARTESIAN_POINT ( 'NONE',  ( 0.1181102362204724532, 0.000000000000000000, -0.1161417322834645688 ) );
#3149=ORIENTED_EDGE ( 'NONE', *, *, #5408, .F. );
#3150=CARTESIAN_POINT ( 'NONE',  ( 0.09251968503937008093, 0.04488188976377952694, -0.1240157480314960647 ) );
#3151=ORIENTED_EDGE ( 'NONE', *, *, #6717, .T. );
#3152=CARTESIAN_POINT ( 'NONE',  ( -0.1072834645669291376, -0.09251968503937008093, -0.1732283464566929387 ) );
#3153=ORIENTED_EDGE ( 'NONE', *, *, #4799, .T. );
#3154=ORIENTED_EDGE ( 'NONE', *, *, #6320, .F. );
#3155=PLANE ( 'NONE',  #1160 );
#3156=VERTEX_POINT ( 'NONE', #8039 );
#3157=EDGE_CURVE ( 'NONE', #7492, #8315, #9887, .T. );
#3158=ORIENTED_EDGE ( 'NONE', *, *, #6050, .F. );
#3159=VERTEX_POINT ( 'NONE', #2571 );
#3160=ORIENTED_EDGE ( 'NONE', *, *, #7023, .T. );
#3161=CARTESIAN_POINT ( 'NONE',  ( -0.09055118110236221041, 0.08661417322834646937, -0.1832540617085504087 ) );
#3162=EDGE_CURVE ( 'NONE', #6405, #4819, #2509, .T. );
#3163=EDGE_CURVE ( 'NONE', #5074, #4772, #2879, .T. );
#3164=CARTESIAN_POINT ( 'NONE',  ( -0.06029723278932763025, 0.02797621931297939596, -0.2014175920550693444 ) );
#3165=VERTEX_POINT ( 'NONE', #1761 );
#3166=ORIENTED_EDGE ( 'NONE', *, *, #6950, .F. );
#3167=DIRECTION ( 'NONE',  ( 0.000000000000000000, 0.9701425001452379515, -0.2425356250367085298 ) );
#3168=CARTESIAN_POINT ( 'NONE',  ( -0.09448204995429616837, 0.001087204004771047307, 0.09842519685039376187 ) );
#3169=CARTESIAN_POINT ( 'NONE',  ( 0.05019685039370079538, 0.02954760119137004107, -0.5212699788172637794 ) );
#3170=CARTESIAN_POINT ( 'NONE',  ( 0.05137688055471047177, 0.02381659075254716901, -0.06968503937007876348 ) );
#3171=PLANE ( 'NONE',  #7988 );
#3172=ORIENTED_EDGE ( 'NONE', *, *, #5142, .T. );
#3173=EDGE_CURVE ( 'NONE', #2778, #8653, #3700, .T. );
#3174=EDGE_CURVE ( 'NONE', #2792, #6349, #9002, .T. );
#3175=EDGE_LOOP ( 'NONE', ( #2717, #7123, #9552, #10709 ) );
#3176=CARTESIAN_POINT ( 'NONE',  ( 0.1023622047244094474, -0.01791338582677165503, -0.1240157480314960647 ) );
#3177=CARTESIAN_POINT ( 'NONE',  ( 0.03479981387077512450, -0.03891733830406736427, -0.3689014160765506922 ) );
#3178=FACE_OUTER_BOUND ( 'NONE', #4256, .T. );
#3179=ORIENTED_EDGE ( 'NONE', *, *, #9321, .T. );
#3180=FACE_OUTER_BOUND ( 'NONE', #14, .T. );
#3181=B_SPLINE_CURVE_WITH_KNOTS ( 'NONE', 3,( #5268, #7354, #10830, #2917, #5667, #2855, #6507 ),.UNSPECIFIED., .F., .F.,( 4, 3, 4 ),( 4.872898142797323974E-08, 8.382195751416796623E-05, 0.0001692952660161381245 ),.UNSPECIFIED. );
#3182=FACE_OUTER_BOUND ( 'NONE', #5826, .T. );
#3183=FACE_OUTER_BOUND ( 'NONE', #6465, .T. );
#3184=CIRCLE ( 'NONE', #7923, 0.01814870956160655538 );
#3185=B_SPLINE_SURFACE_WITH_KNOTS ( 'NONE', 3, 3, (( #8658, #4199, #7794, #8720 ),( #474, #7854, #3348, #6979 ),( #9588, #6508, #910, #10716 ),( #11529, #9144, #11699, #9812 ),( #2799, #6330, #10655, #7305 ),( #11583, #4728, #9755, #8930 ),( #8987, #10832, #1685, #5389 ),( #2678, #9082, #3584, #11645 ),( #1742, #2856, #972, #9927 ),( #4670, #3767, #2741, #1800 ) ),.UNSPECIFIED., .F., .F., .F.,( 4, 1, 1, 1, 1, 1, 1, 4 ),( 4, 4 ),( -0.1842848522242999942, 0.000000000000000000, 0.09468349149620000627, 0.1489456280660999832, 0.8470400849224999362, 0.9563187924882000646, 1.000000000000000000, 1.192974131429999973 ),( -0.06698135351036998975, 1.066979219882000063 ),.UNSPECIFIED. );
#3186=CARTESIAN_POINT ( 'NONE',  ( 0.07086614173228346358, 8.678599364036359818E-18, -0.09940944881889764162 ) );
#3187=ADVANCED_FACE ( 'NONE', ( #4509 ), #4397, .F. );
#3188=ADVANCED_FACE ( 'NONE', ( #6285 ), #2696, .T. );
#3189=ORIENTED_EDGE ( 'NONE', *, *, #1286, .F. );
#3190=DIRECTION ( 'NONE',  ( 0.03881571381775059115, 1.376744130265896069E-14, 0.9992463862135397834 ) );
#3191=ORIENTED_EDGE ( 'NONE', *, *, #7319, .T. );
#3192=ORIENTED_EDGE ( 'NONE', *, *, #1477, .F. );
#3193=AXIS2_PLACEMENT_3D ( 'NONE', #3784, #927, #7 );
#3194=ORIENTED_EDGE ( 'NONE', *, *, #4022, .F. );
#3195=CARTESIAN_POINT ( 'NONE',  ( 0.07578740157480315376, 0.008858267716535432948, -0.01377952755905511792 ) );
#3196=CARTESIAN_POINT ( 'NONE',  ( -0.08366141732283464971, -0.04724409448818897572, -0.4251968503937008093 ) );
#3197=CARTESIAN_POINT ( 'NONE',  ( -0.08956692913385827515, 0.05984251968503937619, -0.1417322834645669272 ) );
#3198=FACE_BOUND ( 'NONE', #1179, .T. );
#3199=DIRECTION ( 'NONE',  ( -0.4226182617399975583, -0.9063077870369771194, 0.000000000000000000 ) );
#3200=CARTESIAN_POINT ( 'NONE',  ( 0.06208939174914940989, 0.02422174920334885587, -0.5020675629182536071 ) );
#3201=CARTESIAN_POINT ( 'NONE',  ( -0.1033464566929133965, 0.008858267716535432948, -0.1417322834645669272 ) );
#3202=B_SPLINE_CURVE_WITH_KNOTS ( 'NONE', 3,( #4908, #4674, #3823, #7255, #9201, #8252, #9087, #5554 ),.UNSPECIFIED., .F., .F.,( 4, 2, 2, 4 ),( 2.171933935754089780E-12, 0.0002503154382431238426, 0.0003754731562787188355, 0.0005006308743143138285 ),.UNSPECIFIED. );
#3203=PLANE ( 'NONE',  #4034 );
#3204=EDGE_CURVE ( 'NONE', #9831, #3815, #7148, .T. );
#3205=ORIENTED_EDGE ( 'NONE', *, *, #11470, .T. );
#3206=CARTESIAN_POINT ( 'NONE',  ( 0.05948629167709688220, 0.02759807126200135297, -0.05318621249588980499 ) );
#3207=ORIENTED_EDGE ( 'NONE', *, *, #3605, .F. );
#3208=CARTESIAN_POINT ( 'NONE',  ( 0.1023622047244094474, 0.05075711689885826355, -0.01756511205330315087 ) );
#3209=EDGE_LOOP ( 'NONE', ( #10023, #4546, #6323, #10125 ) );
#3210=PLANE ( 'NONE',  #7082 );
#3211=VERTEX_POINT ( 'NONE', #797 );
#3212=CARTESIAN_POINT ( 'NONE',  ( 0.09153543307086613179, -0.04921259842519685318, -0.09940944881889764162 ) );
#3213=CARTESIAN_POINT ( 'NONE',  ( 0.03613297674810629634, -0.04010467622976377627, -0.3719603169466142445 ) );
#3214=EDGE_CURVE ( 'NONE', #1230, #11517, #4565, .T. );
#3215=VERTEX_POINT ( 'NONE', #8841 );
#3216=ORIENTED_EDGE ( 'NONE', *, *, #7517, .F. );
#3217=CARTESIAN_POINT ( 'NONE',  ( -0.05084318625463513791, 0.04359261040125973763, -0.1980314960629921128 ) );
#3218=CARTESIAN_POINT ( 'NONE',  ( -0.09055118110204488091, 0.09852493664767206227, -0.1830181574880315187 ) );
#3219=AXIS2_PLACEMENT_3D ( 'NONE', #495, #7874, #7 );
#3220=VECTOR ( 'NONE', #6334, 39.37007874015748854 );
#3221=PLANE ( 'NONE',  #5919 );
#3222=EDGE_CURVE ( 'NONE', #10332, #8626, #7983, .T. );
#3223=CARTESIAN_POINT ( 'NONE',  ( -0.09251968502158428032, 0.08678387580892182873, -0.2184101869631348558 ) );
#3224=ORIENTED_EDGE ( 'NONE', *, *, #2389, .T. );
#3225=VERTEX_POINT ( 'NONE', #10611 );
#3226=VERTEX_POINT ( 'NONE', #9768 );
#3227=ORIENTED_EDGE ( 'NONE', *, *, #6875, .T. );
#3228=AXIS2_PLACEMENT_3D ( 'NONE', #2930, #9271, #2062 );
#3229=CARTESIAN_POINT ( 'NONE',  ( -0.05733532221923833688, 0.07613558887522460517, 0.09842519685039370636 ) );
#3230=CARTESIAN_POINT ( 'NONE',  ( -0.03179757324351326075, -0.1240157480314960925, -0.4712503068489595215 ) );
#3231=FACE_OUTER_BOUND ( 'NONE', #4057, .T. );
#3232=LINE ( 'NONE', #279, #24 );
#3233=ORIENTED_EDGE ( 'NONE', *, *, #5847, .T. );
#3234=ORIENTED_EDGE ( 'NONE', *, *, #10283, .F. );
#3235=LINE ( 'NONE', #10227, #10922 );
#3236=CARTESIAN_POINT ( 'NONE',  ( -0.1023622047244094474, -0.08759842519685039075, -0.1978346456692913480 ) );
#3237=EDGE_CURVE ( 'NONE', #11104, #11016, #101, .T. );
#3238=DIRECTION ( 'NONE',  ( 0.000000000000000000, -0.9230769230785431656, 0.3846153846114966357 ) );
#3239=DIRECTION ( 'NONE',  ( 0.4226182617403202446, 0.9063077870368267952, 0.000000000000000000 ) );
#3240=EDGE_CURVE ( 'NONE', #11560, #7701, #1932, .T. );
#3241=CARTESIAN_POINT ( 'NONE',  ( -0.08258728026769315833, -0.04757846363323955247, 0.09842519685039370636 ) );
#3242=VERTEX_POINT ( 'NONE', #2131 );
#3243=VERTEX_POINT ( 'NONE', #11024 );
#3244=CARTESIAN_POINT ( 'NONE',  ( -0.09153543307086613179, -0.09842519685039370636, -0.1948818897637795422 ) );
#3245=CARTESIAN_POINT ( 'NONE',  ( -0.08267716535433070058, -0.04330708661417323468, -0.1820866141732283561 ) );
#3246=LINE ( 'NONE', #7688, #4768 );
#3247=CIRCLE ( 'NONE', #7038, 0.01968503937007873988 );
#3248=AXIS2_PLACEMENT_3D ( 'NONE', #6740, #7, #47 );
#3249=CARTESIAN_POINT ( 'NONE',  ( -0.08366141732283464971, 0.08661417322834646937, -0.2539370078740157410 ) );
#3250=CARTESIAN_POINT ( 'NONE',  ( -0.1031173478076378019, 0.08983939350114172884, -0.2182687906924409282 ) );
#3251=EDGE_CURVE ( 'NONE', #760, #4977, #10972, .T. );
#3252=FACE_BOUND ( 'NONE', #9273, .T. );
#3253=CARTESIAN_POINT ( 'NONE',  ( 0.08267716535433070058, -0.06003937007874016185, -0.1633858267716535584 ) );
#3254=COLOUR_RGB ( '',0.7921568627450980005, 0.8196078431372548767, 0.9333333333333333481 );
#3255=EDGE_CURVE ( 'NONE', #6772, #1856, #2069, .T. );
#3256=AXIS2_PLACEMENT_3D ( 'NONE', #1831, #47, #7 );
#3257=ORIENTED_EDGE ( 'NONE', *, *, #3082, .F. );
#3258=CARTESIAN_POINT ( 'NONE',  ( -0.02465267650609448760, -0.1299212598425196763, -0.1131416323281102393 ) );
#3259=VERTEX_POINT ( 'NONE', #9998 );
#3260=ORIENTED_EDGE ( 'NONE', *, *, #11568, .F. );
#3261=ORIENTED_EDGE ( 'NONE', *, *, #9573, .F. );
#3262=CARTESIAN_POINT ( 'NONE',  ( 0.09153543307086613179, -0.04921259842519685318, -0.04035433070866142197 ) );
#3263=CARTESIAN_POINT ( 'NONE',  ( 0.06248421780602361753, 0.03271849458836220692, -0.5076647398511811016 ) );
#3264=ADVANCED_FACE ( 'NONE', ( #7558 ), #10915, .F. );
#3265=ADVANCED_FACE ( 'NONE', ( #3907 ), #8206, .F. );
#3266=CARTESIAN_POINT ( 'NONE',  ( 0.1033464566929133965, -0.08956692913385827515, -0.07283464566929134798 ) );
#3267=LINE ( 'NONE', #6892, #728 );
#3268=B_SPLINE_CURVE_WITH_KNOTS ( 'NONE', 3,( #9279, #5063, #1325, #7273 ),.UNSPECIFIED., .F., .F.,( 4, 4 ),( 0.000000000000000000, 1.000000000000000000 ),.UNSPECIFIED. );
#3269=ORIENTED_EDGE ( 'NONE', *, *, #7102, .T. );
#3270=CARTESIAN_POINT ( 'NONE',  ( 0.09251968503937008093, -0.004921259842519684971, -0.04921259842519685318 ) );
#3271=VERTEX_POINT ( 'NONE', #932 );
#3272=VECTOR ( 'NONE', #11692, 39.37007874015748854 );
#3273=ORIENTED_EDGE ( 'NONE', *, *, #5452, .F. );
#3274=LINE ( 'NONE', #6900, #311 );
#3275=VERTEX_POINT ( 'NONE', #3722 );
#3276=EDGE_CURVE ( 'NONE', #1230, #9347, #2324, .T. );
#3277=CARTESIAN_POINT ( 'NONE',  ( -0.006613936123591876264, -0.1299212598425196763, -0.4368782703607834716 ) );
#3278=LINE ( 'NONE', #10373, #293 );
#3279=ORIENTED_EDGE ( 'NONE', *, *, #2203, .F. );
#3280=ORIENTED_EDGE ( 'NONE', *, *, #10887, .T. );
#3281=CARTESIAN_POINT ( 'NONE',  ( -0.09196102003903780520, 0.08786650092884921992, -0.1783219748944625815 ) );
#3282=B_SPLINE_CURVE_WITH_KNOTS ( 'NONE', 3,( #747, #11616, #6189, #9728, #1772, #1652, #5473 ),.UNSPECIFIED., .F., .F.,( 4, 3, 4 ),( 5.502113987651554630E-16, 5.711332106664765407E-05, 0.0001159465216079038328 ),.UNSPECIFIED. );
#3283=FACE_OUTER_BOUND ( 'NONE', #1512, .T. );
#3284=ORIENTED_EDGE ( 'NONE', *, *, #454, .T. );
#3285=EDGE_CURVE ( 'NONE', #4713, #7712, #6463, .T. );
#3286=EDGE_LOOP ( 'NONE', ( #399, #1044, #8098, #1420 ) );
#3287=VERTEX_POINT ( 'NONE', #8326 );
#3288=AXIS2_PLACEMENT_3D ( 'NONE', #1400, #3046, #54 );
#3289=ORIENTED_EDGE ( 'NONE', *, *, #9817, .T. );
#3290=AXIS2_PLACEMENT_3D ( 'NONE', #1018, #7, #47 );
#3291=CARTESIAN_POINT ( 'NONE',  ( 0.01255771806992444020, -0.1299212598425196763, -0.3924460075653681268 ) );
#3292=CARTESIAN_POINT ( 'NONE',  ( 0.04481352778725102709, -0.03937007874015747977, -0.3611419965919063224 ) );
#3293=CYLINDRICAL_SURFACE ( 'NONE', #10312, 0.01968503937007873988 );
#3294=ORIENTED_EDGE ( 'NONE', *, *, #3922, .T. );
#3295=ORIENTED_EDGE ( 'NONE', *, *, #3749, .F. );
#3296=EDGE_CURVE ( 'NONE', #9206, #3643, #4520, .T. );
#3297=CARTESIAN_POINT ( 'NONE',  ( 0.1023622047244094474, 0.04281496062992126012, -0.09055118110236221041 ) );
#3298=CARTESIAN_POINT ( 'NONE',  ( 0.04035433070866142197, 0.07297678578408642314, -0.04921259951350409612 ) );
#3299=CARTESIAN_POINT ( 'NONE',  ( -0.09448818897637795144, -0.01247710867898749014, 0.09842519685039369248 ) );
#3300=ORIENTED_EDGE ( 'NONE', *, *, #10494, .T. );
#3301=ORIENTED_EDGE ( 'NONE', *, *, #6410, .F. );
#3302=CARTESIAN_POINT ( 'NONE',  ( 0.05120780701434652499, -0.02335398506412932063, -0.4908219245863550961 ) );
#3303=EDGE_CURVE ( 'NONE', #5705, #2368, #6528, .T. );
#3304=LINE ( 'NONE', #8733, #11 );
#3305=CARTESIAN_POINT ( 'NONE',  ( 0.09138269243377954154, 0.08841028586031496328, -0.08787447427118109944 ) );
#3306=CARTESIAN_POINT ( 'NONE',  ( -0.09153543307086613179, -0.1021259842519685046, -0.1394881889763779637 ) );
#3307=CARTESIAN_POINT ( 'NONE',  ( -0.02912791036758190580, -0.1299539998025606991, -0.1908015656070447819 ) );
#3308=PLANE ( 'NONE',  #6541 );
#3309=CARTESIAN_POINT ( 'NONE',  ( -0.02721304011575088541, -0.1240157480314960509, -0.07763852894960111828 ) );
#3310=CARTESIAN_POINT ( 'NONE',  ( 0.000000000000000000, 0.000000000000000000, 0.09842519685039370636 ) );
#3311=ORIENTED_EDGE ( 'NONE', *, *, #3237, .T. );
#3312=ORIENTED_EDGE ( 'NONE', *, *, #4948, .T. );
#3313=EDGE_CURVE ( 'NONE', #847, #4697, #158, .T. );
#3314=CARTESIAN_POINT ( 'NONE',  ( -0.1023055879944163304, -0.04181517520142716271, -0.2135826360195685059 ) );
#3315=VERTEX_POINT ( 'NONE', #5569 );
#3316=ORIENTED_EDGE ( 'NONE', *, *, #4184, .F. );
#3317=CARTESIAN_POINT ( 'NONE',  ( 0.09645669291338582196, 0.006889763779527558960, -0.1496062992125984370 ) );
#3318=CARTESIAN_POINT ( 'NONE',  ( 0.05118110236220472370, 0.06102362204724409711, -0.4370078740157480879 ) );
#3319=ADVANCED_FACE ( 'NONE', ( #7503, #8267, #25, #10169 ), #5749, .T. );
#3320=CARTESIAN_POINT ( 'NONE',  ( 0.03838582677181234803, -0.02184975720891424097, -0.4895837026552490312 ) );
#3321=ADVANCED_FACE ( 'NONE', ( #6586 ), #1058, .F. );
#3322=LINE ( 'NONE', #10419, #188 );
#3323=CARTESIAN_POINT ( 'NONE',  ( 0.1023622047244094474, -0.08759842519685039075, -0.07480314960629921850 ) );
#3324=ORIENTED_EDGE ( 'NONE', *, *, #8581, .F. );
#3325=CARTESIAN_POINT ( 'NONE',  ( -0.09174976799363591951, 0.09842519685040929112, -0.1818524574800777782 ) );
#3326=VERTEX_POINT ( 'NONE', #1122 );
#3327=CIRCLE ( 'NONE', #325, 0.01041634374435484144 );
#3328=EDGE_CURVE ( 'NONE', #6455, #116, #2135, .T. );
#3329=CARTESIAN_POINT ( 'NONE',  ( 0.09148905577736221595, 0.03511023622047244191, -0.01574803149606299191 ) );
#3330=EDGE_CURVE ( 'NONE', #7898, #10515, #2731, .T. );
#3331=ORIENTED_EDGE ( 'NONE', *, *, #1601, .T. );
#3332=CARTESIAN_POINT ( 'NONE',  ( 0.05936138411854890995, 0.03336349163060404327, -0.4158586841805682055 ) );
#3333=ORIENTED_EDGE ( 'NONE', *, *, #2511, .T. );
#3334=CARTESIAN_POINT ( 'NONE',  ( 0.000000000000000000, 0.09842519685039370636, -0.4921259842519685179 ) );
#3335=VERTEX_POINT ( 'NONE', #5629 );
#3336=EDGE_LOOP ( 'NONE', ( #2532, #6035, #8399, #10286 ) );
#3337=CARTESIAN_POINT ( 'NONE',  ( 0.1023622047244094474, 0.03307086614173228301, -0.01574803149606201005 ) );
#3338=CARTESIAN_POINT ( 'NONE',  ( -0.09221244611688936277, 0.08751088766440945355, -0.1777815905054299372 ) );
#3339=CARTESIAN_POINT ( 'NONE',  ( 0.06911126471411968564, 0.03236385251361374032, -0.08783200519434331000 ) );
#3340=CARTESIAN_POINT ( 'NONE',  ( -0.08366141732283464971, 0.07984251968503937313, -0.4103543307086614522 ) );
#3341=ORIENTED_EDGE ( 'NONE', *, *, #552, .F. );
#3342=ORIENTED_EDGE ( 'NONE', *, *, #5083, .F. );
#3343=CYLINDRICAL_SURFACE ( 'NONE', #9455, 0.01181102362204724046 );
#3344=ORIENTED_EDGE ( 'NONE', *, *, #2583, .T. );
#3345=CARTESIAN_POINT ( 'NONE',  ( 0.04805265762056416118, 0.08230904876957352567, 0.09842519685039370636 ) );
#3346=CARTESIAN_POINT ( 'NONE',  ( 0.06435193835051560007, 0.02986695956771220559, -0.06143562593298022151 ) );
#3347=CARTESIAN_POINT ( 'NONE',  ( 0.1771653543307086520, -0.09055118110236221041, -0.4822834645669291653 ) );
#3348=CARTESIAN_POINT ( 'NONE',  ( -0.09545168411889763671, -0.04367815295452755903, -0.1818958963839370224 ) );
#3349=ORIENTED_EDGE ( 'NONE', *, *, #5515, .F. );
#3350=VERTEX_POINT ( 'NONE', #3843 );
#3351=LINE ( 'NONE', #9591, #9299 );
#3352=CARTESIAN_POINT ( 'NONE',  ( 0.1787007874015748010, -0.09055118110236221041, -0.4338582677165354617 ) );
#3353=DIRECTION ( 'NONE',  ( 0.4226182617406788466, -0.9063077870366595956, -1.936026134450593340E-31 ) );
#3354=LINE ( 'NONE', #6162, #293 );
#3355=LINE ( 'NONE', #5170, #11 );
#3356=ORIENTED_EDGE ( 'NONE', *, *, #9715, .T. );
#3357=ADVANCED_FACE ( 'NONE', ( #7437 ), #8608, .T. );
#3358=VERTEX_POINT ( 'NONE', #649 );
#3359=CARTESIAN_POINT ( 'NONE',  ( -0.08267716535433070058, 0.009842519685039369942, -0.5682250244000000006 ) );
#3360=CARTESIAN_POINT ( 'NONE',  ( 0.09165874526989331583, 0.08813746689109881738, -0.08870372860827677175 ) );
#3361=VECTOR ( 'NONE', #3425, 39.37007874015748854 );
#3362=FACE_BOUND ( 'NONE', #8834, .T. );
#3363=LINE ( 'NONE', #1457, #728 );
#3364=CARTESIAN_POINT ( 'NONE',  ( 0.03248031496062991907, 0.07677165354330708902, -0.5826771653543307838 ) );
#3365=EDGE_CURVE ( 'NONE', #6635, #3448, #11649, .T. );
#3366=CARTESIAN_POINT ( 'NONE',  ( 0.09551881823838581642, -0.03508420162797244030, -0.5255905511811024278 ) );
#3367=ORIENTED_EDGE ( 'NONE', *, *, #6264, .F. );
#3368=EDGE_CURVE ( 'NONE', #10517, #659, #4089, .T. );
#3369=ORIENTED_EDGE ( 'NONE', *, *, #8147, .T. );
#3370=CARTESIAN_POINT ( 'NONE',  ( 0.03271727386562992695, -0.03914551898937007612, -0.3666138411940157993 ) );
#3371=VERTEX_POINT ( 'NONE', #9332 );
#3372=ORIENTED_EDGE ( 'NONE', *, *, #8087, .F. );
#3373=ORIENTED_EDGE ( 'NONE', *, *, #2040, .F. );
#3374=DIRECTION ( 'NONE',  ( -0.9063077870365078281, -0.4226182617410043640, 1.323488980078449576E-16 ) );
#3375=CARTESIAN_POINT ( 'NONE',  ( 0.06029723278932382080, 0.02797621931298625853, -0.06968503937007874960 ) );
#3376=CARTESIAN_POINT ( 'NONE',  ( -0.08366141732283464971, 0.09842519685039370636, -0.1437007874015747977 ) );
#3377=CARTESIAN_POINT ( 'NONE',  ( 0.03838582677168850266, -0.01574804654210822802, -0.4895836871894543862 ) );
#3378=CARTESIAN_POINT ( 'NONE',  ( -0.1228346456692913369, -0.09842519685039370636, 0.01141732283464566913 ) );
#3379=CARTESIAN_POINT ( 'NONE',  ( -0.09153543307086613179, 0.08661417322834646937, -0.1978346456692913480 ) );
#3380=EDGE_CURVE ( 'NONE', #12, #995, #9298, .T. );
#3381=DIRECTION ( 'NONE',  ( -0.9934745682607931672, 0.000000000000000000, 0.1140538566600478171 ) );
#3382=CIRCLE ( 'NONE', #4155, 0.009842519685039369942 );
#3383=ORIENTED_EDGE ( 'NONE', *, *, #2187, .T. );
#3384=EDGE_CURVE ( 'NONE', #5373, #3576, #3456, .T. );
#3385=EDGE_CURVE ( 'NONE', #3548, #5298, #7630, .T. );
#3386=LINE ( 'NONE', #11290, #728 );
#3387=FACE_OUTER_BOUND ( 'NONE', #5149, .T. );
#3388=ORIENTED_EDGE ( 'NONE', *, *, #5815, .F. );
#3389=CARTESIAN_POINT ( 'NONE',  ( -0.06018625239794173770, 0.02821421753033311053, -0.1798846864548953040 ) );
#3390=ORIENTED_EDGE ( 'NONE', *, *, #4846, .F. );
#3391=CARTESIAN_POINT ( 'NONE',  ( 0.1023622047244094474, -0.004921259842519684971, -0.04921259842519685318 ) );
#3392=CARTESIAN_POINT ( 'NONE',  ( -0.06029723278932382774, 0.02797621931298617873, -0.1980314960629921128 ) );
#3393=ORIENTED_EDGE ( 'NONE', *, *, #11557, .T. );
#3394=ORIENTED_EDGE ( 'NONE', *, *, #5451, .T. );
#3395=CARTESIAN_POINT ( 'NONE',  ( -0.09545675819622047309, -0.04340069162822834947, -0.2137020640867323129 ) );
#3396=CIRCLE ( 'NONE', #1426, 0.07086614173228346358 );
#3397=CARTESIAN_POINT ( 'NONE',  ( -0.09201048831387874383, 0.08791044782793661083, -0.1783219749180492142 ) );
#3398=EDGE_CURVE ( 'NONE', #7458, #7396, #4314, .T. );
#3399=DIRECTION ( 'NONE',  ( 5.965815201952721094E-16, 0.2066130760024905699, -0.9784227291027068896 ) );
#3400=LINE ( 'NONE', #5903, #188 );
#3401=ORIENTED_EDGE ( 'NONE', *, *, #7568, .F. );
#3402=VERTEX_POINT ( 'NONE', #11149 );
#3403=CARTESIAN_POINT ( 'NONE',  ( 0.08858267716535432601, 0.02951782909913386321, -0.5398104833161416760 ) );
#3404=VERTEX_POINT ( 'NONE', #1191 );
#3405=CARTESIAN_POINT ( 'NONE',  ( -0.02069210937472822434, -0.1299212598425196763, -0.4004240012389515546 ) );
#3406=DIRECTION ( 'NONE',  ( 0.9063077870285140003, -0.4226182617581469847, 6.999668518272499848E-12 ) );
#3407=AXIS2_PLACEMENT_3D ( 'NONE', #1941, #1278, #47 );
#3408=ORIENTED_EDGE ( 'NONE', *, *, #675, .F. );
#3409=ORIENTED_EDGE ( 'NONE', *, *, #5955, .F. );
#3410=CARTESIAN_POINT ( 'NONE',  ( 0.000000000000000000, -0.06102362204724409711, -0.3248031496062992463 ) );
#3411=ADVANCED_FACE ( 'NONE', ( #4935 ), #5920, .T. );
#3412=EDGE_CURVE ( 'NONE', #7356, #4240, #8819, .T. );
#3413=LINE ( 'NONE', #8832, #11 );
#3414=CARTESIAN_POINT ( 'NONE',  ( -0.09277559055118110576, -0.05216535433070866590, -0.1683070866141732347 ) );
#3415=FACE_OUTER_BOUND ( 'NONE', #10657, .T. );
#3416=ORIENTED_EDGE ( 'NONE', *, *, #1865, .T. );
#3417=AXIS2_PLACEMENT_3D ( 'NONE', #5393, #16, #54 );
#3418=ORIENTED_EDGE ( 'NONE', *, *, #4211, .F. );
#3419=FACE_OUTER_BOUND ( 'NONE', #9514, .T. );
#3420=CARTESIAN_POINT ( 'NONE',  ( -0.1023622047244094474, 0.08661417320890651972, -0.1772146907137694127 ) );
#3421=CARTESIAN_POINT ( 'NONE',  ( 0.09950542664289371841, 0.09456884249174588031, -0.08939455694231851490 ) );
#3422=FACE_OUTER_BOUND ( 'NONE', #1269, .T. );
#3423=CYLINDRICAL_SURFACE ( 'NONE', #931, 0.02362204724409448092 );
#3424=EDGE_CURVE ( 'NONE', #9123, #4108, #9431, .T. );
#3425=DIRECTION ( 'NONE',  ( 0.4226072008230639665, -0.9062840668212518436, -0.007234917997253848508 ) );
#3426=EDGE_CURVE ( 'NONE', #10923, #1371, #10229, .T. );
#3427=ORIENTED_EDGE ( 'NONE', *, *, #9767, .F. );
#3428=AXIS2_PLACEMENT_3D ( 'NONE', #2887, #2019, #5580 );
#3429=CARTESIAN_POINT ( 'NONE',  ( 0.000000000000000000, 0.06102362204724409711, -0.3897637795275590844 ) );
#3430=VECTOR ( 'NONE', #10793, 39.37007874015748854 );
#3431=ORIENTED_EDGE ( 'NONE', *, *, #5556, .T. );
#3432=EDGE_CURVE ( 'NONE', #8897, #9092, #11354, .T. );
#3433=EDGE_LOOP ( 'NONE', ( #280, #11278, #1424, #1613, #7374, #1290, #1026, #3944, #4984, #11148, #2848, #3151, #4041, #6071, #10794, #873, #2258, #4497, #7819, #309, #4746, #8234, #2515, #7315, #10823, #10371, #6470, #3537, #2332, #1710, #7049, #5231, #1618, #8084, #3614, #3477 ) );
#3434=VERTEX_POINT ( 'NONE', #2545 );
#3435=DIRECTION ( 'NONE',  ( 0.9934745682616521467, 0.000000000000000000, -0.1140538566525644143 ) );
#3436=CARTESIAN_POINT ( 'NONE',  ( 0.09545168411885826543, -0.04367815295452755903, -0.08582063904917323904 ) );
#3437=CARTESIAN_POINT ( 'NONE',  ( -0.1043307086614173318, 0.01082677165354330867, -0.09350393700787401619 ) );
#3438=CARTESIAN_POINT ( 'NONE',  ( -0.06796720887708540548, 0.01152790251263615187, -0.1980314960629919740 ) );
#3439=CARTESIAN_POINT ( 'NONE',  ( 0.09251968503937008093, -0.06889763779527559306, -0.1141732283464566844 ) );
#3440=EDGE_CURVE ( 'NONE', #11472, #6651, #5887, .T. );
#3441=CARTESIAN_POINT ( 'NONE',  ( 0.07086614173228346358, 0.000000000000000000, 0.08661417322834646937 ) );
#3442=CIRCLE ( 'NONE', #8155, 0.01181102362204730985 );
#3443=CARTESIAN_POINT ( 'NONE',  ( 0.03563614840553894214, 0.03873970323592357268, -0.3709128505375405838 ) );
#3444=CARTESIAN_POINT ( 'NONE',  ( 0.09448818897637796532, -0.0003628074118783699903, 0.09842519685039370636 ) );
#3445=ORIENTED_EDGE ( 'NONE', *, *, #9985, .T. );
#3446=CARTESIAN_POINT ( 'NONE',  ( -0.03949908998715787045, 0.07257798048603937568, -0.1870078740159748232 ) );
#3447=LINE ( 'NONE', #1481, #1295 );
#3448=VERTEX_POINT ( 'NONE', #4403 );
#3449=VERTEX_POINT ( 'NONE', #2479 );
#3450=AXIS2_PLACEMENT_3D ( 'NONE', #757, #45, #2712 );
#3451=EDGE_CURVE ( 'NONE', #5315, #911, #7665, .T. );
#3452=LINE ( 'NONE', #11458, #58 );
#3453=EDGE_LOOP ( 'NONE', ( #10407, #2308, #11219, #7379, #8453, #4646 ) );
#3454=ORIENTED_EDGE ( 'NONE', *, *, #8582, .F. );
#3455=CARTESIAN_POINT ( 'NONE',  ( -0.09103386327560472613, 0.08842930465410434038, -0.1807951094635315004 ) );
#3456=LINE ( 'NONE', #7954, #8944 );
#3457=DIRECTION ( 'NONE',  ( -0.006115056885925498550, 0.01311378181117730905, -0.9998953119231487330 ) );
#3458=FACE_OUTER_BOUND ( 'NONE', #7232, .T. );
#3459=ORIENTED_EDGE ( 'NONE', *, *, #10847, .T. );
#3460=CARTESIAN_POINT ( 'NONE',  ( 0.09055118110221475891, 0.09842519685039370636, -0.08469837794520027052 ) );
#3461=ORIENTED_EDGE ( 'NONE', *, *, #6646, .F. );
#3462=ORIENTED_EDGE ( 'NONE', *, *, #8654, .T. );
#3463=EDGE_CURVE ( 'NONE', #10532, #1423, #9635, .T. );
#3464=CARTESIAN_POINT ( 'NONE',  ( 0.09251968503937008093, -0.004921259842519684971, -0.09547244094488190058 ) );
#3465=CARTESIAN_POINT ( 'NONE',  ( -0.02537778771710822584, -0.1299209946236698776, -0.4595677312999217889 ) );
#3466=DIRECTION ( 'NONE',  ( 0.000000000000000000, 0.8574929257125450954, 0.5144957554275251255 ) );
#3467=DIRECTION ( 'NONE',  ( 0.000000000000000000, 0.3846153846114970243, 0.9230769230785429436 ) );
#3468=EDGE_LOOP ( 'NONE', ( #10584, #6367, #5871, #2429 ) );
#3469=VERTEX_POINT ( 'NONE', #11411 );
#3470=PLANE ( 'NONE',  #8132 );
#3471=EDGE_CURVE ( 'NONE', #5471, #7569, #9690, .T. );
#3472=EDGE_CURVE ( 'NONE', #4864, #5316, #1192, .T. );
#3473=CARTESIAN_POINT ( 'NONE',  ( -0.07578740157480315376, 0.09842519685039370636, -0.1683070866141732347 ) );
#3474=AXIS2_PLACEMENT_3D ( 'NONE', #4527, #16, #47 );
#3475=AXIS2_PLACEMENT_3D ( 'NONE', #5953, #54, #7 );
#3476=CARTESIAN_POINT ( 'NONE',  ( 0.06003894837578326732, -0.01799467677328740398, -0.5199281018315330405 ) );
#3477=ORIENTED_EDGE ( 'NONE', *, *, #804, .F. );
#3478=VERTEX_POINT ( 'NONE', #7410 );
#3479=EDGE_CURVE ( 'NONE', #10843, #1150, #1340, .T. );
#3480=EDGE_CURVE ( 'NONE', #1433, #10052, #11474, .T. );
#3481=CARTESIAN_POINT ( 'NONE',  ( 0.09189145810779371371, 0.09841733778503446162, -0.08585920945086418510 ) );
#3482=CARTESIAN_POINT ( 'NONE',  ( -0.1181102362204724532, -0.09842519685039370636, -0.1515748031496063075 ) );
#3483=AXIS2_PLACEMENT_3D ( 'NONE', #5664, #47, #98 );
#3484=DIRECTION ( 'NONE',  ( -0.1134271823786131561, -0.1046847845188861592, -0.9880158754736095839 ) );
#3485=ORIENTED_EDGE ( 'NONE', *, *, #7690, .F. );
#3486=EDGE_CURVE ( 'NONE', #2687, #6261, #771, .T. );
#3487=ORIENTED_EDGE ( 'NONE', *, *, #5005, .T. );
#3488=CARTESIAN_POINT ( 'NONE',  ( -0.09229359828375215125, 0.08759357114047509885, -0.1777871618867822856 ) );
#3489=ORIENTED_EDGE ( 'NONE', *, *, #8441, .T. );
#3490=ORIENTED_EDGE ( 'NONE', *, *, #11406, .T. );
#3491=CARTESIAN_POINT ( 'NONE',  ( 0.1072834645669291376, -0.09251968503937008093, -0.1141732283464566844 ) );
#3492=LINE ( 'NONE', #10573, #24 );
#3493=CARTESIAN_POINT ( 'NONE',  ( 0.07606379205059093929, -0.03937007874015747977, -0.3196804927469259483 ) );
#3494=FACE_OUTER_BOUND ( 'NONE', #5507, .T. );
#3495=CARTESIAN_POINT ( 'NONE',  ( 0.04429133858268109736, 0.03521366893700394324, -0.4685039370078740717 ) );
#3496=ADVANCED_FACE ( 'NONE', ( #2729 ), #8920, .T. );
#3497=CARTESIAN_POINT ( 'NONE',  ( -0.02263779527559055260, -0.07677165354330708902, -0.5826771653543307838 ) );
#3498=ADVANCED_FACE ( 'NONE', ( #11691 ), #4539, .T. );
#3499=ORIENTED_EDGE ( 'NONE', *, *, #10840, .T. );
#3500=CARTESIAN_POINT ( 'NONE',  ( -0.02117157966364675500, -0.1299212598425197041, -0.1499362504847376876 ) );
#3501=ORIENTED_EDGE ( 'NONE', *, *, #100, .F. );
#3502=PLANE ( 'NONE',  #2888 );
#3503=AXIS2_PLACEMENT_3D ( 'NONE', #2125, #1916, #1501 );
#3504=ORIENTED_EDGE ( 'NONE', *, *, #4205, .T. );
#3505=DIRECTION ( 'NONE',  ( 0.9063077870454102625, -0.4226182617219130799, 3.999880195083135275E-12 ) );
#3506=EDGE_CURVE ( 'NONE', #9793, #9582, #1675, .T. );
#3507=ORIENTED_EDGE ( 'NONE', *, *, #2265, .T. );
#3508=AXIS2_PLACEMENT_3D ( 'NONE', #549, #47, #73 );
#3509=LINE ( 'NONE', #9070, #33 );
#3510=ORIENTED_EDGE ( 'NONE', *, *, #9164, .T. );
#3511=VERTEX_POINT ( 'NONE', #6317 );
#3512=CARTESIAN_POINT ( 'NONE',  ( -0.09105928568708662740, 0.08852482848255904813, -0.1807951093309055068 ) );
#3513=CARTESIAN_POINT ( 'NONE',  ( 0.09250082638159104476, -0.04268546830299239925, -0.05413386177488906797 ) );
#3514=ADVANCED_FACE ( 'NONE', ( #8120 ), #10982, .F. );
#3515=( BOUNDED_SURFACE ( )  B_SPLINE_SURFACE ( 3, 3, (( #5328, #3230, #8719, #6856 ),( #9532, #8825, #10493, #10329 ),( #11362, #5974, #471, #4261 ),( #9478, #3465, #2490, #1373 ) ),.UNSPECIFIED., .F., .F., .F. )B_SPLINE_SURFACE_WITH_KNOTS ( ( 4, 4 ),( 4, 4 ),( 0.1021452431148071188, 0.9031977688011357808 ),( 0.000000000000000000, 1.000000000000000000 ),.UNSPECIFIED. )GEOMETRIC_REPRESENTATION_ITEM ( )  RATIONAL_B_SPLINE_SURFACE ( (( 0.9217859906561708394, 0.3072619968841626692, 0.3072619968841626692, 0.9217859906561708394),( 0.7405874879768323815, 0.2468624959912911476, 0.2468624959912911476, 0.7405874879768323815),( 0.7418041955091820849, 0.2472680651687394482, 0.2472680651687394482, 0.7418041955091820849),( 0.9254361132532198386, 0.3084787044165074876, 0.3084787044165074876, 0.9254361132532198386) ) )REPRESENTATION_ITEM ( '' )  SURFACE ( )  );
#3516=DIRECTION ( 'NONE',  ( 0.4226072008227020893, 0.9062840668214050543, -0.007234917999204280512 ) );
#3517=ORIENTED_EDGE ( 'NONE', *, *, #915, .T. );
#3518=CIRCLE ( 'NONE', #940, 0.01814870956159880463 );
#3519=LINE ( 'NONE', #10488, #3072 );
#3520=ORIENTED_EDGE ( 'NONE', *, *, #8724, .T. );
#3521=EDGE_CURVE ( 'NONE', #5838, #8782, #10944, .T. );
#3522=ORIENTED_EDGE ( 'NONE', *, *, #5181, .F. );
#3523=EDGE_CURVE ( 'NONE', #7618, #7649, #57, .T. );
#3524=CARTESIAN_POINT ( 'NONE',  ( 0.09251968503937008093, 0.08562992125980314895, -0.08070866141692914497 ) );
#3525=CARTESIAN_POINT ( 'NONE',  ( 0.09551881823838581642, -0.07160042938854331573, -0.3867954183416142389 ) );
#3526=AXIS2_PLACEMENT_3D ( 'NONE', #6782, #3140, #11742 );
#3527=CARTESIAN_POINT ( 'NONE',  ( -0.1023245632083869955, -0.04206484734597989300, -0.1820866236012834982 ) );
#3528=CARTESIAN_POINT ( 'NONE',  ( 0.06029723278932385550, 0.02797621931298618914, -0.06968503937007883287 ) );
#3529=VERTEX_POINT ( 'NONE', #4784 );
#3530=EDGE_LOOP ( 'NONE', ( #3802, #8339, #349, #11734 ) );
#3531=CARTESIAN_POINT ( 'NONE',  ( -0.08366141732283464971, 0.06443037554055118521, -0.4125020694704724655 ) );
#3532=LINE ( 'NONE', #661, #33 );
#3533=EDGE_CURVE ( 'NONE', #6576, #1871, #11114, .T. );
#3534=CARTESIAN_POINT ( 'NONE',  ( 0.1023622047244094474, -0.04232283464566929249, -0.04921259842519685318 ) );
#3535=DIRECTION ( 'NONE',  ( -0.9999999998091060327, 1.914452346306824918E-05, 3.908343834831987843E-06 ) );
#3536=ORIENTED_EDGE ( 'NONE', *, *, #2092, .T. );
#3537=ORIENTED_EDGE ( 'NONE', *, *, #8425, .T. );
#3538=ADVANCED_FACE ( 'NONE', ( #6783 ), #7653, .T. );
#3539=FACE_OUTER_BOUND ( 'NONE', #3615, .T. );
#3540=CARTESIAN_POINT ( 'NONE',  ( 0.09948044516018700323, 0.09454664930429802772, -0.08939455695423012549 ) );
#3541=ADVANCED_FACE ( 'NONE', ( #8353 ), #6614, .F. );
#3542=CARTESIAN_POINT ( 'NONE',  ( -0.05262725670155828789, 0.04442453611334250263, -0.1980314960629919740 ) );
#3543=FACE_OUTER_BOUND ( 'NONE', #6354, .T. );
#3544=EDGE_CURVE ( 'NONE', #9099, #2328, #9114, .T. );
#3545=ORIENTED_EDGE ( 'NONE', *, *, #8853, .F. );
#3546=VERTEX_POINT ( 'NONE', #8467 );
#3547=CARTESIAN_POINT ( 'NONE',  ( 0.04836988179909448848, -0.03845646024207874381, -0.3675970247091338572 ) );
#3548=VERTEX_POINT ( 'NONE', #1020 );
#3549=CARTESIAN_POINT ( 'NONE',  ( -0.1023575015087148793, -0.04280957803863010697, -0.2136237986966008084 ) );
#3550=VERTEX_POINT ( 'NONE', #3080 );
#3551=ORIENTED_EDGE ( 'NONE', *, *, #8582, .T. );
#3552=CARTESIAN_POINT ( 'NONE',  ( 0.04232283464566929249, -0.01574803149606289823, -0.5000000000000001110 ) );
#3553=LINE ( 'NONE', #2581, #1960 );
#3554=CARTESIAN_POINT ( 'NONE',  ( 0.09645669291338582196, 0.000000000000000000, -0.5708661417322835607 ) );
#3555=DIRECTION ( 'NONE',  ( -0.6218443486871031434, 0.000000000000000000, 0.7831408596197191319 ) );
#3556=CARTESIAN_POINT ( 'NONE',  ( -0.02950530667953491989, -0.1240157480314960647, -0.4122396934896658816 ) );
#3557=EDGE_CURVE ( 'NONE', #9191, #3851, #7237, .T. );
#3558=CARTESIAN_POINT ( 'NONE',  ( 0.06761993238492126912, -0.03264629968791732395, -0.4223093598322835152 ) );
#3559=ADVANCED_FACE ( 'NONE', ( #1978 ), #5193, .F. );
#3560=EDGE_LOOP ( 'NONE', ( #5141, #1369, #4050, #1356 ) );
#3561=CARTESIAN_POINT ( 'NONE',  ( 0.000000000000000000, -0.07967803215531496508, -0.5698355124704724828 ) );
#3562=ORIENTED_EDGE ( 'NONE', *, *, #1851, .T. );
#3563=CARTESIAN_POINT ( 'NONE',  ( -0.05137688055471745230, 0.02381659075253363816, -0.2048201263204559586 ) );
#3564=VERTEX_POINT ( 'NONE', #7595 );
#3565=LINE ( 'NONE', #5479, #58 );
#3566=ORIENTED_EDGE ( 'NONE', *, *, #2796, .F. );
#3567=CARTESIAN_POINT ( 'NONE',  ( -0.01181102362204724393, -0.09645669291338582196, -0.6496062992125984925 ) );
#3568=PLANE ( 'NONE',  #462 );
#3569=ORIENTED_EDGE ( 'NONE', *, *, #267, .T. );
#3570=VERTEX_POINT ( 'NONE', #11054 );
#3571=CARTESIAN_POINT ( 'NONE',  ( 0.05156276638416866509, -0.02418150068963195384, -0.5018685451997739744 ) );
#3572=CARTESIAN_POINT ( 'NONE',  ( -0.05851316234239982428, 0.02714429360090468354, -0.1980314960629921128 ) );
#3573=EDGE_CURVE ( 'NONE', #237, #2317, #11450, .T. );
#3574=CARTESIAN_POINT ( 'NONE',  ( 0.09448818897637795144, -0.05511811023621582956, -0.3759842519685039353 ) );
#3575=CARTESIAN_POINT ( 'NONE',  ( -0.08668802497775944527, -0.005329631511969133359, -0.2185039370078740439 ) );
#3576=VERTEX_POINT ( 'NONE', #6667 );
#3577=CARTESIAN_POINT ( 'NONE',  ( -0.08460821069755787571, -0.0008694553946483366772, -0.2185039370078740439 ) );
#3578=ORIENTED_EDGE ( 'NONE', *, *, #10798, .T. );
#3579=ORIENTED_EDGE ( 'NONE', *, *, #6013, .T. );
#3580=EDGE_CURVE ( 'NONE', #7357, #2024, #5659, .T. );
#3581=CARTESIAN_POINT ( 'NONE',  ( 0.1023158274309055177, -0.1023622047244094474, -0.02362204724409448786 ) );
#3582=AXIS2_PLACEMENT_3D ( 'NONE', #534, #7, #47 );
#3583=CARTESIAN_POINT ( 'NONE',  ( -0.1023622031291269857, -0.04306036785670899758, -0.1820201311421718038 ) );
#3584=CARTESIAN_POINT ( 'NONE',  ( -0.09539602571429135758, -0.04205655133456693423, -0.1820792374545275594 ) );
#3585=ORIENTED_EDGE ( 'NONE', *, *, #11638, .F. );
#3586=VERTEX_POINT ( 'NONE', #9186 );
#3587=CARTESIAN_POINT ( 'NONE',  ( 0.08661417322834646937, 0.08858267716535432601, -0.1141732283464566844 ) );
#3588=FACE_OUTER_BOUND ( 'NONE', #9632, .T. );
#3589=( BOUNDED_SURFACE ( )  B_SPLINE_SURFACE ( 3, 3, (( #10945, #3875, #6500, #10082 ),( #4720, #10140, #7533, #7412 ),( #1093, #10997, #6726, #7472 ),( #639, #4906, #8299, #10198 ) ),.UNSPECIFIED., .F., .F., .F. )B_SPLINE_SURFACE_WITH_KNOTS ( ( 4, 4 ),( 4, 4 ),( 0.05204745709787786390, 1.000000000000000000 ),( 0.000000000000000000, 1.000000000000000000 ),.UNSPECIFIED. )GEOMETRIC_REPRESENTATION_ITEM ( )  RATIONAL_B_SPLINE_SURFACE ( (( 0.9868038654829078826, 0.3289346218276358313, 0.3289346218276358313, 0.9868038654829078826),( 0.9110878126980611613, 0.3036959375660202576, 0.3036959375660202576, 0.9110878126980611613),( 0.9154865242037585338, 0.3051621747345860669, 0.3051621747345860669, 0.9154865242037585338),( 1.000000000000000000, 0.3333333333333332038, 0.3333333333333332038, 1.000000000000000000) ) )REPRESENTATION_ITEM ( '' )  SURFACE ( )  );
#3590=EDGE_CURVE ( 'NONE', #3350, #2368, #3871, .T. );
#3591=DIRECTION ( 'NONE',  ( -1.000000000000000000, -3.100113481896740123E-12, 0.000000000000000000 ) );
#3592=CARTESIAN_POINT ( 'NONE',  ( -0.09250791116391775259, -0.04281020194122931583, -0.2135909765343868005 ) );
#3593=CARTESIAN_POINT ( 'NONE',  ( -0.02069210937472994519, -0.1299212598425197318, -0.1248334500578557743 ) );
#3594=ORIENTED_EDGE ( 'NONE', *, *, #11098, .T. );
#3595=EDGE_CURVE ( 'NONE', #5893, #1433, #2038, .T. );
#3596=ORIENTED_EDGE ( 'NONE', *, *, #10801, .T. );
#3597=ORIENTED_EDGE ( 'NONE', *, *, #6655, .F. );
#3598=AXIS2_PLACEMENT_3D ( 'NONE', #159, #6929, #8498 );
#3599=CARTESIAN_POINT ( 'NONE',  ( 0.1771653543307086520, -0.08952055184035433155, -0.4833140938287401878 ) );
#3600=CARTESIAN_POINT ( 'NONE',  ( 0.09242120916116260132, 0.08677246194328426532, -0.09045823662149606037 ) );
#3601=ADVANCED_FACE ( 'NONE', ( #10253 ), #8411, .T. );
#3602=CARTESIAN_POINT ( 'NONE',  ( 0.1673228346456692994, -0.1023622047244094474, -0.07480314960629921850 ) );
#3603=DIRECTION ( 'NONE',  ( 0.4226182617392779117, 0.9063077870373128508, -0.000000000000000000 ) );
#3604=AXIS2_PLACEMENT_3D ( 'NONE', #3917, #7, #47 );
#3605=EDGE_CURVE ( 'NONE', #1539, #5487, #10136, .T. );
#3606=ADVANCED_FACE ( 'NONE', ( #4353 ), #2400, .F. );
#3607=VECTOR ( 'NONE', #5862, 39.37007874015748143 );
#3608=DIRECTION ( 'NONE',  ( -0.9063077870367897138, 0.4226182617403999031, 0.000000000000000000 ) );
#3609=LINE ( 'NONE', #7206, #24 );
#3610=ORIENTED_EDGE ( 'NONE', *, *, #404, .F. );
#3611=ORIENTED_EDGE ( 'NONE', *, *, #10050, .T. );
#3612=CARTESIAN_POINT ( 'NONE',  ( 0.03654934333633464566, -0.03947603435791338655, -0.3616667493740944872 ) );
#3613=LINE ( 'NONE', #2763, #3857 );
#3614=ORIENTED_EDGE ( 'NONE', *, *, #777, .F. );
#3615=EDGE_LOOP ( 'NONE', ( #6233, #10962, #9990, #7281 ) );
#3616=VECTOR ( 'NONE', #11643, 39.37007874015748143 );
#3617=CARTESIAN_POINT ( 'NONE',  ( -0.1181102362204724532, 0.09842519685039370636, -0.08070866141732284393 ) );
#3618=EDGE_CURVE ( 'NONE', #5385, #7106, #9509, .T. );
#3619=CARTESIAN_POINT ( 'NONE',  ( 0.07785430019348425768, 0.03937007874015747977, -0.2611896124802756125 ) );
#3620=CARTESIAN_POINT ( 'NONE',  ( 0.1033924915990157567, -0.04345754131149606736, -0.08574909893921259241 ) );
#3621=CARTESIAN_POINT ( 'NONE',  ( -0.08366141732283464971, 0.08661417322834646937, -0.1683070866141732347 ) );
#3622=CARTESIAN_POINT ( 'NONE',  ( -0.08956692913385827515, 0.06692913385826770867, -0.1417322834645669272 ) );
#3623=EDGE_CURVE ( 'NONE', #721, #1598, #6191, .T. );
#3624=CARTESIAN_POINT ( 'NONE',  ( 0.06942321987818897422, -0.03371831769970866366, -0.4074068074015748109 ) );
#3625=LINE ( 'NONE', #1657, #293 );
#3626=ORIENTED_EDGE ( 'NONE', *, *, #397, .T. );
#3627=FACE_OUTER_BOUND ( 'NONE', #10754, .T. );
#3628=VERTEX_POINT ( 'NONE', #7765 );
#3629=ORIENTED_EDGE ( 'NONE', *, *, #1865, .F. );
#3630=ORIENTED_EDGE ( 'NONE', *, *, #4330, .T. );
#3631=EDGE_CURVE ( 'NONE', #5845, #4511, #1411, .T. );
#3632=EDGE_CURVE ( 'NONE', #485, #912, #4843, .T. );
#3633=LINE ( 'NONE', #7236, #11 );
#3634=AXIS2_PLACEMENT_3D ( 'NONE', #6802, #47, #98 );
#3635=CARTESIAN_POINT ( 'NONE',  ( 0.08267716535433070058, -0.05511811023622047168, -0.3612204724409449064 ) );
#3636=ORIENTED_EDGE ( 'NONE', *, *, #2040, .T. );
#3637=EDGE_LOOP ( 'NONE', ( #9912, #92, #10310, #8990 ) );
#3638=LINE ( 'NONE', #10586, #58 );
#3639=CARTESIAN_POINT ( 'NONE',  ( -0.09908156742200788236, 0.08649864444625428306, -0.1772077132656935949 ) );
#3640=CARTESIAN_POINT ( 'NONE',  ( 0.06536921713122047228, 0.03371831769974802800, -0.4096365259539370696 ) );
#3641=DIRECTION ( 'NONE',  ( 0.4226182617401383346, -0.9063077870369116162, 0.000000000000000000 ) );
#3642=LINE ( 'NONE', #9745, #3837 );
#3643=VERTEX_POINT ( 'NONE', #6064 );
#3644=LINE ( 'NONE', #8019, #188 );
#3645=EDGE_CURVE ( 'NONE', #9433, #8127, #1316, .T. );
#3646=ORIENTED_EDGE ( 'NONE', *, *, #1054, .T. );
#3647=ORIENTED_EDGE ( 'NONE', *, *, #735, .F. );
#3648=DIRECTION ( 'NONE',  ( 1.000000000000000000, 0.000000000000000000, 6.938893903907222856E-15 ) );
#3649=EDGE_CURVE ( 'NONE', #6562, #887, #4171, .T. );
#3650=CYLINDRICAL_SURFACE ( 'NONE', #4366, 0.009842519684765176080 );
#3651=CARTESIAN_POINT ( 'NONE',  ( -0.09744094488188977110, 3.734948428837858713E-18, -0.2185039370078740439 ) );
#3652=EDGE_LOOP ( 'NONE', ( #3636, #6999, #5390, #2004 ) );
#3653=ORIENTED_EDGE ( 'NONE', *, *, #708, .T. );
#3654=CARTESIAN_POINT ( 'NONE',  ( 0.1033464566929133965, 0.09842519685039370636, -0.1210629921259842590 ) );
#3655=AXIS2_PLACEMENT_3D ( 'NONE', #4750, #3555, #8325 );
#3656=EDGE_CURVE ( 'NONE', #2423, #3448, #8807, .T. );
#3657=LINE ( 'NONE', #1569, #6266 );
#3658=LINE ( 'NONE', #11589, #11 );
#3659=DIRECTION ( 'NONE',  ( -0.4226085564404241102, 0.9062869739538832459, 0.006777083801622691556 ) );
#3660=EDGE_LOOP ( 'NONE', ( #6986, #5724, #6231, #1545 ) );
#3661=VERTEX_POINT ( 'NONE', #376 );
#3662=ORIENTED_EDGE ( 'NONE', *, *, #3296, .F. );
#3663=CIRCLE ( 'NONE', #4270, 0.04724409448818849000 );
#3664=LINE ( 'NONE', #9826, #58 );
#3665=CARTESIAN_POINT ( 'NONE',  ( 0.1021412802615017795, 0.08958887619056989104, -0.09031603488432007887 ) );
#3666=EDGE_CURVE ( 'NONE', #1627, #10276, #1509, .T. );
#3667=CARTESIAN_POINT ( 'NONE',  ( 0.04043523933323235620, 0.08387453298273112035, -0.05905511811027559788 ) );
#3668=ORIENTED_EDGE ( 'NONE', *, *, #212, .T. );
#3669=EDGE_CURVE ( 'NONE', #7673, #3862, #7006, .T. );
#3670=ORIENTED_EDGE ( 'NONE', *, *, #4626, .T. );
#3671=LINE ( 'NONE', #3729, #293 );
#3672=VERTEX_POINT ( 'NONE', #2280 );
#3673=CIRCLE ( 'NONE', #9620, 0.005905511811023654925 );
#3674=ORIENTED_EDGE ( 'NONE', *, *, #8568, .F. );
#3675=CARTESIAN_POINT ( 'NONE',  ( 0.06134533529207972236, -0.03250421471584540034, -0.5085487218122219932 ) );
#3676=CARTESIAN_POINT ( 'NONE',  ( 0.09153543307086613179, 0.08661417322834646937, -0.01377952755905511792 ) );
#3677=CARTESIAN_POINT ( 'NONE',  ( 0.09145703325744095058, -0.04255531643192913410, -0.08563106347763781157 ) );
#3678=LINE ( 'NONE', #7276, #58 );
#3679=FACE_OUTER_BOUND ( 'NONE', #2776, .T. );
#3680=EDGE_CURVE ( 'NONE', #6562, #3776, #3322, .T. );
#3681=FACE_OUTER_BOUND ( 'NONE', #6347, .T. );
#3682=ORIENTED_EDGE ( 'NONE', *, *, #4679, .F. );
#3683=CARTESIAN_POINT ( 'NONE',  ( 0.09153543307086613179, 0.02460629921259842659, -0.09940944881889764162 ) );
#3684=ORIENTED_EDGE ( 'NONE', *, *, #9139, .T. );
#3685=DIRECTION ( 'NONE',  ( 0.4226072008223723531, -0.9062840668215698114, -0.007234917997832988543 ) );
#3686=ORIENTED_EDGE ( 'NONE', *, *, #954, .F. );
#3687=ORIENTED_EDGE ( 'NONE', *, *, #11406, .F. );
#3688=EDGE_CURVE ( 'NONE', #4925, #2654, #2526, .T. );
#3689=EDGE_CURVE ( 'NONE', #228, #2765, #9456, .T. );
#3690=CARTESIAN_POINT ( 'NONE',  ( 0.09551881823838581642, -0.06244094488188976083, -0.1515748031496063075 ) );
#3691=LINE ( 'NONE', #5653, #11 );
#3692=CARTESIAN_POINT ( 'NONE',  ( 0.09448818897637795144, 0.03937007874015747977, -0.2185039370078740439 ) );
#3693=CARTESIAN_POINT ( 'NONE',  ( -0.09251968503937008093, -0.004921259842519684971, -0.1722440944881890035 ) );
#3694=ORIENTED_EDGE ( 'NONE', *, *, #2305, .T. );
#3695=VERTEX_POINT ( 'NONE', #569 );
#3696=CARTESIAN_POINT ( 'NONE',  ( -0.1023625313157086603, 0.08661417317704725449, -0.1772146905781889492 ) );
#3697=CARTESIAN_POINT ( 'NONE',  ( 0.06736824122295274886, 0.03337668229379527757, -0.4133034857409449425 ) );
#3698=EDGE_CURVE ( 'NONE', #2609, #4158, #5194, .T. );
#3699=CARTESIAN_POINT ( 'NONE',  ( 0.000000000000000000, -0.09842519685039370636, -0.4311023622047244208 ) );
#3700=CIRCLE ( 'NONE', #10726, 0.005905511811032969523 );
#3701=ADVANCED_FACE ( 'NONE', ( #7888 ), #11340, .T. );
#3702=VECTOR ( 'NONE', #1990, 39.37007874015748143 );
#3703=CARTESIAN_POINT ( 'NONE',  ( 0.03735519750965354824, 0.06599125918326771700, -0.4488188976377953110 ) );
#3704=VERTEX_POINT ( 'NONE', #5304 );
#3705=VERTEX_POINT ( 'NONE', #8852 );
#3706=ORIENTED_EDGE ( 'NONE', *, *, #4278, .T. );
#3707=CARTESIAN_POINT ( 'NONE',  ( 0.09214646464938765213, 0.08779422283970643448, -0.05014398555594042767 ) );
#3708=FACE_OUTER_BOUND ( 'NONE', #5679, .T. );
#3709=ORIENTED_EDGE ( 'NONE', *, *, #7785, .T. );
#3710=ORIENTED_EDGE ( 'NONE', *, *, #2891, .F. );
#3711=LINE ( 'NONE', #3654, #58 );
#3712=AXIS2_PLACEMENT_3D ( 'NONE', #10194, #73, #54 );
#3713=LINE ( 'NONE', #7311, #293 );
#3714=LINE ( 'NONE', #10782, #11 );
#3715=ORIENTED_EDGE ( 'NONE', *, *, #10404, .F. );
#3716=ORIENTED_EDGE ( 'NONE', *, *, #2796, .T. );
#3717=ORIENTED_EDGE ( 'NONE', *, *, #8904, .F. );
#3718=CARTESIAN_POINT ( 'NONE',  ( -0.09251968503937010868, 0.08661417326027304187, -0.2184546000094099438 ) );
#3719=CARTESIAN_POINT ( 'NONE',  ( 0.09242120916116260132, 0.08660151012259917347, -0.09050533351353667877 ) );
#3720=CARTESIAN_POINT ( 'NONE',  ( -0.09251968503937008093, 0.08858267716535432601, -0.09350393700787401619 ) );
#3721=VERTEX_POINT ( 'NONE', #4300 );
#3722=CARTESIAN_POINT ( 'NONE',  ( -0.09249139233000393256, -0.04256133691061558810, -0.1820866128063582667 ) );
#3723=AXIS2_PLACEMENT_3D ( 'NONE', #9225, #73, #54 );
#3724=PLANE ( 'NONE',  #1233 );
#3725=CARTESIAN_POINT ( 'NONE',  ( 0.04519388098700787004, 0.08609352402830708351, -0.05802448884822834774 ) );
#3726=VERTEX_POINT ( 'NONE', #2772 );
#3727=EDGE_CURVE ( 'NONE', #9849, #7633, #7112, .T. );
#3728=ORIENTED_EDGE ( 'NONE', *, *, #7447, .F. );
#3729=CARTESIAN_POINT ( 'NONE',  ( 0.1673228346456692994, -0.09744094488188977110, -0.07480314960629921850 ) );
#3730=CARTESIAN_POINT ( 'NONE',  ( 0.08858267716535432601, 0.03937007874015747977, -0.2185039370078740439 ) );
#3731=ORIENTED_EDGE ( 'NONE', *, *, #5252, .T. );
#3732=ORIENTED_EDGE ( 'NONE', *, *, #3938, .T. );
#3733=AXIS2_PLACEMENT_3D ( 'NONE', #5878, #1278, #47 );
#3734=CARTESIAN_POINT ( 'NONE',  ( 0.06029723278930881891, 0.02797621931299553236, -0.06968503937105986756 ) );
#3735=CARTESIAN_POINT ( 'NONE',  ( 0.1033896450162598429, -0.04370554651846456778, -0.08578526131240156449 ) );
#3736=EDGE_CURVE ( 'NONE', #6261, #8174, #11617, .T. );
#3737=LINE ( 'NONE', #2827, #11 );
#3738=EDGE_CURVE ( 'NONE', #7796, #7401, #3737, .T. );
#3739=CARTESIAN_POINT ( 'NONE',  ( -0.1673228346456692994, -0.09251968503937008093, -0.1830708661417322636 ) );
#3740=VERTEX_POINT ( 'NONE', #10577 );
#3741=ORIENTED_EDGE ( 'NONE', *, *, #496, .F. );
#3742=ORIENTED_EDGE ( 'NONE', *, *, #3557, .T. );
#3743=CARTESIAN_POINT ( 'NONE',  ( -0.08164653609232283560, 0.09945582611240158522, -0.5314960629921260393 ) );
#3744=VERTEX_POINT ( 'NONE', #5474 );
#3745=FACE_OUTER_BOUND ( 'NONE', #5977, .T. );
#3746=CARTESIAN_POINT ( 'NONE',  ( 0.03838582677165354451, 0.06496062992125983815, -0.4606299212598425341 ) );
#3747=B_SPLINE_CURVE_WITH_KNOTS ( 'NONE', 3,( #4950, #9779, #7933, #656 ),.UNSPECIFIED., .F., .F.,( 4, 4 ),( 0.000000000000000000, 1.000000000000000000 ),.UNSPECIFIED. );
#3748=CARTESIAN_POINT ( 'NONE',  ( 0.1072834645669291376, -0.1023622047244094474, -0.09448818897637795144 ) );
#3749=EDGE_CURVE ( 'NONE', #11228, #9813, #9955, .T. );
#3750=VERTEX_POINT ( 'NONE', #11449 );
#3751=ORIENTED_EDGE ( 'NONE', *, *, #828, .F. );
#3752=CARTESIAN_POINT ( 'NONE',  ( 0.05163139192952156953, -0.02422174920332401463, -0.5008669532094909282 ) );
#3753=CARTESIAN_POINT ( 'NONE',  ( -0.09245402035677242891, 0.08660128794716519252, -0.1772112019219693191 ) );
#3754=CARTESIAN_POINT ( 'NONE',  ( -0.1181102362204724532, 0.000000000000000000, -0.5708661417322835607 ) );
#3755=ADVANCED_FACE ( 'NONE', ( #9117 ), #11674, .T. );
#3756=ADVANCED_FACE ( 'NONE', ( #3679 ), #4624, .T. );
#3757=CARTESIAN_POINT ( 'NONE',  ( -0.08970629198188975750, 0.09350393700787401619, -0.1870078740157480324 ) );
#3758=CARTESIAN_POINT ( 'NONE',  ( -0.09744094488188977110, -0.07874015748031495954, -0.1929133858267716439 ) );
#3759=EDGE_LOOP ( 'NONE', ( #531, #1736, #3393, #10987 ) );
#3760=CARTESIAN_POINT ( 'NONE',  ( 0.05163952653596180081, 0.02650502005384481469, -0.4974885841599102632 ) );
#3761=ORIENTED_EDGE ( 'NONE', *, *, #6863, .F. );
#3762=CARTESIAN_POINT ( 'NONE',  ( 0.06921994780172265049, 0.03213078088010661720, -0.08783374807054153410 ) );
#3763=ORIENTED_EDGE ( 'NONE', *, *, #1006, .F. );
#3764=FACE_OUTER_BOUND ( 'NONE', #9663, .T. );
#3765=CYLINDRICAL_SURFACE ( 'NONE', #7195, 0.009842519685039378616 );
#3766=CARTESIAN_POINT ( 'NONE',  ( 0.09200313272684286503, 0.08795624013524043494, -0.05043748223336993325 ) );
#3767=CARTESIAN_POINT ( 'NONE',  ( -0.09931695499999999843, -0.04140894670897638657, -0.1820619932518110218 ) );
#3768=EDGE_CURVE ( 'NONE', #9458, #7460, #9061, .T. );
#3769=ORIENTED_EDGE ( 'NONE', *, *, #3451, .T. );
#3770=ORIENTED_EDGE ( 'NONE', *, *, #5866, .T. );
#3771=CARTESIAN_POINT ( 'NONE',  ( -0.08366141732283464971, 0.03543307086614173179, -0.4645669291338582751 ) );
#3772=AXIS2_PLACEMENT_3D ( 'NONE', #7444, #218, #8272 );
#3773=DIRECTION ( 'NONE',  ( -0.9063077870368270172, 0.4226182617403200226, 3.369461755900509778E-16 ) );
#3774=CARTESIAN_POINT ( 'NONE',  ( 0.09744094496069380384, -0.04330700897324069737, -0.05403441366484578595 ) );
#3775=ORIENTED_EDGE ( 'NONE', *, *, #1733, .T. );
#3776=VERTEX_POINT ( 'NONE', #11099 );
#3777=ORIENTED_EDGE ( 'NONE', *, *, #9570, .F. );
#3778=VERTEX_POINT ( 'NONE', #5642 );
#3779=CARTESIAN_POINT ( 'NONE',  ( 0.09247736610751969288, 0.08710853944669290361, -0.09031603515736219556 ) );
#3780=ADVANCED_FACE ( 'NONE', ( #173 ), #2950, .T. );
#3781=ORIENTED_EDGE ( 'NONE', *, *, #7804, .F. );
#3782=ORIENTED_EDGE ( 'NONE', *, *, #2081, .T. );
#3783=EDGE_CURVE ( 'NONE', #2759, #10989, #3126, .T. );
#3784=CARTESIAN_POINT ( 'NONE',  ( 0.1072834645669291376, -0.08759842519685039075, -0.1141732283464566844 ) );
#3785=CARTESIAN_POINT ( 'NONE',  ( -0.1053149606299212532, 0.09842519685039370636, -0.03740157480314960925 ) );
#3786=CARTESIAN_POINT ( 'NONE',  ( 0.04035433070866142197, 0.07297676980447106998, -0.09055118001388740012 ) );
#3787=ORIENTED_EDGE ( 'NONE', *, *, #5408, .T. );
#3788=AXIS2_PLACEMENT_3D ( 'NONE', #9762, #16, #54 );
#3789=VERTEX_POINT ( 'NONE', #1005 );
#3790=FACE_OUTER_BOUND ( 'NONE', #1224, .T. );
#3791=ORIENTED_EDGE ( 'NONE', *, *, #2372, .F. );
#3792=CARTESIAN_POINT ( 'NONE',  ( 0.1328740157480315098, -0.09055118110236221041, -0.4350393700787402174 ) );
#3793=AXIS2_PLACEMENT_3D ( 'NONE', #1931, #73, #54 );
#3794=CARTESIAN_POINT ( 'NONE',  ( 0.1023622047244094474, 0.07677165354104330264, -0.01574803149606299191 ) );
#3795=CARTESIAN_POINT ( 'NONE',  ( 0.1181102362204724532, -0.09842519685039370636, 0.000000000000000000 ) );
#3796=EDGE_CURVE ( 'NONE', #3546, #6638, #9345, .T. );
#3797=ORIENTED_EDGE ( 'NONE', *, *, #242, .F. );
#3798=AXIS2_PLACEMENT_3D ( 'NONE', #10555, #3591, #9042 );
#3799=CARTESIAN_POINT ( 'NONE',  ( 0.09448818897637795144, 0.01795506823609055447, -0.5492125984251968740 ) );
#3800=VERTEX_POINT ( 'NONE', #3795 );
#3801=ORIENTED_EDGE ( 'NONE', *, *, #67, .F. );
#3802=ORIENTED_EDGE ( 'NONE', *, *, #11205, .T. );
#3803=CARTESIAN_POINT ( 'NONE',  ( -0.1023622047244094474, 0.03700787401575590663, -0.2529527559055118058 ) );
#3804=EDGE_CURVE ( 'NONE', #5104, #1921, #10348, .T. );
#3805=LINE ( 'NONE', #5708, #11 );
#3806=DIRECTION ( 'NONE',  ( -0.000000000000000000, -0.5144957554275250144, -0.8574929257125449844 ) );
#3807=VERTEX_POINT ( 'NONE', #2084 );
#3808=CARTESIAN_POINT ( 'NONE',  ( -0.09908156742200788236, 0.08644088007373181004, -0.1772042246094655826 ) );
#3809=AXIS2_PLACEMENT_3D ( 'NONE', #562, #9708, #8939 );
#3810=CARTESIAN_POINT ( 'NONE',  ( 0.06924926954720472816, 0.03374191329164172998, -0.4070972492047243985 ) );
#3811=CARTESIAN_POINT ( 'NONE',  ( 0.09251968503870748595, -0.04330720082968503998, -0.06988189450181102325 ) );
#3812=VERTEX_POINT ( 'NONE', #3981 );
#3813=EDGE_CURVE ( 'NONE', #2865, #8885, #10016, .T. );
#3814=CARTESIAN_POINT ( 'NONE',  ( 0.05072580324356943532, 0.02453264232537125805, -0.5043812796995145176 ) );
#3815=VERTEX_POINT ( 'NONE', #1073 );
#3816=ORIENTED_EDGE ( 'NONE', *, *, #8623, .T. );
#3817=FACE_OUTER_BOUND ( 'NONE', #8797, .T. );
#3818=CARTESIAN_POINT ( 'NONE',  ( 0.09200432292444882254, 0.09941135642303150499, -0.05390457046070866454 ) );
#3819=EDGE_CURVE ( 'NONE', #6731, #10515, #7391, .T. );
#3820=FACE_OUTER_BOUND ( 'NONE', #11147, .T. );
#3821=ORIENTED_EDGE ( 'NONE', *, *, #8463, .F. );
#3822=ORIENTED_EDGE ( 'NONE', *, *, #8062, .F. );
#3823=CARTESIAN_POINT ( 'NONE',  ( -0.1008783212275156382, 0.09316535053057115046, -0.2178681267086125251 ) );
#3824=CIRCLE ( 'NONE', #5234, 0.01649882687418882665 );
#3825=AXIS2_PLACEMENT_3D ( 'NONE', #4585, #8552, #2660 );
#3826=DIRECTION ( 'NONE',  ( 0.000000000000000000, 0.7808688094650275691, 0.6246950475269276160 ) );
#3827=CARTESIAN_POINT ( 'NONE',  ( -0.09842519685039370636, 1.205361022782828035E-17, 0.000000000000000000 ) );
#3828=CARTESIAN_POINT ( 'NONE',  ( 0.03271727120746063117, 0.03914551900928345957, -0.3666138417137402294 ) );
#3829=ORIENTED_EDGE ( 'NONE', *, *, #11673, .T. );
#3830=EDGE_CURVE ( 'NONE', #9834, #5128, #9100, .T. );
#3831=ORIENTED_EDGE ( 'NONE', *, *, #10524, .T. );
#3832=EDGE_LOOP ( 'NONE', ( #593, #9759, #1548, #3777 ) );
#3833=ORIENTED_EDGE ( 'NONE', *, *, #5005, .F. );
#3834=CARTESIAN_POINT ( 'NONE',  ( -0.1072834645669291376, -0.09251968503937008093, -0.1535433070866141780 ) );
#3835=EDGE_CURVE ( 'NONE', #7106, #2247, #4766, .T. );
#3836=ADVANCED_FACE ( 'NONE', ( #3924 ), #2022, .F. );
#3837=VECTOR ( 'NONE', #10708, 39.37007874015748143 );
#3838=CARTESIAN_POINT ( 'NONE',  ( -0.09251968503937008093, 0.08661417322206693692, -0.1437007874015747977 ) );
#3839=ORIENTED_EDGE ( 'NONE', *, *, #9767, .T. );
#3840=ORIENTED_EDGE ( 'NONE', *, *, #1352, .T. );
#3841=CARTESIAN_POINT ( 'NONE',  ( 0.05019685039370079538, 0.000000000000000000, -0.5306868013807086726 ) );
#3842=CARTESIAN_POINT ( 'NONE',  ( 0.1023622047244094474, 0.04094488188976424387, -0.01377952755905807215 ) );
#3843=CARTESIAN_POINT ( 'NONE',  ( -0.1033464566929133965, -0.08070866141732284393, -0.2440944881889763884 ) );
#3844=LINE ( 'NONE', #9276, #11404 );
#3845=CARTESIAN_POINT ( 'NONE',  ( 0.09541052817192913205, -0.04221678704822835054, -0.05413270652885826539 ) );
#3846=ADVANCED_FACE ( 'NONE', ( #2892 ), #6540, .F. );
#3847=ADVANCED_FACE ( 'NONE', ( #4830 ), #5465, .F. );
#3848=ORIENTED_EDGE ( 'NONE', *, *, #7825, .T. );
#3849=CARTESIAN_POINT ( 'NONE',  ( 0.05158198307571042890, 0.02417306347374994016, -0.5017772224967356198 ) );
#3850=FACE_OUTER_BOUND ( 'NONE', #3453, .T. );
#3851=VERTEX_POINT ( 'NONE', #3995 );
#3852=CARTESIAN_POINT ( 'NONE',  ( 0.08267716535433070058, -0.08464566929133858497, -0.4940944881889763884 ) );
#3853=VECTOR ( 'NONE', #8635, 39.37007874015748143 );
#3854=DIRECTION ( 'NONE',  ( 1.734723475976797628E-14, 0.000000000000000000, -1.000000000000000000 ) );
#3855=EDGE_CURVE ( 'NONE', #7796, #10084, #3112, .T. );
#3856=CARTESIAN_POINT ( 'NONE',  ( 0.03838593298828447964, -0.02621446556964714125, -0.4999999999957236430 ) );
#3857=VECTOR ( 'NONE', #6762, 39.37007874015748143 );
#3858=ORIENTED_EDGE ( 'NONE', *, *, #1632, .F. );
#3859=CARTESIAN_POINT ( 'NONE',  ( 0.04132749983997086041, 0.01836463054047125440, -0.5000000000023294700 ) );
#3860=ORIENTED_EDGE ( 'NONE', *, *, #8511, .F. );
#3861=CARTESIAN_POINT ( 'NONE',  ( 0.08070866141732284393, 0.000000000000000000, -0.5708661417322835607 ) );
#3862=VERTEX_POINT ( 'NONE', #10243 );
#3863=DIRECTION ( 'NONE',  ( 1.000000000000000000, 0.000000000000000000, 1.445602896647367710E-15 ) );
#3864=VERTEX_POINT ( 'NONE', #1142 );
#3865=CARTESIAN_POINT ( 'NONE',  ( -0.1043307086614173318, 0.09842519685039370636, -0.03740157480314960925 ) );
#3866=CARTESIAN_POINT ( 'NONE',  ( 0.02537778771703542990, -0.1299209946236692947, -0.3672039222436917494 ) );
#3867=CARTESIAN_POINT ( 'NONE',  ( 0.1023622047418965009, 0.08994364845540263331, -0.09035661527798442838 ) );
#3868=ORIENTED_EDGE ( 'NONE', *, *, #2418, .F. );
#3869=CARTESIAN_POINT ( 'NONE',  ( -0.06175491430017131939, 0.02865594736462900860, -0.2044160674752258100 ) );
#3870=AXIS2_PLACEMENT_3D ( 'NONE', #6503, #166, #73 );
#3871=LINE ( 'NONE', #7470, #188 );
#3872=ADVANCED_FACE ( 'NONE', ( #4889 ), #2706, .T. );
#3873=CARTESIAN_POINT ( 'NONE',  ( 0.08267716535433070058, 0.07185039370078739884, -0.4074803149606598396 ) );
#3874=EDGE_CURVE ( 'NONE', #8652, #989, #8506, .T. );
#3875=CARTESIAN_POINT ( 'NONE',  ( -0.07343170274572147216, -0.002307959284011971979, -0.1815326691887364507 ) );
#3876=ORIENTED_EDGE ( 'NONE', *, *, #3689, .F. );
#3877=CARTESIAN_POINT ( 'NONE',  ( 0.05072580324356943532, 0.01574803149606815791, -0.4901834324110829200 ) );
#3878=ORIENTED_EDGE ( 'NONE', *, *, #2695, .T. );
#3879=CARTESIAN_POINT ( 'NONE',  ( -0.09744094488188977110, -0.04232283464566929249, -0.2234251968503937202 ) );
#3880=ORIENTED_EDGE ( 'NONE', *, *, #3276, .T. );
#3881=AXIS2_PLACEMENT_3D ( 'NONE', #8913, #5536, #9739 );
#3882=FACE_OUTER_BOUND ( 'NONE', #10853, .T. );
#3883=CARTESIAN_POINT ( 'NONE',  ( 0.09262177617625984294, 0.09109215709866143318, -0.05188931995783464812 ) );
#3884=FACE_OUTER_BOUND ( 'NONE', #893, .T. );
#3885=EDGE_LOOP ( 'NONE', ( #10692, #11473, #204, #8114 ) );
#3886=ORIENTED_EDGE ( 'NONE', *, *, #2562, .T. );
#3887=CARTESIAN_POINT ( 'NONE',  ( 0.1771653543307086520, -0.09148905577736221595, -0.1053613379234251968 ) );
#3888=LINE ( 'NONE', #5039, #33 );
#3889=EDGE_CURVE ( 'NONE', #9871, #4422, #2387, .T. );
#3890=B_SPLINE_CURVE_WITH_KNOTS ( 'NONE', 3,( #2906, #4260, #2489, #3291, #6919, #2424, #10385, #3405, #10546, #2366 ),.UNSPECIFIED., .F., .F.,( 4, 2, 2, 2, 4 ),( 0.000000000000000000, 0.2500000000000001110, 0.5000000000000001110, 0.7500000000000001110, 1.000000000000000000 ),.UNSPECIFIED. );
#3891=EDGE_CURVE ( 'NONE', #3326, #2183, #4268, .T. );
#3892=CARTESIAN_POINT ( 'NONE',  ( -0.04724409448818897572, -0.09645669291338582196, -0.6496062992125984925 ) );
#3893=EDGE_LOOP ( 'NONE', ( #1368, #9295, #4795, #1000 ) );
#3894=ORIENTED_EDGE ( 'NONE', *, *, #3222, .F. );
#3895=ORIENTED_EDGE ( 'NONE', *, *, #9260, .F. );
#3896=VERTEX_POINT ( 'NONE', #10460 );
#3897=DIRECTION ( 'NONE',  ( 0.4226182617219129134, 0.9063077870454102625, 5.674974379470279216E-11 ) );
#3898=CYLINDRICAL_SURFACE ( 'NONE', #4386, 0.01181102362204724046 );
#3899=PLANE ( 'NONE',  #9011 );
#3900=CARTESIAN_POINT ( 'NONE',  ( -0.06715138724477510979, 0.01708317378879216017, -0.1916469246505621837 ) );
#3901=VERTEX_POINT ( 'NONE', #1460 );
#3902=ORIENTED_EDGE ( 'NONE', *, *, #5302, .F. );
#3903=CARTESIAN_POINT ( 'NONE',  ( 0.09448818897637795144, 0.06003937007874016185, -0.5708661417322835607 ) );
#3904=CARTESIAN_POINT ( 'NONE',  ( -0.02828740157480314973, 0.1013779527559055121, -0.2273622047244094335 ) );
#3905=EDGE_CURVE ( 'NONE', #8390, #7820, #1014, .T. );
#3906=CIRCLE ( 'NONE', #10152, 0.009842519685039378616 );
#3907=FACE_OUTER_BOUND ( 'NONE', #407, .T. );
#3908=CARTESIAN_POINT ( 'NONE',  ( -0.07878653477381888925, -0.07677165354330708902, -0.5698355124704724828 ) );
#3909=DIRECTION ( 'NONE',  ( -1.345323829250994414E-12, -2.833411918004672945E-12, -1.000000000000000000 ) );
#3910=EDGE_CURVE ( 'NONE', #9199, #6962, #80, .T. );
#3911=EDGE_CURVE ( 'NONE', #2608, #4286, #497, .T. );
#3912=CARTESIAN_POINT ( 'NONE',  ( 0.09144705346763780385, -0.04244532125846457032, -0.05412654682539369544 ) );
#3913=( BOUNDED_CURVE ( )  B_SPLINE_CURVE ( 3, ( #2397, #5248, #2337, #6828, #5191, #3320, #3377 ),.UNSPECIFIED., .F., .F. )B_SPLINE_CURVE_WITH_KNOTS ( ( 4, 3, 4 ),( 0.000000000000000000, 0.5000000000000000000, 1.000000000000000000 ),.UNSPECIFIED. )CURVE ( )  GEOMETRIC_REPRESENTATION_ITEM ( )  RATIONAL_B_SPLINE_CURVE ( ( 1.000000000000000000, 0.8047378540854748241, 0.8047378540854748241, 1.000000000000000000, 0.8047378540854751572, 0.8047378540854751572, 1.000000000000000000 ) )REPRESENTATION_ITEM ( '' )  );
#3914=ORIENTED_EDGE ( 'NONE', *, *, #2173, .T. );
#3915=CARTESIAN_POINT ( 'NONE',  ( -0.09251968503937008093, -0.004921259842519684971, -0.09350393700787401619 ) );
#3916=CARTESIAN_POINT ( 'NONE',  ( -0.02952755905511811330, -0.09055118110236221041, -0.6496062992125984925 ) );
#3917=CARTESIAN_POINT ( 'NONE',  ( 0.1023622047244094474, 0.08562992125980314895, -0.08070866141692914497 ) );
#3918=ORIENTED_EDGE ( 'NONE', *, *, #557, .T. );
#3919=FACE_OUTER_BOUND ( 'NONE', #10480, .T. );
#3920=CARTESIAN_POINT ( 'NONE',  ( -0.09094794103228345805, 0.08746931049342519804, -0.2158272353344488359 ) );
#3921=ADVANCED_FACE ( 'NONE', ( #5010 ), #6877, .T. );
#3922=EDGE_CURVE ( 'NONE', #8538, #9145, #3095, .T. );
#3923=PLANE ( 'NONE',  #3723 );
#3924=FACE_OUTER_BOUND ( 'NONE', #10558, .T. );
#3925=ORIENTED_EDGE ( 'NONE', *, *, #7730, .F. );
#3926=FACE_BOUND ( 'NONE', #466, .T. );
#3927=ORIENTED_EDGE ( 'NONE', *, *, #8883, .F. );
#3928=CARTESIAN_POINT ( 'NONE',  ( 0.03838582677165354451, -0.04221313368110433950, -0.4685039370078740717 ) );
#3929=ORIENTED_EDGE ( 'NONE', *, *, #4947, .T. );
#3930=DIRECTION ( 'NONE',  ( 0.000000000000000000, 0.9789804197375970851, 0.2039542541120390740 ) );
#3931=ORIENTED_EDGE ( 'NONE', *, *, #4211, .T. );
#3932=CARTESIAN_POINT ( 'NONE',  ( 0.1033464566929133965, -0.08070866141732284393, -0.1259842519685039353 ) );
#3933=CARTESIAN_POINT ( 'NONE',  ( 0.1653543307086614012, -0.09055118110236221041, -0.4940944881889763884 ) );
#3934=LINE ( 'NONE', #9127, #11 );
#3935=PLANE ( 'NONE',  #10499 );
#3936=EDGE_CURVE ( 'NONE', #2792, #3449, #2444, .T. );
#3937=EDGE_LOOP ( 'NONE', ( #1138, #5562, #2564, #645 ) );
#3938=EDGE_CURVE ( 'NONE', #2467, #9165, #10183, .T. );
#3939=CARTESIAN_POINT ( 'NONE',  ( 0.03740157480314960925, -0.07874015748031495954, -0.5039370078740157410 ) );
#3940=CARTESIAN_POINT ( 'NONE',  ( 0.06921758502393070278, 0.03213584787343062854, -0.06968503937018839800 ) );
#3941=LINE ( 'NONE', #577, #188 );
#3942=LINE ( 'NONE', #3758, #728 );
#3943=ORIENTED_EDGE ( 'NONE', *, *, #3680, .T. );
#3944=ORIENTED_EDGE ( 'NONE', *, *, #2611, .F. );
#3945=CARTESIAN_POINT ( 'NONE',  ( -0.09055118110236221041, 0.08858267716535432601, -0.2519685039370078705 ) );
#3946=ORIENTED_EDGE ( 'NONE', *, *, #5491, .F. );
#3947=CARTESIAN_POINT ( 'NONE',  ( 0.04132750049012996058, -0.01728079930189681604, -0.5026165983134763815 ) );
#3948=CARTESIAN_POINT ( 'NONE',  ( 0.09113921277125713871, 0.08849279679532098819, -0.05262360160901766865 ) );
#3949=ORIENTED_EDGE ( 'NONE', *, *, #350, .T. );
#3950=ORIENTED_EDGE ( 'NONE', *, *, #9630, .T. );
#3951=EDGE_CURVE ( 'NONE', #517, #9387, #8567, .T. );
#3952=CARTESIAN_POINT ( 'NONE',  ( -0.09933039736822835142, -0.04152798059196850800, -0.2135981913608267779 ) );
#3953=CARTESIAN_POINT ( 'NONE',  ( -0.09096070157524094313, 0.09845866117697951725, -0.1826209987319287464 ) );
#3954=CARTESIAN_POINT ( 'NONE',  ( -0.09842519685039370636, -0.07677165354330708902, -0.09350393700787401619 ) );
#3955=VERTEX_POINT ( 'NONE', #6115 );
#3956=EDGE_CURVE ( 'NONE', #8183, #5916, #2324, .T. );
#3957=ORIENTED_EDGE ( 'NONE', *, *, #8915, .F. );
#3958=VERTEX_POINT ( 'NONE', #1394 );
#3959=VERTEX_POINT ( 'NONE', #9606 );
#3960=CARTESIAN_POINT ( 'NONE',  ( 0.07310850706105748165, -0.03937007874015747977, -0.3025281951574342876 ) );
#3961=B_SPLINE_SURFACE_WITH_KNOTS ( 'NONE', 3, 3, (( #1531, #5247, #563, #4348 ),( #11392, #11447, #3436, #10520 ),( #3735, #2825, #38, #1961 ),( #3620, #5640, #10062, #2889 ),( #4579, #9058, #810, #8159 ),( #7330, #10925, #9169, #9012 ),( #7218, #4762, #8338, #3677 ),( #4638, #10682, #11554, #7450 ),( #8103, #10743, #11727, #8217 ),( #2769, #7275, #11612, #6421 ) ),.UNSPECIFIED., .F., .F., .F.,( 4, 1, 1, 1, 1, 1, 1, 4 ),( 4, 4 ),( -0.1842848522164999836, 0.000000000000000000, 0.09468349149580000679, 0.1489456280656999976, 0.8470400849224000162, 0.9563187924882000646, 1.000000000000000000, 1.192974131428000018 ),( -0.06698135350569998925, 1.066979219882000063 ),.UNSPECIFIED. );
#3962=ORIENTED_EDGE ( 'NONE', *, *, #5917, .T. );
#3963=ORIENTED_EDGE ( 'NONE', *, *, #7101, .F. );
#3964=EDGE_CURVE ( 'NONE', #334, #9199, #11271, .T. );
#3965=PLANE ( 'NONE',  #304 );
#3966=CARTESIAN_POINT ( 'NONE',  ( -0.02360424534363157745, -0.1299212598425196763, -0.1368783689650543145 ) );
#3967=DIRECTION ( 'NONE',  ( 1.000000000000000000, 0.000000000000000000, 1.156482317317871725E-15 ) );
#3968=CARTESIAN_POINT ( 'NONE',  ( 0.09940648374980315394, -0.04239448058145669357, -0.05413932071645669725 ) );
#3969=ORIENTED_EDGE ( 'NONE', *, *, #7113, .T. );
#3970=CARTESIAN_POINT ( 'NONE',  ( 0.05072590373028013772, -0.02816330408144757796, -0.4971014274038820790 ) );
#3971=EDGE_CURVE ( 'NONE', #11016, #5186, #8678, .T. );
#3972=CARTESIAN_POINT ( 'NONE',  ( 0.03410628669586020234, -0.03909451515238689112, -0.3668443326845193253 ) );
#3973=CARTESIAN_POINT ( 'NONE',  ( -0.09153543307086613179, 0.008858267716535432948, -0.1417322834645669272 ) );
#3974=ORIENTED_EDGE ( 'NONE', *, *, #11058, .T. );
#3975=CARTESIAN_POINT ( 'NONE',  ( 0.1072834645669291376, -0.09251968503937008093, -0.09448818897637795144 ) );
#3976=VECTOR ( 'NONE', #591, 39.37007874015748854 );
#3977=DIRECTION ( 'NONE',  ( -1.040834085626141509E-14, 0.000000000000000000, -1.000000000000000000 ) );
#3978=ORIENTED_EDGE ( 'NONE', *, *, #3119, .T. );
#3979=EDGE_CURVE ( 'NONE', #911, #5315, #7665, .T. );
#3980=( BOUNDED_SURFACE ( )  B_SPLINE_SURFACE ( 3, 3, (( #6623, #10088, #1102, #6676 ),( #7540, #11007, #10147, #1229 ),( #4068, #11126, #6791, #10263 ),( #3392, #7714, #7013, #6019 ) ),.UNSPECIFIED., .F., .F., .F. )B_SPLINE_SURFACE_WITH_KNOTS ( ( 4, 4 ),( 4, 4 ),( 0.09891452702108707862, 1.000000000000000000 ),( 0.000000000000000000, 1.000000000000000000 ),.UNSPECIFIED. )GEOMETRIC_REPRESENTATION_ITEM ( )  RATIONAL_B_SPLINE_SURFACE ( (( 0.9737771498253731117, 0.3245923832751244631, 0.3245923832751244631, 0.9737771498253731117),( 0.9028903307915132626, 0.3009634435971711985, 0.3009634435971711985, 0.9028903307915132626),( 0.9116312808497222253, 0.3038770936165741676, 0.3038770936165741676, 0.9116312808497222253),( 1.000000000000000000, 0.3333333333333334259, 0.3333333333333334259, 1.000000000000000000) ) )REPRESENTATION_ITEM ( '' )  SURFACE ( )  );
#3981=CARTESIAN_POINT ( 'NONE',  ( -0.07578740157480315376, 0.08661417322834646937, -0.2273622047244094335 ) );
#3982=ORIENTED_EDGE ( 'NONE', *, *, #3698, .T. );
#3983=ORIENTED_EDGE ( 'NONE', *, *, #8201, .T. );
#3984=EDGE_CURVE ( 'NONE', #9870, #9831, #1270, .T. );
#3985=ORIENTED_EDGE ( 'NONE', *, *, #243, .T. );
#3986=ORIENTED_EDGE ( 'NONE', *, *, #4105, .T. );
#3987=AXIS2_PLACEMENT_3D ( 'NONE', #10672, #16, #54 );
#3988=CARTESIAN_POINT ( 'NONE',  ( 0.05324459736897913659, -0.03937007874015747977, -0.3377998222137019724 ) );
#3989=FACE_BOUND ( 'NONE', #7700, .T. );
#3990=CARTESIAN_POINT ( 'NONE',  ( -0.06692913385826770867, 0.08858267716535432601, -0.09350393700787401619 ) );
#3991=CARTESIAN_POINT ( 'NONE',  ( 0.06029723278932382774, 0.02797621931298617526, -0.06968503937007866633 ) );
#3992=EDGE_LOOP ( 'NONE', ( #2874, #4858, #8140, #984, #1441, #4968 ) );
#3993=CARTESIAN_POINT ( 'NONE',  ( -0.1043307086614173318, -0.07677165354330708902, -0.03740157480314960925 ) );
#3994=CARTESIAN_POINT ( 'NONE',  ( 1.394079453161411480E-17, 0.09842519685039370636, -1.280553747030124154E-17 ) );
#3995=CARTESIAN_POINT ( 'NONE',  ( 0.05137688055471047177, 0.02381659075254716554, -0.06968503937007874960 ) );
#3996=TOROIDAL_SURFACE ( 'NONE', #2252, 0.01814870956161189139, 0.001968503937008530148 );
#3997=LINE ( 'NONE', #1478, #11 );
#3998=VERTEX_POINT ( 'NONE', #8740 );
#3999=EDGE_CURVE ( 'NONE', #3118, #4111, #11381, .T. );
#4000=DIRECTION ( 'NONE',  ( -0.000000000000000000, -0.9230769230770846656, -0.3846153846149967803 ) );
#4001=ADVANCED_FACE ( 'NONE', ( #11328 ), #554, .T. );
#4002=ORIENTED_EDGE ( 'NONE', *, *, #1582, .F. );
#4003=CYLINDRICAL_SURFACE ( 'NONE', #405, 0.01181102362201903559 );
#4004=EDGE_LOOP ( 'NONE', ( #4545, #1008, #10226, #3742 ) );
#4005=CARTESIAN_POINT ( 'NONE',  ( -0.01255771807280282003, -0.1299212598425197041, -0.4343256459763436550 ) );
#4006=AXIS2_PLACEMENT_3D ( 'NONE', #3581, #47, #73 );
#4007=AXIS2_PLACEMENT_3D ( 'NONE', #2172, #1254, #16 );
#4008=CARTESIAN_POINT ( 'NONE',  ( 0.09360294740065236430, -0.02015873050262681487, -0.08562992125984252023 ) );
#4009=ORIENTED_EDGE ( 'NONE', *, *, #2845, .T. );
#4010=VERTEX_POINT ( 'NONE', #3186 );
#4011=FACE_OUTER_BOUND ( 'NONE', #10812, .T. );
#4012=CARTESIAN_POINT ( 'NONE',  ( 0.04589997907739638838, 0.03937007874015747977, -0.3285501270213452840 ) );
#4013=FACE_OUTER_BOUND ( 'NONE', #10753, .T. );
#4014=EDGE_CURVE ( 'NONE', #3750, #11537, #6176, .T. );
#4015=FACE_OUTER_BOUND ( 'NONE', #8745, .T. );
#4016=ORIENTED_EDGE ( 'NONE', *, *, #6642, .T. );
#4017=ORIENTED_EDGE ( 'NONE', *, *, #5091, .T. );
#4018=ORIENTED_EDGE ( 'NONE', *, *, #564, .F. );
#4019=ORIENTED_EDGE ( 'NONE', *, *, #4837, .F. );
#4020=CARTESIAN_POINT ( 'NONE',  ( -0.09251968503937008093, 0.03207100889277165329, -0.1439507517138189086 ) );
#4021=DIRECTION ( 'NONE',  ( 0.000000000000000000, -0.9230769230770846656, -0.3846153846149968913 ) );
#4022=EDGE_CURVE ( 'NONE', #6943, #3315, #8842, .T. );
#4023=CARTESIAN_POINT ( 'NONE',  ( -0.06175491430025249751, 0.02865594736466685680, -0.2044160674753927875 ) );
#4024=VERTEX_POINT ( 'NONE', #7205 );
#4025=VERTEX_POINT ( 'NONE', #747 );
#4026=CARTESIAN_POINT ( 'NONE',  ( -0.09148905577736221595, 0.03207100889277165329, -0.2517185396247637597 ) );
#4027=LINE ( 'NONE', #9430, #5153 );
#4028=AXIS2_PLACEMENT_3D ( 'NONE', #1617, #16, #54 );
#4029=AXIS2_PLACEMENT_3D ( 'NONE', #9029, #835, #2482 );
#4030=EDGE_CURVE ( 'NONE', #7646, #6068, #4398, .T. );
#4031=CARTESIAN_POINT ( 'NONE',  ( 0.09941739739035433676, -0.04380646155299212918, -0.05394042733318897553 ) );
#4032=EDGE_CURVE ( 'NONE', #8768, #6425, #7984, .T. );
#4033=ORIENTED_EDGE ( 'NONE', *, *, #4030, .T. );
#4034=AXIS2_PLACEMENT_3D ( 'NONE', #6833, #1278, #47 );
#4035=LINE ( 'NONE', #9219, #188 );
#4036=CARTESIAN_POINT ( 'NONE',  ( 0.000000000000000000, 0.000000000000000000, -0.09940944881889764162 ) );
#4037=EDGE_LOOP ( 'NONE', ( #3279, #9528, #5803, #1146 ) );
#4038=LINE ( 'NONE', #7570, #728 );
#4039=CARTESIAN_POINT ( 'NONE',  ( 0.1023622047244094474, 0.08661417322348427539, -0.04926193576746795699 ) );
#4040=CARTESIAN_POINT ( 'NONE',  ( -0.09724103375618110834, 0.09255718865311024501, -0.2173473139226378137 ) );
#4041=ORIENTED_EDGE ( 'NONE', *, *, #10014, .T. );
#4042=CARTESIAN_POINT ( 'NONE',  ( 3.616083068348485954E-18, -0.1240157480314960647, -0.1082677165354330728 ) );
#4043=AXIS2_PLACEMENT_3D ( 'NONE', #2297, #73, #54 );
#4044=EDGE_CURVE ( 'NONE', #3434, #3896, #9830, .T. );
#4045=CARTESIAN_POINT ( 'NONE',  ( 0.05577109284287401492, 0.03250421471587008199, -0.5079087820799212949 ) );
#4046=ORIENTED_EDGE ( 'NONE', *, *, #2809, .T. );
#4047=CARTESIAN_POINT ( 'NONE',  ( -0.07775590551181103816, 0.000000000000000000, -0.5708661417322835607 ) );
#4048=ORIENTED_EDGE ( 'NONE', *, *, #11248, .T. );
#4049=ORIENTED_EDGE ( 'NONE', *, *, #9932, .T. );
#4050=ORIENTED_EDGE ( 'NONE', *, *, #4196, .F. );
#4051=CYLINDRICAL_SURFACE ( 'NONE', #6002, 0.01181102362204724046 );
#4052=CARTESIAN_POINT ( 'NONE',  ( -0.06029723278932107300, 0.02797621931299354089, -0.1946454000710172993 ) );
#4053=ADVANCED_FACE ( 'NONE', ( #1818 ), #1638, .F. );
#4054=CARTESIAN_POINT ( 'NONE',  ( 0.08858267716535432601, -0.07381889763779526936, -0.4055118110236220486 ) );
#4055=VECTOR ( 'NONE', #7446, 39.37007874015748143 );
#4056=CARTESIAN_POINT ( 'NONE',  ( 0.04350417893567316147, 0.04834354858960902140, -0.05690697919326219434 ) );
#4057=EDGE_LOOP ( 'NONE', ( #2152, #8476, #5700, #3224, #5934, #8572, #6324 ) );
#4058=ADVANCED_FACE ( 'NONE', ( #11546 ), #742, .T. );
#4059=EDGE_CURVE ( 'NONE', #10585, #9880, #7750, .T. );
#4060=ORIENTED_EDGE ( 'NONE', *, *, #5287, .F. );
#4061=CYLINDRICAL_SURFACE ( 'NONE', #3096, 0.004921259842519689308 );
#4062=ORIENTED_EDGE ( 'NONE', *, *, #5863, .F. );
#4063=LINE ( 'NONE', #4724, #728 );
#4064=ORIENTED_EDGE ( 'NONE', *, *, #4361, .T. );
#4065=AXIS2_PLACEMENT_3D ( 'NONE', #3067, #47, #73 );
#4066=CARTESIAN_POINT ( 'NONE',  ( 0.005696856696132746208, -0.1299212598425197041, -0.4371285758817440859 ) );
#4067=CIRCLE ( 'NONE', #4861, 0.06102362204724409711 );
#4068=CARTESIAN_POINT ( 'NONE',  ( -0.06029723278932765107, 0.02797621931297940290, -0.2014175920550695109 ) );
#4069=EDGE_LOOP ( 'NONE', ( #10549, #4853, #5984, #3189, #9313, #6647, #10465, #8403, #2543, #3300 ) );
#4070=ORIENTED_EDGE ( 'NONE', *, *, #1218, .T. );
#4071=CARTESIAN_POINT ( 'NONE',  ( -0.09537471956433070386, -0.04186127186889763291, -0.2136071409666535359 ) );
#4072=CARTESIAN_POINT ( 'NONE',  ( 0.03740157480314960925, 0.07972440944881889480, -0.4685039370078740717 ) );
#4073=ADVANCED_FACE ( 'NONE', ( #5344 ), #8040, .F. );
#4074=EDGE_CURVE ( 'NONE', #1927, #11605, #1637, .T. );
#4075=LINE ( 'NONE', #11356, #728 );
#4076=EDGE_LOOP ( 'NONE', ( #920, #4379, #5568, #4671 ) );
#4077=EDGE_LOOP ( 'NONE', ( #9394, #6997, #2606, #1361, #11279, #1226, #2405, #8259, #10316, #7541, #5243, #7654, #1808, #53, #942, #7775, #6450, #3791 ) );
#4078=CARTESIAN_POINT ( 'NONE',  ( 0.09448818897637795144, -0.06003937007874016185, -0.5590551181102362266 ) );
#4079=ORIENTED_EDGE ( 'NONE', *, *, #7162, .T. );
#4080=FACE_OUTER_BOUND ( 'NONE', #8208, .T. );
#4081=LINE ( 'NONE', #5218, #188 );
#4082=CARTESIAN_POINT ( 'NONE',  ( 0.05851316234240220432, 0.02714429360089934753, -0.06968503937007883287 ) );
#4083=ORIENTED_EDGE ( 'NONE', *, *, #1894, .F. );
#4084=ORIENTED_EDGE ( 'NONE', *, *, #891, .F. );
#4085=CARTESIAN_POINT ( 'NONE',  ( 0.07568785846292992725, -0.005029083955085126602, -0.09055118109564960771 ) );
#4086=AXIS2_PLACEMENT_3D ( 'NONE', #313, #8629, #16 );
#4087=CARTESIAN_POINT ( 'NONE',  ( -0.09744094488188977110, 0.04639612356148488381, -0.1473349485160362349 ) );
#4088=ADVANCED_FACE ( 'NONE', ( #2572 ), #2631, .T. );
#4089=LINE ( 'NONE', #7683, #24 );
#4090=FACE_OUTER_BOUND ( 'NONE', #6820, .T. );
#4091=ORIENTED_EDGE ( 'NONE', *, *, #5643, .F. );
#4092=AXIS2_PLACEMENT_3D ( 'NONE', #9357, #54, #7 );
#4093=ORIENTED_EDGE ( 'NONE', *, *, #5995, .F. );
#4094=VECTOR ( 'NONE', #1567, 39.37007874015748854 );
#4095=CARTESIAN_POINT ( 'NONE',  ( 0.05163977173049901642, -0.02335886851827967750, -0.5037958660211172557 ) );
#4096=AXIS2_PLACEMENT_3D ( 'NONE', #251, #1485, #2660 );
#4097=CARTESIAN_POINT ( 'NONE',  ( 0.09251968503937008093, 0.08562992125996063408, -0.04921259915755905184 ) );
#4098=ORIENTED_EDGE ( 'NONE', *, *, #3623, .F. );
#4099=AXIS2_PLACEMENT_3D ( 'NONE', #6184, #47, #7 );
#4100=FACE_OUTER_BOUND ( 'NONE', #6975, .T. );
#4101=ADVANCED_FACE ( 'NONE', ( #8207 ), #4567, .F. );
#4102=CARTESIAN_POINT ( 'NONE',  ( -0.09923452017295275596, 0.08884282831200787656, -0.2182687908021653522 ) );
#4103=ORIENTED_EDGE ( 'NONE', *, *, #2527, .T. );
#4104=CARTESIAN_POINT ( 'NONE',  ( 0.06932856541530670047, 0.03189784965608157691, -0.05153822976198055988 ) );
#4105=EDGE_CURVE ( 'NONE', #774, #5009, #4377, .T. );
#4106=( GEOMETRIC_REPRESENTATION_CONTEXT ( 3 ) GLOBAL_UNCERTAINTY_ASSIGNED_CONTEXT ( ( #488 ) ) GLOBAL_UNIT_ASSIGNED_CONTEXT ( ( #1456, #1878, #10669 ) ) REPRESENTATION_CONTEXT ( 'NONE', 'WORKASPACE' ) );
#4107=ORIENTED_EDGE ( 'NONE', *, *, #34, .F. );
#4108=VERTEX_POINT ( 'NONE', #10792 );
#4109=ADVANCED_FACE ( 'NONE', ( #10729 ), #3724, .T. );
#4110=EDGE_LOOP ( 'NONE', ( #9246, #4516, #11426, #4093 ) );
#4111=VERTEX_POINT ( 'NONE', #3542 );
#4112=VECTOR ( 'NONE', #8466, 39.37007874015748143 );
#4113=CARTESIAN_POINT ( 'NONE',  ( 0.03740157480314960925, -0.07977078674232283839, -0.5735433070866141625 ) );
#4114=CARTESIAN_POINT ( 'NONE',  ( 0.07578740157480315376, 0.09842519685039370636, -0.2854330708661417804 ) );
#4115=EDGE_CURVE ( 'NONE', #1899, #9544, #7149, .T. );
#4116=AXIS2_PLACEMENT_3D ( 'NONE', #8692, #47, #7 );
#4117=CARTESIAN_POINT ( 'NONE',  ( 0.000000000000000000, 0.06102362204724409711, -0.3248031496062992463 ) );
#4118=ORIENTED_EDGE ( 'NONE', *, *, #9355, .T. );
#4119=CARTESIAN_POINT ( 'NONE',  ( -0.04395926610443542937, 0.07465779476623800315, -0.1771653557819807268 ) );
#4120=EDGE_LOOP ( 'NONE', ( #8612, #1028, #2376, #10299, #3069, #329, #6377, #4210 ) );
#4121=FACE_OUTER_BOUND ( 'NONE', #2578, .T. );
#4122=ORIENTED_EDGE ( 'NONE', *, *, #11522, .T. );
#4123=ORIENTED_EDGE ( 'NONE', *, *, #1563, .T. );
#4124=ADVANCED_FACE ( 'NONE', ( #7322 ), #10614, .F. );
#4125=ORIENTED_EDGE ( 'NONE', *, *, #6527, .T. );
#4126=ORIENTED_EDGE ( 'NONE', *, *, #8662, .F. );
#4127=EDGE_CURVE ( 'NONE', #7247, #11159, #4763, .T. );
#4128=ADVANCED_FACE ( 'NONE', ( #4751 ), #4815, .F. );
#4129=CARTESIAN_POINT ( 'NONE',  ( 0.09360294740066556207, -0.02015873050263074923, -0.05413385826771653642 ) );
#4130=CARTESIAN_POINT ( 'NONE',  ( 0.08267716535433070058, -0.07381889763779526936, -0.2903543307086614012 ) );
#4131=ORIENTED_EDGE ( 'NONE', *, *, #269, .T. );
#4132=ORIENTED_EDGE ( 'NONE', *, *, #48, .F. );
#4133=VERTEX_POINT ( 'NONE', #9275 );
#4134=ORIENTED_EDGE ( 'NONE', *, *, #9956, .T. );
#4135=EDGE_CURVE ( 'NONE', #2288, #2184, #7493, .T. );
#4136=CARTESIAN_POINT ( 'NONE',  ( -0.02396441327430901339, 0.09224766408364214187, 0.09842519685039370636 ) );
#4137=CARTESIAN_POINT ( 'NONE',  ( 0.09448818897637795144, -0.03405357236597244402, -0.5196850393700787052 ) );
#4138=ORIENTED_EDGE ( 'NONE', *, *, #3649, .T. );
#4139=ORIENTED_EDGE ( 'NONE', *, *, #8791, .T. );
#4140=CARTESIAN_POINT ( 'NONE',  ( 0.1003937007874015908, -0.09055118110236221041, -0.4940944881889763884 ) );
#4141=LINE ( 'NONE', #7736, #8856 );
#4142=LINE ( 'NONE', #5921, #11 );
#4143=CARTESIAN_POINT ( 'NONE',  ( 0.05733532221922985062, -0.07613558887523763641, 0.09842519685039370636 ) );
#4144=EDGE_LOOP ( 'NONE', ( #4739, #9368, #5828, #10437 ) );
#4145=LINE ( 'NONE', #11416, #472 );
#4146=ORIENTED_EDGE ( 'NONE', *, *, #10565, .T. );
#4147=CARTESIAN_POINT ( 'NONE',  ( -0.1023622047244094474, -0.02362204724409921325, -0.1722440944881890035 ) );
#4148=EDGE_CURVE ( 'NONE', #6258, #5497, #7559, .T. );
#4149=CARTESIAN_POINT ( 'NONE',  ( 0.1771653543307086520, -0.09251968503937008093, -0.1043307086614173318 ) );
#4150=EDGE_CURVE ( 'NONE', #11610, #7247, #9215, .T. );
#4151=CARTESIAN_POINT ( 'NONE',  ( 0.03838593298828563150, 0.02621444379882448619, -0.4937768657886680845 ) );
#4152=LINE ( 'NONE', #6705, #311 );
#4153=CARTESIAN_POINT ( 'NONE',  ( -0.09535169253830708125, 0.08784626312283465299, -0.2182687909118897762 ) );
#4154=FACE_BOUND ( 'NONE', #8173, .T. );
#4155=AXIS2_PLACEMENT_3D ( 'NONE', #1699, #45, #47 );
#4156=B_SPLINE_SURFACE_WITH_KNOTS ( 'NONE', 3, 3, (( #7617, #9322, #10213, #2864 ),( #4863, #1107, #2174, #81 ),( #4737, #9263, #270, #3828 ),( #5850, #9372, #1235, #5675 ),( #5616, #9, #8428, #10095 ),( #6514, #2924, #4922, #1178 ) ),.UNSPECIFIED., .F., .F., .F.,( 4, 1, 1, 4 ),( 4, 4 ),( -0.05747417815218000547, 0.000000000000000000, 1.000000000000000000, 1.057474129198999968 ),( -0.03469730301256999938, 1.034697185048000012 ),.UNSPECIFIED. );
#4157=CARTESIAN_POINT ( 'NONE',  ( -0.07996062992125983759, 0.07677165354330708902, -0.5698355124704724828 ) );
#4158=VERTEX_POINT ( 'NONE', #2938 );
#4159=EDGE_CURVE ( 'NONE', #614, #522, #2070, .T. );
#4160=VERTEX_POINT ( 'NONE', #8328 );
#4161=PLANE ( 'NONE',  #4828 );
#4162=ORIENTED_EDGE ( 'NONE', *, *, #602, .F. );
#4163=CARTESIAN_POINT ( 'NONE',  ( -0.07775590551181103816, -0.06102362204724409711, -0.5649606299212598381 ) );
#4164=VERTEX_POINT ( 'NONE', #1136 );
#4165=ADVANCED_FACE ( 'NONE', ( #9161 ), #7377, .T. );
#4166=EDGE_LOOP ( 'NONE', ( #3860, #5155, #7381, #7284 ) );
#4167=CARTESIAN_POINT ( 'NONE',  ( 0.1107283464566929110, 0.09842519685039370636, -0.02362204724409448786 ) );
#4168=FACE_OUTER_BOUND ( 'NONE', #4037, .T. );
#4169=CARTESIAN_POINT ( 'NONE',  ( 0.04183481221525834487, 0.03856219251998393993, -0.3701092639348528279 ) );
#4170=EDGE_CURVE ( 'NONE', #11650, #1231, #5812, .T. );
#4171=LINE ( 'NONE', #1348, #24 );
#4172=PLANE ( 'NONE',  #6298 );
#4173=ORIENTED_EDGE ( 'NONE', *, *, #5129, .T. );
#4174=CARTESIAN_POINT ( 'NONE',  ( 0.08070866141732284393, -0.06102362204724409711, -0.2086614173228346636 ) );
#4175=ORIENTED_EDGE ( 'NONE', *, *, #7147, .T. );
#4176=AXIS2_PLACEMENT_3D ( 'NONE', #210, #16, #47 );
#4177=ORIENTED_EDGE ( 'NONE', *, *, #9652, .F. );
#4178=CARTESIAN_POINT ( 'NONE',  ( 0.06175491430017085448, 0.02865594736462881084, -0.06330046795784552427 ) );
#4179=ADVANCED_FACE ( 'NONE', ( #3055 ), #1059, .F. );
#4180=ORIENTED_EDGE ( 'NONE', *, *, #5566, .F. );
#4181=PLANE ( 'NONE',  #7929 );
#4182=ORIENTED_EDGE ( 'NONE', *, *, #9720, .F. );
#4183=ORIENTED_EDGE ( 'NONE', *, *, #4, .T. );
#4184=EDGE_CURVE ( 'NONE', #1434, #8782, #10973, .T. );
#4185=CARTESIAN_POINT ( 'NONE',  ( -0.1033924336032677194, -0.04345894427023622164, -0.2137020607021653529 ) );
#4186=CARTESIAN_POINT ( 'NONE',  ( -0.09554867677408918070, 0.09742713694098444066, -0.1798421105892720473 ) );
#4187=AXIS2_PLACEMENT_3D ( 'NONE', #699, #7, #47 );
#4188=EDGE_CURVE ( 'NONE', #9924, #11646, #2010, .T. );
#4189=CARTESIAN_POINT ( 'NONE',  ( -0.09226858478563844390, 0.08757621914132812657, -0.2178261870062002115 ) );
#4190=ORIENTED_EDGE ( 'NONE', *, *, #6147, .F. );
#4191=ORIENTED_EDGE ( 'NONE', *, *, #10676, .F. );
#4192=B_SPLINE_CURVE_WITH_KNOTS ( 'NONE', 3,( #1824, #3061, #8445, #3972, #6701, #3177, #6812, #5819, #9338, #1200 ),.UNSPECIFIED., .F., .F.,( 4, 3, 3, 4 ),( 7.758064481976760917E-08, 8.646353398799051901E-05, 0.0001693750476715435624, 0.0002529929756899201940 ),.UNSPECIFIED. );
#4193=EDGE_LOOP ( 'NONE', ( #5720, #4327, #3946, #9459 ) );
#4194=ORIENTED_EDGE ( 'NONE', *, *, #3163, .F. );
#4195=CIRCLE ( 'NONE', #5899, 0.009842518234155217538 );
#4196=EDGE_CURVE ( 'NONE', #3998, #165, #201, .T. );
#4197=LINE ( 'NONE', #11245, #311 );
#4198=DIRECTION ( 'NONE',  ( 0.9934745682582473147, 1.778363441102375478E-12, -0.1140538566822228428 ) );
#4199=CARTESIAN_POINT ( 'NONE',  ( -0.09941379106122046061, -0.04390471866877952711, -0.1818701515044488237 ) );
#4200=ORIENTED_EDGE ( 'NONE', *, *, #5142, .F. );
#4201=ORIENTED_EDGE ( 'NONE', *, *, #7187, .T. );
#4202=DIRECTION ( 'NONE',  ( 0.000000000000000000, 1.734723476060071955E-15, -1.000000000000000000 ) );
#4203=DIRECTION ( 'NONE',  ( -0.4226182617410804698, 0.9063077870364721900, 0.000000000000000000 ) );
#4204=CIRCLE ( 'NONE', #2055, 0.004921259842519621654 );
#4205=EDGE_CURVE ( 'NONE', #10504, #6822, #2879, .T. );
#4206=LINE ( 'NONE', #6928, #311 );
#4207=FACE_OUTER_BOUND ( 'NONE', #10349, .T. );
#4208=ADVANCED_FACE ( 'NONE', ( #7441 ), #8439, .F. );
#4209=ORIENTED_EDGE ( 'NONE', *, *, #4488, .T. );
#4210=ORIENTED_EDGE ( 'NONE', *, *, #2756, .F. );
#4211=EDGE_CURVE ( 'NONE', #8782, #8472, #10916, .T. );
#4212=ADVANCED_FACE ( 'NONE', ( #1952 ), #1378, .T. );
#4213=CARTESIAN_POINT ( 'NONE',  ( 0.06594488188976575793, 0.09842519685039370636, -0.09940944881889764162 ) );
#4214=CARTESIAN_POINT ( 'NONE',  ( 0.1011029438237539407, 0.09230960521763444115, -0.08993494589235885572 ) );
#4215=CARTESIAN_POINT ( 'NONE',  ( 0.04133858904644901328, 0.01724700352524505612, -0.4973672034890214699 ) );
#4216=CARTESIAN_POINT ( 'NONE',  ( -0.08267716535433070058, 0.009842519685039369942, -0.3996062992125983815 ) );
#4217=CARTESIAN_POINT ( 'NONE',  ( -0.02702809808009977444, -0.1299539998025606435, -0.1367453694468108161 ) );
#4218=CARTESIAN_POINT ( 'NONE',  ( -0.08997014119366142371, 0.09547061145110236069, -0.2117960852506693137 ) );
#4219=CARTESIAN_POINT ( 'NONE',  ( 0.08070866141732284393, -0.09842519685039370636, -0.2854330708661417804 ) );
#4220=EDGE_CURVE ( 'NONE', #9520, #3326, #993, .T. );
#4221=CARTESIAN_POINT ( 'NONE',  ( 0.05019685039370079538, 0.01574806216017994240, -0.4895836562555118121 ) );
#4222=EDGE_CURVE ( 'NONE', #7662, #1834, #2313, .T. );
#4223=ORIENTED_EDGE ( 'NONE', *, *, #5527, .F. );
#4224=AXIS2_PLACEMENT_3D ( 'NONE', #513, #45, #5359 );
#4225=ORIENTED_EDGE ( 'NONE', *, *, #6538, .F. );
#4226=CARTESIAN_POINT ( 'NONE',  ( -0.1204724409448818812, -0.1023622047244094474, 0.000000000000000000 ) );
#4227=ORIENTED_EDGE ( 'NONE', *, *, #5983, .F. );
#4228=CARTESIAN_POINT ( 'NONE',  ( -0.04133858267716535029, 0.08464566929133858497, -0.09350393700787401619 ) );
#4229=ORIENTED_EDGE ( 'NONE', *, *, #1577, .F. );
#4230=ORIENTED_EDGE ( 'NONE', *, *, #1039, .T. );
#4231=LINE ( 'NONE', #3317, #311 );
#4232=PLANE ( 'NONE',  #1344 );
#4233=AXIS2_PLACEMENT_3D ( 'NONE', #8256, #45, #2563 );
#4234=PLANE ( 'NONE',  #5742 );
#4235=LINE ( 'NONE', #11221, #11 );
#4236=EDGE_CURVE ( 'NONE', #9308, #6230, #1318, .T. );
#4237=LINE ( 'NONE', #4169, #8141 );
#4238=CARTESIAN_POINT ( 'NONE',  ( 0.03521621124720720336, 0.03882889668728615323, -0.3699028766468945850 ) );
#4239=FACE_OUTER_BOUND ( 'NONE', #6671, .T. );
#4240=VERTEX_POINT ( 'NONE', #10230 );
#4241=PLANE ( 'NONE',  #9780 );
#4242=VERTEX_POINT ( 'NONE', #3298 );
#4243=CARTESIAN_POINT ( 'NONE',  ( -0.05430466209631120561, 0.02518183770676839586, -0.2108095562397519218 ) );
#4244=ORIENTED_EDGE ( 'NONE', *, *, #10133, .T. );
#4245=CARTESIAN_POINT ( 'NONE',  ( 0.06029723278932717923, 0.02797621931297921902, -0.06629894337810475491 ) );
#4246=ORIENTED_EDGE ( 'NONE', *, *, #5698, .T. );
#4247=CARTESIAN_POINT ( 'NONE',  ( 0.07776767274315216083, -0.009489260072402992685, -0.04921259842519685318 ) );
#4248=CARTESIAN_POINT ( 'NONE',  ( 0.05144802394163975473, 0.01574803149607529804, -0.4912034381094740887 ) );
#4249=EDGE_LOOP ( 'NONE', ( #8713, #2658, #2219, #6686 ) );
#4250=ORIENTED_EDGE ( 'NONE', *, *, #11594, .F. );
#4251=DIRECTION ( 'NONE',  ( 5.496038065875663035E-16, -2.562844639629075730E-16, -1.000000000000000000 ) );
#4252=CARTESIAN_POINT ( 'NONE',  ( -0.09521461404964566555, 0.08913133189192913586, -0.1777815901784252084 ) );
#4253=EDGE_CURVE ( 'NONE', #11301, #995, #11319, .T. );
#4254=DIRECTION ( 'NONE',  ( 0.9063077870364723010, 0.4226182617410805253, -0.000000000000000000 ) );
#4255=DIRECTION ( 'NONE',  ( 0.000000000000000000, 0.9789804197375970851, -0.2039542541120390740 ) );
#4256=EDGE_LOOP ( 'NONE', ( #3445, #5255, #5533, #1045, #2981, #8153 ) );
#4257=ORIENTED_EDGE ( 'NONE', *, *, #6968, .F. );
#4258=ORIENTED_EDGE ( 'NONE', *, *, #1885, .F. );
#4259=ORIENTED_EDGE ( 'NONE', *, *, #9486, .F. );
#4260=CARTESIAN_POINT ( 'NONE',  ( 0.02362204724409370724, -0.1299212598425197041, -0.4072153103836362309 ) );
#4261=CARTESIAN_POINT ( 'NONE',  ( 0.02702809808010003118, -0.1299539998025635301, -0.4144357329153756098 ) );
#4262=EDGE_CURVE ( 'NONE', #11346, #2608, #9594, .T. );
#4263=CARTESIAN_POINT ( 'NONE',  ( 0.09448818897637795144, -0.04724409448818897572, -0.2106299212598425619 ) );
#4264=EDGE_LOOP ( 'NONE', ( #2919, #7120, #10497, #2975 ) );
#4265=ORIENTED_EDGE ( 'NONE', *, *, #10304, .T. );
#4266=CARTESIAN_POINT ( 'NONE',  ( 0.09103171110347482720, 0.08857365644785845926, -0.08691953242850047889 ) );
#4267=FACE_OUTER_BOUND ( 'NONE', #10438, .T. );
#4268=CIRCLE ( 'NONE', #9986, 0.009842519685039378616 );
#4269=EDGE_CURVE ( 'NONE', #3159, #11443, #6644, .T. );
#4270=AXIS2_PLACEMENT_3D ( 'NONE', #2255, #263, #185 );
#4271=DIRECTION ( 'NONE',  ( 0.4226182617406810116, 0.9063077870366587074, -8.582271798840615884E-32 ) );
#4272=CARTESIAN_POINT ( 'NONE',  ( -0.08267716535433070058, 0.06102362204724409711, -0.5682250243999779071 ) );
#4273=ORIENTED_EDGE ( 'NONE', *, *, #6134, .F. );
#4274=ORIENTED_EDGE ( 'NONE', *, *, #3666, .F. );
#4275=CARTESIAN_POINT ( 'NONE',  ( 0.000000000000000000, -0.09842519685039370636, -0.07283464566929134798 ) );
#4276=CARTESIAN_POINT ( 'NONE',  ( 0.09758762482113819692, 0.09628791799592598122, -0.08870374202903662242 ) );
#4277=CARTESIAN_POINT ( 'NONE',  ( 0.09448818897637795144, 0.03405357236597244402, -0.5196850393700787052 ) );
#4278=EDGE_CURVE ( 'NONE', #7460, #3550, #4141, .T. );
#4279=LINE ( 'NONE', #10458, #33 );
#4280=LINE ( 'NONE', #1459, #24 );
#4281=EDGE_CURVE ( 'NONE', #4819, #342, #3184, .T. );
#4282=ADVANCED_FACE ( 'NONE', ( #6757 ), #7008, .T. );
#4283=CARTESIAN_POINT ( 'NONE',  ( 0.09954881166645671020, 0.09842519685039370636, -0.08070866141744095779 ) );
#4284=ORIENTED_EDGE ( 'NONE', *, *, #1821, .T. );
#4285=AXIS2_PLACEMENT_3D ( 'NONE', #9648, #1505, #7137 );
#4286=VERTEX_POINT ( 'NONE', #10335 );
#4287=CARTESIAN_POINT ( 'NONE',  ( -0.02849692979311811009, 0.09945582611240158522, -0.2490157480314960647 ) );
#4288=EDGE_LOOP ( 'NONE', ( #7709, #7327, #10905, #2126 ) );
#4289=LINE ( 'NONE', #502, #10884 );
#4290=VERTEX_POINT ( 'NONE', #479 );
#4291=ORIENTED_EDGE ( 'NONE', *, *, #2081, .F. );
#4292=ADVANCED_FACE ( 'NONE', ( #6806 ), #10282, .T. );
#4293=FACE_OUTER_BOUND ( 'NONE', #11496, .T. );
#4294=ADVANCED_FACE ( 'NONE', ( #2253 ), #6342, .F. );
#4295=CARTESIAN_POINT ( 'NONE',  ( -0.09650307020688976556, -0.07730190792401574196, -0.4339546234429134119 ) );
#4296=PLANE ( 'NONE',  #11056 );
#4297=CARTESIAN_POINT ( 'NONE',  ( -0.05905511811023622659, -0.1023622047244094474, -0.5885826771653542844 ) );
#4298=CYLINDRICAL_SURFACE ( 'NONE', #3033, 0.02362204724409448092 );
#4299=CARTESIAN_POINT ( 'NONE',  ( 0.000000000000000000, 0.000000000000000000, 0.08661417322834646937 ) );
#4300=CARTESIAN_POINT ( 'NONE',  ( 0.09448204995429565489, -0.001087204004771173942, 0.09842519685039376187 ) );
#4301=EDGE_LOOP ( 'NONE', ( #10249, #1208, #3931, #5238, #8341, #7131, #5204, #6923, #9230, #6699, #7757, #10323, #4933, #3751, #5365, #9274, #6662, #4859, #4981, #11183, #10256, #6152, #4134, #8446, #1012, #3797, #7672, #6908, #11422 ) );
#4302=CARTESIAN_POINT ( 'NONE',  ( -0.04133858267716535029, 0.08858267716535432601, -0.09350393700787401619 ) );
#4303=( BOUNDED_CURVE ( )  B_SPLINE_CURVE ( 3, ( #6139, #4178, #4245, #3375 ),.UNSPECIFIED., .F., .F. )B_SPLINE_CURVE_WITH_KNOTS ( ( 4, 4 ),( 0.09891452704592219869, 1.000000000000000000 ),.UNSPECIFIED. )CURVE ( )  GEOMETRIC_REPRESENTATION_ITEM ( )  RATIONAL_B_SPLINE_CURVE ( ( 0.9737771498195033626, 0.9028903307919633470, 0.9116312808521289668, 1.000000000000000000 ) )REPRESENTATION_ITEM ( '' )  );
#4304=VERTEX_POINT ( 'NONE', #2964 );
#4305=CARTESIAN_POINT ( 'NONE',  ( 0.09251968503937008093, -0.07874015748031495954, -0.1141732283464566844 ) );
#4306=EDGE_LOOP ( 'NONE', ( #11096, #9642, #3060, #1832, #8620 ) );
#4307=EDGE_CURVE ( 'NONE', #7547, #6388, #8549, .T. );
#4308=EDGE_CURVE ( 'NONE', #8859, #9447, #8780, .T. );
#4309=CARTESIAN_POINT ( 'NONE',  ( -0.07677165354330708902, 0.09350393700787401619, -0.2421259842519685179 ) );
#4310=ORIENTED_EDGE ( 'NONE', *, *, #3463, .F. );
#4311=ORIENTED_EDGE ( 'NONE', *, *, #10184, .T. );
#4312=CARTESIAN_POINT ( 'NONE',  ( -0.09148968150661417054, -0.04310518241736220613, -0.2136186826533071070 ) );
#4313=CARTESIAN_POINT ( 'NONE',  ( -0.09076286174695551157, 0.08847760766240471419, -0.1818573221421854458 ) );
#4314=LINE ( 'NONE', #4426, #293 );
#4315=CARTESIAN_POINT ( 'NONE',  ( 0.08858267716535432601, 0.05511811023622047168, -0.2185039370078740439 ) );
#4316=ORIENTED_EDGE ( 'NONE', *, *, #9378, .T. );
#4317=VERTEX_POINT ( 'NONE', #410 );
#4318=ORIENTED_EDGE ( 'NONE', *, *, #2560, .F. );
#4319=AXIS2_PLACEMENT_3D ( 'NONE', #4702, #47, #73 );
#4320=ORIENTED_EDGE ( 'NONE', *, *, #4148, .T. );
#4321=LINE ( 'NONE', #10328, #11 );
#4322=FACE_OUTER_BOUND ( 'NONE', #9776, .T. );
#4323=EDGE_CURVE ( 'NONE', #215, #6566, #4206, .T. );
#4324=FACE_OUTER_BOUND ( 'NONE', #6028, .T. );
#4325=CARTESIAN_POINT ( 'NONE',  ( 0.07086614173228346358, 8.678599364036359818E-18, -0.04035433070866142197 ) );
#4326=VERTEX_POINT ( 'NONE', #1861 );
#4327=ORIENTED_EDGE ( 'NONE', *, *, #1963, .T. );
#4328=CARTESIAN_POINT ( 'NONE',  ( -0.1023622047244094474, 0.04281496062992126012, -0.1771653543307086520 ) );
#4329=LINE ( 'NONE', #4382, #11 );
#4330=EDGE_CURVE ( 'NONE', #8303, #7501, #10600, .T. );
#4331=CARTESIAN_POINT ( 'NONE',  ( 0.05137688055470398391, 0.02381659075256099128, -0.07647366962754162389 ) );
#4332=LINE ( 'NONE', #7973, #188 );
#4333=ORIENTED_EDGE ( 'NONE', *, *, #1128, .F. );
#4334=ORIENTED_EDGE ( 'NONE', *, *, #10531, .F. );
#4335=LINE ( 'NONE', #2504, #728 );
#4336=CARTESIAN_POINT ( 'NONE',  ( 0.09171705829413387412, 0.08821763000602361737, -0.08870372874027560028 ) );
#4337=EDGE_CURVE ( 'NONE', #7633, #4133, #11534, .T. );
#4338=LINE ( 'NONE', #7982, #293 );
#4339=CARTESIAN_POINT ( 'NONE',  ( -0.02702809808006246747, -0.1299539998025974474, -0.1367453694468123704 ) );
#4340=VERTEX_POINT ( 'NONE', #4613 );
#4341=EDGE_CURVE ( 'NONE', #8706, #2496, #3657, .T. );
#4342=CARTESIAN_POINT ( 'NONE',  ( 0.04107949936681102449, -0.03949397044811023272, -0.3607178604577559455 ) );
#4343=EDGE_LOOP ( 'NONE', ( #5045, #1595, #8537, #950, #1108, #9106 ) );
#4344=LINE ( 'NONE', #6181, #11 );
#4345=ORIENTED_EDGE ( 'NONE', *, *, #3330, .T. );
#4346=VERTEX_POINT ( 'NONE', #2618 );
#4347=LINE ( 'NONE', #11390, #9314 );
#4348=CARTESIAN_POINT ( 'NONE',  ( 0.09148342887267717216, -0.04361742039437008223, -0.08584621203279527157 ) );
#4349=LINE ( 'NONE', #689, #11 );
#4350=LINE ( 'NONE', #5628, #6130 );
#4351=PLANE ( 'NONE',  #2167 );
#4352=DIRECTION ( 'NONE',  ( 0.4226182617407318598, 0.9063077870366348376, 0.000000000000000000 ) );
#4353=FACE_OUTER_BOUND ( 'NONE', #1767, .T. );
#4354=EDGE_CURVE ( 'NONE', #749, #3812, #3413, .T. );
#4355=CARTESIAN_POINT ( 'NONE',  ( 0.08278992505122047263, -0.04094488188976377896, -0.2181974864960236626 ) );
#4356=VERTEX_POINT ( 'NONE', #1804 );
#4357=CARTESIAN_POINT ( 'NONE',  ( -0.006613936123663154316, -0.1299212598425196763, -0.1612877191796651399 ) );
#4358=ORIENTED_EDGE ( 'NONE', *, *, #11036, .F. );
#4359=CARTESIAN_POINT ( 'NONE',  ( 0.04429133858268109736, 0.07677165354330708902, -0.4606299212598425341 ) );
#4360=ORIENTED_EDGE ( 'NONE', *, *, #9734, .F. );
#4361=EDGE_CURVE ( 'NONE', #2982, #3165, #3023, .T. );
#4362=CARTESIAN_POINT ( 'NONE',  ( 0.05019685039370079538, 3.557093741750413510E-19, -0.4370078740157480879 ) );
#4363=ORIENTED_EDGE ( 'NONE', *, *, #2560, .T. );
#4364=ORIENTED_EDGE ( 'NONE', *, *, #2710, .F. );
#4365=CARTESIAN_POINT ( 'NONE',  ( 0.09448818897637795144, -0.08464566929133858497, -0.3612204724409449064 ) );
#4366=AXIS2_PLACEMENT_3D ( 'NONE', #6161, #3406, #2491 );
#4367=CARTESIAN_POINT ( 'NONE',  ( -0.09756799276656986930, 0.09626092973665256736, -0.1790127934481983984 ) );
#4368=DIRECTION ( 'NONE',  ( 0.000000000000000000, -0.2039542541120390740, 0.9789804197375970851 ) );
#4369=ADVANCED_FACE ( 'NONE', ( #9876 ), #11369, .F. );
#4370=EDGE_CURVE ( 'NONE', #912, #1985, #9654, .T. );
#4371=CARTESIAN_POINT ( 'NONE',  ( -0.08267716535433070058, 0.07874015748031495954, -0.4852362204724409156 ) );
#4372=ORIENTED_EDGE ( 'NONE', *, *, #9712, .T. );
#4373=VERTEX_POINT ( 'NONE', #9707 );
#4374=EDGE_LOOP ( 'NONE', ( #7066, #4070, #6672, #10907 ) );
#4375=PLANE ( 'NONE',  #630 );
#4376=CARTESIAN_POINT ( 'NONE',  ( -0.07578740157480315376, 0.08661417322834646937, -0.1417322834645669272 ) );
#4377=CIRCLE ( 'NONE', #7560, 0.009842519684660573989 );
#4378=LINE ( 'NONE', #4263, #728 );
#4379=ORIENTED_EDGE ( 'NONE', *, *, #7637, .F. );
#4380=ORIENTED_EDGE ( 'NONE', *, *, #564, .T. );
#4381=LINE ( 'NONE', #5978, #6179 );
#4382=CARTESIAN_POINT ( 'NONE',  ( -0.07126345245470472323, -0.04921259842519685318, -0.2273622047244094335 ) );
#4383=EDGE_CURVE ( 'NONE', #2687, #2014, #11588, .T. );
#4384=CARTESIAN_POINT ( 'NONE',  ( 0.1328740157480315098, -0.09055118110236221041, -0.4940944881889763884 ) );
#4385=DIRECTION ( 'NONE',  ( -0.9063077870374528500, 0.4226182617389778740, 4.999918076583898588E-11 ) );
#4386=AXIS2_PLACEMENT_3D ( 'NONE', #3161, #47, #73 );
#4387=CARTESIAN_POINT ( 'NONE',  ( 0.03940229860903744080, -0.01565756610386452932, -0.4952012305513351920 ) );
#4388=ORIENTED_EDGE ( 'NONE', *, *, #7084, .T. );
#4389=AXIS2_PLACEMENT_3D ( 'NONE', #5066, #73, #54 );
#4390=ORIENTED_EDGE ( 'NONE', *, *, #6308, .T. );
#4391=FACE_OUTER_BOUND ( 'NONE', #4120, .T. );
#4392=DIRECTION ( 'NONE',  ( -1.000000000000000000, -5.224419336987940490E-31, -1.807003620809169702E-16 ) );
#4393=CARTESIAN_POINT ( 'NONE',  ( 0.09201048714811575768, 0.08791044678842047100, -0.08939456051604569020 ) );
#4394=CARTESIAN_POINT ( 'NONE',  ( 0.03837352134327967623, 0.01560598515695047796, -0.5075385247593137139 ) );
#4395=LINE ( 'NONE', #1757, #33 );
#4396=EDGE_CURVE ( 'NONE', #5546, #9099, #1446, .T. );
#4397=CYLINDRICAL_SURFACE ( 'NONE', #4649, 0.005905511811036563002 );
#4398=LINE ( 'NONE', #2816, #293 );
#4399=ORIENTED_EDGE ( 'NONE', *, *, #9932, .F. );
#4400=ADVANCED_FACE ( 'NONE', ( #2683 ), #2749, .F. );
#4401=CARTESIAN_POINT ( 'NONE',  ( 0.04279481548787401196, -0.03878701144024015307, -0.3671702484365748087 ) );
#4402=VERTEX_POINT ( 'NONE', #2561 );
#4403=CARTESIAN_POINT ( 'NONE',  ( -0.09055118110233287276, 0.08858267716535433989, -0.1830181574878705919 ) );
#4404=VERTEX_POINT ( 'NONE', #666 );
#4405=ORIENTED_EDGE ( 'NONE', *, *, #7453, .F. );
#4406=CARTESIAN_POINT ( 'NONE',  ( 0.06435193835049962674, 0.02986695956774646291, -0.07793445280717727075 ) );
#4407=CARTESIAN_POINT ( 'NONE',  ( 0.001181102362204724393, -0.1023622047244094474, -0.6508267716535433012 ) );
#4408=EDGE_CURVE ( 'NONE', #9130, #2675, #4442, .T. );
#4409=LINE ( 'NONE', #2524, #728 );
#4410=VECTOR ( 'NONE', #2229, 39.37007874015748143 );
#4411=EDGE_CURVE ( 'NONE', #9156, #10517, #3396, .T. );
#4412=DIRECTION ( 'NONE',  ( -0.1140538566627599809, 0.000000000000000000, -0.9934745682604816386 ) );
#4413=VERTEX_POINT ( 'NONE', #11478 );
#4414=ORIENTED_EDGE ( 'NONE', *, *, #10847, .F. );
#4415=CARTESIAN_POINT ( 'NONE',  ( -0.08267716535433070058, 0.07874015748031495954, -0.5314960629921260393 ) );
#4416=EDGE_LOOP ( 'NONE', ( #2837, #11741, #7550, #11708 ) );
#4417=DIRECTION ( 'NONE',  ( 0.9063077870366587074, 0.4226182617406809006, 0.000000000000000000 ) );
#4418=ORIENTED_EDGE ( 'NONE', *, *, #10262, .F. );
#4419=AXIS2_PLACEMENT_3D ( 'NONE', #4905, #8240, #10765 );
#4420=FACE_OUTER_BOUND ( 'NONE', #11227, .T. );
#4421=EDGE_CURVE ( 'NONE', #9310, #9919, #10292, .T. );
#4422=VERTEX_POINT ( 'NONE', #8938 );
#4423=VERTEX_POINT ( 'NONE', #5281 );
#4424=CARTESIAN_POINT ( 'NONE',  ( -0.1673228346456692994, -0.1023622047244094474, -0.1929133858267716439 ) );
#4425=CARTESIAN_POINT ( 'NONE',  ( -0.09698204993539370766, 0.09232711118622047297, -0.1783219772885432930 ) );
#4426=CARTESIAN_POINT ( 'NONE',  ( -0.09251968503937008093, 0.01082677165354330867, -0.02460629921259842659 ) );
#4427=ADVANCED_FACE ( 'NONE', ( #7971 ), #10660, .T. );
#4428=EDGE_CURVE ( 'NONE', #9350, #9207, #8082, .T. );
#4429=LINE ( 'NONE', #7075, #293 );
#4430=CARTESIAN_POINT ( 'NONE',  ( 0.07128304970488315295, -0.03270680615228335752, -0.4219855241731911843 ) );
#4431=ORIENTED_EDGE ( 'NONE', *, *, #5907, .F. );
#4432=DIRECTION ( 'NONE',  ( 0.4651306830492078492, 0.1046847845183391662, -0.8790304565693535244 ) );
#4433=ORIENTED_EDGE ( 'NONE', *, *, #9519, .T. );
#4434=ORIENTED_EDGE ( 'NONE', *, *, #5890, .T. );
#4435=PLANE ( 'NONE',  #10838 );
#4436=CARTESIAN_POINT ( 'NONE',  ( 0.05906100172590551811, 0.03062732538377165720, -0.04921259842519685318 ) );
#4437=EDGE_CURVE ( 'NONE', #8502, #7898, #9820, .T. );
#4438=ORIENTED_EDGE ( 'NONE', *, *, #7084, .F. );
#4439=EDGE_LOOP ( 'NONE', ( #4257, #398, #700, #8882, #11623, #5517, #6834, #571, #3715, #1764 ) );
#4440=ADVANCED_FACE ( 'NONE', ( #10780 ), #7425, .F. );
#4441=FACE_OUTER_BOUND ( 'NONE', #1782, .T. );
#4442=LINE ( 'NONE', #5396, #2039 );
#4443=CARTESIAN_POINT ( 'NONE',  ( 0.07126345245470472323, -0.04921259842519685318, -0.09940944881889764162 ) );
#4444=CIRCLE ( 'NONE', #3288, 0.009842519684660573989 );
#4445=ORIENTED_EDGE ( 'NONE', *, *, #9662, .T. );
#4446=ORIENTED_EDGE ( 'NONE', *, *, #1392, .T. );
#4447=CARTESIAN_POINT ( 'NONE',  ( 0.02950530667953492336, -0.1240157480314960647, -0.4145319600536411242 ) );
#4448=CARTESIAN_POINT ( 'NONE',  ( 0.09754836071814960985, 0.09623394149854330726, -0.08870374194015748226 ) );
#4449=CARTESIAN_POINT ( 'NONE',  ( 0.08661417322834646937, 0.09350393700787401619, -0.1240157480314960647 ) );
#4450=DIRECTION ( 'NONE',  ( -1.000000000000000000, 7.228014483236570338E-16, -1.044883867397560072E-30 ) );
#4451=ADVANCED_FACE ( 'NONE', ( #8253 ), #11705, .T. );
#4452=EDGE_CURVE ( 'NONE', #8706, #11075, #7766, .T. );
#4453=AXIS2_PLACEMENT_3D ( 'NONE', #756, #166, #73 );
#4454=CIRCLE ( 'NONE', #10351, 0.005905511811085254088 );
#4455=VERTEX_POINT ( 'NONE', #7362 );
#4456=EDGE_LOOP ( 'NONE', ( #2632, #9194, #837, #5493 ) );
#4457=CARTESIAN_POINT ( 'NONE',  ( 0.04611523029783464594, -0.03914548833599212907, -0.3626899456732677884 ) );
#4458=ORIENTED_EDGE ( 'NONE', *, *, #734, .F. );
#4459=CARTESIAN_POINT ( 'NONE',  ( -0.1023386015610036753, -0.04231192989663962872, -0.2135906980796026255 ) );
#4460=ORIENTED_EDGE ( 'NONE', *, *, #3054, .F. );
#4461=EDGE_LOOP ( 'NONE', ( #11566, #5729, #11647, #2026 ) );
#4462=DIRECTION ( 'NONE',  ( 0.9934745682607982742, -7.180848569056842618E-16, -0.1140538566600030335 ) );
#4463=EDGE_CURVE ( 'NONE', #7842, #2534, #3713, .T. );
#4464=CARTESIAN_POINT ( 'NONE',  ( 0.06435193835050473377, 0.02986695956773551333, -0.06968503937007874960 ) );
#4465=CARTESIAN_POINT ( 'NONE',  ( -0.09251968503937008093, 0.05984251968502973112, -0.2539370078740157410 ) );
#4466=CARTESIAN_POINT ( 'NONE',  ( 0.05122747965570866036, 0.05511811023622047168, -0.4477882683759842330 ) );
#4467=ADVANCED_FACE ( 'NONE', ( #6512 ), #5557, .F. );
#4468=CARTESIAN_POINT ( 'NONE',  ( 0.05848263876771653963, -0.03265667482697243856, -0.4208478883889764099 ) );
#4469=EDGE_CURVE ( 'NONE', #1187, #8367, #978, .T. );
#4470=ORIENTED_EDGE ( 'NONE', *, *, #8994, .F. );
#4471=DIRECTION ( 'NONE',  ( 7.228014483236656126E-16, 0.000000000000000000, 1.000000000000000000 ) );
#4472=VERTEX_POINT ( 'NONE', #918 );
#4473=ORIENTED_EDGE ( 'NONE', *, *, #9874, .T. );
#4474=CARTESIAN_POINT ( 'NONE',  ( 0.09448818897637795144, -0.001476377952736228306, -0.2185039370078740439 ) );
#4475=ORIENTED_EDGE ( 'NONE', *, *, #5361, .F. );
#4476=AXIS2_PLACEMENT_3D ( 'NONE', #7288, #73, #16 );
#4477=ADVANCED_FACE ( 'NONE', ( #10836 ), #6, .F. );
#4478=PLANE ( 'NONE',  #11110 );
#4479=FACE_OUTER_BOUND ( 'NONE', #8300, .T. );
#4480=CARTESIAN_POINT ( 'NONE',  ( 0.09744094488188977110, -0.004921259842519684971, -0.09547244094488190058 ) );
#4481=ORIENTED_EDGE ( 'NONE', *, *, #9122, .T. );
#4482=ORIENTED_EDGE ( 'NONE', *, *, #9185, .T. );
#4483=CARTESIAN_POINT ( 'NONE',  ( -0.1024619445216878033, 0.08637220837144790608, -0.1772042246094380213 ) );
#4484=CARTESIAN_POINT ( 'NONE',  ( 0.06309151644889764154, 0.03268027996060236806, -0.4212961097842519709 ) );
#4485=LINE ( 'NONE', #10486, #11 );
#4486=LINE ( 'NONE', #1761, #11 );
#4487=ORIENTED_EDGE ( 'NONE', *, *, #5018, .T. );
#4488=EDGE_CURVE ( 'NONE', #8950, #11042, #2923, .T. );
#4489=VERTEX_POINT ( 'NONE', #5820 );
#4490=ORIENTED_EDGE ( 'NONE', *, *, #7278, .F. );
#4491=CARTESIAN_POINT ( 'NONE',  ( 0.04996084257653544275, -0.04921259842519685318, -0.03917322834645669410 ) );
#4492=CARTESIAN_POINT ( 'NONE',  ( -0.09251968503937008093, 0.08858267716535432601, -0.05905511811023622659 ) );
#4493=B_SPLINE_CURVE_WITH_KNOTS ( 'NONE', 3,( #4403, #2516, #8796, #8898, #7105, #3488, #6998, #567 ),.UNSPECIFIED., .F., .F.,( 4, 2, 2, 4 ),( 4.615391470705509713E-17, 8.612948887302703633E-05, 0.0001291942333095186604, 0.0001722589777460102709 ),.UNSPECIFIED. );
#4494=CARTESIAN_POINT ( 'NONE',  ( -0.1023387710616829593, -0.04231492569645949053, -0.1820782544297238070 ) );
#4495=EDGE_CURVE ( 'NONE', #8183, #8197, #164, .T. );
#4496=LINE ( 'NONE', #3651, #24 );
#4497=ORIENTED_EDGE ( 'NONE', *, *, #2484, .T. );
#4498=ORIENTED_EDGE ( 'NONE', *, *, #5867, .T. );
#4499=DIRECTION ( 'NONE',  ( 0.9063077870367897138, -0.4226182617403999031, 0.000000000000000000 ) );
#4500=LINE ( 'NONE', #4443, #11 );
#4501=VECTOR ( 'NONE', #8397, 39.37007874015748143 );
#4502=LINE ( 'NONE', #8940, #2881 );
#4503=ORIENTED_EDGE ( 'NONE', *, *, #11213, .F. );
#4504=EDGE_CURVE ( 'NONE', #7171, #7107, #3246, .T. );
#4505=ORIENTED_EDGE ( 'NONE', *, *, #7261, .T. );
#4506=EDGE_LOOP ( 'NONE', ( #7950, #11176, #9569, #731, #2309, #4190, #10896, #198 ) );
#4507=CARTESIAN_POINT ( 'NONE',  ( 0.09580060250082678142, 0.08650753216096795928, -0.09051231083076750894 ) );
#4508=LINE ( 'NONE', #10051, #31 );
#4509=FACE_OUTER_BOUND ( 'NONE', #20, .T. );
#4510=DIRECTION ( 'NONE',  ( -0.4651306830475762100, 0.1046847845178554559, 0.8790304565702744544 ) );
#4511=VERTEX_POINT ( 'NONE', #4097 );
#4512=EDGE_CURVE ( 'NONE', #6813, #5951, #4964, .T. );
#4513=ADVANCED_FACE ( 'NONE', ( #4882 ), #6870, .T. );
#4514=ORIENTED_EDGE ( 'NONE', *, *, #1351, .T. );
#4515=CARTESIAN_POINT ( 'NONE',  ( 0.1023622047244094474, -0.08759842519685039075, -0.06988188976377952832 ) );
#4516=ORIENTED_EDGE ( 'NONE', *, *, #11036, .T. );
#4517=EDGE_LOOP ( 'NONE', ( #9331, #4916, #951, #10038 ) );
#4518=CARTESIAN_POINT ( 'NONE',  ( 0.06134533529206043917, -0.03009481290079921503, -0.5085487218122094477 ) );
#4519=LINE ( 'NONE', #9158, #728 );
#4520=LINE ( 'NONE', #627, #58 );
#4521=CARTESIAN_POINT ( 'NONE',  ( 0.06115793522519685083, -0.03375231794192126017, -0.4115879259212598118 ) );
#4522=EDGE_CURVE ( 'NONE', #170, #9289, #5759, .T. );
#4523=CARTESIAN_POINT ( 'NONE',  ( 0.1771653543307086520, -0.1023622047244094474, -0.4822834645669291653 ) );
#4524=ORIENTED_EDGE ( 'NONE', *, *, #11107, .F. );
#4525=CARTESIAN_POINT ( 'NONE',  ( 0.09448818897637795144, 0.06003937007874016185, -0.1515748031496063075 ) );
#4526=ORIENTED_EDGE ( 'NONE', *, *, #6040, .F. );
#4527=CARTESIAN_POINT ( 'NONE',  ( -0.1043770859549212754, -0.08070866141732284393, -0.2551181102362204411 ) );
#4528=ORIENTED_EDGE ( 'NONE', *, *, #8465, .F. );
#4529=DIRECTION ( 'NONE',  ( 0.4226182617219129134, 0.9063077870454102625, 0.000000000000000000 ) );
#4530=CIRCLE ( 'NONE', #10981, 0.01181102362204724046 );
#4531=ORIENTED_EDGE ( 'NONE', *, *, #10695, .F. );
#4532=PLANE ( 'NONE',  #1141 );
#4533=LINE ( 'NONE', #3635, #58 );
#4534=ADVANCED_FACE ( 'NONE', ( #8557 ), #11091, .T. );
#4535=ORIENTED_EDGE ( 'NONE', *, *, #4105, .F. );
#4536=ORIENTED_EDGE ( 'NONE', *, *, #6592, .T. );
#4537=CARTESIAN_POINT ( 'NONE',  ( 0.03838582677165354451, -0.07677165354330708902, -0.5649606299212598381 ) );
#4538=CARTESIAN_POINT ( 'NONE',  ( -0.1024288067863614177, 0.08761955493812245699, -0.1772582987820535416 ) );
#4539=CYLINDRICAL_SURFACE ( 'NONE', #3503, 0.01181102362204724046 );
#4540=AXIS2_PLACEMENT_3D ( 'NONE', #6581, #47, #8319 );
#4541=LINE ( 'NONE', #8124, #853 );
#4542=EDGE_CURVE ( 'NONE', #8409, #1497, #6080, .T. );
#4543=CARTESIAN_POINT ( 'NONE',  ( 0.07090762171950000525, -0.03336349163058470457, -0.4124260297786077056 ) );
#4544=ORIENTED_EDGE ( 'NONE', *, *, #1177, .T. );
#4545=ORIENTED_EDGE ( 'NONE', *, *, #11141, .F. );
#4546=ORIENTED_EDGE ( 'NONE', *, *, #6668, .F. );
#4547=CYLINDRICAL_SURFACE ( 'NONE', #3109, 0.01181102362204730985 );
#4548=CARTESIAN_POINT ( 'NONE',  ( 0.09936263383322835319, 0.08538969712157480629, -0.04920934106157479754 ) );
#4549=LINE ( 'NONE', #8305, #11 );
#4550=VERTEX_POINT ( 'NONE', #10288 );
#4551=VERTEX_POINT ( 'NONE', #294 );
#4552=CARTESIAN_POINT ( 'NONE',  ( -0.08366141732283464971, 0.08858267716535432601, -0.1437007874015747977 ) );
#4553=EDGE_CURVE ( 'NONE', #4010, #2615, #2498, .T. );
#4554=CARTESIAN_POINT ( 'NONE',  ( 0.08267716535433070058, -0.001476377952736228306, -0.5492125984251968740 ) );
#4555=DIRECTION ( 'NONE',  ( 1.040604023176628173E-26, 1.000000000000000000, 8.673617380300369634E-16 ) );
#4556=ORIENTED_EDGE ( 'NONE', *, *, #10050, .F. );
#4557=ORIENTED_EDGE ( 'NONE', *, *, #5443, .F. );
#4558=VERTEX_POINT ( 'NONE', #226 );
#4559=AXIS2_PLACEMENT_3D ( 'NONE', #5275, #16, #47 );
#4560=CARTESIAN_POINT ( 'NONE',  ( 0.04133858713190275563, 0.01574808420360311254, -0.5026040808849835395 ) );
#4561=CARTESIAN_POINT ( 'NONE',  ( 0.09568786215551179641, 0.08793254421192914227, -0.09031603506665353276 ) );
#4562=LINE ( 'NONE', #1634, #31 );
#4563=CARTESIAN_POINT ( 'NONE',  ( -0.07132464388484595352, 0.01491394429467238561, -0.2062809095000455173 ) );
#4564=ADVANCED_FACE ( 'NONE', ( #3178 ), #2259, .T. );
#4565=LINE ( 'NONE', #1816, #24 );
#4566=AXIS2_PLACEMENT_3D ( 'NONE', #159, #3773, #6572 );
#4567=PLANE ( 'NONE',  #5330 );
#4568=VERTEX_POINT ( 'NONE', #9220 );
#4569=EDGE_CURVE ( 'NONE', #8344, #2592, #2830, .T. );
#4570=ADVANCED_FACE ( 'NONE', ( #7745 ), #9437, .F. );
#4571=VERTEX_POINT ( 'NONE', #7635 );
#4572=CARTESIAN_POINT ( 'NONE',  ( 0.05162723423877903228, 0.02419905266269264943, -0.5011235811843365306 ) );
#4573=CARTESIAN_POINT ( 'NONE',  ( 0.08460821069755808388, -0.0008694553946482422432, -0.04921259842519685318 ) );
#4574=ORIENTED_EDGE ( 'NONE', *, *, #3440, .F. );
#4575=ORIENTED_EDGE ( 'NONE', *, *, #4281, .F. );
#4576=CIRCLE ( 'NONE', #2481, 0.005905511811023517882 );
#4577=LINE ( 'NONE', #8100, #188 );
#4578=CARTESIAN_POINT ( 'NONE',  ( 0.05156170998025930846, -0.02438178567282513892, -0.4993286209719400848 ) );
#4579=CARTESIAN_POINT ( 'NONE',  ( 0.1033945347443307183, -0.04282590997566929070, -0.08566567315169291985 ) );
#4580=ADVANCED_FACE ( 'NONE', ( #358 ), #8469, .F. );
#4581=ADVANCED_FACE ( 'NONE', ( #794 ), #5492, .F. );
#4582=FACE_OUTER_BOUND ( 'NONE', #5627, .T. );
#4583=CARTESIAN_POINT ( 'NONE',  ( 0.05846187795263779047, -0.03263599145176771660, -0.4209819200996062771 ) );
#4584=CIRCLE ( 'NONE', #7038, 0.009842519685039369942 );
#4585=CARTESIAN_POINT ( 'NONE',  ( -0.03949908998712054614, 0.07257798048607441710, -0.2086614173228637792 ) );
#4586=EDGE_LOOP ( 'NONE', ( #5703, #2976, #2449, #5531 ) );
#4587=CARTESIAN_POINT ( 'NONE',  ( -0.08267716535433070058, 0.009842519685039369942, -0.4921259842519685179 ) );
#4588=ORIENTED_EDGE ( 'NONE', *, *, #3057, .F. );
#4589=CARTESIAN_POINT ( 'NONE',  ( -0.1023622047244094474, 0.04488188976377952694, -0.2480314960629921017 ) );
#4590=ORIENTED_EDGE ( 'NONE', *, *, #4308, .F. );
#4591=ORIENTED_EDGE ( 'NONE', *, *, #7885, .F. );
#4592=CARTESIAN_POINT ( 'NONE',  ( -0.02492828579240321391, -0.1299539998025988630, -0.3582797244677046189 ) );
#4593=CARTESIAN_POINT ( 'NONE',  ( -0.08661417322834646937, 0.09842519685039370636, -0.1437007874015747977 ) );
#4594=ORIENTED_EDGE ( 'NONE', *, *, #8595, .T. );
#4595=ORIENTED_EDGE ( 'NONE', *, *, #1409, .F. );
#4596=CARTESIAN_POINT ( 'NONE',  ( -0.1023625313157086603, 0.08637422793136181887, -0.1772042246094387985 ) );
#4597=CARTESIAN_POINT ( 'NONE',  ( 0.09251259854985255382, -0.04293365977152047153, -0.05410919582531433653 ) );
#4598=CARTESIAN_POINT ( 'NONE',  ( 0.07182277588457905426, -0.03303514889142498967, -0.4172841992991608295 ) );
#4599=ORIENTED_EDGE ( 'NONE', *, *, #1454, .F. );
#4600=AXIS2_PLACEMENT_3D ( 'NONE', #10338, #7040, #413 );
#4601=CARTESIAN_POINT ( 'NONE',  ( -0.03533946142665775336, 0.08149833272068819634, -0.1870078740157078701 ) );
#4602=ORIENTED_EDGE ( 'NONE', *, *, #5163, .T. );
#4603=ORIENTED_EDGE ( 'NONE', *, *, #11558, .T. );
#4604=CARTESIAN_POINT ( 'NONE',  ( 0.09251968503937008093, 0.06692913385826770867, -0.1259842519685039353 ) );
#4605=CARTESIAN_POINT ( 'NONE',  ( 0.09058616041834645360, 0.09152604043397637168, -0.05493492148488189619 ) );
#4606=ORIENTED_EDGE ( 'NONE', *, *, #11379, .F. );
#4607=ORIENTED_EDGE ( 'NONE', *, *, #5943, .F. );
#4608=EDGE_CURVE ( 'NONE', #871, #7167, #2180, .T. );
#4609=CARTESIAN_POINT ( 'NONE',  ( 0.08267716535433070058, 0.04724409448818897572, -0.2106299212598425619 ) );
#4610=DIRECTION ( 'NONE',  ( 0.4226182617403999586, -0.9063077870367896027, 0.000000000000000000 ) );
#4611=AXIS2_PLACEMENT_3D ( 'NONE', #3378, #166, #73 );
#4612=CIRCLE ( 'NONE', #10675, 0.01181102362204724046 );
#4613=CARTESIAN_POINT ( 'NONE',  ( 0.02950530667953871200, -0.1240157480314960647, -0.1389414088724412466 ) );
#4614=CARTESIAN_POINT ( 'NONE',  ( 0.09448818897637795144, 0.07185039370078308285, -0.4074803149606299191 ) );
#4615=DIRECTION ( 'NONE',  ( 0.1134271823786126149, -0.1046847845189289999, 0.9880158754736051430 ) );
#4616=ORIENTED_EDGE ( 'NONE', *, *, #8074, .F. );
#4617=ORIENTED_EDGE ( 'NONE', *, *, #67, .T. );
#4618=VERTEX_POINT ( 'NONE', #4928 );
#4619=CIRCLE ( 'NONE', #6346, 0.009842519685039369942 );
#4620=CIRCLE ( 'NONE', #8551, 0.009842519685039378616 );
#4621=EDGE_CURVE ( 'NONE', #5200, #4571, #89, .T. );
#4622=LINE ( 'NONE', #2871, #31 );
#4623=CARTESIAN_POINT ( 'NONE',  ( 0.1024619445372541293, 0.08637220819863256072, -0.09051231083071722971 ) );
#4624=B_SPLINE_SURFACE_WITH_KNOTS ( 'NONE', 3, 3, (( #8003, #5526, #5422, #1653 ),( #7164, #4521, #9014, #1773 ),( #8106, #10684, #5358, #9847 ),( #8161, #2586, #2648, #3624 ),( #6299, #880, #1717, #7279 ),( #692, #5584, #7224, #10746 ),( #9899, #6239, #6360, #10630 ),( #4468, #7333, #8055, #11504 ),( #2711, #10804, #3558, #813 ),( #4583, #8219, #6423, #1829 ) ),.UNSPECIFIED., .F., .F., .F.,( 4, 1, 1, 1, 1, 1, 1, 4 ),( 4, 4 ),( -0.02902757922575999877, 0.000000000000000000, 0.0002873876311505999957, 0.03745134964644000058, 0.9625387859702000393, 0.9998136441056999502, 1.000000000000000000, 1.029044939447000040 ),( -0.03467783304389999988, 1.034677823535999908 ),.UNSPECIFIED. );
#4625=ORIENTED_EDGE ( 'NONE', *, *, #9561, .T. );
#4626=EDGE_CURVE ( 'NONE', #1661, #3242, #1183, .T. );
#4627=LINE ( 'NONE', #7323, #3430 );
#4628=ORIENTED_EDGE ( 'NONE', *, *, #7643, .F. );
#4629=VERTEX_POINT ( 'NONE', #5856 );
#4630=CARTESIAN_POINT ( 'NONE',  ( 0.06921758502393439427, 0.03213584787342521620, -0.06968503936946256194 ) );
#4631=EDGE_CURVE ( 'NONE', #10208, #5768, #10909, .T. );
#4632=CARTESIAN_POINT ( 'NONE',  ( 0.09551881823838581642, 0.07185039370078739884, -0.1585039370078740184 ) );
#4633=ORIENTED_EDGE ( 'NONE', *, *, #1851, .F. );
#4634=ORIENTED_EDGE ( 'NONE', *, *, #9573, .T. );
#4635=AXIS2_PLACEMENT_3D ( 'NONE', #3150, #277, #54 );
#4636=CARTESIAN_POINT ( 'NONE',  ( 0.08070866141732284393, 0.09842519685039370636, -0.4586614173228346636 ) );
#4637=B_SPLINE_CURVE_WITH_KNOTS ( 'NONE', 3,( #3314, #7050, #4459, #11497, #3549, #9501, #5127 ),.UNSPECIFIED., .F., .F.,( 4, 3, 4 ),( 0.000000000000000000, 1.895954782346313968E-05, 3.803196102035564277E-05 ),.UNSPECIFIED. );
#4638=CARTESIAN_POINT ( 'NONE',  ( 0.1032941222771259770, -0.04128043084952756625, -0.08563732206492126464 ) );
#4639=ADVANCED_FACE ( 'NONE', ( #1048 ), #9425, .T. );
#4640=EDGE_CURVE ( 'NONE', #887, #11560, #1620, .T. );
#4641=ORIENTED_EDGE ( 'NONE', *, *, #4022, .T. );
#4642=CARTESIAN_POINT ( 'NONE',  ( -0.1023622047244094474, 0.06692913385826770867, -0.2539370078740157410 ) );
#4643=ORIENTED_EDGE ( 'NONE', *, *, #7400, .F. );
#4644=EDGE_CURVE ( 'NONE', #6458, #7590, #6276, .T. );
#4645=CARTESIAN_POINT ( 'NONE',  ( 0.1023622047244094474, 0.06692913385826770867, -0.01476377952755905665 ) );
#4646=ORIENTED_EDGE ( 'NONE', *, *, #9412, .T. );
#4647=CARTESIAN_POINT ( 'NONE',  ( -0.09251968503937008093, -0.0004921259865157369883, -0.1437007874015747977 ) );
#4648=ORIENTED_EDGE ( 'NONE', *, *, #5203, .T. );
#4649=AXIS2_PLACEMENT_3D ( 'NONE', #4277, #7, #47 );
#4650=LINE ( 'NONE', #8233, #293 );
#4651=ORIENTED_EDGE ( 'NONE', *, *, #5018, .F. );
#4652=ORIENTED_EDGE ( 'NONE', *, *, #1983, .F. );
#4653=CARTESIAN_POINT ( 'NONE',  ( 0.03740157480314960925, 0.07972440944881889480, -0.5078740157480314821 ) );
#4654=CARTESIAN_POINT ( 'NONE',  ( -0.09242121071783583608, 0.08677246196242244247, -0.1772582987811323063 ) );
#4655=CARTESIAN_POINT ( 'NONE',  ( 0.05711690263066929174, 0.03376262261774803236, -0.4138425880641732335 ) );
#4656=CARTESIAN_POINT ( 'NONE',  ( -0.04841944222176583490, 0.07673760904646910463, -0.1870078740159452635 ) );
#4657=AXIS2_PLACEMENT_3D ( 'NONE', #282, #166, #73 );
#4658=CARTESIAN_POINT ( 'NONE',  ( 0.09448818897637795144, -0.07185039370078739884, -0.4940944881889763884 ) );
#4659=ORIENTED_EDGE ( 'NONE', *, *, #8229, .F. );
#4660=AXIS2_PLACEMENT_3D ( 'NONE', #10414, #11338, #8051 );
#4661=ADVANCED_FACE ( 'NONE', ( #211 ), #4810, .T. );
#4662=CARTESIAN_POINT ( 'NONE',  ( 0.05120762430348733962, 0.02396148758099013107, -0.5040964191934020899 ) );
#4663=ADVANCED_FACE ( 'NONE', ( #7676 ), #3898, .T. );
#4664=ORIENTED_EDGE ( 'NONE', *, *, #4765, .T. );
#4665=CARTESIAN_POINT ( 'NONE',  ( 0.1023622047244094474, 0.04094488188976377896, -0.01574803149606299191 ) );
#4666=EDGE_LOOP ( 'NONE', ( #744, #6711, #9589, #4083, #3154, #2390 ) );
#4667=AXIS2_PLACEMENT_3D ( 'NONE', #5416, #1278, #47 );
#4668=CARTESIAN_POINT ( 'NONE',  ( -0.06921758502393070278, 0.03213584787343060772, -0.1980314960628611343 ) );
#4669=CARTESIAN_POINT ( 'NONE',  ( -0.1023622047244094474, 0.04094488188976377896, -0.2519685039370078705 ) );
#4670=CARTESIAN_POINT ( 'NONE',  ( -0.1032594457038976538, -0.04095953081700787896, -0.1820620166056299283 ) );
#4671=ORIENTED_EDGE ( 'NONE', *, *, #416, .T. );
#4672=ORIENTED_EDGE ( 'NONE', *, *, #6874, .T. );
#4673=FACE_OUTER_BOUND ( 'NONE', #8924, .T. );
#4674=CARTESIAN_POINT ( 'NONE',  ( -0.1023622047246559724, 0.08994322204691458655, -0.2183093902252556118 ) );
#4675=LINE ( 'NONE', #8254, #11 );
#4676=ADVANCED_FACE ( 'NONE', ( #5680 ), #2242, .T. );
#4677=ORIENTED_EDGE ( 'NONE', *, *, #6218, .F. );
#4678=ORIENTED_EDGE ( 'NONE', *, *, #4631, .F. );
#4679=EDGE_CURVE ( 'NONE', #5881, #7458, #3102, .T. );
#4680=ORIENTED_EDGE ( 'NONE', *, *, #112, .T. );
#4681=AXIS2_PLACEMENT_3D ( 'NONE', #7951, #16, #54 );
#4682=EDGE_LOOP ( 'NONE', ( #2599, #9448, #5145, #6331 ) );
#4683=( BOUNDED_CURVE ( )  B_SPLINE_CURVE ( 3, ( #260, #5898, #10314, #3298 ),.UNSPECIFIED., .F., .F. )B_SPLINE_CURVE_WITH_KNOTS ( ( 4, 4 ),( 4.612221275195160786, 4.712388980517851600 ),.UNSPECIFIED. )CURVE ( )  GEOMETRIC_REPRESENTATION_ITEM ( )  RATIONAL_B_SPLINE_CURVE ( ( 1.000000000000000000, 0.9991640439982500954, 0.9991640439982500954, 1.000000000000000000 ) )REPRESENTATION_ITEM ( '' )  );
#4684=CARTESIAN_POINT ( 'NONE',  ( 0.09908156690826772084, 0.08733622833129922602, -0.09045823662149606037 ) );
#4685=CIRCLE ( 'NONE', #5440, 0.007874015748031482076 );
#4686=( LENGTH_UNIT ( ) NAMED_UNIT ( * ) SI_UNIT ( $, .METRE. ) );
#4687=ORIENTED_EDGE ( 'NONE', *, *, #9673, .T. );
#4688=ADVANCED_FACE ( 'NONE', ( #10161 ), #1241, .F. );
#4689=CIRCLE ( 'NONE', #8617, 0.009842519685039378616 );
#4690=CARTESIAN_POINT ( 'NONE',  ( 0.09251968503937008093, -0.0004921259865157283147, -0.09055118013484252104 ) );
#4691=CARTESIAN_POINT ( 'NONE',  ( -9.040207670871201789E-18, -0.09842519685039370636, 0.000000000000000000 ) );
#4692=ORIENTED_EDGE ( 'NONE', *, *, #11027, .T. );
#4693=CARTESIAN_POINT ( 'NONE',  ( 0.09942217767799213513, -0.04363495115940945607, -0.05397727081086614587 ) );
#4694=ADVANCED_FACE ( 'NONE', ( #6748, #2124 ), #10222, .T. );
#4695=ORIENTED_EDGE ( 'NONE', *, *, #6246, .F. );
#4696=LINE ( 'NONE', #2943, #11620 );
#4697=VERTEX_POINT ( 'NONE', #3834 );
#4698=LINE ( 'NONE', #2018, #31 );
#4699=EDGE_CURVE ( 'NONE', #6525, #11516, #9211, .T. );
#4700=CARTESIAN_POINT ( 'NONE',  ( 0.03661500257195476199, 3.778714566905668994E-08, -0.3728712768025432833 ) );
#4701=CARTESIAN_POINT ( 'NONE',  ( 0.08858267716535432601, -0.05511811023622047168, -0.3759842519685039353 ) );
#4702=CARTESIAN_POINT ( 'NONE',  ( 0.07967803215531496508, 0.07278826837578740439, -0.3996062992125983815 ) );
#4703=ADVANCED_FACE ( 'NONE', ( #1307 ), #5048, .F. );
#4704=CARTESIAN_POINT ( 'NONE',  ( -0.09744094488188977110, 0.03307086614173228301, -0.2519685039370078705 ) );
#4705=VERTEX_POINT ( 'NONE', #3292 );
#4706=ADVANCED_FACE ( 'NONE', ( #4322 ), #4375, .T. );
#4707=EDGE_LOOP ( 'NONE', ( #3153, #1725, #1479, #9151, #5278, #7502, #10271, #2652 ) );
#4708=DIRECTION ( 'NONE',  ( 6.360652745248294783E-14, 0.000000000000000000, 1.000000000000000000 ) );
#4709=ORIENTED_EDGE ( 'NONE', *, *, #6889, .T. );
#4710=CARTESIAN_POINT ( 'NONE',  ( 0.07606379205058681758, 0.000000000000000000, -0.3196804927469243940 ) );
#4711=ORIENTED_EDGE ( 'NONE', *, *, #1095, .F. );
#4712=CARTESIAN_POINT ( 'NONE',  ( 0.1008755064922376293, 0.09316851878998812231, -0.08991439194678511881 ) );
#4713=VERTEX_POINT ( 'NONE', #8656 );
#4714=CARTESIAN_POINT ( 'NONE',  ( -0.09908156742200788236, 0.08661417319129922909, -0.1772146905781495918 ) );
#4715=EDGE_CURVE ( 'NONE', #3101, #3012, #4576, .T. );
#4716=CARTESIAN_POINT ( 'NONE',  ( 0.06516457586153544257, 0.03375231824076772164, -0.4092747031350393860 ) );
#4717=LINE ( 'NONE', #3757, #293 );
#4718=AXIS2_PLACEMENT_3D ( 'NONE', #3113, #54, #7 );
#4719=ADVANCED_FACE ( 'NONE', ( #345 ), #11312, .F. );
#4720=CARTESIAN_POINT ( 'NONE',  ( -0.05430466209628695418, 0.02518183770682037859, -0.1852534358862323871 ) );
#4721=ORIENTED_EDGE ( 'NONE', *, *, #9999, .T. );
#4722=LINE ( 'NONE', #10710, #11 );
#4723=VERTEX_POINT ( 'NONE', #7727 );
#4724=CARTESIAN_POINT ( 'NONE',  ( -0.06053149606299410013, 0.07086614173228346358, -0.1683070866141732347 ) );
#4725=EDGE_LOOP ( 'NONE', ( #8393, #1103, #9572, #6240 ) );
#4726=FACE_OUTER_BOUND ( 'NONE', #7733, .T. );
#4727=CARTESIAN_POINT ( 'NONE',  ( 0.09815894455224409565, 0.09707331319173227724, -0.05106003620393701620 ) );
#4728=CARTESIAN_POINT ( 'NONE',  ( -0.09940639099377954202, -0.04239448342035433831, -0.1820918687185039408 ) );
#4729=ORIENTED_EDGE ( 'NONE', *, *, #9734, .T. );
#4730=VERTEX_POINT ( 'NONE', #3752 );
#4731=LINE ( 'NONE', #1688, #33 );
#4732=AXIS2_PLACEMENT_3D ( 'NONE', #6173, #47, #5513 );
#4733=ADVANCED_FACE ( 'NONE', ( #11195 ), #3515, .F. );
#4734=EDGE_CURVE ( 'NONE', #501, #9870, #5102, .T. );
#4735=CARTESIAN_POINT ( 'NONE',  ( 0.1785629921259842545, -0.1023622047244094474, -0.07377252034429133964 ) );
#4736=LINE ( 'NONE', #7426, #728 );
#4737=CARTESIAN_POINT ( 'NONE',  ( 0.04611523242283464136, 0.03914548835570866303, -0.3626899448906299450 ) );
#4738=ORIENTED_EDGE ( 'NONE', *, *, #4341, .T. );
#4739=ORIENTED_EDGE ( 'NONE', *, *, #954, .T. );
#4740=VERTEX_POINT ( 'NONE', #8772 );
#4741=CIRCLE ( 'NONE', #1817, 0.008249413437098538499 );
#4742=ORIENTED_EDGE ( 'NONE', *, *, #10423, .T. );
#4743=CARTESIAN_POINT ( 'NONE',  ( -0.1023622047244094474, 0.08661417321862205365, -0.1978346456692913480 ) );
#4744=CARTESIAN_POINT ( 'NONE',  ( 0.1024288067967389776, 0.08637288138585581809, -0.09051231083071771544 ) );
#4745=FACE_OUTER_BOUND ( 'NONE', #8602, .T. );
#4746=ORIENTED_EDGE ( 'NONE', *, *, #1022, .T. );
#4747=ORIENTED_EDGE ( 'NONE', *, *, #4522, .F. );
#4748=CARTESIAN_POINT ( 'NONE',  ( 0.07578740157480315376, 0.02460629921259842659, -0.09940944881889764162 ) );
#4749=EDGE_CURVE ( 'NONE', #3404, #1599, #11396, .T. );
#4750=CARTESIAN_POINT ( 'NONE',  ( 0.06952630164519685296, 0.04094488188976377896, -0.3097899065724015744 ) );
#4751=FACE_OUTER_BOUND ( 'NONE', #498, .T. );
#4752=CARTESIAN_POINT ( 'NONE',  ( 0.09448818897637795144, -0.01795506823609055447, -0.5374015748031496509 ) );
#4753=VERTEX_POINT ( 'NONE', #3346 );
#4754=CARTESIAN_POINT ( 'NONE',  ( 0.09537471956429134645, -0.04186127186877952600, -0.05410939446641732653 ) );
#4755=CIRCLE ( 'NONE', #8123, 0.009842519684762299909 );
#4756=ORIENTED_EDGE ( 'NONE', *, *, #2193, .T. );
#4757=CARTESIAN_POINT ( 'NONE',  ( 0.08267716535433070058, 0.02951782909912567185, -0.5398104833162110650 ) );
#4758=FACE_OUTER_BOUND ( 'NONE', #2330, .T. );
#4759=EDGE_LOOP ( 'NONE', ( #450, #5501, #5391, #3821 ) );
#4760=CARTESIAN_POINT ( 'NONE',  ( 0.03838582677165354451, 0.05511811023622047168, -0.4488188976377953110 ) );
#4761=EDGE_CURVE ( 'NONE', #3404, #3020, #7962, .T. );
#4762=CARTESIAN_POINT ( 'NONE',  ( 0.09936403486759842751, -0.04187814160185039658, -0.08563108492019685936 ) );
#4763=CIRCLE ( 'NONE', #7939, 0.004921259842519689308 );
#4764=LINE ( 'NONE', #3794, #33 );
#4765=EDGE_CURVE ( 'NONE', #529, #1168, #4197, .T. );
#4766=LINE ( 'NONE', #5697, #31 );
#4767=ORIENTED_EDGE ( 'NONE', *, *, #8889, .F. );
#4768=VECTOR ( 'NONE', #3062, 39.37007874015748143 );
#4769=CARTESIAN_POINT ( 'NONE',  ( 0.1033464566929133965, 0.09842519685039370636, -0.01377952755905511792 ) );
#4770=ORIENTED_EDGE ( 'NONE', *, *, #4699, .T. );
#4771=LINE ( 'NONE', #1835, #33 );
#4772=VERTEX_POINT ( 'NONE', #1560 );
#4773=DIRECTION ( 'NONE',  ( 0.000000000000000000, 0.2039542541120390740, -0.9789804197375970851 ) );
#4774=ORIENTED_EDGE ( 'NONE', *, *, #182, .F. );
#4775=EDGE_CURVE ( 'NONE', #5880, #11407, #10386, .T. );
#4776=CARTESIAN_POINT ( 'NONE',  ( 0.08858267716535432601, -0.01795506823609055447, -0.5492125984251968740 ) );
#4777=LINE ( 'NONE', #5780, #7858 );
#4778=CARTESIAN_POINT ( 'NONE',  ( 0.05635844135571744379, 0.04022872094056706427, -0.06330046795764927847 ) );
#4779=EDGE_LOOP ( 'NONE', ( #11621, #2801, #9863, #6042 ) );
#4780=EDGE_CURVE ( 'NONE', #790, #8487, #6471, .T. );
#4781=CARTESIAN_POINT ( 'NONE',  ( 0.09153543307086613179, 0.08661417322834646937, -0.09940944881889764162 ) );
#4782=AXIS2_PLACEMENT_3D ( 'NONE', #7119, #1169, #4855 );
#4783=VECTOR ( 'NONE', #5673, 39.37007874015748143 );
#4784=CARTESIAN_POINT ( 'NONE',  ( -0.04133858267716535029, 0.09842519685039370636, -0.2273622047244094335 ) );
#4785=CARTESIAN_POINT ( 'NONE',  ( 0.05019685039370079538, -0.05511811023622047168, -0.4488188976377953110 ) );
#4786=LINE ( 'NONE', #1918, #11 );
#4787=ORIENTED_EDGE ( 'NONE', *, *, #1641, .F. );
#4788=CARTESIAN_POINT ( 'NONE',  ( 0.03740157480313949234, 0.07677165354330708902, -0.5682250243999708017 ) );
#4789=ORIENTED_EDGE ( 'NONE', *, *, #10255, .T. );
#4790=VERTEX_POINT ( 'NONE', #10441 );
#4791=AXIS2_PLACEMENT_3D ( 'NONE', #1327, #73, #54 );
#4792=AXIS2_PLACEMENT_3D ( 'NONE', #11305, #47, #2359 );
#4793=ADVANCED_FACE ( 'NONE', ( #2425 ), #6092, .T. );
#4794=CARTESIAN_POINT ( 'NONE',  ( 0.04132750049012996058, -0.01836462980817449298, -0.4984672321918364180 ) );
#4795=ORIENTED_EDGE ( 'NONE', *, *, #3479, .T. );
#4796=ORIENTED_EDGE ( 'NONE', *, *, #11001, .T. );
#4797=CARTESIAN_POINT ( 'NONE',  ( -0.07775590551181103816, -0.07677165354330708902, -0.5826771653543307838 ) );
#4798=DIRECTION ( 'NONE',  ( -2.400072315285844877E-11, 1.000000000000000000, 0.000000000000000000 ) );
#4799=EDGE_CURVE ( 'NONE', #10694, #3750, #844, .T. );
#4800=EDGE_CURVE ( 'NONE', #9544, #10045, #7353, .T. );
#4801=DIRECTION ( 'NONE',  ( -0.03881571381764217094, 1.386323066302325827E-14, -0.9992463862135440023 ) );
#4802=LINE ( 'NONE', #5736, #293 );
#4803=EDGE_LOOP ( 'NONE', ( #2829, #310, #6974, #1076 ) );
#4804=ORIENTED_EDGE ( 'NONE', *, *, #7229, .F. );
#4805=VERTEX_POINT ( 'NONE', #5444 );
#4806=ORIENTED_EDGE ( 'NONE', *, *, #6805, .T. );
#4807=EDGE_CURVE ( 'NONE', #8859, #2764, #10645, .T. );
#4808=CARTESIAN_POINT ( 'NONE',  ( 0.06645899721140870187, 0.01264505598899354905, -0.06968503937007883287 ) );
#4809=EDGE_CURVE ( 'NONE', #1547, #9385, #10594, .T. );
#4810=PLANE ( 'NONE',  #1034 );
#4811=DIRECTION ( 'NONE',  ( -0.9063077870366583744, -0.4226182617406814557, -6.123082840202200112E-17 ) );
#4812=ORIENTED_EDGE ( 'NONE', *, *, #6750, .T. );
#4813=ORIENTED_EDGE ( 'NONE', *, *, #2501, .T. );
#4814=CARTESIAN_POINT ( 'NONE',  ( 0.07310850706104586594, 0.000000000000000000, -0.3025281951574390060 ) );
#4815=PLANE ( 'NONE',  #402 );
#4816=CARTESIAN_POINT ( 'NONE',  ( 0.1023622047244094474, -0.004921259842519684971, -0.09547244094488190058 ) );
#4817=VECTOR ( 'NONE', #2329, 39.37007874015748143 );
#4818=CARTESIAN_POINT ( 'NONE',  ( 0.09934511398732283338, -0.04166984484783464726, -0.05412641142984252196 ) );
#4819=VERTEX_POINT ( 'NONE', #8878 );
#4820=CARTESIAN_POINT ( 'NONE',  ( 0.08267716535433070058, -0.06003937007874016185, -0.1515748031496063075 ) );
#4821=ADVANCED_FACE ( 'NONE', ( #6506 ), #3765, .T. );
#4822=ADVANCED_FACE ( 'NONE', ( #7186 ), #10772, .F. );
#4823=ORIENTED_EDGE ( 'NONE', *, *, #8255, .T. );
#4824=CARTESIAN_POINT ( 'NONE',  ( 0.09448818897637795144, -0.07185039370078739884, -0.1633858267716535584 ) );
#4825=CARTESIAN_POINT ( 'NONE',  ( 0.09448818897637795144, 0.05511811023622047168, -0.2185039370078740439 ) );
#4826=AXIS2_PLACEMENT_3D ( 'NONE', #3329, #47, #98 );
#4827=CARTESIAN_POINT ( 'NONE',  ( -0.09061447822964566190, 0.09549891815905510450, -0.2127816144816929156 ) );
#4828=AXIS2_PLACEMENT_3D ( 'NONE', #10186, #16, #47 );
#4829=CARTESIAN_POINT ( 'NONE',  ( -0.07775590551181103816, -0.07677165354330708902, -0.5649606299212598381 ) );
#4830=FACE_OUTER_BOUND ( 'NONE', #11294, .T. );
#4831=ORIENTED_EDGE ( 'NONE', *, *, #3936, .T. );
#4832=CARTESIAN_POINT ( 'NONE',  ( 0.04197615822706313171, 0.01763538587100276986, -0.4988944134056410573 ) );
#4833=ORIENTED_EDGE ( 'NONE', *, *, #1352, .F. );
#4834=CARTESIAN_POINT ( 'NONE',  ( 0.09251968503937008093, -0.04232283464566929249, -0.04429133858267716300 ) );
#4835=ORIENTED_EDGE ( 'NONE', *, *, #1050, .T. );
#4836=CARTESIAN_POINT ( 'NONE',  ( -0.1771653543307086520, -0.1023622047244094474, -0.1633858267716535584 ) );
#4837=EDGE_CURVE ( 'NONE', #8965, #82, #6446, .T. );
#4838=ORIENTED_EDGE ( 'NONE', *, *, #2319, .F. );
#4839=LINE ( 'NONE', #9237, #293 );
#4840=LINE ( 'NONE', #8406, #2320 );
#4841=CARTESIAN_POINT ( 'NONE',  ( 0.05730957641820866311, -0.03937007874015747977, -0.3194904622879528033 ) );
#4842=ORIENTED_EDGE ( 'NONE', *, *, #4354, .F. );
#4843=CIRCLE ( 'NONE', #9283, 0.01181102362204724046 );
#4844=CARTESIAN_POINT ( 'NONE',  ( 0.1023622047244094474, 0.08562992125982282765, -0.09055118110236221041 ) );
#4845=LINE ( 'NONE', #11113, #188 );
#4846=EDGE_CURVE ( 'NONE', #9731, #7994, #9977, .T. );
#4847=ADVANCED_FACE ( 'NONE', ( #2797 ), #9810, .F. );
#4848=ORIENTED_EDGE ( 'NONE', *, *, #6223, .T. );
#4849=LINE ( 'NONE', #1027, #33 );
#4850=ORIENTED_EDGE ( 'NONE', *, *, #8864, .F. );
#4851=CARTESIAN_POINT ( 'NONE',  ( -0.1053149606299212532, -0.09842519685039370636, -0.03740157480314960925 ) );
#4852=ADVANCED_FACE ( 'NONE', ( #2677 ), #4435, .F. );
#4853=ORIENTED_EDGE ( 'NONE', *, *, #6669, .F. );
#4854=AXIS2_PLACEMENT_3D ( 'NONE', #2961, #73, #98 );
#4855=DIRECTION ( 'NONE',  ( 0.4226182617219129134, 0.9063077870454102625, 2.866804016479973213E-11 ) );
#4856=CARTESIAN_POINT ( 'NONE',  ( 0.09159941876255280058, 0.08831818610644230627, -0.05132776268091313737 ) );
#4857=PLANE ( 'NONE',  #8355 );
#4858=ORIENTED_EDGE ( 'NONE', *, *, #5172, .T. );
#4859=ORIENTED_EDGE ( 'NONE', *, *, #9489, .F. );
#4860=CARTESIAN_POINT ( 'NONE',  ( -0.1032759716324015697, -0.04110673572204723986, -0.2135982962050787526 ) );
#4861=AXIS2_PLACEMENT_3D ( 'NONE', #9736, #54, #7 );
#4862=ADVANCED_FACE ( 'NONE', ( #5549 ), #11469, .T. );
#4863=CARTESIAN_POINT ( 'NONE',  ( 0.04566537304858268170, 0.03947603899216535484, -0.3601076373814173781 ) );
#4864=VERTEX_POINT ( 'NONE', #656 );
#4865=VERTEX_POINT ( 'NONE', #717 );
#4866=VERTEX_POINT ( 'NONE', #908 );
#4867=ORIENTED_EDGE ( 'NONE', *, *, #112, .F. );
#4868=EDGE_CURVE ( 'NONE', #305, #7396, #7133, .T. );
#4869=EDGE_CURVE ( 'NONE', #7711, #6931, #4974, .T. );
#4870=PLANE ( 'NONE',  #3634 );
#4871=ORIENTED_EDGE ( 'NONE', *, *, #3910, .F. );
#4872=VERTEX_POINT ( 'NONE', #9037 );
#4873=LINE ( 'NONE', #2248, #33 );
#4874=DIRECTION ( 'NONE',  ( 0.000000000000000000, -0.5144957554275250144, 0.8574929257125449844 ) );
#4875=CARTESIAN_POINT ( 'NONE',  ( -0.08267716535433070058, -0.04330708661417323468, -0.2135826771653543399 ) );
#4876=ADVANCED_FACE ( 'NONE', ( #2610 ), #4547, .T. );
#4877=DIRECTION ( 'NONE',  ( 0.9063077870367315381, -0.4226182617405245256, -1.407972123996100734E-12 ) );
#4878=CARTESIAN_POINT ( 'NONE',  ( 0.09148968150661417054, -0.04310518241736220613, -0.05409785277976378315 ) );
#4879=AXIS2_PLACEMENT_3D ( 'NONE', #7341, #6487, #7461 );
#4880=ORIENTED_EDGE ( 'NONE', *, *, #10940, .T. );
#4881=EDGE_CURVE ( 'NONE', #2737, #7226, #4195, .T. );
#4882=FACE_OUTER_BOUND ( 'NONE', #8584, .T. );
#4883=ORIENTED_EDGE ( 'NONE', *, *, #7629, .T. );
#4884=AXIS2_PLACEMENT_3D ( 'NONE', #7293, #73, #54 );
#4885=CARTESIAN_POINT ( 'NONE',  ( -0.09058616041834645360, 0.09152604043397637168, -0.2127816139481889801 ) );
#4886=ORIENTED_EDGE ( 'NONE', *, *, #8379, .T. );
#4887=CARTESIAN_POINT ( 'NONE',  ( 0.09744094488188977110, 3.734948428837858713E-18, -0.04921259842519685318 ) );
#4888=ADVANCED_FACE ( 'NONE', ( #3817 ), #8474, .F. );
#4889=FACE_OUTER_BOUND ( 'NONE', #6417, .T. );
#4890=EDGE_CURVE ( 'NONE', #3124, #11301, #2649, .T. );
#4891=ORIENTED_EDGE ( 'NONE', *, *, #10970, .T. );
#4892=CARTESIAN_POINT ( 'NONE',  ( 0.04132749983997085347, 0.01728079972540744538, -0.5026165990471377354 ) );
#4893=ORIENTED_EDGE ( 'NONE', *, *, #5458, .F. );
#4894=FACE_OUTER_BOUND ( 'NONE', #3660, .T. );
#4895=VERTEX_POINT ( 'NONE', #3377 );
#4896=PLANE ( 'NONE',  #2691 );
#4897=ORIENTED_EDGE ( 'NONE', *, *, #572, .T. );
#4898=PLANE ( 'NONE',  #5610 );
#4899=LINE ( 'NONE', #8349, #728 );
#4900=CARTESIAN_POINT ( 'NONE',  ( 0.1023622047244094474, 0.08661417320891830196, -0.09050184464251534444 ) );
#4901=EDGE_LOOP ( 'NONE', ( #8830, #3070, #778, #1494, #10874, #2150, #3071, #5213, #11106, #2421 ) );
#4902=VECTOR ( 'NONE', #1329, 39.37007874015748854 );
#4903=LINE ( 'NONE', #3441, #832 );
#4904=CARTESIAN_POINT ( 'NONE',  ( 0.1023622047244094474, -0.0004921259865157369883, -0.01377952755905511792 ) );
#4905=CARTESIAN_POINT ( 'NONE',  ( 0.09448818897647005832, -2.000865229734567691E-18, 0.09448818897637779879 ) );
#4906=CARTESIAN_POINT ( 'NONE',  ( -0.05137688055471047871, 0.02381659075254716554, -0.1980314960629921128 ) );
#4907=ORIENTED_EDGE ( 'NONE', *, *, #2657, .T. );
#4908=CARTESIAN_POINT ( 'NONE',  ( -0.1023622047244094474, 0.08661417322348427539, -0.2184545996656218625 ) );
#4909=EDGE_LOOP ( 'NONE', ( #324, #8421, #11665, #7318, #10099, #3895, #4180, #7856, #3957, #10207, #4804, #8967, #378 ) );
#4910=FACE_OUTER_BOUND ( 'NONE', #9895, .T. );
#4911=ORIENTED_EDGE ( 'NONE', *, *, #4269, .F. );
#4912=EDGE_CURVE ( 'NONE', #11121, #790, #2109, .T. );
#4913=CARTESIAN_POINT ( 'NONE',  ( 0.001653543307086614107, 0.06346456692913385322, -0.4251968503937008093 ) );
#4914=FACE_OUTER_BOUND ( 'NONE', #7325, .T. );
#4915=CARTESIAN_POINT ( 'NONE',  ( -0.07677165354330708902, 0.09842519685039370636, -0.1535433070866141780 ) );
#4916=ORIENTED_EDGE ( 'NONE', *, *, #11072, .F. );
#4917=VERTEX_POINT ( 'NONE', #9195 );
#4918=CARTESIAN_POINT ( 'NONE',  ( -0.08956692913385827515, -0.07874015748031495954, -0.3996062992125983815 ) );
#4919=CARTESIAN_POINT ( 'NONE',  ( -0.09061810572196299374, 0.08854982212165353472, -0.1826209987319685202 ) );
#4920=EDGE_CURVE ( 'NONE', #4895, #9919, #9933, .T. );
#4921=CARTESIAN_POINT ( 'NONE',  ( -0.05430466209631065744, 0.02518183770676813565, -0.2108095562397508116 ) );
#4922=CARTESIAN_POINT ( 'NONE',  ( 0.04046244970996062951, 0.03843853269894487862, -0.3723951540436221119 ) );
#4923=VERTEX_POINT ( 'NONE', #1986 );
#4924=ORIENTED_EDGE ( 'NONE', *, *, #6968, .T. );
#4925=VERTEX_POINT ( 'NONE', #9142 );
#4926=ORIENTED_EDGE ( 'NONE', *, *, #5182, .F. );
#4927=CARTESIAN_POINT ( 'NONE',  ( -0.09547244094488190058, 0.000000000000000000, -0.5039370078740157410 ) );
#4928=CARTESIAN_POINT ( 'NONE',  ( 0.09645669291338582196, 0.07381889763779526936, -0.1496062992125984370 ) );
#4929=LINE ( 'NONE', #7554, #24 );
#4930=ADVANCED_FACE ( 'NONE', ( #4726 ), #8138, .F. );
#4931=CARTESIAN_POINT ( 'NONE',  ( -0.06715138724478748877, 0.01708317378876564319, -0.2044160674753635054 ) );
#4932=ORIENTED_EDGE ( 'NONE', *, *, #7138, .T. );
#4933=ORIENTED_EDGE ( 'NONE', *, *, #10883, .T. );
#4934=CARTESIAN_POINT ( 'NONE',  ( 0.09448818897637795144, -0.07185039370078739884, -0.5590551181102362266 ) );
#4935=FACE_OUTER_BOUND ( 'NONE', #2840, .T. );
#4936=CARTESIAN_POINT ( 'NONE',  ( 0.07153487358736221324, -0.03401507839835039154, -0.4197919935881889719 ) );
#4937=CARTESIAN_POINT ( 'NONE',  ( 0.09148774027484252169, -0.04347825652311023553, -0.05397744576204724365 ) );
#4938=ORIENTED_EDGE ( 'NONE', *, *, #4512, .F. );
#4939=CARTESIAN_POINT ( 'NONE',  ( -0.09826771653543307783, -0.09838750785618111117, 0.09842519685039370636 ) );
#4940=ORIENTED_EDGE ( 'NONE', *, *, #7916, .F. );
#4941=FACE_OUTER_BOUND ( 'NONE', #9460, .T. );
#4942=EDGE_CURVE ( 'NONE', #4618, #9527, #4231, .T. );
#4943=PLANE ( 'NONE',  #11403 );
#4944=CARTESIAN_POINT ( 'NONE',  ( -0.1033027505329133927, 0.08484216287968503190, -0.2185071943355118007 ) );
#4945=ORIENTED_EDGE ( 'NONE', *, *, #6025, .T. );
#4946=FACE_OUTER_BOUND ( 'NONE', #4249, .T. );
#4947=EDGE_CURVE ( 'NONE', #2362, #1955, #8, .T. );
#4948=EDGE_CURVE ( 'NONE', #9834, #2184, #2916, .T. );
#4949=VERTEX_POINT ( 'NONE', #7607 );
#4950=CARTESIAN_POINT ( 'NONE',  ( 0.1023055891670435202, -0.04181519078679370172, -0.05413389117837016234 ) );
#4951=EDGE_LOOP ( 'NONE', ( #11273, #4123, #4628, #1225 ) );
#4952=ORIENTED_EDGE ( 'NONE', *, *, #5651, .F. );
#4953=VERTEX_POINT ( 'NONE', #5666 );
#4954=AXIS2_PLACEMENT_3D ( 'NONE', #4936, #6587, #5750 );
#4955=AXIS2_PLACEMENT_3D ( 'NONE', #4927, #7, #47 );
#4956=ADVANCED_FACE ( 'NONE', ( #3882 ), #7029, .F. );
#4957=ADVANCED_FACE ( 'NONE', ( #6952 ), #5954, .T. );
#4958=PLANE ( 'NONE',  #6371 );
#4959=CARTESIAN_POINT ( 'NONE',  ( 0.09448818897637795144, -0.07381889763779526936, -0.3612204724409449064 ) );
#4960=CARTESIAN_POINT ( 'NONE',  ( 0.09737309383602087143, 0.09638527864324836214, -0.08863364425727633666 ) );
#4961=CARTESIAN_POINT ( 'NONE',  ( -1.195183497228115035E-16, -2.000865229734567691E-18, 0.09448818897637784042 ) );
#4962=CARTESIAN_POINT ( 'NONE',  ( 0.1023622047243946814, 0.08994322204783482266, -0.04940714520790429748 ) );
#4963=CARTESIAN_POINT ( 'NONE',  ( 0.05846172456677165702, 0.03263598452692913210, -0.4209834469606299479 ) );
#4964=CIRCLE ( 'NONE', #208, 0.004921259842519621654 );
#4965=CARTESIAN_POINT ( 'NONE',  ( 0.05137688055471045095, 0.02381659075254715166, -0.06968503937007874960 ) );
#4966=ORIENTED_EDGE ( 'NONE', *, *, #9203, .F. );
#4967=LINE ( 'NONE', #8523, #3075 );
#4968=ORIENTED_EDGE ( 'NONE', *, *, #9607, .T. );
#4969=LINE ( 'NONE', #11226, #311 );
#4970=EDGE_LOOP ( 'NONE', ( #9950, #1097, #11002, #9249, #4536, #1210, #6021, #11718 ) );
#4971=CARTESIAN_POINT ( 'NONE',  ( 0.05019685039370142682, 0.03250421471584885591, -0.5072688423476346964 ) );
#4972=ORIENTED_EDGE ( 'NONE', *, *, #6761, .F. );
#4973=DIRECTION ( 'NONE',  ( 0.000000000000000000, -1.000000000000000000, -6.776263578034419969E-17 ) );
#4974=CIRCLE ( 'NONE', #1847, 0.005905511811023723447 );
#4975=FACE_OUTER_BOUND ( 'NONE', #6486, .T. );
#4976=ORIENTED_EDGE ( 'NONE', *, *, #7885, .T. );
#4977=VERTEX_POINT ( 'NONE', #2395 );
#4978=CARTESIAN_POINT ( 'NONE',  ( 0.08267716535433070058, 0.03937007874015747977, -0.2185039370078740439 ) );
#4979=CARTESIAN_POINT ( 'NONE',  ( -0.09055118110204724013, 0.09842552344169290535, -0.1830181574880315187 ) );
#4980=AXIS2_PLACEMENT_3D ( 'NONE', #9286, #166, #73 );
#4981=ORIENTED_EDGE ( 'NONE', *, *, #7486, .T. );
#4982=VECTOR ( 'NONE', #3535, 39.37007874015748143 );
#4983=EDGE_LOOP ( 'NONE', ( #3876, #6215, #8573, #10083 ) );
#4984=ORIENTED_EDGE ( 'NONE', *, *, #6109, .T. );
#4985=LINE ( 'NONE', #7551, #188 );
#4986=CARTESIAN_POINT ( 'NONE',  ( 0.09551881823838581642, -0.07454766257779528449, -0.4047830460834646593 ) );
#4987=EDGE_CURVE ( 'NONE', #4730, #7758, #8956, .T. );
#4988=CARTESIAN_POINT ( 'NONE',  ( -0.09744094488188977110, 0.08562992125984252023, -0.2185039355565748243 ) );
#4989=CARTESIAN_POINT ( 'NONE',  ( 0.1673228346456692994, -0.1023622047244094474, -0.08464566929133858497 ) );
#4990=ORIENTED_EDGE ( 'NONE', *, *, #11266, .T. );
#4991=EDGE_LOOP ( 'NONE', ( #10129, #7928, #4487, #11196 ) );
#4992=PLANE ( 'NONE',  #4657 );
#4993=AXIS2_PLACEMENT_3D ( 'NONE', #6850, #73, #54 );
#4994=EDGE_CURVE ( 'NONE', #6918, #5150, #8336, .T. );
#4995=CARTESIAN_POINT ( 'NONE',  ( 0.05019685039370079538, 0.01574808821591732258, -0.4895836562555118121 ) );
#4996=CARTESIAN_POINT ( 'NONE',  ( 0.05137688055471047871, 0.02381659075254714819, -0.06968503937007874960 ) );
#4997=FACE_OUTER_BOUND ( 'NONE', #234, .T. );
#4998=ORIENTED_EDGE ( 'NONE', *, *, #5815, .T. );
#4999=EDGE_CURVE ( 'NONE', #3009, #11591, #6294, .T. );
#5000=EDGE_LOOP ( 'NONE', ( #6001, #6104, #5410, #5508 ) );
#5001=CARTESIAN_POINT ( 'NONE',  ( 0.05072590373028013772, -0.02388301484783968143, -0.4901835463465319953 ) );
#5002=CIRCLE ( 'NONE', #3825, 0.009842519684998017604 );
#5003=LINE ( 'NONE', #10059, #293 );
#5004=CARTESIAN_POINT ( 'NONE',  ( 0.09551881823838581642, 0.03144968569862598845, -0.5255905511811024278 ) );
#5005=EDGE_CURVE ( 'NONE', #10734, #8907, #6128, .T. );
#5006=VERTEX_POINT ( 'NONE', #10624 );
#5007=CARTESIAN_POINT ( 'NONE',  ( 0.03837352134327966929, 0.01560593241105942552, -0.4924614762347473418 ) );
#5008=CARTESIAN_POINT ( 'NONE',  ( -0.09549970906578739149, 0.08669874257673229612, -0.2184685620167322873 ) );
#5009=VERTEX_POINT ( 'NONE', #9560 );
#5010=FACE_OUTER_BOUND ( 'NONE', #11700, .T. );
#5011=EDGE_CURVE ( 'NONE', #6798, #7725, #8748, .T. );
#5012=ORIENTED_EDGE ( 'NONE', *, *, #4370, .T. );
#5013=ORIENTED_EDGE ( 'NONE', *, *, #7850, .T. );
#5014=CYLINDRICAL_SURFACE ( 'NONE', #1702, 0.01476377952755905144 );
#5015=ORIENTED_EDGE ( 'NONE', *, *, #4553, .F. );
#5016=AXIS2_PLACEMENT_3D ( 'NONE', #3587, #16, #47 );
#5017=ORIENTED_EDGE ( 'NONE', *, *, #6008, .F. );
#5018=EDGE_CURVE ( 'NONE', #11004, #8755, #1041, .T. );
#5019=EDGE_CURVE ( 'NONE', #11537, #2954, #7158, .T. );
#5020=CARTESIAN_POINT ( 'NONE',  ( -0.09448818897647029424, 9.570600588991875854E-18, 0.09448818897637789593 ) );
#5021=LINE ( 'NONE', #2339, #293 );
#5022=CARTESIAN_POINT ( 'NONE',  ( -0.01181102362204724393, -0.09055118110236221041, -0.6496062992125984925 ) );
#5023=CARTESIAN_POINT ( 'NONE',  ( 0.09448818897637795144, -0.03937007874015747977, -0.2185039370078740439 ) );
#5024=AXIS2_PLACEMENT_3D ( 'NONE', #9850, #166, #73 );
#5025=ADVANCED_FACE ( 'NONE', ( #506 ), #1589, .T. );
#5026=ORIENTED_EDGE ( 'NONE', *, *, #508, .F. );
#5027=B_SPLINE_SURFACE_WITH_KNOTS ( 'NONE', 3, 3, (( #2171, #9257, #4071, #1105 ),( #4860, #3952, #199, #6794 ),( #7611, #7664, #9417, #7072 ),( #6078, #6910, #10432, #8817 ),( #2477, #460, #11302, #1362 ),( #1549, #11234, #391, #4312 ),( #4185, #10537, #3395, #11409 ),( #11185, #10318, #6145, #10376 ),( #9688, #6847, #7844, #6966 ),( #7899, #11352, #7018, #5206 ) ),.UNSPECIFIED., .F., .F., .F.,( 4, 1, 1, 1, 1, 1, 1, 4 ),( 4, 4 ),( -0.1906848856189999886, 0.000000000000000000, 0.04348678666007999710, 0.1525859428112000260, 0.8495333889642000536, 0.9038262078063999949, 1.000000000000000000, 1.190769296815000100 ),( -0.06697899743054999688, 1.066978997593000189 ),.UNSPECIFIED. );
#5028=VERTEX_POINT ( 'NONE', #7054 );
#5029=LINE ( 'NONE', #3028, #188 );
#5030=ORIENTED_EDGE ( 'NONE', *, *, #9637, .F. );
#5031=CARTESIAN_POINT ( 'NONE',  ( 0.09645669291338582196, -0.07381889763779526936, -0.1496062992125984370 ) );
#5032=ORIENTED_EDGE ( 'NONE', *, *, #3424, .T. );
#5033=AXIS2_PLACEMENT_3D ( 'NONE', #9405, #1280, #7 );
#5034=CARTESIAN_POINT ( 'NONE',  ( 0.1653543307086614012, -0.1023622047244094474, -0.4468503937007874405 ) );
#5035=CARTESIAN_POINT ( 'NONE',  ( 0.04035433070866141503, 0.08383680467150504689, -0.05373741849138469195 ) );
#5036=VERTEX_POINT ( 'NONE', #10519 );
#5037=ORIENTED_EDGE ( 'NONE', *, *, #10892, .T. );
#5038=CARTESIAN_POINT ( 'NONE',  ( 0.02477619338023422449, -0.06102362204724409711, -0.3206820194263682033 ) );
#5039=CARTESIAN_POINT ( 'NONE',  ( -0.09153543307086613179, 0.008858267716535432948, -0.2539370078740157410 ) );
#5040=ADVANCED_FACE ( 'NONE', ( #9778 ), #2520, .F. );
#5041=CARTESIAN_POINT ( 'NONE',  ( 0.05118110236220472370, 0.07972440944881889480, -0.5708661417322835607 ) );
#5042=EDGE_CURVE ( 'NONE', #8484, #6029, #11500, .T. );
#5043=VERTEX_POINT ( 'NONE', #623 );
#5044=VERTEX_POINT ( 'NONE', #4518 );
#5045=ORIENTED_EDGE ( 'NONE', *, *, #3623, .T. );
#5046=EDGE_LOOP ( 'NONE', ( #5678, #9291, #9213, #10810, #3684 ) );
#5047=LINE ( 'NONE', #8771, #6452 );
#5048=CYLINDRICAL_SURFACE ( 'NONE', #10108, 0.004921259842519689308 );
#5049=FACE_OUTER_BOUND ( 'NONE', #4110, .T. );
#5050=LINE ( 'NONE', #7731, #188 );
#5051=ORIENTED_EDGE ( 'NONE', *, *, #7477, .F. );
#5052=EDGE_LOOP ( 'NONE', ( #8955, #5105, #6758, #5663 ) );
#5053=LINE ( 'NONE', #8661, #2437 );
#5054=CARTESIAN_POINT ( 'NONE',  ( 0.05019685039370189172, -0.03250421471582468774, -0.5072688423476283681 ) );
#5055=CARTESIAN_POINT ( 'NONE',  ( 0.09842519685039370636, 0.000000000000000000, 0.000000000000000000 ) );
#5056=PLANE ( 'NONE',  #9222 );
#5057=EDGE_CURVE ( 'NONE', #10550, #10421, #5575, .T. );
#5058=CARTESIAN_POINT ( 'NONE',  ( 0.04133858904644903409, -0.01724700487299620985, -0.4973672002643818590 ) );
#5059=ORIENTED_EDGE ( 'NONE', *, *, #5802, .F. );
#5060=AXIS2_PLACEMENT_3D ( 'NONE', #6556, #73, #54 );
#5061=CARTESIAN_POINT ( 'NONE',  ( -0.09251968503937008093, -0.09108267716527558566, -0.1394881889763779637 ) );
#5062=VERTEX_POINT ( 'NONE', #2642 );
#5063=CARTESIAN_POINT ( 'NONE',  ( 0.05936138411856532043, -0.03336349163058667522, -0.4158586841806510837 ) );
#5064=FACE_OUTER_BOUND ( 'NONE', #5937, .T. );
#5065=CARTESIAN_POINT ( 'NONE',  ( 0.07578740157480315376, 0.09945582611240158522, -0.1270148812305118280 ) );
#5066=CARTESIAN_POINT ( 'NONE',  ( -0.1023622047244094474, 0.08562992125980314895, -0.1870078740161417175 ) );
#5067=EDGE_CURVE ( 'NONE', #848, #2014, #3492, .T. );
#5068=AXIS2_PLACEMENT_3D ( 'NONE', #4630, #2333, #6648 );
#5069=LINE ( 'NONE', #8616, #11 );
#5070=CARTESIAN_POINT ( 'NONE',  ( -0.09079309032299213988, 0.08752460864464567392, -0.2148741806190157810 ) );
#5071=AXIS2_PLACEMENT_3D ( 'NONE', #8972, #7289, #98 );
#5072=CARTESIAN_POINT ( 'NONE',  ( -0.1023622047244094474, 0.04094488188976377896, -0.1978346456692913480 ) );
#5073=EDGE_CURVE ( 'NONE', #2413, #4133, #7001, .T. );
#5074=VERTEX_POINT ( 'NONE', #1530 );
#5075=LINE ( 'NONE', #1265, #11 );
#5076=ORIENTED_EDGE ( 'NONE', *, *, #2117, .F. );
#5077=DIRECTION ( 'NONE',  ( 5.549397658745792768E-17, 2.587726626420448533E-17, -1.000000000000000000 ) );
#5078=ORIENTED_EDGE ( 'NONE', *, *, #6513, .F. );
#5079=ORIENTED_EDGE ( 'NONE', *, *, #9469, .F. );
#5080=FACE_OUTER_BOUND ( 'NONE', #5258, .T. );
#5081=EDGE_CURVE ( 'NONE', #5497, #2483, #5715, .T. );
#5082=FACE_OUTER_BOUND ( 'NONE', #6429, .T. );
#5083=EDGE_CURVE ( 'NONE', #6943, #6543, #687, .T. );
#5084=DIRECTION ( 'NONE',  ( 1.000000000000000000, 0.000000000000000000, 4.336808689942017736E-15 ) );
#5085=ORIENTED_EDGE ( 'NONE', *, *, #8870, .F. );
#5086=FACE_OUTER_BOUND ( 'NONE', #8640, .T. );
#5087=ORIENTED_EDGE ( 'NONE', *, *, #1884, .F. );
#5088=ORIENTED_EDGE ( 'NONE', *, *, #9312, .T. );
#5089=FACE_OUTER_BOUND ( 'NONE', #8685, .T. );
#5090=ORIENTED_EDGE ( 'NONE', *, *, #9452, .T. );
#5091=EDGE_CURVE ( 'NONE', #11083, #9510, #229, .T. );
#5092=ORIENTED_EDGE ( 'NONE', *, *, #4495, .T. );
#5093=ORIENTED_EDGE ( 'NONE', *, *, #7248, .T. );
#5094=CARTESIAN_POINT ( 'NONE',  ( -0.1021412802564242162, 0.08958887652106141408, -0.1774005005624897657 ) );
#5095=EDGE_CURVE ( 'NONE', #9529, #5043, #8395, .T. );
#5096=PLANE ( 'NONE',  #8714 );
#5097=ORIENTED_EDGE ( 'NONE', *, *, #2746, .T. );
#5098=ORIENTED_EDGE ( 'NONE', *, *, #5181, .T. );
#5099=ORIENTED_EDGE ( 'NONE', *, *, #3891, .T. );
#5100=VERTEX_POINT ( 'NONE', #9897 );
#5101=LINE ( 'NONE', #7792, #293 );
#5102=LINE ( 'NONE', #1499, #58 );
#5103=EDGE_CURVE ( 'NONE', #4025, #1238, #10863, .T. );
#5104=VERTEX_POINT ( 'NONE', #1892 );
#5105=ORIENTED_EDGE ( 'NONE', *, *, #1623, .F. );
#5106=EDGE_CURVE ( 'NONE', #4568, #7851, #8194, .T. );
#5107=CYLINDRICAL_SURFACE ( 'NONE', #8596, 0.009842519684566940555 );
#5108=CARTESIAN_POINT ( 'NONE',  ( -0.09251968503937008093, -0.004921259842519684971, -0.03740157480314960925 ) );
#5109=CARTESIAN_POINT ( 'NONE',  ( 0.05137688055471047177, 0.02381659075254714819, -0.06968503937007876348 ) );
#5110=CYLINDRICAL_SURFACE ( 'NONE', #6478, 0.009842518229688942966 );
#5111=CARTESIAN_POINT ( 'NONE',  ( -0.09153543307086613179, 0.08661417322834646937, -0.1417322834645669272 ) );
#5112=VERTEX_POINT ( 'NONE', #9840 );
#5113=ORIENTED_EDGE ( 'NONE', *, *, #5337, .T. );
#5114=DIRECTION ( 'NONE',  ( 0.4226182617581468182, 0.9063077870285141113, 0.000000000000000000 ) );
#5115=LINE ( 'NONE', #4213, #11 );
#5116=CARTESIAN_POINT ( 'NONE',  ( 0.09196101886552834892, 0.08786649988258425636, -0.08939456053963307225 ) );
#5117=EDGE_CURVE ( 'NONE', #10476, #9991, #8278, .T. );
#5118=LINE ( 'NONE', #8560, #311 );
#5119=PRODUCT_RELATED_PRODUCT_CATEGORY ( 'part', '', ( #8176 ) );
#5120=FACE_OUTER_BOUND ( 'NONE', #5894, .T. );
#5121=DIRECTION ( 'NONE',  ( 0.04896112453022541389, 0.9945054529214257810, -0.09252952174460642165 ) );
#5122=VECTOR ( 'NONE', #737, 39.37007874015748143 );
#5123=CARTESIAN_POINT ( 'NONE',  ( 0.1023622047244094474, -0.06889763779527559306, -0.1141732283464566844 ) );
#5124=ORIENTED_EDGE ( 'NONE', *, *, #1588, .T. );
#5125=ORIENTED_EDGE ( 'NONE', *, *, #2728, .T. );
#5126=ORIENTED_EDGE ( 'NONE', *, *, #4170, .F. );
#5127=CARTESIAN_POINT ( 'NONE',  ( -0.1023622047244094474, -0.04330703297929079654, -0.2136820958579917218 ) );
#5128=VERTEX_POINT ( 'NONE', #4825 );
#5129=EDGE_CURVE ( 'NONE', #5455, #5212, #3247, .T. );
#5130=AXIS2_PLACEMENT_3D ( 'NONE', #11081, #47, #73 );
#5131=EDGE_LOOP ( 'NONE', ( #3044, #1304, #958, #11507 ) );
#5132=EDGE_CURVE ( 'NONE', #2552, #10097, #2768, .T. );
#5133=LINE ( 'NONE', #3197, #728 );
#5134=CARTESIAN_POINT ( 'NONE',  ( 0.08661417322834646937, 0.09350393700787401619, -0.01574803149606299191 ) );
#5135=LINE ( 'NONE', #7827, #311 );
#5136=LINE ( 'NONE', #8751, #9621 );
#5137=CARTESIAN_POINT ( 'NONE',  ( 0.03377001447753949503, 0.03918666668314790130, -0.3657656097934939843 ) );
#5138=FACE_OUTER_BOUND ( 'NONE', #4803, .T. );
#5139=EDGE_LOOP ( 'NONE', ( #9323, #7407, #1872, #8585, #1823, #7482, #4677, #8489, #3289, #5030, #8486, #8009 ) );
#5140=DIRECTION ( 'NONE',  ( -0.9063077870362771238, 0.4226182617414989684, 3.901401309457145805E-13 ) );
#5141=ORIENTED_EDGE ( 'NONE', *, *, #10358, .T. );
#5142=EDGE_CURVE ( 'NONE', #5036, #3243, #10851, .T. );
#5143=FACE_OUTER_BOUND ( 'NONE', #4456, .T. );
#5144=VERTEX_POINT ( 'NONE', #4636 );
#5145=ORIENTED_EDGE ( 'NONE', *, *, #2685, .T. );
#5146=EDGE_CURVE ( 'NONE', #10989, #5509, #2260, .T. );
#5147=CARTESIAN_POINT ( 'NONE',  ( 0.05019685039370079538, 0.01574812519948543335, -0.5104163437444881879 ) );
#5148=PLANE ( 'NONE',  #662 );
#5149=EDGE_LOOP ( 'NONE', ( #5922, #2270, #6980, #4372 ) );
#5150=VERTEX_POINT ( 'NONE', #5695 );
#5151=CARTESIAN_POINT ( 'NONE',  ( -0.08366141732283464971, 0.04724409448818897572, -0.4251968503937008093 ) );
#5152=CARTESIAN_POINT ( 'NONE',  ( -0.09361864459237953517, 0.09814153070589703987, -0.1807950959789260126 ) );
#5153=VECTOR ( 'NONE', #4874, 39.37007874015748854 );
#5154=FACE_OUTER_BOUND ( 'NONE', #7153, .T. );
#5155=ORIENTED_EDGE ( 'NONE', *, *, #465, .T. );
#5156=EDGE_CURVE ( 'NONE', #3243, #237, #944, .T. );
#5157=VERTEX_POINT ( 'NONE', #7273 );
#5158=ORIENTED_EDGE ( 'NONE', *, *, #11716, .F. );
#5159=EDGE_LOOP ( 'NONE', ( #4602, #10127, #8767, #7168 ) );
#5160=AXIS2_PLACEMENT_3D ( 'NONE', #1404, #98, #5611 );
#5161=AXIS2_PLACEMENT_3D ( 'NONE', #186, #16, #73 );
#5162=LINE ( 'NONE', #11314, #11 );
#5163=EDGE_CURVE ( 'NONE', #11289, #11512, #1769, .T. );
#5164=ADVANCED_FACE ( 'NONE', ( #5472 ), #11669, .T. );
#5165=CARTESIAN_POINT ( 'NONE',  ( 0.06315928479384348704, 0.02183852898243399468, -0.06629894337801785220 ) );
#5166=ORIENTED_EDGE ( 'NONE', *, *, #3237, .F. );
#5167=ORIENTED_EDGE ( 'NONE', *, *, #10531, .T. );
#5168=CARTESIAN_POINT ( 'NONE',  ( 0.1048228346456692855, -0.09842519685039370636, -0.1161417322834645688 ) );
#5169=AXIS2_PLACEMENT_3D ( 'NONE', #99, #45, #47 );
#5170=CARTESIAN_POINT ( 'NONE',  ( 0.08858267716535432601, -0.07185039370078739884, -0.5590551181102362266 ) );
#5171=ORIENTED_EDGE ( 'NONE', *, *, #9471, .T. );
#5172=EDGE_CURVE ( 'NONE', #1036, #1487, #2824, .T. );
#5173=EDGE_CURVE ( 'NONE', #7253, #10276, #9952, .T. );
#5174=ORIENTED_EDGE ( 'NONE', *, *, #9976, .T. );
#5175=CARTESIAN_POINT ( 'NONE',  ( 0.09134117237455433025, 0.08832041989821731720, -0.08787447476379646460 ) );
#5176=CARTESIAN_POINT ( 'NONE',  ( -0.0009842519685039369942, -0.06102362204724409711, -0.4251968503937008093 ) );
#5177=CARTESIAN_POINT ( 'NONE',  ( -0.08267716535433070058, 1.012503259137575389E-17, 0.09842519685039370636 ) );
#5178=PLANE ( 'NONE',  #11327 );
#5179=CARTESIAN_POINT ( 'NONE',  ( 0.08267716535433070058, -0.001476377952736228306, -0.1515748031496063075 ) );
#5180=CIRCLE ( 'NONE', #7223, 0.01771653543307086243 );
#5181=EDGE_CURVE ( 'NONE', #7260, #4730, #1917, .T. );
#5182=EDGE_CURVE ( 'NONE', #7662, #6853, #2650, .T. );
#5183=EDGE_LOOP ( 'NONE', ( #7863, #10431, #11203, #967 ) );
#5184=VERTEX_POINT ( 'NONE', #3676 );
#5185=FACE_OUTER_BOUND ( 'NONE', #7307, .T. );
#5186=VERTEX_POINT ( 'NONE', #10742 );
#5187=ORIENTED_EDGE ( 'NONE', *, *, #3147, .F. );
#5188=CARTESIAN_POINT ( 'NONE',  ( 0.05636029695246063537, -0.02422174920335039283, -0.5014098456728346420 ) );
#5189=LINE ( 'NONE', #8749, #728 );
#5190=AXIS2_PLACEMENT_3D ( 'NONE', #11556, #47, #98 );
#5191=CARTESIAN_POINT ( 'NONE',  ( 0.03838582677182571928, -0.02616432883938666840, -0.4938982742847086715 ) );
#5192=FACE_OUTER_BOUND ( 'NONE', #4901, .T. );
#5193=CYLINDRICAL_SURFACE ( 'NONE', #425, 0.003937007874015749712 );
#5194=LINE ( 'NONE', #512, #11 );
#5195=EDGE_CURVE ( 'NONE', #8952, #11335, #6419, .T. );
#5196=CARTESIAN_POINT ( 'NONE',  ( -0.09251968503937008093, 0.008858267716535432948, -0.1417322834645669272 ) );
#5197=EDGE_CURVE ( 'NONE', #9849, #5817, #6653, .T. );
#5198=EDGE_LOOP ( 'NONE', ( #1402, #7525, #7903, #3349 ) );
#5199=LINE ( 'NONE', #8754, #9785 );
#5200=VERTEX_POINT ( 'NONE', #2199 );
#5201=LINE ( 'NONE', #2287, #693 );
#5202=VERTEX_POINT ( 'NONE', #3122 );
#5203=EDGE_CURVE ( 'NONE', #5497, #5644, #1857, .T. );
#5204=ORIENTED_EDGE ( 'NONE', *, *, #11368, .T. );
#5205=VERTEX_POINT ( 'NONE', #232 );
#5206=CARTESIAN_POINT ( 'NONE',  ( -0.09148316216074803275, -0.04362527967531496659, -0.2138025217424409652 ) );
#5207=CARTESIAN_POINT ( 'NONE',  ( -0.09229988790133858423, 0.08755808506909447397, -0.1777815904959055282 ) );
#5208=( BOUNDED_SURFACE ( )  B_SPLINE_SURFACE ( 3, 3, (( #1784, #955, #7529, #892 ),( #6551, #6488, #10075, #823 ),( #10991, #9908, #4592, #8291 ),( #2031, #3866, #7463, #5483 ) ),.UNSPECIFIED., .F., .F., .F. )B_SPLINE_SURFACE_WITH_KNOTS ( ( 4, 4 ),( 4, 4 ),( 0.1021452431148071188, 0.9031977688069227073 ),( 0.000000000000000000, 1.000000000000000000 ),.UNSPECIFIED. )GEOMETRIC_REPRESENTATION_ITEM ( )  RATIONAL_B_SPLINE_SURFACE ( (( 0.9217859906561708394, 0.3072619968853892436, 0.3072619968853892436, 0.9217859906561708394),( 0.7405874879755234286, 0.2468624959918403194, 0.2468624959918403194, 0.7405874879755234286),( 0.7418041955091995154, 0.2472680651697323206, 0.2472680651697323206, 0.7418041955091995154),( 0.9254361132571995441, 0.3084787044190654970, 0.3084787044190654970, 0.9254361132571995441) ) )REPRESENTATION_ITEM ( '' )  SURFACE ( )  );
#5209=FACE_OUTER_BOUND ( 'NONE', #148, .T. );
#5210=EDGE_CURVE ( 'NONE', #11408, #11365, #7514, .T. );
#5211=PLANE ( 'NONE',  #5932 );
#5212=VERTEX_POINT ( 'NONE', #2143 );
#5213=ORIENTED_EDGE ( 'NONE', *, *, #4890, .F. );
#5214=EDGE_LOOP ( 'NONE', ( #11291, #5958, #2463, #11060, #9981, #9612 ) );
#5215=AXIS2_PLACEMENT_3D ( 'NONE', #3739, #98, #54 );
#5216=ORIENTED_EDGE ( 'NONE', *, *, #3874, .F. );
#5217=CIRCLE ( 'NONE', #4635, 0.003937007874033907930 );
#5218=CARTESIAN_POINT ( 'NONE',  ( 0.08070866141732284393, -0.06102362204724409711, -0.3602362204724409711 ) );
#5219=CARTESIAN_POINT ( 'NONE',  ( 0.08366141732283464971, 0.08858267716535432601, -0.1240157480314960647 ) );
#5220=VERTEX_POINT ( 'NONE', #2322 );
#5221=ORIENTED_EDGE ( 'NONE', *, *, #1581, .T. );
#5222=PLANE ( 'NONE',  #4285 );
#5223=LINE ( 'NONE', #5335, #11 );
#5224=ADVANCED_FACE ( 'NONE', ( #5873 ), #5762, .T. );
#5225=AXIS2_PLACEMENT_3D ( 'NONE', #3476, #3381, #10450 );
#5226=AXIS2_PLACEMENT_3D ( 'NONE', #6211, #166, #73 );
#5227=LINE ( 'NONE', #2374, #11 );
#5228=EDGE_CURVE ( 'NONE', #9793, #9318, #5069, .T. );
#5229=CARTESIAN_POINT ( 'NONE',  ( -0.04805265762061867313, -0.08230904876953311355, 0.09842519685039370636 ) );
#5230=ORIENTED_EDGE ( 'NONE', *, *, #3905, .F. );
#5231=ORIENTED_EDGE ( 'NONE', *, *, #3889, .F. );
#5232=CARTESIAN_POINT ( 'NONE',  ( 0.1033928339864173263, -0.08862905445885826961, -0.07480314960629921850 ) );
#5233=CARTESIAN_POINT ( 'NONE',  ( 0.09553469835633859875, 0.09739688207011812371, -0.08787442500968503656 ) );
#5234=AXIS2_PLACEMENT_3D ( 'NONE', #1564, #570, #2462 );
#5235=CARTESIAN_POINT ( 'NONE',  ( 0.05019685039370079538, -0.04921259842519685318, -0.4625984251968504046 ) );
#5236=ADVANCED_FACE ( 'NONE', ( #3180 ), #11033, .T. );
#5237=LINE ( 'NONE', #10242, #4902 );
#5238=ORIENTED_EDGE ( 'NONE', *, *, #11269, .F. );
#5239=AXIS2_PLACEMENT_3D ( 'NONE', #8368, #73, #54 );
#5240=CARTESIAN_POINT ( 'NONE',  ( 0.05622241595241914136, 0.02422174920343306975, -0.5013940165197708909 ) );
#5241=ORIENTED_EDGE ( 'NONE', *, *, #2636, .T. );
#5242=PLANE ( 'NONE',  #9799 );
#5243=ORIENTED_EDGE ( 'NONE', *, *, #7326, .F. );
#5244=EDGE_LOOP ( 'NONE', ( #10535, #1612, #6154, #8500, #1466, #10976 ) );
#5245=FACE_OUTER_BOUND ( 'NONE', #6677, .T. );
#5246=DIRECTION ( 'NONE',  ( 0.000000000000000000, 1.000000000000000000, 6.776263578034419969E-17 ) );
#5247=CARTESIAN_POINT ( 'NONE',  ( 0.09941379106118108933, -0.04390471866877952711, -0.08584638392866142387 ) );
#5248=CARTESIAN_POINT ( 'NONE',  ( 0.03838582677181234110, -0.02184975720964087501, -0.5104162973443252538 ) );
#5249=CIRCLE ( 'NONE', #2508, 0.008249413437098526355 );
#5250=CARTESIAN_POINT ( 'NONE',  ( 0.000000000000000000, -0.1240157480314960647, -0.4133858267716535861 ) );
#5251=EDGE_CURVE ( 'NONE', #9972, #2883, #5118, .T. );
#5252=EDGE_CURVE ( 'NONE', #2014, #6122, #4152, .T. );
#5253=B_SPLINE_CURVE_WITH_KNOTS ( 'NONE', 3,( #4300, #2587, #3444, #7114 ),.UNSPECIFIED., .F., .F.,( 4, 4 ),( 0.9963827522132522319, 1.000000000000000000 ),.UNSPECIFIED. );
#5254=FACE_OUTER_BOUND ( 'NONE', #10355, .T. );
#5255=ORIENTED_EDGE ( 'NONE', *, *, #9489, .T. );
#5256=CARTESIAN_POINT ( 'NONE',  ( -0.01255771807289289034, -0.1299212598425197041, -0.1587350947951863545 ) );
#5257=CARTESIAN_POINT ( 'NONE',  ( 0.05251358614274963255, 0.04255108653508512390, -0.06968503937007883287 ) );
#5258=EDGE_LOOP ( 'NONE', ( #8452, #8066, #6054, #4787 ) );
#5259=LINE ( 'NONE', #2408, #11 );
#5260=VERTEX_POINT ( 'NONE', #7747 );
#5261=EDGE_CURVE ( 'NONE', #8077, #3469, #11208, .T. );
#5262=CARTESIAN_POINT ( 'NONE',  ( 0.08661417322834646937, 0.08858267716535432601, -0.01574803149606299191 ) );
#5263=ORIENTED_EDGE ( 'NONE', *, *, #10037, .T. );
#5264=ORIENTED_EDGE ( 'NONE', *, *, #9881, .T. );
#5265=AXIS2_PLACEMENT_3D ( 'NONE', #5993, #166, #8790 );
#5266=CARTESIAN_POINT ( 'NONE',  ( -0.09950542663507047636, 0.09456884250866889885, -0.1783219784917365880 ) );
#5267=CARTESIAN_POINT ( 'NONE',  ( 0.08626605339279527773, -0.001986033936259842553, -0.04921259842519685318 ) );
#5268=CARTESIAN_POINT ( 'NONE',  ( 0.04481352582165488291, 0.03937009092463268634, -0.3611419984543645656 ) );
#5269=ORIENTED_EDGE ( 'NONE', *, *, #2715, .F. );
#5270=ADVANCED_FACE ( 'NONE', ( #6815 ), #5823, .T. );
#5271=CARTESIAN_POINT ( 'NONE',  ( 0.05019685039370079538, 0.07677165354330708902, -0.5068897637795275468 ) );
#5272=ORIENTED_EDGE ( 'NONE', *, *, #10824, .T. );
#5273=LINE ( 'NONE', #2487, #728 );
#5274=VERTEX_POINT ( 'NONE', #10979 );
#5275=CARTESIAN_POINT ( 'NONE',  ( 0.08164653609232283560, -0.07185039370078739884, -0.3922834645669291964 ) );
#5276=CARTESIAN_POINT ( 'NONE',  ( 0.09158181036437007538, 0.09842519685039370636, -0.01358267716535433052 ) );
#5277=ORIENTED_EDGE ( 'NONE', *, *, #9371, .T. );
#5278=ORIENTED_EDGE ( 'NONE', *, *, #1246, .F. );
#5279=EDGE_CURVE ( 'NONE', #4164, #10298, #10320, .T. );
#5280=CARTESIAN_POINT ( 'NONE',  ( 0.09185407890057940838, 0.08812998826598142377, -0.08900933318943252126 ) );
#5281=CARTESIAN_POINT ( 'NONE',  ( 0.08267716535433070058, 0.01795506823609055447, -0.5492125984251968740 ) );
#5282=CARTESIAN_POINT ( 'NONE',  ( 0.09448818897637795144, -0.07381889763779526936, -0.4055118110235850226 ) );
#5283=CARTESIAN_POINT ( 'NONE',  ( 0.08070866141732284393, -0.09842519685039370636, -0.5708661417322835607 ) );
#5284=ORIENTED_EDGE ( 'NONE', *, *, #7517, .T. );
#5285=VERTEX_POINT ( 'NONE', #422 );
#5286=LINE ( 'NONE', #6106, #9621 );
#5287=EDGE_CURVE ( 'NONE', #11300, #8532, #8448, .T. );
#5288=LINE ( 'NONE', #8837, #2222 );
#5289=CARTESIAN_POINT ( 'NONE',  ( 0.09560459324346456955, 0.09356183766771652977, -0.08870373754019685031 ) );
#5290=CARTESIAN_POINT ( 'NONE',  ( 0.06029723278931153896, 0.02797621931298771916, -0.06968503937023290407 ) );
#5291=CARTESIAN_POINT ( 'NONE',  ( 0.06029723278929625951, 0.02797621931298409359, -0.08783374893168385822 ) );
#5292=CARTESIAN_POINT ( 'NONE',  ( 0.09148905577736221595, 0.04094488188976377896, -0.1270148812305118280 ) );
#5293=ORIENTED_EDGE ( 'NONE', *, *, #350, .F. );
#5294=CARTESIAN_POINT ( 'NONE',  ( 0.03718325934303149533, -0.03914550877157874781, -0.3653058760204330735 ) );
#5295=ORIENTED_EDGE ( 'NONE', *, *, #10589, .T. );
#5296=ADVANCED_FACE ( 'NONE', ( #4100 ), #4943, .T. );
#5297=PLANE ( 'NONE',  #8193 );
#5298=VERTEX_POINT ( 'NONE', #10290 );
#5299=VERTEX_POINT ( 'NONE', #4039 );
#5300=CARTESIAN_POINT ( 'NONE',  ( -0.1033928339864173263, 0.08764480248582677546, -0.1437007874015747977 ) );
#5301=DIRECTION ( 'NONE',  ( 0.9934745682616133999, 0.000000000000000000, -0.1140538566529024495 ) );
#5302=EDGE_CURVE ( 'NONE', #938, #2659, #7638, .T. );
#5303=ADVANCED_FACE ( 'NONE', ( #11094 ), #7871, .T. );
#5304=CARTESIAN_POINT ( 'NONE',  ( -0.06932856541530670047, 0.03189784965608157691, -0.2161783056710901429 ) );
#5305=ORIENTED_EDGE ( 'NONE', *, *, #7913, .T. );
#5306=CARTESIAN_POINT ( 'NONE',  ( 0.05019685039370079538, 1.778546870875207477E-19, -0.4842519685039365362 ) );
#5307=ORIENTED_EDGE ( 'NONE', *, *, #5480, .F. );
#5308=EDGE_CURVE ( 'NONE', #1497, #9834, #9100, .T. );
#5309=DIRECTION ( 'NONE',  ( 0.000000000000000000, -0.3846153846114866437, 0.9230769230785472734 ) );
#5310=ADVANCED_FACE ( 'NONE', ( #9766 ), #3423, .T. );
#5311=ORIENTED_EDGE ( 'NONE', *, *, #8481, .T. );
#5312=ORIENTED_EDGE ( 'NONE', *, *, #5728, .F. );
#5313=PLANE ( 'NONE',  #4854 );
#5314=CARTESIAN_POINT ( 'NONE',  ( -0.1043307086614173318, -0.07677165354330708902, -0.02460629921259842659 ) );
#5315=VERTEX_POINT ( 'NONE', #5177 );
#5316=VERTEX_POINT ( 'NONE', #7347 );
#5317=CARTESIAN_POINT ( 'NONE',  ( -0.1033464566929133965, -0.08070866141732284393, -0.2539370078740157410 ) );
#5318=CARTESIAN_POINT ( 'NONE',  ( -0.09189145810720668328, 0.09841733777998210031, -0.1818573259822062749 ) );
#5319=CARTESIAN_POINT ( 'NONE',  ( -0.09645669291338582196, 0.009842519685039369942, -0.5314960629921260393 ) );
#5320=CIRCLE ( 'NONE', #9386, 0.003937007874015758385 );
#5321=LINE ( 'NONE', #9691, #6491 );
#5322=FACE_OUTER_BOUND ( 'NONE', #5551, .T. );
#5323=ORIENTED_EDGE ( 'NONE', *, *, #4262, .F. );
#5324=CARTESIAN_POINT ( 'NONE',  ( 0.09433404491953267801, -0.03937007874015747977, -0.2211981225983445098 ) );
#5325=ADVANCED_FACE ( 'NONE', ( #7810 ), #8840, .F. );
#5326=ORIENTED_EDGE ( 'NONE', *, *, #6207, .T. );
#5327=ORIENTED_EDGE ( 'NONE', *, *, #5674, .T. );
#5328=CARTESIAN_POINT ( 'NONE',  ( -0.02950530667952888653, -0.1240157480314960786, -0.4122396934896659926 ) );
#5329=CARTESIAN_POINT ( 'NONE',  ( 0.09950226528397639048, 0.08676714344019685610, -0.04924797337192913377 ) );
#5330=AXIS2_PLACEMENT_3D ( 'NONE', #8151, #166, #73 );
#5331=CIRCLE ( 'NONE', #3033, 0.01181102362204724046 );
#5332=CARTESIAN_POINT ( 'NONE',  ( 0.06435193835051992994, 0.02986695956771422134, -0.06143562593298758367 ) );
#5333=ORIENTED_EDGE ( 'NONE', *, *, #8027, .T. );
#5334=ORIENTED_EDGE ( 'NONE', *, *, #10706, .F. );
#5335=CARTESIAN_POINT ( 'NONE',  ( -0.08956692913385827515, 0.03543307086614173179, -0.5039370078740157410 ) );
#5336=CARTESIAN_POINT ( 'NONE',  ( -0.09251259854879112510, -0.04293365974356653375, -0.2136073396040515937 ) );
#5337=EDGE_CURVE ( 'NONE', #2235, #8952, #4338, .T. );
#5338=LINE ( 'NONE', #3774, #10142 );
#5339=VERTEX_POINT ( 'NONE', #5407 );
#5340=ADVANCED_FACE ( 'NONE', ( #2628 ), #6787, .F. );
#5341=ORIENTED_EDGE ( 'NONE', *, *, #1039, .F. );
#5342=CARTESIAN_POINT ( 'NONE',  ( 0.09188770861763781439, 0.09838431542066927715, -0.08585920946362204931 ) );
#5343=EDGE_CURVE ( 'NONE', #2898, #6036, #4204, .T. );
#5344=FACE_OUTER_BOUND ( 'NONE', #2226, .T. );
#5345=ORIENTED_EDGE ( 'NONE', *, *, #9204, .T. );
#5346=EDGE_CURVE ( 'NONE', #6878, #2436, #4584, .T. );
#5347=ORIENTED_EDGE ( 'NONE', *, *, #2836, .F. );
#5348=AXIS2_PLACEMENT_3D ( 'NONE', #6434, #16, #47 );
#5349=CARTESIAN_POINT ( 'NONE',  ( 0.04436541814051182114, -0.03845646327045668805, -0.3699094825872835113 ) );
#5350=ORIENTED_EDGE ( 'NONE', *, *, #5711, .T. );
#5351=ORIENTED_EDGE ( 'NONE', *, *, #2756, .T. );
#5352=ORIENTED_EDGE ( 'NONE', *, *, #1774, .T. );
#5353=FACE_OUTER_BOUND ( 'NONE', #8096, .T. );
#5354=DIRECTION ( 'NONE',  ( 8.131516293641298046E-16, 1.355252715606883008E-16, -1.000000000000000000 ) );
#5355=CARTESIAN_POINT ( 'NONE',  ( 0.08267716535433070058, 0.05511811023622047168, -0.2185039370078740439 ) );
#5356=CARTESIAN_POINT ( 'NONE',  ( 0.08267716535433070058, -0.04330708661417323468, -0.05413385826771653642 ) );
#5357=EDGE_CURVE ( 'NONE', #5104, #2750, #9550, .T. );
#5358=CARTESIAN_POINT ( 'NONE',  ( 0.06522801530307086038, -0.03374191317055118267, -0.4093849831192913902 ) );
#5359=DIRECTION ( 'NONE',  ( 1.686536712755229426E-15, 0.000000000000000000, 1.000000000000000000 ) );
#5360=EDGE_LOOP ( 'NONE', ( #8660, #7155, #6339, #8260 ) );
#5361=EDGE_CURVE ( 'NONE', #9943, #5028, #3363, .T. );
#5362=ADVANCED_FACE ( 'NONE', ( #10563 ), #6224, .F. );
#5363=ORIENTED_EDGE ( 'NONE', *, *, #965, .F. );
#5364=CARTESIAN_POINT ( 'NONE',  ( -0.05137688055471045095, 0.02381659075254714819, -0.1980314960629921406 ) );
#5365=ORIENTED_EDGE ( 'NONE', *, *, #7883, .T. );
#5366=CARTESIAN_POINT ( 'NONE',  ( 0.08070866141732284393, 0.000000000000000000, -0.4311023622047244208 ) );
#5367=ORIENTED_EDGE ( 'NONE', *, *, #5468, .T. );
#5368=CIRCLE ( 'NONE', #2470, 0.04724409448818849000 );
#5369=CIRCLE ( 'NONE', #7057, 0.009842519685039378616 );
#5370=CARTESIAN_POINT ( 'NONE',  ( 0.08267716535433070058, 0.01795506823609055447, -0.5374015748031496509 ) );
#5371=CARTESIAN_POINT ( 'NONE',  ( 0.09448818897637795144, -0.05511811023622047168, -0.2185039370078740439 ) );
#5372=LINE ( 'NONE', #825, #58 );
#5373=VERTEX_POINT ( 'NONE', #11487 );
#5374=ORIENTED_EDGE ( 'NONE', *, *, #3173, .F. );
#5375=LINE ( 'NONE', #6252, #24 );
#5376=CARTESIAN_POINT ( 'NONE',  ( -0.1024619445216878033, 0.08661417317661537774, -0.1772146905781901705 ) );
#5377=EDGE_CURVE ( 'NONE', #1377, #1528, #4279, .T. );
#5378=CARTESIAN_POINT ( 'NONE',  ( 0.06110882605653543409, 0.03376262261774803236, -0.4115042988078740360 ) );
#5379=AXIS2_PLACEMENT_3D ( 'NONE', #3561, #73, #98 );
#5380=CARTESIAN_POINT ( 'NONE',  ( 0.1023622047244094474, -0.06889763779527559306, -0.01574803149606299191 ) );
#5381=CARTESIAN_POINT ( 'NONE',  ( -0.04007874015748031510, 0.1019291338582677259, -0.09350393700787401619 ) );
#5382=ORIENTED_EDGE ( 'NONE', *, *, #4542, .F. );
#5383=CARTESIAN_POINT ( 'NONE',  ( 0.1023622047244094474, -0.06889763779527559306, -0.02559055118110236185 ) );
#5384=ORIENTED_EDGE ( 'NONE', *, *, #9122, .F. );
#5385=VERTEX_POINT ( 'NONE', #8789 );
#5386=CARTESIAN_POINT ( 'NONE',  ( -0.08661417322834646937, 0.09350393700787401619, -0.1437007874015747977 ) );
#5387=FACE_OUTER_BOUND ( 'NONE', #3885, .T. );
#5388=AXIS2_PLACEMENT_3D ( 'NONE', #6015, #7655, #11117 );
#5389=CARTESIAN_POINT ( 'NONE',  ( -0.09145703325744095058, -0.04255531643192913410, -0.1820854719554330925 ) );
#5390=ORIENTED_EDGE ( 'NONE', *, *, #2068, .T. );
#5391=ORIENTED_EDGE ( 'NONE', *, *, #4074, .F. );
#5392=CARTESIAN_POINT ( 'NONE',  ( -0.06053149606299410013, 0.09842519685039370636, -0.1683070866141732347 ) );
#5393=CARTESIAN_POINT ( 'NONE',  ( 0.05122747965570866036, -0.05511811023622047168, -0.4477882683759842330 ) );
#5394=ADVANCED_FACE ( 'NONE', ( #551 ), #11542, .T. );
#5395=EDGE_CURVE ( 'NONE', #11443, #9510, #8203, .T. );
#5396=CARTESIAN_POINT ( 'NONE',  ( 0.08222784886048287167, -0.007409445792189547214, -0.05413385826772173365 ) );
#5397=LINE ( 'NONE', #10781, #58 );
#5398=AXIS2_PLACEMENT_3D ( 'NONE', #9281, #73, #98 );
#5399=DIRECTION ( 'NONE',  ( -0.9999999997086583825, 2.257971221251694403E-05, 8.534620612209162303E-06 ) );
#5400=VERTEX_POINT ( 'NONE', #3602 );
#5401=EDGE_LOOP ( 'NONE', ( #3269, #4531, #11720, #10544, #9150, #11044 ) );
#5402=EDGE_LOOP ( 'NONE', ( #7094, #6693, #7156, #11547 ) );
#5403=FACE_OUTER_BOUND ( 'NONE', #11063, .T. );
#5404=MANIFOLD_SOLID_BREP ( 'Imported1', #11719 );
#5405=CARTESIAN_POINT ( 'NONE',  ( 0.09251963809338582811, 0.08661417321980315054, -0.09050184485492127062 ) );
#5406=CARTESIAN_POINT ( 'NONE',  ( 0.08858267716535432601, -0.06003937007874016185, -0.1515748031496063075 ) );
#5407=CARTESIAN_POINT ( 'NONE',  ( -0.09547244094488190058, 0.03543307086614173179, -0.5039370078740157410 ) );
#5408=EDGE_CURVE ( 'NONE', #9813, #5884, #442, .T. );
#5409=CIRCLE ( 'NONE', #8571, 0.02362204724409448092 );
#5410=ORIENTED_EDGE ( 'NONE', *, *, #9923, .F. );
#5411=ORIENTED_EDGE ( 'NONE', *, *, #1109, .T. );
#5412=LINE ( 'NONE', #5240, #6887 );
#5413=EDGE_CURVE ( 'NONE', #9433, #5586, #7265, .T. );
#5414=ORIENTED_EDGE ( 'NONE', *, *, #7416, .T. );
#5415=ORIENTED_EDGE ( 'NONE', *, *, #3688, .F. );
#5416=CARTESIAN_POINT ( 'NONE',  ( 0.07578740157480315376, 0.09945582611240158522, -0.04138495997066928694 ) );
#5417=CARTESIAN_POINT ( 'NONE',  ( 0.1033464566929133965, -0.09842519685039370636, -0.2854330708661417804 ) );
#5418=CARTESIAN_POINT ( 'NONE',  ( 0.08164653609232283560, 0.05511811023622047168, -0.3791338582677165059 ) );
#5419=LINE ( 'NONE', #11559, #58 );
#5420=EDGE_CURVE ( 'NONE', #1921, #7167, #6523, .T. );
#5421=CIRCLE ( 'NONE', #711, 0.009842519685054786430 );
#5422=CARTESIAN_POINT ( 'NONE',  ( 0.06510077775602361727, -0.03376261745508661594, -0.4091659930015748015 ) );
#5423=LINE ( 'NONE', #8962, #33 );
#5424=EDGE_LOOP ( 'NONE', ( #37, #7947, #7975, #6509, #1484, #11140, #7490, #765 ) );
#5425=ORIENTED_EDGE ( 'NONE', *, *, #891, .T. );
#5426=CARTESIAN_POINT ( 'NONE',  ( -0.05137688055471045095, 0.02381659075254714819, -0.1980314960629921128 ) );
#5427=VERTEX_POINT ( 'NONE', #3838 );
#5428=CARTESIAN_POINT ( 'NONE',  ( 0.1653543307086614012, -0.09645669291338582196, -0.4940944881889763884 ) );
#5429=ORIENTED_EDGE ( 'NONE', *, *, #11270, .T. );
#5430=VECTOR ( 'NONE', #1712, 39.37007874015748143 );
#5431=EDGE_CURVE ( 'NONE', #2954, #3215, #6345, .T. );
#5432=FACE_OUTER_BOUND ( 'NONE', #6914, .T. );
#5433=LINE ( 'NONE', #9128, #31 );
#5434=VERTEX_POINT ( 'NONE', #2933 );
#5435=ORIENTED_EDGE ( 'NONE', *, *, #8985, .T. );
#5436=CARTESIAN_POINT ( 'NONE',  ( 0.05833708166799213279, 0.03337668229379527757, -0.4160691479185039121 ) );
#5437=CARTESIAN_POINT ( 'NONE',  ( -0.1072834645669291376, -0.09251968503937008093, -0.1929133858267716439 ) );
#5438=CARTESIAN_POINT ( 'NONE',  ( 0.05019685039370079538, 0.02623543931769831486, -0.5062767692092079441 ) );
#5439=ORIENTED_EDGE ( 'NONE', *, *, #5346, .T. );
#5440=AXIS2_PLACEMENT_3D ( 'NONE', #1131, #7, #47 );
#5441=ORIENTED_EDGE ( 'NONE', *, *, #6308, .F. );
#5442=ORIENTED_EDGE ( 'NONE', *, *, #4734, .F. );
#5443=EDGE_CURVE ( 'NONE', #3287, #7957, #6582, .T. );
#5444=CARTESIAN_POINT ( 'NONE',  ( 0.07086614173228346358, 8.678599364036359818E-18, -0.2086614173228346636 ) );
#5445=AXIS2_PLACEMENT_3D ( 'NONE', #1219, #166, #73 );
#5446=CARTESIAN_POINT ( 'NONE',  ( 0.09535062542629922644, 0.08559768225944881792, -0.04920982981692913205 ) );
#5447=CARTESIAN_POINT ( 'NONE',  ( -0.08956692913385827515, 0.05984251968503937619, -0.2539370078740157410 ) );
#5448=EDGE_LOOP ( 'NONE', ( #1051, #3050, #5596, #4867 ) );
#5449=ORIENTED_EDGE ( 'NONE', *, *, #2493, .T. );
#5450=CARTESIAN_POINT ( 'NONE',  ( 0.03838582677165354451, 0.01574803149359210730, -0.5000000000000000000 ) );
#5451=EDGE_CURVE ( 'NONE', #4317, #6772, #2069, .T. );
#5452=EDGE_CURVE ( 'NONE', #2659, #871, #4508, .T. );
#5453=AXIS2_PLACEMENT_3D ( 'NONE', #1071, #73, #54 );
#5454=LINE ( 'NONE', #8884, #1490 );
#5455=VERTEX_POINT ( 'NONE', #1174 );
#5456=ORIENTED_EDGE ( 'NONE', *, *, #2695, .F. );
#5457=ORIENTED_EDGE ( 'NONE', *, *, #8022, .F. );
#5458=EDGE_CURVE ( 'NONE', #11215, #7646, #8711, .T. );
#5459=CARTESIAN_POINT ( 'NONE',  ( 0.1033464566929133965, -0.08070866141732284393, -0.1161417322834645688 ) );
#5460=ADVANCED_FACE ( 'NONE', ( #9886 ), #10627, .T. );
#5461=CARTESIAN_POINT ( 'NONE',  ( 0.09251963809338582811, 0.08657418436132537087, -0.09051231083076750894 ) );
#5462=CARTESIAN_POINT ( 'NONE',  ( -0.06435193835050392885, 0.02986695956774846478, -0.1897820826259009330 ) );
#5463=CARTESIAN_POINT ( 'NONE',  ( -0.09251968503937008093, 0.04094488188976377896, -0.1978346456692913480 ) );
#5464=CARTESIAN_POINT ( 'NONE',  ( -0.08263078806082678474, 0.04621346522618110381, -0.4133858267716535861 ) );
#5465=CYLINDRICAL_SURFACE ( 'NONE', #2832, 0.07086614173228346358 );
#5466=VERTEX_POINT ( 'NONE', #6637 );
#5467=EDGE_LOOP ( 'NONE', ( #6180, #10674, #1463, #10699 ) );
#5468=EDGE_CURVE ( 'NONE', #10911, #9310, #346, .T. );
#5469=CARTESIAN_POINT ( 'NONE',  ( 0.04844190213633858128, -0.03843852509226772241, -0.3677199387683464660 ) );
#5470=ORIENTED_EDGE ( 'NONE', *, *, #9030, .F. );
#5471=VERTEX_POINT ( 'NONE', #8543 );
#5472=FACE_OUTER_BOUND ( 'NONE', #2926, .T. );
#5473=CARTESIAN_POINT ( 'NONE',  ( 0.05163139192926757826, 0.02422174920382149516, -0.5008669532085073817 ) );
#5474=CARTESIAN_POINT ( 'NONE',  ( 0.09251968503937008093, -0.08759842519685039075, -0.1141732283464566844 ) );
#5475=ORIENTED_EDGE ( 'NONE', *, *, #2472, .T. );
#5476=ORIENTED_EDGE ( 'NONE', *, *, #8801, .F. );
#5477=CARTESIAN_POINT ( 'NONE',  ( -0.08267716535433070058, 0.06102362204724409711, -0.4251968503937008093 ) );
#5478=ORIENTED_EDGE ( 'NONE', *, *, #764, .F. );
#5479=CARTESIAN_POINT ( 'NONE',  ( 0.1033464566929133965, 0.09842519685039370636, -0.01870078740157480462 ) );
#5480=EDGE_CURVE ( 'NONE', #1995, #10235, #11082, .T. );
#5481=EDGE_LOOP ( 'NONE', ( #8916, #11334, #11525, #1511 ) );
#5482=CARTESIAN_POINT ( 'NONE',  ( -0.09645669291338582196, 0.09842519685039370636, -0.2854330708661417804 ) );
#5483=CARTESIAN_POINT ( 'NONE',  ( -0.02354831935459172562, -0.1299209946236692947, -0.4124710925904317427 ) );
#5484=CARTESIAN_POINT ( 'NONE',  ( 0.09645669291338582196, -0.08464566929133858497, -0.4311023622047244208 ) );
#5485=CARTESIAN_POINT ( 'NONE',  ( -0.09251968503937008093, 0.08562992126007873406, -0.2086614173268897809 ) );
#5486=VERTEX_POINT ( 'NONE', #1309 );
#5487=VERTEX_POINT ( 'NONE', #1243 );
#5488=CARTESIAN_POINT ( 'NONE',  ( -0.09744094488188977110, -0.07874015748031495954, -0.2421259842519685179 ) );
#5489=CARTESIAN_POINT ( 'NONE',  ( -0.09248682999570906338, 0.08658795832657888158, -0.1772077132657886023 ) );
#5490=CARTESIAN_POINT ( 'NONE',  ( 0.06763872947283464110, 0.03265667303941338639, -0.4221839237433070435 ) );
#5491=EDGE_CURVE ( 'NONE', #1955, #5546, #5050, .T. );
#5492=CYLINDRICAL_SURFACE ( 'NONE', #412, 0.003937007874015758385 );
#5493=ORIENTED_EDGE ( 'NONE', *, *, #372, .T. );
#5494=CARTESIAN_POINT ( 'NONE',  ( -0.1023622047244094474, 0.08562992126007873406, -0.2086614173268897809 ) );
#5495=VERTEX_POINT ( 'NONE', #10104 );
#5496=EDGE_CURVE ( 'NONE', #8431, #6853, #1614, .T. );
#5497=VERTEX_POINT ( 'NONE', #9272 );
#5498=LINE ( 'NONE', #10828, #58 );
#5499=CARTESIAN_POINT ( 'NONE',  ( 0.09146886490362204913, 0.08684969793370078683, -0.04944774441145668997 ) );
#5500=CARTESIAN_POINT ( 'NONE',  ( 0.05221173162421260255, 0.09945582611240158522, -0.5078740157480314821 ) );
#5501=ORIENTED_EDGE ( 'NONE', *, *, #6532, .T. );
#5502=EDGE_LOOP ( 'NONE', ( #6515, #6917, #4434, #9073, #1357, #2875 ) );
#5503=CARTESIAN_POINT ( 'NONE',  ( -0.1023622047244094474, 0.05984251968502973112, -0.2539370078740157410 ) );
#5504=CARTESIAN_POINT ( 'NONE',  ( 0.08267716535433070058, 0.03405357236597244402, -0.5196850393700787052 ) );
#5505=EDGE_CURVE ( 'NONE', #5400, #3287, #7605, .T. );
#5506=LINE ( 'NONE', #6219, #7999 );
#5507=EDGE_LOOP ( 'NONE', ( #4659, #1704, #8527, #8848, #3927 ) );
#5508=ORIENTED_EDGE ( 'NONE', *, *, #1632, .T. );
#5509=VERTEX_POINT ( 'NONE', #213 );
#5510=EDGE_CURVE ( 'NONE', #7835, #749, #2182, .T. );
#5511=ADVANCED_FACE ( 'NONE', ( #7625 ), #1116, .F. );
#5512=CARTESIAN_POINT ( 'NONE',  ( 0.09224159200003148595, 0.08752661940292598419, -0.08993494492703543730 ) );
#5513=DIRECTION ( 'NONE',  ( -0.4226182617408919540, -0.9063077870365601196, 0.000000000000000000 ) );
#5514=CARTESIAN_POINT ( 'NONE',  ( 0.08267716535433070058, -0.07185039370078739884, -0.3612204724409449064 ) );
#5515=EDGE_CURVE ( 'NONE', #11407, #5144, #3232, .T. );
#5516=ORIENTED_EDGE ( 'NONE', *, *, #1109, .F. );
#5517=ORIENTED_EDGE ( 'NONE', *, *, #3813, .F. );
#5518=CARTESIAN_POINT ( 'NONE',  ( 0.05948629167706561555, 0.02759807126206840697, -0.08618386624426767340 ) );
#5519=ORIENTED_EDGE ( 'NONE', *, *, #5251, .T. );
#5520=VERTEX_POINT ( 'NONE', #6858 );
#5521=AXIS2_PLACEMENT_3D ( 'NONE', #562, #4462, #8802 );
#5522=CARTESIAN_POINT ( 'NONE',  ( 0.1023622047244094474, -0.0004921259865157369883, -0.1259842519685039353 ) );
#5523=DIRECTION ( 'NONE',  ( 0.1134271823786131561, 0.1046847845188861592, 0.9880158754736095839 ) );
#5524=CARTESIAN_POINT ( 'NONE',  ( 0.08484245865468091619, 0.03937007874015747977, -0.3038752879526807615 ) );
#5525=ADVANCED_FACE ( 'NONE', ( #10162 ), #8138, .F. );
#5526=CARTESIAN_POINT ( 'NONE',  ( 0.06110882053295275257, -0.03376261745508661594, -0.4115042934074802927 ) );
#5527=EDGE_CURVE ( 'NONE', #485, #8010, #2245, .T. );
#5528=CIRCLE ( 'NONE', #2853, 0.01181102362204724046 );
#5529=LINE ( 'NONE', #10018, #293 );
#5530=ORIENTED_EDGE ( 'NONE', *, *, #10903, .T. );
#5531=ORIENTED_EDGE ( 'NONE', *, *, #10999, .F. );
#5532=ORIENTED_EDGE ( 'NONE', *, *, #11187, .F. );
#5533=ORIENTED_EDGE ( 'NONE', *, *, #10046, .F. );
#5534=CARTESIAN_POINT ( 'NONE',  ( 0.1005178698235504042, -0.03498782949330240394, -0.05413385826771653642 ) );
#5535=LINE ( 'NONE', #8347, #293 );
#5536=DIRECTION ( 'NONE',  ( -0.9934745682607944994, 7.950124776026584361E-16, 0.1140538566600356601 ) );
#5537=ORIENTED_EDGE ( 'NONE', *, *, #10233, .F. );
#5538=EDGE_LOOP ( 'NONE', ( #6158, #11128, #8810, #2273, #7268 ) );
#5539=ADVANCED_FACE ( 'NONE', ( #11146 ), #4870, .T. );
#5540=CARTESIAN_POINT ( 'NONE',  ( -0.09244526266021693695, 0.08710029984153740135, -0.1774005002888972560 ) );
#5541=AXIS2_PLACEMENT_3D ( 'NONE', #5151, #7, #47 );
#5542=ORIENTED_EDGE ( 'NONE', *, *, #10613, .T. );
#5543=CARTESIAN_POINT ( 'NONE',  ( 0.05072580324356943532, 0.02816344818480443282, -0.4971013937622102974 ) );
#5544=VERTEX_POINT ( 'NONE', #5914 );
#5545=FACE_OUTER_BOUND ( 'NONE', #9857, .T. );
#5546=VERTEX_POINT ( 'NONE', #91 );
#5547=EDGE_CURVE ( 'NONE', #10412, #10164, #10967, .T. );
#5548=LINE ( 'NONE', #9753, #728 );
#5549=FACE_OUTER_BOUND ( 'NONE', #7314, .T. );
#5550=CARTESIAN_POINT ( 'NONE',  ( 0.09048987457007874602, 0.08755005120905512417, -0.05592044638574803633 ) );
#5551=EDGE_LOOP ( 'NONE', ( #5307, #2475, #3985, #3401 ) );
#5552=ORIENTED_EDGE ( 'NONE', *, *, #616, .F. );
#5553=CARTESIAN_POINT ( 'NONE',  ( 0.1023622047244094474, -0.07874015748031495954, -0.07480314960629921850 ) );
#5554=CARTESIAN_POINT ( 'NONE',  ( -0.09055118110215452931, 0.09842519685039376187, -0.2126511338505970850 ) );
#5555=AXIS2_PLACEMENT_3D ( 'NONE', #1498, #7, #47 );
#5556=EDGE_CURVE ( 'NONE', #7701, #5738, #2989, .T. );
#5557=CYLINDRICAL_SURFACE ( 'NONE', #4187, 0.03543307086614172485 );
#5558=CARTESIAN_POINT ( 'NONE',  ( -0.01172771485626722399, -0.1299212598425196763, -0.1163920103938447387 ) );
#5559=VERTEX_POINT ( 'NONE', #7964 );
#5560=ORIENTED_EDGE ( 'NONE', *, *, #4715, .T. );
#5561=ORIENTED_EDGE ( 'NONE', *, *, #3174, .T. );
#5562=ORIENTED_EDGE ( 'NONE', *, *, #5073, .F. );
#5563=CARTESIAN_POINT ( 'NONE',  ( -0.1771653543307086520, -0.1023622047244094474, -0.1732283464566929387 ) );
#5564=CARTESIAN_POINT ( 'NONE',  ( 0.09248682844931141456, 0.08661417321994567542, -0.09050184485492127062 ) );
#5565=CARTESIAN_POINT ( 'NONE',  ( -0.08164653609232283560, -0.07874015748031495954, -0.5742913385826771133 ) );
#5566=EDGE_CURVE ( 'NONE', #10033, #10071, #7086, .T. );
#5567=DIRECTION ( 'NONE',  ( 0.9999999989715848692, 4.464972199963133801E-05, -7.951890391724504998E-06 ) );
#5568=ORIENTED_EDGE ( 'NONE', *, *, #4942, .T. );
#5569=CARTESIAN_POINT ( 'NONE',  ( -0.09251968503937008093, -0.07677165354330708902, -0.08070866141732284393 ) );
#5570=AXIS2_PLACEMENT_3D ( 'NONE', #1009, #47, #7 );
#5571=AXIS2_PLACEMENT_3D ( 'NONE', #4287, #47, #7 );
#5572=LINE ( 'NONE', #6229, #293 );
#5573=ORIENTED_EDGE ( 'NONE', *, *, #7212, .T. );
#5574=CARTESIAN_POINT ( 'NONE',  ( 0.09942634363102362260, -0.04291908119027559865, -0.05409822257476378654 ) );
#5575=( BOUNDED_CURVE ( )  B_SPLINE_CURVE ( 3, ( #4406, #7996, #9723, #3375 ),.UNSPECIFIED., .F., .F. )B_SPLINE_CURVE_WITH_KNOTS ( ( 4, 4 ),( 0.09891452704592183787, 1.000000000000000000 ),.UNSPECIFIED. )CURVE ( )  GEOMETRIC_REPRESENTATION_ITEM ( )  RATIONAL_B_SPLINE_CURVE ( ( 0.9737771498195033626, 0.9028903307919633470, 0.9116312808521289668, 1.000000000000000000 ) )REPRESENTATION_ITEM ( '' )  );
#5576=EDGE_LOOP ( 'NONE', ( #9935, #10910, #618, #5449 ) );
#5577=VERTEX_POINT ( 'NONE', #8775 );
#5578=FACE_OUTER_BOUND ( 'NONE', #11402, .T. );
#5579=EDGE_CURVE ( 'NONE', #8742, #5854, #535, .T. );
#5580=DIRECTION ( 'NONE',  ( 0.4226182617410043085, -0.9063077870365078281, 1.734723475974207995E-15 ) );
#5581=LINE ( 'NONE', #9111, #293 );
#5582=ADVANCED_FACE ( 'NONE', ( #1375 ), #592, .F. );
#5583=ADVANCED_FACE ( 'NONE', ( #2367 ), #6157, .T. );
#5584=CARTESIAN_POINT ( 'NONE',  ( 0.06349760716456692711, -0.03302191886849606406, -0.4181099038499999643 ) );
#5585=CARTESIAN_POINT ( 'NONE',  ( 0.03838593298828449352, -0.02621446556710450501, -0.4937768751178349680 ) );
#5586=VERTEX_POINT ( 'NONE', #4325 );
#5587=FACE_OUTER_BOUND ( 'NONE', #10098, .T. );
#5588=ORIENTED_EDGE ( 'NONE', *, *, #10342, .T. );
#5589=FACE_OUTER_BOUND ( 'NONE', #7694, .T. );
#5590=ORIENTED_EDGE ( 'NONE', *, *, #573, .T. );
#5591=VERTEX_POINT ( 'NONE', #4263 );
#5592=EDGE_CURVE ( 'NONE', #3118, #1239, #3824, .T. );
#5593=EDGE_CURVE ( 'NONE', #5591, #241, #4378, .T. );
#5594=CARTESIAN_POINT ( 'NONE',  ( 0.09251968503937008093, 0.06692913385826770867, -0.1240157480314960647 ) );
#5595=ORIENTED_EDGE ( 'NONE', *, *, #11368, .F. );
#5596=ORIENTED_EDGE ( 'NONE', *, *, #3285, .T. );
#5597=CARTESIAN_POINT ( 'NONE',  ( 0.05144802394164010167, -0.01574803149034645355, -0.4912034381094709801 ) );
#5598=CARTESIAN_POINT ( 'NONE',  ( -0.09251963963464567009, 0.08658751397891560619, -0.1772077132657880472 ) );
#5599=CARTESIAN_POINT ( 'NONE',  ( 0.06909267290826771879, 0.03376262261774803236, -0.4068277202948819005 ) );
#5600=CARTESIAN_POINT ( 'NONE',  ( 0.1023622047244094474, 0.04488188976377952694, -0.01968503937007873988 ) );
#5601=VECTOR ( 'NONE', #3399, 39.37007874015748143 );
#5602=CIRCLE ( 'NONE', #10929, 0.003937007874033925277 );
#5603=CARTESIAN_POINT ( 'NONE',  ( 0.07578740157480315376, 0.08661417322834646937, -0.04035433070866142197 ) );
#5604=ORIENTED_EDGE ( 'NONE', *, *, #7563, .T. );
#5605=AXIS2_PLACEMENT_3D ( 'NONE', #3391, #7, #47 );
#5606=CARTESIAN_POINT ( 'NONE',  ( 0.08070866141732284393, 0.07381889763779526936, -0.1496062992125984370 ) );
#5607=ORIENTED_EDGE ( 'NONE', *, *, #1799, .T. );
#5608=ADVANCED_FACE ( 'NONE', ( #9700 ), #3293, .T. );
#5609=ORIENTED_EDGE ( 'NONE', *, *, #792, .F. );
#5610=AXIS2_PLACEMENT_3D ( 'NONE', #6003, #10250, #2212 );
#5611=DIRECTION ( 'NONE',  ( -1.000000000000000000, 0.000000000000000000, 5.782411586589358822E-15 ) );
#5612=ORIENTED_EDGE ( 'NONE', *, *, #8788, .T. );
#5613=ORIENTED_EDGE ( 'NONE', *, *, #6375, .F. );
#5614=CARTESIAN_POINT ( 'NONE',  ( -0.1191408654824803182, -0.1023622047244094474, -0.1515748031496063075 ) );
#5615=EDGE_CURVE ( 'NONE', #11228, #847, #650, .T. );
#5616=CARTESIAN_POINT ( 'NONE',  ( 0.04836988378346457340, 0.03845646023450788320, -0.3675970236326377982 ) );
#5617=EDGE_LOOP ( 'NONE', ( #2990, #4633, #10785, #6278, #6159, #10839, #10724, #3227, #7619, #7449, #9168, #2588, #2236, #1873, #2283, #6199, #10776, #6804, #10218, #2780, #4079, #9183, #3962, #9797, #7385, #11755, #300, #6957, #603, #929 ) );
#5618=ORIENTED_EDGE ( 'NONE', *, *, #5197, .F. );
#5619=ORIENTED_EDGE ( 'NONE', *, *, #7321, .F. );
#5620=CIRCLE ( 'NONE', #3526, 0.009842519684997913521 );
#5621=ORIENTED_EDGE ( 'NONE', *, *, #3040, .F. );
#5622=CARTESIAN_POINT ( 'NONE',  ( 0.09908156690826772084, 0.08649864437084010815, -0.09050882217215210079 ) );
#5623=ADVANCED_FACE ( 'NONE', ( #8828 ), #7144, .T. );
#5624=CARTESIAN_POINT ( 'NONE',  ( -0.06932856541530138528, 0.03189784965607913442, -0.2161783056710881723 ) );
#5625=FILL_AREA_STYLE ('',( #10728 ) );
#5626=ORIENTED_EDGE ( 'NONE', *, *, #3979, .T. );
#5627=EDGE_LOOP ( 'NONE', ( #4770, #2005, #4774, #7421 ) );
#5628=CARTESIAN_POINT ( 'NONE',  ( 0.07146692286402381300, 0.03287650729126256194, -0.4203838833984306911 ) );
#5629=CARTESIAN_POINT ( 'NONE',  ( 0.08267716535433070058, -0.07185039370085512245, -0.4074803149607149622 ) );
#5630=PLANE ( 'NONE',  #7039 );
#5631=ORIENTED_EDGE ( 'NONE', *, *, #1582, .T. );
#5632=CARTESIAN_POINT ( 'NONE',  ( 0.1032941442471653481, -0.04128210664251968226, -0.05412634373208661392 ) );
#5633=ADVANCED_FACE ( 'NONE', ( #9481 ), #3185, .F. );
#5634=ORIENTED_EDGE ( 'NONE', *, *, #11586, .T. );
#5635=CARTESIAN_POINT ( 'NONE',  ( -0.05948629167709705567, 0.02759807126200143276, -0.2145303229371809395 ) );
#5636=ADVANCED_FACE ( 'NONE', ( #10774 ), #719, .T. );
#5637=EDGE_LOOP ( 'NONE', ( #4692, #7739, #10596, #8529 ) );
#5638=LINE ( 'NONE', #2945, #293 );
#5639=CARTESIAN_POINT ( 'NONE',  ( 0.05163028774314788738, -0.02430202289112805628, -0.5000992174309892846 ) );
#5640=CARTESIAN_POINT ( 'NONE',  ( 0.09942463343039370516, -0.04342868497677165179, -0.08574910761192912345 ) );
#5641=LINE ( 'NONE', #6709, #311 );
#5642=CARTESIAN_POINT ( 'NONE',  ( -0.07578740157480315376, 0.09842519685039370636, -0.2273622047244094335 ) );
#5643=EDGE_CURVE ( 'NONE', #2235, #1776, #9980, .T. );
#5644=VERTEX_POINT ( 'NONE', #1926 );
#5645=CARTESIAN_POINT ( 'NONE',  ( 0.03740157480314960925, 0.07874015748031495954, -0.5708661417322835607 ) );
#5646=ORIENTED_EDGE ( 'NONE', *, *, #10448, .F. );
#5647=PLANE ( 'NONE',  #3474 );
#5648=ORIENTED_EDGE ( 'NONE', *, *, #6433, .F. );
#5649=ORIENTED_EDGE ( 'NONE', *, *, #11171, .T. );
#5650=ADVANCED_FACE ( 'NONE', ( #3820 ), #9038, .F. );
#5651=EDGE_CURVE ( 'NONE', #8020, #5400, #4549, .T. );
#5652=FACE_OUTER_BOUND ( 'NONE', #4666, .T. );
#5653=CARTESIAN_POINT ( 'NONE',  ( 0.08858267716535432601, 0.01795506823609055447, -0.5492125984251968740 ) );
#5654=DIRECTION ( 'NONE',  ( 0.9971233621272832526, 0.07579578286410551535, 0.000000000000000000 ) );
#5655=DIRECTION ( 'NONE',  ( 0.4651306830491148125, 0.1046847845183235676, -0.8790304565694045946 ) );
#5656=ORIENTED_EDGE ( 'NONE', *, *, #10855, .F. );
#5657=LINE ( 'NONE', #6613, #4112 );
#5658=CARTESIAN_POINT ( 'NONE',  ( -0.09251968503937008093, -1.136491450489234168E-16, -0.1771653549085432933 ) );
#5659=LINE ( 'NONE', #4054, #24 );
#5660=EDGE_CURVE ( 'NONE', #1910, #11652, #4496, .T. );
#5661=ADVANCED_FACE ( 'NONE', ( #7252 ), #6393, .T. );
#5662=EDGE_LOOP ( 'NONE', ( #7012, #2224, #11243, #5973 ) );
#5663=ORIENTED_EDGE ( 'NONE', *, *, #7128, .F. );
#5664=CARTESIAN_POINT ( 'NONE',  ( -0.1033928339864173263, -0.07770952821830709456, -0.1535433070866141780 ) );
#5665=ORIENTED_EDGE ( 'NONE', *, *, #5251, .F. );
#5666=CARTESIAN_POINT ( 'NONE',  ( -0.06921758502394113888, 0.03213584787341063065, -0.2161802056245917536 ) );
#5667=CARTESIAN_POINT ( 'NONE',  ( 0.04608182286116196957, 0.03883387064604698624, -0.3653396832926263382 ) );
#5668=ORIENTED_EDGE ( 'NONE', *, *, #3368, .T. );
#5669=ORIENTED_EDGE ( 'NONE', *, *, #227, .F. );
#5670=CIRCLE ( 'NONE', #11726, 0.005905511811023654925 );
#5671=LINE ( 'NONE', #6398, #8316 );
#5672=EDGE_CURVE ( 'NONE', #4373, #3726, #8248, .T. );
#5673=DIRECTION ( 'NONE',  ( 0.4226085564403952999, 0.9062869739538976788, -0.006777083801490507362 ) );
#5674=EDGE_CURVE ( 'NONE', #370, #1528, #8187, .T. );
#5675=CARTESIAN_POINT ( 'NONE',  ( 0.03425226504259055310, 0.03878699256029920911, -0.3708645778602755461 ) );
#5676=ORIENTED_EDGE ( 'NONE', *, *, #11466, .T. );
#5677=ORIENTED_EDGE ( 'NONE', *, *, #8182, .T. );
#5678=ORIENTED_EDGE ( 'NONE', *, *, #9113, .T. );
#5679=EDGE_LOOP ( 'NONE', ( #7542, #3969, #11190, #5693, #8125, #3041, #10007, #11139 ) );
#5680=FACE_OUTER_BOUND ( 'NONE', #8302, .T. );
#5681=ORIENTED_EDGE ( 'NONE', *, *, #7122, .T. );
#5682=ORIENTED_EDGE ( 'NONE', *, *, #8889, .T. );
#5683=CARTESIAN_POINT ( 'NONE',  ( 0.08958825178712302717, 0.03937007874015747977, -0.2625367052755177011 ) );
#5684=CARTESIAN_POINT ( 'NONE',  ( -0.09153543307086613179, -0.08070866141732284393, -0.1978346456692913480 ) );
#5685=CARTESIAN_POINT ( 'NONE',  ( 0.05118110236220472370, 0.07874015748031495954, -0.5708661417322835607 ) );
#5686=ADVANCED_FACE ( 'NONE', ( #3708 ), #6268, .F. );
#5687=AXIS2_PLACEMENT_3D ( 'NONE', #580, #7, #47 );
#5688=CARTESIAN_POINT ( 'NONE',  ( 0.09545675819622047309, -0.04340069162822834947, -0.05401447134633858421 ) );
#5689=CIRCLE ( 'NONE', #405, 0.01181102362201903559 );
#5690=ORIENTED_EDGE ( 'NONE', *, *, #6039, .F. );
#5691=CARTESIAN_POINT ( 'NONE',  ( 0.05034610101031045809, 0.02501344395088435368, -0.5043776858909653216 ) );
#5692=CARTESIAN_POINT ( 'NONE',  ( 0.08668802497776102733, -0.005329631511962653299, -0.08562992125984252023 ) );
#5693=ORIENTED_EDGE ( 'NONE', *, *, #9444, .T. );
#5694=EDGE_CURVE ( 'NONE', #4697, #7673, #10206, .T. );
#5695=CARTESIAN_POINT ( 'NONE',  ( 0.06134533529205394436, 0.03009481290170866463, -0.5085487218122134445 ) );
#5696=CARTESIAN_POINT ( 'NONE',  ( 0.05444435298712598653, -0.01799467677336614307, -0.5311744274029528423 ) );
#5697=CARTESIAN_POINT ( 'NONE',  ( 0.1023622047244094474, -0.07874015748031495954, -0.05019685039370472973 ) );
#5698=EDGE_CURVE ( 'NONE', #3643, #5184, #1292, .T. );
#5699=CARTESIAN_POINT ( 'NONE',  ( 0.03837352134336936144, -0.02328789440456816712, -0.4955169537059574969 ) );
#5700=ORIENTED_EDGE ( 'NONE', *, *, #573, .F. );
#5701=CARTESIAN_POINT ( 'NONE',  ( 0.04232283464566929249, 0.01574803149606303354, -0.4999999999999999445 ) );
#5702=AXIS2_PLACEMENT_3D ( 'NONE', #1106, #7, #47 );
#5703=ORIENTED_EDGE ( 'NONE', *, *, #5672, .F. );
#5704=LINE ( 'NONE', #7230, #10687 );
#5705=VERTEX_POINT ( 'NONE', #7660 );
#5706=LINE ( 'NONE', #10811, #311 );
#5707=ORIENTED_EDGE ( 'NONE', *, *, #7677, .T. );
#5708=CARTESIAN_POINT ( 'NONE',  ( 0.08956692913385827515, 0.06692913385826770867, -0.01377952755905511792 ) );
#5709=CARTESIAN_POINT ( 'NONE',  ( 0.03838582677165354451, -0.06496062992125983815, -0.4488188976377953110 ) );
#5710=CARTESIAN_POINT ( 'NONE',  ( 0.06029723278932718616, 0.02797621931297922596, -0.06629894337800230908 ) );
#5711=EDGE_CURVE ( 'NONE', #3661, #6753, #8786, .T. );
#5712=ORIENTED_EDGE ( 'NONE', *, *, #10215, .T. );
#5713=LINE ( 'NONE', #11111, #58 );
#5714=CARTESIAN_POINT ( 'NONE',  ( 0.05019685039370079538, 0.000000000000000000, -0.5072688423476378050 ) );
#5715=CIRCLE ( 'NONE', #5904, 0.01574803149606296415 );
#5716=AXIS2_PLACEMENT_3D ( 'NONE', #3414, #47, #73 );
#5717=CARTESIAN_POINT ( 'NONE',  ( 0.07216902722248030866, 0.03263598452692913210, -0.4231594110740157788 ) );
#5718=EDGE_CURVE ( 'NONE', #5212, #10717, #5900, .T. );
#5719=CARTESIAN_POINT ( 'NONE',  ( -0.07578740157480315376, 0.08661417322834646937, -0.2406496062992125873 ) );
#5720=ORIENTED_EDGE ( 'NONE', *, *, #5566, .T. );
#5721=CARTESIAN_POINT ( 'NONE',  ( 0.05120762430348735350, 0.02735622697910396542, -0.4972898543254581916 ) );
#5722=ORIENTED_EDGE ( 'NONE', *, *, #3426, .F. );
#5723=CARTESIAN_POINT ( 'NONE',  ( 0.1033464566929133965, 0.09842519685039370636, -0.1161417322834645688 ) );
#5724=ORIENTED_EDGE ( 'NONE', *, *, #7326, .T. );
#5725=CARTESIAN_POINT ( 'NONE',  ( 0.04232283464566920228, -0.01574803149606289823, -0.5009753513428857330 ) );
#5726=CARTESIAN_POINT ( 'NONE',  ( 0.09448818897637795144, -0.05511811023622047168, -0.2972440944881890035 ) );
#5727=CARTESIAN_POINT ( 'NONE',  ( 0.08661417322834646937, 0.08858267716535432601, -0.1240157480314960647 ) );
#5728=EDGE_CURVE ( 'NONE', #2024, #3335, #9414, .T. );
#5729=ORIENTED_EDGE ( 'NONE', *, *, #792, .T. );
#5730=ORIENTED_EDGE ( 'NONE', *, *, #7753, .F. );
#5731=CARTESIAN_POINT ( 'NONE',  ( -0.09251968503937008093, -0.06889763779527559306, -0.1437007874015747977 ) );
#5732=AXIS2_PLACEMENT_3D ( 'NONE', #5276, #16, #54 );
#5733=EDGE_CURVE ( 'NONE', #10033, #1955, #5792, .T. );
#5734=CIRCLE ( 'NONE', #4600, 0.01814870956160667334 );
#5735=DIRECTION ( 'NONE',  ( -1.000000000000000000, 0.000000000000000000, 7.228014483236700500E-16 ) );
#5736=CARTESIAN_POINT ( 'NONE',  ( -0.1023622047244094474, -0.08316929133858266820, -0.1535433070866141780 ) );
#5737=ORIENTED_EDGE ( 'NONE', *, *, #5103, .T. );
#5738=VERTEX_POINT ( 'NONE', #5727 );
#5739=VERTEX_POINT ( 'NONE', #332 );
#5740=ORIENTED_EDGE ( 'NONE', *, *, #5431, .T. );
#5741=FACE_OUTER_BOUND ( 'NONE', #1075, .T. );
#5742=AXIS2_PLACEMENT_3D ( 'NONE', #2398, #73, #54 );
#5743=FACE_OUTER_BOUND ( 'NONE', #4306, .T. );
#5744=CARTESIAN_POINT ( 'NONE',  ( -0.06315928479384465277, 0.02183852898243264853, -0.2014175920550538290 ) );
#5745=EDGE_CURVE ( 'NONE', #11031, #1585, #2918, .T. );
#5746=EDGE_LOOP ( 'NONE', ( #10869, #8075, #11373, #2136 ) );
#5747=ORIENTED_EDGE ( 'NONE', *, *, #2383, .F. );
#5748=EDGE_CURVE ( 'NONE', #8722, #9145, #6307, .T. );
#5749=PLANE ( 'NONE',  #11293 );
#5750=DIRECTION ( 'NONE',  ( -0.1140538566624749589, 0.000000000000000000, -0.9934745682605145012 ) );
#5751=CARTESIAN_POINT ( 'NONE',  ( -0.02362204724409319029, -0.1299212598425196763, -0.1377952755876200863 ) );
#5752=VECTOR ( 'NONE', #4000, 39.37007874015748143 );
#5753=AXIS2_PLACEMENT_3D ( 'NONE', #43, #16, #7 );
#5754=CARTESIAN_POINT ( 'NONE',  ( 0.1033464566929133965, -0.08070866141732284393, -0.01377952755905511792 ) );
#5755=VERTEX_POINT ( 'NONE', #2974 );
#5756=CARTESIAN_POINT ( 'NONE',  ( 0.08668802497777736149, -0.005329631511968818507, -0.05413385826771787562 ) );
#5757=CARTESIAN_POINT ( 'NONE',  ( -0.09251968503937008093, -0.07677165354330708902, -0.05905511811023622659 ) );
#5758=ADVANCED_FACE ( 'NONE', ( #7481, #10895 ), #7608, .T. );
#5759=LINE ( 'NONE', #7567, #11 );
#5760=EDGE_LOOP ( 'NONE', ( #9040, #1293, #6306, #11223 ) );
#5761=LINE ( 'NONE', #7512, #11125 );
#5762=PLANE ( 'NONE',  #4980 );
#5763=CIRCLE ( 'NONE', #1090, 0.005905511811023654925 );
#5764=CARTESIAN_POINT ( 'NONE',  ( -0.09542251713350392850, 0.08593723136346456681, -0.2185071944074409578 ) );
#5765=AXIS2_PLACEMENT_3D ( 'NONE', #2391, #9554, #11274 );
#5766=EDGE_CURVE ( 'NONE', #1585, #11635, #8365, .T. );
#5767=AXIS2_PLACEMENT_3D ( 'NONE', #10174, #16, #7 );
#5768=VERTEX_POINT ( 'NONE', #4915 );
#5769=CARTESIAN_POINT ( 'NONE',  ( -0.09250818062790457097, -0.04281498639393072764, -0.1820779847078562164 ) );
#5770=AXIS2_PLACEMENT_3D ( 'NONE', #4875, #47, #73 );
#5771=ORIENTED_EDGE ( 'NONE', *, *, #9674, .T. );
#5772=FACE_OUTER_BOUND ( 'NONE', #5131, .T. );
#5773=VERTEX_POINT ( 'NONE', #9254 );
#5774=CARTESIAN_POINT ( 'NONE',  ( 0.08267716535433070058, -0.07185039370078583065, -0.3877952755905511584 ) );
#5775=ORIENTED_EDGE ( 'NONE', *, *, #10775, .F. );
#5776=PLANE ( 'NONE',  #2936 );
#5777=DIRECTION ( 'NONE',  ( 0.9063077870368709821, -0.4226182617402254871, 0.000000000000000000 ) );
#5778=ADVANCED_FACE ( 'NONE', ( #3884 ), #4857, .T. );
#5779=LINE ( 'NONE', #7650, #188 );
#5780=CARTESIAN_POINT ( 'NONE',  ( 0.1023055887849606410, -0.04181531617562992548, -0.08562992125984252023 ) );
#5781=VERTEX_POINT ( 'NONE', #9367 );
#5782=CYLINDRICAL_SURFACE ( 'NONE', #6279, 0.01181102362204724046 );
#5783=CARTESIAN_POINT ( 'NONE',  ( 0.05019685039370079538, -0.03009481290079921503, -0.5072688423480133935 ) );
#5784=CARTESIAN_POINT ( 'NONE',  ( 0.09251968503937008093, 0.06692913385826770867, -0.06988188976377952832 ) );
#5785=ORIENTED_EDGE ( 'NONE', *, *, #10491, .T. );
#5786=ADVANCED_FACE ( 'NONE', ( #4975 ), #3980, .T. );
#5787=CARTESIAN_POINT ( 'NONE',  ( -0.03533946142671684498, 0.08149833272065158674, -0.2086614173228385771 ) );
#5788=ORIENTED_EDGE ( 'NONE', *, *, #10138, .F. );
#5789=LINE ( 'NONE', #8360, #58 );
#5790=ORIENTED_EDGE ( 'NONE', *, *, #10560, .F. );
#5791=CARTESIAN_POINT ( 'NONE',  ( 0.09249695444725643256, 0.08694806797626623840, -0.04937983472801971141 ) );
#5792=LINE ( 'NONE', #3089, #4410 );
#5793=ORIENTED_EDGE ( 'NONE', *, *, #1205, .T. );
#5794=ORIENTED_EDGE ( 'NONE', *, *, #2584, .T. );
#5795=DIRECTION ( 'NONE',  ( 0.9063077870372188150, 0.4226182617394793617, 0.000000000000000000 ) );
#5796=VECTOR ( 'NONE', #10658, 39.37007874015748854 );
#5797=CARTESIAN_POINT ( 'NONE',  ( 0.09645669291338582196, 0.1020866141732283405, -0.1411811023622047412 ) );
#5798=CYLINDRICAL_SURFACE ( 'NONE', #3604, 0.009842518234155276519 );
#5799=ORIENTED_EDGE ( 'NONE', *, *, #905, .F. );
#5800=EDGE_CURVE ( 'NONE', #4866, #8885, #10429, .T. );
#5801=VERTEX_POINT ( 'NONE', #521 );
#5802=EDGE_CURVE ( 'NONE', #11159, #3159, #7778, .T. );
#5803=ORIENTED_EDGE ( 'NONE', *, *, #6050, .T. );
#5804=ORIENTED_EDGE ( 'NONE', *, *, #7352, .F. );
#5805=CARTESIAN_POINT ( 'NONE',  ( 0.1023622047244094474, 0.04281496062992126012, -0.04921259842519685318 ) );
#5806=LINE ( 'NONE', #2001, #11 );
#5807=ADVANCED_FACE ( 'NONE', ( #2411 ), #8642, .F. );
#5808=EDGE_CURVE ( 'NONE', #3695, #7088, #2539, .T. );
#5809=ORIENTED_EDGE ( 'NONE', *, *, #10814, .T. );
#5810=ORIENTED_EDGE ( 'NONE', *, *, #338, .F. );
#5811=LINE ( 'NONE', #7734, #11 );
#5812=LINE ( 'NONE', #8268, #58 );
#5813=CARTESIAN_POINT ( 'NONE',  ( 0.04429133858268109736, 0.07874015748031495954, -0.5708661417322835607 ) );
#5814=CARTESIAN_POINT ( 'NONE',  ( -0.06086558558333794722, 0.03734346720426275773, -0.1980314960629921128 ) );
#5815=EDGE_CURVE ( 'NONE', #6620, #6458, #767, .T. );
#5816=ADVANCED_FACE ( 'NONE', ( #2474 ), #9685, .F. );
#5817=VERTEX_POINT ( 'NONE', #11299 );
#5818=CARTESIAN_POINT ( 'NONE',  ( 0.1033928339864173263, -0.04335346390767717134, -0.09547244094488190058 ) );
#5819=CARTESIAN_POINT ( 'NONE',  ( 0.03563614817889220604, -0.03873970327886558374, -0.3709128500591123423 ) );
#5820=CARTESIAN_POINT ( 'NONE',  ( 0.08267716535433070058, -0.01795506823609055447, -0.5492125984251968740 ) );
#5821=ORIENTED_EDGE ( 'NONE', *, *, #11722, .F. );
#5822=CARTESIAN_POINT ( 'NONE',  ( -0.09744094488188977110, 0.06692913385826770867, -0.2519685039370078705 ) );
#5823=PLANE ( 'NONE',  #6100 );
#5824=ORIENTED_EDGE ( 'NONE', *, *, #2412, .F. );
#5825=AXIS2_PLACEMENT_3D ( 'NONE', #8565, #7, #47 );
#5826=EDGE_LOOP ( 'NONE', ( #840, #9292, #11068, #2300 ) );
#5827=CARTESIAN_POINT ( 'NONE',  ( -0.02360424534362258117, -0.1240157480314812016, -0.1368783689650601432 ) );
#5828=ORIENTED_EDGE ( 'NONE', *, *, #1513, .F. );
#5829=CARTESIAN_POINT ( 'NONE',  ( -0.04133858267716535029, 0.09842519685039370636, -0.1245078740157480324 ) );
#5830=ORIENTED_EDGE ( 'NONE', *, *, #9159, .T. );
#5831=ORIENTED_EDGE ( 'NONE', *, *, #269, .F. );
#5832=FACE_OUTER_BOUND ( 'NONE', #5214, .T. );
#5833=CARTESIAN_POINT ( 'NONE',  ( 0.1008783212275100732, 0.09316535053057664606, -0.04984840872446013454 ) );
#5834=CARTESIAN_POINT ( 'NONE',  ( 0.08858267716535432601, -0.07381889763779526936, -0.3956692913385826960 ) );
#5835=LINE ( 'NONE', #8017, #188 );
#5836=EDGE_CURVE ( 'NONE', #1985, #11092, #8759, .T. );
#5837=ORIENTED_EDGE ( 'NONE', *, *, #3956, .F. );
#5838=VERTEX_POINT ( 'NONE', #9629 );
#5839=LINE ( 'NONE', #3208, #5752 );
#5840=VERTEX_POINT ( 'NONE', #4248 );
#5841=VERTEX_POINT ( 'NONE', #6201 );
#5842=CARTESIAN_POINT ( 'NONE',  ( -0.09251968503937008093, 0.06692913385826770867, -0.2539370078740157410 ) );
#5843=CARTESIAN_POINT ( 'NONE',  ( 0.03740157480314960925, 0.05999299278523621826, -0.5735433070866141625 ) );
#5844=VERTEX_POINT ( 'NONE', #1486 );
#5845=VERTEX_POINT ( 'NONE', #5961 );
#5846=CARTESIAN_POINT ( 'NONE',  ( -0.09055118110212598270, 0.09514455954799212745, -0.1830181574880315187 ) );
#5847=EDGE_CURVE ( 'NONE', #7401, #7548, #1602, .T. );
#5848=CARTESIAN_POINT ( 'NONE',  ( -0.09153543307086613179, 0.08661417322834646937, -0.1683070866141732347 ) );
#5849=EDGE_CURVE ( 'NONE', #10994, #9406, #6907, .T. );
#5850=CARTESIAN_POINT ( 'NONE',  ( 0.04706609157669291305, 0.03878702087566535117, -0.3653230833968897362 ) );
#5851=ORIENTED_EDGE ( 'NONE', *, *, #5081, .F. );
#5852=ORIENTED_EDGE ( 'NONE', *, *, #4837, .T. );
#5853=ORIENTED_EDGE ( 'NONE', *, *, #9139, .F. );
#5854=VERTEX_POINT ( 'NONE', #7948 );
#5855=CARTESIAN_POINT ( 'NONE',  ( 0.1673228346456692994, -0.09251968503937008093, -0.08464566929133858497 ) );
#5856=CARTESIAN_POINT ( 'NONE',  ( 0.05869185558058630237, 0.01799467677329740292, -0.5316620534251645935 ) );
#5857=CIRCLE ( 'NONE', #3772, 0.009842519685039369942 );
#5858=CARTESIAN_POINT ( 'NONE',  ( 0.05118110236220472370, 0.07874015748031495954, -0.4370078740157480879 ) );
#5859=ORIENTED_EDGE ( 'NONE', *, *, #3521, .F. );
#5860=VERTEX_POINT ( 'NONE', #5262 );
#5861=CARTESIAN_POINT ( 'NONE',  ( -0.1023622047244094474, 0.04639612356147378158, -0.2483343428225358307 ) );
#5862=DIRECTION ( 'NONE',  ( 0.9063077870367802769, 0.4226182617404200537, 0.000000000000000000 ) );
#5863=EDGE_CURVE ( 'NONE', #6836, #9026, #3941, .T. );
#5864=CARTESIAN_POINT ( 'NONE',  ( 0.05948629167706988297, 0.02759807126207040190, -0.08618386624426042919 ) );
#5865=CARTESIAN_POINT ( 'NONE',  ( 0.04035433070866142197, 0.08383680467149606796, -0.08647428268746687463 ) );
#5866=EDGE_CURVE ( 'NONE', #3550, #4629, #2082, .T. );
#5867=EDGE_CURVE ( 'NONE', #8917, #6620, #5368, .T. );
#5868=ORIENTED_EDGE ( 'NONE', *, *, #7677, .F. );
#5869=ORIENTED_EDGE ( 'NONE', *, *, #9674, .F. );
#5870=PLANE ( 'NONE',  #5767 );
#5871=ORIENTED_EDGE ( 'NONE', *, *, #7022, .F. );
#5872=DIRECTION ( 'NONE',  ( -0.9063077870367801658, -0.4226182617404203312, 3.142041333931547455E-12 ) );
#5873=FACE_OUTER_BOUND ( 'NONE', #5402, .T. );
#5874=CIRCLE ( 'NONE', #3582, 0.005905511811023654925 );
#5875=CARTESIAN_POINT ( 'NONE',  ( -0.09580811964625984833, 0.09384162611114173214, -0.2166564939077559038 ) );
#5876=ORIENTED_EDGE ( 'NONE', *, *, #6082, .F. );
#5877=EDGE_CURVE ( 'NONE', #10043, #2436, #9464, .T. );
#5878=CARTESIAN_POINT ( 'NONE',  ( 0.09153543307086613179, 0.09031496062992126761, -0.1282283464566929265 ) );
#5879=CIRCLE ( 'NONE', #1143, 0.07086614173228346358 );
#5880=VERTEX_POINT ( 'NONE', #7069 );
#5881=VERTEX_POINT ( 'NONE', #5314 );
#5882=DIRECTION ( 'NONE',  ( 0.9063077870356890386, -0.4226182617427600707, 0.000000000000000000 ) );
#5883=ORIENTED_EDGE ( 'NONE', *, *, #10609, .T. );
#5884=VERTEX_POINT ( 'NONE', #388 );
#5885=AXIS2_PLACEMENT_3D ( 'NONE', #353, #7, #47 );
#5886=LINE ( 'NONE', #4167, #728 );
#5887=( BOUNDED_CURVE ( )  B_SPLINE_CURVE ( 3, ( #7021, #1247, #285, #3169 ),.UNSPECIFIED., .F., .F. )B_SPLINE_CURVE_WITH_KNOTS ( ( 4, 4 ),( 3.141592653586786188, 4.502949470145464872 ),.UNSPECIFIED. )CURVE ( )  GEOMETRIC_REPRESENTATION_ITEM ( )  RATIONAL_B_SPLINE_CURVE ( ( 1.000000000000000000, 0.8514306409706631218, 0.8514306409706631218, 1.000000000000000000 ) )REPRESENTATION_ITEM ( '' )  );
#5888=CARTESIAN_POINT ( 'NONE',  ( -0.09355031430137795978, 0.08858267716535432601, -0.02322834645669291653 ) );
#5889=CARTESIAN_POINT ( 'NONE',  ( 0.04425981366135716549, 0.08565796128112460051, -0.05905511811023622659 ) );
#5890=EDGE_CURVE ( 'NONE', #9348, #6694, #3278, .T. );
#5891=ADVANCED_FACE ( 'NONE', ( #9518 ), #5148, .T. );
#5892=CARTESIAN_POINT ( 'NONE',  ( -2.134256245050204869E-18, -0.08464566929133858497, -0.5826771653543307838 ) );
#5893=VERTEX_POINT ( 'NONE', #9071 );
#5894=EDGE_LOOP ( 'NONE', ( #4470, #5475, #7532, #7081 ) );
#5895=DIRECTION ( 'NONE',  ( 0.000000000000000000, -1.000000000000000000, 2.891205793294680298E-16 ) );
#5896=ORIENTED_EDGE ( 'NONE', *, *, #9059, .F. );
#5897=ORIENTED_EDGE ( 'NONE', *, *, #1783, .T. );
#5898=CARTESIAN_POINT ( 'NONE',  ( 0.04035433070866142197, 0.07370184960068373869, -0.04922905914260845145 ) );
#5899=AXIS2_PLACEMENT_3D ( 'NONE', #11527, #73, #54 );
#5900=LINE ( 'NONE', #4008, #2860 );
#5901=EDGE_LOOP ( 'NONE', ( #10932, #6945, #6759, #8760 ) );
#5902=EDGE_LOOP ( 'NONE', ( #2347, #6838, #5712, #8373, #8063, #5085, #3341, #3629 ) );
#5903=CARTESIAN_POINT ( 'NONE',  ( 0.000000000000000000, -0.06102362204724409711, -0.3897637795275590844 ) );
#5904=AXIS2_PLACEMENT_3D ( 'NONE', #6236, #5246, #5354 );
#5905=ORIENTED_EDGE ( 'NONE', *, *, #9881, .F. );
#5906=AXIS2_PLACEMENT_3D ( 'NONE', #11706, #47, #73 );
#5907=EDGE_CURVE ( 'NONE', #2049, #3371, #7244, .T. );
#5908=ORIENTED_EDGE ( 'NONE', *, *, #1454, .T. );
#5909=ORIENTED_EDGE ( 'NONE', *, *, #9251, .F. );
#5910=EDGE_LOOP ( 'NONE', ( #5326, #11536, #10784, #10722, #715, #5374 ) );
#5911=FACE_OUTER_BOUND ( 'NONE', #10439, .T. );
#5912=CARTESIAN_POINT ( 'NONE',  ( 0.07578740157480315376, 0.08661417322834646937, -0.1126968503937007954 ) );
#5913=PLANE ( 'NONE',  #5130 );
#5914=CARTESIAN_POINT ( 'NONE',  ( -0.06921994780172265049, 0.03213078088010657557, -0.1798827873625295226 ) );
#5915=ORIENTED_EDGE ( 'NONE', *, *, #9108, .F. );
#5916=VERTEX_POINT ( 'NONE', #10698 );
#5917=EDGE_CURVE ( 'NONE', #2299, #10571, #11514, .T. );
#5918=CARTESIAN_POINT ( 'NONE',  ( -0.02952755905512204765, -0.1023622047244094474, -0.6496062992125984925 ) );
#5919=AXIS2_PLACEMENT_3D ( 'NONE', #527, #16, #54 );
#5920=CYLINDRICAL_SURFACE ( 'NONE', #2523, 0.01181102362204724046 );
#5921=CARTESIAN_POINT ( 'NONE',  ( 0.09744094488188977110, -0.08070866141732284393, -0.07283464566929134798 ) );
#5922=ORIENTED_EDGE ( 'NONE', *, *, #7467, .F. );
#5923=VERTEX_POINT ( 'NONE', #7290 );
#5924=AXIS2_PLACEMENT_3D ( 'NONE', #9197, #98, #73 );
#5925=CARTESIAN_POINT ( 'NONE',  ( 0.05019685039366819646, -0.01574803148867378808, -0.4895836562556084570 ) );
#5926=AXIS2_PLACEMENT_3D ( 'NONE', #9118, #16, #47 );
#5927=ADVANCED_FACE ( 'NONE', ( #1670 ), #3568, .T. );
#5928=PLANE ( 'NONE',  #8959 );
#5929=CARTESIAN_POINT ( 'NONE',  ( -0.02952755905511811330, -0.1023622047244094474, -0.5885826771653542844 ) );
#5930=CARTESIAN_POINT ( 'NONE',  ( -0.09386771978464567012, 0.09907742209291339752, -0.2148741966591338759 ) );
#5931=EDGE_CURVE ( 'NONE', #8954, #8589, #5372, .T. );
#5932=AXIS2_PLACEMENT_3D ( 'NONE', #2361, #47, #98 );
#5933=ORIENTED_EDGE ( 'NONE', *, *, #2205, .T. );
#5934=ORIENTED_EDGE ( 'NONE', *, *, #10640, .T. );
#5935=EDGE_CURVE ( 'NONE', #4949, #11537, #5180, .T. );
#5936=ORIENTED_EDGE ( 'NONE', *, *, #9832, .T. );
#5937=EDGE_LOOP ( 'NONE', ( #2112, #5771, #6481, #11241 ) );
#5938=CARTESIAN_POINT ( 'NONE',  ( -0.1023622047244094474, 0.06692913385826770867, -0.2519685039370078705 ) );
#5939=CIRCLE ( 'NONE', #9970, 0.005905511811023654925 );
#5940=DIRECTION ( 'NONE',  ( 0.9787585858034911768, 0.000000000000000000, 0.2050161718400521083 ) );
#5941=EDGE_CURVE ( 'NONE', #8367, #435, #6312, .T. );
#5942=LINE ( 'NONE', #1343, #31 );
#5943=EDGE_CURVE ( 'NONE', #2072, #10955, #2278, .T. );
#5944=FACE_OUTER_BOUND ( 'NONE', #3286, .T. );
#5945=CIRCLE ( 'NONE', #70, 0.01968503937007873988 );
#5946=AXIS2_PLACEMENT_3D ( 'NONE', #7918, #16, #54 );
#5947=CARTESIAN_POINT ( 'NONE',  ( -0.1072834645669291376, -0.1023622047244094474, -0.1535433070866141780 ) );
#5948=ORIENTED_EDGE ( 'NONE', *, *, #4370, .F. );
#5949=B_SPLINE_SURFACE_WITH_KNOTS ( 'NONE', 3, 3, (( #1741, #781, #5446, #9869 ),( #6156, #4548, #1798, #6265 ),( #8984, #5329, #6214, #9645 ),( #9754, #8929, #1684, #5499 ),( #718, #9699, #8130, #845 ),( #11582, #1616, #8879, #11006 ),( #4727, #9253, #8363, #8420 ),( #3032, #971, #3883, #909 ),( #2045, #1925, #9925, #2798 ),( #3818, #6564, #7419, #7304 ),( #6447, #10894, #4605, #71 ),( #6675, #10146, #2110, #11698 ),( #1101, #7480, #138, #5550 ) ),.UNSPECIFIED., .F., .F., .F.,( 4, 1, 1, 1, 1, 1, 1, 1, 1, 1, 4 ),( 4, 4 ),( -0.1012106741657999992, 0.000000000000000000, 0.1250000013729999915, 0.2500000011471000261, 0.3750000009209999985, 0.5000000006950999776, 0.6250000004690999811, 0.7500000002430999846, 0.8750000000170999881, 1.000000000000000000, 1.087301047925000042 ),( -0.06700346331519999032, 1.066978236753999942 ),.UNSPECIFIED. );
#5950=LINE ( 'NONE', #4119, #3853 );
#5951=VERTEX_POINT ( 'NONE', #3693 );
#5952=EDGE_CURVE ( 'NONE', #2044, #9429, #4650, .T. );
#5953=CARTESIAN_POINT ( 'NONE',  ( 0.000000000000000000, 0.000000000000000000, -0.2273622047244094335 ) );
#5954=( BOUNDED_SURFACE ( )  B_SPLINE_SURFACE ( 3, 3, (( #1031, #9315, #4794, #8362, #10356, #3947, #2973 ),( #11754, #7418, #2335, #69, #6004, #10893, #10039 ),( #7479, #9504, #10951, #8688, #6622, #10086, #5725 ),( #9252, #1099, #11005, #7931, #11445, #2454, #3552 ) ),.UNSPECIFIED., .F., .F., .F. )B_SPLINE_SURFACE_WITH_KNOTS ( ( 4, 4 ),( 4, 3, 4 ),( 0.01415069843584969116, 1.000000000000000000 ),( 0.000000000000000000, 0.5000000000000000000, 1.000000000000000000 ),.UNSPECIFIED. )GEOMETRIC_REPRESENTATION_ITEM ( )  RATIONAL_B_SPLINE_SURFACE ( (( 0.9981260390340473965, 0.8032298065884430072, 0.8032298065884430072, 0.9981260390340473965, 0.8032298065884430072, 0.8032298065884430072, 0.9981260390340473965),( 0.9552323905641386670, 0.7687116639722055833, 0.7687116639722055833, 0.9552323905641386670, 0.7687116639722055833, 0.7687116639722055833, 0.9552323905641386670),( 0.9558570442194561645, 0.7692143464142255915, 0.7692143464142255915, 0.9558570442194561645, 0.7692143464142255915, 0.7692143464142255915, 0.9558570442194561645),( 1.000000000000000000, 0.8047378539145032539, 0.8047378539145032539, 1.000000000000000000, 0.8047378539145032539, 0.8047378539145032539, 1.000000000000000000) ) )REPRESENTATION_ITEM ( '' )  SURFACE ( )  );
#5955=EDGE_CURVE ( 'NONE', #9919, #1431, #6499, .T. );
#5956=VERTEX_POINT ( 'NONE', #2724 );
#5957=LINE ( 'NONE', #4359, #24 );
#5958=ORIENTED_EDGE ( 'NONE', *, *, #5849, .F. );
#5959=FACE_OUTER_BOUND ( 'NONE', #3433, .T. );
#5960=CIRCLE ( 'NONE', #287, 0.02362204724409448092 );
#5961=CARTESIAN_POINT ( 'NONE',  ( 0.09251968503937008093, 2.134256245050204869E-18, -0.04921259843190944894 ) );
#5962=ORIENTED_EDGE ( 'NONE', *, *, #5748, .F. );
#5963=ORIENTED_EDGE ( 'NONE', *, *, #8372, .T. );
#5964=CARTESIAN_POINT ( 'NONE',  ( 0.09448818897637795144, -0.07185039370078739884, -0.2755905511811023723 ) );
#5965=CARTESIAN_POINT ( 'NONE',  ( -0.09251968503937008093, -0.08759842519685039075, -0.1929133858267716439 ) );
#5966=FACE_OUTER_BOUND ( 'NONE', #2377, .T. );
#5967=EDGE_CURVE ( 'NONE', #5495, #9831, #8914, .T. );
#5968=AXIS2_PLACEMENT_3D ( 'NONE', #2597, #7, #47 );
#5969=CARTESIAN_POINT ( 'NONE',  ( 0.08858267716535432601, -0.03937007874015747977, -0.2185039370078740439 ) );
#5970=ORIENTED_EDGE ( 'NONE', *, *, #7036, .T. );
#5971=VERTEX_POINT ( 'NONE', #9910 );
#5972=ORIENTED_EDGE ( 'NONE', *, *, #3204, .T. );
#5973=ORIENTED_EDGE ( 'NONE', *, *, #1774, .F. );
#5974=CARTESIAN_POINT ( 'NONE',  ( -0.02912791036776411768, -0.1299539998025635024, -0.4663921167882313368 ) );
#5975=CARTESIAN_POINT ( 'NONE',  ( 0.06029723278932384856, 0.02797621931298618220, -0.06968503937007874960 ) );
#5976=ORIENTED_EDGE ( 'NONE', *, *, #5510, .T. );
#5977=EDGE_LOOP ( 'NONE', ( #2664, #11499, #9656, #8846, #3166, #10620, #9556, #1604 ) );
#5978=CARTESIAN_POINT ( 'NONE',  ( 0.1023622047244094474, 0.03207100889277165329, -0.1237657837192519539 ) );
#5979=LINE ( 'NONE', #9488, #58 );
#5980=EDGE_CURVE ( 'NONE', #4326, #8667, #1841, .T. );
#5981=CARTESIAN_POINT ( 'NONE',  ( 0.04709502950576469060, -0.08285968376843597105, 0.09842519685039370636 ) );
#5982=ORIENTED_EDGE ( 'NONE', *, *, #3424, .F. );
#5983=EDGE_CURVE ( 'NONE', #8020, #7420, #11685, .T. );
#5984=ORIENTED_EDGE ( 'NONE', *, *, #11171, .F. );
#5985=CYLINDRICAL_SURFACE ( 'NONE', #5440, 0.007874015748031482076 );
#5986=AXIS2_PLACEMENT_3D ( 'NONE', #3196, #73, #47 );
#5987=LINE ( 'NONE', #4275, #728 );
#5988=CARTESIAN_POINT ( 'NONE',  ( 0.09104233701204014761, 0.08846114442461179561, -0.08692142601370787813 ) );
#5989=PLANE ( 'NONE',  #8243 );
#5990=CARTESIAN_POINT ( 'NONE',  ( 0.09148316216074803275, -0.04362527967531496659, -0.05391401369062992499 ) );
#5991=CIRCLE ( 'NONE', #7870, 0.005905511811023654925 );
#5992=CARTESIAN_POINT ( 'NONE',  ( -0.1023622047244094474, -0.04232283464566929249, -0.2185039370078740439 ) );
#5993=CARTESIAN_POINT ( 'NONE',  ( 0.08138207302255906495, 0.03937007874015747977, -0.2207485961600393898 ) );
#5994=CIRCLE ( 'NONE', #95, 0.01476377952755905144 );
#5995=EDGE_CURVE ( 'NONE', #3896, #517, #1909, .T. );
#5996=ORIENTED_EDGE ( 'NONE', *, *, #4452, .T. );
#5997=EDGE_CURVE ( 'NONE', #1168, #4917, #5433, .T. );
#5998=ORIENTED_EDGE ( 'NONE', *, *, #10659, .F. );
#5999=ORIENTED_EDGE ( 'NONE', *, *, #3078, .T. );
#6000=ORIENTED_EDGE ( 'NONE', *, *, #6062, .T. );
#6001=ORIENTED_EDGE ( 'NONE', *, *, #5042, .F. );
#6002=AXIS2_PLACEMENT_3D ( 'NONE', #2073, #73, #54 );
#6003=CARTESIAN_POINT ( 'NONE',  ( 0.1033928339864173263, 0.03207100889277165329, -0.01599799580829921325 ) );
#6004=CARTESIAN_POINT ( 'NONE',  ( 0.04197615846927581912, -0.01763538523381209464, -0.5011055862211014622 ) );
#6005=LINE ( 'NONE', #8689, #31 );
#6006=LINE ( 'NONE', #6954, #6767 );
#6007=CARTESIAN_POINT ( 'NONE',  ( 0.09448818897637795144, 0.07677165354330708902, -0.4547244094488188670 ) );
#6008=EDGE_CURVE ( 'NONE', #4346, #2953, #1079, .T. );
#6009=CARTESIAN_POINT ( 'NONE',  ( 0.09158181036437007538, 0.08858267716535432601, -0.01358267716535433052 ) );
#6010=EDGE_CURVE ( 'NONE', #2896, #10374, #202, .T. );
#6011=LINE ( 'NONE', #1412, #58 );
#6012=VERTEX_POINT ( 'NONE', #6249 );
#6013=EDGE_CURVE ( 'NONE', #11159, #7196, #7238, .T. );
#6014=ADVANCED_FACE ( 'NONE', ( #9856, #10878 ), #1086, .F. );
#6015=CARTESIAN_POINT ( 'NONE',  ( 0.1033928339864173263, 0.03207100889277165329, -0.1237657837192519539 ) );
#6016=ORIENTED_EDGE ( 'NONE', *, *, #9724, .F. );
#6017=EDGE_LOOP ( 'NONE', ( #8072, #2364, #9900, #4200 ) );
#6018=ORIENTED_EDGE ( 'NONE', *, *, #7128, .T. );
#6019=CARTESIAN_POINT ( 'NONE',  ( -0.06029723278932379305, 0.02797621931298624465, -0.1980314960629921128 ) );
#6020=ORIENTED_EDGE ( 'NONE', *, *, #7416, .F. );
#6021=ORIENTED_EDGE ( 'NONE', *, *, #1115, .T. );
#6022=LINE ( 'NONE', #9633, #58 );
#6023=CARTESIAN_POINT ( 'NONE',  ( -0.09754836071814960985, 0.09623394149220472482, -0.1790127934926377951 ) );
#6024=EDGE_CURVE ( 'NONE', #5205, #10529, #3139, .T. );
#6025=EDGE_CURVE ( 'NONE', #11384, #1150, #9239, .T. );
#6026=LINE ( 'NONE', #4129, #7981 );
#6027=CARTESIAN_POINT ( 'NONE',  ( -0.09214646466211526277, 0.08779422282193295735, -0.2175725499032271637 ) );
#6028=EDGE_LOOP ( 'NONE', ( #6232, #10758, #7124, #4926, #8963 ) );
#6029=VERTEX_POINT ( 'NONE', #10195 );
#6030=VERTEX_POINT ( 'NONE', #5889 );
#6031=EDGE_LOOP ( 'NONE', ( #6494, #6213, #6197 ) );
#6032=CARTESIAN_POINT ( 'NONE',  ( 0.09210800723463101469, 0.02448822314153298665, 0.09842519685039372024 ) );
#6033=CARTESIAN_POINT ( 'NONE',  ( -0.09547244094488190058, 0.04724409448818897572, -0.4251968503937008093 ) );
#6034=CARTESIAN_POINT ( 'NONE',  ( -0.09547244094488190058, 0.000000000000000000, -0.4133858267716535861 ) );
#6035=ORIENTED_EDGE ( 'NONE', *, *, #1332, .T. );
#6036=VERTEX_POINT ( 'NONE', #8293 );
#6037=CYLINDRICAL_SURFACE ( 'NONE', #1140, 0.01476377952755905144 );
#6038=PLANE ( 'NONE',  #3417 );
#6039=EDGE_CURVE ( 'NONE', #11016, #9348, #7465, .T. );
#6040=EDGE_CURVE ( 'NONE', #7253, #10641, #9182, .T. );
#6041=CARTESIAN_POINT ( 'NONE',  ( 0.08164653609232283560, -0.07081976443877953387, -0.4940944881889763884 ) );
#6042=ORIENTED_EDGE ( 'NONE', *, *, #7495, .T. );
#6043=ORIENTED_EDGE ( 'NONE', *, *, #9939, .F. );
#6044=DIRECTION ( 'NONE',  ( 0.000000000000000000, 0.2425356250408879921, 0.9701425001441930096 ) );
#6045=CARTESIAN_POINT ( 'NONE',  ( 0.09521461313685039562, 0.08913133143866142083, -0.08993494525090553471 ) );
#6046=CARTESIAN_POINT ( 'NONE',  ( 0.04429133858268109736, 0.05511811023622047168, -0.4625984251968504046 ) );
#6047=CARTESIAN_POINT ( 'NONE',  ( -0.03179757324331108220, -0.1275040290269014442, -0.1956597556677591443 ) );
#6048=CARTESIAN_POINT ( 'NONE',  ( -0.08996052125716536008, 0.09944522754078739812, -0.2120889018840551032 ) );
#6049=LINE ( 'NONE', #8677, #11 );
#6050=EDGE_CURVE ( 'NONE', #370, #10331, #2215, .T. );
#6051=ORIENTED_EDGE ( 'NONE', *, *, #6872, .F. );
#6052=ORIENTED_EDGE ( 'NONE', *, *, #1563, .F. );
#6053=CARTESIAN_POINT ( 'NONE',  ( 0.03740157480313949234, -0.06102362204724409711, -0.5682250243999708017 ) );
#6054=ORIENTED_EDGE ( 'NONE', *, *, #2540, .T. );
#6055=ADVANCED_FACE ( 'NONE', ( #957 ), #8517, .T. );
#6056=FACE_OUTER_BOUND ( 'NONE', #8475, .T. );
#6057=ORIENTED_EDGE ( 'NONE', *, *, #9760, .T. );
#6058=ORIENTED_EDGE ( 'NONE', *, *, #6119, .T. );
#6059=PLANE ( 'NONE',  #7671 );
#6060=CARTESIAN_POINT ( 'NONE',  ( 0.07249082682515747833, -0.03287650729126381788, -0.4205014306405511215 ) );
#6061=CARTESIAN_POINT ( 'NONE',  ( -0.04841944222117527952, 0.07673760904650886450, -0.2086614173266634065 ) );
#6062=EDGE_CURVE ( 'NONE', #9870, #8344, #1607, .T. );
#6063=LINE ( 'NONE', #6007, #8695 );
#6064=CARTESIAN_POINT ( 'NONE',  ( 0.09153543307086613179, -0.08070866141732284393, -0.01377952755905511792 ) );
#6065=CARTESIAN_POINT ( 'NONE',  ( 0.03838582677165354451, 0.01574803149607376107, -0.5000000000000000000 ) );
#6066=VERTEX_POINT ( 'NONE', #2906 );
#6067=CARTESIAN_POINT ( 'NONE',  ( -0.09251968503937008093, -0.0004921259865157369883, -0.2519685039370078705 ) );
#6068=VERTEX_POINT ( 'NONE', #2155 );
#6069=VECTOR ( 'NONE', #88, 39.37007874015748854 );
#6070=CARTESIAN_POINT ( 'NONE',  ( -0.05137688055470456677, 0.02381659075256118557, -0.1912428658055282948 ) );
#6071=ORIENTED_EDGE ( 'NONE', *, *, #11001, .F. );
#6072=LINE ( 'NONE', #451, #188 );
#6073=ORIENTED_EDGE ( 'NONE', *, *, #8934, .F. );
#6074=ADVANCED_FACE ( 'NONE', ( #5832 ), #3935, .T. );
#6075=DIRECTION ( 'NONE',  ( 0.000000000000000000, 1.355252715606883008E-16, -1.000000000000000000 ) );
#6076=ORIENTED_EDGE ( 'NONE', *, *, #3173, .T. );
#6077=ORIENTED_EDGE ( 'NONE', *, *, #7361, .T. );
#6078=CARTESIAN_POINT ( 'NONE',  ( -0.1033175027958661563, -0.04153965037255905740, -0.2135838496261023844 ) );
#6079=CARTESIAN_POINT ( 'NONE',  ( -0.1021088542514173164, 0.08958055407330707542, -0.1774005005615748032 ) );
#6080=CIRCLE ( 'NONE', #1647, 0.02362204724409448092 );
#6081=ADVANCED_FACE ( 'NONE', ( #7406 ), #9484, .T. );
#6082=EDGE_CURVE ( 'NONE', #2786, #10843, #1155, .T. );
#6083=FACE_OUTER_BOUND ( 'NONE', #8180, .T. );
#6084=LINE ( 'NONE', #1367, #11 );
#6085=ORIENTED_EDGE ( 'NONE', *, *, #9236, .T. );
#6086=ORIENTED_EDGE ( 'NONE', *, *, #10659, .T. );
#6087=ORIENTED_EDGE ( 'NONE', *, *, #9005, .T. );
#6088=ORIENTED_EDGE ( 'NONE', *, *, #3385, .F. );
#6089=AXIS2_PLACEMENT_3D ( 'NONE', #6871, #218, #73 );
#6090=EDGE_CURVE ( 'NONE', #11512, #5044, #1474, .T. );
#6091=CARTESIAN_POINT ( 'NONE',  ( 0.09448818897637796532, 0.01247710867905719653, 0.09842519685039369248 ) );
#6092=CYLINDRICAL_SURFACE ( 'NONE', #314, 0.009842519685039378616 );
#6093=LINE ( 'NONE', #4647, #293 );
#6094=CARTESIAN_POINT ( 'NONE',  ( 0.06715138724477423549, 0.01708317378879282630, -0.07606961078250815134 ) );
#6095=ORIENTED_EDGE ( 'NONE', *, *, #6610, .T. );
#6096=ORIENTED_EDGE ( 'NONE', *, *, #4947, .F. );
#6097=CARTESIAN_POINT ( 'NONE',  ( -0.08661417322834646937, 0.08858267716535432601, -0.2519685039370078705 ) );
#6098=CARTESIAN_POINT ( 'NONE',  ( 0.09433404491953720217, 0.000000000000000000, -0.2211981225983476462 ) );
#6099=EDGE_CURVE ( 'NONE', #5577, #3546, #1675, .T. );
#6100=AXIS2_PLACEMENT_3D ( 'NONE', #1259, #166, #73 );
#6101=AXIS2_PLACEMENT_3D ( 'NONE', #1570, #6929, #3239 );
#6102=LINE ( 'NONE', #2314, #58 );
#6103=CARTESIAN_POINT ( 'NONE',  ( -0.09153543307086613179, -0.08070866141732284393, -0.1417322834645669272 ) );
#6104=ORIENTED_EDGE ( 'NONE', *, *, #1962, .F. );
#6105=ORIENTED_EDGE ( 'NONE', *, *, #4640, .F. );
#6106=CARTESIAN_POINT ( 'NONE',  ( 1.427231948381126528E-48, -0.09842519685039370636, -0.1673228346456692994 ) );
#6107=ADVANCED_FACE ( 'NONE', ( #7763 ), #4234, .F. );
#6108=CARTESIAN_POINT ( 'NONE',  ( 0.09448818897637795144, -0.04752237315027559028, -0.4481437542849606714 ) );
#6109=EDGE_CURVE ( 'NONE', #1396, #3548, #7986, .T. );
#6110=CARTESIAN_POINT ( 'NONE',  ( 0.09151647196854331701, 0.09511477439440944870, -0.08585921072677164811 ) );
#6111=CARTESIAN_POINT ( 'NONE',  ( 0.03940229860898147862, 0.01851084647538132552, -0.5048525330226037999 ) );
#6112=LINE ( 'NONE', #4216, #311 );
#6113=AXIS2_PLACEMENT_3D ( 'NONE', #7181, #47, #98 );
#6114=CARTESIAN_POINT ( 'NONE',  ( 0.02171885099239650313, -0.1299209946236704050, -0.1858066484810285690 ) );
#6115=CARTESIAN_POINT ( 'NONE',  ( -0.08366141732283464971, -0.07677165354330708902, -0.4330708661417322913 ) );
#6116=ORIENTED_EDGE ( 'NONE', *, *, #3819, .F. );
#6117=VECTOR ( 'NONE', #3806, 39.37007874015748854 );
#6118=AXIS2_PLACEMENT_3D ( 'NONE', #8004, #16, #47 );
#6119=EDGE_CURVE ( 'NONE', #11365, #9022, #7934, .T. );
#6120=VERTEX_POINT ( 'NONE', #10522 );
#6121=CARTESIAN_POINT ( 'NONE',  ( 0.03647272474521259800, -0.03843853651543700789, -0.3747327607796063220 ) );
#6122=VERTEX_POINT ( 'NONE', #7886 );
#6123=CYLINDRICAL_SURFACE ( 'NONE', #5215, 0.009842519685039378616 );
#6124=ORIENTED_EDGE ( 'NONE', *, *, #2418, .T. );
#6125=ADVANCED_FACE ( 'NONE', ( #315, #5944 ), #10361, .T. );
#6126=ORIENTED_EDGE ( 'NONE', *, *, #4749, .T. );
#6127=DIRECTION ( 'NONE',  ( 0.4226182617410043085, -0.9063077870365078281, 0.000000000000000000 ) );
#6128=LINE ( 'NONE', #6185, #7578 );
#6129=CARTESIAN_POINT ( 'NONE',  ( 0.05019685039370078150, -0.02381462079606156898, -0.5306868013806949058 ) );
#6130=VECTOR ( 'NONE', #3484, 39.37007874015748143 );
#6131=AXIS2_PLACEMENT_3D ( 'NONE', #787, #4555, #2620 );
#6132=PLANE ( 'NONE',  #2160 );
#6133=FACE_OUTER_BOUND ( 'NONE', #8636, .T. );
#6134=EDGE_CURVE ( 'NONE', #2452, #6396, #2873, .T. );
#6135=VERTEX_POINT ( 'NONE', #3438 );
#6136=CARTESIAN_POINT ( 'NONE',  ( 0.03838582677165354451, 0.04921259842519685318, -0.4625984251968504046 ) );
#6137=CARTESIAN_POINT ( 'NONE',  ( -0.05430466209628694724, 0.02518183770682034736, -0.1852534358862323594 ) );
#6138=ORIENTED_EDGE ( 'NONE', *, *, #3580, .F. );
#6139=CARTESIAN_POINT ( 'NONE',  ( 0.06435193835051561395, 0.02986695956771220559, -0.06143562593298022845 ) );
#6140=EDGE_CURVE ( 'NONE', #9421, #8652, #507, .T. );
#6141=ORIENTED_EDGE ( 'NONE', *, *, #5357, .T. );
#6142=DIRECTION ( 'NONE',  ( 0.4677004853812987140, 0.000000000000000000, -0.8838870153894656800 ) );
#6143=ORIENTED_EDGE ( 'NONE', *, *, #1997, .T. );
#6144=ORIENTED_EDGE ( 'NONE', *, *, #252, .F. );
#6145=CARTESIAN_POINT ( 'NONE',  ( -0.09545495897641731453, -0.04355660384125985274, -0.2137391771466141399 ) );
#6146=CARTESIAN_POINT ( 'NONE',  ( -0.09360152683531496043, 0.09807721132807087350, -0.1807950960682283836 ) );
#6147=EDGE_CURVE ( 'NONE', #5860, #10097, #1345, .T. );
#6148=CARTESIAN_POINT ( 'NONE',  ( 0.09448818897637795144, -0.07381889763779526936, -0.3956692913385134180 ) );
#6149=ADVANCED_BREP_SHAPE_REPRESENTATION ( 'CUI_DEVICES_SJ-3524-SMT-TR', ( #5404, #3508 ), #4106 );
#6150=PLANE ( 'NONE',  #6691 );
#6151=ORIENTED_EDGE ( 'NONE', *, *, #5132, .F. );
#6152=ORIENTED_EDGE ( 'NONE', *, *, #6863, .T. );
#6153=CARTESIAN_POINT ( 'NONE',  ( -0.1043770859549212754, -0.09945582611240158522, -0.1948818897637795422 ) );
#6154=ORIENTED_EDGE ( 'NONE', *, *, #3951, .T. );
#6155=AXIS2_PLACEMENT_3D ( 'NONE', #7946, #277, #109 );
#6156=CARTESIAN_POINT ( 'NONE',  ( 0.1033027505329133927, 0.08484216287968503190, -0.04920934109755905478 ) );
#6157=PLANE ( 'NONE',  #5732 );
#6158=ORIENTED_EDGE ( 'NONE', *, *, #9724, .T. );
#6159=ORIENTED_EDGE ( 'NONE', *, *, #1288, .T. );
#6160=EDGE_CURVE ( 'NONE', #4895, #8538, #5021, .T. );
#6161=CARTESIAN_POINT ( 'NONE',  ( -0.04841944222177055335, 0.07673760904689311269, -0.2086614173229110469 ) );
#6162=CARTESIAN_POINT ( 'NONE',  ( 0.09448818897637795144, 0.000000000000000000, -0.5708661417322835607 ) );
#6163=ORIENTED_EDGE ( 'NONE', *, *, #2227, .F. );
#6164=EDGE_LOOP ( 'NONE', ( #10490, #7849, #7435, #6656, #10688, #6601, #21, #6116, #2298, #3687, #3686, #10934, #5363, #4194, #7905, #6606, #7508, #5707, #974, #1928, #7394, #4607, #6445, #590, #2363, #4893, #9064, #7584, #6714, #4938, #5730, #1971, #9063, #9415, #6590, #8843 ) );
#6165=EDGE_CURVE ( 'NONE', #1187, #10232, #641, .T. );
#6166=LINE ( 'NONE', #7350, #58 );
#6167=EDGE_CURVE ( 'NONE', #7915, #8917, #5368, .T. );
#6168=DIRECTION ( 'NONE',  ( 1.000000000000000000, 3.469446951953614189E-15, 0.000000000000000000 ) );
#6169=AXIS2_PLACEMENT_3D ( 'NONE', #2009, #73, #98 );
#6170=CARTESIAN_POINT ( 'NONE',  ( 0.09189520759794941873, 0.09845036014939979874, -0.08585920943810650130 ) );
#6171=AXIS2_PLACEMENT_3D ( 'NONE', #8546, #73, #47 );
#6172=CARTESIAN_POINT ( 'NONE',  ( 0.03940229860897264541, 0.01565760959381520823, -0.5047987702684041400 ) );
#6173=CARTESIAN_POINT ( 'NONE',  ( -0.04862973417791339320, 0.07872531308251969062, -0.1771653543307086520 ) );
#6174=CARTESIAN_POINT ( 'NONE',  ( 0.08970629198188975750, 0.09842519685039370636, -0.06988188976377952832 ) );
#6175=ADVANCED_FACE ( 'NONE', ( #3198, #6829, #10302 ), #6891, .F. );
#6176=LINE ( 'NONE', #1262, #31 );
#6177=EDGE_CURVE ( 'NONE', #10165, #8381, #9564, .T. );
#6178=VERTEX_POINT ( 'NONE', #1472 );
#6179=VECTOR ( 'NONE', #7910, 39.37007874015748854 );
#6180=ORIENTED_EDGE ( 'NONE', *, *, #9260, .T. );
#6181=CARTESIAN_POINT ( 'NONE',  ( -0.07283464566929134798, 0.09842519685039370636, -0.09350393700787401619 ) );
#6182=ORIENTED_EDGE ( 'NONE', *, *, #1190, .F. );
#6183=ORIENTED_EDGE ( 'NONE', *, *, #3251, .F. );
#6184=CARTESIAN_POINT ( 'NONE',  ( -0.1023158274309055177, 0.1023622047244094474, -0.2440944881889763884 ) );
#6185=CARTESIAN_POINT ( 'NONE',  ( -0.09055118110220690408, 0.09350407292650472768, -0.2126511338506299198 ) );
#6186=CARTESIAN_POINT ( 'NONE',  ( 0.000000000000000000, -0.08464566929133858497, -0.5708661417322835607 ) );
#6187=VECTOR ( 'NONE', #6550, 39.37007874015748143 );
#6188=PLANE ( 'NONE',  #3655 );
#6189=CARTESIAN_POINT ( 'NONE',  ( 0.05129659079096121621, 0.02453445940685580057, -0.4978382573666680910 ) );
#6190=AXIS2_PLACEMENT_3D ( 'NONE', #6871, #47, #73 );
#6191=LINE ( 'NONE', #3201, #293 );
#6192=ADVANCED_FACE ( 'NONE', ( #2458 ), #4296, .F. );
#6193=CARTESIAN_POINT ( 'NONE',  ( 0.1771653543307086520, -0.09251968503937008093, -0.08464566929133858497 ) );
#6194=ORIENTED_EDGE ( 'NONE', *, *, #11187, .T. );
#6195=LINE ( 'NONE', #10634, #293 );
#6196=FACE_OUTER_BOUND ( 'NONE', #10085, .T. );
#6197=ORIENTED_EDGE ( 'NONE', *, *, #2158, .T. );
#6198=CYLINDRICAL_SURFACE ( 'NONE', #2707, 0.009842519684762299909 );
#6199=ORIENTED_EDGE ( 'NONE', *, *, #1809, .F. );
#6200=CARTESIAN_POINT ( 'NONE',  ( 0.000000000000000000, -0.09645669291338582196, -0.6377952755905511584 ) );
#6201=CARTESIAN_POINT ( 'NONE',  ( -0.08366141732283464971, 0.04724409448818897572, -0.4133858267716535861 ) );
#6202=ORIENTED_EDGE ( 'NONE', *, *, #11533, .T. );
#6203=ORIENTED_EDGE ( 'NONE', *, *, #3749, .T. );
#6204=PLANE ( 'NONE',  #4681 );
#6205=CARTESIAN_POINT ( 'NONE',  ( -0.09198575417645826757, 0.08788847437839292231, -0.1783219749062558979 ) );
#6206=CARTESIAN_POINT ( 'NONE',  ( 0.06465419470978346628, 0.03937007874015747977, -0.3287401574803149873 ) );
#6207=EDGE_CURVE ( 'NONE', #2778, #2818, #6284, .T. );
#6208=CARTESIAN_POINT ( 'NONE',  ( -0.09251968503937008093, -0.04232283464566929249, -0.2234251968503937202 ) );
#6209=CYLINDRICAL_SURFACE ( 'NONE', #9771, 0.004921259842524893478 );
#6210=ORIENTED_EDGE ( 'NONE', *, *, #1715, .T. );
#6211=CARTESIAN_POINT ( 'NONE',  ( 0.07475677231279527490, 0.08661417322834646937, -0.01274889829705511991 ) );
#6212=ORIENTED_EDGE ( 'NONE', *, *, #10255, .F. );
#6213=ORIENTED_EDGE ( 'NONE', *, *, #2263, .T. );
#6214=CARTESIAN_POINT ( 'NONE',  ( 0.09549970906578739149, 0.08669874257673229612, -0.04924797341633858211 ) );
#6215=ORIENTED_EDGE ( 'NONE', *, *, #10648, .T. );
#6216=ORIENTED_EDGE ( 'NONE', *, *, #3580, .T. );
#6217=CARTESIAN_POINT ( 'NONE',  ( 0.09251968503937008093, 0.08661417322377955308, -0.09050184372445380099 ) );
#6218=EDGE_CURVE ( 'NONE', #10298, #6918, #4350, .T. );
#6219=CARTESIAN_POINT ( 'NONE',  ( 0.05495226913341819119, -0.02846427767779630136, -0.4606794507505929115 ) );
#6220=EDGE_LOOP ( 'NONE', ( #6909, #9033, #7881, #4250, #2256, #9718 ) );
#6221=ORIENTED_EDGE ( 'NONE', *, *, #8870, .T. );
#6222=CARTESIAN_POINT ( 'NONE',  ( 0.09275411298657479375, 0.09489308321464567930, -0.08692143494393700376 ) );
#6223=EDGE_CURVE ( 'NONE', #669, #4164, #1056, .T. );
#6224=CYLINDRICAL_SURFACE ( 'NONE', #10482, 0.005905511811023723447 );
#6225=CARTESIAN_POINT ( 'NONE',  ( 0.02537778771688078971, -0.1299209946236698221, -0.09161337106250436180 ) );
#6226=EDGE_CURVE ( 'NONE', #6769, #12, #754, .T. );
#6227=EDGE_CURVE ( 'NONE', #529, #6304, #4519, .T. );
#6228=CARTESIAN_POINT ( 'NONE',  ( -0.1228346456692913369, -0.1023622047244094474, -0.5708661417322835607 ) );
#6229=CARTESIAN_POINT ( 'NONE',  ( 0.07677165354330708902, 0.09350393700787401619, -0.02559055118110236185 ) );
#6230=VERTEX_POINT ( 'NONE', #3842 );
#6231=ORIENTED_EDGE ( 'NONE', *, *, #905, .T. );
#6232=ORIENTED_EDGE ( 'NONE', *, *, #316, .T. );
#6233=ORIENTED_EDGE ( 'NONE', *, *, #3631, .T. );
#6234=PLANE ( 'NONE',  #4667 );
#6235=EDGE_CURVE ( 'NONE', #3958, #241, #2480, .T. );
#6236=CARTESIAN_POINT ( 'NONE',  ( 0.03838582677165354451, -0.01574803149087007983, -0.5000000000000000000 ) );
#6237=PLANE ( 'NONE',  #10378 );
#6238=LINE ( 'NONE', #9727, #58 );
#6239=CARTESIAN_POINT ( 'NONE',  ( 0.06309154525673227321, -0.03268027996049212985, -0.4212961135641731802 ) );
#6240=ORIENTED_EDGE ( 'NONE', *, *, #2655, .T. );
#6241=CARTESIAN_POINT ( 'NONE',  ( 0.05118110236220472370, 0.07874015748031495954, -0.5078740157480314821 ) );
#6242=ORIENTED_EDGE ( 'NONE', *, *, #8011, .F. );
#6243=ORIENTED_EDGE ( 'NONE', *, *, #478, .T. );
#6244=ORIENTED_EDGE ( 'NONE', *, *, #1842, .F. );
#6245=ADVANCED_FACE ( 'NONE', ( #7221 ), #9672, .F. );
#6246=EDGE_CURVE ( 'NONE', #8183, #721, #2646, .T. );
#6247=CARTESIAN_POINT ( 'NONE',  ( -0.09547244094488190058, 0.04724409448818897572, -0.4133858267716535861 ) );
#6248=DIRECTION ( 'NONE',  ( -0.9063077870368272393, -0.4226182617403195785, 3.827665393420536063E-16 ) );
#6249=CARTESIAN_POINT ( 'NONE',  ( 0.07688756111169642304, 0.01568753107308239539, -0.06968503937007874960 ) );
#6250=ORIENTED_EDGE ( 'NONE', *, *, #6099, .F. );
#6251=ORIENTED_EDGE ( 'NONE', *, *, #613, .F. );
#6252=CARTESIAN_POINT ( 'NONE',  ( -0.1107283464566929110, -0.09842519685039370636, -0.2440944881889763884 ) );
#6253=CARTESIAN_POINT ( 'NONE',  ( -0.1021737062614311020, 0.08959719896881576662, -0.1774005005634047283 ) );
#6254=CARTESIAN_POINT ( 'NONE',  ( 0.06131529075933071088, 0.03371831769974802800, -0.4118662024996063153 ) );
#6255=AXIS2_PLACEMENT_3D ( 'NONE', #3366, #1254, #16 );
#6256=DIRECTION ( 'NONE',  ( 0.4651306830491148125, 0.1046847845183235953, -0.8790304565694045946 ) );
#6257=FACE_OUTER_BOUND ( 'NONE', #705, .T. );
#6258=VERTEX_POINT ( 'NONE', #8902 );
#6259=PLANE ( 'NONE',  #6696 );
#6260=ADVANCED_FACE ( 'NONE', ( #8104 ), #1714, .T. );
#6261=VERTEX_POINT ( 'NONE', #2007 );
#6262=ORIENTED_EDGE ( 'NONE', *, *, #6819, .T. );
#6263=CARTESIAN_POINT ( 'NONE',  ( -0.07775590551181103816, 0.06102362204724409711, -0.5649606299212598381 ) );
#6264=EDGE_CURVE ( 'NONE', #6261, #6122, #9781, .T. );
#6265=CARTESIAN_POINT ( 'NONE',  ( 0.09148240043381888897, 0.08648476560535434121, -0.04920934098964566822 ) );
#6266=VECTOR ( 'NONE', #8029, 39.37007874015748854 );
#6267=AXIS2_PLACEMENT_3D ( 'NONE', #2433, #47, #98 );
#6268=CYLINDRICAL_SURFACE ( 'NONE', #2669, 0.005905511811023654925 );
#6269=VERTEX_POINT ( 'NONE', #96 );
#6270=ORIENTED_EDGE ( 'NONE', *, *, #10625, .F. );
#6271=CARTESIAN_POINT ( 'NONE',  ( -0.08014803458025314409, -0.002949269674855413328, -0.1771653545188539292 ) );
#6272=CARTESIAN_POINT ( 'NONE',  ( -0.05851316234240173247, 0.02714429360089910120, -0.1980314960629919740 ) );
#6273=ADVANCED_FACE ( 'NONE', ( #10626 ), #6188, .T. );
#6274=DIRECTION ( 'NONE',  ( -0.9063077870285140003, 0.4226182617581469847, -6.999668518272499848E-12 ) );
#6275=CYLINDRICAL_SURFACE ( 'NONE', #3809, 0.005905511810293566193 );
#6276=CIRCLE ( 'NONE', #7572, 0.005905511811023654925 );
#6277=CYLINDRICAL_SURFACE ( 'NONE', #2481, 0.005905511811023517882 );
#6278=ORIENTED_EDGE ( 'NONE', *, *, #3026, .T. );
#6279=AXIS2_PLACEMENT_3D ( 'NONE', #8256, #16, #47 );
#6280=ORIENTED_EDGE ( 'NONE', *, *, #9524, .F. );
#6281=CARTESIAN_POINT ( 'NONE',  ( 0.09580060250082678142, 0.08705851089877952864, -0.09045823662149606037 ) );
#6282=EDGE_CURVE ( 'NONE', #7549, #4240, #23, .T. );
#6283=FACE_OUTER_BOUND ( 'NONE', #4374, .T. );
#6284=CIRCLE ( 'NONE', #432, 0.02952755905511811330 );
#6285=FACE_OUTER_BOUND ( 'NONE', #4193, .T. );
#6286=ORIENTED_EDGE ( 'NONE', *, *, #4999, .T. );
#6287=ADVANCED_FACE ( 'NONE', ( #7436 ), #10054, .F. );
#6288=VERTEX_POINT ( 'NONE', #2555 );
#6289=CARTESIAN_POINT ( 'NONE',  ( 0.04164924482043306370, -0.03914549855378347126, -0.3639979108468504032 ) );
#6290=AXIS2_PLACEMENT_3D ( 'NONE', #2730, #7955, #6256 );
#6291=ORIENTED_EDGE ( 'NONE', *, *, #5203, .F. );
#6292=VERTEX_POINT ( 'NONE', #626 );
#6293=LINE ( 'NONE', #7882, #11 );
#6294=LINE ( 'NONE', #10469, #24 );
#6295=CARTESIAN_POINT ( 'NONE',  ( 0.1023622047244094474, -0.08316929133858266820, -0.1141732283464566844 ) );
#6296=LINE ( 'NONE', #930, #188 );
#6297=CARTESIAN_POINT ( 'NONE',  ( -0.09645669291338582196, 0.000000000000000000, -0.5708661417322835607 ) );
#6298=AXIS2_PLACEMENT_3D ( 'NONE', #6895, #166, #73 );
#6299=CARTESIAN_POINT ( 'NONE',  ( 0.05833708166814961099, -0.03337668229425197475, -0.4160691479102361923 ) );
#6300=ADVANCED_FACE ( 'NONE', ( #2582 ), #7160, .T. );
#6301=VERTEX_POINT ( 'NONE', #8000 );
#6302=CARTESIAN_POINT ( 'NONE',  ( 0.08970629198187478337, 0.09350393700787401619, -0.05905511811023622659 ) );
#6303=VERTEX_POINT ( 'NONE', #1949 );
#6304=VERTEX_POINT ( 'NONE', #9843 );
#6305=CARTESIAN_POINT ( 'NONE',  ( 0.09251968503937008093, 0.06692913385826770867, -0.01574803149606299191 ) );
#6306=ORIENTED_EDGE ( 'NONE', *, *, #10037, .F. );
#6307=CIRCLE ( 'NONE', #5924, 0.003937007874015749712 );
#6308=EDGE_CURVE ( 'NONE', #3105, #6012, #2641, .T. );
#6309=AXIS2_PLACEMENT_3D ( 'NONE', #11707, #47, #73 );
#6310=CARTESIAN_POINT ( 'NONE',  ( 0.03932370144666141876, -0.05216535433070866590, -0.04035433070866142197 ) );
#6311=PLANE ( 'NONE',  #9480 );
#6312=LINE ( 'NONE', #11627, #311 );
#6313=ORIENTED_EDGE ( 'NONE', *, *, #9498, .T. );
#6314=ORIENTED_EDGE ( 'NONE', *, *, #5146, .F. );
#6315=CARTESIAN_POINT ( 'NONE',  ( 0.05131072827550349491, -0.02431936671710483930, -0.5027719776457195699 ) );
#6316=CARTESIAN_POINT ( 'NONE',  ( -0.09245402035677242891, 0.08657551740131920470, -0.1772042246096088014 ) );
#6317=CARTESIAN_POINT ( 'NONE',  ( 0.000000000000000000, -0.09842519685039372024, -0.4429133858267716994 ) );
#6318=EDGE_CURVE ( 'NONE', #614, #3705, #6238, .T. );
#6319=CARTESIAN_POINT ( 'NONE',  ( 0.09055118110236221041, 0.08858267716535432601, -0.1240157480314960647 ) );
#6320=EDGE_CURVE ( 'NONE', #1395, #6624, #9210, .T. );
#6321=ORIENTED_EDGE ( 'NONE', *, *, #457, .F. );
#6322=CARTESIAN_POINT ( 'NONE',  ( -0.1033928339864173263, 0.08764480248582677546, -0.2519685039370078705 ) );
#6323=ORIENTED_EDGE ( 'NONE', *, *, #6361, .F. );
#6324=ORIENTED_EDGE ( 'NONE', *, *, #11236, .T. );
#6325=LINE ( 'NONE', #10652, #293 );
#6326=DIRECTION ( 'NONE',  ( 0.000000000000000000, -0.2425356250408864101, -0.9701425001441935647 ) );
#6327=CIRCLE ( 'NONE', #4187, 0.03543307086614172485 );
#6328=LINE ( 'NONE', #7963, #293 );
#6329=AXIS2_PLACEMENT_3D ( 'NONE', #11323, #8245, #8887 );
#6330=CARTESIAN_POINT ( 'NONE',  ( -0.09942625283011811976, -0.04291898869444882303, -0.1820507873502362206 ) );
#6331=ORIENTED_EDGE ( 'NONE', *, *, #4354, .T. );
#6332=ORIENTED_EDGE ( 'NONE', *, *, #8949, .F. );
#6333=CARTESIAN_POINT ( 'NONE',  ( -0.1048228346456692855, -0.09842519685039370636, -0.1515748031496063075 ) );
#6334=DIRECTION ( 'NONE',  ( -0.9971233621273061232, 0.07579578286380320162, 0.000000000000000000 ) );
#6335=EDGE_CURVE ( 'NONE', #4158, #2851, #1313, .T. );
#6336=CARTESIAN_POINT ( 'NONE',  ( -0.02952755905512350829, 0.06442152823603523870, -0.1141732283464566844 ) );
#6337=AXIS2_PLACEMENT_3D ( 'NONE', #11723, #16, #54 );
#6338=ORIENTED_EDGE ( 'NONE', *, *, #5694, .F. );
#6339=ORIENTED_EDGE ( 'NONE', *, *, #8306, .F. );
#6340=ORIENTED_EDGE ( 'NONE', *, *, #3979, .F. );
#6341=CARTESIAN_POINT ( 'NONE',  ( -0.04354330331179779440, 0.07554982985373071003, -0.2184545993154201060 ) );
#6342=( BOUNDED_SURFACE ( )  B_SPLINE_SURFACE ( 3, 3, (( #5864, #6983, #9383, #1248 ),( #10197, #1507, #9487, #377 ),( #4331, #2434, #1381, #541 ),( #3995, #3170, #5109, #4996 ) ),.UNSPECIFIED., .F., .F., .F. )B_SPLINE_SURFACE_WITH_KNOTS ( ( 4, 4 ),( 4, 4 ),( 0.05204745709787886310, 1.000000000000000000 ),( 0.000000000000000000, 1.000000000000000000 ),.UNSPECIFIED. )GEOMETRIC_REPRESENTATION_ITEM ( )  RATIONAL_B_SPLINE_SURFACE ( (( 0.9868038654829055512, 0.3289346218276349432, 0.3289346218276349432, 0.9868038654829055512),( 0.9110878126980471725, 0.3036959375660154836, 0.3036959375660154836, 0.9110878126980471725),( 0.9154865242037453221, 0.3051621747345815705, 0.3051621747345815705, 0.9154865242037453221),( 1.000000000000000000, 0.3333333333333330928, 0.3333333333333330928, 1.000000000000000000) ) )REPRESENTATION_ITEM ( '' )  SURFACE ( )  );
#6343=CARTESIAN_POINT ( 'NONE',  ( 0.09245401880523701488, 0.08658840267691773895, -0.09050882217215210079 ) );
#6344=CARTESIAN_POINT ( 'NONE',  ( -0.09744094488188977110, 0.04094488188976377896, -0.2519685039370078705 ) );
#6345=LINE ( 'NONE', #5514, #31 );
#6346=AXIS2_PLACEMENT_3D ( 'NONE', #5383, #73, #54 );
#6347=EDGE_LOOP ( 'NONE', ( #11417, #6727, #11067, #1181, #11585, #1543, #8650, #42, #6073, #10 ) );
#6348=EDGE_CURVE ( 'NONE', #8010, #7259, #817, .T. );
#6349=VERTEX_POINT ( 'NONE', #10228 );
#6350=CARTESIAN_POINT ( 'NONE',  ( 0.09251968503937008093, -0.06889763779527559306, -0.1240157480314960647 ) );
#6351=FACE_OUTER_BOUND ( 'NONE', #5424, .T. );
#6352=EDGE_CURVE ( 'NONE', #1995, #5074, #5320, .T. );
#6353=ORIENTED_EDGE ( 'NONE', *, *, #6903, .F. );
#6354=EDGE_LOOP ( 'NONE', ( #6879, #8586, #8085, #9937 ) );
#6355=CARTESIAN_POINT ( 'NONE',  ( -0.1033464566929133965, -0.08070866141732284393, -0.1948818897637795422 ) );
#6356=CARTESIAN_POINT ( 'NONE',  ( 0.05964389348220393294, -0.02933332131891338776, -0.5233692567501385673 ) );
#6357=CARTESIAN_POINT ( 'NONE',  ( -0.1023622047244094474, 0.04488188976377952694, -0.2519685039370078705 ) );
#6358=EDGE_CURVE ( 'NONE', #1945, #11535, #5053, .T. );
#6359=CIRCLE ( 'NONE', #4086, 0.01181102362204724046 );
#6360=CARTESIAN_POINT ( 'NONE',  ( 0.06767887904625985440, -0.03268027996049212985, -0.4218981253452755986 ) );
#6361=EDGE_CURVE ( 'NONE', #3225, #10619, #7557, .T. );
#6362=LINE ( 'NONE', #2528, #11 );
#6363=ORIENTED_EDGE ( 'NONE', *, *, #5694, .T. );
#6364=CARTESIAN_POINT ( 'NONE',  ( 0.01172771485485565694, -0.1299212598425196763, -0.1591985407881514047 ) );
#6365=EDGE_LOOP ( 'NONE', ( #3372, #6673, #3732, #4729 ) );
#6366=PLANE ( 'NONE',  #5024 );
#6367=ORIENTED_EDGE ( 'NONE', *, *, #8779, .T. );
#6368=LINE ( 'NONE', #4474, #33 );
#6369=EDGE_LOOP ( 'NONE', ( #5747, #467, #762, #8224 ) );
#6370=AXIS2_PLACEMENT_3D ( 'NONE', #11587, #1747, #8991 );
#6371=AXIS2_PLACEMENT_3D ( 'NONE', #8628, #47, #7 );
#6372=DIRECTION ( 'NONE',  ( -0.9063077870374528500, -0.4226182617389778740, 4.999886923488408872E-11 ) );
#6373=CARTESIAN_POINT ( 'NONE',  ( 0.08070866141732284393, 0.07381889763779526936, -0.5708661417322835607 ) );
#6374=CARTESIAN_POINT ( 'NONE',  ( -0.04133858267716535029, 0.07086614173228346358, -0.09645669291338582196 ) );
#6375=EDGE_CURVE ( 'NONE', #5466, #170, #9485, .T. );
#6376=ORIENTED_EDGE ( 'NONE', *, *, #4800, .F. );
#6377=ORIENTED_EDGE ( 'NONE', *, *, #7004, .F. );
#6378=CARTESIAN_POINT ( 'NONE',  ( 0.05046878408271184002, -0.02492169394612015268, -0.5042478965835892613 ) );
#6379=CARTESIAN_POINT ( 'NONE',  ( -0.09248682999570906338, 0.08677801630624054630, -0.1772582987811385791 ) );
#6380=CARTESIAN_POINT ( 'NONE',  ( 0.05878833747192913767, 0.03302191886709449076, -0.4184646756338583073 ) );
#6381=EDGE_CURVE ( 'NONE', #417, #2927, #5331, .T. );
#6382=EDGE_CURVE ( 'NONE', #10409, #5956, #7596, .T. );
#6383=EDGE_CURVE ( 'NONE', #1672, #9232, #9559, .T. );
#6384=FACE_OUTER_BOUND ( 'NONE', #4506, .T. );
#6385=LINE ( 'NONE', #7956, #31 );
#6386=ORIENTED_EDGE ( 'NONE', *, *, #8160, .T. );
#6387=LINE ( 'NONE', #8358, #188 );
#6388=VERTEX_POINT ( 'NONE', #6641 );
#6389=ORIENTED_EDGE ( 'NONE', *, *, #7393, .F. );
#6390=LINE ( 'NONE', #9868, #10736 );
#6391=CARTESIAN_POINT ( 'NONE',  ( 0.1033464566929133965, 0.008858267716535432948, -0.01377952755905511792 ) );
#6392=CARTESIAN_POINT ( 'NONE',  ( -0.1023575561534970507, -0.04281250175212474723, -0.1820449718348116919 ) );
#6393=CYLINDRICAL_SURFACE ( 'NONE', #2669, 0.01771653543307089712 );
#6394=EDGE_CURVE ( 'NONE', #11175, #2984, #10107, .T. );
#6395=ORIENTED_EDGE ( 'NONE', *, *, #10447, .F. );
#6396=VERTEX_POINT ( 'NONE', #7735 );
#6397=FACE_OUTER_BOUND ( 'NONE', #5401, .T. );
#6398=CARTESIAN_POINT ( 'NONE',  ( 0.06541607390811909895, -0.03270680615228846455, -0.4213119777755984230 ) );
#6399=DIRECTION ( 'NONE',  ( -0.9063077870367891586, -0.4226182617404010133, 2.151508075068505312E-14 ) );
#6400=CARTESIAN_POINT ( 'NONE',  ( 0.1771653543307086520, -0.1023622047244094474, -0.09448818897637795144 ) );
#6401=B_SPLINE_CURVE_WITH_KNOTS ( 'NONE', 3,( #8833, #1625, #3592, #5336, #667, #6453, #598 ),.UNSPECIFIED., .F., .F.,( 4, 3, 4 ),( 2.910578865397227917E-13, 9.496473902005122042E-06, 1.917429794466463003E-05 ),.UNSPECIFIED. );
#6402=AXIS2_PLACEMENT_3D ( 'NONE', #6993, #218, #73 );
#6403=ORIENTED_EDGE ( 'NONE', *, *, #6963, .F. );
#6404=EDGE_LOOP ( 'NONE', ( #11660, #732, #1186, #281 ) );
#6405=VERTEX_POINT ( 'NONE', #7682 );
#6406=PLANE ( 'NONE',  #3407 );
#6407=CARTESIAN_POINT ( 'NONE',  ( 0.1024288067967389776, 0.08661417317679961925, -0.09050184485488110830 ) );
#6408=LINE ( 'NONE', #4449, #311 );
#6409=ADVANCED_FACE ( 'NONE', ( #8547 ), #1378, .T. );
#6410=EDGE_CURVE ( 'NONE', #5062, #3564, #1121, .T. );
#6411=AXIS2_PLACEMENT_3D ( 'NONE', #426, #98, #54 );
#6412=DIRECTION ( 'NONE',  ( 3.515895900974019720E-16, -1.000000000000000000, 7.929067692480069923E-16 ) );
#6413=DIRECTION ( 'NONE',  ( -0.01193970340955846469, 0.9945054529213173122, -0.1040016711031962471 ) );
#6414=VERTEX_POINT ( 'NONE', #10280 );
#6415=ORIENTED_EDGE ( 'NONE', *, *, #11161, .F. );
#6416=CARTESIAN_POINT ( 'NONE',  ( -0.08267716535433070058, 0.07677165354330708902, -0.5708661417322835607 ) );
#6417=EDGE_LOOP ( 'NONE', ( #11189, #2983, #8770, #632, #7466 ) );
#6418=ORIENTED_EDGE ( 'NONE', *, *, #5505, .T. );
#6419=LINE ( 'NONE', #9341, #58 );
#6420=EDGE_CURVE ( 'NONE', #7583, #11121, #4027, .T. );
#6421=CARTESIAN_POINT ( 'NONE',  ( 0.09143197359220472942, -0.04230777849291338794, -0.08565458888885826849 ) );
#6422=CARTESIAN_POINT ( 'NONE',  ( 0.09055118110236221041, 0.08661417322834646937, -0.01574803149606299191 ) );
#6423=CARTESIAN_POINT ( 'NONE',  ( 0.06759995973858268226, -0.03263599145176771660, -0.4224338645657480518 ) );
#6424=FACE_OUTER_BOUND ( 'NONE', #7538, .T. );
#6425=VERTEX_POINT ( 'NONE', #1189 );
#6426=CARTESIAN_POINT ( 'NONE',  ( 0.04232283464566918840, 0.01574803149432615901, -0.5009753516991127809 ) );
#6427=VERTEX_POINT ( 'NONE', #4934 );
#6428=CARTESIAN_POINT ( 'NONE',  ( 0.03661500237096224769, 0.03856218559050378358, -0.3728712764227500309 ) );
#6429=EDGE_LOOP ( 'NONE', ( #11351, #714, #2674, #8553 ) );
#6430=DIRECTION ( 'NONE',  ( 0.1140538566600362708, 3.614007241580631359E-15, 0.9934745682607944994 ) );
#6431=VERTEX_POINT ( 'NONE', #1442 );
#6432=LINE ( 'NONE', #9180, #293 );
#6433=EDGE_CURVE ( 'NONE', #8895, #7132, #352, .T. );
#6434=CARTESIAN_POINT ( 'NONE',  ( 0.03248031496062991907, -0.07677165354330708902, -0.5649606299212598381 ) );
#6435=CARTESIAN_POINT ( 'NONE',  ( 0.08970629198188975750, 0.09350393700787401619, -0.08070866141732284393 ) );
#6436=ORIENTED_EDGE ( 'NONE', *, *, #9328, .T. );
#6437=EDGE_LOOP ( 'NONE', ( #3706, #3741, #11736, #1863 ) );
#6438=CARTESIAN_POINT ( 'NONE',  ( -0.09242121071783583608, 0.08660151012106812041, -0.1772112019219695689 ) );
#6439=CARTESIAN_POINT ( 'NONE',  ( 0.05850421146728346927, 0.03268027996060236806, -0.4206941017842519837 ) );
#6440=CIRCLE ( 'NONE', #7223, 0.005905511811023620231 );
#6441=ORIENTED_EDGE ( 'NONE', *, *, #11423, .F. );
#6442=EDGE_CURVE ( 'NONE', #5220, #4340, #202, .T. );
#6443=ORIENTED_EDGE ( 'NONE', *, *, #3971, .F. );
#6444=PLANE ( 'NONE',  #5946 );
#6445=ORIENTED_EDGE ( 'NONE', *, *, #7913, .F. );
#6446=LINE ( 'NONE', #6391, #311 );
#6447=CARTESIAN_POINT ( 'NONE',  ( 0.09064279604098425536, 0.09947179588413385121, -0.05493492041791338959 ) );
#6448=CARTESIAN_POINT ( 'NONE',  ( 0.08267716535433070058, -0.04330708661417323468, -0.05384422965189259586 ) );
#6449=ORIENTED_EDGE ( 'NONE', *, *, #7969, .T. );
#6450=ORIENTED_EDGE ( 'NONE', *, *, #10565, .F. );
#6451=LINE ( 'NONE', #9931, #728 );
#6452=VECTOR ( 'NONE', #7907, 39.37007874015748854 );
#6453=CARTESIAN_POINT ( 'NONE',  ( -0.09251968636587061534, -0.04318455089807342329, -0.2136491364063304310 ) );
#6454=LINE ( 'NONE', #7313, #58 );
#6455=VERTEX_POINT ( 'NONE', #10168 );
#6456=EDGE_CURVE ( 'NONE', #9929, #11217, #2130, .T. );
#6457=ORIENTED_EDGE ( 'NONE', *, *, #8147, .F. );
#6458=VERTEX_POINT ( 'NONE', #7628 );
#6459=EDGE_LOOP ( 'NONE', ( #5470, #10817, #560, #6376 ) );
#6460=CARTESIAN_POINT ( 'NONE',  ( 0.09248682844931141456, 0.08677801629193464261, -0.09045823662149606037 ) );
#6461=LINE ( 'NONE', #1877, #31 );
#6462=ORIENTED_EDGE ( 'NONE', *, *, #1274, .T. );
#6463=LINE ( 'NONE', #2877, #11 );
#6464=AXIS2_PLACEMENT_3D ( 'NONE', #4986, #7552, #7497 );
#6465=EDGE_LOOP ( 'NONE', ( #3728, #3499, #2713, #9373, #10808, #5682 ) );
#6466=EDGE_CURVE ( 'NONE', #5299, #4326, #2310, .T. );
#6467=ADVANCED_FACE ( 'NONE', ( #9706 ), #3996, .F. );
#6468=ORIENTED_EDGE ( 'NONE', *, *, #5117, .F. );
#6469=CARTESIAN_POINT ( 'NONE',  ( 0.04533589456239594390, -0.03910381926615535964, -0.3632652046427958248 ) );
#6470=ORIENTED_EDGE ( 'NONE', *, *, #6456, .F. );
#6471=CIRCLE ( 'NONE', #424, 0.01181102362204724046 );
#6472=CARTESIAN_POINT ( 'NONE',  ( -0.1023622047244094474, 0.08661417312125985202, -0.1978346456692913480 ) );
#6473=CARTESIAN_POINT ( 'NONE',  ( 0.09645669291338582196, 0.006889763779527558960, -0.4311023622047244208 ) );
#6474=CARTESIAN_POINT ( 'NONE',  ( 0.08260009332591693176, -0.03937007874015747977, -0.2198510298031082777 ) );
#6475=CARTESIAN_POINT ( 'NONE',  ( 0.000000000000000000, -0.09842519685039370636, -0.5708661417322835607 ) );
#6476=ADVANCED_FACE ( 'NONE', ( #4267 ), #3470, .T. );
#6477=VECTOR ( 'NONE', #5567, 39.37007874015748854 );
#6478=AXIS2_PLACEMENT_3D ( 'NONE', #1319, #6372, #411 );
#6479=CARTESIAN_POINT ( 'NONE',  ( -0.09739847835855365565, -0.04218809435734856977, -0.2135826404489250263 ) );
#6480=ORIENTED_EDGE ( 'NONE', *, *, #5967, .F. );
#6481=ORIENTED_EDGE ( 'NONE', *, *, #6875, .F. );
#6482=DIRECTION ( 'NONE',  ( 0.000000000000000000, -0.2039542541120380470, 0.9789804197375973072 ) );
#6483=ORIENTED_EDGE ( 'NONE', *, *, #10506, .F. );
#6484=B_SPLINE_CURVE_WITH_KNOTS ( 'NONE', 3,( #1893, #8701, #3332, #1663 ),.UNSPECIFIED., .F., .F.,( 4, 4 ),( 0.000000000000000000, 1.000000000000000000 ),.UNSPECIFIED. );
#6485=LINE ( 'NONE', #9961, #58 );
#6486=EDGE_LOOP ( 'NONE', ( #3816, #5590, #1251, #839 ) );
#6487=DIRECTION ( 'NONE',  ( 0.9934745682605230499, 0.000000000000000000, -0.1140538566624000050 ) );
#6488=CARTESIAN_POINT ( 'NONE',  ( 0.03179757324350343528, -0.1275040290269355558, -0.3555213466945830736 ) );
#6489=AXIS2_PLACEMENT_3D ( 'NONE', #4082, #4811, #195 );
#6490=CARTESIAN_POINT ( 'NONE',  ( 0.08267716535433070058, -0.07185039370082677013, -0.3612204724409449064 ) );
#6491=VECTOR ( 'NONE', #3516, 39.37007874015748143 );
#6492=ADVANCED_FACE ( 'NONE', ( #7859 ), #7090, .F. );
#6493=ORIENTED_EDGE ( 'NONE', *, *, #1023, .T. );
#6494=ORIENTED_EDGE ( 'NONE', *, *, #5748, .T. );
#6495=PLANE ( 'NONE',  #10749 );
#6496=CARTESIAN_POINT ( 'NONE',  ( -0.09245402035677242891, 0.08677523913433150826, -0.1772582987811354427 ) );
#6497=CARTESIAN_POINT ( 'NONE',  ( 0.1771653543307086520, -0.09055118110236221041, -0.4645669291338582751 ) );
#6498=EDGE_CURVE ( 'NONE', #11560, #2486, #2559, .T. );
#6499=CIRCLE ( 'NONE', #8894, 0.003937007874015749712 );
#6500=CARTESIAN_POINT ( 'NONE',  ( -0.07343170274575273881, -0.002307959284079017740, -0.2145303229370998654 ) );
#6501=VERTEX_POINT ( 'NONE', #9650 );
#6502=EDGE_LOOP ( 'NONE', ( #4098, #8308, #10718, #654 ) );
#6503=CARTESIAN_POINT ( 'NONE',  ( 0.03637094554114960604, 0.07874015748031495954, -0.4359772447539370099 ) );
#6504=VERTEX_POINT ( 'NONE', #1443 );
#6505=LINE ( 'NONE', #3074, #58 );
#6506=FACE_OUTER_BOUND ( 'NONE', #11710, .T. );
#6507=CARTESIAN_POINT ( 'NONE',  ( 0.04705461254779810809, 0.03856218568948004133, -0.3673472544860937328 ) );
#6508=CARTESIAN_POINT ( 'NONE',  ( -0.09942235350456693488, -0.04362869598622047540, -0.1819312978411023740 ) );
#6509=ORIENTED_EDGE ( 'NONE', *, *, #2595, .F. );
#6510=ORIENTED_EDGE ( 'NONE', *, *, #9597, .F. );
#6511=ADVANCED_FACE ( 'NONE', ( #10446 ), #9539, .F. );
#6512=FACE_OUTER_BOUND ( 'NONE', #7270, .T. );
#6513=EDGE_CURVE ( 'NONE', #8409, #9901, #1621, .T. );
#6514=CARTESIAN_POINT ( 'NONE',  ( 0.04844190411862205059, 0.03843852508353149539, -0.3677199376874409897 ) );
#6515=ORIENTED_EDGE ( 'NONE', *, *, #10747, .F. );
#6516=EDGE_LOOP ( 'NONE', ( #3569, #7335, #9596, #3194, #1010, #6286 ) );
#6517=ORIENTED_EDGE ( 'NONE', *, *, #78, .T. );
#6518=VECTOR ( 'NONE', #5882, 39.37007874015748143 );
#6519=ORIENTED_EDGE ( 'NONE', *, *, #6617, .T. );
#6520=AXIS2_PLACEMENT_3D ( 'NONE', #729, #16, #47 );
#6521=CARTESIAN_POINT ( 'NONE',  ( 0.1023956690562238259, 0.08645376077436696394, -0.09050882217210594327 ) );
#6522=CARTESIAN_POINT ( 'NONE',  ( -0.09547244094488190058, -0.06496062992125983815, -0.4133858267716535861 ) );
#6523=LINE ( 'NONE', #10848, #188 );
#6524=ORIENTED_EDGE ( 'NONE', *, *, #100, .T. );
#6525=VERTEX_POINT ( 'NONE', #1689 );
#6526=PLANE ( 'NONE',  #8405 );
#6527=EDGE_CURVE ( 'NONE', #5339, #6786, #5223, .T. );
#6528=LINE ( 'NONE', #11657, #33 );
#6529=CARTESIAN_POINT ( 'NONE',  ( -0.09744094488188977110, 0.04094488188974566845, -0.1437007874015747977 ) );
#6530=ORIENTED_EDGE ( 'NONE', *, *, #8710, .F. );
#6531=EDGE_CURVE ( 'NONE', #3027, #8868, #3532, .T. );
#6532=EDGE_CURVE ( 'NONE', #7080, #11605, #11253, .T. );
#6533=ORIENTED_EDGE ( 'NONE', *, *, #6682, .T. );
#6534=ORIENTED_EDGE ( 'NONE', *, *, #6040, .T. );
#6535=CARTESIAN_POINT ( 'NONE',  ( 0.05085026442093774912, -0.02467843489811495997, -0.4964102667000394042 ) );
#6536=LINE ( 'NONE', #1003, #728 );
#6537=EDGE_CURVE ( 'NONE', #8165, #585, #8778, .T. );
#6538=EDGE_CURVE ( 'NONE', #4511, #4326, #11562, .T. );
#6539=LINE ( 'NONE', #9953, #188 );
#6540=CYLINDRICAL_SURFACE ( 'NONE', #4065, 0.003937007874015749712 );
#6541=AXIS2_PLACEMENT_3D ( 'NONE', #2385, #16, #54 );
#6542=DIRECTION ( 'NONE',  ( -0.9063077870367802769, 0.4226182617404200537, 0.000000000000000000 ) );
#6543=VERTEX_POINT ( 'NONE', #2371 );
#6544=CARTESIAN_POINT ( 'NONE',  ( 0.04232283464566918840, 0.01672338319466714143, -0.5005713477985284099 ) );
#6545=ORIENTED_EDGE ( 'NONE', *, *, #8022, .T. );
#6546=CARTESIAN_POINT ( 'NONE',  ( -0.09547244094488190058, -0.07677165354330708902, -0.4330708661417322913 ) );
#6547=ORIENTED_EDGE ( 'NONE', *, *, #9525, .F. );
#6548=CARTESIAN_POINT ( 'NONE',  ( 0.09153543307086613179, -0.04921259842519685318, -0.06988188976377952832 ) );
#6549=ORIENTED_EDGE ( 'NONE', *, *, #7295, .F. );
#6550=DIRECTION ( 'NONE',  ( -0.9063077870371980538, 0.4226182617395239927, 0.000000000000000000 ) );
#6551=CARTESIAN_POINT ( 'NONE',  ( 0.02950530667952889347, -0.1275040290269355558, -0.4145319600536409022 ) );
#6552=CARTESIAN_POINT ( 'NONE',  ( 0.06435193835051998545, 0.02986695956771423521, -0.06143562593298752816 ) );
#6553=EDGE_CURVE ( 'NONE', #7835, #9746, #4329, .T. );
#6554=ORIENTED_EDGE ( 'NONE', *, *, #5800, .T. );
#6555=ADVANCED_FACE ( 'NONE', ( #596 ), #6038, .T. );
#6556=CARTESIAN_POINT ( 'NONE',  ( -0.1033464566929133965, -0.09945582611240158522, -0.1938512605017716772 ) );
#6557=DIRECTION ( 'NONE',  ( 0.9063077870369627975, -0.4226182617400288666, -2.999933503369299417E-12 ) );
#6558=VECTOR ( 'NONE', #1315, 39.37007874015748143 );
#6559=CARTESIAN_POINT ( 'NONE',  ( -0.1023622047244094474, -0.06889763779527559306, -0.1535433070866141780 ) );
#6560=ORIENTED_EDGE ( 'NONE', *, *, #4504, .T. );
#6561=FACE_OUTER_BOUND ( 'NONE', #8855, .T. );
#6562=VERTEX_POINT ( 'NONE', #8936 );
#6563=VERTEX_POINT ( 'NONE', #7911 );
#6564=CARTESIAN_POINT ( 'NONE',  ( 0.09155534310964566491, 0.09545711880161417140, -0.05390456893307086356 ) );
#6565=CARTESIAN_POINT ( 'NONE',  ( 0.04035433070866141503, 0.07990081201485961515, -0.04979370640248948626 ) );
#6566=VERTEX_POINT ( 'NONE', #2397 );
#6567=ORIENTED_EDGE ( 'NONE', *, *, #7467, .T. );
#6568=EDGE_CURVE ( 'NONE', #9731, #9972, #2102, .T. );
#6569=PLANE ( 'NONE',  #6739 );
#6570=CARTESIAN_POINT ( 'NONE',  ( 0.09251968503937008093, 0.03307086614172603106, -0.01574803149606299191 ) );
#6571=CIRCLE ( 'NONE', #5071, 0.001968503937008015802 );
#6572=DIRECTION ( 'NONE',  ( 0.4226182617403190234, 0.9063077870368274613, 0.000000000000000000 ) );
#6573=LINE ( 'NONE', #2979, #1263 );
#6574=FACE_OUTER_BOUND ( 'NONE', #8007, .T. );
#6575=ORIENTED_EDGE ( 'NONE', *, *, #7248, .F. );
#6576=VERTEX_POINT ( 'NONE', #11425 );
#6577=ORIENTED_EDGE ( 'NONE', *, *, #6830, .F. );
#6578=ORIENTED_EDGE ( 'NONE', *, *, #9561, .F. );
#6579=CARTESIAN_POINT ( 'NONE',  ( -0.09251968503937008093, 0.08661417320137797249, -0.2519685039370078705 ) );
#6580=DIRECTION ( 'NONE',  ( 0.1140538566548294497, -0.000000000000000000, 0.9934745682613922435 ) );
#6581=CARTESIAN_POINT ( 'NONE',  ( 0.03784124729188582253, 0.07369455902767717281, -0.09055118110236221041 ) );
#6582=LINE ( 'NONE', #1815, #293 );
#6583=ORIENTED_EDGE ( 'NONE', *, *, #7199, .T. );
#6584=ORIENTED_EDGE ( 'NONE', *, *, #1885, .T. );
#6585=EDGE_CURVE ( 'NONE', #6798, #1423, #10598, .T. );
#6586=FACE_OUTER_BOUND ( 'NONE', #4983, .T. );
#6587=DIRECTION ( 'NONE',  ( 0.9934745682605145012, 0.000000000000000000, -0.1140538566624749589 ) );
#6588=CARTESIAN_POINT ( 'NONE',  ( 0.09148905577736221595, -0.003890630580521259926, -0.04429133858267716300 ) );
#6589=FACE_OUTER_BOUND ( 'NONE', #7170, .T. );
#6590=ORIENTED_EDGE ( 'NONE', *, *, #10133, .F. );
#6591=CARTESIAN_POINT ( 'NONE',  ( 0.04705461374414559445, -0.03856218563458583409, -0.3673472544276712437 ) );
#6592=EDGE_CURVE ( 'NONE', #2423, #9385, #11648, .T. );
#6593=CARTESIAN_POINT ( 'NONE',  ( 0.08267716535433070058, -0.07185039370081358623, -0.4350393700787402174 ) );
#6594=VERTEX_POINT ( 'NONE', #976 );
#6595=LINE ( 'NONE', #2886, #31 );
#6596=FACE_OUTER_BOUND ( 'NONE', #6924, .T. );
#6597=EDGE_CURVE ( 'NONE', #6743, #11192, #9984, .T. );
#6598=CARTESIAN_POINT ( 'NONE',  ( 0.08070866141732284393, -0.06102362204724409711, -0.5708661417322835607 ) );
#6599=CARTESIAN_POINT ( 'NONE',  ( 0.09645669291338582196, 0.006889763779527558960, -0.3996062992125983815 ) );
#6600=CARTESIAN_POINT ( 'NONE',  ( 0.03837352134336936144, -0.02328789440823153187, -0.5044830462878810984 ) );
#6601=ORIENTED_EDGE ( 'NONE', *, *, #9703, .F. );
#6602=CARTESIAN_POINT ( 'NONE',  ( 0.04197615822706313171, 0.01685361808874149755, -0.5018873543759241329 ) );
#6603=ORIENTED_EDGE ( 'NONE', *, *, #7036, .F. );
#6604=EDGE_CURVE ( 'NONE', #6414, #10241, #7359, .T. );
#6605=CYLINDRICAL_SURFACE ( 'NONE', #9978, 0.009842519684566923208 );
#6606=ORIENTED_EDGE ( 'NONE', *, *, #11027, .F. );
#6607=VERTEX_POINT ( 'NONE', #11702 );
#6608=FACE_OUTER_BOUND ( 'NONE', #11511, .T. );
#6609=LINE ( 'NONE', #4776, #11 );
#6610=EDGE_CURVE ( 'NONE', #10096, #10734, #3202, .T. );
#6611=LINE ( 'NONE', #6490, #31 );
#6612=ORIENTED_EDGE ( 'NONE', *, *, #6819, .F. );
#6613=CARTESIAN_POINT ( 'NONE',  ( 0.05391084475991181346, 0.01799467677325626222, -0.5311131790601063551 ) );
#6614=PLANE ( 'NONE',  #5060 );
#6615=CARTESIAN_POINT ( 'NONE',  ( -0.08460821069753583779, -0.0008694553946487698160, -0.1771653544247834555 ) );
#6616=ORIENTED_EDGE ( 'NONE', *, *, #9412, .F. );
#6617=EDGE_CURVE ( 'NONE', #3586, #10021, #2826, .T. );
#6618=CARTESIAN_POINT ( 'NONE',  ( 0.08267716535433070058, -0.03405357236597244402, -0.5255905511811024278 ) );
#6619=EDGE_CURVE ( 'NONE', #3776, #11250, #7423, .T. );
#6620=VERTEX_POINT ( 'NONE', #2859 );
#6621=ORIENTED_EDGE ( 'NONE', *, *, #6857, .T. );
#6622=CARTESIAN_POINT ( 'NONE',  ( 0.04232283464566918840, -0.01672338283945730419, -0.5005713475881186092 ) );
#6623=CARTESIAN_POINT ( 'NONE',  ( -0.06435193835051994382, 0.02986695956771423868, -0.2062809095000834314 ) );
#6624=VERTEX_POINT ( 'NONE', #4950 );
#6625=ORIENTED_EDGE ( 'NONE', *, *, #6177, .T. );
#6626=CARTESIAN_POINT ( 'NONE',  ( -0.09251968503937008093, 0.08661417317440946173, -0.1978346456692913480 ) );
#6627=AXIS2_PLACEMENT_3D ( 'NONE', #1951, #151, #19 );
#6628=CARTESIAN_POINT ( 'NONE',  ( -0.09055118110232361628, 0.08854982212165353472, -0.1830181574880315187 ) );
#6629=CYLINDRICAL_SURFACE ( 'NONE', #7211, 0.005905511811023654925 );
#6630=ADVANCED_FACE ( 'NONE', ( #11532 ), #9873, .F. );
#6631=ORIENTED_EDGE ( 'NONE', *, *, #3938, .F. );
#6632=ORIENTED_EDGE ( 'NONE', *, *, #5081, .T. );
#6633=EDGE_CURVE ( 'NONE', #7548, #8900, #8858, .T. );
#6634=ORIENTED_EDGE ( 'NONE', *, *, #4032, .T. );
#6635=VERTEX_POINT ( 'NONE', #1038 );
#6636=ADVANCED_FACE ( 'NONE', ( #3588 ), #10899, .T. );
#6637=CARTESIAN_POINT ( 'NONE',  ( -0.1033464566929133965, -0.09842519685039370636, -0.2440944881889763884 ) );
#6638=VERTEX_POINT ( 'NONE', #6570 );
#6639=ORIENTED_EDGE ( 'NONE', *, *, #2715, .T. );
#6640=LINE ( 'NONE', #6695, #24 );
#6641=CARTESIAN_POINT ( 'NONE',  ( -0.1023622047244094474, -0.04232283464566929249, -0.1722440944881890035 ) );
#6642=EDGE_CURVE ( 'NONE', #11335, #10783, #1991, .T. );
#6643=CARTESIAN_POINT ( 'NONE',  ( -0.07776767274317125667, -0.009489260072391180953, -0.1820866141732283561 ) );
#6644=CIRCLE ( 'NONE', #5885, 0.004921259842519689308 );
#6645=PLANE ( 'NONE',  #8288 );
#6646=EDGE_CURVE ( 'NONE', #5157, #8470, #5671, .T. );
#6647=ORIENTED_EDGE ( 'NONE', *, *, #8239, .F. );
#6648=DIRECTION ( 'NONE',  ( -0.005858284824617107298, 0.01256313234871700608, -0.9999039194865185776 ) );
#6649=CARTESIAN_POINT ( 'NONE',  ( -0.1033464566929133965, 0.000000000000000000, -0.1515748031496063075 ) );
#6650=CARTESIAN_POINT ( 'NONE',  ( 0.09055118110212598270, 0.09514455903425196592, -0.08469837794503937145 ) );
#6651=VERTEX_POINT ( 'NONE', #3169 );
#6652=LINE ( 'NONE', #5822, #24 );
#6653=LINE ( 'NONE', #10118, #11 );
#6654=CARTESIAN_POINT ( 'NONE',  ( -0.09596944646421259884, 0.09833785030917321923, -0.2158271757567716553 ) );
#6655=EDGE_CURVE ( 'NONE', #3275, #8361, #1803, .T. );
#6656=ORIENTED_EDGE ( 'NONE', *, *, #11023, .F. );
#6657=CARTESIAN_POINT ( 'NONE',  ( 0.04232283464566918840, 0.01631937929372291943, -0.4990246483008868861 ) );
#6658=ORIENTED_EDGE ( 'NONE', *, *, #9059, .T. );
#6659=ORIENTED_EDGE ( 'NONE', *, *, #1962, .T. );
#6660=ORIENTED_EDGE ( 'NONE', *, *, #4269, .T. );
#6661=CARTESIAN_POINT ( 'NONE',  ( 0.06029723278932062197, 0.02797621931299328762, -0.07307113536215520400 ) );
#6662=ORIENTED_EDGE ( 'NONE', *, *, #11286, .T. );
#6663=LINE ( 'NONE', #10135, #11 );
#6664=CARTESIAN_POINT ( 'NONE',  ( 0.09318499953698898552, 0.09822442633966234349, -0.05305934861273297470 ) );
#6665=AXIS2_PLACEMENT_3D ( 'NONE', #3196, #7, #47 );
#6666=EDGE_CURVE ( 'NONE', #8315, #1834, #9089, .T. );
#6667=CARTESIAN_POINT ( 'NONE',  ( 0.08267716535433070058, -0.03248031496061185019, -0.5255905511811024278 ) );
#6668=EDGE_CURVE ( 'NONE', #10619, #9130, #1024, .T. );
#6669=EDGE_CURVE ( 'NONE', #3271, #9429, #8190, .T. );
#6670=LINE ( 'NONE', #9135, #6876 );
#6671=EDGE_LOOP ( 'NONE', ( #3369, #11388, #7364, #4595, #7316, #4687 ) );
#6672=ORIENTED_EDGE ( 'NONE', *, *, #6818, .T. );
#6673=ORIENTED_EDGE ( 'NONE', *, *, #7991, .F. );
#6674=AXIS2_PLACEMENT_3D ( 'NONE', #5500, #47, #7 );
#6675=CARTESIAN_POINT ( 'NONE',  ( 0.08996052125716536008, 0.09944522754078739812, -0.05562763354901574531 ) );
#6676=CARTESIAN_POINT ( 'NONE',  ( -0.06435193835050397049, 0.02986695956774846825, -0.1897820826259008498 ) );
#6677=EDGE_LOOP ( 'NONE', ( #5216, #11494, #9179, #3091 ) );
#6678=ORIENTED_EDGE ( 'NONE', *, *, #3104, .T. );
#6679=LINE ( 'NONE', #4918, #11 );
#6680=FACE_OUTER_BOUND ( 'NONE', #1696, .T. );
#6681=EDGE_CURVE ( 'NONE', #3705, #1487, #6451, .T. );
#6682=EDGE_CURVE ( 'NONE', #6431, #9870, #2978, .T. );
#6683=DIRECTION ( 'NONE',  ( 0.9992463862135784192, -2.518240245954571558E-12, -0.03881571381675286148 ) );
#6684=ORIENTED_EDGE ( 'NONE', *, *, #8160, .F. );
#6685=ORIENTED_EDGE ( 'NONE', *, *, #8323, .F. );
#6686=ORIENTED_EDGE ( 'NONE', *, *, #3813, .T. );
#6687=ORIENTED_EDGE ( 'NONE', *, *, #3533, .T. );
#6688=CARTESIAN_POINT ( 'NONE',  ( -0.02952755905511811330, 0.07086614173228346358, -0.2273622047244094335 ) );
#6689=CARTESIAN_POINT ( 'NONE',  ( 0.09251968503937008093, -0.0004921259865157369883, -0.1240157480314960647 ) );
#6690=CARTESIAN_POINT ( 'NONE',  ( 0.04035433070865929867, 0.05825408172030732690, -0.04035433070866142197 ) );
#6691=AXIS2_PLACEMENT_3D ( 'NONE', #11188, #4255, #9638 );
#6692=CARTESIAN_POINT ( 'NONE',  ( -0.06029723278932384856, 0.02797621931298618220, -0.1980314960629921128 ) );
#6693=ORIENTED_EDGE ( 'NONE', *, *, #10738, .T. );
#6694=VERTEX_POINT ( 'NONE', #4012 );
#6695=CARTESIAN_POINT ( 'NONE',  ( -0.06692913385826770867, 0.08858267716535432601, -0.02460629921259842659 ) );
#6696=AXIS2_PLACEMENT_3D ( 'NONE', #5061, #73, #54 );
#6697=AXIS2_PLACEMENT_3D ( 'NONE', #4226, #47, #73 );
#6698=CARTESIAN_POINT ( 'NONE',  ( 0.1033946746932283417, -0.04282603057673228797, -0.05409840747224409219 ) );
#6699=ORIENTED_EDGE ( 'NONE', *, *, #6165, .F. );
#6700=CARTESIAN_POINT ( 'NONE',  ( 0.05163977173049903724, -0.02279612415760110325, -0.4914950932330763855 ) );
#6701=CARTESIAN_POINT ( 'NONE',  ( 0.03442906394899083317, -0.03900606174808854409, -0.3678797654434048936 ) );
#6702=CARTESIAN_POINT ( 'NONE',  ( 0.09096299303508111056, 0.09852493666319783738, -0.08509553670110235613 ) );
#6703=ORIENTED_EDGE ( 'NONE', *, *, #3889, .T. );
#6704=CARTESIAN_POINT ( 'NONE',  ( 0.003937007874015747977, -0.07677165354330708902, -0.5826771653543307838 ) );
#6705=CARTESIAN_POINT ( 'NONE',  ( -0.1181102362204724532, 0.000000000000000000, -0.2440944881889763884 ) );
#6706=CIRCLE ( 'NONE', #10336, 0.001968503937008015802 );
#6707=CARTESIAN_POINT ( 'NONE',  ( -0.09149715284755906286, 0.08663034171322833710, -0.2184685619723228112 ) );
#6708=EDGE_LOOP ( 'NONE', ( #7656, #750, #408, #6685 ) );
#6709=CARTESIAN_POINT ( 'NONE',  ( -0.07775590551181103816, -0.003937007874015747977, -0.5826771653543307838 ) );
#6710=ADVANCED_FACE ( 'NONE', ( #265 ), #10151, .T. );
#6711=ORIENTED_EDGE ( 'NONE', *, *, #7722, .T. );
#6712=FACE_OUTER_BOUND ( 'NONE', #10656, .T. );
#6713=ORIENTED_EDGE ( 'NONE', *, *, #8607, .F. );
#6714=ORIENTED_EDGE ( 'NONE', *, *, #9441, .F. );
#6715=ORIENTED_EDGE ( 'NONE', *, *, #7690, .T. );
#6716=CARTESIAN_POINT ( 'NONE',  ( 0.1023622047244094474, 0.05984251968502973112, -0.1259842519685039353 ) );
#6717=EDGE_CURVE ( 'NONE', #11652, #9317, #3037, .T. );
#6718=CARTESIAN_POINT ( 'NONE',  ( 0.06029723278933366015, 0.02797621931294429209, -0.05153632980847928230 ) );
#6719=( BOUNDED_SURFACE ( )  B_SPLINE_SURFACE ( 3, 3, (( #8503, #6766, #4151, #7746, #10344, #2321, #1257 ),( #5007, #8559, #1576, #608, #9602, #9714, #4394 ),( #1388, #10456, #10508, #7045, #8038, #6111, #6172 ),( #1517, #4215, #2381, #489, #8673, #10607, #7979 ) ),.UNSPECIFIED., .F., .F., .F. )B_SPLINE_SURFACE_WITH_KNOTS ( ( 4, 4 ),( 4, 3, 4 ),( 0.09485570751909931653, 0.9003357046148112719 ),( 0.000000000000000000, 0.5000000000000000000, 1.000000000000000000 ),.UNSPECIFIED. )GEOMETRIC_REPRESENTATION_ITEM ( )  RATIONAL_B_SPLINE_SURFACE ( (( 0.9830076668410103746, 0.7866768774902507255, 0.7866768774902507255, 0.9830076668410103746, 0.7866768774902507255, 0.7866768774902507255, 0.9830076668410103746),( 0.9399505490302371147, 0.7522193242730311757, 0.7522193242730311757, 0.9399505490302371147, 0.7522193242730311757, 0.7522193242730311757, 0.9399505490302371147),( 0.9396950302705061597, 0.7520148388892179403, 0.7520148388892179403, 0.9396950302705061597, 0.7520148388892179403, 0.7520148388892179403, 0.9396950302705061597),( 0.9822411105618173988, 0.7860634213388110192, 0.7860634213388110192, 0.9822411105618173988, 0.7860634213388110192, 0.7860634213388110192, 0.9822411105618173988) ) )REPRESENTATION_ITEM ( '' )  SURFACE ( )  );
#6720=CARTESIAN_POINT ( 'NONE',  ( -0.05905511811023622659, -0.08070866141732284393, -0.5708661417322835607 ) );
#6721=FACE_OUTER_BOUND ( 'NONE', #8314, .T. );
#6722=CARTESIAN_POINT ( 'NONE',  ( 0.07475677231279527490, -0.08429133858267717772, -0.01377952755905511792 ) );
#6723=CARTESIAN_POINT ( 'NONE',  ( 0.05099147183853914439, -0.04921259842519551397, -0.09940944881889764162 ) );
#6724=EDGE_CURVE ( 'NONE', #176, #2792, #76, .T. );
#6725=CARTESIAN_POINT ( 'NONE',  ( 0.07677165354330708902, 0.09945582611240158522, -0.1159448818897637901 ) );
#6726=CARTESIAN_POINT ( 'NONE',  ( -0.05711487879273547535, 0.01151141382122884867, -0.2048201263204255662 ) );
#6727=ORIENTED_EDGE ( 'NONE', *, *, #3365, .F. );
#6728=LINE ( 'NONE', #3148, #293 );
#6729=ORIENTED_EDGE ( 'NONE', *, *, #10284, .F. );
#6730=FACE_OUTER_BOUND ( 'NONE', #7686, .T. );
#6731=VERTEX_POINT ( 'NONE', #5965 );
#6732=EDGE_CURVE ( 'NONE', #9510, #5455, #7872, .T. );
#6733=DIRECTION ( 'NONE',  ( -0.4226182617408869024, 0.9063077870365625621, 0.000000000000000000 ) );
#6734=EDGE_LOOP ( 'NONE', ( #255, #3829, #11686, #10259 ) );
#6735=ORIENTED_EDGE ( 'NONE', *, *, #3380, .F. );
#6736=CARTESIAN_POINT ( 'NONE',  ( 0.1771653543307086520, -0.1023622047244094474, -0.4645669291338582751 ) );
#6737=EDGE_CURVE ( 'NONE', #8667, #9731, #8822, .T. );
#6738=EDGE_CURVE ( 'NONE', #9948, #4402, #9743, .T. );
#6739=AXIS2_PLACEMENT_3D ( 'NONE', #7543, #16, #7 );
#6740=CARTESIAN_POINT ( 'NONE',  ( 0.1023622047244094474, 0.08562992126007873406, -0.05905511810618110230 ) );
#6741=FACE_OUTER_BOUND ( 'NONE', #1046, .T. );
#6742=ORIENTED_EDGE ( 'NONE', *, *, #6746, .T. );
#6743=VERTEX_POINT ( 'NONE', #5731 );
#6744=ORIENTED_EDGE ( 'NONE', *, *, #78, .F. );
#6745=ORIENTED_EDGE ( 'NONE', *, *, #9112, .T. );
#6746=EDGE_CURVE ( 'NONE', #8077, #9347, #3888, .T. );
#6747=CARTESIAN_POINT ( 'NONE',  ( -0.09547244094488190058, 0.06496062992125983815, -0.4133858267716535861 ) );
#6748=FACE_BOUND ( 'NONE', #10042, .T. );
#6749=CARTESIAN_POINT ( 'NONE',  ( -0.09055118110236221041, 0.08858267716535432601, -0.1978346456692913480 ) );
#6750=EDGE_CURVE ( 'NONE', #4290, #8286, #6848, .T. );
#6751=AXIS2_PLACEMENT_3D ( 'NONE', #6061, #2457, #1405 );
#6752=ORIENTED_EDGE ( 'NONE', *, *, #8281, .T. );
#6753=VERTEX_POINT ( 'NONE', #260 );
#6754=FACE_OUTER_BOUND ( 'NONE', #9477, .T. );
#6755=VECTOR ( 'NONE', #437, 39.37007874015748854 );
#6756=CARTESIAN_POINT ( 'NONE',  ( -0.1023622047244094474, -0.02362204724409921325, -0.2234251968503937202 ) );
#6757=FACE_OUTER_BOUND ( 'NONE', #1289, .T. );
#6758=ORIENTED_EDGE ( 'NONE', *, *, #2428, .F. );
#6759=ORIENTED_EDGE ( 'NONE', *, *, #1678, .T. );
#6760=CARTESIAN_POINT ( 'NONE',  ( -0.08956692913385827515, 0.03543307086614173179, -0.4251968503937008093 ) );
#6761=EDGE_CURVE ( 'NONE', #4740, #8010, #7718, .T. );
#6762=DIRECTION ( 'NONE',  ( -0.4226182617407318598, -0.9063077870366348376, -0.000000000000000000 ) );
#6763=ADVANCED_FACE ( 'NONE', ( #6680 ), #9443, .F. );
#6764=CARTESIAN_POINT ( 'NONE',  ( 0.09055118110204644910, 0.09845866118220807095, -0.08469837794503937145 ) );
#6765=ORIENTED_EDGE ( 'NONE', *, *, #6099, .T. );
#6766=CARTESIAN_POINT ( 'NONE',  ( 0.03838593298827186473, 0.02177276947208517735, -0.4894181420240168445 ) );
#6767=VECTOR ( 'NONE', #3199, 39.37007874015748143 );
#6768=CARTESIAN_POINT ( 'NONE',  ( 0.04429133858268109736, -0.05511811023622047168, -0.4488188976377953110 ) );
#6769=VERTEX_POINT ( 'NONE', #2910 );
#6770=B_SPLINE_CURVE_WITH_KNOTS ( 'NONE', 3,( #1443, #9934, #10557, #8083, #8139, #11590, #5558, #3593, #1750, #8031 ),.UNSPECIFIED., .F., .F.,( 4, 2, 2, 2, 4 ),( 0.000000000000000000, 0.2500000000000000000, 0.5000000000000000000, 0.7500000000000000000, 1.000000000000000000 ),.UNSPECIFIED. );
#6771=CARTESIAN_POINT ( 'NONE',  ( 0.04748619868645669734, 0.03867008372046850523, -0.3659592735669290886 ) );
#6772=VERTEX_POINT ( 'NONE', #9800 );
#6773=CARTESIAN_POINT ( 'NONE',  ( 0.09153543307086613179, -0.09842519685039370636, -0.07283464566929134798 ) );
#6774=ORIENTED_EDGE ( 'NONE', *, *, #9586, .F. );
#6775=ORIENTED_EDGE ( 'NONE', *, *, #9471, .F. );
#6776=ADVANCED_FACE ( 'NONE', ( #707 ), #599, .T. );
#6777=ORIENTED_EDGE ( 'NONE', *, *, #3768, .F. );
#6778=CARTESIAN_POINT ( 'NONE',  ( 0.1181102362204724532, 0.09842519685039370636, -0.01181102362204803150 ) );
#6779=PLANE ( 'NONE',  #526 );
#6780=CARTESIAN_POINT ( 'NONE',  ( 0.05262725670155724705, 0.04442453611334180180, -0.06968503937007883287 ) );
#6781=CARTESIAN_POINT ( 'NONE',  ( 0.03613562537789732215, -0.03867008372040223879, -0.3719653224780558598 ) );
#6782=CARTESIAN_POINT ( 'NONE',  ( 0.04841944222173472784, 0.07673760904652854320, -0.05905511811019716756 ) );
#6783=FACE_OUTER_BOUND ( 'NONE', #11549, .T. );
#6784=ORIENTED_EDGE ( 'NONE', *, *, #996, .F. );
#6785=LINE ( 'NONE', #3145, #11 );
#6786=VERTEX_POINT ( 'NONE', #11519 );
#6787=( BOUNDED_SURFACE ( )  B_SPLINE_SURFACE ( 3, 3, (( #1578, #7146, #1635, #10610 ),( #11431, #6047, #8947, #2569 ),( #4217, #3307, #6939, #491 ),( #2384, #6992, #6114, #11326 ) ),.UNSPECIFIED., .F., .F., .F. )B_SPLINE_SURFACE_WITH_KNOTS ( ( 4, 4 ),( 4, 4 ),( 0.1021452431148181378, 0.9031977688008405725 ),( 0.000000000000000000, 1.000000000000000000 ),.UNSPECIFIED. )GEOMETRIC_REPRESENTATION_ITEM ( )  RATIONAL_B_SPLINE_SURFACE ( (( 0.9217859906562009265, 0.3072619968852045025, 0.3072619968852045025, 0.9217859906562009265),( 0.7405874879770233399, 0.2468624959921838224, 0.2468624959921838224, 0.7405874879770233399),( 0.7418041955093070960, 0.2472680651696114729, 0.2472680651696114729, 0.7418041955093070960),( 0.9254361132530525280, 0.3084787044174875925, 0.3084787044174875925, 0.9254361132530525280) ) )REPRESENTATION_ITEM ( '' )  SURFACE ( )  );
#6788=ORIENTED_EDGE ( 'NONE', *, *, #1983, .T. );
#6789=EDGE_CURVE ( 'NONE', #11443, #6878, #9877, .T. );
#6790=ORIENTED_EDGE ( 'NONE', *, *, #6442, .T. );
#6791=CARTESIAN_POINT ( 'NONE',  ( -0.05743518078480401579, 0.03411390964354033689, -0.1946454000709304244 ) );
#6792=ORIENTED_EDGE ( 'NONE', *, *, #1993, .T. );
#6793=ORIENTED_EDGE ( 'NONE', *, *, #11281, .T. );
#6794=CARTESIAN_POINT ( 'NONE',  ( -0.09143924883996064346, -0.04237047033173228089, -0.2135979816723228564 ) );
#6795=ADVANCED_FACE ( 'NONE', ( #7592 ), #5782, .T. );
#6796=DIRECTION ( 'NONE',  ( -0.4226182617408900666, 0.9063077870365610078, 0.000000000000000000 ) );
#6797=EDGE_LOOP ( 'NONE', ( #8707, #6151, #5187, #5384, #291, #2085, #5442, #9129, #7000, #7877 ) );
#6798=VERTEX_POINT ( 'NONE', #2036 );
#6799=EDGE_LOOP ( 'NONE', ( #10123, #9729, #1112, #9584, #5737 ) );
#6800=CARTESIAN_POINT ( 'NONE',  ( 0.09448818897637795144, -0.01795506823609055447, -0.5492125984251968740 ) );
#6801=B_SPLINE_SURFACE_WITH_KNOTS ( 'NONE', 3, 3, (( #2882, #1886, #4754, #9277 ),( #8330, #29, #9163, #10002 ),( #5632, #4818, #9216, #3912 ),( #935, #10975, #3845, #1060 ),( #1125, #3968, #7507, #10920 ),( #6698, #5574, #2940, #4878 ),( #8442, #161, #5688, #8387 ),( #2996, #4693, #3058, #4937 ),( #222, #4031, #7632, #11088 ),( #6990, #11265, #7869, #5990 ) ),.UNSPECIFIED., .F., .F., .F.,( 4, 1, 1, 1, 1, 1, 1, 4 ),( 4, 4 ),( -0.1906848857497999983, 0.000000000000000000, 0.04348678666164999818, 0.1525859428126000172, 0.8495333889645999559, 0.9038262078067000882, 1.000000000000000000, 1.190769296804000010 ),( -0.06697899743054999688, 1.066978997592000100 ),.UNSPECIFIED. );
#6802=CARTESIAN_POINT ( 'NONE',  ( 0.03735519750965354824, -0.03418303967500394003, -0.4685039370078740717 ) );
#6803=ORIENTED_EDGE ( 'NONE', *, *, #11112, .T. );
#6804=ORIENTED_EDGE ( 'NONE', *, *, #3605, .T. );
#6805=EDGE_CURVE ( 'NONE', #5186, #8484, #7767, .T. );
#6806=FACE_OUTER_BOUND ( 'NONE', #3129, .T. );
#6807=FACE_OUTER_BOUND ( 'NONE', #10536, .T. );
#6808=CARTESIAN_POINT ( 'NONE',  ( 0.04397092249655173285, 0.07574923502469646519, -0.04926193639734039592 ) );
#6809=ORIENTED_EDGE ( 'NONE', *, *, #7850, .F. );
#6810=EDGE_LOOP ( 'NONE', ( #10880, #3833, #9104, #11118 ) );
#6811=EDGE_CURVE ( 'NONE', #9458, #5844, #1903, .T. );
#6812=CARTESIAN_POINT ( 'NONE',  ( 0.03521621092885964671, -0.03882889675481020209, -0.3699028758812495377 ) );
#6813=VERTEX_POINT ( 'NONE', #5658 );
#6814=CARTESIAN_POINT ( 'NONE',  ( -0.1023622047244094474, 0.04094488188976377896, -0.2539370078740157410 ) );
#6815=FACE_OUTER_BOUND ( 'NONE', #6404, .T. );
#6816=CARTESIAN_POINT ( 'NONE',  ( -0.05251358614274984071, 0.04255108653508513084, -0.1980314960629919740 ) );
#6817=CIRCLE ( 'NONE', #4955, 0.03543307086614172485 );
#6818=EDGE_CURVE ( 'NONE', #5299, #5486, #1432, .T. );
#6819=EDGE_CURVE ( 'NONE', #822, #7875, #1279, .T. );
#6820=EDGE_LOOP ( 'NONE', ( #5668, #6684, #8823, #11317, #84, #10777, #4259, #2286, #7689, #7115 ) );
#6821=CARTESIAN_POINT ( 'NONE',  ( 0.1023480234428070929, -0.04256001428529590513, -0.05410933624427220756 ) );
#6822=VERTEX_POINT ( 'NONE', #1019 );
#6823=CARTESIAN_POINT ( 'NONE',  ( -0.04015670311534055154, 0.08281241741200787154, -0.1830181574882677187 ) );
#6824=VERTEX_POINT ( 'NONE', #5023 );
#6825=EDGE_LOOP ( 'NONE', ( #3504, #4201, #6703, #5347 ) );
#6826=FACE_OUTER_BOUND ( 'NONE', #5662, .T. );
#6827=AXIS2_PLACEMENT_3D ( 'NONE', #2744, #1278, #47 );
#6828=CARTESIAN_POINT ( 'NONE',  ( 0.03838582677182571928, -0.02616432883959949468, -0.4999999999996366795 ) );
#6829=FACE_BOUND ( 'NONE', #1495, .T. );
#6830=EDGE_CURVE ( 'NONE', #1431, #9310, #11574, .T. );
#6831=DIRECTION ( 'NONE',  ( 0.7071067811865474617, 0.000000000000000000, 0.7071067811865474617 ) );
#6832=VECTOR ( 'NONE', #678, 39.37007874015748143 );
#6833=CARTESIAN_POINT ( 'NONE',  ( 0.1023622047244094474, 0.09009842519224409152, -0.1282283464566929265 ) );
#6834=ORIENTED_EDGE ( 'NONE', *, *, #9918, .T. );
#6835=CARTESIAN_POINT ( 'NONE',  ( -0.09744094488188977110, 0.08562992125984252023, -0.1771653543307086520 ) );
#6836=VERTEX_POINT ( 'NONE', #4781 );
#6837=CARTESIAN_POINT ( 'NONE',  ( 0.04429133858268109736, -0.06496062992125983815, -0.4488188976377953110 ) );
#6838=ORIENTED_EDGE ( 'NONE', *, *, #9334, .F. );
#6839=CARTESIAN_POINT ( 'NONE',  ( 0.09251968503937008093, 0.04094488188975471676, -0.1240157480314960647 ) );
#6840=ORIENTED_EDGE ( 'NONE', *, *, #1793, .F. );
#6841=EDGE_CURVE ( 'NONE', #1902, #4304, #9907, .T. );
#6842=VECTOR ( 'NONE', #5301, 39.37007874015748143 );
#6843=CARTESIAN_POINT ( 'NONE',  ( 0.09251968503937008093, -0.0004921259865157369883, -0.09547244094488190058 ) );
#6844=ORIENTED_EDGE ( 'NONE', *, *, #2389, .F. );
#6845=ORIENTED_EDGE ( 'NONE', *, *, #11205, .F. );
#6846=EDGE_CURVE ( 'NONE', #1565, #4304, #11085, .T. );
#6847=CARTESIAN_POINT ( 'NONE',  ( -0.09941739739035433676, -0.04380646155299212918, -0.2137761080998819008 ) );
#6848=LINE ( 'NONE', #8592, #24 );
#6849=EDGE_CURVE ( 'NONE', #7104, #8868, #7536, .T. );
#6850=CARTESIAN_POINT ( 'NONE',  ( 0.08267716535433070058, 0.06003937007874016185, -0.1633858267716535584 ) );
#6851=ORIENTED_EDGE ( 'NONE', *, *, #4699, .F. );
#6852=ORIENTED_EDGE ( 'NONE', *, *, #3964, .F. );
#6853=VERTEX_POINT ( 'NONE', #3994 );
#6854=ORIENTED_EDGE ( 'NONE', *, *, #8346, .T. );
#6855=CARTESIAN_POINT ( 'NONE',  ( -0.07513200299285069383, 0.05863994206615391613, 0.09842519685039370636 ) );
#6856=CARTESIAN_POINT ( 'NONE',  ( 0.02950530667953346620, -0.1240157480314960786, -0.4145319600535233850 ) );
#6857=EDGE_CURVE ( 'NONE', #9512, #11650, #1848, .T. );
#6858=CARTESIAN_POINT ( 'NONE',  ( 0.1033464566929133965, -0.08070866141732284393, -0.07283464566929134798 ) );
#6859=ORIENTED_EDGE ( 'NONE', *, *, #2234, .T. );
#6860=ORIENTED_EDGE ( 'NONE', *, *, #5156, .T. );
#6861=CARTESIAN_POINT ( 'NONE',  ( -0.09251968503937008093, 0.04488188976377952694, -0.2480314960629921017 ) );
#6862=AXIS2_PLACEMENT_3D ( 'NONE', #6041, #47, #98 );
#6863=EDGE_CURVE ( 'NONE', #848, #5705, #4845, .T. );
#6864=ADVANCED_FACE ( 'NONE', ( #127 ), #10252, .T. );
#6865=ORIENTED_EDGE ( 'NONE', *, *, #2728, .F. );
#6866=ORIENTED_EDGE ( 'NONE', *, *, #337, .T. );
#6867=CARTESIAN_POINT ( 'NONE',  ( -0.07688756111169640917, 0.01568753107308246825, -0.1980314960629921128 ) );
#6868=VECTOR ( 'NONE', #6796, 39.37007874015748854 );
#6869=CARTESIAN_POINT ( 'NONE',  ( 0.08484245865465571412, -0.03937007874015747977, -0.3038752879526712691 ) );
#6870=PLANE ( 'NONE',  #11210 );
#6871=CARTESIAN_POINT ( 'NONE',  ( 0.003937007874015747977, -0.08070866141732284393, -0.5826771653543307838 ) );
#6872=EDGE_CURVE ( 'NONE', #6012, #9324, #2641, .T. );
#6873=CARTESIAN_POINT ( 'NONE',  ( -0.09155534310964566491, 0.09545711880161417140, -0.2138119665000000336 ) );
#6874=EDGE_CURVE ( 'NONE', #9433, #911, #4903, .T. );
#6875=EDGE_CURVE ( 'NONE', #10637, #4346, #7005, .T. );
#6876=VECTOR ( 'NONE', #7599, 39.37007874015748854 );
#6877=PLANE ( 'NONE',  #8205 );
#6878=VERTEX_POINT ( 'NONE', #317 );
#6879=ORIENTED_EDGE ( 'NONE', *, *, #9328, .F. );
#6880=CARTESIAN_POINT ( 'NONE',  ( 0.08858267716535432601, 0.03248031496061338369, -0.5255905511811024278 ) );
#6881=ORIENTED_EDGE ( 'NONE', *, *, #7310, .F. );
#6882=LINE ( 'NONE', #1077, #293 );
#6883=ORIENTED_EDGE ( 'NONE', *, *, #5877, .T. );
#6884=CIRCLE ( 'NONE', #3033, 0.02362204724409448092 );
#6885=ORIENTED_EDGE ( 'NONE', *, *, #6456, .T. );
#6886=CARTESIAN_POINT ( 'NONE',  ( -0.05905511811023622659, -0.08070866141732284393, -0.5826771653543307838 ) );
#6887=VECTOR ( 'NONE', #8794, 39.37007874015748143 );
#6888=ADVANCED_FACE ( 'NONE', ( #6133 ), #5193, .F. );
#6889=EDGE_CURVE ( 'NONE', #7657, #10276, #4237, .T. );
#6890=CARTESIAN_POINT ( 'NONE',  ( -0.08956692913385827515, -0.03543307086614173179, -0.4251968503937008093 ) );
#6891=PLANE ( 'NONE',  #4611 );
#6892=CARTESIAN_POINT ( 'NONE',  ( 0.08956692913385827515, 0.09842519685039370636, -0.01377952755905511792 ) );
#6893=CARTESIAN_POINT ( 'NONE',  ( 0.03442906442028885461, 0.03900606163253673986, -0.3678797667795301041 ) );
#6894=AXIS2_PLACEMENT_3D ( 'NONE', #7744, #6274, #5114 );
#6895=CARTESIAN_POINT ( 'NONE',  ( -0.09748732217539370082, 0.07874015748031495954, -0.3977559055118110032 ) );
#6896=EDGE_LOOP ( 'NONE', ( #4364, #10035, #6418, #8835 ) );
#6897=LINE ( 'NONE', #9360, #293 );
#6898=ORIENTED_EDGE ( 'NONE', *, *, #6633, .T. );
#6899=ORIENTED_EDGE ( 'NONE', *, *, #8081, .F. );
#6900=CARTESIAN_POINT ( 'NONE',  ( 0.04035433070866142197, 0.09945582611240158522, -0.09055118110236221041 ) );
#6901=ORIENTED_EDGE ( 'NONE', *, *, #5420, .F. );
#6902=EDGE_CURVE ( 'NONE', #5150, #7460, #1474, .T. );
#6903=EDGE_CURVE ( 'NONE', #4866, #1946, #7764, .T. );
#6904=AXIS2_PLACEMENT_3D ( 'NONE', #40, #47, #98 );
#6905=CARTESIAN_POINT ( 'NONE',  ( 0.09055118110233259521, 0.08858267716535433989, -0.05506540158232581944 ) );
#6906=CIRCLE ( 'NONE', #5770, 0.009842519685039369942 );
#6907=LINE ( 'NONE', #1546, #293 );
#6908=ORIENTED_EDGE ( 'NONE', *, *, #2431, .F. );
#6909=ORIENTED_EDGE ( 'NONE', *, *, #9608, .F. );
#6910=CARTESIAN_POINT ( 'NONE',  ( -0.09936401548389764415, -0.04187821871039369703, -0.2135838392651574769 ) );
#6911=CARTESIAN_POINT ( 'NONE',  ( -0.1022061322664380018, 0.08960552141657006364, -0.1774005005643196908 ) );
#6912=PLANE ( 'NONE',  #4792 );
#6913=CARTESIAN_POINT ( 'NONE',  ( 0.08267716535433070058, -0.06003937007874016185, -0.5708661417322835607 ) );
#6914=EDGE_LOOP ( 'NONE', ( #2469, #8777, #5415, #1311 ) );
#6915=EDGE_CURVE ( 'NONE', #9680, #11635, #6063, .T. );
#6916=ORIENTED_EDGE ( 'NONE', *, *, #9203, .T. );
#6917=ORIENTED_EDGE ( 'NONE', *, *, #8035, .F. );
#6918=VERTEX_POINT ( 'NONE', #3200 );
#6919=CARTESIAN_POINT ( 'NONE',  ( 0.006613936120783797841, -0.1299212598425196763, -0.3898933831818471307 ) );
#6920=DIRECTION ( 'NONE',  ( 0.4226182617403199115, -0.9063077870368270172, 0.000000000000000000 ) );
#6921=EDGE_CURVE ( 'NONE', #4723, #7429, #511, .T. );
#6922=LINE ( 'NONE', #6749, #58 );
#6923=ORIENTED_EDGE ( 'NONE', *, *, #9664, .T. );
#6924=EDGE_LOOP ( 'NONE', ( #9938, #11035, #4334, #10559 ) );
#6925=AXIS2_PLACEMENT_3D ( 'NONE', #865, #47, #73 );
#6926=CARTESIAN_POINT ( 'NONE',  ( 0.09074389735517879307, 0.08858267716535550562, -0.08582294891651905122 ) );
#6927=CARTESIAN_POINT ( 'NONE',  ( 0.09251968503937008093, 0.08562992126007873406, -0.05905511810618110230 ) );
#6928=CARTESIAN_POINT ( 'NONE',  ( 0.03838582677165354451, 0.000000000000000000, -0.5104163128106299352 ) );
#6929=DIRECTION ( 'NONE',  ( 0.9063077870368270172, -0.4226182617403200226, -3.369461755900509778E-16 ) );
#6930=CARTESIAN_POINT ( 'NONE',  ( 0.01194060176391758057, -0.09455846940731395256, 0.09842519685039370636 ) );
#6931=VERTEX_POINT ( 'NONE', #8806 );
#6932=ADVANCED_FACE ( 'NONE', ( #5254 ), #4298, .T. );
#6933=ORIENTED_EDGE ( 'NONE', *, *, #3830, .F. );
#6934=VECTOR ( 'NONE', #2802, 39.37007874015748143 );
#6935=CARTESIAN_POINT ( 'NONE',  ( 0.05072590373028014465, -0.01574803148909933309, -0.4901835463523026570 ) );
#6936=CARTESIAN_POINT ( 'NONE',  ( 0.1010735050850462557, 0.09229371542198662459, -0.08993494588915178223 ) );
#6937=ADVANCED_FACE ( 'NONE', ( #9508 ), #7935, .T. );
#6938=AXIS2_PLACEMENT_3D ( 'NONE', #323, #54, #7 );
#6939=CARTESIAN_POINT ( 'NONE',  ( 0.02492828579265278510, -0.1299539998025606991, -0.1929013778945097568 ) );
#6940=CARTESIAN_POINT ( 'NONE',  ( -0.09014303643464567639, 0.09548054374507873587, -0.2120889022565748128 ) );
#6941=AXIS2_PLACEMENT_3D ( 'NONE', #3064, #11034, #3977 );
#6942=DIRECTION ( 'NONE',  ( -1.040754486453548062E-26, 1.000000000000000000, -8.673617380300369634E-16 ) );
#6943=VERTEX_POINT ( 'NONE', #9566 );
#6944=EDGE_CURVE ( 'NONE', #9141, #2896, #5136, .T. );
#6945=ORIENTED_EDGE ( 'NONE', *, *, #4188, .F. );
#6946=ORIENTED_EDGE ( 'NONE', *, *, #11133, .T. );
#6947=ORIENTED_EDGE ( 'NONE', *, *, #746, .F. );
#6948=EDGE_LOOP ( 'NONE', ( #7620, #1354, #3775, #11316 ) );
#6949=FACE_OUTER_BOUND ( 'NONE', #7894, .T. );
#6950=EDGE_CURVE ( 'NONE', #2851, #5205, #1346, .T. );
#6951=EDGE_CURVE ( 'NONE', #8965, #10232, #3267, .T. );
#6952=FACE_OUTER_BOUND ( 'NONE', #9905, .T. );
#6953=FACE_OUTER_BOUND ( 'NONE', #4759, .T. );
#6954=CARTESIAN_POINT ( 'NONE',  ( -0.09360294740066556207, -0.02015873050263074923, -0.2135826771653543399 ) );
#6955=CARTESIAN_POINT ( 'NONE',  ( 0.09744094488188977110, -0.07874015748031495954, -0.02559055118110236185 ) );
#6956=ADVANCED_FACE ( 'NONE', ( #2342 ), #8693, .T. );
#6957=ORIENTED_EDGE ( 'NONE', *, *, #8320, .T. );
#6958=ORIENTED_EDGE ( 'NONE', *, *, #4421, .T. );
#6959=CARTESIAN_POINT ( 'NONE',  ( -0.09148905577736221595, 0.05416676014822834756, -0.1440971832715354506 ) );
#6960=ORIENTED_EDGE ( 'NONE', *, *, #8074, .T. );
#6961=CARTESIAN_POINT ( 'NONE',  ( 0.05577109284287401492, -0.03009481289988976543, -0.5079087820799212949 ) );
#6962=VERTEX_POINT ( 'NONE', #10417 );
#6963=EDGE_CURVE ( 'NONE', #995, #3226, #2817, .T. );
#6964=ORIENTED_EDGE ( 'NONE', *, *, #6761, .T. );
#6965=VERTEX_POINT ( 'NONE', #933 );
#6966=CARTESIAN_POINT ( 'NONE',  ( -0.09148535551208661354, -0.04356691731881889851, -0.2137757352683858081 ) );
#6967=CARTESIAN_POINT ( 'NONE',  ( -0.09560459354783464037, 0.09356183808153545334, -0.1790127978925984409 ) );
#6968=EDGE_CURVE ( 'NONE', #1487, #522, #9103, .T. );
#6969=LINE ( 'NONE', #10435, #11 );
#6970=EDGE_CURVE ( 'NONE', #3661, #6030, #10730, .T. );
#6971=CARTESIAN_POINT ( 'NONE',  ( 0.08267716535433070058, -0.01795506823609055447, -0.5374015748031496509 ) );
#6972=ORIENTED_EDGE ( 'NONE', *, *, #8893, .T. );
#6973=ORIENTED_EDGE ( 'NONE', *, *, #7518, .F. );
#6974=ORIENTED_EDGE ( 'NONE', *, *, #8465, .T. );
#6975=EDGE_LOOP ( 'NONE', ( #74, #6777, #11329, #8443 ) );
#6976=LINE ( 'NONE', #11311, #311 );
#6977=CARTESIAN_POINT ( 'NONE',  ( 0.09645669291338582196, 0.006889763779527558960, -0.4586614173228346636 ) );
#6978=CARTESIAN_POINT ( 'NONE',  ( 0.08070866141732284393, -0.07381889763779526936, -0.4311023622047244208 ) );
#6979=CARTESIAN_POINT ( 'NONE',  ( -0.09148549708692914340, -0.04356108622370079286, -0.1818959565937008083 ) );
#6980=ORIENTED_EDGE ( 'NONE', *, *, #5592, .T. );
#6981=ORIENTED_EDGE ( 'NONE', *, *, #6167, .F. );
#6982=DIRECTION ( 'NONE',  ( 0.000000000000000000, 0.5144957554275250144, -0.8574929257125449844 ) );
#6983=CARTESIAN_POINT ( 'NONE',  ( 0.07343170274572136114, -0.002307959284011963739, -0.08618386624433443943 ) );
#6984=CARTESIAN_POINT ( 'NONE',  ( 0.03940229860905260922, -0.02054765358625333313, -0.4999999999980390131 ) );
#6985=VERTEX_POINT ( 'NONE', #10673 );
#6986=ORIENTED_EDGE ( 'NONE', *, *, #890, .F. );
#6987=CARTESIAN_POINT ( 'NONE',  ( 0.04035433070866142197, 0.02460629921259842659, -0.09940944881889764162 ) );
#6988=CARTESIAN_POINT ( 'NONE',  ( 0.1422244094488188948, -0.1023622047244094474, -0.1141732283464566844 ) );
#6989=CARTESIAN_POINT ( 'NONE',  ( 0.09945546367748031580, 0.09452445611685039717, -0.08939455696614173608 ) );
#6990=CARTESIAN_POINT ( 'NONE',  ( 0.1033779336283858347, -0.04406726124224409624, -0.05391323408771653974 ) );
#6991=ADVANCED_FACE ( 'NONE', ( #3543 ), #7150, .T. );
#6992=CARTESIAN_POINT ( 'NONE',  ( -0.02537778771694988028, -0.1299209946236704050, -0.1839771801187515821 ) );
#6993=CARTESIAN_POINT ( 'NONE',  ( 0.003937007874015747977, -0.08070866141732284393, -0.5708661417322835607 ) );
#6994=ADVANCED_FACE ( 'NONE', ( #9889 ), #743, .T. );
#6995=ORIENTED_EDGE ( 'NONE', *, *, #5931, .F. );
#6996=LINE ( 'NONE', #3429, #58 );
#6997=ORIENTED_EDGE ( 'NONE', *, *, #1392, .F. );
#6998=CARTESIAN_POINT ( 'NONE',  ( -0.09251968499396877321, 0.08717829136392797607, -0.1773623294187009203 ) );
#6999=ORIENTED_EDGE ( 'NONE', *, *, #5228, .T. );
#7000=ORIENTED_EDGE ( 'NONE', *, *, #4196, .T. );
#7001=LINE ( 'NONE', #7216, #728 );
#7002=PLANE ( 'NONE',  #9819 );
#7003=CARTESIAN_POINT ( 'NONE',  ( -0.08164653609232283560, 0.08188976377952755792, -0.3996062992125983815 ) );
#7004=EDGE_CURVE ( 'NONE', #2247, #7917, #7267, .T. );
#7005=LINE ( 'NONE', #11339, #293 );
#7006=LINE ( 'NONE', #10306, #728 );
#7007=ORIENTED_EDGE ( 'NONE', *, *, #11155, .T. );
#7008=TOROIDAL_SURFACE ( 'NONE', #1437, 0.01814870956161138832, 0.01181102362204701321 );
#7009=CARTESIAN_POINT ( 'NONE',  ( 0.08970629198188975750, 0.08755204790334644716, -0.05802448884822834774 ) );
#7010=CARTESIAN_POINT ( 'NONE',  ( -0.07677165354330708902, 0.08858267716535432601, -0.1535433070866141780 ) );
#7011=ORIENTED_EDGE ( 'NONE', *, *, #10368, .T. );
#7012=ORIENTED_EDGE ( 'NONE', *, *, #3796, .T. );
#7013=CARTESIAN_POINT ( 'NONE',  ( -0.06029723278932380692, 0.02797621931298624118, -0.1980314960629921961 ) );
#7014=ADVANCED_FACE ( 'NONE', ( #8093 ), #5465, .F. );
#7015=ORIENTED_EDGE ( 'NONE', *, *, #5451, .F. );
#7016=ORIENTED_EDGE ( 'NONE', *, *, #10303, .T. );
#7017=EDGE_CURVE ( 'NONE', #2737, #10757, #10615, .T. );
#7018=CARTESIAN_POINT ( 'NONE',  ( -0.09544808598330709049, -0.04377260686429133851, -0.2138027816100787626 ) );
#7019=CARTESIAN_POINT ( 'NONE',  ( -0.09568786316090552302, 0.08793254461696849156, -0.1774005003803937330 ) );
#7020=AXIS2_PLACEMENT_3D ( 'NONE', #6927, #7, #47 );
#7021=CARTESIAN_POINT ( 'NONE',  ( 0.05019685039370409829, 0.01799467677325197051, -0.5306868013806165241 ) );
#7022=EDGE_CURVE ( 'NONE', #10757, #3789, #2844, .T. );
#7023=EDGE_CURVE ( 'NONE', #9424, #6501, #5572, .T. );
#7024=PLANE ( 'NONE',  #9600 );
#7025=EDGE_LOOP ( 'NONE', ( #4625, #9966, #1890, #10462 ) );
#7026=ORIENTED_EDGE ( 'NONE', *, *, #10264, .F. );
#7027=ORIENTED_EDGE ( 'NONE', *, *, #1580, .T. );
#7028=ORIENTED_EDGE ( 'NONE', *, *, #10009, .F. );
#7029=CONICAL_SURFACE ( 'NONE', #7386, 0.06102362204724409711, 0.7853981633974518317 );
#7030=AXIS2_PLACEMENT_3D ( 'NONE', #3725, #9945, #54 );
#7031=CARTESIAN_POINT ( 'NONE',  ( 0.02501902697826692556, 0.09196819203079348304, 0.09842519685039370636 ) );
#7032=PLANE ( 'NONE',  #8488 );
#7033=EDGE_CURVE ( 'NONE', #5801, #8622, #1762, .T. );
#7034=ORIENTED_EDGE ( 'NONE', *, *, #5395, .T. );
#7035=VERTEX_POINT ( 'NONE', #4691 );
#7036=EDGE_CURVE ( 'NONE', #7434, #10276, #9769, .T. );
#7037=CARTESIAN_POINT ( 'NONE',  ( -0.09251968503937008093, 0.08562992125996063408, -0.2185039362755118175 ) );
#7038=AXIS2_PLACEMENT_3D ( 'NONE', #2947, #47, #7 );
#7039=AXIS2_PLACEMENT_3D ( 'NONE', #6588, #47, #98 );
#7040=DIRECTION ( 'NONE',  ( 0.9063077870365863209, -0.4226182617408361097, 4.764853889918325589E-12 ) );
#7041=ORIENTED_EDGE ( 'NONE', *, *, #1462, .T. );
#7042=ORIENTED_EDGE ( 'NONE', *, *, #2861, .T. );
#7043=LINE ( 'NONE', #9332, #31 );
#7044=CARTESIAN_POINT ( 'NONE',  ( 0.09366082576881888666, 0.09088973383685039487, -0.08870373314023621836 ) );
#7045=CARTESIAN_POINT ( 'NONE',  ( 0.03940229860898779302, 0.02054765358629704122, -0.4999999832088924956 ) );
#7046=VERTEX_POINT ( 'NONE', #8269 );
#7047=AXIS2_PLACEMENT_3D ( 'NONE', #6065, #16, #5084 );
#7048=CARTESIAN_POINT ( 'NONE',  ( 0.04110735710740157783, -0.03947603665499999775, -0.3608871937244488293 ) );
#7049=ORIENTED_EDGE ( 'NONE', *, *, #8276, .F. );
#7050=CARTESIAN_POINT ( 'NONE',  ( -0.1023244462890828960, -0.04206328809783491107, -0.2135824762580280367 ) );
#7051=EDGE_LOOP ( 'NONE', ( #1744, #685, #9626, #7198 ) );
#7052=EDGE_CURVE ( 'NONE', #5880, #4551, #9050, .T. );
#7053=ORIENTED_EDGE ( 'NONE', *, *, #3632, .F. );
#7054=CARTESIAN_POINT ( 'NONE',  ( 0.03838582677165354451, 0.06496062992125983815, -0.4488188976377953110 ) );
#7055=EDGE_CURVE ( 'NONE', #3027, #3449, #3609, .T. );
#7056=CARTESIAN_POINT ( 'NONE',  ( -0.09251968503937008093, -0.06889763779527559306, -0.2519685039370078705 ) );
#7057=AXIS2_PLACEMENT_3D ( 'NONE', #10602, #16, #47 );
#7058=CARTESIAN_POINT ( 'NONE',  ( 0.04035433070866142197, 0.09945582611240158522, -0.1005905511811023695 ) );
#7059=CARTESIAN_POINT ( 'NONE',  ( -0.05842539995110236639, 0.03199037778855118308, -0.1771653543441338297 ) );
#7060=LINE ( 'NONE', #2651, #33 );
#7061=ORIENTED_EDGE ( 'NONE', *, *, #6732, .T. );
#7062=DIRECTION ( 'NONE',  ( 0.4226182617400284780, 0.9063077870369626865, -3.469447463446214266E-15 ) );
#7063=EDGE_CURVE ( 'NONE', #1672, #1565, #10211, .T. );
#7064=ORIENTED_EDGE ( 'NONE', *, *, #11413, .T. );
#7065=LINE ( 'NONE', #5428, #293 );
#7066=ORIENTED_EDGE ( 'NONE', *, *, #11607, .T. );
#7067=EDGE_CURVE ( 'NONE', #5202, #3740, #10566, .T. );
#7068=LINE ( 'NONE', #6200, #33 );
#7069=CARTESIAN_POINT ( 'NONE',  ( 0.09645669291338582196, 0.07381889763779526936, -0.4586614173228346636 ) );
#7070=ORIENTED_EDGE ( 'NONE', *, *, #2097, .T. );
#7071=ORIENTED_EDGE ( 'NONE', *, *, #7969, .F. );
#7072=CARTESIAN_POINT ( 'NONE',  ( -0.09144705346763780385, -0.04244532125850394161, -0.2135899886076771392 ) );
#7073=AXIS2_PLACEMENT_3D ( 'NONE', #6959, #5309, #11292 );
#7074=CARTESIAN_POINT ( 'NONE',  ( -0.09945546367748031580, 0.09452445614059055978, -0.1783219784679133668 ) );
#7075=CARTESIAN_POINT ( 'NONE',  ( -0.09251968503937008093, 0.008858267716535432948, -0.2539370078740157410 ) );
#7076=PLANE ( 'NONE',  #870 );
#7077=ORIENTED_EDGE ( 'NONE', *, *, #6010, .F. );
#7078=EDGE_CURVE ( 'NONE', #2486, #8344, #4627, .T. );
#7079=CARTESIAN_POINT ( 'NONE',  ( -0.07086614173228346358, 0.000000000000000000, -0.2273622047244094335 ) );
#7080=VERTEX_POINT ( 'NONE', #1639 );
#7081=ORIENTED_EDGE ( 'NONE', *, *, #2037, .F. );
#7082=AXIS2_PLACEMENT_3D ( 'NONE', #7895, #1254, #16 );
#7083=LINE ( 'NONE', #9811, #8664 );
#7084=EDGE_CURVE ( 'NONE', #11042, #2900, #7970, .T. );
#7085=EDGE_CURVE ( 'NONE', #9092, #11289, #3844, .T. );
#7086=LINE ( 'NONE', #11249, #188 );
#7087=EDGE_LOOP ( 'NONE', ( #601, #4482, #11552, #3763 ) );
#7088=VERTEX_POINT ( 'NONE', #994 );
#7089=CARTESIAN_POINT ( 'NONE',  ( -0.1181102362204724532, 0.09842519685039370636, -0.2440944881889763884 ) );
#7090=CYLINDRICAL_SURFACE ( 'NONE', #10101, 0.003937007874033907930 );
#7091=FACE_OUTER_BOUND ( 'NONE', #922, .T. );
#7092=ORIENTED_EDGE ( 'NONE', *, *, #8136, .T. );
#7093=EDGE_CURVE ( 'NONE', #7080, #11031, #3112, .T. );
#7094=ORIENTED_EDGE ( 'NONE', *, *, #4679, .T. );
#7095=CARTESIAN_POINT ( 'NONE',  ( -0.04133858267716535029, 0.09842519685039370636, -0.1683070866141732347 ) );
#7096=AXIS2_PLACEMENT_3D ( 'NONE', #11544, #3603, #47 );
#7097=CARTESIAN_POINT ( 'NONE',  ( 0.09077028630378426721, 0.08854299693166653440, -0.08585921326562322153 ) );
#7098=LINE ( 'NONE', #1814, #58 );
#7099=CARTESIAN_POINT ( 'NONE',  ( 0.08858267716535432601, 0.07381889763779526936, -0.4586614173228346636 ) );
#7100=ORIENTED_EDGE ( 'NONE', *, *, #3521, .T. );
#7101=EDGE_CURVE ( 'NONE', #2818, #10941, #6284, .T. );
#7102=EDGE_CURVE ( 'NONE', #2765, #3959, #10974, .T. );
#7103=CARTESIAN_POINT ( 'NONE',  ( 0.04564224380011810966, -0.03949397352728346855, -0.3599670679803543827 ) );
#7104=VERTEX_POINT ( 'NONE', #5685 );
#7105=CARTESIAN_POINT ( 'NONE',  ( -0.09185407890326376112, 0.08812998826478420089, -0.1787072022333355270 ) );
#7106=VERTEX_POINT ( 'NONE', #2994 );
#7107=VERTEX_POINT ( 'NONE', #6643 );
#7108=DIRECTION ( 'NONE',  ( -1.953506718320519978E-11, -1.000000000000000000, 5.464655357416439579E-12 ) );
#7109=CARTESIAN_POINT ( 'NONE',  ( 0.08173929067933072279, 0.06346456692913385322, -0.2086614173228346636 ) );
#7110=CARTESIAN_POINT ( 'NONE',  ( 0.07687091993677165613, 0.04094488188976377896, -0.3190396017647637583 ) );
#7111=LINE ( 'NONE', #6297, #293 );
#7112=LINE ( 'NONE', #1896, #58 );
#7113=EDGE_CURVE ( 'NONE', #8859, #11116, #1123, .T. );
#7114=CARTESIAN_POINT ( 'NONE',  ( 0.09448818897638720793, -1.542510688917822631E-17, 0.09842519685039370636 ) );
#7115=ORIENTED_EDGE ( 'NONE', *, *, #4411, .T. );
#7116=ORIENTED_EDGE ( 'NONE', *, *, #665, .T. );
#7117=CARTESIAN_POINT ( 'NONE',  ( -0.04554088060844970615, 0.05750410180808586402, -0.2145303229372478304 ) );
#7118=VERTEX_POINT ( 'NONE', #2939 );
#7119=CARTESIAN_POINT ( 'NONE',  ( -0.04841944222150063037, 0.07673760904655846371, -0.1870078740157075092 ) );
#7120=ORIENTED_EDGE ( 'NONE', *, *, #6597, .T. );
#7121=CARTESIAN_POINT ( 'NONE',  ( 0.06154760893617386430, 0.04858416467377803943, -0.06968503937007874960 ) );
#7122=EDGE_CURVE ( 'NONE', #6853, #7492, #2650, .T. );
#7123=ORIENTED_EDGE ( 'NONE', *, *, #9883, .T. );
#7124=ORIENTED_EDGE ( 'NONE', *, *, #5496, .T. );
#7125=CARTESIAN_POINT ( 'NONE',  ( -0.09812934019799211816, 0.09070457871480314127, -0.1777815898609448886 ) );
#7126=CARTESIAN_POINT ( 'NONE',  ( 0.09250791116498296995, -0.04281020196002768841, -0.05412555889742789311 ) );
#7127=CYLINDRICAL_SURFACE ( 'NONE', #1057, 0.009842519685039369942 );
#7128=EDGE_CURVE ( 'NONE', #6962, #11687, #10231, .T. );
#7129=CARTESIAN_POINT ( 'NONE',  ( -0.09113921280195309838, 0.08849279678571279895, -0.2150929339203419832 ) );
#7130=VERTEX_POINT ( 'NONE', #10110 );
#7131=ORIENTED_EDGE ( 'NONE', *, *, #11341, .T. );
#7132=VERTEX_POINT ( 'NONE', #5751 );
#7133=LINE ( 'NONE', #4492, #58 );
#7134=CARTESIAN_POINT ( 'NONE',  ( -0.09744094488188977110, -0.004921259842519684971, -0.2234251968503937202 ) );
#7135=ORIENTED_EDGE ( 'NONE', *, *, #8034, .T. );
#7136=ORIENTED_EDGE ( 'NONE', *, *, #7368, .T. );
#7137=DIRECTION ( 'NONE',  ( 0.1115615062508245742, -0.2079116908181514456, 0.9717647653337635472 ) );
#7138=EDGE_CURVE ( 'NONE', #4111, #9529, #1655, .T. );
#7139=CARTESIAN_POINT ( 'NONE',  ( 3.616083068348487495E-18, -0.09842519685039369248, -0.3838582677165354173 ) );
#7140=CARTESIAN_POINT ( 'NONE',  ( -0.1023622047244094474, 0.03207100889277165329, -0.1439507517138189086 ) );
#7141=EDGE_LOOP ( 'NONE', ( #10430, #2518, #10616, #7818, #2551, #1686 ) );
#7142=ORIENTED_EDGE ( 'NONE', *, *, #11586, .F. );
#7143=CARTESIAN_POINT ( 'NONE',  ( 0.05019685039370079538, -0.02803927586144785988, -0.5072688423480850028 ) );
#7144=( BOUNDED_SURFACE ( )  B_SPLINE_SURFACE ( 3, 3, (( #11364, #10595, #8024, #5332 ),( #8880, #6094, #1439, #406 ),( #10495, #2495, #5165, #10389 ),( #3375, #11471, #3528, #5975 ) ),.UNSPECIFIED., .F., .F., .F. )B_SPLINE_SURFACE_WITH_KNOTS ( ( 4, 4 ),( 4, 4 ),( 0.09891452702107676742, 1.000000000000000000 ),( 0.000000000000000000, 1.000000000000000000 ),.UNSPECIFIED. )GEOMETRIC_REPRESENTATION_ITEM ( )  RATIONAL_B_SPLINE_SURFACE ( (( 0.9737771498253671165, 0.3245923832751222426, 0.3245923832751222426, 0.9737771498253671165),( 0.9028903307914816212, 0.3009634435971604294, 0.3009634435971604294, 0.9028903307914816212),( 0.9116312808496924713, 0.3038770936165640646, 0.3038770936165640646, 0.9116312808496924713),( 1.000000000000000000, 0.3333333333333332038, 0.3333333333333332038, 1.000000000000000000) ) )REPRESENTATION_ITEM ( '' )  SURFACE ( )  );
#7145=CARTESIAN_POINT ( 'NONE',  ( 0.1021088542514173164, 0.08958055374244094926, -0.09031603488523622103 ) );
#7146=CARTESIAN_POINT ( 'NONE',  ( -0.03179757324331095730, -0.1240157480314960370, -0.1956597556677591998 ) );
#7147=EDGE_CURVE ( 'NONE', #2759, #3358, #11383, .T. );
#7148=LINE ( 'NONE', #6174, #58 );
#7149=LINE ( 'NONE', #2757, #33 );
#7150=PLANE ( 'NONE',  #7030 );
#7151=ORIENTED_EDGE ( 'NONE', *, *, #4608, .T. );
#7152=EDGE_CURVE ( 'NONE', #3864, #1377, #7442, .T. );
#7153=EDGE_LOOP ( 'NONE', ( #4311, #11162, #11123, #10411, #9079, #7474, #11639, #2394, #9399, #7573, #348, #7658 ) );
#7154=ORIENTED_EDGE ( 'NONE', *, *, #10073, .T. );
#7155=ORIENTED_EDGE ( 'NONE', *, *, #4631, .T. );
#7156=ORIENTED_EDGE ( 'NONE', *, *, #3698, .F. );
#7157=CARTESIAN_POINT ( 'NONE',  ( -0.09148905577736221595, 0.04094488188976377896, -0.1407016542025590622 ) );
#7158=LINE ( 'NONE', #11391, #293 );
#7159=CARTESIAN_POINT ( 'NONE',  ( 0.05869185558056905228, -0.01799467677332677526, -0.5316620534252015640 ) );
#7160=PLANE ( 'NONE',  #11018 );
#7161=EDGE_CURVE ( 'NONE', #5427, #2423, #3042, .T. );
#7162=EDGE_CURVE ( 'NONE', #7104, #8954, #2133, .T. );
#7163=LINE ( 'NONE', #10575, #293 );
#7164=CARTESIAN_POINT ( 'NONE',  ( 0.05715124302464567180, -0.03375231794192126017, -0.4139011750653543431 ) );
#7165=PLANE ( 'NONE',  #11050 );
#7166=AXIS2_PLACEMENT_3D ( 'NONE', #3572, #1731, #1308 );
#7167=VERTEX_POINT ( 'NONE', #10000 );
#7168=ORIENTED_EDGE ( 'NONE', *, *, #7085, .T. );
#7169=CARTESIAN_POINT ( 'NONE',  ( -0.04563888231668662004, 0.03612176768386601150, -0.1912428658055586872 ) );
#7170=EDGE_LOOP ( 'NONE', ( #3682, #3003, #9234, #3501, #1370, #7190, #6792, #2633 ) );
#7171=VERTEX_POINT ( 'NONE', #9336 );
#7172=ADVANCED_FACE ( 'NONE', ( #1194 ), #7378, .F. );
#7173=PLANE ( 'NONE',  #10733 );
#7174=CARTESIAN_POINT ( 'NONE',  ( 0.09148905577736221595, -0.07874015748031495954, -0.07583377886830709735 ) );
#7175=CARTESIAN_POINT ( 'NONE',  ( -0.1033928339864173263, -0.003890630580521259926, -0.2234251968503937202 ) );
#7176=VERTEX_POINT ( 'NONE', #8386 );
#7177=EDGE_LOOP ( 'NONE', ( #9756, #4594, #3551, #11498 ) );
#7178=DIRECTION ( 'NONE',  ( 0.000000000000000000, -0.9230769230785406121, 0.3846153846115023534 ) );
#7179=CARTESIAN_POINT ( 'NONE',  ( -0.09248682999570906338, 0.08661417321994567542, -0.1772146905781495918 ) );
#7180=AXIS2_PLACEMENT_3D ( 'NONE', #1113, #73, #16 );
#7181=CARTESIAN_POINT ( 'NONE',  ( 0.09148905577736221595, 0.08764480248582677546, -0.01574803149606299191 ) );
#7182=ORIENTED_EDGE ( 'NONE', *, *, #1884, .T. );
#7183=CARTESIAN_POINT ( 'NONE',  ( -0.09645669291338582196, -0.07874015748031495954, -0.5708661417322835607 ) );
#7184=ORIENTED_EDGE ( 'NONE', *, *, #7261, .F. );
#7185=ORIENTED_EDGE ( 'NONE', *, *, #11615, .F. );
#7186=FACE_OUTER_BOUND ( 'NONE', #7644, .T. );
#7187=EDGE_CURVE ( 'NONE', #6822, #9871, #27, .T. );
#7188=FACE_OUTER_BOUND ( 'NONE', #5467, .T. );
#7189=ORIENTED_EDGE ( 'NONE', *, *, #915, .F. );
#7190=ORIENTED_EDGE ( 'NONE', *, *, #1267, .T. );
#7191=ADVANCED_FACE ( 'NONE', ( #221 ), #5630, .F. );
#7192=DIRECTION ( 'NONE',  ( 0.9934745682600492067, -8.569467633184083257E-13, -0.1140538566665270509 ) );
#7193=CARTESIAN_POINT ( 'NONE',  ( -0.1072834645669291376, -0.1023622047244094474, -0.1732283464566929387 ) );
#7194=LINE ( 'NONE', #10661, #31 );
#7195=AXIS2_PLACEMENT_3D ( 'NONE', #1617, #98, #54 );
#7196=VERTEX_POINT ( 'NONE', #4816 );
#7197=ORIENTED_EDGE ( 'NONE', *, *, #6140, .T. );
#7198=ORIENTED_EDGE ( 'NONE', *, *, #9451, .T. );
#7199=EDGE_CURVE ( 'NONE', #9429, #7088, #7777, .T. );
#7200=CARTESIAN_POINT ( 'NONE',  ( 0.1024288067967389776, 0.08645331198283708052, -0.09050882217210551306 ) );
#7201=PLANE ( 'NONE',  #8657 );
#7202=ADVANCED_FACE ( 'NONE', ( #4207 ), #5056, .T. );
#7203=AXIS2_PLACEMENT_3D ( 'NONE', #2262, #73, #16 );
#7204=CARTESIAN_POINT ( 'NONE',  ( 0.09055118110220472527, 0.09842519685039370636, -0.06988188976377952832 ) );
#7205=CARTESIAN_POINT ( 'NONE',  ( 0.09448818897637795144, -0.06003937007874016185, -0.1515748031496063075 ) );
#7206=CARTESIAN_POINT ( 'NONE',  ( 0.000000000000000000, 0.09842519685039370636, -0.5078740157480314821 ) );
#7207=ORIENTED_EDGE ( 'NONE', *, *, #5980, .F. );
#7208=( BOUNDED_CURVE ( )  B_SPLINE_CURVE ( 3, ( #3206, #401, #8655, #3995 ),.UNSPECIFIED., .F., .F. )B_SPLINE_CURVE_WITH_KNOTS ( ( 4, 4 ),( 0.05204745709795963182, 1.000000000000000000 ),.UNSPECIFIED. )CURVE ( )  GEOMETRIC_REPRESENTATION_ITEM ( )  RATIONAL_B_SPLINE_CURVE ( ( 0.9868038654828859002, 0.9110878126980478386, 0.9154865242037525386, 1.000000000000000000 ) )REPRESENTATION_ITEM ( '' )  );
#7209=ORIENTED_EDGE ( 'NONE', *, *, #1734, .F. );
#7210=FACE_OUTER_BOUND ( 'NONE', #7889, .T. );
#7211=AXIS2_PLACEMENT_3D ( 'NONE', #2054, #5735, #8482 );
#7212=EDGE_CURVE ( 'NONE', #8512, #4949, #10393, .T. );
#7213=LINE ( 'NONE', #3730, #11 );
#7214=ORIENTED_EDGE ( 'NONE', *, *, #4608, .F. );
#7215=ORIENTED_EDGE ( 'NONE', *, *, #4170, .T. );
#7216=CARTESIAN_POINT ( 'NONE',  ( -0.08956692913385827515, 0.07874015748031495954, -0.3996062992125983815 ) );
#7217=AXIS2_PLACEMENT_3D ( 'NONE', #4283, #6942, #54 );
#7218=CARTESIAN_POINT ( 'NONE',  ( 0.1033175356726377947, -0.04153955418681102435, -0.08563109564145669761 ) );
#7219=EDGE_CURVE ( 'NONE', #3358, #3661, #5979, .T. );
#7220=ADVANCED_FACE ( 'NONE', ( #9655 ), #10501, .T. );
#7221=FACE_OUTER_BOUND ( 'NONE', #4166, .T. );
#7222=FACE_OUTER_BOUND ( 'NONE', #9039, .T. );
#7223=AXIS2_PLACEMENT_3D ( 'NONE', #2785, #54, #7 );
#7224=CARTESIAN_POINT ( 'NONE',  ( 0.06820687685948818857, -0.03302191886849606406, -0.4177551320527559398 ) );
#7225=PLANE ( 'NONE',  #6118 );
#7226=VERTEX_POINT ( 'NONE', #9541 );
#7227=CARTESIAN_POINT ( 'NONE',  ( -0.02362204724536977676, -0.1299212598425196763, -0.1439657919741008929 ) );
#7228=ORIENTED_EDGE ( 'NONE', *, *, #5935, .F. );
#7229=EDGE_CURVE ( 'NONE', #7107, #4723, #11216, .T. );
#7230=CARTESIAN_POINT ( 'NONE',  ( 0.08958825178707106873, -0.03937007874015747977, -0.2625367052755137598 ) );
#7231=EDGE_CURVE ( 'NONE', #5755, #8321, #5227, .T. );
#7232=EDGE_LOOP ( 'NONE', ( #6851, #8322, #990, #11231 ) );
#7233=CARTESIAN_POINT ( 'NONE',  ( 0.08267716535433070058, 0.03248031496061342532, -0.5255905511811024278 ) );
#7234=VERTEX_POINT ( 'NONE', #8609 );
#7235=CARTESIAN_POINT ( 'NONE',  ( 0.09448818897637795144, 0.03992663606433417833, -0.5203032566015299842 ) );
#7236=CARTESIAN_POINT ( 'NONE',  ( 0.09744094488188977110, 0.04639612356148488381, -0.1203815869170346414 ) );
#7237=( BOUNDED_CURVE ( )  B_SPLINE_CURVE ( 3, ( #5518, #187, #1089, #3995 ),.UNSPECIFIED., .F., .F. )B_SPLINE_CURVE_WITH_KNOTS ( ( 4, 4 ),( 0.05204745709795911834, 1.000000000000000000 ),.UNSPECIFIED. )CURVE ( )  GEOMETRIC_REPRESENTATION_ITEM ( )  RATIONAL_B_SPLINE_CURVE ( ( 0.9868038654828861223, 0.9110878126980479497, 0.9154865242037525386, 1.000000000000000000 ) )REPRESENTATION_ITEM ( '' )  );
#7238=LINE ( 'NONE', #4480, #11 );
#7239=VERTEX_POINT ( 'NONE', #289 );
#7240=ORIENTED_EDGE ( 'NONE', *, *, #3645, .T. );
#7241=CARTESIAN_POINT ( 'NONE',  ( 0.05071676621431364662, -0.02473669252341934716, -0.5039179677015068748 ) );
#7242=CARTESIAN_POINT ( 'NONE',  ( -0.1024288067863614177, 0.08661417317675945693, -0.1772146905781897541 ) );
#7243=CARTESIAN_POINT ( 'NONE',  ( 0.06767882143047243559, 0.03268027996060236806, -0.4218981177842519026 ) );
#7244=CIRCLE ( 'NONE', #9593, 0.06102362204724409711 );
#7245=CARTESIAN_POINT ( 'NONE',  ( 0.1033464566929133965, -0.09842519685039370636, -0.07283464566929134798 ) );
#7246=CARTESIAN_POINT ( 'NONE',  ( -0.09186523709628993672, 0.08807986917049746844, -0.2169749621982939858 ) );
#7247=VERTEX_POINT ( 'NONE', #10449 );
#7248=EDGE_CURVE ( 'NONE', #3146, #1927, #3354, .T. );
#7249=ADVANCED_FACE ( 'NONE', ( #4090 ), #11370, .F. );
#7250=ORIENTED_EDGE ( 'NONE', *, *, #3472, .F. );
#7251=ORIENTED_EDGE ( 'NONE', *, *, #1159, .T. );
#7252=FACE_OUTER_BOUND ( 'NONE', #6017, .T. );
#7253=VERTEX_POINT ( 'NONE', #1200 );
#7254=ORIENTED_EDGE ( 'NONE', *, *, #8662, .T. );
#7255=CARTESIAN_POINT ( 'NONE',  ( -0.09737345196662643143, 0.09638524104652596014, -0.2165865563143833661 ) );
#7256=CARTESIAN_POINT ( 'NONE',  ( -0.1181102362204724532, 0.09842519685039370636, -0.4074803149606299191 ) );
#7257=EDGE_CURVE ( 'NONE', #11250, #523, #8726, .T. );
#7258=AXIS2_PLACEMENT_3D ( 'NONE', #4632, #16, #54 );
#7259=VERTEX_POINT ( 'NONE', #1445 );
#7260=VERTEX_POINT ( 'NONE', #6535 );
#7261=EDGE_CURVE ( 'NONE', #9206, #5520, #4142, .T. );
#7262=ORIENTED_EDGE ( 'NONE', *, *, #6039, .T. );
#7263=LINE ( 'NONE', #10844, #24 );
#7264=CARTESIAN_POINT ( 'NONE',  ( 0.1024288067967389776, 0.08761955565595590245, -0.09045823662149606037 ) );
#7265=LINE ( 'NONE', #2134, #31 );
#7266=CARTESIAN_POINT ( 'NONE',  ( -0.02354831935459478914, -0.1299209946236698221, -0.1368805414094083350 ) );
#7267=LINE ( 'NONE', #1882, #33 );
#7268=ORIENTED_EDGE ( 'NONE', *, *, #7826, .F. );
#7269=ADVANCED_FACE ( 'NONE', ( #11255 ), #5110, .T. );
#7270=EDGE_LOOP ( 'NONE', ( #802, #9476, #3974, #7670 ) );
#7271=ORIENTED_EDGE ( 'NONE', *, *, #3040, .T. );
#7272=EDGE_LOOP ( 'NONE', ( #4575, #2191, #10891, #3260, #9025, #2726 ) );
#7273=CARTESIAN_POINT ( 'NONE',  ( 0.05954909811129273367, -0.03270680615227861826, -0.4206384313779384931 ) );
#7274=ADVANCED_FACE ( 'NONE', ( #11150 ), #3996, .F. );
#7275=CARTESIAN_POINT ( 'NONE',  ( 0.09931695499996062715, -0.04140894670897638657, -0.08565454218129919806 ) );
#7276=CARTESIAN_POINT ( 'NONE',  ( -0.08267716535433070058, -0.06102362204724409711, -0.4852362204724409156 ) );
#7277=AXIS2_PLACEMENT_3D ( 'NONE', #477, #7841, #643 );
#7278=EDGE_CURVE ( 'NONE', #9010, #4550, #6102, .T. );
#7279=CARTESIAN_POINT ( 'NONE',  ( 0.07188390607263779597, -0.03337668229425197475, -0.4119206286003936901 ) );
#7280=CARTESIAN_POINT ( 'NONE',  ( -0.08014803458025590577, -0.002949269674864567464, -0.2185039370078740439 ) );
#7281=ORIENTED_EDGE ( 'NONE', *, *, #2971, .F. );
#7282=ADVANCED_FACE ( 'NONE', ( #1382, #6807 ), #2254, .F. );
#7283=LINE ( 'NONE', #8908, #2890 );
#7284=ORIENTED_EDGE ( 'NONE', *, *, #2358, .T. );
#7285=ORIENTED_EDGE ( 'NONE', *, *, #5766, .T. );
#7286=ORIENTED_EDGE ( 'NONE', *, *, #7147, .F. );
#7287=CARTESIAN_POINT ( 'NONE',  ( 0.09448818897637795144, -0.07185039370083542987, -0.4074803149607346131 ) );
#7288=CARTESIAN_POINT ( 'NONE',  ( -0.05905511811023622659, -0.08567629855334646383, -0.5837077946161417508 ) );
#7289=DIRECTION ( 'NONE',  ( -3.738166437263540087E-18, -1.368679593078809443E-16, 1.000000000000000000 ) );
#7290=CARTESIAN_POINT ( 'NONE',  ( 0.1181102362204724532, -0.09842519685039370636, -0.1161417322834645688 ) );
#7291=VERTEX_POINT ( 'NONE', #8137 );
#7292=ORIENTED_EDGE ( 'NONE', *, *, #4337, .F. );
#7293=CARTESIAN_POINT ( 'NONE',  ( -0.1023622047244094474, -0.004921259842519684971, -0.2185039370078740439 ) );
#7294=CARTESIAN_POINT ( 'NONE',  ( -0.1023956690510350459, 0.08661417317690335571, -0.1772146905781893655 ) );
#7295=EDGE_CURVE ( 'NONE', #10604, #9796, #8992, .T. );
#7296=CARTESIAN_POINT ( 'NONE',  ( 0.07291605783149605891, 0.03302191886709449076, -0.4174003669433071217 ) );
#7297=CARTESIAN_POINT ( 'NONE',  ( -0.07775590551181103816, 0.06102362204724409711, -0.5708661417322835607 ) );
#7298=CARTESIAN_POINT ( 'NONE',  ( -0.09055118110233263684, 0.08858267716535433989, -0.2126511338507450499 ) );
#7299=ORIENTED_EDGE ( 'NONE', *, *, #7867, .F. );
#7300=CYLINDRICAL_SURFACE ( 'NONE', #4270, 0.04724409448818849000 );
#7301=VERTEX_POINT ( 'NONE', #1694 );
#7302=ORIENTED_EDGE ( 'NONE', *, *, #10589, .F. );
#7303=AXIS2_PLACEMENT_3D ( 'NONE', #2585, #47, #98 );
#7304=CARTESIAN_POINT ( 'NONE',  ( 0.09065738348003936353, 0.08754864355877953197, -0.05390456587775590419 ) );
#7305=CARTESIAN_POINT ( 'NONE',  ( -0.09148968900165353746, -0.04310514613200787382, -0.1820506374877952638 ) );
#7306=ORIENTED_EDGE ( 'NONE', *, *, #9426, .F. );
#7307=EDGE_LOOP ( 'NONE', ( #9580, #1043, #3710, #8522, #3566, #8351, #8464, #2365, #8558, #882, #7788, #4813, #6916, #10527, #1966, #7445 ) );
#7308=LINE ( 'NONE', #10778, #293 );
#7309=EDGE_CURVE ( 'NONE', #9796, #2778, #6284, .T. );
#7310=EDGE_CURVE ( 'NONE', #5028, #2699, #5528, .T. );
#7311=CARTESIAN_POINT ( 'NONE',  ( 0.1673228346456692994, -0.09744094488188977110, -0.1141732283464566844 ) );
#7312=LINE ( 'NONE', #4554, #311 );
#7313=CARTESIAN_POINT ( 'NONE',  ( 0.08070866141732284393, 0.09842519685039370636, -0.2854330708661417804 ) );
#7314=EDGE_LOOP ( 'NONE', ( #2866, #6901, #4907, #973, #9814, #4191 ) );
#7315=ORIENTED_EDGE ( 'NONE', *, *, #1513, .T. );
#7316=ORIENTED_EDGE ( 'NONE', *, *, #11297, .T. );
#7317=CARTESIAN_POINT ( 'NONE',  ( 0.09248682844931141456, 0.08657485088332891876, -0.09051231083076750894 ) );
#7318=ORIENTED_EDGE ( 'NONE', *, *, #7319, .F. );
#7319=EDGE_CURVE ( 'NONE', #10983, #5773, #2057, .T. );
#7320=CARTESIAN_POINT ( 'NONE',  ( 0.1228346456692913369, 0.09842519685039370636, -0.5822834645669291431 ) );
#7321=EDGE_CURVE ( 'NONE', #2615, #768, #4500, .T. );
#7322=FACE_OUTER_BOUND ( 'NONE', #1826, .T. );
#7323=CARTESIAN_POINT ( 'NONE',  ( 0.09744106848400993504, 0.08661417318653100161, -0.09050184468902670865 ) );
#7324=ORIENTED_EDGE ( 'NONE', *, *, #2710, .T. );
#7325=EDGE_LOOP ( 'NONE', ( #4320, #6632, #1838, #4591 ) );
#7326=EDGE_CURVE ( 'NONE', #4423, #4489, #7312, .T. );
#7327=ORIENTED_EDGE ( 'NONE', *, *, #8011, .T. );
#7328=ORIENTED_EDGE ( 'NONE', *, *, #10900, .F. );
#7329=CARTESIAN_POINT ( 'NONE',  ( 0.08070866141732284393, 0.000000000000000000, -0.1496062992125984370 ) );
#7330=CARTESIAN_POINT ( 'NONE',  ( 0.1033698713251181150, -0.04217768682602362346, -0.08562464924007874567 ) );
#7331=CARTESIAN_POINT ( 'NONE',  ( -0.09251968503937008093, -0.09842519685039370636, -0.03740157480314960925 ) );
#7332=EDGE_CURVE ( 'NONE', #2764, #10571, #7194, .T. );
#7333=CARTESIAN_POINT ( 'NONE',  ( 0.06306071438791338579, -0.03265667482697243856, -0.4215158994409448634 ) );
#7334=CARTESIAN_POINT ( 'NONE',  ( -4.268512490100409738E-18, -0.003937007874015747977, -0.5826771653543307838 ) );
#7335=ORIENTED_EDGE ( 'NONE', *, *, #6024, .F. );
#7336=CARTESIAN_POINT ( 'NONE',  ( 0.04232283464566918840, 0.01631937929198614551, -0.5009753517001301892 ) );
#7337=ORIENTED_EDGE ( 'NONE', *, *, #2116, .T. );
#7338=ORIENTED_EDGE ( 'NONE', *, *, #4640, .T. );
#7339=ORIENTED_EDGE ( 'NONE', *, *, #5907, .T. );
#7340=EDGE_CURVE ( 'NONE', #334, #8900, #3658, .T. );
#7341=CARTESIAN_POINT ( 'NONE',  ( 0.05972307478507874606, -0.03401507839834645719, -0.4191229946716535371 ) );
#7342=FACE_OUTER_BOUND ( 'NONE', #4951, .T. );
#7343=ORIENTED_EDGE ( 'NONE', *, *, #4463, .F. );
#7344=ORIENTED_EDGE ( 'NONE', *, *, #7891, .F. );
#7345=CARTESIAN_POINT ( 'NONE',  ( 0.05163210155566192588, -0.02417015980969264982, -0.5013603530312557011 ) );
#7346=CARTESIAN_POINT ( 'NONE',  ( -0.1023956690510350459, 0.08645376088878374554, -0.1772077132656888487 ) );
#7347=CARTESIAN_POINT ( 'NONE',  ( 0.09251968503742540040, -0.04330714313539449356, -0.05403441189442598908 ) );
#7348=EDGE_LOOP ( 'NONE', ( #4850, #5456, #8143, #6163 ) );
#7349=EDGE_LOOP ( 'NONE', ( #5264, #4848, #5896, #7189 ) );
#7350=CARTESIAN_POINT ( 'NONE',  ( 0.04425981366125307515, 0.08565796128107755480, -0.06988188976377952832 ) );
#7351=ORIENTED_EDGE ( 'NONE', *, *, #5346, .F. );
#7352=EDGE_CURVE ( 'NONE', #10156, #10164, #231, .T. );
#7353=LINE ( 'NONE', #780, #3616 );
#7354=CARTESIAN_POINT ( 'NONE',  ( 0.04503727557835249251, 0.03923775004702556579, -0.3622102079923595341 ) );
#7355=CARTESIAN_POINT ( 'NONE',  ( -0.08956692913385827515, -0.06496062992125983815, -0.4133858267716535861 ) );
#7356=VERTEX_POINT ( 'NONE', #3473 );
#7357=VERTEX_POINT ( 'NONE', #5282 );
#7358=CYLINDRICAL_SURFACE ( 'NONE', #4884, 0.004921259842519689308 );
#7359=LINE ( 'NONE', #3, #293 );
#7360=EDGE_CURVE ( 'NONE', #11215, #1396, #10556, .T. );
#7361=EDGE_CURVE ( 'NONE', #176, #6304, #5397, .T. );
#7362=CARTESIAN_POINT ( 'NONE',  ( 0.09055118110236221041, 0.08858267716535432601, -0.01574803149606299191 ) );
#7363=CARTESIAN_POINT ( 'NONE',  ( -0.1023055986520529648, -0.04181531542581464617, -0.1820866122715960600 ) );
#7364=ORIENTED_EDGE ( 'NONE', *, *, #2746, .F. );
#7365=ORIENTED_EDGE ( 'NONE', *, *, #11098, .F. );
#7366=ORIENTED_EDGE ( 'NONE', *, *, #7102, .F. );
#7367=ORIENTED_EDGE ( 'NONE', *, *, #3891, .F. );
#7368=EDGE_CURVE ( 'NONE', #11516, #5028, #10720, .T. );
#7369=CARTESIAN_POINT ( 'NONE',  ( 0.1023622047244094474, -0.02362204724409921325, -0.09547244094488190058 ) );
#7370=ADVANCED_FACE ( 'NONE', ( #2805 ), #6275, .F. );
#7371=CARTESIAN_POINT ( 'NONE',  ( 0.1023956690562238259, 0.08653396697565504669, -0.09050533351349372702 ) );
#7372=LINE ( 'NONE', #8263, #188 );
#7373=ORIENTED_EDGE ( 'NONE', *, *, #1288, .F. );
#7374=ORIENTED_EDGE ( 'NONE', *, *, #5343, .T. );
#7375=CARTESIAN_POINT ( 'NONE',  ( 0.09448818897637795144, 0.03405357236597244402, -0.5255905511811024278 ) );
#7376=AXIS2_PLACEMENT_3D ( 'NONE', #1065, #73, #16 );
#7377=PLANE ( 'NONE',  #4954 );
#7378=CYLINDRICAL_SURFACE ( 'NONE', #7594, 0.01181102362204724046 );
#7379=ORIENTED_EDGE ( 'NONE', *, *, #2289, .F. );
#7380=FACE_OUTER_BOUND ( 'NONE', #6502, .T. );
#7381=ORIENTED_EDGE ( 'NONE', *, *, #8525, .F. );
#7382=CARTESIAN_POINT ( 'NONE',  ( 0.04653385813128942117, -0.03869719447380436800, -0.3663631029731972411 ) );
#7383=CARTESIAN_POINT ( 'NONE',  ( -0.08668802497777577942, -0.005329631511965606666, -0.2135826771653515643 ) );
#7384=EDGE_CURVE ( 'NONE', #3287, #9380, #10601, .T. );
#7385=ORIENTED_EDGE ( 'NONE', *, *, #1912, .F. );
#7386=AXIS2_PLACEMENT_3D ( 'NONE', #449, #47, #73 );
#7387=CARTESIAN_POINT ( 'NONE',  ( 0.09448818897637795144, -0.07185039370078739884, -0.3877952755905609838 ) );
#7388=DIRECTION ( 'NONE',  ( 0.1115615062508245187, -0.2079116908181514733, 0.9717647653337635472 ) );
#7389=CARTESIAN_POINT ( 'NONE',  ( 0.003937007874015747977, -0.07677165354330708902, -0.5708661417322835607 ) );
#7390=LINE ( 'NONE', #111, #293 );
#7391=LINE ( 'NONE', #11037, #58 );
#7392=CIRCLE ( 'NONE', #3248, 0.009842518229685017286 );
#7393=EDGE_CURVE ( 'NONE', #9337, #11215, #6401, .T. );
#7394=ORIENTED_EDGE ( 'NONE', *, *, #2358, .F. );
#7395=CYLINDRICAL_SURFACE ( 'NONE', #10152, 0.009842519685039378616 );
#7396=VERTEX_POINT ( 'NONE', #8030 );
#7397=PLANE ( 'NONE',  #5570 );
#7398=ORIENTED_EDGE ( 'NONE', *, *, #4920, .T. );
#7399=CARTESIAN_POINT ( 'NONE',  ( -0.09158181036437007538, 0.09842519685039370636, -0.2541338582677165614 ) );
#7400=EDGE_CURVE ( 'NONE', #6303, #134, #11479, .T. );
#7401=VERTEX_POINT ( 'NONE', #4614 );
#7402=LINE ( 'NONE', #5482, #58 );
#7403=CARTESIAN_POINT ( 'NONE',  ( -0.09251968503937008093, -0.06889763779527559306, -0.2421259842519685179 ) );
#7404=CARTESIAN_POINT ( 'NONE',  ( -0.06651382645965728257, 0.03793407682592579017, -0.2185039370078740439 ) );
#7405=VECTOR ( 'NONE', #631, 39.37007874015748143 );
#7406=FACE_OUTER_BOUND ( 'NONE', #11295, .T. );
#7407=ORIENTED_EDGE ( 'NONE', *, *, #10903, .F. );
#7408=LINE ( 'NONE', #7468, #293 );
#7409=CARTESIAN_POINT ( 'NONE',  ( -0.09248682999570906338, 0.08657485087989549855, -0.1772042246096080798 ) );
#7410=CARTESIAN_POINT ( 'NONE',  ( 0.1023622047244094474, 0.08661417322267718488, -0.01574803149606299191 ) );
#7411=LINE ( 'NONE', #130, #31 );
#7412=CARTESIAN_POINT ( 'NONE',  ( -0.05430466209631120561, 0.02518183770676839586, -0.2108095562397517553 ) );
#7413=ORIENTED_EDGE ( 'NONE', *, *, #1522, .T. );
#7414=ORIENTED_EDGE ( 'NONE', *, *, #4150, .T. );
#7415=CARTESIAN_POINT ( 'NONE',  ( 0.06793383395212598819, 0.03937007874015747977, -0.3562992125984252301 ) );
#7416=EDGE_CURVE ( 'NONE', #3958, #1504, #9821, .T. );
#7417=ORIENTED_EDGE ( 'NONE', *, *, #7752, .T. );
#7418=CARTESIAN_POINT ( 'NONE',  ( 0.04197615846927581912, -0.01685361771548389911, -0.4981126462612663897 ) );
#7419=CARTESIAN_POINT ( 'NONE',  ( 0.09110636329484252116, 0.09150288118019685168, -0.05390456740543306952 ) );
#7420=VERTEX_POINT ( 'NONE', #8192 );
#7421=ORIENTED_EDGE ( 'NONE', *, *, #7740, .T. );
#7422=CARTESIAN_POINT ( 'NONE',  ( 0.03602953783016449307, -0.06102362204724409711, -0.3149606299212594496 ) );
#7423=LINE ( 'NONE', #10835, #24 );
#7424=EDGE_CURVE ( 'NONE', #5544, #9503, #1176, .T. );
#7425=PLANE ( 'NONE',  #8131 );
#7426=CARTESIAN_POINT ( 'NONE',  ( 0.000000000000000000, 0.09842519685039370636, -0.5708661417322835607 ) );
#7427=ORIENTED_EDGE ( 'NONE', *, *, #3313, .T. );
#7428=ORIENTED_EDGE ( 'NONE', *, *, #3910, .T. );
#7429=VERTEX_POINT ( 'NONE', #7545 );
#7430=VERTEX_POINT ( 'NONE', #1868 );
#7431=ADVANCED_FACE ( 'NONE', ( #4013 ), #7488, .F. );
#7432=EDGE_CURVE ( 'NONE', #6543, #8969, #9205, .T. );
#7433=SURFACE_SIDE_STYLE ('',( #8264 ) );
#7434=VERTEX_POINT ( 'NONE', #1663 );
#7435=ORIENTED_EDGE ( 'NONE', *, *, #4205, .F. );
#7436=FACE_OUTER_BOUND ( 'NONE', #10833, .T. );
#7437=FACE_OUTER_BOUND ( 'NONE', #11593, .T. );
#7438=AXIS2_PLACEMENT_3D ( 'NONE', #2821, #47, #73 );
#7439=VECTOR ( 'NONE', #11437, 39.37007874015748854 );
#7440=EDGE_CURVE ( 'NONE', #7701, #6431, #10093, .T. );
#7441=FACE_OUTER_BOUND ( 'NONE', #8600, .T. );
#7442=LINE ( 'NONE', #1249, #11 );
#7443=EDGE_CURVE ( 'NONE', #5841, #5100, #10902, .T. );
#7444=CARTESIAN_POINT ( 'NONE',  ( -0.08267716535433070058, -0.04330708661417323468, -0.1820866114394882052 ) );
#7445=ORIENTED_EDGE ( 'NONE', *, *, #10791, .F. );
#7446=DIRECTION ( 'NONE',  ( 0.8838870153875925118, -2.837000783013463717E-13, 0.4677004853848388266 ) );
#7447=EDGE_CURVE ( 'NONE', #4340, #10767, #2662, .T. );
#7448=CARTESIAN_POINT ( 'NONE',  ( 0.08267716535433070058, 0.05511811023622047168, -0.3612204724409449064 ) );
#7449=ORIENTED_EDGE ( 'NONE', *, *, #10293, .T. );
#7450=CARTESIAN_POINT ( 'NONE',  ( 0.09144697743283464186, -0.04244461157708661475, -0.08563728593539371436 ) );
#7451=LINE ( 'NONE', #1139, #11 );
#7452=ADVANCED_FACE ( 'NONE', ( #9262 ), #10154, .F. );
#7453=EDGE_CURVE ( 'NONE', #9948, #3101, #4675, .T. );
#7454=CARTESIAN_POINT ( 'NONE',  ( 0.03838593298827072675, -0.02177277488887465959, -0.4894181290636670512 ) );
#7455=ORIENTED_EDGE ( 'NONE', *, *, #7753, .T. );
#7456=CARTESIAN_POINT ( 'NONE',  ( 0.04232283464566918840, 0.01672338319517582134, -0.5000000000008683054 ) );
#7457=ORIENTED_EDGE ( 'NONE', *, *, #5095, .T. );
#7458=VERTEX_POINT ( 'NONE', #1934 );
#7459=FACE_OUTER_BOUND ( 'NONE', #4069, .T. );
#7460=VERTEX_POINT ( 'NONE', #11073 );
#7461=DIRECTION ( 'NONE',  ( -0.1140538566623999911, 0.000000000000000000, -0.9934745682605229389 ) );
#7462=AXIS2_PLACEMENT_3D ( 'NONE', #3746, #8407, #54 );
#7463=CARTESIAN_POINT ( 'NONE',  ( -0.02171885099214815665, -0.1299209946236692947, -0.3653744538812482845 ) );
#7464=LINE ( 'NONE', #11740, #24 );
#7465=LINE ( 'NONE', #4841, #9244 );
#7466=ORIENTED_EDGE ( 'NONE', *, *, #9378, .F. );
#7467=EDGE_CURVE ( 'NONE', #10591, #1953, #10278, .T. );
#7468=CARTESIAN_POINT ( 'NONE',  ( 0.05144802394164228049, 0.000000000000000000, -0.4912034381094519953 ) );
#7469=CARTESIAN_POINT ( 'NONE',  ( -0.06029723278932765107, 0.02797621931297939943, -0.2014175920549669818 ) );
#7470=CARTESIAN_POINT ( 'NONE',  ( -0.1033464566929133965, -0.08070866141732284393, -0.2244094488188976555 ) );
#7471=CARTESIAN_POINT ( 'NONE',  ( 0.05019685039370079538, -0.07677165354330708902, -0.5068897637795275468 ) );
#7472=CARTESIAN_POINT ( 'NONE',  ( -0.05137688055471748699, 0.02381659075253366592, -0.2048201263204559031 ) );
#7473=ORIENTED_EDGE ( 'NONE', *, *, #8239, .T. );
#7474=ORIENTED_EDGE ( 'NONE', *, *, #10926, .T. );
#7475=LINE ( 'NONE', #1167, #293 );
#7476=VERTEX_POINT ( 'NONE', #9147 );
#7477=EDGE_CURVE ( 'NONE', #7915, #2579, #8310, .T. );
#7478=AXIS2_PLACEMENT_3D ( 'NONE', #8514, #47, #98 );
#7479=CARTESIAN_POINT ( 'NONE',  ( 0.04232283464566920228, -0.01574803149432616248, -0.4990246486571143225 ) );
#7480=CARTESIAN_POINT ( 'NONE',  ( 0.08997014119366142371, 0.09547061145110236069, -0.05592045018240157650 ) );
#7481=FACE_BOUND ( 'NONE', #11105, .T. );
#7482=ORIENTED_EDGE ( 'NONE', *, *, #4994, .F. );
#7483=ORIENTED_EDGE ( 'NONE', *, *, #5377, .F. );
#7484=CARTESIAN_POINT ( 'NONE',  ( 0.08956692913385827515, 0.08661417322834646937, -0.1259842519685039353 ) );
#7485=CIRCLE ( 'NONE', #6941, 0.009842519684660573989 );
#7486=EDGE_CURVE ( 'NONE', #6292, #2687, #4736, .T. );
#7487=CIRCLE ( 'NONE', #3096, 0.004921259842519689308 );
#7488=PLANE ( 'NONE',  #5906 );
#7489=FACE_OUTER_BOUND ( 'NONE', #9709, .T. );
#7490=ORIENTED_EDGE ( 'NONE', *, *, #6849, .F. );
#7491=ORIENTED_EDGE ( 'NONE', *, *, #8276, .T. );
#7492=VERTEX_POINT ( 'NONE', #3827 );
#7493=CIRCLE ( 'NONE', #5687, 0.007874015748031482076 );
#7494=ORIENTED_EDGE ( 'NONE', *, *, #8872, .T. );
#7495=EDGE_CURVE ( 'NONE', #8897, #11512, #6573, .T. );
#7496=CARTESIAN_POINT ( 'NONE',  ( -0.08668802497776102733, -0.005329631511962645493, -0.1820866141732283561 ) );
#7497=DIRECTION ( 'NONE',  ( 0.000000000000000000, 0.7071067811459169627, -0.7071067812271780717 ) );
#7498=LINE ( 'NONE', #5624, #1413 );
#7499=EDGE_CURVE ( 'NONE', #10515, #858, #2118, .T. );
#7500=DIRECTION ( 'NONE',  ( 1.807003620809164771E-16, 1.000000000000000000, 0.000000000000000000 ) );
#7501=VERTEX_POINT ( 'NONE', #10837 );
#7502=ORIENTED_EDGE ( 'NONE', *, *, #11248, .F. );
#7503=FACE_BOUND ( 'NONE', #1360, .T. );
#7504=B_SPLINE_CURVE_WITH_KNOTS ( 'NONE', 3,( #2605, #5691, #10735, #8211, #999, #32, #9107, #9218, #3849, #104, #4572, #9949, #5473 ),.UNSPECIFIED., .F., .F.,( 4, 3, 3, 3, 4 ),( 6.443226605270133188E-17, 1.861302270646966232E-05, 5.656153999145694755E-05, 9.731227059918829943E-05, 0.0001070853038080286023 ),.UNSPECIFIED. );
#7505=AXIS2_PLACEMENT_3D ( 'NONE', #4829, #16, #3854 );
#7506=DIRECTION ( 'NONE',  ( 0.9934745682610618411, 1.108650813693171876E-11, -0.1140538566577059681 ) );
#7507=CARTESIAN_POINT ( 'NONE',  ( 0.09544295230059056390, -0.04261127872279527051, -0.05413918711035434206 ) );
#7508=ORIENTED_EDGE ( 'NONE', *, *, #1114, .F. );
#7509=LINE ( 'NONE', #939, #4055 );
#7510=ORIENTED_EDGE ( 'NONE', *, *, #2140, .F. );
#7511=AXIS2_PLACEMENT_3D ( 'NONE', #6771, #5121, #9442 );
#7512=CARTESIAN_POINT ( 'NONE',  ( 0.05730957641820866311, 0.03937007874015747977, -0.3194904622879528033 ) );
#7513=ADVANCED_FACE ( 'NONE', ( #79 ), #6629, .F. );
#7514=LINE ( 'NONE', #3975, #58 );
#7515=CARTESIAN_POINT ( 'NONE',  ( -0.1002324221880315086, 0.09521469481645669641, -0.2173473124962992387 ) );
#7516=FACE_OUTER_BOUND ( 'NONE', #9490, .T. );
#7517=EDGE_CURVE ( 'NONE', #3744, #9520, #203, .T. );
#7518=EDGE_CURVE ( 'NONE', #3242, #5299, #7392, .T. );
#7519=VERTEX_POINT ( 'NONE', #3339 );
#7520=CARTESIAN_POINT ( 'NONE',  ( 0.04132749983997086041, 0.01574803149606303354, -0.4973834009555915814 ) );
#7521=ORIENTED_EDGE ( 'NONE', *, *, #10060, .F. );
#7522=LINE ( 'NONE', #5829, #58 );
#7523=ORIENTED_EDGE ( 'NONE', *, *, #347, .T. );
#7524=FACE_OUTER_BOUND ( 'NONE', #2414, .T. );
#7525=ORIENTED_EDGE ( 'NONE', *, *, #7710, .F. );
#7526=CARTESIAN_POINT ( 'NONE',  ( 0.03740157480314960925, 0.07874015748031495954, -0.4685039370078740717 ) );
#7527=ADVANCED_FACE ( 'NONE', ( #7719 ), #8597, .F. );
#7528=EDGE_CURVE ( 'NONE', #2049, #6269, #3400, .T. );
#7529=CARTESIAN_POINT ( 'NONE',  ( -0.02721304011555407756, -0.1240157480314960925, -0.3532290801306081640 ) );
#7530=CARTESIAN_POINT ( 'NONE',  ( 0.09153543307086613179, -0.005905511811023621965, -0.07283464566929134798 ) );
#7531=CARTESIAN_POINT ( 'NONE',  ( 0.05737923281617792609, 0.04481997484079035254, -0.07793445280713215406 ) );
#7532=ORIENTED_EDGE ( 'NONE', *, *, #1734, .T. );
#7533=CARTESIAN_POINT ( 'NONE',  ( -0.06510514525694910404, 0.002020126823926744232, -0.2108095562396944955 ) );
#7534=VERTEX_POINT ( 'NONE', #9470 );
#7535=ORIENTED_EDGE ( 'NONE', *, *, #10163, .F. );
#7536=LINE ( 'NONE', #1029, #58 );
#7537=EDGE_CURVE ( 'NONE', #4511, #3242, #6969, .T. );
#7538=EDGE_LOOP ( 'NONE', ( #8455, #8876, #6210, #7398 ) );
#7539=CARTESIAN_POINT ( 'NONE',  ( -0.09153543307086613179, -0.04921259842519685318, -0.1683070866141732347 ) );
#7540=CARTESIAN_POINT ( 'NONE',  ( -0.06175491430025247669, 0.02865594736466687761, -0.2044160674753928986 ) );
#7541=ORIENTED_EDGE ( 'NONE', *, *, #8440, .F. );
#7542=ORIENTED_EDGE ( 'NONE', *, *, #4807, .F. );
#7543=CARTESIAN_POINT ( 'NONE',  ( 0.05221173162421260255, -0.07874015748031495954, -0.5735433070866141625 ) );
#7544=CARTESIAN_POINT ( 'NONE',  ( -0.09084611726633858020, 0.09514455954799212745, -0.1826209987319685202 ) );
#7545=CARTESIAN_POINT ( 'NONE',  ( -0.03949908998713125979, 0.07257798048602658036, -0.1771653550630653273 ) );
#7546=CARTESIAN_POINT ( 'NONE',  ( 0.09433404491955038607, 0.03937007874015747977, -0.2211981225983417343 ) );
#7547=VERTEX_POINT ( 'NONE', #7668 );
#7548=VERTEX_POINT ( 'NONE', #11135 );
#7549=VERTEX_POINT ( 'NONE', #5848 );
#7550=ORIENTED_EDGE ( 'NONE', *, *, #15, .F. );
#7551=CARTESIAN_POINT ( 'NONE',  ( -0.1043307086614173318, 0.09842519685039370636, -0.08710629921259842312 ) );
#7552=DIRECTION ( 'NONE',  ( 0.000000000000000000, 0.7071067812271780717, 0.7071067811459169627 ) );
#7553=ADVANCED_FACE ( 'NONE', ( #3283 ), #3221, .T. );
#7554=CARTESIAN_POINT ( 'NONE',  ( 0.08858267716535432601, -0.07381889763779526936, -0.1496062992125984370 ) );
#7555=ORIENTED_EDGE ( 'NONE', *, *, #2311, .F. );
#7556=ORIENTED_EDGE ( 'NONE', *, *, #5103, .F. );
#7557=LINE ( 'NONE', #283, #3607 );
#7558=FACE_OUTER_BOUND ( 'NONE', #9072, .T. );
#7559=LINE ( 'NONE', #11717, #33 );
#7560=AXIS2_PLACEMENT_3D ( 'NONE', #11489, #6412, #54 );
#7561=FACE_OUTER_BOUND ( 'NONE', #5746, .T. );
#7562=AXIS2_PLACEMENT_3D ( 'NONE', #3064, #3046, #54 );
#7563=EDGE_CURVE ( 'NONE', #2534, #11408, #9419, .T. );
#7564=ORIENTED_EDGE ( 'NONE', *, *, #9251, .T. );
#7565=LINE ( 'NONE', #6760, #11 );
#7566=CARTESIAN_POINT ( 'NONE',  ( 0.03248031496062991907, -0.06102362204724409711, -0.5649606299212598381 ) );
#7567=CARTESIAN_POINT ( 'NONE',  ( 0.000000000000000000, -0.09842519685039370636, -0.1948818897637795422 ) );
#7568=EDGE_CURVE ( 'NONE', #10235, #638, #1476, .T. );
#7569=VERTEX_POINT ( 'NONE', #11239 );
#7570=CARTESIAN_POINT ( 'NONE',  ( 0.1387795275590551214, -0.1023622047244094474, -0.4940944881889763884 ) );
#7571=CARTESIAN_POINT ( 'NONE',  ( -0.1031145463628346387, 0.08395334801342520248, -0.2185067052257086695 ) );
#7572=AXIS2_PLACEMENT_3D ( 'NONE', #2054, #697, #8482 );
#7573=ORIENTED_EDGE ( 'NONE', *, *, #7443, .F. );
#7574=CARTESIAN_POINT ( 'NONE',  ( 0.09251968503937008093, 0.04639612356148622302, -0.01938219261053748463 ) );
#7575=DIRECTION ( 'NONE',  ( 0.9063077870376061718, 0.4226182617386489704, -3.442812212231845265E-12 ) );
#7576=ADVANCED_FACE ( 'NONE', ( #5209 ), #1429, .T. );
#7577=ORIENTED_EDGE ( 'NONE', *, *, #1286, .T. );
#7578=VECTOR ( 'NONE', #7108, 39.37007874015748143 );
#7579=PLANE ( 'NONE',  #6697 );
#7580=AXIS2_PLACEMENT_3D ( 'NONE', #7828, #16, #47 );
#7581=VERTEX_POINT ( 'NONE', #464 );
#7582=LINE ( 'NONE', #6823, #6518 );
#7583=VERTEX_POINT ( 'NONE', #8765 );
#7584=ORIENTED_EDGE ( 'NONE', *, *, #2673, .F. );
#7585=PLANE ( 'NONE',  #7478 );
#7586=ADVANCED_FACE ( 'NONE', ( #6083 ), #6912, .F. );
#7587=EDGE_CURVE ( 'NONE', #10412, #7534, #339, .T. );
#7588=CARTESIAN_POINT ( 'NONE',  ( 0.04230707218498030997, 0.08474738297629921813, -0.08070866141724410137 ) );
#7589=CARTESIAN_POINT ( 'NONE',  ( 0.08484245865466791270, 0.000000000000000000, -0.3038752879526752104 ) );
#7590=VERTEX_POINT ( 'NONE', #1492 );
#7591=LINE ( 'NONE', #8518, #58 );
#7592=FACE_OUTER_BOUND ( 'NONE', #6708, .T. );
#7593=AXIS2_PLACEMENT_3D ( 'NONE', #1964, #7, #47 );
#7594=AXIS2_PLACEMENT_3D ( 'NONE', #4752, #7, #47 );
#7595=CARTESIAN_POINT ( 'NONE',  ( -0.01181102362204724393, -0.1023622047244094474, -0.6496062992125984925 ) );
#7596=B_SPLINE_CURVE_WITH_KNOTS ( 'NONE', 3,( #3168, #2185, #157, #2724 ),.UNSPECIFIED., .F., .F.,( 4, 4 ),( 0.9963827522135555448, 1.000000000000000000 ),.UNSPECIFIED. );
#7597=EDGE_CURVE ( 'NONE', #9130, #1395, #6026, .T. );
#7598=PLANE ( 'NONE',  #247 );
#7599=DIRECTION ( 'NONE',  ( 0.000000000000000000, -0.2216211035895534198, 0.9751328557913266915 ) );
#7600=ORIENTED_EDGE ( 'NONE', *, *, #2771, .F. );
#7601=LINE ( 'NONE', #10309, #311 );
#7602=ORIENTED_EDGE ( 'NONE', *, *, #2290, .T. );
#7603=PLANE ( 'NONE',  #3870 );
#7604=ORIENTED_EDGE ( 'NONE', *, *, #6335, .T. );
#7605=CIRCLE ( 'NONE', #8348, 0.009842519685039378616 );
#7606=AXIS2_PLACEMENT_3D ( 'NONE', #9862, #1278, #47 );
#7607=CARTESIAN_POINT ( 'NONE',  ( 0.1003937007874015908, -0.1023622047244094474, -0.4940944881889763884 ) );
#7608=PLANE ( 'NONE',  #1876 );
#7609=EDGE_LOOP ( 'NONE', ( #2622, #10177, #11530, #272, #9409 ) );
#7610=ORIENTED_EDGE ( 'NONE', *, *, #7597, .T. );
#7611=CARTESIAN_POINT ( 'NONE',  ( -0.1032941442471653481, -0.04128210664259841789, -0.2135901917009842277 ) );
#7612=CARTESIAN_POINT ( 'NONE',  ( -0.09055118110232521222, 0.08848420284377954415, -0.1830181574880315187 ) );
#7613=AXIS2_PLACEMENT_3D ( 'NONE', #10868, #166, #73 );
#7614=EDGE_CURVE ( 'NONE', #4917, #7104, #10379, .T. );
#7615=CARTESIAN_POINT ( 'NONE',  ( 0.09251968503937008093, -0.0004921259865157283147, -0.1141732283464566844 ) );
#7616=ADVANCED_FACE ( 'NONE', ( #2296, #5966 ), #5096, .F. );
#7617=CARTESIAN_POINT ( 'NONE',  ( 0.04564224595295275633, 0.03949397358468504510, -0.3599670671640945452 ) );
#7618=VERTEX_POINT ( 'NONE', #7846 );
#7619=ORIENTED_EDGE ( 'NONE', *, *, #6008, .T. );
#7620=ORIENTED_EDGE ( 'NONE', *, *, #2263, .F. );
#7621=ORIENTED_EDGE ( 'NONE', *, *, #7953, .F. );
#7622=CARTESIAN_POINT ( 'NONE',  ( 0.06236923925314961231, -0.03353484397787401955, -0.5086662690543307663 ) );
#7623=CARTESIAN_POINT ( 'NONE',  ( -0.09645669291338582196, 0.07874015748031495954, -0.5708661417322835607 ) );
#7624=CIRCLE ( 'NONE', #4233, 0.01181102362204724046 );
#7625=FACE_OUTER_BOUND ( 'NONE', #1017, .T. );
#7626=ORIENTED_EDGE ( 'NONE', *, *, #10270, .F. );
#7627=ORIENTED_EDGE ( 'NONE', *, *, #34, .T. );
#7628=CARTESIAN_POINT ( 'NONE',  ( 0.05019685039370079538, 0.04921259842519685318, -0.4685039370078740717 ) );
#7629=EDGE_CURVE ( 'NONE', #10517, #9746, #7784, .T. );
#7630=LINE ( 'NONE', #6756, #293 );
#7631=CARTESIAN_POINT ( 'NONE',  ( 0.08858267716535432601, -0.07185039370078739884, -0.1633858267716535584 ) );
#7632=CARTESIAN_POINT ( 'NONE',  ( 0.09545137645122048209, -0.04368668943590551385, -0.05394061374893700800 ) );
#7633=VERTEX_POINT ( 'NONE', #7902 );
#7634=CYLINDRICAL_SURFACE ( 'NONE', #11444, 0.003937007874015724558 );
#7635=CARTESIAN_POINT ( 'NONE',  ( 0.07578740157480315376, 0.08661417322834646937, -0.09940944881889764162 ) );
#7636=EDGE_LOOP ( 'NONE', ( #1503, #179, #4651, #7756, #1384, #9256, #2736 ) );
#7637=EDGE_CURVE ( 'NONE', #4618, #9991, #4075, .T. );
#7638=LINE ( 'NONE', #5929, #728 );
#7639=CARTESIAN_POINT ( 'NONE',  ( -0.09424964532429135067, 0.08989968248976376586, -0.2173473153489763887 ) );
#7640=VERTEX_POINT ( 'NONE', #3574 );
#7641=AXIS2_PLACEMENT_3D ( 'NONE', #383, #9008, #11000 );
#7642=DIRECTION ( 'NONE',  ( -0.000000000000000000, -0.9701425001455137309, -0.2425356250356054955 ) );
#7643=EDGE_CURVE ( 'NONE', #3564, #7476, #3442, .T. );
#7644=EDGE_LOOP ( 'NONE', ( #290, #5595, #8603, #1398, #7299 ) );
#7645=CARTESIAN_POINT ( 'NONE',  ( -0.09251968503937008093, -0.07677165354330708902, -0.09350393700787401619 ) );
#7646=VERTEX_POINT ( 'NONE', #6208 );
#7647=LINE ( 'NONE', #3132, #11 );
#7648=ORIENTED_EDGE ( 'NONE', *, *, #11058, .F. );
#7649=VERTEX_POINT ( 'NONE', #6148 );
#7650=CARTESIAN_POINT ( 'NONE',  ( -0.1023622047244094474, 0.04094488188976377896, -0.2529527559055118058 ) );
#7651=CYLINDRICAL_SURFACE ( 'NONE', #6751, 0.009842518229685081471 );
#7652=EDGE_CURVE ( 'NONE', #8422, #10550, #10015, .T. );
#7653=CYLINDRICAL_SURFACE ( 'NONE', #4092, 0.01181102362204724046 );
#7654=ORIENTED_EDGE ( 'NONE', *, *, #866, .F. );
#7655=DIRECTION ( 'NONE',  ( 0.000000000000000000, 0.2425356250366959843, 0.9701425001452411712 ) );
#7656=ORIENTED_EDGE ( 'NONE', *, *, #5468, .F. );
#7657=VERTEX_POINT ( 'NONE', #6507 );
#7658=ORIENTED_EDGE ( 'NONE', *, *, #2217, .T. );
#7659=AXIS2_PLACEMENT_3D ( 'NONE', #4295, #7704, #1532 );
#7660=CARTESIAN_POINT ( 'NONE',  ( -0.1033464566929133965, 0.09842519685039370636, -0.2539370078740157410 ) );
#7661=EDGE_CURVE ( 'NONE', #7234, #4356, #5321, .T. );
#7662=VERTEX_POINT ( 'NONE', #5055 );
#7663=ORIENTED_EDGE ( 'NONE', *, *, #8136, .F. );
#7664=CARTESIAN_POINT ( 'NONE',  ( -0.09934511398732283338, -0.04166984484791338289, -0.2135901240032283543 ) );
#7665=CIRCLE ( 'NONE', #8594, 0.08267716535433070058 );
#7666=AXIS2_PLACEMENT_3D ( 'NONE', #7815, #16, #54 );
#7667=AXIS2_PLACEMENT_3D ( 'NONE', #5614, #47, #73 );
#7668=CARTESIAN_POINT ( 'NONE',  ( -0.09251968503937008093, -0.04232283464566929249, -0.1722440944881890035 ) );
#7669=CARTESIAN_POINT ( 'NONE',  ( -0.09547244094488190058, 0.03543307086614173179, -0.4251968503937008093 ) );
#7670=ORIENTED_EDGE ( 'NONE', *, *, #8994, .T. );
#7671=AXIS2_PLACEMENT_3D ( 'NONE', #7157, #16, #54 );
#7672=ORIENTED_EDGE ( 'NONE', *, *, #6750, .F. );
#7673=VERTEX_POINT ( 'NONE', #5437 );
#7674=ORIENTED_EDGE ( 'NONE', *, *, #1379, .T. );
#7675=LINE ( 'NONE', #4743, #58 );
#7676=FACE_OUTER_BOUND ( 'NONE', #8604, .T. );
#7677=EDGE_CURVE ( 'NONE', #1776, #760, #4429, .T. );
#7678=ORIENTED_EDGE ( 'NONE', *, *, #10918, .T. );
#7679=ORIENTED_EDGE ( 'NONE', *, *, #2562, .F. );
#7680=ADVANCED_FACE ( 'NONE', ( #2668 ), #10541, .F. );
#7681=CARTESIAN_POINT ( 'NONE',  ( 0.08070866141732284393, 0.09842519685039370636, -0.3996062992125983815 ) );
#7682=CARTESIAN_POINT ( 'NONE',  ( 0.06018625239793720660, 0.02821421753033102539, -0.08783184897817560011 ) );
#7683=CARTESIAN_POINT ( 'NONE',  ( -0.07126345245470472323, -0.04921259842519685318, -0.1683070866141732347 ) );
#7684=CARTESIAN_POINT ( 'NONE',  ( 0.09251968503937008093, 0.008858267716535432948, -0.1259842519685039353 ) );
#7685=AXIS2_PLACEMENT_3D ( 'NONE', #5151, #73, #47 );
#7686=EDGE_LOOP ( 'NONE', ( #3043, #206, #9962, #8429, #3626, #4345, #9284, #3205 ) );
#7687=ORIENTED_EDGE ( 'NONE', *, *, #9867, .F. );
#7688=CARTESIAN_POINT ( 'NONE',  ( -0.08468259516606300996, -0.02431835906304724571, -0.1820866141732283561 ) );
#7689=ORIENTED_EDGE ( 'NONE', *, *, #648, .T. );
#7690=EDGE_CURVE ( 'NONE', #4550, #10443, #2546, .T. );
#7691=CARTESIAN_POINT ( 'NONE',  ( 0.09645669291338582196, 0.07381889763779526936, -0.5708661417322835607 ) );
#7692=CARTESIAN_POINT ( 'NONE',  ( 0.06236923925314961231, 0.02906418363969291360, -0.5086662690543307663 ) );
#7693=CARTESIAN_POINT ( 'NONE',  ( -0.09110646983425196854, 0.08737825194999999934, -0.2166564832650000050 ) );
#7694=EDGE_LOOP ( 'NONE', ( #2957, #11526, #1526, #9555, #3880 ) );
#7695=CARTESIAN_POINT ( 'NONE',  ( 0.06871917375901614999, 0.000000000000000000, -0.3104307975545673171 ) );
#7696=ADVANCED_FACE ( 'NONE', ( #8871 ), #2604, .F. );
#7697=ORIENTED_EDGE ( 'NONE', *, *, #3162, .T. );
#7698=CARTESIAN_POINT ( 'NONE',  ( -0.09251968503937008093, 0.05416676014822834756, -0.1440971832715354506 ) );
#7699=ORIENTED_EDGE ( 'NONE', *, *, #1452, .T. );
#7700=EDGE_LOOP ( 'NONE', ( #5868, #4091, #5113, #8973 ) );
#7701=VERTEX_POINT ( 'NONE', #6319 );
#7702=CARTESIAN_POINT ( 'NONE',  ( 0.04096016438699907197, 0.03937007874015747977, -0.3619492423405405446 ) );
#7703=ADVANCED_FACE ( 'NONE', ( #9636 ), #7127, .T. );
#7704=DIRECTION ( 'NONE',  ( 0.000000000000000000, 0.8574929257125450954, -0.5144957554275251255 ) );
#7705=DIRECTION ( 'NONE',  ( 1.011922027653137735E-14, 0.000000000000000000, 1.000000000000000000 ) );
#7706=CARTESIAN_POINT ( 'NONE',  ( 0.06303082545200787423, 0.03263598452692913210, -0.4217087683318897495 ) );
#7707=CARTESIAN_POINT ( 'NONE',  ( 0.05948629167710117044, 0.02759807126200335831, -0.05318621249589704225 ) );
#7708=ORIENTED_EDGE ( 'NONE', *, *, #8271, .F. );
#7709=ORIENTED_EDGE ( 'NONE', *, *, #8209, .T. );
#7710=EDGE_CURVE ( 'NONE', #1946, #2865, #4485, .T. );
#7711=VERTEX_POINT ( 'NONE', #773 );
#7712=VERTEX_POINT ( 'NONE', #5380 );
#7713=ADVANCED_FACE ( 'NONE', ( #6384 ), #8923, .T. );
#7714=CARTESIAN_POINT ( 'NONE',  ( -0.06029723278932384162, 0.02797621931298617873, -0.1980314960629921961 ) );
#7715=ORIENTED_EDGE ( 'NONE', *, *, #4307, .T. );
#7716=ORIENTED_EDGE ( 'NONE', *, *, #5718, .F. );
#7717=FACE_OUTER_BOUND ( 'NONE', #7945, .T. );
#7718=LINE ( 'NONE', #6736, #31 );
#7719=FACE_OUTER_BOUND ( 'NONE', #1094, .T. );
#7720=CARTESIAN_POINT ( 'NONE',  ( 0.06651382645963739570, 0.03793407682591810881, -0.09055118110236221041 ) );
#7721=VERTEX_POINT ( 'NONE', #11576 );
#7722=EDGE_CURVE ( 'NONE', #2675, #10043, #4541, .T. );
#7723=EDGE_LOOP ( 'NONE', ( #4648, #4318, #3522, #5425, #5851 ) );
#7724=ORIENTED_EDGE ( 'NONE', *, *, #4135, .T. );
#7725=VERTEX_POINT ( 'NONE', #7245 );
#7726=FACE_OUTER_BOUND ( 'NONE', #5052, .T. );
#7727=CARTESIAN_POINT ( 'NONE',  ( -0.07568785846292933051, -0.005029083955081291128, -0.1771653544314917283 ) );
#7728=B_SPLINE_CURVE_WITH_KNOTS ( 'NONE', 3,( #797, #10870, #949, #10124, #5769, #8284, #3722 ),.UNSPECIFIED., .F., .F.,( 4, 3, 4 ),( 0.000000000000000000, 9.496024085961171724E-06, 1.917116800202135551E-05 ),.UNSPECIFIED. );
#7729=ADVANCED_FACE ( 'NONE', ( #1552 ), #11633, .T. );
#7730=EDGE_CURVE ( 'NONE', #9141, #9094, #1867, .T. );
#7731=CARTESIAN_POINT ( 'NONE',  ( -0.04425981366131787748, 0.08565796128110728103, -0.1978346456692913480 ) );
#7732=VERTEX_POINT ( 'NONE', #5268 );
#7733=EDGE_LOOP ( 'NONE', ( #1078, #8073, #11436, #7697, #537, #10681, #2409 ) );
#7734=CARTESIAN_POINT ( 'NONE',  ( 0.000000000000000000, 0.07874015748031495954, -0.5708661417322835607 ) );
#7735=CARTESIAN_POINT ( 'NONE',  ( 0.03740157480313949234, -0.07677165354330708902, -0.5682250243999708017 ) );
#7736=CARTESIAN_POINT ( 'NONE',  ( 0.06146031384494311106, 0.03271849458836192936, -0.5075471926090637798 ) );
#7737=AXIS2_PLACEMENT_3D ( 'NONE', #8587, #73, #54 );
#7738=LINE ( 'NONE', #9822, #728 );
#7739=ORIENTED_EDGE ( 'NONE', *, *, #5480, .T. );
#7740=EDGE_CURVE ( 'NONE', #7590, #6525, #8820, .T. );
#7741=EDGE_CURVE ( 'NONE', #1988, #545, #60, .T. );
#7742=PLANE ( 'NONE',  #500 );
#7743=ORIENTED_EDGE ( 'NONE', *, *, #3971, .T. );
#7744=CARTESIAN_POINT ( 'NONE',  ( -0.03949908998725008141, 0.07257798048628701093, -0.2086614173228421298 ) );
#7745=FACE_OUTER_BOUND ( 'NONE', #11624, .T. );
#7746=CARTESIAN_POINT ( 'NONE',  ( 0.03838593298828563843, 0.02621446556985129045, -0.4999999633839881108 ) );
#7747=CARTESIAN_POINT ( 'NONE',  ( 0.03838582677165354451, -0.05511811023622047168, -0.4488188976377953110 ) );
#7748=CARTESIAN_POINT ( 'NONE',  ( -0.09200432292444882254, 0.09941135642303150499, -0.2138119649723622395 ) );
#7749=CARTESIAN_POINT ( 'NONE',  ( -0.1043770859549212754, -0.08429133858267717772, -0.1417322834645669272 ) );
#7750=CIRCLE ( 'NONE', #2623, 0.004921259842524893478 );
#7751=CARTESIAN_POINT ( 'NONE',  ( 0.03740157480314960925, 0.09842519685039370636, -0.5039370078740157410 ) );
#7752=EDGE_CURVE ( 'NONE', #1134, #5781, #7411, .T. );
#7753=EDGE_CURVE ( 'NONE', #7226, #6813, #10139, .T. );
#7754=ORIENTED_EDGE ( 'NONE', *, *, #1719, .F. );
#7755=PLANE ( 'NONE',  #10160 );
#7756=ORIENTED_EDGE ( 'NONE', *, *, #10380, .T. );
#7757=ORIENTED_EDGE ( 'NONE', *, *, #4469, .T. );
#7758=VERTEX_POINT ( 'NONE', #11746 );
#7759=CARTESIAN_POINT ( 'NONE',  ( 0.03518009558603878845, 0.03937007874015747977, -0.3631599637766788069 ) );
#7760=AXIS2_PLACEMENT_3D ( 'NONE', #785, #850, #4610 );
#7761=CARTESIAN_POINT ( 'NONE',  ( 0.07578740157480315376, 0.08661417322834646937, -0.01377952755905511792 ) );
#7762=FACE_OUTER_BOUND ( 'NONE', #1682, .T. );
#7763=FACE_OUTER_BOUND ( 'NONE', #1662, .T. );
#7764=LINE ( 'NONE', #10474, #293 );
#7765=CARTESIAN_POINT ( 'NONE',  ( 0.1033464566929133965, 0.09842519685039370636, -0.1259842519685039353 ) );
#7766=CIRCLE ( 'NONE', #4566, 0.004921259842519616449 );
#7767=CIRCLE ( 'NONE', #1458, 0.01181102362204724046 );
#7768=CARTESIAN_POINT ( 'NONE',  ( 0.04563888231669967904, 0.03612176768383643100, -0.06289640911258528866 ) );
#7769=EDGE_CURVE ( 'NONE', #5385, #8165, #8412, .T. );
#7770=EDGE_LOOP ( 'NONE', ( #2621, #6960, #322, #8753 ) );
#7771=DIRECTION ( 'NONE',  ( 0.4226182617407909792, 0.9063077870366071931, 0.000000000000000000 ) );
#7772=ORIENTED_EDGE ( 'NONE', *, *, #2251, .T. );
#7773=VERTEX_POINT ( 'NONE', #5783 );
#7774=CARTESIAN_POINT ( 'NONE',  ( 0.05019685039370079538, 0.000000000000000000, -0.5649606299212598381 ) );
#7775=ORIENTED_EDGE ( 'NONE', *, *, #10491, .F. );
#7776=CARTESIAN_POINT ( 'NONE',  ( -0.02362204724533705988, -0.1299212598425196763, -0.4195563431553112621 ) );
#7777=CIRCLE ( 'NONE', #5169, 0.009842519685039378616 );
#7778=LINE ( 'NONE', #6843, #311 );
#7779=EDGE_CURVE ( 'NONE', #1599, #9924, #9134, .T. );
#7780=ORIENTED_EDGE ( 'NONE', *, *, #445, .T. );
#7781=ORIENTED_EDGE ( 'NONE', *, *, #8739, .T. );
#7782=CARTESIAN_POINT ( 'NONE',  ( -0.02952755905511811330, 0.09842519685039370636, -0.2854330708661417804 ) );
#7783=CARTESIAN_POINT ( 'NONE',  ( -0.09104233741276535063, 0.08846114593025590500, -0.1807951094193228359 ) );
#7784=LINE ( 'NONE', #268, #188 );
#7785=EDGE_CURVE ( 'NONE', #8470, #10298, #10886, .T. );
#7786=AXIS2_PLACEMENT_3D ( 'NONE', #2111, #16, #54 );
#7787=LINE ( 'NONE', #4130, #58 );
#7788=ORIENTED_EDGE ( 'NONE', *, *, #5672, .T. );
#7789=ORIENTED_EDGE ( 'NONE', *, *, #11023, .T. );
#7790=ORIENTED_EDGE ( 'NONE', *, *, #8741, .F. );
#7791=VERTEX_POINT ( 'NONE', #9306 );
#7792=CARTESIAN_POINT ( 'NONE',  ( 0.09153543307086613179, 0.02460629921259842659, -0.04035433070866142197 ) );
#7793=CARTESIAN_POINT ( 'NONE',  ( -0.1043770859549212754, -0.08070866141732284393, -0.1526054324116141725 ) );
#7794=CARTESIAN_POINT ( 'NONE',  ( -0.09544860996696852284, -0.04376106953157480467, -0.1818702374523622212 ) );
#7795=ORIENTED_EDGE ( 'NONE', *, *, #7838, .F. );
#7796=VERTEX_POINT ( 'NONE', #3873 );
#7797=CARTESIAN_POINT ( 'NONE',  ( 0.1653543307086614012, -0.1023622047244094474, -0.4822834645669291653 ) );
#7798=AXIS2_PLACEMENT_3D ( 'NONE', #6448, #54, #7 );
#7799=EDGE_CURVE ( 'NONE', #594, #10637, #8468, .T. );
#7800=CARTESIAN_POINT ( 'NONE',  ( 0.1003937007874015908, -0.1023622047244094474, -0.4645669291338582751 ) );
#7801=EDGE_CURVE ( 'NONE', #3009, #6943, #899, .T. );
#7802=CARTESIAN_POINT ( 'NONE',  ( -0.07581205150293449102, -0.05776093400759482049, 0.09842519685039370636 ) );
#7803=ORIENTED_EDGE ( 'NONE', *, *, #320, .T. );
#7804=EDGE_CURVE ( 'NONE', #6635, #1923, #4717, .T. );
#7805=ORIENTED_EDGE ( 'NONE', *, *, #9137, .F. );
#7806=CARTESIAN_POINT ( 'NONE',  ( 0.05019685039366818952, -0.02892200975449722017, -0.4969242936794876497 ) );
#7807=CARTESIAN_POINT ( 'NONE',  ( -0.09547244094488190058, 0.03543307086614173179, -0.4891732283464567121 ) );
#7808=CARTESIAN_POINT ( 'NONE',  ( 0.09169762061938702136, 0.08819090896771535071, -0.08870372869627600465 ) );
#7809=CARTESIAN_POINT ( 'NONE',  ( -0.1043307086614173318, 0.09842519685039370636, -0.03100393700787401619 ) );
#7810=FACE_OUTER_BOUND ( 'NONE', #11331, .T. );
#7811=CARTESIAN_POINT ( 'NONE',  ( -0.09251968503937008093, -0.07874015748031495954, -0.1929133858267716439 ) );
#7812=ADVANCED_FACE ( 'NONE', ( #1850 ), #10996, .T. );
#7813=CARTESIAN_POINT ( 'NONE',  ( 0.02950530667953004879, -0.1240157480314960231, -0.1389414088724408858 ) );
#7814=CIRCLE ( 'NONE', #2494, 0.009842519685039361269 );
#7815=CARTESIAN_POINT ( 'NONE',  ( -0.1673228346456692994, -0.1023622047244094474, -0.1830708661417322636 ) );
#7816=ORIENTED_EDGE ( 'NONE', *, *, #4569, .F. );
#7817=EDGE_CURVE ( 'NONE', #5184, #9421, #3941, .T. );
#7818=ORIENTED_EDGE ( 'NONE', *, *, #10281, .F. );
#7819=ORIENTED_EDGE ( 'NONE', *, *, #1232, .T. );
#7820=VERTEX_POINT ( 'NONE', #7297 );
#7821=AXIS2_PLACEMENT_3D ( 'NONE', #383, #927, #11000 );
#7822=ORIENTED_EDGE ( 'NONE', *, *, #4542, .T. );
#7823=AXIS2_PLACEMENT_3D ( 'NONE', #681, #8044, #54 );
#7824=FACE_OUTER_BOUND ( 'NONE', #6220, .T. );
#7825=EDGE_CURVE ( 'NONE', #10443, #8321, #10080, .T. );
#7826=EDGE_CURVE ( 'NONE', #1834, #9960, #2471, .T. );
#7827=CARTESIAN_POINT ( 'NONE',  ( 0.03740157480314960925, 0.06988188976377952832, -0.4370078740157480879 ) );
#7828=CARTESIAN_POINT ( 'NONE',  ( 0.06793383395212598819, -0.03984260314790834950, -0.3562992125984252301 ) );
#7829=CARTESIAN_POINT ( 'NONE',  ( 0.03479981427812613159, 0.03891733821257722242, -0.3689014171223630179 ) );
#7830=CARTESIAN_POINT ( 'NONE',  ( 0.04554088060844969227, 0.05750410180808571137, -0.05318621249582306670 ) );
#7831=EDGE_LOOP ( 'NONE', ( #6363, #885, #8112, #9928, #2885, #7427 ) );
#7832=CARTESIAN_POINT ( 'NONE',  ( -0.09737309383703021681, 0.09638527864254432809, -0.1790828911749438868 ) );
#7833=EDGE_LOOP ( 'NONE', ( #11009, #2127, #6020, #9686 ) );
#7834=CARTESIAN_POINT ( 'NONE',  ( 0.03838582677165354451, 0.03521366893700397793, -0.4685039370078740717 ) );
#7835=VERTEX_POINT ( 'NONE', #1979 );
#7836=DIRECTION ( 'NONE',  ( 0.9063077870366207378, -0.4226182617407618358, 0.000000000000000000 ) );
#7837=ORIENTED_EDGE ( 'NONE', *, *, #1981, .F. );
#7838=EDGE_CURVE ( 'NONE', #10043, #4864, #11229, .T. );
#7839=AXIS2_PLACEMENT_3D ( 'NONE', #2453, #73, #47 );
#7840=CARTESIAN_POINT ( 'NONE',  ( -0.08970629198188975750, 0.09945582611240158522, -0.2096920465848425008 ) );
#7841=DIRECTION ( 'NONE',  ( -0.9934745682608024930, -7.996079254728333357E-16, 0.1140538566599668541 ) );
#7842=VERTEX_POINT ( 'NONE', #9076 );
#7843=ORIENTED_EDGE ( 'NONE', *, *, #8450, .T. );
#7844=CARTESIAN_POINT ( 'NONE',  ( -0.09545137645122048209, -0.04368668943590551385, -0.2137759216841338683 ) );
#7845=CARTESIAN_POINT ( 'NONE',  ( -0.09135501304878818063, 0.08835037663572914424, -0.1798420608335582482 ) );
#7846=CARTESIAN_POINT ( 'NONE',  ( 0.08267716535433070058, -0.07381889763780334623, -0.3956692913385826960 ) );
#7847=AXIS2_PLACEMENT_3D ( 'NONE', #9300, #1278, #47 );
#7848=LINE ( 'NONE', #5969, #24 );
#7849=ORIENTED_EDGE ( 'NONE', *, *, #2265, .F. );
#7850=EDGE_CURVE ( 'NONE', #2326, #485, #2846, .T. );
#7851=VERTEX_POINT ( 'NONE', #5600 );
#7852=ORIENTED_EDGE ( 'NONE', *, *, #5057, .F. );
#7853=ORIENTED_EDGE ( 'NONE', *, *, #5279, .F. );
#7854=CARTESIAN_POINT ( 'NONE',  ( -0.09941787115082677262, -0.04379521968539369647, -0.1818958361742126217 ) );
#7855=ORIENTED_EDGE ( 'NONE', *, *, #5997, .T. );
#7856=ORIENTED_EDGE ( 'NONE', *, *, #11071, .F. );
#7857=EDGE_CURVE ( 'NONE', #1558, #7035, #2568, .T. );
#7858=VECTOR ( 'NONE', #5654, 39.37007874015748854 );
#7859=FACE_OUTER_BOUND ( 'NONE', #10642, .T. );
#7860=CARTESIAN_POINT ( 'NONE',  ( -0.05905511811023622659, -0.08070866141732284393, -0.5767716535433070613 ) );
#7861=CARTESIAN_POINT ( 'NONE',  ( 0.03838582677165354451, -0.07984251968503937313, -0.5672834645669291298 ) );
#7862=CARTESIAN_POINT ( 'NONE',  ( -0.1033464566929133965, -0.08956692913385827515, -0.2440944881889763884 ) );
#7863=ORIENTED_EDGE ( 'NONE', *, *, #1894, .T. );
#7864=ORIENTED_EDGE ( 'NONE', *, *, #10540, .F. );
#7865=CIRCLE ( 'NONE', #2129, 0.01181102362204730985 );
#7866=AXIS2_PLACEMENT_3D ( 'NONE', #5020, #3138, #9404 );
#7867=EDGE_CURVE ( 'NONE', #9207, #6798, #8082, .T. );
#7868=CARTESIAN_POINT ( 'NONE',  ( 0.09953040812560019768, 0.09459103567919349698, -0.08939455693040689044 ) );
#7869=CARTESIAN_POINT ( 'NONE',  ( 0.09544808598330709049, -0.04377260686429133851, -0.05391375382299212066 ) );
#7870=AXIS2_PLACEMENT_3D ( 'NONE', #6263, #98, #54 );
#7871=CYLINDRICAL_SURFACE ( 'NONE', #1256, 0.01181102362204724046 );
#7872=B_SPLINE_CURVE_WITH_KNOTS ( 'NONE', 3,( #1296, #11131, #9467, #10269, #2232, #8369, #1174 ),.UNSPECIFIED., .F., .F.,( 4, 3, 4 ),( 1.339218482776478725E-10, 1.895779974683339881E-05, 3.802718852196159169E-05 ),.UNSPECIFIED. );
#7873=CARTESIAN_POINT ( 'NONE',  ( 0.1023622047244094474, 0.07677165354104330264, -0.1240157480314960647 ) );
#7874=DIRECTION ( 'NONE',  ( 4.887738707126055137E-16, -2.279189990193369792E-16, -1.000000000000000000 ) );
#7875=VERTEX_POINT ( 'NONE', #4785 );
#7876=ORIENTED_EDGE ( 'NONE', *, *, #1600, .T. );
#7877=ORIENTED_EDGE ( 'NONE', *, *, #9828, .T. );
#7878=ADVANCED_FACE ( 'NONE', ( #9243 ), #898, .F. );
#7879=LINE ( 'NONE', #11333, #188 );
#7880=EDGE_LOOP ( 'NONE', ( #3316, #3668, #3982, #7604, #6775, #7100 ) );
#7881=ORIENTED_EDGE ( 'NONE', *, *, #5261, .T. );
#7882=CARTESIAN_POINT ( 'NONE',  ( 0.1387795275590551214, -0.1023622047244094474, -0.4350393700787402174 ) );
#7883=EDGE_CURVE ( 'NONE', #3156, #3628, #8521, .T. );
#7884=LINE ( 'NONE', #1471, #31 );
#7885=EDGE_CURVE ( 'NONE', #6258, #5840, #663, .T. );
#7886=CARTESIAN_POINT ( 'NONE',  ( -0.1181102362204724532, -0.09842519685039370636, -0.2440944881889763884 ) );
#7887=CARTESIAN_POINT ( 'NONE',  ( -0.1181102362204724532, 0.1023622047244094474, -0.2375590551181102628 ) );
#7888=FACE_OUTER_BOUND ( 'NONE', #11564, .T. );
#7889=EDGE_LOOP ( 'NONE', ( #4812, #2925, #8335, #3045 ) );
#7890=CARTESIAN_POINT ( 'NONE',  ( -0.09251968503937008093, 0.03307086614173972844, -0.1437007874015747977 ) );
#7891=EDGE_CURVE ( 'NONE', #4317, #9894, #10455, .T. );
#7892=CARTESIAN_POINT ( 'NONE',  ( -0.09547244094488190058, -0.03543307086614173179, -0.5039370078740157410 ) );
#7893=ADVANCED_FACE ( 'NONE', ( #8633 ), #3203, .T. );
#7894=EDGE_LOOP ( 'NONE', ( #10650, #4431, #368, #2942 ) );
#7895=CARTESIAN_POINT ( 'NONE',  ( -0.09148905577736221595, -0.08862905445885826961, -0.1929133858267716439 ) );
#7896=ORIENTED_EDGE ( 'NONE', *, *, #8996, .T. );
#7897=EDGE_LOOP ( 'NONE', ( #1862, #7254, #7007, #8313, #9109, #11051, #2719, #381 ) );
#7898=VERTEX_POINT ( 'NONE', #5947 );
#7899=CARTESIAN_POINT ( 'NONE',  ( -0.1033779336283858347, -0.04406726124228346753, -0.2138033013453543574 ) );
#7900=CARTESIAN_POINT ( 'NONE',  ( -0.09275411311925196856, 0.09489308371291339805, -0.1807951004891338587 ) );
#7901=CARTESIAN_POINT ( 'NONE',  ( -0.09954881166645671020, 0.08858267716535432601, -0.1870078740156299046 ) );
#7902=CARTESIAN_POINT ( 'NONE',  ( -0.09645669291338582196, -0.07874015748031495954, -0.3996062992125983815 ) );
#7903=ORIENTED_EDGE ( 'NONE', *, *, #8294, .F. );
#7904=ORIENTED_EDGE ( 'NONE', *, *, #9637, .T. );
#7905=ORIENTED_EDGE ( 'NONE', *, *, #6352, .F. );
#7906=ORIENTED_EDGE ( 'NONE', *, *, #10706, .T. );
#7907=DIRECTION ( 'NONE',  ( -0.7071067811865474617, 8.659560562354932858E-17, 0.7071067811865474617 ) );
#7908=ORIENTED_EDGE ( 'NONE', *, *, #4115, .T. );
#7909=ORIENTED_EDGE ( 'NONE', *, *, #4014, .F. );
#7910=DIRECTION ( 'NONE',  ( 0.000000000000000000, -0.9701425001452410601, 0.2425356250366960398 ) );
#7911=CARTESIAN_POINT ( 'NONE',  ( -0.08267716535433070058, -0.07874015748031495954, -0.3996062992125983815 ) );
#7912=CARTESIAN_POINT ( 'NONE',  ( 0.1023622047244094474, 0.04094488188976377896, -0.01476377952755905665 ) );
#7913=EDGE_CURVE ( 'NONE', #1910, #2072, #10420, .T. );
#7914=CARTESIAN_POINT ( 'NONE',  ( -0.01302900895980374160, -0.09441465107031130066, 0.09842519685039370636 ) );
#7915=VERTEX_POINT ( 'NONE', #444 );
#7916=EDGE_CURVE ( 'NONE', #7569, #10225, #3997, .T. );
#7917=VERTEX_POINT ( 'NONE', #3323 );
#7918=CARTESIAN_POINT ( 'NONE',  ( -0.09148905577736221595, -0.07874015748031495954, -0.1918827565647638067 ) );
#7919=CARTESIAN_POINT ( 'NONE',  ( -0.02952755905511811330, 0.02460629921259842659, -0.2273622047244094335 ) );
#7920=CARTESIAN_POINT ( 'NONE',  ( 0.09189895708810531805, 0.09848338251376495545, -0.08585920942534862321 ) );
#7921=PRODUCT_CONTEXT ( 'NONE', #394, 'mechanical' );
#7922=CYLINDRICAL_SURFACE ( 'NONE', #960, 0.01181102362204724046 );
#7923=AXIS2_PLACEMENT_3D ( 'NONE', #5290, #2373, #609 );
#7924=ADVANCED_FACE ( 'NONE', ( #1281 ), #7598, .F. );
#7925=ORIENTED_EDGE ( 'NONE', *, *, #4396, .T. );
#7926=ADVANCED_FACE ( 'NONE', ( #4239 ), #11115, .F. );
#7927=EDGE_LOOP ( 'NONE', ( #4062, #6221, #6057, #6946, #3065, #1854, #3662, #4229, #307, #7930, #7993, #9136 ) );
#7928=ORIENTED_EDGE ( 'NONE', *, *, #2987, .T. );
#7929=AXIS2_PLACEMENT_3D ( 'NONE', #7840, #1278, #47 );
#7930=ORIENTED_EDGE ( 'NONE', *, *, #7067, .F. );
#7931=CARTESIAN_POINT ( 'NONE',  ( 0.04232283464566929249, -0.01574803149606296415, -0.5000000000000001110 ) );
#7932=CARTESIAN_POINT ( 'NONE',  ( 0.03740157480314960925, -0.07677165354330708902, -0.5708661417322835607 ) );
#7933=CARTESIAN_POINT ( 'NONE',  ( 0.09576277544983245738, -0.04231240332937354076, -0.05413388665253930643 ) );
#7934=LINE ( 'NONE', #1407, #11 );
#7935=CYLINDRICAL_SURFACE ( 'NONE', #7580, 0.03543307086614172485 );
#7936=ADVANCED_FACE ( 'NONE', ( #5138 ), #4172, .F. );
#7937=CARTESIAN_POINT ( 'NONE',  ( 0.05019685039370016394, 0.02954760119140988420, -0.5212699788173275062 ) );
#7938=ORIENTED_EDGE ( 'NONE', *, *, #946, .T. );
#7939=AXIS2_PLACEMENT_3D ( 'NONE', #10170, #7, #47 );
#7940=EDGE_CURVE ( 'NONE', #3740, #8995, #6011, .T. );
#7941=EDGE_CURVE ( 'NONE', #1730, #8544, #2401, .T. );
#7942=CARTESIAN_POINT ( 'NONE',  ( 0.005696856696078358290, -0.1299212598425197041, -0.1615380247006553416 ) );
#7943=AXIS2_PLACEMENT_3D ( 'NONE', #7797, #16, #54 );
#7944=CARTESIAN_POINT ( 'NONE',  ( -0.05948629167706997317, 0.02759807126207041925, -0.1815326691888103916 ) );
#7945=EDGE_LOOP ( 'NONE', ( #4125, #1209, #8912, #11137 ) );
#7946=CARTESIAN_POINT ( 'NONE',  ( 0.1023622047244094474, 0.04488188976377952694, -0.01574803149606299191 ) );
#7947=ORIENTED_EDGE ( 'NONE', *, *, #4765, .F. );
#7948=CARTESIAN_POINT ( 'NONE',  ( 0.03602953783016448613, -0.06102362204724409711, -0.2086614173228346636 ) );
#7949=ORIENTED_EDGE ( 'NONE', *, *, #10464, .F. );
#7950=ORIENTED_EDGE ( 'NONE', *, *, #6737, .T. );
#7951=CARTESIAN_POINT ( 'NONE',  ( -0.08263078806082678474, 0.03543307086614173179, -0.4236220472440945239 ) );
#7952=CARTESIAN_POINT ( 'NONE',  ( -0.09276669484137796406, 0.09140581886909449061, -0.1798420775824803031 ) );
#7953=EDGE_CURVE ( 'NONE', #4551, #1539, #5835, .T. );
#7954=CARTESIAN_POINT ( 'NONE',  ( 0.08267716535433070058, -0.03269051618297244555, -0.5245815853137795193 ) );
#7955=DIRECTION ( 'NONE',  ( -0.04896112453139169624, 0.9945054529213764871, 0.09252952174451892220 ) );
#7956=CARTESIAN_POINT ( 'NONE',  ( -0.02952755905511811330, 0.07086614173228346358, -0.1368110236220472509 ) );
#7957=VERTEX_POINT ( 'NONE', #6193 );
#7958=ORIENTED_EDGE ( 'NONE', *, *, #7219, .F. );
#7959=ORIENTED_EDGE ( 'NONE', *, *, #3440, .T. );
#7960=AXIS2_PLACEMENT_3D ( 'NONE', #2218, #47, #7 );
#7961=CARTESIAN_POINT ( 'NONE',  ( 0.08366141732283464971, 0.08858267716535432601, -0.01574803149606299191 ) );
#7962=LINE ( 'NONE', #9644, #293 );
#7963=CARTESIAN_POINT ( 'NONE',  ( 0.1653543307086614012, -0.09645669291338582196, -0.4350393700787402174 ) );
#7964=CARTESIAN_POINT ( 'NONE',  ( -0.02952755905512204765, 0.07086614173228346358, -0.1683070866141732347 ) );
#7965=ORIENTED_EDGE ( 'NONE', *, *, #2672, .T. );
#7966=EDGE_LOOP ( 'NONE', ( #4526, #10503, #6603, #5269 ) );
#7967=LINE ( 'NONE', #3531, #1341 );
#7968=EDGE_CURVE ( 'NONE', #10591, #3118, #3824, .T. );
#7969=EDGE_CURVE ( 'NONE', #10021, #1899, #11342, .T. );
#7970=CIRCLE ( 'NONE', #7594, 0.01181102362204724046 );
#7971=FACE_OUTER_BOUND ( 'NONE', #5360, .T. );
#7972=DIRECTION ( 'NONE',  ( 0.4226182617389777074, 0.9063077870374528500, -3.469447464959979573E-15 ) );
#7973=CARTESIAN_POINT ( 'NONE',  ( 0.04035433070865709210, 0.05825408172030881876, -0.1141732283464566844 ) );
#7974=ORIENTED_EDGE ( 'NONE', *, *, #10360, .T. );
#7975=ORIENTED_EDGE ( 'NONE', *, *, #9451, .F. );
#7976=CARTESIAN_POINT ( 'NONE',  ( 0.1771653543307086520, -0.1023622047244094474, -0.1043307086614173318 ) );
#7977=CARTESIAN_POINT ( 'NONE',  ( -0.1023622047244094474, 0.08661417322267718488, -0.2519685039370078705 ) );
#7978=CARTESIAN_POINT ( 'NONE',  ( 0.09198575300682204636, 0.08788847333550235674, -0.08939456052783938123 ) );
#7979=CARTESIAN_POINT ( 'NONE',  ( 0.04133858904644422544, 0.01569897226878668936, -0.5026036165504934594 ) );
#7980=CARTESIAN_POINT ( 'NONE',  ( -0.04395926610442914273, 0.07465779476625984679, -0.2185039355565945030 ) );
#7981=VECTOR ( 'NONE', #1366, 39.37007874015748143 );
#7982=CARTESIAN_POINT ( 'NONE',  ( -0.1023622047244094474, -0.0004921259865157369883, -0.2539370078740157410 ) );
#7983=LINE ( 'NONE', #11433, #293 );
#7984=LINE ( 'NONE', #868, #24 );
#7985=EDGE_LOOP ( 'NONE', ( #8715, #2902, #8225, #8494 ) );
#7986=CIRCLE ( 'NONE', #936, 0.004921259842519689308 );
#7987=EDGE_CURVE ( 'NONE', #3211, #11215, #11397, .T. );
#7988=AXIS2_PLACEMENT_3D ( 'NONE', #9015, #16, #54 );
#7989=LINE ( 'NONE', #9774, #31 );
#7990=ORIENTED_EDGE ( 'NONE', *, *, #3157, .T. );
#7991=EDGE_CURVE ( 'NONE', #2467, #3862, #3625, .T. );
#7992=FACE_OUTER_BOUND ( 'NONE', #745, .T. );
#7993=ORIENTED_EDGE ( 'NONE', *, *, #2850, .F. );
#7994=VERTEX_POINT ( 'NONE', #8056 );
#7995=LINE ( 'NONE', #8049, #311 );
#7996=CARTESIAN_POINT ( 'NONE',  ( 0.06175491430015851713, 0.02865594736465531395, -0.07606961078231197493 ) );
#7997=CARTESIAN_POINT ( 'NONE',  ( 0.03602953783016535350, 0.06102362204724409711, -0.3897637795275590844 ) );
#7998=CARTESIAN_POINT ( 'NONE',  ( 0.09842519685043989164, -2.000865229734474476E-18, 0.09448818897637795144 ) );
#7999=VECTOR ( 'NONE', #4615, 39.37007874015748143 );
#8000=CARTESIAN_POINT ( 'NONE',  ( -0.07578740157480315376, 0.09842519685039370636, -0.1417322834645669272 ) );
#8001=LINE ( 'NONE', #878, #58 );
#8002=EDGE_CURVE ( 'NONE', #5043, #6135, #5734, .T. );
#8003=CARTESIAN_POINT ( 'NONE',  ( 0.05711686330992125915, -0.03376261745508661594, -0.4138425938133858950 ) );
#8004=CARTESIAN_POINT ( 'NONE',  ( -0.1033928339864173263, 0.06692913385826770867, -0.2549676371360236060 ) );
#8005=ORIENTED_EDGE ( 'NONE', *, *, #10613, .F. );
#8006=CARTESIAN_POINT ( 'NONE',  ( 0.1653543307086614012, -0.09055118110236221041, -0.4350393700787402174 ) );
#8007=EDGE_LOOP ( 'NONE', ( #4274, #9611, #75, #4709 ) );
#8008=CARTESIAN_POINT ( 'NONE',  ( -0.04350417893564895166, 0.04834354858966219415, -0.1852534358862897301 ) );
#8009=ORIENTED_EDGE ( 'NONE', *, *, #5163, .F. );
#8010=VERTEX_POINT ( 'NONE', #4523 );
#8011=EDGE_CURVE ( 'NONE', #3721, #9960, #5253, .T. );
#8012=DIRECTION ( 'NONE',  ( 0.4226182617403197450, -0.9063077870368270172, 0.000000000000000000 ) );
#8013=ORIENTED_EDGE ( 'NONE', *, *, #1069, .F. );
#8014=ORIENTED_EDGE ( 'NONE', *, *, #4644, .F. );
#8015=CARTESIAN_POINT ( 'NONE',  ( -0.09760725686341023555, 0.09631490622554803038, -0.1790127933593188836 ) );
#8016=ADVANCED_FACE ( 'NONE', ( #8854 ), #7225, .T. );
#8017=CARTESIAN_POINT ( 'NONE',  ( 0.08070866141732284393, 0.07381889763779526936, -0.3602362204724409711 ) );
#8018=ORIENTED_EDGE ( 'NONE', *, *, #937, .F. );
#8019=CARTESIAN_POINT ( 'NONE',  ( -0.09251968503937008093, 0.08661417321921262291, -0.1978346456692913480 ) );
#8020=VERTEX_POINT ( 'NONE', #9622 );
#8021=EDGE_LOOP ( 'NONE', ( #8933, #4966, #4940, #10214 ) );
#8022=EDGE_CURVE ( 'NONE', #5144, #4551, #5423, .T. );
#8023=CARTESIAN_POINT ( 'NONE',  ( 0.09251968503937008093, -0.08759842519685039075, -0.07480314960629921850 ) );
#8024=CARTESIAN_POINT ( 'NONE',  ( 0.07132464388484595352, 0.01491394429467244633, -0.06143562593302537289 ) );
#8025=ORIENTED_EDGE ( 'NONE', *, *, #10856, .T. );
#8026=EDGE_LOOP ( 'NONE', ( #468, #8875, #4880, #9007 ) );
#8027=EDGE_CURVE ( 'NONE', #3448, #1222, #10631, .T. );
#8028=AXIS2_PLACEMENT_3D ( 'NONE', #8618, #1203, #8396 );
#8029=DIRECTION ( 'NONE',  ( 0.4226182617408850151, 0.9063077870365633393, 0.000000000000000000 ) );
#8030=CARTESIAN_POINT ( 'NONE',  ( -0.09251968503937008093, 0.08858267716535432601, -0.02460629921259842659 ) );
#8031=CARTESIAN_POINT ( 'NONE',  ( -0.02360424534363114030, -0.1299212598425196763, -0.1368783689650543145 ) );
#8032=ORIENTED_EDGE ( 'NONE', *, *, #7652, .F. );
#8033=ORIENTED_EDGE ( 'NONE', *, *, #3727, .T. );
#8034=EDGE_CURVE ( 'NONE', #11650, #3404, #1374, .T. );
#8035=EDGE_CURVE ( 'NONE', #9348, #9140, #11599, .T. );
#8036=CARTESIAN_POINT ( 'NONE',  ( 0.09190669913779526967, 0.09170895510078740098, -0.08692143052303148709 ) );
#8037=CIRCLE ( 'NONE', #11296, 0.01771653543307089712 );
#8038=CARTESIAN_POINT ( 'NONE',  ( 0.03940229860898779302, 0.02054766356989793513, -0.5028537265638507447 ) );
#8039=CARTESIAN_POINT ( 'NONE',  ( 0.07578740157480315376, 0.09842519685039370636, -0.1259842519685039353 ) );
#8040=CYLINDRICAL_SURFACE ( 'NONE', #3248, 0.009842518229685017286 );
#8041=EDGE_LOOP ( 'NONE', ( #2170, #6443, #5166, #6659 ) );
#8042=EDGE_LOOP ( 'NONE', ( #3160, #11418, #2048, #8651 ) );
#8043=ADVANCED_FACE ( 'NONE', ( #10686 ), #7165, .F. );
#8044=DIRECTION ( 'NONE',  ( -3.515895900974019720E-16, 1.000000000000000000, -7.929067692480069923E-16 ) );
#8045=ORIENTED_EDGE ( 'NONE', *, *, #10918, .F. );
#8046=CYLINDRICAL_SURFACE ( 'NONE', #8385, 0.009842519684660573989 );
#8047=ORIENTED_EDGE ( 'NONE', *, *, #6394, .F. );
#8048=ORIENTED_EDGE ( 'NONE', *, *, #1016, .T. );
#8049=CARTESIAN_POINT ( 'NONE',  ( 0.05954909811128818869, 0.000000000000000000, -0.4206384313779559236 ) );
#8050=CARTESIAN_POINT ( 'NONE',  ( 0.1023622047522834699, -0.04232283464566929249, -0.09055118110236221041 ) );
#8051=DIRECTION ( 'NONE',  ( -1.000000000000000000, 0.000000000000000000, -1.445602896647367710E-15 ) );
#8052=CARTESIAN_POINT ( 'NONE',  ( 0.04035433070866142197, 0.07074391083993188112, -0.04921259842519685318 ) );
#8053=CIRCLE ( 'NONE', #11119, 0.03543307086614172485 );
#8054=LINE ( 'NONE', #2647, #24 );
#8055=CARTESIAN_POINT ( 'NONE',  ( 0.06763879000811023889, -0.03265667482697243856, -0.4221839104929134279 ) );
#8056=CARTESIAN_POINT ( 'NONE',  ( 0.1023622047244094474, 0.06692913385826770867, -0.01574803149606299191 ) );
#8057=EDGE_CURVE ( 'NONE', #11192, #6425, #9676, .T. );
#8058=VERTEX_POINT ( 'NONE', #8808 );
#8059=ORIENTED_EDGE ( 'NONE', *, *, #6466, .F. );
#8060=ORIENTED_EDGE ( 'NONE', *, *, #6597, .F. );
#8061=LINE ( 'NONE', #888, #11 );
#8062=EDGE_CURVE ( 'NONE', #10004, #484, #10866, .T. );
#8063=ORIENTED_EDGE ( 'NONE', *, *, #7321, .T. );
#8064=CARTESIAN_POINT ( 'NONE',  ( 0.09050480380885826681, -0.08070866141732284393, -0.01259842519685039526 ) );
#8065=CYLINDRICAL_SURFACE ( 'NONE', #3881, 0.005905511811085254088 );
#8066=ORIENTED_EDGE ( 'NONE', *, *, #1993, .F. );
#8067=EDGE_LOOP ( 'NONE', ( #653, #4230, #1852, #9077 ) );
#8068=FACE_BOUND ( 'NONE', #4077, .T. );
#8069=CARTESIAN_POINT ( 'NONE',  ( 0.06306068330366140784, 0.03265667303941338639, -0.4215159118885826728 ) );
#8070=EDGE_CURVE ( 'NONE', #6651, #9458, #8905, .T. );
#8071=CARTESIAN_POINT ( 'NONE',  ( 0.06869436831245412378, -0.03369183436973252621, -0.4082432951136046317 ) );
#8072=ORIENTED_EDGE ( 'NONE', *, *, #3002, .T. );
#8073=ORIENTED_EDGE ( 'NONE', *, *, #1521, .T. );
#8074=EDGE_CURVE ( 'NONE', #10690, #9380, #7060, .T. );
#8075=ORIENTED_EDGE ( 'NONE', *, *, #6498, .T. );
#8076=CARTESIAN_POINT ( 'NONE',  ( -0.1771653543307086520, -0.09251968503937008093, -0.1633858267716535584 ) );
#8077=VERTEX_POINT ( 'NONE', #10526 );
#8078=ORIENTED_EDGE ( 'NONE', *, *, #5935, .T. );
#8079=FACE_OUTER_BOUND ( 'NONE', #3560, .T. );
#8080=CARTESIAN_POINT ( 'NONE',  ( -0.1023622047244094474, -0.0004921259865157369883, -0.2519685039370078705 ) );
#8081=EDGE_CURVE ( 'NONE', #3586, #1371, #6362, .T. );
#8082=LINE ( 'NONE', #1092, #311 );
#8083=CARTESIAN_POINT ( 'NONE',  ( 0.01255771806992598758, -0.1299212598425197041, -0.1168554563842601063 ) );
#8084=ORIENTED_EDGE ( 'NONE', *, *, #9695, .F. );
#8085=ORIENTED_EDGE ( 'NONE', *, *, #7219, .T. );
#8086=EDGE_LOOP ( 'NONE', ( #2907, #1418, #10216, #1796 ) );
#8087=EDGE_CURVE ( 'NONE', #3862, #8058, #1277, .T. );
#8088=EDGE_CURVE ( 'NONE', #6594, #10983, #5002, .T. );
#8089=FACE_OUTER_BOUND ( 'NONE', #11438, .T. );
#8090=CARTESIAN_POINT ( 'NONE',  ( 0.1023625313157086603, 0.08637422776030193039, -0.09051231083071865913 ) );
#8091=DIRECTION ( 'NONE',  ( -4.370180605624111877E-16, 3.389096920630134844E-16, 1.000000000000000000 ) );
#8092=ADVANCED_FACE ( 'NONE', ( #1965 ), #947, .F. );
#8093=FACE_OUTER_BOUND ( 'NONE', #11531, .T. );
#8094=EDGE_CURVE ( 'NONE', #11384, #4108, #5529, .T. );
#8095=ORIENTED_EDGE ( 'NONE', *, *, #7587, .F. );
#8096=EDGE_LOOP ( 'NONE', ( #8188, #10444, #11225, #3731, #83 ) );
#8097=CARTESIAN_POINT ( 'NONE',  ( 0.1043770859549212754, 0.1020078740157480401, -0.1259842519685039353 ) );
#8098=ORIENTED_EDGE ( 'NONE', *, *, #10092, .T. );
#8099=ORIENTED_EDGE ( 'NONE', *, *, #7817, .T. );
#8100=CARTESIAN_POINT ( 'NONE',  ( 0.1033464566929133965, -0.08070866141732284393, -0.04822834645669684533 ) );
#8101=CARTESIAN_POINT ( 'NONE',  ( -0.1043307086614173318, -0.07677165354330708902, -0.08710629921259842312 ) );
#8102=CIRCLE ( 'NONE', #3582, 0.01771653543307089712 );
#8103=CARTESIAN_POINT ( 'NONE',  ( 0.1032758422191732278, -0.04110348310822835305, -0.08564540009771653972 ) );
#8104=FACE_OUTER_BOUND ( 'NONE', #9416, .T. );
#8105=ADVANCED_FACE ( 'NONE', ( #881 ), #2894, .T. );
#8106=CARTESIAN_POINT ( 'NONE',  ( 0.05718535350866141981, -0.03374191317055118267, -0.4139605339712598142 ) );
#8107=ADVANCED_FACE ( 'NONE', ( #4997 ), #3171, .T. );
#8108=CARTESIAN_POINT ( 'NONE',  ( -0.09055118110218661476, 0.09345486314273621087, -0.1830181574880315187 ) );
#8109=AXIS2_PLACEMENT_3D ( 'NONE', #5034, #16, #54 );
#8110=ORIENTED_EDGE ( 'NONE', *, *, #5980, .T. );
#8111=ORIENTED_EDGE ( 'NONE', *, *, #7891, .T. );
#8112=ORIENTED_EDGE ( 'NONE', *, *, #8087, .T. );
#8113=CARTESIAN_POINT ( 'NONE',  ( -0.05137688055470462922, 0.02381659075256121333, -0.1912428658055289332 ) );
#8114=ORIENTED_EDGE ( 'NONE', *, *, #1807, .T. );
#8115=CARTESIAN_POINT ( 'NONE',  ( -0.02263779527559055260, 0.07677165354330708902, -0.5708661417322835607 ) );
#8116=EDGE_LOOP ( 'NONE', ( #7564, #9497, #10483, #2087 ) );
#8117=EDGE_LOOP ( 'NONE', ( #9379, #11563, #11272, #3694, #1587, #10019, #11580, #5017, #5869, #3485, #4490, #5998, #10921, #1401 ) );
#8118=CARTESIAN_POINT ( 'NONE',  ( 0.1673228346456692994, -0.09251968503937008093, -0.1141732283464566844 ) );
#8119=CARTESIAN_POINT ( 'NONE',  ( -0.09247736761566928421, 0.08710853988881889221, -0.1774005002898031702 ) );
#8120=FACE_OUTER_BOUND ( 'NONE', #8679, .T. );
#8121=ADVANCED_FACE ( 'NONE', ( #3681 ), #9172, .F. );
#8122=AXIS2_PLACEMENT_3D ( 'NONE', #2188, #9540, #8725 );
#8123=AXIS2_PLACEMENT_3D ( 'NONE', #8317, #1169, #3897 );
#8124=CARTESIAN_POINT ( 'NONE',  ( 0.08468259516606300996, -0.02431835906304724571, -0.05413385826771653642 ) );
#8125=ORIENTED_EDGE ( 'NONE', *, *, #10418, .F. );
#8126=LINE ( 'NONE', #622, #293 );
#8127=VERTEX_POINT ( 'NONE', #2018 );
#8128=ORIENTED_EDGE ( 'NONE', *, *, #7477, .T. );
#8129=EDGE_CURVE ( 'NONE', #6985, #3402, #8221, .T. );
#8130=CARTESIAN_POINT ( 'NONE',  ( 0.09490941340944883398, 0.08896659741334644877, -0.04982883429161417965 ) );
#8131=AXIS2_PLACEMENT_3D ( 'NONE', #4735, #16, #54 );
#8132=AXIS2_PLACEMENT_3D ( 'NONE', #3352, #16, #54 );
#8133=ORIENTED_EDGE ( 'NONE', *, *, #5395, .F. );
#8134=EDGE_LOOP ( 'NONE', ( #7904, #8601, #4363, #7678, #8599 ) );
#8135=CARTESIAN_POINT ( 'NONE',  ( -0.07776767274315216083, -0.009489260072402992685, -0.2185039370078740439 ) );
#8136=EDGE_CURVE ( 'NONE', #6753, #5112, #11618, .T. );
#8137=CARTESIAN_POINT ( 'NONE',  ( -0.07775590551181103816, -0.06102362204724409711, -0.5708661417322835607 ) );
#8138=TOROIDAL_SURFACE ( 'NONE', #6489, 0.01814870956161171445, 0.001968503937008014067 );
#8139=CARTESIAN_POINT ( 'NONE',  ( 0.006613936120815927522, -0.1299212598425196763, -0.1143028320007429821 ) );
#8140=ORIENTED_EDGE ( 'NONE', *, *, #6681, .F. );
#8141=VECTOR ( 'NONE', #9618, 39.37007874015748143 );
#8142=EDGE_LOOP ( 'NONE', ( #10711, #1461, #6678, #3192 ) );
#8143=ORIENTED_EDGE ( 'NONE', *, *, #5849, .T. );
#8144=CARTESIAN_POINT ( 'NONE',  ( 0.1033928339864173263, -0.001712598425196850457, -0.04921259842519685318 ) );
#8145=CARTESIAN_POINT ( 'NONE',  ( 0.09248682844931141456, 0.08658795832886782839, -0.09050882217215210079 ) );
#8146=CARTESIAN_POINT ( 'NONE',  ( -0.09251968503937008093, 0.000000000000000000, -0.08070866141732284393 ) );
#8147=EDGE_CURVE ( 'NONE', #9337, #116, #10285, .T. );
#8148=CARTESIAN_POINT ( 'NONE',  ( -0.06435193835051990219, 0.02986695956771421093, -0.2062809095000833759 ) );
#8149=LINE ( 'NONE', #7204, #58 );
#8150=EDGE_CURVE ( 'NONE', #3807, #9880, #11731, .T. );
#8151=CARTESIAN_POINT ( 'NONE',  ( 0.002906378612017322931, -0.07677165354330708902, -0.5698355124704724828 ) );
#8152=ORIENTED_EDGE ( 'NONE', *, *, #8357, .F. );
#8153=ORIENTED_EDGE ( 'NONE', *, *, #6318, .F. );
#8154=CARTESIAN_POINT ( 'NONE',  ( 3.616083068348487495E-18, -0.09842519685039370636, -0.1082677165354330728 ) );
#8155=AXIS2_PLACEMENT_3D ( 'NONE', #9803, #98, #54 );
#8156=ORIENTED_EDGE ( 'NONE', *, *, #7779, .T. );
#8157=ORIENTED_EDGE ( 'NONE', *, *, #7916, .T. );
#8158=EDGE_CURVE ( 'NONE', #2750, #9512, #1897, .T. );
#8159=CARTESIAN_POINT ( 'NONE',  ( 0.09148968900165353746, -0.04310514613200787382, -0.08566589794527559865 ) );
#8160=EDGE_CURVE ( 'NONE', #7549, #659, #10748, .T. );
#8161=CARTESIAN_POINT ( 'NONE',  ( 0.05726136438724409305, -0.03371831769970866366, -0.4140958790460630423 ) );
#8162=ORIENTED_EDGE ( 'NONE', *, *, #5728, .T. );
#8163=CARTESIAN_POINT ( 'NONE',  ( 0.09744094488188977110, 0.000000000000000000, -0.09055118091421258952 ) );
#8164=ORIENTED_EDGE ( 'NONE', *, *, #11357, .T. );
#8165=VERTEX_POINT ( 'NONE', #2951 );
#8166=ORIENTED_EDGE ( 'NONE', *, *, #9720, .T. );
#8167=LINE ( 'NONE', #11567, #728 );
#8168=ADVANCED_FACE ( 'NONE', ( #6424 ), #1053, .F. );
#8169=EDGE_CURVE ( 'NONE', #6135, #7234, #5734, .T. );
#8170=FACE_OUTER_BOUND ( 'NONE', #11709, .T. );
#8171=LINE ( 'NONE', #9909, #188 );
#8172=CARTESIAN_POINT ( 'NONE',  ( 0.09452387664484251939, -0.04094488188976377896, -0.2195445792912598393 ) );
#8173=EDGE_LOOP ( 'NONE', ( #11014, #2721, #1300, #2841, #2141, #9391 ) );
#8174=VERTEX_POINT ( 'NONE', #5283 );
#8175=CARTESIAN_POINT ( 'NONE',  ( -0.09251963963464567009, 0.08657418435847183402, -0.1772042246096072748 ) );
#8176=PRODUCT ( 'CUI_DEVICES_SJ-3524-SMT-TR', 'CUI_DEVICES_SJ-3524-SMT-TR', '', ( #7921 ) );
#8177=CARTESIAN_POINT ( 'NONE',  ( -0.1023622047244094474, 0.05984251968502973112, -0.1417322834645669272 ) );
#8178=EDGE_LOOP ( 'NONE', ( #10365, #5612, #872, #10664 ) );
#8179=LINE ( 'NONE', #11637, #188 );
#8180=EDGE_LOOP ( 'NONE', ( #10339, #7716, #11570, #8569, #5439, #2208 ) );
#8181=CARTESIAN_POINT ( 'NONE',  ( 0.04133858691511952538, -0.01574807403593797214, -0.5026040811306653477 ) );
#8182=EDGE_CURVE ( 'NONE', #3215, #6427, #3355, .T. );
#8183=VERTEX_POINT ( 'NONE', #6103 );
#8184=CARTESIAN_POINT ( 'NONE',  ( 0.000000000000000000, 0.09842519685039370636, -2.561107494060248000E-17 ) );
#8185=EDGE_CURVE ( 'NONE', #435, #5434, #4332, .T. );
#8186=CARTESIAN_POINT ( 'NONE',  ( 0.09234492196176405376, 0.08743994524555576131, -0.04973180010889265146 ) );
#8187=LINE ( 'NONE', #7355, #11 );
#8188=ORIENTED_EDGE ( 'NONE', *, *, #8191, .T. );
#8189=VERTEX_POINT ( 'NONE', #4272 );
#8190=LINE ( 'NONE', #10779, #11 );
#8191=EDGE_CURVE ( 'NONE', #5466, #3350, #11320, .T. );
#8192=CARTESIAN_POINT ( 'NONE',  ( 0.1072834645669291376, -0.1023622047244094474, -0.1141732283464566844 ) );
#8193=AXIS2_PLACEMENT_3D ( 'NONE', #2450, #73, #98 );
#8194=CIRCLE ( 'NONE', #6155, 0.003937007874015749712 );
#8195=DIRECTION ( 'NONE',  ( 0.8838870154049958128, 0.000000000000000000, 0.4677004853519488026 ) );
#8196=ORIENTED_EDGE ( 'NONE', *, *, #9030, .T. );
#8197=VERTEX_POINT ( 'NONE', #5111 );
#8198=ORIENTED_EDGE ( 'NONE', *, *, #9715, .F. );
#8199=LINE ( 'NONE', #6341, #1828 );
#8200=CARTESIAN_POINT ( 'NONE',  ( 0.09580060250082678142, 0.08654307917582904075, -0.09050882217215210079 ) );
#8201=EDGE_CURVE ( 'NONE', #1810, #11289, #10313, .T. );
#8202=CARTESIAN_POINT ( 'NONE',  ( 0.08267716535433070058, -0.04724409448818897572, -0.2106299212598425619 ) );
#8203=LINE ( 'NONE', #9995, #6477 );
#8204=ORIENTED_EDGE ( 'NONE', *, *, #4, .F. );
#8205=AXIS2_PLACEMENT_3D ( 'NONE', #4157, #166, #73 );
#8206=PLANE ( 'NONE',  #9105 );
#8207=FACE_OUTER_BOUND ( 'NONE', #2197, .T. );
#8208=EDGE_LOOP ( 'NONE', ( #1172, #4823, #3868, #5272 ) );
#8209=EDGE_CURVE ( 'NONE', #5956, #3721, #11672, .T. );
#8210=ORIENTED_EDGE ( 'NONE', *, *, #10094, .F. );
#8211=CARTESIAN_POINT ( 'NONE',  ( 0.05061954869087747361, 0.02481028002914655028, -0.5040264370762306267 ) );
#8212=PLANE ( 'NONE',  #2301 );
#8213=ORIENTED_EDGE ( 'NONE', *, *, #7093, .F. );
#8214=ORIENTED_EDGE ( 'NONE', *, *, #9041, .F. );
#8215=CARTESIAN_POINT ( 'NONE',  ( 0.1023622047244094474, 0.04094488188976377896, -0.06988188976377952832 ) );
#8216=CARTESIAN_POINT ( 'NONE',  ( -0.09547244094488190058, 0.000000000000000000, -0.5649606299212598381 ) );
#8217=CARTESIAN_POINT ( 'NONE',  ( 0.09143908776062992239, -0.04236909402429134275, -0.08564539682090552275 ) );
#8218=VECTOR ( 'NONE', #3110, 39.37007874015748143 );
#8219=CARTESIAN_POINT ( 'NONE',  ( 0.06303091884559054725, -0.03263599145176771660, -0.4217078923326771367 ) );
#8220=ADVANCED_FACE ( 'NONE', ( #3415 ), #2499, .F. );
#8221=LINE ( 'NONE', #4704, #728 );
#8222=ORIENTED_EDGE ( 'NONE', *, *, #4761, .T. );
#8223=PLANE ( 'NONE',  #10337 );
#8224=ORIENTED_EDGE ( 'NONE', *, *, #9223, .T. );
#8225=ORIENTED_EDGE ( 'NONE', *, *, #1380, .F. );
#8226=FACE_OUTER_BOUND ( 'NONE', #140, .T. );
#8227=VERTEX_POINT ( 'NONE', #1571 );
#8228=ADVANCED_FACE ( 'NONE', ( #7091 ), #7300, .F. );
#8229=EDGE_CURVE ( 'NONE', #6178, #4872, #7738, .T. );
#8230=CARTESIAN_POINT ( 'NONE',  ( 0.04232283464566929249, -0.01574803149482753920, -0.5000000000000000000 ) );
#8231=DIRECTION ( 'NONE',  ( 0.000000000000000000, 0.9751328557913268025, 0.2216211035895534476 ) );
#8232=CARTESIAN_POINT ( 'NONE',  ( -0.1181102362204724532, -0.09842519685039370636, 0.000000000000000000 ) );
#8233=CARTESIAN_POINT ( 'NONE',  ( -0.08661417322834646937, 0.09350393700787401619, -0.2519685039370078705 ) );
#8234=ORIENTED_EDGE ( 'NONE', *, *, #1380, .T. );
#8235=AXIS2_PLACEMENT_3D ( 'NONE', #9450, #10300, #54 );
#8236=ORIENTED_EDGE ( 'NONE', *, *, #11236, .F. );
#8237=CARTESIAN_POINT ( 'NONE',  ( -0.1024619445216878033, 0.08653351824155955385, -0.1772112019219394541 ) );
#8238=CARTESIAN_POINT ( 'NONE',  ( 0.05715124263468503857, 0.03375231824076772164, -0.4139011735039370143 ) );
#8239=EDGE_CURVE ( 'NONE', #1222, #1923, #11238, .T. );
#8240=DIRECTION ( 'NONE',  ( 3.506928139381660621E-31, -1.000000000000000000, 5.854176206259410021E-16 ) );
#8241=EDGE_CURVE ( 'NONE', #10156, #5316, #5338, .T. );
#8242=ORIENTED_EDGE ( 'NONE', *, *, #1649, .F. );
#8243=AXIS2_PLACEMENT_3D ( 'NONE', #11157, #9493, #3120 );
#8244=ORIENTED_EDGE ( 'NONE', *, *, #2512, .T. );
#8245=DIRECTION ( 'NONE',  ( 0.000000000000000000, 0.9945054529214231165, -0.1046847845178800196 ) );
#8246=ORIENTED_EDGE ( 'NONE', *, *, #3911, .T. );
#8247=FACE_OUTER_BOUND ( 'NONE', #10582, .T. );
#8248=LINE ( 'NONE', #846, #188 );
#8249=ORIENTED_EDGE ( 'NONE', *, *, #10927, .F. );
#8250=ORIENTED_EDGE ( 'NONE', *, *, #10073, .F. );
#8251=LINE ( 'NONE', #9815, #5796 );
#8252=CARTESIAN_POINT ( 'NONE',  ( -0.09318499953696791904, 0.09822442633966871339, -0.2146571868203269728 ) );
#8253=FACE_OUTER_BOUND ( 'NONE', #8776, .T. );
#8254=CARTESIAN_POINT ( 'NONE',  ( 0.08858267716535432601, -0.03405357236597244402, -0.5255905511811024278 ) );
#8255=EDGE_CURVE ( 'NONE', #10694, #4790, #3714, .T. );
#8256=CARTESIAN_POINT ( 'NONE',  ( 0.05019685039370079538, -0.01574808821591732258, -0.5104163437444881879 ) );
#8257=VERTEX_POINT ( 'NONE', #919 );
#8258=ORIENTED_EDGE ( 'NONE', *, *, #6789, .T. );
#8259=ORIENTED_EDGE ( 'NONE', *, *, #11614, .F. );
#8260=ORIENTED_EDGE ( 'NONE', *, *, #4809, .T. );
#8261=EDGE_CURVE ( 'NONE', #6504, #8895, #6770, .T. );
#8262=CARTESIAN_POINT ( 'NONE',  ( 0.09245401880523701488, 0.08661417322008818642, -0.09050184485492127062 ) );
#8263=CARTESIAN_POINT ( 'NONE',  ( 0.05019685039370079538, -0.05511811023622047168, -0.5068897637795275468 ) );
#8264=SURFACE_STYLE_FILL_AREA ( #5625 );
#8265=ORIENTED_EDGE ( 'NONE', *, *, #48, .T. );
#8266=ORIENTED_EDGE ( 'NONE', *, *, #1676, .F. );
#8267=FACE_BOUND ( 'NONE', #4586, .T. );
#8268=CARTESIAN_POINT ( 'NONE',  ( 0.003937007874015747977, -0.07677165354330708902, -0.5767716535433070613 ) );
#8269=CARTESIAN_POINT ( 'NONE',  ( 0.000000000000000000, 0.06102362204724409711, -0.4251968503937008093 ) );
#8270=ORIENTED_EDGE ( 'NONE', *, *, #347, .F. );
#8271=EDGE_CURVE ( 'NONE', #10641, #669, #4502, .T. );
#8272=DIRECTION ( 'NONE',  ( 1.000000000000000000, -8.673617379884035472E-15, 0.000000000000000000 ) );
#8273=ORIENTED_EDGE ( 'NONE', *, *, #11441, .T. );
#8274=CARTESIAN_POINT ( 'NONE',  ( 0.1033464566929133965, -0.08070866141732284393, -0.02362204724409448786 ) );
#8275=CARTESIAN_POINT ( 'NONE',  ( 0.09251968503937008093, -0.08759842519685039075, -0.06988188976377952832 ) );
#8276=EDGE_CURVE ( 'NONE', #4422, #6425, #1869, .T. );
#8277=ORIENTED_EDGE ( 'NONE', *, *, #6830, .T. );
#8278=LINE ( 'NONE', #7329, #293 );
#8279=AXIS2_PLACEMENT_3D ( 'NONE', #997, #1278, #47 );
#8280=CARTESIAN_POINT ( 'NONE',  ( 0.04438689870627764156, 0.07485717116419311756, -0.09055117965104803046 ) );
#8281=EDGE_CURVE ( 'NONE', #9324, #7519, #5454, .T. );
#8282=DIRECTION ( 'NONE',  ( -0.9971204928835029069, 0.07583351900837878579, 8.158798955290017565E-06 ) );
#8283=ORIENTED_EDGE ( 'NONE', *, *, #3956, .T. );
#8284=CARTESIAN_POINT ( 'NONE',  ( -0.09250101006127899039, -0.04268790368924965661, -0.1820866090487143762 ) );
#8285=ORIENTED_EDGE ( 'NONE', *, *, #10560, .T. );
#8286=VERTEX_POINT ( 'NONE', #10662 );
#8287=LINE ( 'NONE', #11737, #33 );
#8288=AXIS2_PLACEMENT_3D ( 'NONE', #11026, #47, #73 );
#8289=EDGE_LOOP ( 'NONE', ( #8128, #7949, #1989, #5908 ) );
#8290=LINE ( 'NONE', #2722, #188 );
#8291=CARTESIAN_POINT ( 'NONE',  ( -0.02702809808006011866, -0.1299539998025988907, -0.4123359206278252032 ) );
#8292=CYLINDRICAL_SURFACE ( 'NONE', #2129, 0.01181102362204730985 );
#8293=CARTESIAN_POINT ( 'NONE',  ( -0.1023622047244094474, -0.004921259842519684971, -0.1722440944881890035 ) );
#8294=EDGE_CURVE ( 'NONE', #5144, #1946, #6454, .T. );
#8295=ORIENTED_EDGE ( 'NONE', *, *, #8294, .T. );
#8296=CARTESIAN_POINT ( 'NONE',  ( -0.09248682999570906338, 0.08660106577326227850, -0.1772112019219690970 ) );
#8297=CARTESIAN_POINT ( 'NONE',  ( 0.06917124247492126288, 0.03375231824076772164, -0.4069614679507873589 ) );
#8298=ADVANCED_FACE ( 'NONE', ( #9090 ), #668, .F. );
#8299=CARTESIAN_POINT ( 'NONE',  ( -0.05137688055471047871, 0.02381659075254715166, -0.1980314960629921128 ) );
#8300=EDGE_LOOP ( 'NONE', ( #9491, #3418, #5859, #1204 ) );
#8301=CARTESIAN_POINT ( 'NONE',  ( 0.09251968503937008093, 0.06692913385826770867, -0.01377952755905511792 ) );
#8302=EDGE_LOOP ( 'NONE', ( #1870, #5221, #9516, #3099 ) );
#8303=VERTEX_POINT ( 'NONE', #11480 );
#8304=CARTESIAN_POINT ( 'NONE',  ( 0.09186523707797222826, 0.08807986918692004008, -0.05074157327517150873 ) );
#8305=CARTESIAN_POINT ( 'NONE',  ( 0.1422244094488188948, -0.1023622047244094474, -0.07480314960629921850 ) );
#8306=EDGE_CURVE ( 'NONE', #1547, #5768, #5369, .T. );
#8307=ORIENTED_EDGE ( 'NONE', *, *, #6394, .T. );
#8308=ORIENTED_EDGE ( 'NONE', *, *, #1957, .F. );
#8309=CARTESIAN_POINT ( 'NONE',  ( 0.06594488188976771470, 0.09842519685039370636, -0.04035433070866142197 ) );
#8310=LINE ( 'NONE', #1040, #24 );
#8311=CARTESIAN_POINT ( 'NONE',  ( 0.03838582677165354451, 0.04921259842519685318, -0.4685039370078740717 ) );
#8312=ORIENTED_EDGE ( 'NONE', *, *, #1678, .F. );
#8313=ORIENTED_EDGE ( 'NONE', *, *, #5941, .F. );
#8314=EDGE_LOOP ( 'NONE', ( #6881, #4475, #9121, #8531 ) );
#8315=VERTEX_POINT ( 'NONE', #730 );
#8316=VECTOR ( 'NONE', #7192, 39.37007874015748854 );
#8317=CARTESIAN_POINT ( 'NONE',  ( -0.03949908998677267163, 0.07257798048628996690, -0.1870078740156681241 ) );
#8318=CARTESIAN_POINT ( 'NONE',  ( 0.09241315618655984720, 0.08709205935138818189, -0.09031603515917638325 ) );
#8319=DIRECTION ( 'NONE',  ( 0.4226182617408639763, -0.9063077870365731092, 0.000000000000000000 ) );
#8320=EDGE_CURVE ( 'NONE', #5817, #6769, #586, .T. );
#8321=VERTEX_POINT ( 'NONE', #10721 );
#8322=ORIENTED_EDGE ( 'NONE', *, *, #10855, .T. );
#8323=EDGE_CURVE ( 'NONE', #9310, #6566, #7624, .T. );
#8324=CARTESIAN_POINT ( 'NONE',  ( 0.1023622047244094474, 0.06692913385826770867, -0.01377952755905511792 ) );
#8325=DIRECTION ( 'NONE',  ( -0.7831408596197191319, 0.000000000000000000, -0.6218443486871031434 ) );
#8326=CARTESIAN_POINT ( 'NONE',  ( 0.1771653543307086520, -0.1023622047244094474, -0.08464566929133858497 ) );
#8327=AXIS2_PLACEMENT_3D ( 'NONE', #10114, #73, #54 );
#8328=CARTESIAN_POINT ( 'NONE',  ( -0.1023622047244094474, -0.07874015748031495954, -0.1929133858267716439 ) );
#8329=ORIENTED_EDGE ( 'NONE', *, *, #4715, .F. );
#8330=CARTESIAN_POINT ( 'NONE',  ( 0.1032759716323622123, -0.04110673572185039731, -0.05411823922799213066 ) );
#8331=ORIENTED_EDGE ( 'NONE', *, *, #10284, .T. );
#8332=CARTESIAN_POINT ( 'NONE',  ( 0.04570512967787645348, -0.03897019447451315066, -0.3642920733059689664 ) );
#8333=CARTESIAN_POINT ( 'NONE',  ( -0.09153543307086613179, -0.005905511811023621965, -0.1515748031496063075 ) );
#8334=ADVANCED_FACE ( 'NONE', ( #9758 ), #6277, .F. );
#8335=ORIENTED_EDGE ( 'NONE', *, *, #129, .F. );
#8336=CIRCLE ( 'NONE', #5521, 0.005905511810293566193 );
#8337=CARTESIAN_POINT ( 'NONE',  ( 0.05142719844837412985, -0.02445924659860618938, -0.4985724663828910441 ) );
#8338=CARTESIAN_POINT ( 'NONE',  ( 0.09541053406251970292, -0.04221672901688976881, -0.08563107419889764982 ) );
#8339=ORIENTED_EDGE ( 'NONE', *, *, #6147, .T. );
#8340=CARTESIAN_POINT ( 'NONE',  ( 0.04132749983997085347, 0.01836463054183597871, -0.4984672317683257470 ) );
#8341=ORIENTED_EDGE ( 'NONE', *, *, #5496, .F. );
#8342=ORIENTED_EDGE ( 'NONE', *, *, #10814, .F. );
#8343=CARTESIAN_POINT ( 'NONE',  ( 3.616083068348484413E-18, -0.1240157480314960647, -0.3838582677165354173 ) );
#8344=VERTEX_POINT ( 'NONE', #4900 );
#8345=CARTESIAN_POINT ( 'NONE',  ( 0.05019685039370079538, 0.01574803149606299191, -0.5000000000000000000 ) );
#8346=EDGE_CURVE ( 'NONE', #7260, #5157, #5506, .T. );
#8347=CARTESIAN_POINT ( 'NONE',  ( 0.04705461279030582339, -1.767716089566539576E-11, -0.3673472549444082302 ) );
#8348=AXIS2_PLACEMENT_3D ( 'NONE', #4989, #16, #54 );
#8349=CARTESIAN_POINT ( 'NONE',  ( 0.08858267716535432601, -0.07185039370078739884, -0.3877952755905511584 ) );
#8350=CARTESIAN_POINT ( 'NONE',  ( 0.06175491430023967443, 0.02865594736469317255, -0.07606961078247895247 ) );
#8351=ORIENTED_EDGE ( 'NONE', *, *, #8320, .F. );
#8352=LINE ( 'NONE', #3939, #58 );
#8353=FACE_OUTER_BOUND ( 'NONE', #3832, .T. );
#8354=CARTESIAN_POINT ( 'NONE',  ( -0.09251968503937008093, -0.0004921259865157369883, -0.1771653552982283275 ) );
#8355=AXIS2_PLACEMENT_3D ( 'NONE', #5843, #73, #16 );
#8356=ORIENTED_EDGE ( 'NONE', *, *, #8607, .T. );
#8357=EDGE_CURVE ( 'NONE', #8900, #4024, #1695, .T. );
#8358=CARTESIAN_POINT ( 'NONE',  ( -0.07578740157480315376, 0.09842519685039370636, -0.1245078740157480324 ) );
#8359=ORIENTED_EDGE ( 'NONE', *, *, #11743, .T. );
#8360=CARTESIAN_POINT ( 'NONE',  ( 0.08070866141732284393, -0.07381889763779526936, -0.3602362204724409711 ) );
#8361=VERTEX_POINT ( 'NONE', #7363 );
#8362=CARTESIAN_POINT ( 'NONE',  ( 0.04132750049012996058, -0.01836462980953916871, -0.4999999999976702525 ) );
#8363=CARTESIAN_POINT ( 'NONE',  ( 0.09345729474027558714, 0.09060993903059055832, -0.05106004684669292193 ) );
#8364=ADVANCED_FACE ( 'NONE', ( #4015 ), #5798, .F. );
#8365=LINE ( 'NONE', #2168, #11 );
#8366=ORIENTED_EDGE ( 'NONE', *, *, #3783, .F. );
#8367=VERTEX_POINT ( 'NONE', #11013 );
#8368=CARTESIAN_POINT ( 'NONE',  ( -0.07677165354330708902, 0.08755204790334644716, -0.1517716535433071001 ) );
#8369=CARTESIAN_POINT ( 'NONE',  ( 0.1023245632029572555, -0.04206484727453549399, -0.08562991183186820232 ) );
#8370=DIRECTION ( 'NONE',  ( 0.9934745682613927986, -1.797001872547159460E-12, -0.1140538566548241761 ) );
#8371=EDGE_LOOP ( 'NONE', ( #982, #8540, #8273, #2077, #4380, #6844, #9066 ) );
#8372=EDGE_CURVE ( 'NONE', #214, #5062, #11074, .T. );
#8373=ORIENTED_EDGE ( 'NONE', *, *, #4553, .T. );
#8374=ORIENTED_EDGE ( 'NONE', *, *, #7769, .T. );
#8375=VERTEX_POINT ( 'NONE', #10960 );
#8376=CIRCLE ( 'NONE', #3475, 0.07086614173228346358 );
#8377=PLANE ( 'NONE',  #2402 );
#8378=ADVANCED_FACE ( 'NONE', ( #6741 ), #10155, .T. );
#8379=EDGE_CURVE ( 'NONE', #5202, #10994, #10044, .T. );
#8380=CARTESIAN_POINT ( 'NONE',  ( 0.1771653543307086520, -0.09645669291338582196, -0.4822834645669291653 ) );
#8381=VERTEX_POINT ( 'NONE', #8311 );
#8382=ORIENTED_EDGE ( 'NONE', *, *, #2932, .F. );
#8383=CARTESIAN_POINT ( 'NONE',  ( -0.06435193835051560007, 0.02986695956771220559, -0.2062809095000906479 ) );
#8384=CARTESIAN_POINT ( 'NONE',  ( -0.1785629921259842545, -0.1023622047244094474, -0.1939440150887795089 ) );
#8385=AXIS2_PLACEMENT_3D ( 'NONE', #681, #6412, #54 );
#8386=CARTESIAN_POINT ( 'NONE',  ( -0.08267716535433070058, -0.07677165354330708902, -0.5682250243999779071 ) );
#8387=CARTESIAN_POINT ( 'NONE',  ( 0.09148892049271653559, -0.04337156530724409903, -0.05401446965405511808 ) );
#8388=ADVANCED_FACE ( 'NONE', ( #6574 ), #4156, .T. );
#8389=ADVANCED_FACE ( 'NONE', ( #7489 ), #2980, .F. );
#8390=VERTEX_POINT ( 'NONE', #1935 );
#8391=CARTESIAN_POINT ( 'NONE',  ( 0.09153543307086613179, -0.08070866141732284393, -0.07283464566929134798 ) );
#8392=PLANE ( 'NONE',  #2507 );
#8393=ORIENTED_EDGE ( 'NONE', *, *, #7231, .T. );
#8394=AXIS2_PLACEMENT_3D ( 'NONE', #5232, #1254, #16 );
#8395=LINE ( 'NONE', #11725, #1464 );
#8396=DIRECTION ( 'NONE',  ( 0.000000000000000000, 0.9230769230785463852, -0.3846153846114886421 ) );
#8397=DIRECTION ( 'NONE',  ( 0.9934745682613070894, 0.000000000000000000, -0.1140538566555704403 ) );
#8398=ADVANCED_FACE ( 'NONE', ( #9148 ), #8483, .F. );
#8399=ORIENTED_EDGE ( 'NONE', *, *, #1022, .F. );
#8400=ORIENTED_EDGE ( 'NONE', *, *, #8002, .T. );
#8401=LINE ( 'NONE', #3928, #293 );
#8402=ORIENTED_EDGE ( 'NONE', *, *, #2937, .F. );
#8403=ORIENTED_EDGE ( 'NONE', *, *, #1115, .F. );
#8404=LINE ( 'NONE', #7809, #188 );
#8405=AXIS2_PLACEMENT_3D ( 'NONE', #22, #1254, #16 );
#8406=CARTESIAN_POINT ( 'NONE',  ( -0.09251968503937008093, 0.03207100889277165329, -0.2517185396247637597 ) );
#8407=DIRECTION ( 'NONE',  ( 1.000000000000000000, 5.224419336987940490E-31, 1.807003620809169702E-16 ) );
#8408=CARTESIAN_POINT ( 'NONE',  ( 0.09174976799348875944, 0.09842519685040930499, -0.08586407795273415244 ) );
#8409=VERTEX_POINT ( 'NONE', #7546 );
#8410=LINE ( 'NONE', #10943, #311 );
#8411=CYLINDRICAL_SURFACE ( 'NONE', #5033, 0.02362204724409448786 );
#8412=LINE ( 'NONE', #2101, #31 );
#8413=EDGE_CURVE ( 'NONE', #7957, #10690, #980, .T. );
#8414=AXIS2_PLACEMENT_3D ( 'NONE', #3887, #1278, #47 );
#8415=ORIENTED_EDGE ( 'NONE', *, *, #8671, .F. );
#8416=AXIS2_PLACEMENT_3D ( 'NONE', #2643, #73, #54 );
#8417=LINE ( 'NONE', #133, #33 );
#8418=ORIENTED_EDGE ( 'NONE', *, *, #7769, .F. );
#8419=EDGE_LOOP ( 'NONE', ( #1469, #1266, #5573, #3585, #1752, #4972 ) );
#8420=CARTESIAN_POINT ( 'NONE',  ( 0.09110646983425196854, 0.08737825194999999934, -0.05106005216807086439 ) );
#8421=ORIENTED_EDGE ( 'NONE', *, *, #2234, .F. );
#8422=VERTEX_POINT ( 'NONE', #1042 );
#8423=CARTESIAN_POINT ( 'NONE',  ( 0.01267315186008375304, -0.06102362204724409711, -0.3248031496062992463 ) );
#8424=CARTESIAN_POINT ( 'NONE',  ( -0.09096184730489154102, 0.09849179891230552819, -0.1826209987319283579 ) );
#8425=EDGE_CURVE ( 'NONE', #9929, #10712, #4802, .T. );
#8426=CARTESIAN_POINT ( 'NONE',  ( -0.05948629167709705567, 0.02759807126200142929, -0.2145303229371809395 ) );
#8427=EDGE_CURVE ( 'NONE', #8127, #9433, #1316, .T. );
#8428=CARTESIAN_POINT ( 'NONE',  ( 0.04036095363917321932, 0.03845646629123621735, -0.3722219410498819325 ) );
#8429=ORIENTED_EDGE ( 'NONE', *, *, #171, .F. );
#8430=VERTEX_POINT ( 'NONE', #6913 );
#8431=VERTEX_POINT ( 'NONE', #11306 );
#8432=VERTEX_POINT ( 'NONE', #8766 );
#8433=LINE ( 'NONE', #149, #58 );
#8434=CARTESIAN_POINT ( 'NONE',  ( -0.06029723278932105912, 0.02797621931299353049, -0.1946454000709147703 ) );
#8435=EDGE_LOOP ( 'NONE', ( #6244, #4131, #1721, #9093, #9422, #9067, #1706 ) );
#8436=ORIENTED_EDGE ( 'NONE', *, *, #11558, .F. );
#8437=ADVANCED_FACE ( 'NONE', ( #5154 ), #7024, .T. );
#8438=DIRECTION ( 'NONE',  ( -1.156482317317869950E-15, 0.000000000000000000, 1.000000000000000000 ) );
#8439=CYLINDRICAL_SURFACE ( 'NONE', #3598, 0.004921259842519618184 );
#8440=EDGE_CURVE ( 'NONE', #4489, #5373, #4612, .T. );
#8441=EDGE_CURVE ( 'NONE', #1801, #5128, #528, .T. );
#8442=CARTESIAN_POINT ( 'NONE',  ( 0.1033924336032677194, -0.04345894427023622164, -0.05401447473090550955 ) );
#8443=ORIENTED_EDGE ( 'NONE', *, *, #11493, .T. );
#8444=CARTESIAN_POINT ( 'NONE',  ( 0.05120780701434650417, -0.02396127099006059580, -0.5040963111714990008 ) );
#8445=CARTESIAN_POINT ( 'NONE',  ( 0.03377001419030074142, -0.03918666677583673708, -0.3657656086889722324 ) );
#8446=ORIENTED_EDGE ( 'NONE', *, *, #1379, .F. );
#8447=CARTESIAN_POINT ( 'NONE',  ( -0.08594488188976377729, 0.06102362204724409711, -0.2014173228346456679 ) );
#8448=LINE ( 'NONE', #168, #24 );
#8449=ORIENTED_EDGE ( 'NONE', *, *, #6207, .F. );
#8450=EDGE_CURVE ( 'NONE', #6824, #417, #7848, .T. );
#8451=CARTESIAN_POINT ( 'NONE',  ( 0.000000000000000000, -0.09842519685039370636, -0.1377952755905511861 ) );
#8452=ORIENTED_EDGE ( 'NONE', *, *, #4868, .T. );
#8453=ORIENTED_EDGE ( 'NONE', *, *, #10670, .F. );
#8454=DIRECTION ( 'NONE',  ( 3.469446951953625233E-15, 0.000000000000000000, -1.000000000000000000 ) );
#8455=ORIENTED_EDGE ( 'NONE', *, *, #4421, .F. );
#8456=DIRECTION ( 'NONE',  ( -0.1134271823786131977, 0.1046847845188896148, -0.9880158754736091398 ) );
#8457=ORIENTED_EDGE ( 'NONE', *, *, #1276, .T. );
#8458=CARTESIAN_POINT ( 'NONE',  ( -0.08366141732283464971, 0.03543307086614173179, -0.4251968503937008093 ) );
#8459=CARTESIAN_POINT ( 'NONE',  ( -0.02952755905512275542, 0.06442152823603562728, -0.1683070866141732347 ) );
#8460=DIRECTION ( 'NONE',  ( -0.1115615062482034486, -0.2079116908132675745, -0.9717647653351093595 ) );
#8461=LINE ( 'NONE', #9964, #293 );
#8462=CARTESIAN_POINT ( 'NONE',  ( -0.09547244094488190058, -0.07730190792401574196, -0.4339546234429134119 ) );
#8463=EDGE_CURVE ( 'NONE', #7301, #1927, #6084, .T. );
#8464=ORIENTED_EDGE ( 'NONE', *, *, #10304, .F. );
#8465=EDGE_CURVE ( 'NONE', #8303, #9974, #10436, .T. );
#8466=DIRECTION ( 'NONE',  ( 0.9934745682610603978, 1.063065803961319478E-11, -0.1140538566577193186 ) );
#8467=CARTESIAN_POINT ( 'NONE',  ( 0.09251968503937008093, 0.04094488188976377896, -0.01377952755905817103 ) );
#8468=LINE ( 'NONE', #10031, #11 );
#8469=B_SPLINE_SURFACE_WITH_KNOTS ( 'NONE', 3, 3, (( #9339, #3117, #6764, #1133, #6650, #2076, #11207, #3001, #11030, #10237 ),( #6702, #10175, #2196, #8734, #9601, #1631, #11430, #11263, #2505, #9492 ),( #7920, #6170, #3481, #5342, #6110, #10454, #487, #7097, #10343, #1455 ),( #2440, #671, #2567, #10562, #6222, #8036, #8888, #1516, #5988, #548 ),( #1387, #11378, #8672, #5233, #2318, #9660, #3305, #1575, #11324, #5175 ),( #8787, #4276, #11485, #4448, #5289, #7044, #4336, #7808, #9713, #3360 ),( #7868, #3421, #3540, #6989, #8838, #10507, #607, #4393, #7978, #5116 ),( #419, #4214, #6936, #10400, #2380, #6045, #9547, #1756, #5512, #2872 ),( #18, #2626, #3665, #7145, #10727, #4561, #3779, #9942, #8318, #1875 ),( #10606, #7264, #2754, #925, #4684, #6281, #9992, #6460, #9763, #3600 ),( #9046, #6407, #11653, #11713, #1698, #1942, #5405, #5564, #8262, #9884 ),( #9154, #9097, #7371, #10845, #11596, #10666, #8945, #1813, #860, #3719 ),( #11540, #7200, #6521, #985, #5622, #8200, #2693, #8145, #6343, #9827 ),( #4623, #4744, #736, #8090, #10787, #4507, #5461, #7317, #2812, #8999 ) ),.UNSPECIFIED., .F., .F., .F.,( 4, 1, 1, 1, 1, 1, 1, 1, 3, 4 ),( 4, 3, 3, 4 ),( -8.329812692947999894E-13, 0.1249999998695000003, 0.2499999995412000020, 0.3749999992128999482, 0.4999999988846999810, 0.6249999985563999827, 0.7499999982280999289, 0.8749999978999000172, 1.000000000000000000, 1.010000000000008225 ),( 0.02170139884585929949, 0.03117145144977000182, 0.9688004221340000832, 0.9781767118408419837 ),.UNSPECIFIED. );
#8470=VERTEX_POINT ( 'NONE', #4430 );
#8471=LINE ( 'NONE', #2406, #33 );
#8472=VERTEX_POINT ( 'NONE', #1430 );
#8473=EDGE_LOOP ( 'NONE', ( #503, #6840, #4227, #9890 ) );
#8474=PLANE ( 'NONE',  #2046 );
#8475=EDGE_LOOP ( 'NONE', ( #3986, #10968, #4481, #102 ) );
#8476=ORIENTED_EDGE ( 'NONE', *, *, #11673, .F. );
#8477=ADVANCED_FACE ( 'NONE', ( #1553 ), #5211, .T. );
#8478=CARTESIAN_POINT ( 'NONE',  ( 0.08468259516606300996, -0.02431835906304724571, -0.08562992125984252023 ) );
#8479=CIRCLE ( 'NONE', #3193, 0.004921259842519689308 );
#8480=CARTESIAN_POINT ( 'NONE',  ( -0.09061697133617008237, 0.08851701248271652556, -0.1826209987319685202 ) );
#8481=EDGE_CURVE ( 'NONE', #2024, #7618, #7787, .T. );
#8482=DIRECTION ( 'NONE',  ( 1.445602896647331225E-15, 0.000000000000000000, 1.000000000000000000 ) );
#8483=CYLINDRICAL_SURFACE ( 'NONE', #2284, 0.003937007874033925277 );
#8484=VERTEX_POINT ( 'NONE', #1493 );
#8485=EDGE_CURVE ( 'NONE', #6068, #1910, #8732, .T. );
#8486=ORIENTED_EDGE ( 'NONE', *, *, #6090, .F. );
#8487=VERTEX_POINT ( 'NONE', #7669 );
#8488=AXIS2_PLACEMENT_3D ( 'NONE', #2740, #3466, #6982 );
#8489=ORIENTED_EDGE ( 'NONE', *, *, #7785, .F. );
#8490=CARTESIAN_POINT ( 'NONE',  ( -0.08366141732283464971, -0.07677165354330708902, -0.5649606299212598381 ) );
#8491=CARTESIAN_POINT ( 'NONE',  ( 0.1785629921259842545, -0.09251968503937008093, -0.07377252034429133964 ) );
#8492=CARTESIAN_POINT ( 'NONE',  ( 0.04133858649374661659, -1.363080709715759928E-09, -0.5026040816086323471 ) );
#8493=ORIENTED_EDGE ( 'NONE', *, *, #8150, .F. );
#8494=ORIENTED_EDGE ( 'NONE', *, *, #1332, .F. );
#8495=ADVANCED_FACE ( 'NONE', ( #11240 ), #6150, .F. );
#8496=CARTESIAN_POINT ( 'NONE',  ( -0.1033464566929133965, -0.08070866141732284393, -0.1466535433070866312 ) );
#8497=CARTESIAN_POINT ( 'NONE',  ( -0.06299212598425196763, -0.08070866141732284393, -0.5708661417322835607 ) );
#8498=DIRECTION ( 'NONE',  ( 0.4226182617403188568, 0.9063077870368274613, 0.000000000000000000 ) );
#8499=AXIS2_PLACEMENT_3D ( 'NONE', #3908, #166, #73 );
#8500=ORIENTED_EDGE ( 'NONE', *, *, #10353, .T. );
#8501=EDGE_CURVE ( 'NONE', #11310, #10989, #11136, .T. );
#8502=VERTEX_POINT ( 'NONE', #8598 );
#8503=CARTESIAN_POINT ( 'NONE',  ( 0.03838593298825258154, 0.01555077715300501838, -0.4895354248559088961 ) );
#8504=CARTESIAN_POINT ( 'NONE',  ( -0.09146886490362204913, 0.08684969793370078683, -0.2182687910216141725 ) );
#8505=ORIENTED_EDGE ( 'NONE', *, *, #5808, .T. );
#8506=LINE ( 'NONE', #2204, #58 );
#8507=ORIENTED_EDGE ( 'NONE', *, *, #9537, .F. );
#8508=CARTESIAN_POINT ( 'NONE',  ( -0.09744094488188977110, 0.08661417308588878483, -0.2184545993146339016 ) );
#8509=AXIS2_PLACEMENT_3D ( 'NONE', #1703, #6413, #3484 );
#8510=ORIENTED_EDGE ( 'NONE', *, *, #1050, .F. );
#8511=EDGE_CURVE ( 'NONE', #9445, #11084, #256, .T. );
#8512=VERTEX_POINT ( 'NONE', #9420 );
#8513=ORIENTED_EDGE ( 'NONE', *, *, #5308, .F. );
#8514=CARTESIAN_POINT ( 'NONE',  ( 0.09148905577736221595, 0.08764480248582677546, -0.1240157480314960647 ) );
#8515=CARTESIAN_POINT ( 'NONE',  ( 0.09744094488188977110, 0.04094488188974566845, -0.1240157480314960647 ) );
#8516=CARTESIAN_POINT ( 'NONE',  ( -0.1033464566929133965, 0.09842519685039370636, -0.1417322834645669272 ) );
#8517=CYLINDRICAL_SURFACE ( 'NONE', #5541, 0.01181102362204724046 );
#8518=CARTESIAN_POINT ( 'NONE',  ( -0.1023622047244094474, -0.04330697934440944780, -0.1978346456692913480 ) );
#8519=CARTESIAN_POINT ( 'NONE',  ( -0.06175491430015895428, 0.02865594736465553252, -0.1916469246507584989 ) );
#8520=AXIS2_PLACEMENT_3D ( 'NONE', #3534, #7, #47 );
#8521=LINE ( 'NONE', #321, #11 );
#8522=ORIENTED_EDGE ( 'NONE', *, *, #9444, .F. );
#8523=CARTESIAN_POINT ( 'NONE',  ( -0.04015670311532905379, 0.08281241741203385076, -0.2126511338502948822 ) );
#8524=VERTEX_POINT ( 'NONE', #1298 );
#8525=EDGE_CURVE ( 'NONE', #10955, #8907, #10707, .T. );
#8526=ADVANCED_FACE ( 'NONE', ( #5322 ), #5492, .F. );
#8527=ORIENTED_EDGE ( 'NONE', *, *, #5579, .T. );
#8528=LINE ( 'NONE', #4851, #11 );
#8529=ORIENTED_EDGE ( 'NONE', *, *, #11557, .F. );
#8530=DIRECTION ( 'NONE',  ( -0.01941151444713770310, -0.000000000000000000, -0.9998115788021603167 ) );
#8531=ORIENTED_EDGE ( 'NONE', *, *, #9548, .T. );
#8532=VERTEX_POINT ( 'NONE', #1609 );
#8533=LINE ( 'NONE', #6626, #188 );
#8534=CARTESIAN_POINT ( 'NONE',  ( -0.1023622047244094474, 0.04281496062992126012, -0.2185039370078740439 ) );
#8535=AXIS2_PLACEMENT_3D ( 'NONE', #5485, #73, #54 );
#8536=EDGE_CURVE ( 'NONE', #5844, #1919, #2340, .T. );
#8537=ORIENTED_EDGE ( 'NONE', *, *, #11337, .F. );
#8538=VERTEX_POINT ( 'NONE', #2670 );
#8539=CARTESIAN_POINT ( 'NONE',  ( -0.06299212598425196763, -0.07677165354330708902, -0.5708661417322835607 ) );
#8540=ORIENTED_EDGE ( 'NONE', *, *, #6383, .T. );
#8541=CARTESIAN_POINT ( 'NONE',  ( 0.06871917375901692715, -0.03937007874015747977, -0.3104307975545625986 ) );
#8542=AXIS2_PLACEMENT_3D ( 'NONE', #5235, #584, #98 );
#8543=CARTESIAN_POINT ( 'NONE',  ( -0.09645669291338582196, 0.09842519685039370636, -0.5314960629921260393 ) );
#8544=VERTEX_POINT ( 'NONE', #2734 );
#8545=ORIENTED_EDGE ( 'NONE', *, *, #2762, .F. );
#8546=CARTESIAN_POINT ( 'NONE',  ( -0.09547244094488190058, -0.04724409448818897572, -0.4251968503937008093 ) );
#8547=FACE_OUTER_BOUND ( 'NONE', #11366, .T. );
#8548=EDGE_CURVE ( 'NONE', #8524, #11629, #11604, .T. );
#8549=LINE ( 'NONE', #288, #24 );
#8550=VECTOR ( 'NONE', #257, 39.37007874015748143 );
#8551=AXIS2_PLACEMENT_3D ( 'NONE', #6559, #7, #47 );
#8552=DIRECTION ( 'NONE',  ( -0.9063077870361252453, 0.4226182617418250964, -9.995319649938681667E-13 ) );
#8553=ORIENTED_EDGE ( 'NONE', *, *, #4383, .F. );
#8554=EDGE_CURVE ( 'NONE', #669, #8470, #986, .T. );
#8555=ORIENTED_EDGE ( 'NONE', *, *, #10079, .T. );
#8556=CARTESIAN_POINT ( 'NONE',  ( 0.05072590373028014465, -0.02453254036137444277, -0.5043812288473268346 ) );
#8557=FACE_OUTER_BOUND ( 'NONE', #11398, .T. );
#8558=ORIENTED_EDGE ( 'NONE', *, *, #8593, .F. );
#8559=CARTESIAN_POINT ( 'NONE',  ( 0.03837352134329356096, 0.02008816282354686580, -0.4923769874329277929 ) );
#8560=CARTESIAN_POINT ( 'NONE',  ( 0.09251968503937008093, -0.0004921259865157369883, -0.01377952755905511792 ) );
#8561=AXIS2_PLACEMENT_3D ( 'NONE', #4036, #54, #7 );
#8562=CARTESIAN_POINT ( 'NONE',  ( -0.09815894455224409565, 0.09707331319173227724, -0.2166564992291338809 ) );
#8563=ORIENTED_EDGE ( 'NONE', *, *, #5042, .T. );
#8564=CIRCLE ( 'NONE', #1709, 0.02952755905511813758 );
#8565=CARTESIAN_POINT ( 'NONE',  ( 0.09251968503937008093, -0.04232283464566929249, -0.04921259842519685318 ) );
#8566=EDGE_CURVE ( 'NONE', #523, #4558, #3642, .T. );
#8567=LINE ( 'NONE', #8793, #293 );
#8568=EDGE_CURVE ( 'NONE', #9991, #4866, #5835, .T. );
#8569=ORIENTED_EDGE ( 'NONE', *, *, #1588, .F. );
#8570=LINE ( 'NONE', #11163, #58 );
#8571=AXIS2_PLACEMENT_3D ( 'NONE', #513, #16, #47 );
#8572=ORIENTED_EDGE ( 'NONE', *, *, #338, .T. );
#8573=ORIENTED_EDGE ( 'NONE', *, *, #267, .F. );
#8574=VERTEX_POINT ( 'NONE', #8177 );
#8575=PLANE ( 'NONE',  #11661 );
#8576=CARTESIAN_POINT ( 'NONE',  ( -0.09251968503937008093, 0.06692913385826770867, -0.1417322834645669272 ) );
#8577=CARTESIAN_POINT ( 'NONE',  ( -0.09744094488935112208, -0.04330707084982925864, -0.1819871821239033571 ) );
#8578=CARTESIAN_POINT ( 'NONE',  ( 0.09250818069078547978, -0.04281498751140867115, -0.08563855080140149456 ) );
#8579=ADVANCED_FACE ( 'NONE', ( #6257 ), #10766, .T. );
#8580=ORIENTED_EDGE ( 'NONE', *, *, #946, .F. );
#8581=EDGE_CURVE ( 'NONE', #989, #5184, #11464, .T. );
#8582=EDGE_CURVE ( 'NONE', #11065, #262, #6385, .T. );
#8583=FACE_OUTER_BOUND ( 'NONE', #2352, .T. );
#8584=EDGE_LOOP ( 'NONE', ( #8196, #2122, #7071, #2635 ) );
#8585=ORIENTED_EDGE ( 'NONE', *, *, #4278, .F. );
#8586=ORIENTED_EDGE ( 'NONE', *, *, #1016, .F. );
#8587=CARTESIAN_POINT ( 'NONE',  ( -0.1023622047244094474, -0.09108267716527558566, -0.1394881889763779637 ) );
#8588=CARTESIAN_POINT ( 'NONE',  ( 0.08267716535433070058, -0.07454766257779528449, -0.4047830460834646593 ) );
#8589=VERTEX_POINT ( 'NONE', #1791 );
#8590=ORIENTED_EDGE ( 'NONE', *, *, #7643, .T. );
#8591=CARTESIAN_POINT ( 'NONE',  ( 0.1771653543307086520, -0.09055118110236221041, -0.4468503937007874405 ) );
#8592=CARTESIAN_POINT ( 'NONE',  ( 0.000000000000000000, 0.09842519685039370636, -0.2490157480314960647 ) );
#8593=EDGE_CURVE ( 'NONE', #9974, #2413, #8873, .T. );
#8594=AXIS2_PLACEMENT_3D ( 'NONE', #3310, #218, #73 );
#8595=EDGE_CURVE ( 'NONE', #2654, #11065, #11414, .T. );
#8596=AXIS2_PLACEMENT_3D ( 'NONE', #787, #2602, #4202 );
#8597=PLANE ( 'NONE',  #11039 );
#8598=CARTESIAN_POINT ( 'NONE',  ( -0.1072834645669291376, -0.1023622047244094474, -0.1929133858267716439 ) );
#8599=ORIENTED_EDGE ( 'NONE', *, *, #9581, .T. );
#8600=EDGE_LOOP ( 'NONE', ( #9146, #903, #1173, #5996 ) );
#8601=ORIENTED_EDGE ( 'NONE', *, *, #4987, .F. );
#8602=EDGE_LOOP ( 'NONE', ( #1938, #10572, #68, #8886 ) );
#8603=ORIENTED_EDGE ( 'NONE', *, *, #3463, .T. );
#8604=EDGE_LOOP ( 'NONE', ( #10347, #5037, #3520, #6202 ) );
#8605=CARTESIAN_POINT ( 'NONE',  ( -0.04425981366131692685, 0.08565796128110687857, -0.1870078740157275765 ) );
#8606=ADVANCED_FACE ( 'NONE', ( #3458 ), #7076, .T. );
#8607=EDGE_CURVE ( 'NONE', #3165, #7851, #4486, .T. );
#8608=PLANE ( 'NONE',  #710 );
#8609=CARTESIAN_POINT ( 'NONE',  ( -0.06040821318069626578, 0.02773822109563023330, -0.2161783056710968320 ) );
#8610=CIRCLE ( 'NONE', #4884, 0.004921259842519689308 );
#8611=CARTESIAN_POINT ( 'NONE',  ( 0.04133858904644426013, -0.01569894867504448288, -0.5026036161058162755 ) );
#8612=ORIENTED_EDGE ( 'NONE', *, *, #6537, .T. );
#8613=CARTESIAN_POINT ( 'NONE',  ( 0.09645669291338582196, 0.09842519685039370636, -0.2854330708661417804 ) );
#8614=ORIENTED_EDGE ( 'NONE', *, *, #864, .F. );
#8615=LINE ( 'NONE', #3176, #293 );
#8616=CARTESIAN_POINT ( 'NONE',  ( 0.09744094488188977110, 0.04094488188976377896, -0.1259842519685039353 ) );
#8617=AXIS2_PLACEMENT_3D ( 'NONE', #5855, #16, #54 );
#8618=CARTESIAN_POINT ( 'NONE',  ( 0.1033928339864173263, 0.05416676014822834756, -0.1236193521615354257 ) );
#8619=ADVANCED_FACE ( 'NONE', ( #11577 ), #6209, .F. );
#8620=ORIENTED_EDGE ( 'NONE', *, *, #3783, .T. );
#8621=CARTESIAN_POINT ( 'NONE',  ( 0.09153543307086613179, 0.08661417322834646937, -0.1259842519685039353 ) );
#8622=VERTEX_POINT ( 'NONE', #9307 );
#8623=EDGE_CURVE ( 'NONE', #1565, #49, #4741, .T. );
#8624=LINE ( 'NONE', #1336, #58 );
#8625=ORIENTED_EDGE ( 'NONE', *, *, #6724, .F. );
#8626=VERTEX_POINT ( 'NONE', #4658 );
#8627=CARTESIAN_POINT ( 'NONE',  ( 0.08460821069754666246, -0.0008694553946457894526, -0.09055118110236221041 ) );
#8628=CARTESIAN_POINT ( 'NONE',  ( -0.07475677231279527490, 0.1020078740157480401, -0.2539370078740157410 ) );
#8629=DIRECTION ( 'NONE',  ( -1.000000000000000000, 1.807003620809174878E-16, 1.306104834246985998E-31 ) );
#8630=CARTESIAN_POINT ( 'NONE',  ( 0.09148905577736221595, 0.08734251968503936592, -0.09055118110236221041 ) );
#8631=EDGE_CURVE ( 'NONE', #1118, #10619, #9971, .T. );
#8632=CARTESIAN_POINT ( 'NONE',  ( 0.06134533529206693397, -1.972052770426389635E-15, -0.5085487218122070052 ) );
#8633=FACE_OUTER_BOUND ( 'NONE', #11197, .T. );
#8634=EDGE_LOOP ( 'NONE', ( #1722, #469, #1, #7958, #7286, #2403, #7790 ) );
#8635=DIRECTION ( 'NONE',  ( -0.9063077870372052702, 0.4226182617395085606, 3.253080209503890661E-12 ) );
#8636=EDGE_LOOP ( 'NONE', ( #6713, #1144, #400, #4182 ) );
#8637=CARTESIAN_POINT ( 'NONE',  ( 0.08661417322834646937, 0.09842519685039370636, -0.01574803149606299191 ) );
#8638=ORIENTED_EDGE ( 'NONE', *, *, #10224, .T. );
#8639=LINE ( 'NONE', #7774, #293 );
#8640=EDGE_LOOP ( 'NONE', ( #3034, #10272, #5972, #7494 ) );
#8641=EDGE_CURVE ( 'NONE', #7430, #10771, #4786, .T. );
#8642=CYLINDRICAL_SURFACE ( 'NONE', #5605, 0.004921259842519680634 );
#8643=ORIENTED_EDGE ( 'NONE', *, *, #1715, .F. );
#8644=EDGE_LOOP ( 'NONE', ( #8769, #3342, #4641, #6087 ) );
#8645=LINE ( 'NONE', #7782, #188 );
#8646=CARTESIAN_POINT ( 'NONE',  ( -0.09105081154992597514, 0.08849298720640748350, -0.1807951093751141713 ) );
#8647=EDGE_CURVE ( 'NONE', #11635, #7401, #6670, .T. );
#8648=CARTESIAN_POINT ( 'NONE',  ( 0.03960606386795275519, 0.07234857425818896903, -0.09158181036437007538 ) );
#8649=CARTESIAN_POINT ( 'NONE',  ( -0.09241405079874272233, 0.08727822408864047143, -0.2181305090650854928 ) );
#8650=ORIENTED_EDGE ( 'NONE', *, *, #11222, .F. );
#8651=ORIENTED_EDGE ( 'NONE', *, *, #11254, .T. );
#8652=VERTEX_POINT ( 'NONE', #5603 );
#8653=VERTEX_POINT ( 'NONE', #2366 );
#8654=EDGE_CURVE ( 'NONE', #9510, #10156, #9245, .T. );
#8655=CARTESIAN_POINT ( 'NONE',  ( 0.05137688055471684861, 0.02381659075253328775, -0.06289640911261645817 ) );
#8656=CARTESIAN_POINT ( 'NONE',  ( 0.09251968503937008093, -0.06889763779527559306, -0.01574803149606299191 ) );
#8657=AXIS2_PLACEMENT_3D ( 'NONE', #862, #47, #73 );
#8658=CARTESIAN_POINT ( 'NONE',  ( -0.1033789721554724400, -0.04404836780602362778, -0.1818700655565354540 ) );
#8659=ORIENTED_EDGE ( 'NONE', *, *, #6921, .T. );
#8660=ORIENTED_EDGE ( 'NONE', *, *, #8934, .T. );
#8661=CARTESIAN_POINT ( 'NONE',  ( 0.05906100172590551811, 0.03062732538377165720, -0.09055118108893701889 ) );
#8662=EDGE_CURVE ( 'NONE', #8532, #5586, #5879, .T. );
#8663=CARTESIAN_POINT ( 'NONE',  ( -0.08366141732283464971, 0.07677165354330708902, -0.4990157480314961203 ) );
#8664=VECTOR ( 'NONE', #11528, 39.37007874015748143 );
#8665=CARTESIAN_POINT ( 'NONE',  ( 0.04133858904645246884, -0.01835211021089803649, -0.5015483312564048557 ) );
#8666=ORIENTED_EDGE ( 'NONE', *, *, #10705, .T. );
#8667=VERTEX_POINT ( 'NONE', #10032 );
#8668=PLANE ( 'NONE',  #2100 );
#8669=EDGE_CURVE ( 'NONE', #1322, #4160, #3942, .T. );
#8670=CARTESIAN_POINT ( 'NONE',  ( -0.07677165354330708902, 0.08858267716535432601, -0.1978346456692913480 ) );
#8671=EDGE_CURVE ( 'NONE', #3812, #3469, #9190, .T. );
#8672=CARTESIAN_POINT ( 'NONE',  ( 0.09554867677627776335, 0.09742713694402441171, -0.08787442484383781172 ) );
#8673=CARTESIAN_POINT ( 'NONE',  ( 0.04133858904645244803, 0.01835211562694308643, -0.5015483153592797949 ) );
#8674=CARTESIAN_POINT ( 'NONE',  ( -0.03543307086614566614, 0.07086614173228346358, -0.2490157480314960647 ) );
#8675=CARTESIAN_POINT ( 'NONE',  ( 0.07182277588458158002, 0.03303514889144790190, -0.4172841992989478332 ) );
#8676=CARTESIAN_POINT ( 'NONE',  ( -0.09050806678960629514, 0.08755117615362205397, -0.2120889030016929189 ) );
#8677=CARTESIAN_POINT ( 'NONE',  ( 0.09744094488188977110, -0.06889763779527559306, -0.1240157480314960647 ) );
#8678=LINE ( 'NONE', #7695, #293 );
#8679=EDGE_LOOP ( 'NONE', ( #2704, #7679, #1261, #4445 ) );
#8680=VERTEX_POINT ( 'NONE', #966 );
#8681=FACE_OUTER_BOUND ( 'NONE', #10632, .T. );
#8682=ORIENTED_EDGE ( 'NONE', *, *, #9726, .T. );
#8683=ORIENTED_EDGE ( 'NONE', *, *, #3999, .T. );
#8684=EDGE_CURVE ( 'NONE', #10712, #11192, #4620, .T. );
#8685=EDGE_LOOP ( 'NONE', ( #7772, #981, #9786, #2239, #1844, #9571, #6415, #11738 ) );
#8686=AXIS2_PLACEMENT_3D ( 'NONE', #1933, #16, #7 );
#8687=LINE ( 'NONE', #1272, #6755 );
#8688=CARTESIAN_POINT ( 'NONE',  ( 0.04232283464566920228, -0.01672338283894865552, -0.4999999999991315836 ) );
#8689=CARTESIAN_POINT ( 'NONE',  ( 0.1181102362204724532, -0.09842519685039370636, -0.2854330708661417804 ) );
#8690=ADVANCED_FACE ( 'NONE', ( #900 ), #3589, .F. );
#8691=CARTESIAN_POINT ( 'NONE',  ( 0.03838582677165354451, 0.04221313368110433950, -0.4685039370078740717 ) );
#8692=CARTESIAN_POINT ( 'NONE',  ( 0.03468503937007873933, 0.08000000000000000167, -0.5826771653543307838 ) );
#8693=PLANE ( 'NONE',  #11025 );
#8694=EDGE_CURVE ( 'NONE', #5316, #11443, #11747, .T. );
#8695=VECTOR ( 'NONE', #1535, 39.37007874015748143 );
#8696=EDGE_LOOP ( 'NONE', ( #10425, #3144, #621, #5090 ) );
#8697=CARTESIAN_POINT ( 'NONE',  ( -0.09317349599403823568, 0.09822775142232097190, -0.1810182441573368328 ) );
#8698=ORIENTED_EDGE ( 'NONE', *, *, #875, .F. );
#8699=CYLINDRICAL_SURFACE ( 'NONE', #7821, 0.004921259842519689308 );
#8700=ORIENTED_EDGE ( 'NONE', *, *, #4780, .F. );
#8701=CARTESIAN_POINT ( 'NONE',  ( 0.05981896120110493514, 0.03303514889143592537, -0.4182877689408533439 ) );
#8702=ADVANCED_FACE ( 'NONE', ( #2966 ), #5985, .F. );
#8703=EDGE_LOOP ( 'NONE', ( #2230, #10273, #7061, #4173, #5429, #2120 ) );
#8704=PLANE ( 'NONE',  #7737 );
#8705=AXIS2_PLACEMENT_3D ( 'NONE', #1805, #4385, #7972 );
#8706=VERTEX_POINT ( 'NONE', #6615 );
#8707=ORIENTED_EDGE ( 'NONE', *, *, #236, .F. );
#8708=CARTESIAN_POINT ( 'NONE',  ( -0.04461687923263898264, 0.08489223169226023380, -0.1830181574884452989 ) );
#8709=CARTESIAN_POINT ( 'NONE',  ( -0.09134117303121377929, 0.08832042131971575005, -0.1798420606693531543 ) );
#8710=EDGE_CURVE ( 'NONE', #11250, #887, #2102, .T. );
#8711=CIRCLE ( 'NONE', #852, 0.004921259842519689308 );
#8712=CARTESIAN_POINT ( 'NONE',  ( -0.09200313274273164144, 0.08795624011788692742, -0.2172790532329762769 ) );
#8713=ORIENTED_EDGE ( 'NONE', *, *, #5800, .F. );
#8714=AXIS2_PLACEMENT_3D ( 'NONE', #8648, #4254, #47 );
#8715=ORIENTED_EDGE ( 'NONE', *, *, #965, .T. );
#8716=EDGE_LOOP ( 'NONE', ( #11028, #9583, #7011, #10115, #9376, #458, #1802, #7292 ) );
#8717=EDGE_LOOP ( 'NONE', ( #192, #9631, #8493, #6859 ) );
#8718=CARTESIAN_POINT ( 'NONE',  ( 0.07581205150288752859, 0.05776093400764598790, 0.09842519685039370636 ) );
#8719=CARTESIAN_POINT ( 'NONE',  ( 0.02721304011578485130, -0.1240157480314960925, -0.4735425734128259623 ) );
#8720=CARTESIAN_POINT ( 'NONE',  ( -0.09148342887267717216, -0.04361742039437008223, -0.1818703234002362057 ) );
#8721=ORIENTED_EDGE ( 'NONE', *, *, #2845, .F. );
#8722=VERTEX_POINT ( 'NONE', #9407 );
#8723=( BOUNDED_CURVE ( )  B_SPLINE_CURVE ( 3, ( #877, #2533, #8113, #639 ),.UNSPECIFIED., .F., .F. )B_SPLINE_CURVE_WITH_KNOTS ( ( 4, 4 ),( 0.05204745709796041592, 1.000000000000000000 ),.UNSPECIFIED. )CURVE ( )  GEOMETRIC_REPRESENTATION_ITEM ( )  RATIONAL_B_SPLINE_CURVE ( ( 0.9868038654828878986, 0.9110878126980618275, 0.9154865242037658613, 1.000000000000000000 ) )REPRESENTATION_ITEM ( '' )  );
#8724=EDGE_CURVE ( 'NONE', #1222, #10757, #1124, .T. );
#8725=DIRECTION ( 'NONE',  ( 0.000000000000000000, 0.1046847845178800196, -0.9945054529214231165 ) );
#8726=LINE ( 'NONE', #7684, #33 );
#8727=CARTESIAN_POINT ( 'NONE',  ( 0.03940229860905260922, -0.02054765358508737344, -0.4971462441320068093 ) );
#8728=EDGE_LOOP ( 'NONE', ( #2066, #2819, #2211, #2029 ) );
#8729=ORIENTED_EDGE ( 'NONE', *, *, #2946, .T. );
#8730=ADVANCED_FACE ( 'NONE', ( #8583 ), #2220, .F. );
#8731=EDGE_CURVE ( 'NONE', #7429, #2496, #5950, .T. );
#8732=CIRCLE ( 'NONE', #4043, 0.004921259842519689308 );
#8733=CARTESIAN_POINT ( 'NONE',  ( 0.09744094488188977110, 0.08562992125984252023, -0.09055118110236221041 ) );
#8734=CARTESIAN_POINT ( 'NONE',  ( 0.09095955584559055340, 0.09842552344165353406, -0.08509553670110235613 ) );
#8735=CARTESIAN_POINT ( 'NONE',  ( -0.1009534325707480279, -0.03592189681898819154, -0.1810559849112204911 ) );
#8736=CARTESIAN_POINT ( 'NONE',  ( -0.09203308033614174266, -0.04008152537940945503, -0.1810559849112204911 ) );
#8737=AXIS2_PLACEMENT_3D ( 'NONE', #1149, #1278, #47 );
#8738=CIRCLE ( 'NONE', #11070, 0.009842519685039361269 );
#8739=EDGE_CURVE ( 'NONE', #10690, #2534, #7814, .T. );
#8740=CARTESIAN_POINT ( 'NONE',  ( 0.08661417322834646937, 0.09842519685039370636, -0.1240157480314960647 ) );
#8741=EDGE_CURVE ( 'NONE', #1792, #11535, #11224, .T. );
#8742=VERTEX_POINT ( 'NONE', #4174 );
#8743=ORIENTED_EDGE ( 'NONE', *, *, #1821, .F. );
#8744=ORIENTED_EDGE ( 'NONE', *, *, #2428, .T. );
#8745=EDGE_LOOP ( 'NONE', ( #4990, #3578, #7816, #1671 ) );
#8746=ORIENTED_EDGE ( 'NONE', *, *, #10494, .F. );
#8747=CARTESIAN_POINT ( 'NONE',  ( 0.04841944222173528295, 0.07673760904645039738, -0.08070866141732284393 ) );
#8748=LINE ( 'NONE', #5417, #31 );
#8749=CARTESIAN_POINT ( 'NONE',  ( -0.08366141732283464971, 0.08858267716535432601, -0.2519685039370078705 ) );
#8750=CARTESIAN_POINT ( 'NONE',  ( -0.1181102362204724532, 0.09842519685039370636, -0.5708661417322835607 ) );
#8751=CARTESIAN_POINT ( 'NONE',  ( 3.616083068348485184E-18, -0.09842519685039370636, -0.1082677165354330728 ) );
#8752=CARTESIAN_POINT ( 'NONE',  ( -0.04133858267716535029, 0.07086614173228346358, -0.2381889763779527491 ) );
#8753=ORIENTED_EDGE ( 'NONE', *, *, #4463, .T. );
#8754=CARTESIAN_POINT ( 'NONE',  ( 0.09448818897637795144, -0.07160042938854331573, -0.3867954183416142389 ) );
#8755=VERTEX_POINT ( 'NONE', #3206 );
#8756=CARTESIAN_POINT ( 'NONE',  ( 0.08858267716535432601, -0.03248031496061023343, -0.5255905511811024278 ) );
#8757=ORIENTED_EDGE ( 'NONE', *, *, #7360, .T. );
#8758=PLANE ( 'NONE',  #2745 );
#8759=LINE ( 'NONE', #11182, #58 );
#8760=ORIENTED_EDGE ( 'NONE', *, *, #10072, .T. );
#8761=ORIENTED_EDGE ( 'NONE', *, *, #372, .F. );
#8762=CARTESIAN_POINT ( 'NONE',  ( -0.09055118110236221041, 0.08858267716535432601, -0.1437007874015747977 ) );
#8763=CARTESIAN_POINT ( 'NONE',  ( -0.09114523543566929731, 0.09184523439216536744, -0.1818573234431890007 ) );
#8764=EDGE_CURVE ( 'NONE', #6594, #9099, #4967, .T. );
#8765=CARTESIAN_POINT ( 'NONE',  ( -0.09547244094488190058, 0.07677165354330708902, -0.4330708661417322913 ) );
#8766=CARTESIAN_POINT ( 'NONE',  ( -0.08267716535433070058, 0.07874015748031495954, -0.5708661417322835607 ) );
#8767=ORIENTED_EDGE ( 'NONE', *, *, #3432, .T. );
#8768=VERTEX_POINT ( 'NONE', #7890 );
#8769=ORIENTED_EDGE ( 'NONE', *, *, #7432, .F. );
#8770=ORIENTED_EDGE ( 'NONE', *, *, #10840, .F. );
#8771=CARTESIAN_POINT ( 'NONE',  ( -0.07086614173228346358, 8.678599364036359818E-18, 0.08661417322834646937 ) );
#8772=CARTESIAN_POINT ( 'NONE',  ( 0.1771653543307086520, -0.1023622047244094474, -0.4468503937007874405 ) );
#8773=CARTESIAN_POINT ( 'NONE',  ( 0.1023622047244094474, 0.03700787401575590663, -0.01476377952755708774 ) );
#8774=EDGE_CURVE ( 'NONE', #11084, #4977, #2404, .T. );
#8775=CARTESIAN_POINT ( 'NONE',  ( 0.09251968503937008093, 0.04094488188976377896, -0.01574803149606299191 ) );
#8776=EDGE_LOOP ( 'NONE', ( #4756, #7028, #177, #11679, #7366, #3179, #10984, #2529, #10545, #10265 ) );
#8777=ORIENTED_EDGE ( 'NONE', *, *, #1981, .T. );
#8778=LINE ( 'NONE', #540, #311 );
#8779=EDGE_CURVE ( 'NONE', #7226, #3789, #1480, .T. );
#8780=LINE ( 'NONE', #8663, #58 );
#8781=CARTESIAN_POINT ( 'NONE',  ( 0.02396441327426813983, -0.09224766408365218939, 0.09842519685039370636 ) );
#8782=VERTEX_POINT ( 'NONE', #1415 );
#8783=ORIENTED_EDGE ( 'NONE', *, *, #8209, .F. );
#8784=VECTOR ( 'NONE', #5940, 39.37007874015748854 );
#8785=LINE ( 'NONE', #11377, #188 );
#8786=( BOUNDED_CURVE ( )  B_SPLINE_CURVE ( 3, ( #376, #5035, #6565, #260 ),.UNSPECIFIED., .F., .F. )B_SPLINE_CURVE_WITH_KNOTS ( ( 4, 4 ),( 3.141592653583876960, 4.612221277728599134 ),.UNSPECIFIED. )CURVE ( )  GEOMETRIC_REPRESENTATION_ITEM ( )  RATIONAL_B_SPLINE_CURVE ( ( 1.000000000000000000, 0.8277466287491402896, 0.8277466287491402896, 1.000000000000000000 ) )REPRESENTATION_ITEM ( '' )  );
#8787=CARTESIAN_POINT ( 'NONE',  ( 0.09760725687263248351, 0.09631490624461731820, -0.08870374207347637985 ) );
#8788=EDGE_CURVE ( 'NONE', #7534, #5845, #11247, .T. );
#8789=CARTESIAN_POINT ( 'NONE',  ( 0.09251968503937008093, -0.07874015748031495954, -0.02559055118110236185 ) );
#8790=DIRECTION ( 'NONE',  ( 0.1140538566511888202, 0.000000000000000000, 0.9934745682618101315 ) );
#8791=EDGE_CURVE ( 'NONE', #134, #5559, #6897, .T. );
#8792=ADVANCED_FACE ( 'NONE', ( #1353 ), #11344, .F. );
#8793=CARTESIAN_POINT ( 'NONE',  ( -0.04133858267716535029, 0.02460629921259842659, -0.1683070866141732347 ) );
#8794=DIRECTION ( 'NONE',  ( 0.9934745682600123473, 8.514081486925381961E-13, -0.1140538566668484327 ) );
#8795=VERTEX_POINT ( 'NONE', #4302 );
#8796=CARTESIAN_POINT ( 'NONE',  ( -0.09103171110462271454, 0.08857365644803760762, -0.1807970029996095740 ) );
#8797=EDGE_LOOP ( 'NONE', ( #11481, #8359, #10205, #9858, #4002 ) );
#8798=ORIENTED_EDGE ( 'NONE', *, *, #8641, .T. );
#8799=CIRCLE ( 'NONE', #10040, 0.004921259842519689308 );
#8800=LINE ( 'NONE', #752, #293 );
#8801=EDGE_CURVE ( 'NONE', #10923, #8257, #3386, .T. );
#8802=DIRECTION ( 'NONE',  ( 0.1140538566600028392, 2.891205793652097693E-15, 0.9934745682607982742 ) );
#8803=ADVANCED_FACE ( 'NONE', ( #5086 ), #4241, .T. );
#8804=LINE ( 'NONE', #4748, #33 );
#8805=LINE ( 'NONE', #2341, #24 );
#8806=CARTESIAN_POINT ( 'NONE',  ( 0.03838582677165354451, -0.04921259842519685318, -0.4685039370078740717 ) );
#8807=LINE ( 'NONE', #10363, #188 );
#8808=CARTESIAN_POINT ( 'NONE',  ( -0.1771653543307086520, -0.09251968503937008093, -0.1830708661417322636 ) );
#8809=ORIENTED_EDGE ( 'NONE', *, *, #8554, .F. );
#8810=ORIENTED_EDGE ( 'NONE', *, *, #6382, .F. );
#8811=ORIENTED_EDGE ( 'NONE', *, *, #9695, .T. );
#8812=ADVANCED_FACE ( 'NONE', ( #10477 ), #1223, .F. );
#8813=EDGE_CURVE ( 'NONE', #6638, #2393, #6785, .T. );
#8814=CARTESIAN_POINT ( 'NONE',  ( 0.05019685039370079538, 0.000000000000000000, -0.4685039370078740717 ) );
#8815=ORIENTED_EDGE ( 'NONE', *, *, #3276, .F. );
#8816=ORIENTED_EDGE ( 'NONE', *, *, #3804, .T. );
#8817=CARTESIAN_POINT ( 'NONE',  ( -0.09145704085996063382, -0.04255535538602362583, -0.2135838185433071024 ) );
#8818=CARTESIAN_POINT ( 'NONE',  ( -0.09758762481498997610, 0.09628791798110018785, -0.1790127934037586410 ) );
#8819=LINE ( 'NONE', #2186, #311 );
#8820=LINE ( 'NONE', #583, #58 );
#8821=ORIENTED_EDGE ( 'NONE', *, *, #9164, .F. );
#8822=LINE ( 'NONE', #1611, #311 );
#8823=ORIENTED_EDGE ( 'NONE', *, *, #6282, .T. );
#8824=EDGE_LOOP ( 'NONE', ( #9449, #10850, #5690, #7743 ) );
#8825=CARTESIAN_POINT ( 'NONE',  ( -0.03179757324351299708, -0.1275040290269041920, -0.4712503068489596325 ) );
#8826=EDGE_CURVE ( 'NONE', #8589, #8868, #9730, .T. );
#8827=LINE ( 'NONE', #4436, #3976 );
#8828=FACE_OUTER_BOUND ( 'NONE', #4461, .T. );
#8829=ORIENTED_EDGE ( 'NONE', *, *, #3479, .F. );
#8830=ORIENTED_EDGE ( 'NONE', *, *, #152, .F. );
#8831=LINE ( 'NONE', #5168, #24 );
#8832=CARTESIAN_POINT ( 'NONE',  ( -0.06053149606299212948, 0.08661417322834646937, -0.2273622047244094335 ) );
#8833=CARTESIAN_POINT ( 'NONE',  ( -0.09249138261780472103, -0.04256120097746465131, -0.2135826755482456984 ) );
#8834=EDGE_LOOP ( 'NONE', ( #5810, #11138, #4018, #1904, #10274, #8236 ) );
#8835=ORIENTED_EDGE ( 'NONE', *, *, #5443, .T. );
#8836=LINE ( 'NONE', #9711, #293 );
#8837=CARTESIAN_POINT ( 'NONE',  ( 0.09448818897637795144, -0.07454766257779528449, -0.4047830460834646593 ) );
#8838=CARTESIAN_POINT ( 'NONE',  ( 0.09698204954811023848, 0.09232711082500000277, -0.08939455814551180990 ) );
#8839=EDGE_CURVE ( 'NONE', #4373, #9974, #759, .T. );
#8840=PLANE ( 'NONE',  #9227 );
#8841=CARTESIAN_POINT ( 'NONE',  ( 0.08267716535433070058, -0.07185039370078739884, -0.5590551181102362266 ) );
#8842=LINE ( 'NONE', #612, #11 );
#8843=ORIENTED_EDGE ( 'NONE', *, *, #7941, .T. );
#8844=EDGE_CURVE ( 'NONE', #3778, #3529, #635, .T. );
#8845=CARTESIAN_POINT ( 'NONE',  ( 0.04706608948625983641, -0.03878702087875196547, -0.3653230842750394003 ) );
#8846=ORIENTED_EDGE ( 'NONE', *, *, #284, .T. );
#8847=EDGE_LOOP ( 'NONE', ( #8402, #6745, #2806, #8110 ) );
#8848=ORIENTED_EDGE ( 'NONE', *, *, #2092, .F. );
#8849=LINE ( 'NONE', #1590, #5430 );
#8850=AXIS2_PLACEMENT_3D ( 'NONE', #8144, #1254, #16 );
#8851=CARTESIAN_POINT ( 'NONE',  ( 0.06869436735347972389, 0.000000000000000000, -0.4082432956206692998 ) );
#8852=CARTESIAN_POINT ( 'NONE',  ( 0.1181102362204724532, -0.08464566929133858497, -0.4311023622047244208 ) );
#8853=EDGE_CURVE ( 'NONE', #7247, #10834, #816, .T. );
#8854=FACE_OUTER_BOUND ( 'NONE', #9576, .T. );
#8855=EDGE_LOOP ( 'NONE', ( #5853, #4514, #4976, #9119, #10440 ) );
#8856=VECTOR ( 'NONE', #9432, 39.37007874015748143 );
#8857=PLANE ( 'NONE',  #5379 );
#8858=CIRCLE ( 'NONE', #3793, 0.01181102362204724046 );
#8859=VERTEX_POINT ( 'NONE', #2530 );
#8860=DIRECTION ( 'NONE',  ( 0.000000000000000000, -0.1046847845178800196, 0.9945054529214231165 ) );
#8861=ORIENTED_EDGE ( 'NONE', *, *, #3835, .T. );
#8862=DIRECTION ( 'NONE',  ( 0.9934745682607944994, -7.950124776026584361E-16, -0.1140538566600356601 ) );
#8863=ORIENTED_EDGE ( 'NONE', *, *, #3255, .F. );
#8864=EDGE_CURVE ( 'NONE', #147, #3628, #6195, .T. );
#8865=CARTESIAN_POINT ( 'NONE',  ( 0.05019685039370079538, -0.06496062992125983815, -0.4488188976377953110 ) );
#8866=CARTESIAN_POINT ( 'NONE',  ( 0.03248031496062991907, -0.06102362204724409711, -0.5708661417322835607 ) );
#8867=ORIENTED_EDGE ( 'NONE', *, *, #5505, .F. );
#8868=VERTEX_POINT ( 'NONE', #6241 );
#8869=CARTESIAN_POINT ( 'NONE',  ( -0.09077028647877519174, 0.08854299847269134216, -0.1818573221674476270 ) );
#8870=EDGE_CURVE ( 'NONE', #6836, #768, #9788, .T. );
#8871=FACE_OUTER_BOUND ( 'NONE', #9681, .T. );
#8872=EDGE_CURVE ( 'NONE', #3815, #5009, #2589, .T. );
#8873=LINE ( 'NONE', #4371, #58 );
#8874=ORIENTED_EDGE ( 'NONE', *, *, #2870, .F. );
#8875=ORIENTED_EDGE ( 'NONE', *, *, #429, .T. );
#8876=ORIENTED_EDGE ( 'NONE', *, *, #8323, .T. );
#8877=CARTESIAN_POINT ( 'NONE',  ( -0.09181489028420736220, 0.02555940181906342021, 0.09842519685039370636 ) );
#8878=CARTESIAN_POINT ( 'NONE',  ( 0.06029723278931083813, 0.02797621931299326681, -0.08783374893168581499 ) );
#8879=CARTESIAN_POINT ( 'NONE',  ( 0.09424964532429135067, 0.08989968248976376586, -0.05036922008409448759 ) );
#8880=CARTESIAN_POINT ( 'NONE',  ( 0.06175491430023964667, 0.02865594736469314480, -0.07606961078247891084 ) );
#8881=ORIENTED_EDGE ( 'NONE', *, *, #8081, .T. );
#8882=ORIENTED_EDGE ( 'NONE', *, *, #4942, .F. );
#8883=EDGE_CURVE ( 'NONE', #4872, #4805, #2732, .T. );
#8884=CARTESIAN_POINT ( 'NONE',  ( 0.06911126471411260797, 0.03236385251361039578, -0.08783200519434310183 ) );
#8885=VERTEX_POINT ( 'NONE', #9678 );
#8886=ORIENTED_EDGE ( 'NONE', *, *, #7953, .T. );
#8887=DIRECTION ( 'NONE',  ( 0.000000000000000000, 0.1046847845178800196, 0.9945054529214231165 ) );
#8888=CARTESIAN_POINT ( 'NONE',  ( 0.09105928528901577335, 0.08852482698688977913, -0.08692142610212598430 ) );
#8889=EDGE_CURVE ( 'NONE', #6504, #10767, #7283, .T. );
#8890=ADVANCED_FACE ( 'NONE', ( #2464 ), #8964, .F. );
#8891=FACE_OUTER_BOUND ( 'NONE', #295, .T. );
#8892=EDGE_LOOP ( 'NONE', ( #11387, #9019, #1037, #6321 ) );
#8893=EDGE_CURVE ( 'NONE', #8381, #7118, #5939, .T. );
#8894=AXIS2_PLACEMENT_3D ( 'NONE', #9795, #16, #11459 );
#8895=VERTEX_POINT ( 'NONE', #8031 );
#8896=CARTESIAN_POINT ( 'NONE',  ( 0.04036095448192913993, -0.03845646629883071183, -0.3722219404653937525 ) );
#8897=VERTEX_POINT ( 'NONE', #9624 );
#8898=CARTESIAN_POINT ( 'NONE',  ( -0.09162554492729997613, 0.08827839048489910523, -0.1792228479558081178 ) );
#8899=VERTEX_POINT ( 'NONE', #8006 );
#8900=VERTEX_POINT ( 'NONE', #4525 );
#8901=LINE ( 'NONE', #11336, #58 );
#8902=CARTESIAN_POINT ( 'NONE',  ( 0.05019685039370079538, 0.01574803149606836608, -0.4895836562555795912 ) );
#8903=EDGE_CURVE ( 'NONE', #9380, #7842, #8738, .T. );
#8904=EDGE_CURVE ( 'NONE', #7132, #10767, #1282, .T. );
#8905=LINE ( 'NONE', #7937, #863 );
#8906=CIRCLE ( 'NONE', #5016, 0.009842519685039378616 );
#8907=VERTEX_POINT ( 'NONE', #7298 );
#8908=CARTESIAN_POINT ( 'NONE',  ( 0.02360424534363157745, -0.1299212598425196763, -0.1387121822160482243 ) );
#8909=ORIENTED_EDGE ( 'NONE', *, *, #2527, .F. );
#8910=DIRECTION ( 'NONE',  ( 0.000000000000000000, 0.2425356250408863823, 0.9701425001441935647 ) );
#8911=EDGE_LOOP ( 'NONE', ( #8285, #118, #10025, #2671, #5537, #10731 ) );
#8912=ORIENTED_EDGE ( 'NONE', *, *, #9223, .F. );
#8913=CARTESIAN_POINT ( 'NONE',  ( 0.06201888168956358471, -0.03009481290170866463, -0.5026817460161693285 ) );
#8914=LINE ( 'NONE', #6435, #293 );
#8915=EDGE_CURVE ( 'NONE', #7429, #11579, #10683, .T. );
#8916=ORIENTED_EDGE ( 'NONE', *, *, #8915, .T. );
#8917=VERTEX_POINT ( 'NONE', #5306 );
#8918=CARTESIAN_POINT ( 'NONE',  ( 0.09055118110228345396, 0.09842519685039370636, -0.01574803149606299191 ) );
#8919=CARTESIAN_POINT ( 'NONE',  ( -0.1024288067863614177, 0.08645331209764384184, -0.1772077132656887377 ) );
#8920=PLANE ( 'NONE',  #1542 );
#8921=ADVANCED_FACE ( 'NONE', ( #3627 ), #8857, .T. );
#8922=EDGE_CURVE ( 'NONE', #176, #1738, #9231, .T. );
#8923=PLANE ( 'NONE',  #6113 );
#8924=EDGE_LOOP ( 'NONE', ( #5552, #10590, #2488, #9499 ) );
#8925=CARTESIAN_POINT ( 'NONE',  ( 0.05019685039370079538, -0.07677165354330708902, -0.4606299212598425341 ) );
#8926=ORIENTED_EDGE ( 'NONE', *, *, #9954, .T. );
#8927=ORIENTED_EDGE ( 'NONE', *, *, #3544, .F. );
#8928=CARTESIAN_POINT ( 'NONE',  ( 0.1005178698235452833, -0.03498782949329436870, -0.06988188976377952832 ) );
#8929=CARTESIAN_POINT ( 'NONE',  ( 0.09923452017295275596, 0.08884282831200787656, -0.04944774463090551020 ) );
#8930=CARTESIAN_POINT ( 'NONE',  ( -0.09147943033094486920, -0.04282807660909448977, -0.1820918337692913336 ) );
#8931=ADVANCED_FACE ( 'NONE', ( #3926, #10933 ), #2897, .T. );
#8932=ORIENTED_EDGE ( 'NONE', *, *, #3874, .T. );
#8933=ORIENTED_EDGE ( 'NONE', *, *, #1912, .T. );
#8934=EDGE_CURVE ( 'NONE', #9385, #10208, #11435, .T. );
#8935=CARTESIAN_POINT ( 'NONE',  ( 0.1023622047244094474, -0.06889763779527559306, -0.1240157480314960647 ) );
#8936=CARTESIAN_POINT ( 'NONE',  ( 0.1023622047244094474, 0.06692913385826770867, -0.1240157480314960647 ) );
#8937=CIRCLE ( 'NONE', #5968, 0.009842519685039378616 );
#8938=CARTESIAN_POINT ( 'NONE',  ( -0.1023622047244094474, 0.04094488188976377896, -0.1417322834645669272 ) );
#8939=DIRECTION ( 'NONE',  ( 0.1140538566600028392, 0.000000000000000000, 0.9934745682607982742 ) );
#8940=CARTESIAN_POINT ( 'NONE',  ( 0.06347779027135373731, -0.03369183436973263723, -0.4110035982287117973 ) );
#8941=ORIENTED_EDGE ( 'NONE', *, *, #7740, .F. );
#8942=ORIENTED_EDGE ( 'NONE', *, *, #8450, .F. );
#8943=ORIENTED_EDGE ( 'NONE', *, *, #8844, .F. );
#8944=VECTOR ( 'NONE', #4368, 39.37007874015748143 );
#8945=CARTESIAN_POINT ( 'NONE',  ( 0.09251963809338582811, 0.08660084360031056194, -0.09050533351353667877 ) );
#8946=CARTESIAN_POINT ( 'NONE',  ( -0.1181102362204724532, 0.000000000000000000, -0.08070866141732284393 ) );
#8947=CARTESIAN_POINT ( 'NONE',  ( 0.02721304011578735971, -0.1275040290269014442, -0.1979520222315212796 ) );
#8948=ADVANCED_FACE ( 'NONE', ( #9290 ), #3059, .T. );
#8949=EDGE_CURVE ( 'NONE', #3211, #3275, #7728, .T. );
#8950=VERTEX_POINT ( 'NONE', #3799 );
#8951=CIRCLE ( 'NONE', #6370, 0.002604078714206251120 );
#8952=VERTEX_POINT ( 'NONE', #4642 );
#8953=CARTESIAN_POINT ( 'NONE',  ( 0.05118110236220472370, -0.07874015748031495954, -0.5708661417322835607 ) );
#8954=VERTEX_POINT ( 'NONE', #5645 );
#8955=ORIENTED_EDGE ( 'NONE', *, *, #9426, .T. );
#8956=LINE ( 'NONE', #5188, #6842 );
#8957=ADVANCED_FACE ( 'NONE', ( #9175 ), #8223, .F. );
#8958=CARTESIAN_POINT ( 'NONE',  ( 0.03740157480314960925, 0.06102362204724409711, -0.4370078740157480879 ) );
#8959=AXIS2_PLACEMENT_3D ( 'NONE', #8447, #166, #73 );
#8960=CARTESIAN_POINT ( 'NONE',  ( -0.1771653543307086520, -0.09744094488188977110, -0.1633858267716535584 ) );
#8961=ADVANCED_FACE ( 'NONE', ( #5587 ), #7395, .T. );
#8962=CARTESIAN_POINT ( 'NONE',  ( 0.08070866141732284393, 0.000000000000000000, -0.4586614173228346636 ) );
#8963=ORIENTED_EDGE ( 'NONE', *, *, #1054, .F. );
#8964=PLANE ( 'NONE',  #266 );
#8965=VERTEX_POINT ( 'NONE', #4769 );
#8966=CARTESIAN_POINT ( 'NONE',  ( 0.08397637795275590678, -0.06102362204724409711, -0.5781102362204724177 ) );
#8967=ORIENTED_EDGE ( 'NONE', *, *, #4504, .F. );
#8968=CARTESIAN_POINT ( 'NONE',  ( 0.05118110236220472370, -0.06102362204724409711, -0.3897637795275590844 ) );
#8969=VERTEX_POINT ( 'NONE', #7645 );
#8970=EDGE_CURVE ( 'NONE', #10096, #10955, #499, .T. );
#8971=CYLINDRICAL_SURFACE ( 'NONE', #4096, 0.009842519684998017604 );
#8972=CARTESIAN_POINT ( 'NONE',  ( 0.05084318625463737917, 0.04359261040125469999, -0.06968503937007883287 ) );
#8973=ORIENTED_EDGE ( 'NONE', *, *, #3078, .F. );
#8974=ORIENTED_EDGE ( 'NONE', *, *, #3057, .T. );
#8975=CARTESIAN_POINT ( 'NONE',  ( 0.09251968583645081567, -0.04318681132258023886, -0.08569699393849053437 ) );
#8976=CARTESIAN_POINT ( 'NONE',  ( 0.05847248747177165307, 0.03264629614616929021, -0.4209154254015748386 ) );
#8977=CARTESIAN_POINT ( 'NONE',  ( -0.0009842519685039369942, -0.06102362204724409711, -0.4370078740157480879 ) );
#8978=ORIENTED_EDGE ( 'NONE', *, *, #3412, .T. );
#8979=ADVANCED_FACE ( 'NONE', ( #8681 ), #10350, .F. );
#8980=CARTESIAN_POINT ( 'NONE',  ( -0.07578740157480315376, 0.09842519685039370636, -0.2539370078740157410 ) );
#8981=ORIENTED_EDGE ( 'NONE', *, *, #4428, .T. );
#8982=ORIENTED_EDGE ( 'NONE', *, *, #9137, .T. );
#8983=PLANE ( 'NONE',  #318 );
#8984=CARTESIAN_POINT ( 'NONE',  ( 0.1035048215021653617, 0.08683554430370080124, -0.04924797332755905671 ) );
#8985=EDGE_CURVE ( 'NONE', #11175, #8544, #3130, .T. );
#8986=ADVANCED_FACE ( 'NONE', ( #10246 ), #7579, .T. );
#8987=CARTESIAN_POINT ( 'NONE',  ( -0.1033175356727165234, -0.04153955418681102435, -0.1820854397916929213 ) );
#8988=ORIENTED_EDGE ( 'NONE', *, *, #4800, .T. );
#8989=EDGE_CURVE ( 'NONE', #7820, #7291, #238, .T. );
#8990=ORIENTED_EDGE ( 'NONE', *, *, #5547, .F. );
#8991=DIRECTION ( 'NONE',  ( -1.934213705154364305E-13, -0.06279051974991793628, -0.9980267284143924389 ) );
#8992=LINE ( 'NONE', #7139, #1258 );
#8993=EDGE_LOOP ( 'NONE', ( #10068, #4333, #3014, #11695 ) );
#8994=EDGE_CURVE ( 'NONE', #10145, #9647, #5075, .T. );
#8995=VERTEX_POINT ( 'NONE', #6773 );
#8996=EDGE_CURVE ( 'NONE', #11031, #9680, #2149, .T. );
#8997=EDGE_LOOP ( 'NONE', ( #1156, #9375, #8643, #9208 ) );
#8998=LINE ( 'NONE', #793, #24 );
#8999=CARTESIAN_POINT ( 'NONE',  ( 0.09242120916116260132, 0.08657618392733607005, -0.09051231083076750894 ) );
#9000=CARTESIAN_POINT ( 'NONE',  ( -0.02952755905511811330, 0.07086614173228346358, -0.2490157480314960647 ) );
#9001=EDGE_CURVE ( 'NONE', #10941, #4404, #59, .T. );
#9002=LINE ( 'NONE', #10510, #11 );
#9003=CARTESIAN_POINT ( 'NONE',  ( 0.09448818897637795144, 0.06003937007874016185, -0.5590551181102362266 ) );
#9004=ORIENTED_EDGE ( 'NONE', *, *, #11134, .T. );
#9005=EDGE_CURVE ( 'NONE', #3315, #8969, #2207, .T. );
#9006=EDGE_CURVE ( 'NONE', #4133, #8303, #11041, .T. );
#9007=ORIENTED_EDGE ( 'NONE', *, *, #10013, .F. );
#9008=DIRECTION ( 'NONE',  ( 8.673617379884089706E-16, -3.009265538105090002E-30, 1.000000000000000000 ) );
#9009=ORIENTED_EDGE ( 'NONE', *, *, #683, .T. );
#9010=VERTEX_POINT ( 'NONE', #6053 );
#9011=AXIS2_PLACEMENT_3D ( 'NONE', #8491, #16, #54 );
#9012=CARTESIAN_POINT ( 'NONE',  ( 0.09147943033094486920, -0.04282807660909448977, -0.08562470166377952885 ) );
#9013=CARTESIAN_POINT ( 'NONE',  ( 0.09251968503937008093, 0.05984251968503524061, -0.01377952755905511792 ) );
#9014=CARTESIAN_POINT ( 'NONE',  ( 0.06516462742574802292, -0.03375231794192126017, -0.4092746767771653915 ) );
#9015=CARTESIAN_POINT ( 'NONE',  ( -0.09148905577736221595, 0.06692913385826770867, -0.1407016542025590622 ) );
#9016=ADVANCED_FACE ( 'NONE', ( #1397 ), #4161, .T. );
#9017=AXIS2_PLACEMENT_3D ( 'NONE', #11569, #16, #47 );
#9018=EDGE_LOOP ( 'NONE', ( #4139, #4358, #6524, #2867, #10157, #3454, #9255, #1939 ) );
#9019=ORIENTED_EDGE ( 'NONE', *, *, #8970, .F. );
#9020=ORIENTED_EDGE ( 'NONE', *, *, #4775, .T. );
#9021=LINE ( 'NONE', #8968, #188 );
#9022=VERTEX_POINT ( 'NONE', #9398 );
#9023=LINE ( 'NONE', #2903, #6187 );
#9024=EDGE_CURVE ( 'NONE', #10374, #8895, #10689, .T. );
#9025=ORIENTED_EDGE ( 'NONE', *, *, #2053, .F. );
#9026=VERTEX_POINT ( 'NONE', #8621 );
#9027=CARTESIAN_POINT ( 'NONE',  ( 0.06347775175038543327, 0.03369183436978858553, -0.4110036186110960776 ) );
#9028=CARTESIAN_POINT ( 'NONE',  ( -0.09580060352830709058, 0.08650753221610180121, -0.1772042246095316687 ) );
#9029=CARTESIAN_POINT ( 'NONE',  ( 8.252842555069547084E-64, -0.09842519685039370636, -0.1377952755905511861 ) );
#9030=EDGE_CURVE ( 'NONE', #9669, #9544, #1465, .T. );
#9031=CARTESIAN_POINT ( 'NONE',  ( -0.09069268050769839495, 0.08858267716535692116, -0.2134768354787357769 ) );
#9032=ORIENTED_EDGE ( 'NONE', *, *, #10137, .F. );
#9033=ORIENTED_EDGE ( 'NONE', *, *, #6746, .F. );
#9034=ORIENTED_EDGE ( 'NONE', *, *, #5210, .T. );
#9035=ADVANCED_FACE ( 'NONE', ( #6712 ), #7755, .F. );
#9036=CARTESIAN_POINT ( 'NONE',  ( 0.08956692913385827515, 0.05984251968503937619, -0.1259842519685039353 ) );
#9037=CARTESIAN_POINT ( 'NONE',  ( 0.03602953783016453471, 0.06102362204724409711, -0.2086614173228346636 ) );
#9038=CYLINDRICAL_SURFACE ( 'NONE', #7798, 0.009842519685039369942 );
#9039=EDGE_LOOP ( 'NONE', ( #6616, #1335, #4886, #3878 ) );
#9040=ORIENTED_EDGE ( 'NONE', *, *, #9534, .T. );
#9041=EDGE_CURVE ( 'NONE', #8058, #11228, #8570, .T. );
#9042=DIRECTION ( 'NONE',  ( -1.934213705154212086E-13, 0.06279051974991217699, 0.9980267284143927720 ) );
#9043=ORIENTED_EDGE ( 'NONE', *, *, #6724, .T. );
#9044=ORIENTED_EDGE ( 'NONE', *, *, #5106, .F. );
#9045=ORIENTED_EDGE ( 'NONE', *, *, #3523, .F. );
#9046=CARTESIAN_POINT ( 'NONE',  ( 0.1024619445372541293, 0.08661417317665592863, -0.09050184485488071973 ) );
#9047=FACE_OUTER_BOUND ( 'NONE', #7880, .T. );
#9048=EDGE_CURVE ( 'NONE', #6624, #10156, #2237, .T. );
#9049=CARTESIAN_POINT ( 'NONE',  ( 0.02702809808006245013, -0.1299539998025974474, -0.1388451817342901684 ) );
#9050=LINE ( 'NONE', #7099, #24 );
#9051=ORIENTED_EDGE ( 'NONE', *, *, #804, .T. );
#9052=ADVANCED_FACE ( 'NONE', ( #7210 ), #2514, .T. );
#9053=EDGE_CURVE ( 'NONE', #7046, #9894, #6996, .T. );
#9054=ORIENTED_EDGE ( 'NONE', *, *, #10447, .T. );
#9055=ORIENTED_EDGE ( 'NONE', *, *, #6915, .F. );
#9056=EDGE_LOOP ( 'NONE', ( #10057, #3709, #7853, #2701 ) );
#9057=CARTESIAN_POINT ( 'NONE',  ( 0.1023622047244094474, -0.04232283464566929249, -0.09055118110236221041 ) );
#9058=CARTESIAN_POINT ( 'NONE',  ( 0.09942625283011811976, -0.04291898869444882303, -0.08566574808287401310 ) );
#9059=EDGE_CURVE ( 'NONE', #7657, #4164, #11386, .T. );
#9060=EDGE_CURVE ( 'NONE', #5840, #4025, #1032, .T. );
#9061=LINE ( 'NONE', #4045, #1317 );
#9062=B_SPLINE_CURVE_WITH_KNOTS ( 'NONE', 3,( #6535, #1974, #10815, #5597 ),.UNSPECIFIED., .F., .F.,( 4, 4 ),( 2.864950440473283076E-16, 0.0002750904808972200188 ),.UNSPECIFIED. );
#9063=ORIENTED_EDGE ( 'NONE', *, *, #9917, .F. );
#9064=ORIENTED_EDGE ( 'NONE', *, *, #7987, .F. );
#9065=CARTESIAN_POINT ( 'NONE',  ( 0.07578740157480315376, 0.09842519685039370636, -0.01377952755905511792 ) );
#9066=ORIENTED_EDGE ( 'NONE', *, *, #8623, .F. );
#9067=ORIENTED_EDGE ( 'NONE', *, *, #3999, .F. );
#9068=CARTESIAN_POINT ( 'NONE',  ( -0.08956692913385827515, 0.07677165354330708902, -0.4330708661417322913 ) );
#9069=PLANE ( 'NONE',  #4476 );
#9070=CARTESIAN_POINT ( 'NONE',  ( -0.08970629198187478337, 0.09350393700787401619, -0.2086614173228346636 ) );
#9071=CARTESIAN_POINT ( 'NONE',  ( -0.1023622047244094474, 0.06692913385826770867, -0.1437007874015747977 ) );
#9072=EDGE_LOOP ( 'NONE', ( #6631, #335, #1180, #579, #3149, #720 ) );
#9073=ORIENTED_EDGE ( 'NONE', *, *, #1365, .T. );
#9074=CARTESIAN_POINT ( 'NONE',  ( 0.1023622047244094474, 0.08661417312125985202, -0.06988188976377952832 ) );
#9075=CARTESIAN_POINT ( 'NONE',  ( -0.09238105274931221467, 0.08708381974697440575, -0.1774005002870854553 ) );
#9076=CARTESIAN_POINT ( 'NONE',  ( 0.1673228346456692994, -0.1023622047244094474, -0.1141732283464566844 ) );
#9077=ORIENTED_EDGE ( 'NONE', *, *, #5228, .F. );
#9078=ORIENTED_EDGE ( 'NONE', *, *, #223, .F. );
#9079=ORIENTED_EDGE ( 'NONE', *, *, #2203, .T. );
#9080=CARTESIAN_POINT ( 'NONE',  ( 0.09088590868897790387, 0.08857208400583992114, -0.05341818060696910259 ) );
#9081=AXIS2_PLACEMENT_3D ( 'NONE', #5827, #3190, #9446 );
#9082=CARTESIAN_POINT ( 'NONE',  ( -0.09934507399574804554, -0.04166849109204724677, -0.1820792254113779707 ) );
#9083=ORIENTED_EDGE ( 'NONE', *, *, #1159, .F. );
#9084=VERTEX_POINT ( 'NONE', #6350 );
#9085=EDGE_CURVE ( 'NONE', #7492, #7035, #2650, .T. );
#9086=LINE ( 'NONE', #975, #728 );
#9087=CARTESIAN_POINT ( 'NONE',  ( -0.09174901354341102877, 0.09842519685041974109, -0.2138161001087951762 ) );
#9088=CARTESIAN_POINT ( 'NONE',  ( -0.05137688055471745230, 0.02381659075253363816, -0.2048201263204552647 ) );
#9089=CIRCLE ( 'NONE', #897, 0.09842519685039370636 );
#9090=FACE_OUTER_BOUND ( 'NONE', #10053, .T. );
#9091=EDGE_LOOP ( 'NONE', ( #10897, #8513, #8005, #7724 ) );
#9092=VERTEX_POINT ( 'NONE', #617 );
#9093=ORIENTED_EDGE ( 'NONE', *, *, #7661, .T. );
#9094=VERTEX_POINT ( 'NONE', #2702 );
#9095=EDGE_CURVE ( 'NONE', #7917, #11365, #1901, .T. );
#9096=LINE ( 'NONE', #7369, #33 );
#9097=CARTESIAN_POINT ( 'NONE',  ( 0.1024288067967389776, 0.08653374257981834294, -0.09050533351349331068 ) );
#9098=LINE ( 'NONE', #10846, #10988 );
#9099=VERTEX_POINT ( 'NONE', #11550 );
#9100=CIRCLE ( 'NONE', #7593, 0.007874015748031482076 );
#9101=ADVANCED_FACE ( 'NONE', ( #9665 ), #379, .F. );
#9102=LINE ( 'NONE', #9671, #293 );
#9103=LINE ( 'NONE', #11659, #31 );
#9104=ORIENTED_EDGE ( 'NONE', *, *, #6610, .F. );
#9105=AXIS2_PLACEMENT_3D ( 'NONE', #992, #1254, #16 );
#9106=ORIENTED_EDGE ( 'NONE', *, *, #6246, .T. );
#9107=CARTESIAN_POINT ( 'NONE',  ( 0.05128421296527432144, 0.02434147936463558135, -0.5027901224581474704 ) );
#9108=EDGE_CURVE ( 'NONE', #9289, #1230, #9610, .T. );
#9109=ORIENTED_EDGE ( 'NONE', *, *, #4469, .F. );
#9110=CARTESIAN_POINT ( 'NONE',  ( 0.05019685039370079538, -0.04921259842519685318, -0.4685039370078740717 ) );
#9111=CARTESIAN_POINT ( 'NONE',  ( -0.04133858267716535029, 0.08464566929133858497, -0.02460629921259842659 ) );
#9112=EDGE_CURVE ( 'NONE', #4455, #774, #7989, .T. );
#9113=EDGE_CURVE ( 'NONE', #1976, #6918, #5412, .T. );
#9114=CIRCLE ( 'NONE', #10551, 0.009842519684998017604 );
#9115=AXIS2_PLACEMENT_3D ( 'NONE', #1268, #849, #73 );
#9116=CIRCLE ( 'NONE', #314, 0.009842519685039378616 );
#9117=FACE_OUTER_BOUND ( 'NONE', #4682, .T. );
#9118=CARTESIAN_POINT ( 'NONE',  ( -0.09158181036437007538, 0.08858267716535432601, -0.2541338582677165614 ) );
#9119=ORIENTED_EDGE ( 'NONE', *, *, #9060, .T. );
#9120=CARTESIAN_POINT ( 'NONE',  ( 0.04232283464566929249, 0.01574803149606307517, -0.4999999999999999445 ) );
#9121=ORIENTED_EDGE ( 'NONE', *, *, #10789, .T. );
#9122=EDGE_CURVE ( 'NONE', #3815, #5486, #2303, .T. );
#9123=VERTEX_POINT ( 'NONE', #555 );
#9124=CARTESIAN_POINT ( 'NONE',  ( 0.05084318625463535302, 0.04359261040125988335, -0.06968503937007876348 ) );
#9125=ORIENTED_EDGE ( 'NONE', *, *, #7309, .T. );
#9126=LINE ( 'NONE', #2030, #293 );
#9127=CARTESIAN_POINT ( 'NONE',  ( 0.09744094488188977110, 0.04639612356149464684, -0.01938219261053208617 ) );
#9128=CARTESIAN_POINT ( 'NONE',  ( 0.05118110236220472370, 0.06102362204724409711, -0.5039370078740157410 ) );
#9129=ORIENTED_EDGE ( 'NONE', *, *, #665, .F. );
#9130=VERTEX_POINT ( 'NONE', #5756 );
#9131=CARTESIAN_POINT ( 'NONE',  ( 0.09551881823838581642, -0.05511811023622047168, -0.2153543307086614178 ) );
#9132=CARTESIAN_POINT ( 'NONE',  ( -0.1024619445216878033, 0.08645286330650372997, -0.1772077132656887377 ) );
#9133=CARTESIAN_POINT ( 'NONE',  ( 0.06115790924811023710, 0.03375231824076772164, -0.4115879383192913576 ) );
#9134=LINE ( 'NONE', #7471, #58 );
#9135=CARTESIAN_POINT ( 'NONE',  ( 0.09448818897637795144, 0.07677165354330708902, -0.4291338582677165503 ) );
#9136=ORIENTED_EDGE ( 'NONE', *, *, #10670, .T. );
#9137=EDGE_CURVE ( 'NONE', #1118, #4242, #4696, .T. );
#9138=CARTESIAN_POINT ( 'NONE',  ( 0.05019685039366818952, 0.02892200975153733089, -0.4969242936821883783 ) );
#9139=EDGE_CURVE ( 'NONE', #1919, #1976, #7504, .T. );
#9140=VERTEX_POINT ( 'NONE', #1824 );
#9141=VERTEX_POINT ( 'NONE', #8154 );
#9142=CARTESIAN_POINT ( 'NONE',  ( -0.04133858267716535029, 0.07086614173228346358, -0.2490157480314960647 ) );
#9143=CIRCLE ( 'NONE', #2083, 0.009842519685039378616 );
#9144=CARTESIAN_POINT ( 'NONE',  ( -0.09942463343043307644, -0.04342868497677165179, -0.1819674278211811103 ) );
#9145=VERTEX_POINT ( 'NONE', #10859 );
#9146=ORIENTED_EDGE ( 'NONE', *, *, #9537, .T. );
#9147=CARTESIAN_POINT ( 'NONE',  ( 0.000000000000000000, -0.1023622047244094474, -0.6377952755905511584 ) );
#9148=FACE_OUTER_BOUND ( 'NONE', #10248, .T. );
#9149=ORIENTED_EDGE ( 'NONE', *, *, #11053, .F. );
#9150=ORIENTED_EDGE ( 'NONE', *, *, #2187, .F. );
#9151=ORIENTED_EDGE ( 'NONE', *, *, #602, .T. );
#9152=ORIENTED_EDGE ( 'NONE', *, *, #6849, .T. );
#9153=CARTESIAN_POINT ( 'NONE',  ( -0.03908312716816657317, 0.07347001562998503599, -0.2184546000385685360 ) );
#9154=CARTESIAN_POINT ( 'NONE',  ( 0.1024619445372541293, 0.08653351818398147266, -0.09050533351349288047 ) );
#9155=CARTESIAN_POINT ( 'NONE',  ( 0.07578740157480315376, 0.008858267716535432948, -0.1259842519685039353 ) );
#9156=VERTEX_POINT ( 'NONE', #2999 );
#9157=ORIENTED_EDGE ( 'NONE', *, *, #8062, .T. );
#9158=CARTESIAN_POINT ( 'NONE',  ( 0.04429133858268109736, 0.07874015748031495954, -0.4370078740157480879 ) );
#9159=EDGE_CURVE ( 'NONE', #8969, #305, #9892, .T. );
#9160=CARTESIAN_POINT ( 'NONE',  ( -0.09251968503937008093, 0.06692913385826770867, -0.2529527559055118058 ) );
#9161=FACE_OUTER_BOUND ( 'NONE', #5139, .T. );
#9162=ORIENTED_EDGE ( 'NONE', *, *, #6732, .F. );
#9163=CARTESIAN_POINT ( 'NONE',  ( 0.09538482310409450438, -0.04194922546173227712, -0.05411844891649606609 ) );
#9164=EDGE_CURVE ( 'NONE', #7519, #857, #1305, .T. );
#9165=VERTEX_POINT ( 'NONE', #1062 );
#9166=PLANE ( 'NONE',  #3083 );
#9167=CYLINDRICAL_SURFACE ( 'NONE', #7438, 0.009842519685039369942 );
#9168=ORIENTED_EDGE ( 'NONE', *, *, #3736, .F. );
#9169=CARTESIAN_POINT ( 'NONE',  ( 0.09544291066236221255, -0.04261128001472441057, -0.08562468418921259650 ) );
#9170=LINE ( 'NONE', #945, #33 );
#9171=ADVANCED_FACE ( 'NONE', ( #1888 ), #10796, .T. );
#9172=PLANE ( 'NONE',  #5926 );
#9173=EDGE_LOOP ( 'NONE', ( #2541, #2991, #6436, #5794, #8018, #11523, #1310, #7610, #11164, #2153, #10375 ) );
#9174=EDGE_CURVE ( 'NONE', #5400, #9022, #3671, .T. );
#9175=FACE_OUTER_BOUND ( 'NONE', #11156, .T. );
#9176=EDGE_LOOP ( 'NONE', ( #65, #4891, #8927, #11167 ) );
#9177=CARTESIAN_POINT ( 'NONE',  ( 0.09448818897637795144, -0.08464566929133858497, -0.4940944881889763884 ) );
#9178=VERTEX_POINT ( 'NONE', #4757 );
#9179=ORIENTED_EDGE ( 'NONE', *, *, #6165, .T. );
#9180=CARTESIAN_POINT ( 'NONE',  ( 0.08267716535433070058, -0.001476377952736228306, -0.2185039370078740439 ) );
#9181=CARTESIAN_POINT ( 'NONE',  ( 0.08267716535433070058, 0.000000000000000000, 0.09842519685039370636 ) );
#9182=LINE ( 'NONE', #6781, #11048 );
#9183=ORIENTED_EDGE ( 'NONE', *, *, #10138, .T. );
#9184=CARTESIAN_POINT ( 'NONE',  ( -0.04133858267716535029, 0.07086614173228346358, -0.2273622047244094335 ) );
#9185=EDGE_CURVE ( 'NONE', #7253, #519, #7509, .T. );
#9186=CARTESIAN_POINT ( 'NONE',  ( 0.08267716535433070058, 0.03992663606433417833, -0.5203032566015299842 ) );
#9187=VECTOR ( 'NONE', #8530, 39.37007874015748854 );
#9188=ADVANCED_FACE ( 'NONE', ( #10113 ), #2761, .F. );
#9189=EDGE_CURVE ( 'NONE', #3215, #8430, #11257, .T. );
#9190=LINE ( 'NONE', #5719, #31 );
#9191=VERTEX_POINT ( 'NONE', #5518 );
#9192=CARTESIAN_POINT ( 'NONE',  ( 0.05120762430348733962, 0.01574803149606774158, -0.4908216825579466147 ) );
#9193=ORIENTED_EDGE ( 'NONE', *, *, #814, .T. );
#9194=ORIENTED_EDGE ( 'NONE', *, *, #9095, .T. );
#9195=CARTESIAN_POINT ( 'NONE',  ( 0.05118110236220472370, 0.06102362204724409711, -0.5708661417322835607 ) );
#9196=LINE ( 'NONE', #5726, #58 );
#9197=CARTESIAN_POINT ( 'NONE',  ( 0.03838582677165354451, 0.01574803149606299191, -0.5000000000000000000 ) );
#9198=ORIENTED_EDGE ( 'NONE', *, *, #5547, .T. );
#9199=VERTEX_POINT ( 'NONE', #4820 );
#9200=FACE_OUTER_BOUND ( 'NONE', #10489, .T. );
#9201=CARTESIAN_POINT ( 'NONE',  ( -0.09599456747176320082, 0.09720211550665794342, -0.2160498985013985240 ) );
#9202=AXIS2_PLACEMENT_3D ( 'NONE', #9003, #73, #54 );
#9203=EDGE_CURVE ( 'NONE', #10225, #8432, #10058, .T. );
#9204=EDGE_CURVE ( 'NONE', #4705, #519, #10217, .T. );
#9205=LINE ( 'NONE', #3954, #11 );
#9206=VERTEX_POINT ( 'NONE', #8391 );
#9207=VERTEX_POINT ( 'NONE', #8274 );
#9208=ORIENTED_EDGE ( 'NONE', *, *, #4323, .F. );
#9209=ORIENTED_EDGE ( 'NONE', *, *, #1365, .F. );
#9210=CIRCLE ( 'NONE', #1449, 0.01968503937007873988 );
#9211=LINE ( 'NONE', #2986, #24 );
#9212=ORIENTED_EDGE ( 'NONE', *, *, #1274, .F. );
#9213=ORIENTED_EDGE ( 'NONE', *, *, #11493, .F. );
#9214=ADVANCED_FACE ( 'NONE', ( #11721 ), #9166, .T. );
#9215=LINE ( 'NONE', #4690, #311 );
#9216=CARTESIAN_POINT ( 'NONE',  ( 0.09539608372748031861, -0.04205758305314959838, -0.05412647912759843000 ) );
#9217=ORIENTED_EDGE ( 'NONE', *, *, #6872, .T. );
#9218=CARTESIAN_POINT ( 'NONE',  ( 0.05146525331735086334, 0.02422600389150878289, -0.5023088547218954592 ) );
#9219=CARTESIAN_POINT ( 'NONE',  ( -0.08970629198188975750, 0.09842519685039370636, -0.1978346456692913480 ) );
#9220=CARTESIAN_POINT ( 'NONE',  ( 0.1023622047244094474, 0.04639612356148622302, -0.01938219261053748463 ) );
#9221=ORIENTED_EDGE ( 'NONE', *, *, #2836, .T. );
#9222=AXIS2_PLACEMENT_3D ( 'NONE', #11200, #166, #73 );
#9223=EDGE_CURVE ( 'NONE', #8487, #11389, #7565, .T. );
#9224=CARTESIAN_POINT ( 'NONE',  ( -0.09055118110221475891, 0.09842519685039370636, -0.1830181574878705919 ) );
#9225=CARTESIAN_POINT ( 'NONE',  ( 0.1033464566929133965, -0.08429133858267717772, -0.01274889829705511991 ) );
#9226=ADVANCED_FACE ( 'NONE', ( #2378 ), #5985, .F. );
#9227=AXIS2_PLACEMENT_3D ( 'NONE', #2506, #47, #98 );
#9228=AXIS2_PLACEMENT_3D ( 'NONE', #3039, #4801, #6683 );
#9229=CARTESIAN_POINT ( 'NONE',  ( 0.03837352134335944576, -0.02008816672573135800, -0.4923769780964674658 ) );
#9230=ORIENTED_EDGE ( 'NONE', *, *, #6951, .T. );
#9231=LINE ( 'NONE', #1145, #11 );
#9232=VERTEX_POINT ( 'NONE', #6867 );
#9233=CARTESIAN_POINT ( 'NONE',  ( 0.09551881823838581642, -0.01898569749809055074, -0.5492125984251968740 ) );
#9234=ORIENTED_EDGE ( 'NONE', *, *, #7033, .T. );
#9235=ORIENTED_EDGE ( 'NONE', *, *, #8094, .F. );
#9236=EDGE_CURVE ( 'NONE', #10641, #5157, #3268, .T. );
#9237=CARTESIAN_POINT ( 'NONE',  ( -0.02952755905511811330, 0.01082677165354330867, -0.02460629921259842659 ) );
#9238=CARTESIAN_POINT ( 'NONE',  ( 0.1023622047244094474, 2.134256245050204869E-18, -0.04921259842519685318 ) );
#9239=LINE ( 'NONE', #1216, #1072 );
#9240=ORIENTED_EDGE ( 'NONE', *, *, #5952, .F. );
#9241=CYLINDRICAL_SURFACE ( 'NONE', #3290, 0.009842519685039378616 );
#9242=ADVANCED_FACE ( 'NONE', ( #11204 ), #7634, .F. );
#9243=FACE_OUTER_BOUND ( 'NONE', #4004, .T. );
#9244=VECTOR ( 'NONE', #9353, 39.37007874015748143 );
#9245=LINE ( 'NONE', #11059, #58 );
#9246=ORIENTED_EDGE ( 'NONE', *, *, #4044, .F. );
#9247=VECTOR ( 'NONE', #855, 39.37007874015748854 );
#9248=CARTESIAN_POINT ( 'NONE',  ( 0.05163952653596178693, 0.01574803149606739811, -0.4914947111419603054 ) );
#9249=ORIENTED_EDGE ( 'NONE', *, *, #7161, .T. );
#9250=ORIENTED_EDGE ( 'NONE', *, *, #3618, .F. );
#9251=EDGE_CURVE ( 'NONE', #5951, #6036, #357, .T. );
#9252=CARTESIAN_POINT ( 'NONE',  ( 0.04232283464566929249, -0.01574803149606299191, -0.5000000000000000000 ) );
#9253=CARTESIAN_POINT ( 'NONE',  ( 0.09580811964625984833, 0.09384162611114173214, -0.05106004152531496559 ) );
#9254=CARTESIAN_POINT ( 'NONE',  ( -0.03949908998706369578, 0.07257798048617894460, -0.2185039359867657627 ) );
#9255=ORIENTED_EDGE ( 'NONE', *, *, #10867, .T. );
#9256=ORIENTED_EDGE ( 'NONE', *, *, #2053, .T. );
#9257=CARTESIAN_POINT ( 'NONE',  ( -0.09931721161818897470, -0.04141276800110235690, -0.2136072672981889631 ) );
#9258=CIRCLE ( 'NONE', #1438, 0.009842518229685025960 );
#9259=CARTESIAN_POINT ( 'NONE',  ( -0.09096299303454194463, 0.09852493664763151138, -0.1826209987319279693 ) );
#9260=EDGE_CURVE ( 'NONE', #10071, #6594, #9789, .T. );
#9261=ADVANCED_FACE ( 'NONE', ( #1199 ), #8668, .F. );
#9262=FACE_OUTER_BOUND ( 'NONE', #4439, .T. );
#9263=CARTESIAN_POINT ( 'NONE',  ( 0.04164924535106299258, 0.03914549857356693086, -0.3639979104983465108 ) );
#9264=ORIENTED_EDGE ( 'NONE', *, *, #5745, .T. );
#9265=ORIENTED_EDGE ( 'NONE', *, *, #6553, .F. );
#9266=ORIENTED_EDGE ( 'NONE', *, *, #4452, .F. );
#9267=ORIENTED_EDGE ( 'NONE', *, *, #1218, .F. );
#9268=EDGE_CURVE ( 'NONE', #6036, #6388, #163, .T. );
#9269=PLANE ( 'NONE',  #7180 );
#9270=EDGE_CURVE ( 'NONE', #2183, #10771, #8615, .T. );
#9271=DIRECTION ( 'NONE',  ( -0.9063077870361252453, -0.4226182617418250964, -1.000359145606334357E-12 ) );
#9272=CARTESIAN_POINT ( 'NONE',  ( 0.05019685039370079538, -0.01574803149346653761, -0.4895836562555795912 ) );
#9273=EDGE_LOOP ( 'NONE', ( #2420, #10289, #9475, #8266 ) );
#9274=ORIENTED_EDGE ( 'NONE', *, *, #2227, .T. );
#9275=CARTESIAN_POINT ( 'NONE',  ( -0.09645669291338582196, 0.07874015748031495954, -0.3996062992125983815 ) );
#9276=CARTESIAN_POINT ( 'NONE',  ( 0.05497786121436457063, -0.02954760119149547545, -0.5218188531823795273 ) );
#9277=CARTESIAN_POINT ( 'NONE',  ( 0.09143222751043306173, -0.04230977573665355151, -0.05410952079795276065 ) );
#9278=ORIENTED_EDGE ( 'NONE', *, *, #8853, .T. );
#9279=CARTESIAN_POINT ( 'NONE',  ( 0.05825475693558996443, -0.03369183436974389212, -0.4137673171018210194 ) );
#9280=EDGE_CURVE ( 'NONE', #10241, #8189, #2194, .T. );
#9281=CARTESIAN_POINT ( 'NONE',  ( 0.05118110236220472370, -0.05999299278523621826, -0.4343307086614173196 ) );
#9282=EDGE_CURVE ( 'NONE', #10604, #3511, #8564, .T. );
#9283=AXIS2_PLACEMENT_3D ( 'NONE', #2344, #16, #54 );
#9284=ORIENTED_EDGE ( 'NONE', *, *, #7499, .T. );
#9285=CARTESIAN_POINT ( 'NONE',  ( 0.03838582677165354451, -0.07677165354330708902, -0.4606299212598425341 ) );
#9286=CARTESIAN_POINT ( 'NONE',  ( -0.1053613379234251968, -0.07677165354330708902, -0.02357566995059842685 ) );
#9287=CARTESIAN_POINT ( 'NONE',  ( -0.09064279604098425536, 0.09947179588413385121, -0.2127816150151574659 ) );
#9288=CARTESIAN_POINT ( 'NONE',  ( -0.09148905577736221595, 0.03207100889277165329, -0.1439507517138189086 ) );
#9289=VERTEX_POINT ( 'NONE', #3244 );
#9290=FACE_OUTER_BOUND ( 'NONE', #6031, .T. );
#9291=ORIENTED_EDGE ( 'NONE', *, *, #4994, .T. );
#9292=ORIENTED_EDGE ( 'NONE', *, *, #6109, .F. );
#9293=LINE ( 'NONE', #6548, #58 );
#9294=ADVANCED_FACE ( 'NONE', ( #11029 ), #77, .F. );
#9295=ORIENTED_EDGE ( 'NONE', *, *, #6082, .T. );
#9296=CARTESIAN_POINT ( 'NONE',  ( 0.04288685418294838764, 0.03937007874015747977, -0.3615456694624457068 ) );
#9297=LINE ( 'NONE', #8674, #24 );
#9298=CIRCLE ( 'NONE', #1127, 0.003937007874015749712 );
#9299=VECTOR ( 'NONE', #660, 39.37007874015748854 );
#9300=CARTESIAN_POINT ( 'NONE',  ( -0.1033464566929133965, 0.1020078740157480401, -0.2549676371360236060 ) );
#9301=EDGE_CURVE ( 'NONE', #9746, #9879, #8376, .T. );
#9302=CARTESIAN_POINT ( 'NONE',  ( 0.06029723278932379998, 0.02797621931298624465, -0.06968503937007866633 ) );
#9303=EDGE_LOOP ( 'NONE', ( #9838, #10364, #5478, #3963, #389 ) );
#9304=FACE_OUTER_BOUND ( 'NONE', #1201, .T. );
#9305=ADVANCED_FACE ( 'NONE', ( #3419 ), #9599, .F. );
#9306=CARTESIAN_POINT ( 'NONE',  ( 0.05019685039370079538, -0.01799467677332677526, -0.5306868013807055640 ) );
#9307=CARTESIAN_POINT ( 'NONE',  ( -0.02952755905511811330, 0.09842519685039370636, -0.02460629921259842659 ) );
#9308=VERTEX_POINT ( 'NONE', #4665 );
#9309=CARTESIAN_POINT ( 'NONE',  ( 0.08267716535433070058, 0.02930762787678740239, -0.5408194491834645845 ) );
#9310=VERTEX_POINT ( 'NONE', #8181 );
#9311=CARTESIAN_POINT ( 'NONE',  ( -0.09251968503937008093, -0.0004921259865157369883, -0.1722440944881890035 ) );
#9312=EDGE_CURVE ( 'NONE', #3812, #3778, #8836, .T. );
#9313=ORIENTED_EDGE ( 'NONE', *, *, #10732, .F. );
#9314=VECTOR ( 'NONE', #3435, 39.37007874015748143 );
#9315=CARTESIAN_POINT ( 'NONE',  ( 0.04132750049012996058, -0.01728079929723738001, -0.4973834016837943017 ) );
#9316=CARTESIAN_POINT ( 'NONE',  ( 0.09246041327472574733, 0.08709358981340330208, -0.04947071714842949525 ) );
#9317=VERTEX_POINT ( 'NONE', #11696 );
#9318=VERTEX_POINT ( 'NONE', #2503 );
#9319=LINE ( 'NONE', #8478, #3702 );
#9320=CARTESIAN_POINT ( 'NONE',  ( -0.09095955584559055340, 0.09842552344165353406, -0.1826209987319291350 ) );
#9321=EDGE_CURVE ( 'NONE', #2765, #11591, #10770, .T. );
#9322=CARTESIAN_POINT ( 'NONE',  ( 0.04107949988688976151, 0.03949397050547244492, -0.3607178598156299820 ) );
#9323=ORIENTED_EDGE ( 'NONE', *, *, #8201, .F. );
#9324=VERTEX_POINT ( 'NONE', #3762 );
#9325=ORIENTED_EDGE ( 'NONE', *, *, #5019, .T. );
#9326=ORIENTED_EDGE ( 'NONE', *, *, #10013, .T. );
#9327=ADVANCED_FACE ( 'NONE', ( #2794 ), #1514, .T. );
#9328=EDGE_CURVE ( 'NONE', #5509, #6030, #6166, .T. );
#9329=CARTESIAN_POINT ( 'NONE',  ( 0.07967803215531496508, 0.07381889763779526936, -0.4564173228346456446 ) );
#9330=ORIENTED_EDGE ( 'NONE', *, *, #8511, .T. );
#9331=ORIENTED_EDGE ( 'NONE', *, *, #1895, .F. );
#9332=CARTESIAN_POINT ( 'NONE',  ( -0.06102362204724409711, 0.000000000000000000, -0.3248031496062992463 ) );
#9333=AXIS2_PLACEMENT_3D ( 'NONE', #4466, #16, #54 );
#9334=EDGE_CURVE ( 'NONE', #5434, #6607, #1574, .T. );
#9335=CARTESIAN_POINT ( 'NONE',  ( 0.04429133858268109736, -0.07677165354330708902, -0.4606299212598425341 ) );
#9336=CARTESIAN_POINT ( 'NONE',  ( -0.09159751758894627005, -0.03914745805373511661, -0.1820866128063582667 ) );
#9337=VERTEX_POINT ( 'NONE', #8833 );
#9338=CARTESIAN_POINT ( 'NONE',  ( 0.03610340307814486477, -0.03865060656162331437, -0.3719044268710178236 ) );
#9339=CARTESIAN_POINT ( 'NONE',  ( 0.09055118110204488091, 0.09852493666323838828, -0.08469837794503937145 ) );
#9340=ORIENTED_EDGE ( 'NONE', *, *, #4059, .F. );
#9341=CARTESIAN_POINT ( 'NONE',  ( -0.1023622047244094474, 0.06692913385826770867, -0.1978346456692913480 ) );
#9342=LINE ( 'NONE', #6768, #24 );
#9343=ORIENTED_EDGE ( 'NONE', *, *, #6410, .T. );
#9344=ADVANCED_FACE ( 'NONE', ( #5545 ), #6444, .F. );
#9345=LINE ( 'NONE', #11730, #1211 );
#9346=EDGE_CURVE ( 'NONE', #6178, #8742, #9922, .T. );
#9347=VERTEX_POINT ( 'NONE', #9545 );
#9348=VERTEX_POINT ( 'NONE', #11374 );
#9349=CARTESIAN_POINT ( 'NONE',  ( 0.05118110236220472370, -0.06102362204724409711, -0.4370078740157480879 ) );
#9350=VERTEX_POINT ( 'NONE', #1451 );
#9351=ORIENTED_EDGE ( 'NONE', *, *, #6025, .F. );
#9352=CARTESIAN_POINT ( 'NONE',  ( 0.03710678508854443197, 0.03937007874015747977, -0.3627563894976572056 ) );
#9353=DIRECTION ( 'NONE',  ( -0.7831408596197191319, -0.000000000000000000, -0.6218443486871031434 ) );
#9354=FACE_OUTER_BOUND ( 'NONE', #5538, .T. );
#9355=EDGE_CURVE ( 'NONE', #7118, #11516, #10453, .T. );
#9356=CARTESIAN_POINT ( 'NONE',  ( 0.09250101010352522468, -0.04268790424519689625, -0.08562992638438464421 ) );
#9357=CARTESIAN_POINT ( 'NONE',  ( 0.09055118110236221041, 0.08661417322834646937, -0.08446247372452067581 ) );
#9358=CARTESIAN_POINT ( 'NONE',  ( 0.05137688055471045095, 0.02381659075254714819, -0.06968503937007874960 ) );
#9359=ORIENTED_EDGE ( 'NONE', *, *, #5766, .F. );
#9360=CARTESIAN_POINT ( 'NONE',  ( -0.02952755905512204765, 0.02460629921259842659, -0.1683070866141732347 ) );
#9361=ORIENTED_EDGE ( 'NONE', *, *, #7384, .T. );
#9362=CARTESIAN_POINT ( 'NONE',  ( -0.09055118110236221041, 0.09842519685039370636, -0.1437007874015747977 ) );
#9363=ORIENTED_EDGE ( 'NONE', *, *, #10926, .F. );
#9364=LINE ( 'NONE', #3359, #293 );
#9365=ORIENTED_EDGE ( 'NONE', *, *, #478, .F. );
#9366=EDGE_CURVE ( 'NONE', #11592, #501, #1091, .T. );
#9367=CARTESIAN_POINT ( 'NONE',  ( 0.03740157480313949234, 0.06102362204724409711, -0.5682250243999708017 ) );
#9368=ORIENTED_EDGE ( 'NONE', *, *, #2455, .T. );
#9369=ORIENTED_EDGE ( 'NONE', *, *, #7447, .T. );
#9370=LINE ( 'NONE', #10898, #2535 );
#9371=EDGE_CURVE ( 'NONE', #10084, #334, #72, .T. );
#9372=CARTESIAN_POINT ( 'NONE',  ( 0.04279481606531496118, 0.03878701143720866829, -0.3671702482179921567 ) );
#9373=ORIENTED_EDGE ( 'NONE', *, *, #9024, .T. );
#9374=EDGE_LOOP ( 'NONE', ( #4711, #7209, #1414, #2169 ) );
#9375=ORIENTED_EDGE ( 'NONE', *, *, #6160, .F. );
#9376=ORIENTED_EDGE ( 'NONE', *, *, #1399, .T. );
#9377=CARTESIAN_POINT ( 'NONE',  ( 0.08267716535433070058, 0.07185039370069409848, -0.4586614173226252200 ) );
#9378=EDGE_CURVE ( 'NONE', #9094, #5220, #5286, .T. );
#9379=ORIENTED_EDGE ( 'NONE', *, *, #2891, .T. );
#9380=VERTEX_POINT ( 'NONE', #7976 );
#9381=CARTESIAN_POINT ( 'NONE',  ( 0.04429133858268109736, 0.04921259842519685318, -0.4685039370078740717 ) );
#9382=CARTESIAN_POINT ( 'NONE',  ( -0.1033464566929133965, -0.09842519685039370636, -0.2854330708661417804 ) );
#9383=CARTESIAN_POINT ( 'NONE',  ( 0.07343170274575264167, -0.002307959284079026414, -0.05318621249597104556 ) );
#9384=VECTOR ( 'NONE', #3238, 39.37007874015748143 );
#9385=VERTEX_POINT ( 'NONE', #604 );
#9386=AXIS2_PLACEMENT_3D ( 'NONE', #2061, #73, #1771 );
#9387=VERTEX_POINT ( 'NONE', #7095 );
#9388=CARTESIAN_POINT ( 'NONE',  ( 0.05019685039366819646, -0.02506936761709757308, -0.5046489686942401409 ) );
#9389=LINE ( 'NONE', #6317, #1258 );
#9390=CARTESIAN_POINT ( 'NONE',  ( 0.09448818897637795144, 0.000000000000000000, -0.5492125984251968740 ) );
#9391=ORIENTED_EDGE ( 'NONE', *, *, #8169, .F. );
#9392=ADVANCED_FACE ( 'NONE', ( #4391 ), #11428, .T. );
#9393=CARTESIAN_POINT ( 'NONE',  ( 0.01820866141732362456, -0.07677165354330708902, -0.5708661417322835607 ) );
#9394=ORIENTED_EDGE ( 'NONE', *, *, #4135, .F. );
#9395=EDGE_CURVE ( 'NONE', #4705, #11384, #5409, .T. );
#9396=ADVANCED_FACE ( 'NONE', ( #6730 ), #2164, .T. );
#9397=EDGE_LOOP ( 'NONE', ( #4033, #10383, #6088, #9957 ) );
#9398=CARTESIAN_POINT ( 'NONE',  ( 0.1673228346456692994, -0.09251968503937008093, -0.07480314960629921850 ) );
#9399=ORIENTED_EDGE ( 'NONE', *, *, #2052, .F. );
#9400=ORIENTED_EDGE ( 'NONE', *, *, #10264, .T. );
#9401=ORIENTED_EDGE ( 'NONE', *, *, #8548, .T. );
#9402=ADVANCED_FACE ( 'NONE', ( #10204 ), #7603, .F. );
#9403=ADVANCED_FACE ( 'NONE', ( #4910 ), #4003, .F. );
#9404=DIRECTION ( 'NONE',  ( 0.000000000000000000, 5.854176206259400160E-16, 1.000000000000000000 ) );
#9405=CARTESIAN_POINT ( 'NONE',  ( 0.04781514651763780349, -0.03409613638220496817, -0.4192913385826771422 ) );
#9406=VERTEX_POINT ( 'NONE', #5723 );
#9407=CARTESIAN_POINT ( 'NONE',  ( 0.04232283464566929249, 0.01574803149482753920, -0.5000000000000000000 ) );
#9408=EDGE_LOOP ( 'NONE', ( #11372, #7663, #9009, #7805 ) );
#9409=ORIENTED_EDGE ( 'NONE', *, *, #11269, .T. );
#9410=CARTESIAN_POINT ( 'NONE',  ( -1.067128122525102435E-18, -0.08070866141732284393, -0.5826771653543307838 ) );
#9411=ORIENTED_EDGE ( 'NONE', *, *, #11375, .T. );
#9412=EDGE_CURVE ( 'NONE', #5285, #147, #2970, .T. );
#9413=CARTESIAN_POINT ( 'NONE',  ( -0.09153543307086613179, 0.08661417322834646937, -0.2273622047244094335 ) );
#9414=LINE ( 'NONE', #8588, #1475 );
#9415=ORIENTED_EDGE ( 'NONE', *, *, #9747, .F. );
#9416=EDGE_LOOP ( 'NONE', ( #3597, #8265, #6560, #8507, #4606, #1645 ) );
#9417=CARTESIAN_POINT ( 'NONE',  ( -0.09539608372748031861, -0.04205758305322834789, -0.2135900563054724532 ) );
#9418=VECTOR ( 'NONE', #11675, 39.37007874015748143 );
#9419=LINE ( 'NONE', #9526, #728 );
#9420=CARTESIAN_POINT ( 'NONE',  ( 0.1003937007874015908, -0.1023622047244094474, -0.4350393700787402174 ) );
#9421=VERTEX_POINT ( 'NONE', #11064 );
#9422=ORIENTED_EDGE ( 'NONE', *, *, #10081, .T. );
#9423=VERTEX_POINT ( 'NONE', #10144 );
#9424=VERTEX_POINT ( 'NONE', #3086 );
#9425=CYLINDRICAL_SURFACE ( 'NONE', #3228, 0.009842519684997913521 );
#9426=EDGE_CURVE ( 'NONE', #6962, #9777, #6345, .T. );
#9427=CARTESIAN_POINT ( 'NONE',  ( 0.09055118110236221041, 0.09842519685039370636, -0.1240157480314960647 ) );
#9428=ORIENTED_EDGE ( 'NONE', *, *, #9282, .T. );
#9429=VERTEX_POINT ( 'NONE', #66 );
#9430=CARTESIAN_POINT ( 'NONE',  ( -0.09547244094488190058, 0.06443037554055118521, -0.4125020694704724655 ) );
#9431=LINE ( 'NONE', #6206, #8218 );
#9432=DIRECTION ( 'NONE',  ( -0.1115615062482034625, -0.2079116908132676023, -0.9717647653351093595 ) );
#9433=VERTEX_POINT ( 'NONE', #2134 );
#9434=CARTESIAN_POINT ( 'NONE',  ( 0.05019685039370079538, 0.06496062992125983815, -0.4488188976377953110 ) );
#9435=EDGE_LOOP ( 'NONE', ( #3011, #6086, #11307, #4273, #3840, #3822, #4399, #6243 ) );
#9436=CARTESIAN_POINT ( 'NONE',  ( 0.05019685039366818952, -0.02438014916178323985, -0.4895836562494848554 ) );
#9437=PLANE ( 'NONE',  #8327 );
#9438=ADVANCED_FACE ( 'NONE', ( #10036 ), #1922, .F. );
#9439=CARTESIAN_POINT ( 'NONE',  ( 0.09448818897637795144, 0.08169291338590019269, -0.4507874015748575269 ) );
#9440=CARTESIAN_POINT ( 'NONE',  ( -0.09535062542629922644, 0.08559768225944881792, -0.2185067056161417443 ) );
#9441=EDGE_CURVE ( 'NONE', #5951, #7547, #2106, .T. );
#9442=DIRECTION ( 'NONE',  ( 0.4651306830475763210, -0.1046847845178554559, -0.8790304565702744544 ) );
#9443=B_SPLINE_SURFACE_WITH_KNOTS ( 'NONE', 3, 3, (( #3218, #142, #10958, #4979, #5846, #10319, #2295, #6628, #10091, #7612 ),( #9259, #8424, #3953, #9320, #7544, #11010, #2115, #4919, #8480, #200 ),( #3094, #10209, #5318, #11410, #9578, #8763, #525, #8869, #2357, #4313 ),( #1550, #5152, #9523, #6146, #7900, #10433, #3512, #8646, #7783, #3455 ),( #9689, #393, #4186, #11353, #1427, #7952, #10377, #10485, #7845, #8709 ),( #8015, #8818, #4367, #6023, #6967, #2478, #461, #2544, #9634, #647 ),( #2601, #5266, #581, #7074, #4425, #10538, #11463, #3397, #6205, #3281 ),( #1605, #2416, #10587, #1363, #7125, #4252, #5207, #11235, #11303, #3338 ),( #6911, #6253, #5094, #6079, #1489, #7019, #8119, #5540, #9742, #9075 ),( #11689, #4538, #1674, #2843, #11744, #9914, #896, #6379, #6496, #4654 ),( #5376, #7242, #7294, #3696, #4714, #2727, #830, #7179, #11631, #10881 ),( #8237, #10702, #11573, #9860, #10644, #2666, #1788, #8296, #3753, #6438 ),( #9132, #8919, #7346, #1846, #3639, #2789, #5598, #5489, #10820, #9967 ),( #4483, #1914, #961, #4596, #3808, #9028, #8175, #7409, #6316, #10761 ) ),.UNSPECIFIED., .F., .F., .F.,( 4, 1, 1, 1, 1, 1, 1, 1, 3, 4 ),( 4, 3, 3, 4 ),( -8.068002581683000000E-13, 0.1249999998696000036, 0.2499999995413000053, 0.3749999992129999793, 0.4999999988848000121, 0.6249999985564999028, 0.7499999982280999289, 0.8749999978999000172, 1.000000000000000000, 1.010000000000008002 ),( 0.02170140032870894811, 0.03117145144977000182, 0.9688002753172000325, 0.9781765635558740124 ),.UNSPECIFIED. );
#9444=EDGE_CURVE ( 'NONE', #7176, #11244, #9364, .T. );
#9445=VERTEX_POINT ( 'NONE', #3945 );
#9446=DIRECTION ( 'NONE',  ( -0.9992463862135753105, -2.515349040161247664E-12, 0.03881571381683327632 ) );
#9447=VERTEX_POINT ( 'NONE', #969 );
#9448=ORIENTED_EDGE ( 'NONE', *, *, #5261, .F. );
#9449=ORIENTED_EDGE ( 'NONE', *, *, #11636, .F. );
#9450=CARTESIAN_POINT ( 'NONE',  ( 0.09954881166645671020, 0.08858267716535432601, -0.08070866141744095779 ) );
#9451=EDGE_CURVE ( 'NONE', #1738, #529, #7536, .T. );
#9452=EDGE_CURVE ( 'NONE', #446, #10476, #5789, .T. );
#9453=PLANE ( 'NONE',  #916 );
#9454=CARTESIAN_POINT ( 'NONE',  ( 0.07776767274317282486, -0.009489260072398109438, -0.05413385826772047077 ) );
#9455=AXIS2_PLACEMENT_3D ( 'NONE', #3253, #73, #54 );
#9456=LINE ( 'NONE', #9619, #293 );
#9457=EDGE_CURVE ( 'NONE', #7646, #3548, #11003, .T. );
#9458=VERTEX_POINT ( 'NONE', #4971 );
#9459=ORIENTED_EDGE ( 'NONE', *, *, #5733, .F. );
#9460=EDGE_LOOP ( 'NONE', ( #9694, #8743, #7855, #9502, #4183, #1385, #704, #8111, #9750, #1440, #1610, #6793, #5230, #9365 ) );
#9461=CARTESIAN_POINT ( 'NONE',  ( -0.09251968503937008093, 0.04639612356147378158, -0.2483343428225358307 ) );
#9462=ORIENTED_EDGE ( 'NONE', *, *, #875, .T. );
#9463=FACE_OUTER_BOUND ( 'NONE', #9303, .T. );
#9464=LINE ( 'NONE', #1359, #31 );
#9465=VERTEX_POINT ( 'NONE', #3030 );
#9466=ORIENTED_EDGE ( 'NONE', *, *, #3303, .F. );
#9467=CARTESIAN_POINT ( 'NONE',  ( 0.1023575561454664606, -0.04281250146767276443, -0.08567156357454697169 ) );
#9468=CIRCLE ( 'NONE', #5605, 0.004921259842519680634 );
#9469=EDGE_CURVE ( 'NONE', #170, #11517, #7475, .T. );
#9470=CARTESIAN_POINT ( 'NONE',  ( 0.09251968503937008093, -0.004921259842519684971, -0.04429133858267716300 ) );
#9471=EDGE_CURVE ( 'NONE', #5838, #2851, #8528, .T. );
#9472=CARTESIAN_POINT ( 'NONE',  ( -0.09246041327854004344, 0.08709358979821306412, -0.2182458182941278690 ) );
#9473=ORIENTED_EDGE ( 'NONE', *, *, #2733, .F. );
#9474=AXIS2_PLACEMENT_3D ( 'NONE', #8747, #3374, #6127 );
#9475=ORIENTED_EDGE ( 'NONE', *, *, #777, .T. );
#9476=ORIENTED_EDGE ( 'NONE', *, *, #6527, .F. );
#9477=EDGE_LOOP ( 'NONE', ( #2221, #4503, #6860, #9687, #3158, #2163, #11748, #9701, #7648, #11345, #8700, #9536 ) );
#9478=CARTESIAN_POINT ( 'NONE',  ( -0.02354831935465215645, -0.1299209946236698221, -0.4124710925904290781 ) );
#9479=CARTESIAN_POINT ( 'NONE',  ( 0.08070866141732284393, -0.09842519685039370636, -0.4311023622047244208 ) );
#9480=AXIS2_PLACEMENT_3D ( 'NONE', #1840, #1278, #47 );
#9481=FACE_OUTER_BOUND ( 'NONE', #536, .T. );
#9482=ORIENTED_EDGE ( 'NONE', *, *, #1895, .T. );
#9483=ORIENTED_EDGE ( 'NONE', *, *, #2399, .F. );
#9484=( BOUNDED_SURFACE ( )  B_SPLINE_SURFACE ( 3, 3, (( #6552, #1015, #7531, #10029 ),( #10076, #4778, #1975, #8350 ),( #5710, #10993, #3019, #6661 ),( #10132, #3991, #9302, #3077 ) ),.UNSPECIFIED., .F., .F., .F. )B_SPLINE_SURFACE_WITH_KNOTS ( ( 4, 4 ),( 4, 4 ),( 0.09891452702107131345, 1.000000000000000000 ),( 0.000000000000000000, 1.000000000000000000 ),.UNSPECIFIED. )GEOMETRIC_REPRESENTATION_ITEM ( )  RATIONAL_B_SPLINE_SURFACE ( (( 0.9737771498253682267, 0.3245923832751229643, 0.3245923832751229643, 0.9737771498253682267),( 0.9028903307914812881, 0.3009634435971605959, 0.3009634435971605959, 0.9028903307914812881),( 0.9116312808496919162, 0.3038770936165641756, 0.3038770936165641756, 0.9116312808496919162),( 1.000000000000000000, 0.3333333333333335369, 0.3333333333333335369, 1.000000000000000000) ) )REPRESENTATION_ITEM ( '' )  SURFACE ( )  );
#9485=LINE ( 'NONE', #9382, #58 );
#9486=EDGE_CURVE ( 'NONE', #5559, #517, #4063, .T. );
#9487=CARTESIAN_POINT ( 'NONE',  ( 0.06510514525694824362, 0.002020126823927294139, -0.05690697919337676935 ) );
#9488=CARTESIAN_POINT ( 'NONE',  ( 0.04035433070866142197, 0.08383680467145668280, -0.06988188976377952832 ) );
#9489=EDGE_CURVE ( 'NONE', #6292, #5971, #11751, .T. );
#9490=EDGE_LOOP ( 'NONE', ( #4019, #2557, #8981, #7302 ) );
#9491=ORIENTED_EDGE ( 'NONE', *, *, #2244, .T. );
#9492=CARTESIAN_POINT ( 'NONE',  ( 0.09061583689653739115, 0.08848420128714684640, -0.08509553670110235613 ) );
#9493=DIRECTION ( 'NONE',  ( 0.9063077870357360011, 0.4226182617426594290, 0.000000000000000000 ) );
#9494=PLANE ( 'NONE',  #9705 );
#9495=EDGE_CURVE ( 'NONE', #4108, #7732, #5960, .T. );
#9496=CARTESIAN_POINT ( 'NONE',  ( -0.09065738348003936353, 0.08754864355877953197, -0.2138119695553149791 ) );
#9497=ORIENTED_EDGE ( 'NONE', *, *, #5343, .F. );
#9498=EDGE_CURVE ( 'NONE', #4753, #10421, #4303, .T. );
#9499=ORIENTED_EDGE ( 'NONE', *, *, #2536, .F. );
#9500=ORIENTED_EDGE ( 'NONE', *, *, #3174, .F. );
#9501=CARTESIAN_POINT ( 'NONE',  ( -0.1023622037987976796, -0.04305894764736777069, -0.2136488010341227317 ) );
#9502=ORIENTED_EDGE ( 'NONE', *, *, #1428, .F. );
#9503=VERTEX_POINT ( 'NONE', #10370 );
#9504=CARTESIAN_POINT ( 'NONE',  ( 0.04232283464566918840, -0.01631937908331313608, -0.4990246486560968031 ) );
#9505=CYLINDRICAL_SURFACE ( 'NONE', #3033, 0.01181102362204724046 );
#9506=ADVANCED_FACE ( 'NONE', ( #5089 ), #3210, .F. );
#9507=CARTESIAN_POINT ( 'NONE',  ( -0.08267716535433070058, 0.07677165354330708902, -0.5682250243999779071 ) );
#9508=FACE_OUTER_BOUND ( 'NONE', #5502, .T. );
#9509=LINE ( 'NONE', #6955, #11 );
#9510=VERTEX_POINT ( 'NONE', #1296 );
#9511=CARTESIAN_POINT ( 'NONE',  ( -0.07547756650677166224, -0.007016787991114172528, -0.2185039370078740439 ) );
#9512=VERTEX_POINT ( 'NONE', #9410 );
#9513=LINE ( 'NONE', #6837, #24 );
#9514=EDGE_LOOP ( 'NONE', ( #10484, #5785, #8881, #5722 ) );
#9515=CARTESIAN_POINT ( 'NONE',  ( 0.09448818897637795144, 0.03248031496061232204, -0.5255905511811024278 ) );
#9516=ORIENTED_EDGE ( 'NONE', *, *, #10079, .F. );
#9517=CARTESIAN_POINT ( 'NONE',  ( -0.1033464566929133965, -0.08070866141732284393, -0.1417322834645669272 ) );
#9518=FACE_OUTER_BOUND ( 'NONE', #9397, .T. );
#9519=EDGE_CURVE ( 'NONE', #8899, #2326, #10703, .T. );
#9520=VERTEX_POINT ( 'NONE', #4305 );
#9521=ORIENTED_EDGE ( 'NONE', *, *, #10342, .F. );
#9522=LINE ( 'NONE', #2294, #31 );
#9523=CARTESIAN_POINT ( 'NONE',  ( -0.09361008571384725474, 0.09810937101698405383, -0.1807950960235771842 ) );
#9524=EDGE_CURVE ( 'NONE', #5577, #9308, #5259, .T. );
#9525=EDGE_CURVE ( 'NONE', #6349, #3027, #6072, .T. );
#9526=CARTESIAN_POINT ( 'NONE',  ( 0.1373031496062992185, -0.09251968503937008093, -0.1141732283464566844 ) );
#9527=VERTEX_POINT ( 'NONE', #5031 );
#9528=ORIENTED_EDGE ( 'NONE', *, *, #5674, .F. );
#9529=VERTEX_POINT ( 'NONE', #3389 );
#9530=VERTEX_POINT ( 'NONE', #9461 );
#9531=CARTESIAN_POINT ( 'NONE',  ( 0.08258728026764308727, 0.04757846363332177836, 0.09842519685039370636 ) );
#9532=CARTESIAN_POINT ( 'NONE',  ( -0.02950530667952888306, -0.1275040290269041643, -0.4122396934896661036 ) );
#9533=CARTESIAN_POINT ( 'NONE',  ( 0.09251968503937008093, 0.05984251968503937619, -0.1259842519685057116 ) );
#9534=EDGE_CURVE ( 'NONE', #574, #4240, #2351, .T. );
#9535=ORIENTED_EDGE ( 'NONE', *, *, #7563, .F. );
#9536=ORIENTED_EDGE ( 'NONE', *, *, #4912, .F. );
#9537=EDGE_CURVE ( 'NONE', #11075, #7107, #5201, .T. );
#9538=EDGE_CURVE ( 'NONE', #4790, #44, #575, .T. );
#9539=PLANE ( 'NONE',  #6267 );
#9540=DIRECTION ( 'NONE',  ( 0.000000000000000000, 0.9945054529214231165, 0.1046847845178800196 ) );
#9541=CARTESIAN_POINT ( 'NONE',  ( -0.09251968503937008093, 0.08562992125982282765, -0.1771653548144684898 ) );
#9542=CARTESIAN_POINT ( 'NONE',  ( 0.03837352134334555409, -0.01560591683735044165, -0.4924614765284989759 ) );
#9543=ORIENTED_EDGE ( 'NONE', *, *, #9923, .T. );
#9544=VERTEX_POINT ( 'NONE', #9515 );
#9545=CARTESIAN_POINT ( 'NONE',  ( -0.09153543307086613179, -0.08070866141732284393, -0.2539370078740157410 ) );
#9546=CARTESIAN_POINT ( 'NONE',  ( 0.08267716535433070058, -0.07283464566929134798, -0.3917322834645078911 ) );
#9547=CARTESIAN_POINT ( 'NONE',  ( 0.09229988653212597982, 0.08755808434480315261, -0.08993494493338584361 ) );
#9548=EDGE_CURVE ( 'NONE', #205, #2699, #5957, .T. );
#9549=CARTESIAN_POINT ( 'NONE',  ( 0.05019685039370079538, 0.07677165354330708902, -0.4606299212598425341 ) );
#9550=LINE ( 'NONE', #674, #11 );
#9551=FACE_OUTER_BOUND ( 'NONE', #4343, .T. );
#9552=ORIENTED_EDGE ( 'NONE', *, *, #11233, .T. );
#9553=ORIENTED_EDGE ( 'NONE', *, *, #11266, .F. );
#9554=DIRECTION ( 'NONE',  ( -0.03881571384388601831, 2.855542624578677765E-14, -0.9992463862125244844 ) );
#9555=ORIENTED_EDGE ( 'NONE', *, *, #3214, .F. );
#9556=ORIENTED_EDGE ( 'NONE', *, *, #10738, .F. );
#9557=ORIENTED_EDGE ( 'NONE', *, *, #6619, .T. );
#9558=AXIS2_PLACEMENT_3D ( 'NONE', #1693, #166, #73 );
#9559=CIRCLE ( 'NONE', #10821, 0.01181102362204719015 );
#9560=CARTESIAN_POINT ( 'NONE',  ( 0.08970629198188229125, 0.08858267716535432601, -0.05905511811019684837 ) );
#9561=EDGE_CURVE ( 'NONE', #3576, #2043, #2468, .T. );
#9562=DIRECTION ( 'NONE',  ( 0.01193970340952481106, 0.9945054529213173122, 0.1040016711032001467 ) );
#9563=CARTESIAN_POINT ( 'NONE',  ( 0.05118110236220472370, 0.07874015748031495954, -0.4685039370078740717 ) );
#9564=LINE ( 'NONE', #8691, #293 );
#9565=CARTESIAN_POINT ( 'NONE',  ( 0.03838582677165354451, 0.07677165354330708902, -0.4606299212598425341 ) );
#9566=CARTESIAN_POINT ( 'NONE',  ( -0.1043307086614173318, -0.07677165354330708902, -0.08070866141732284393 ) );
#9567=CARTESIAN_POINT ( 'NONE',  ( -0.09251968503937008093, -0.0004921259865157369883, -0.2185039369944488385 ) );
#9568=ORIENTED_EDGE ( 'NONE', *, *, #9371, .F. );
#9569=ORIENTED_EDGE ( 'NONE', *, *, #3016, .F. );
#9570=EDGE_CURVE ( 'NONE', #3350, #11517, #518, .T. );
#9571=ORIENTED_EDGE ( 'NONE', *, *, #10360, .F. );
#9572=ORIENTED_EDGE ( 'NONE', *, *, #7799, .F. );
#9573=EDGE_CURVE ( 'NONE', #9582, #4558, #5217, .T. );
#9574=PLANE ( 'NONE',  #9017 );
#9575=ORIENTED_EDGE ( 'NONE', *, *, #8413, .T. );
#9576=EDGE_LOOP ( 'NONE', ( #5158, #6183, #5999, #11452 ) );
#9577=CARTESIAN_POINT ( 'NONE',  ( -0.08267716535433070058, 0.07874015748031495954, -0.3996062992125983815 ) );
#9578=CARTESIAN_POINT ( 'NONE',  ( -0.09151647202665354197, 0.09511477490645670052, -0.1818573247063385856 ) );
#9579=CARTESIAN_POINT ( 'NONE',  ( 0.09251968503937008093, -0.0004921259865157369883, -0.04429133858267716300 ) );
#9580=ORIENTED_EDGE ( 'NONE', *, *, #9280, .F. );
#9581=EDGE_CURVE ( 'NONE', #7773, #5044, #10260, .T. );
#9582=VERTEX_POINT ( 'NONE', #6839 );
#9583=ORIENTED_EDGE ( 'NONE', *, *, #2804, .T. );
#9584=ORIENTED_EDGE ( 'NONE', *, *, #2878, .F. );
#9585=CARTESIAN_POINT ( 'NONE',  ( -0.01194060176393944850, 0.09455846940730845696, 0.09842519685039370636 ) );
#9586=EDGE_CURVE ( 'NONE', #1599, #10354, #8639, .T. );
#9587=EDGE_CURVE ( 'NONE', #2759, #11535, #3274, .T. );
#9588=CARTESIAN_POINT ( 'NONE',  ( -0.1033896450162992142, -0.04370554651846456778, -0.1819312741207480266 ) );
#9589=ORIENTED_EDGE ( 'NONE', *, *, #7838, .T. );
#9590=ORIENTED_EDGE ( 'NONE', *, *, #10422, .T. );
#9591=CARTESIAN_POINT ( 'NONE',  ( 0.09251968503937008093, 0.03207100889277165329, -0.1237657837192519539 ) );
#9592=CARTESIAN_POINT ( 'NONE',  ( 0.08858267716535432601, 0.07185039370078739884, -0.5590551181102362266 ) );
#9593=AXIS2_PLACEMENT_3D ( 'NONE', #449, #54, #73 );
#9594=LINE ( 'NONE', #3111, #9384 );
#9595=CARTESIAN_POINT ( 'NONE',  ( 0.08203901144992713224, -0.04851401144242568908, 0.09842519685039370636 ) );
#9596=ORIENTED_EDGE ( 'NONE', *, *, #284, .F. );
#9597=EDGE_CURVE ( 'NONE', #1238, #7434, #6484, .T. );
#9598=ORIENTED_EDGE ( 'NONE', *, *, #11222, .T. );
#9599=PLANE ( 'NONE',  #6329 );
#9600=AXIS2_PLACEMENT_3D ( 'NONE', #3340, #73, #98 );
#9601=CARTESIAN_POINT ( 'NONE',  ( 0.09084611724854330106, 0.09514455903425196592, -0.08509553670110235613 ) );
#9602=CARTESIAN_POINT ( 'NONE',  ( 0.03837352134330348358, 0.02328791009005191925, -0.5044830002593673202 ) );
#9603=CARTESIAN_POINT ( 'NONE',  ( -0.02263779527559055260, 0.07677165354330708902, -0.5826771653543307838 ) );
#9604=LINE ( 'NONE', #7873, #293 );
#9605=AXIS2_PLACEMENT_3D ( 'NONE', #9511, #1254, #7771 );
#9606=CARTESIAN_POINT ( 'NONE',  ( -0.1033464566929133965, 0.09842519685039370636, -0.1515748031496063075 ) );
#9607=EDGE_CURVE ( 'NONE', #545, #446, #1419, .T. );
#9608=EDGE_CURVE ( 'NONE', #9347, #2368, #11565, .T. );
#9609=EDGE_LOOP ( 'NONE', ( #6143, #3035, #5588, #5876 ) );
#9610=LINE ( 'NONE', #1707, #293 );
#9611=ORIENTED_EDGE ( 'NONE', *, *, #11375, .F. );
#9612=ORIENTED_EDGE ( 'NONE', *, *, #10046, .T. );
#9613=ORIENTED_EDGE ( 'NONE', *, *, #7722, .F. );
#9614=PLANE ( 'NONE',  #3121 );
#9615=AXIS2_PLACEMENT_3D ( 'NONE', #1544, #98, #54 );
#9616=CARTESIAN_POINT ( 'NONE',  ( 0.1673228346456692994, -0.09251968503937008093, -0.1043307086614173318 ) );
#9617=CARTESIAN_POINT ( 'NONE',  ( 8.537024980200825639E-18, -0.08070866141732284393, -0.5767716535433070613 ) );
#9618=DIRECTION ( 'NONE',  ( -0.8838870153886553283, -1.141570252508544655E-12, -0.4677004853828301556 ) );
#9619=CARTESIAN_POINT ( 'NONE',  ( -0.1181102362204724532, 0.000000000000000000, -0.1515748031496063075 ) );
#9620=AXIS2_PLACEMENT_3D ( 'NONE', #7566, #45, #10236 );
#9621=VECTOR ( 'NONE', #1410, 39.37007874015748143 );
#9622=CARTESIAN_POINT ( 'NONE',  ( 0.1072834645669291376, -0.1023622047244094474, -0.07480314960629921850 ) );
#9623=ORIENTED_EDGE ( 'NONE', *, *, #9875, .T. );
#9624=CARTESIAN_POINT ( 'NONE',  ( 0.05019685039370157947, -0.03250421471582362609, -0.5072688423476331421 ) );
#9625=FACE_OUTER_BOUND ( 'NONE', #9666, .T. );
#9626=ORIENTED_EDGE ( 'NONE', *, *, #8922, .T. );
#9627=EDGE_LOOP ( 'NONE', ( #9466, #3761, #4721, #11102 ) );
#9628=AXIS2_PLACEMENT_3D ( 'NONE', #4221, #98, #54 );
#9629=CARTESIAN_POINT ( 'NONE',  ( -0.1181102362204724532, -0.09842519685039370636, -0.03740157480314960925 ) );
#9630=EDGE_CURVE ( 'NONE', #7259, #912, #7065, .T. );
#9631=ORIENTED_EDGE ( 'NONE', *, *, #4059, .T. );
#9632=EDGE_LOOP ( 'NONE', ( #2807, #5897, #2041, #28 ) );
#9633=CARTESIAN_POINT ( 'NONE',  ( -0.06299212598425196763, -0.07677165354330708902, -0.5767716535433070613 ) );
#9634=CARTESIAN_POINT ( 'NONE',  ( -0.09167818386379843199, 0.08816418919198348858, -0.1790128067805188961 ) );
#9635=LINE ( 'NONE', #1606, #33 );
#9636=FACE_OUTER_BOUND ( 'NONE', #3530, .T. );
#9637=EDGE_CURVE ( 'NONE', #5044, #7758, #4454, .T. );
#9638=DIRECTION ( 'NONE',  ( 0.000000000000000000, 0.2039542541120390740, 0.9789804197375970851 ) );
#9639=EDGE_LOOP ( 'NONE', ( #11321, #11693, #8614, #1843 ) );
#9640=CARTESIAN_POINT ( 'NONE',  ( 0.04133858712327094509, -0.01574805985475470627, -0.4973959191052023665 ) );
#9641=ORIENTED_EDGE ( 'NONE', *, *, #9185, .F. );
#9642=ORIENTED_EDGE ( 'NONE', *, *, #3104, .F. );
#9643=LINE ( 'NONE', #10492, #188 );
#9644=CARTESIAN_POINT ( 'NONE',  ( 0.03248031496062991907, -0.003937007874015747977, -0.5826771653543307838 ) );
#9645=CARTESIAN_POINT ( 'NONE',  ( 0.09149715284755906286, 0.08663034171322833710, -0.04924797346074802351 ) );
#9646=ORIENTED_EDGE ( 'NONE', *, *, #5413, .T. );
#9647=VERTEX_POINT ( 'NONE', #11455 );
#9648=CARTESIAN_POINT ( 'NONE',  ( 0.04747150462271653576, -0.02933332131891338776, -0.5219718300433070501 ) );
#9649=AXIS2_PLACEMENT_3D ( 'NONE', #8135, #4499, #722 );
#9650=CARTESIAN_POINT ( 'NONE',  ( 0.07677165354330708902, 0.09842519685039370636, -0.02559055118110236185 ) );
#9651=AXIS2_PLACEMENT_3D ( 'NONE', #5370, #7, #47 );
#9652=EDGE_CURVE ( 'NONE', #1497, #6824, #6368, .T. );
#9653=AXIS2_PLACEMENT_3D ( 'NONE', #3524, #7, #47 );
#9654=LINE ( 'NONE', #4384, #728 );
#9655=FACE_OUTER_BOUND ( 'NONE', #5902, .T. );
#9656=ORIENTED_EDGE ( 'NONE', *, *, #9005, .F. );
#9657=ORIENTED_EDGE ( 'NONE', *, *, #5452, .T. );
#9658=CIRCLE ( 'NONE', #4660, 0.01181102362204701148 );
#9659=CARTESIAN_POINT ( 'NONE',  ( 0.1023622047244094474, 2.134256245050204869E-18, -0.09055118100828740690 ) );
#9660=CARTESIAN_POINT ( 'NONE',  ( 0.09276669440795276556, 0.09140581793023622170, -0.08787445785066928805 ) );
#9661=LINE ( 'NONE', #8146, #33 );
#9662=EDGE_CURVE ( 'NONE', #10298, #1238, #1781, .T. );
#9663=EDGE_LOOP ( 'NONE', ( #2594, #5619, #5676, #4060 ) );
#9664=EDGE_CURVE ( 'NONE', #9350, #8965, #3565, .T. );
#9665=FACE_OUTER_BOUND ( 'NONE', #7087, .T. );
#9666=EDGE_LOOP ( 'NONE', ( #5821, #6517, #254, #6575 ) );
#9667=CARTESIAN_POINT ( 'NONE',  ( 0.09542606365137795699, -0.08464566929133858497, -0.4283070866141732158 ) );
#9668=ORIENTED_EDGE ( 'NONE', *, *, #11594, .T. );
#9669=VERTEX_POINT ( 'NONE', #7233 );
#9670=DIRECTION ( 'NONE',  ( 0.1140538566627599532, 0.000000000000000000, 0.9934745682604816386 ) );
#9671=CARTESIAN_POINT ( 'NONE',  ( 0.07578740157480315376, 0.02460629921259842659, -0.04035433070866142197 ) );
#9672=CYLINDRICAL_SURFACE ( 'NONE', #960, 0.001968503937007879193 );
#9673=EDGE_CURVE ( 'NONE', #5006, #9337, #6906, .T. );
#9674=EDGE_CURVE ( 'NONE', #10443, #4346, #9021, .T. );
#9675=PLANE ( 'NONE',  #7303 );
#9676=LINE ( 'NONE', #9784, #293 );
#9677=ORIENTED_EDGE ( 'NONE', *, *, #3855, .T. );
#9678=CARTESIAN_POINT ( 'NONE',  ( 0.09645669291338582196, 0.07381889763779526936, -0.3996062992125983815 ) );
#9679=CARTESIAN_POINT ( 'NONE',  ( 0.08164653609232283560, 0.06244094488188976083, -0.5708661417322835607 ) );
#9680=VERTEX_POINT ( 'NONE', #763 );
#9681=EDGE_LOOP ( 'NONE', ( #6534, #1967, #5905, #9641 ) );
#9682=ADVANCED_FACE ( 'NONE', ( #821 ), #6198, .T. );
#9683=CARTESIAN_POINT ( 'NONE',  ( -0.04133858267716535029, 0.09945582611240158522, -0.2500463772935039297 ) );
#9684=CARTESIAN_POINT ( 'NONE',  ( -0.06435193835049962674, 0.02986695956774645597, -0.1897820826258935778 ) );
#9685=PLANE ( 'NONE',  #10321 );
#9686=ORIENTED_EDGE ( 'NONE', *, *, #6235, .T. );
#9687=ORIENTED_EDGE ( 'NONE', *, *, #9940, .F. );
#9688=CARTESIAN_POINT ( 'NONE',  ( -0.1033834183294882053, -0.04392623367007874452, -0.2137762945156299332 ) );
#9689=CARTESIAN_POINT ( 'NONE',  ( -0.09557663360959016419, 0.09748764667933149108, -0.1798421109209653590 ) );
#9690=LINE ( 'NONE', #5319, #33 );
#9691=CARTESIAN_POINT ( 'NONE',  ( -0.06029723278933209196, 0.02797621931293070921, -0.2161802056245972492 ) );
#9692=B_SPLINE_CURVE_WITH_KNOTS ( 'NONE', 3,( #7114, #6091, #6032, #9531, #8718, #470, #3345, #7031, #1306, #9585, #4136, #11194, #3229, #6855, #11642, #8877, #10713, #3168 ),.UNSPECIFIED., .F., .F.,( 4, 2, 2, 2, 2, 2, 2, 2, 4 ),( 0.000000000000000000, 0.1245478440266944431, 0.2490956880533888862, 0.3736435320800833293, 0.4981913761067777724, 0.6227392201334722710, 0.7472870641601666586, 0.8718349081868610462, 0.9963827522135555448 ),.UNSPECIFIED. );
#9693=CARTESIAN_POINT ( 'NONE',  ( -0.09159941878753481703, 0.08831818609003726228, -0.2163887728106468900 ) );
#9694=ORIENTED_EDGE ( 'NONE', *, *, #7752, .F. );
#9695=EDGE_CURVE ( 'NONE', #8574, #2984, #10530, .T. );
#9696=FACE_OUTER_BOUND ( 'NONE', #6164, .T. );
#9697=ORIENTED_EDGE ( 'NONE', *, *, #2021, .F. );
#9698=ORIENTED_EDGE ( 'NONE', *, *, #7332, .T. );
#9699=CARTESIAN_POINT ( 'NONE',  ( 0.09843453253311025553, 0.09086930876188976935, -0.04982883390759842990 ) );
#9700=FACE_OUTER_BOUND ( 'NONE', #8911, .T. );
#9701=ORIENTED_EDGE ( 'NONE', *, *, #2472, .F. );
#9702=EDGE_LOOP ( 'NONE', ( #11711, #10077, #6554, #11491 ) );
#9703=EDGE_CURVE ( 'NONE', #858, #6743, #3088, .T. );
#9704=CARTESIAN_POINT ( 'NONE',  ( -0.08366141732283464971, -0.03543307086614173179, -0.4645669291338582751 ) );
#9705=AXIS2_PLACEMENT_3D ( 'NONE', #8735, #5777, #54 );
#9706=FACE_OUTER_BOUND ( 'NONE', #8435, .T. );
#9707=CARTESIAN_POINT ( 'NONE',  ( -0.08267716535433070058, 0.09842519685039370636, -0.4921259842519685179 ) );
#9708=DIRECTION ( 'NONE',  ( -0.9934745682607982742, 7.180848569056842618E-16, 0.1140538566600030335 ) );
#9709=EDGE_LOOP ( 'NONE', ( #2614, #9152, #2725, #6995 ) );
#9710=EDGE_LOOP ( 'NONE', ( #7428, #6018, #1628, #6144 ) );
#9711=CARTESIAN_POINT ( 'NONE',  ( -0.07578740157480315376, 0.02460629921259842659, -0.2273622047244094335 ) );
#9712=EDGE_CURVE ( 'NONE', #1239, #1953, #8723, .T. );
#9713=CARTESIAN_POINT ( 'NONE',  ( 0.09167818294464016859, 0.08816418792940708404, -0.08870372865227638126 ) );
#9714=CARTESIAN_POINT ( 'NONE',  ( 0.03837352134329356096, 0.02008821616048337907, -0.5076229821996564029 ) );
#9715=EDGE_CURVE ( 'NONE', #3643, #82, #8061, .T. );
#9716=DIRECTION ( 'NONE',  ( 0.4226182617404001252, 0.9063077870367894917, -6.938893903899884871E-15 ) );
#9717=CARTESIAN_POINT ( 'NONE',  ( 0.09153543307086613179, -0.005905511811023621965, -0.1161417322834645688 ) );
#9718=ORIENTED_EDGE ( 'NONE', *, *, #3303, .T. );
#9719=ORIENTED_EDGE ( 'NONE', *, *, #9108, .T. );
#9720=EDGE_CURVE ( 'NONE', #7851, #9308, #8194, .T. );
#9721=ORIENTED_EDGE ( 'NONE', *, *, #4734, .T. );
#9722=ORIENTED_EDGE ( 'NONE', *, *, #1351, .F. );
#9723=CARTESIAN_POINT ( 'NONE',  ( 0.06029723278932064973, 0.02797621931299330150, -0.07307113536205277204 ) );
#9724=EDGE_CURVE ( 'NONE', #1834, #8315, #9089, .T. );
#9725=LINE ( 'NONE', #3554, #311 );
#9726=EDGE_CURVE ( 'NONE', #10550, #7239, #5249, .T. );
#9727=CARTESIAN_POINT ( 'NONE',  ( 0.1181102362204724532, -0.08464566929133858497, -0.3435039370078740162 ) );
#9728=CARTESIAN_POINT ( 'NONE',  ( 0.05142719844828669978, 0.02445924659865654494, -0.4985724663824001590 ) );
#9729=ORIENTED_EDGE ( 'NONE', *, *, #6218, .T. );
#9730=LINE ( 'NONE', #11561, #11 );
#9731=VERTEX_POINT ( 'NONE', #6305 );
#9732=EDGE_CURVE ( 'NONE', #6269, #4923, #4067, .T. );
#9733=PLANE ( 'NONE',  #4826 );
#9734=EDGE_CURVE ( 'NONE', #9165, #8058, #9792, .T. );
#9735=ORIENTED_EDGE ( 'NONE', *, *, #10940, .F. );
#9736=CARTESIAN_POINT ( 'NONE',  ( 0.000000000000000000, 0.000000000000000000, -0.4251968503937008093 ) );
#9737=ORIENTED_EDGE ( 'NONE', *, *, #9875, .F. );
#9738=FACE_OUTER_BOUND ( 'NONE', #7897, .T. );
#9739=DIRECTION ( 'NONE',  ( 0.1140538566600362708, 0.000000000000000000, 0.9934745682607944994 ) );
#9740=EDGE_LOOP ( 'NONE', ( #5305, #2113, #10935, #10649 ) );
#9741=EDGE_LOOP ( 'NONE', ( #3356, #5295, #3092, #7184, #10296 ) );
#9742=CARTESIAN_POINT ( 'NONE',  ( -0.09241315770476456193, 0.08709205979425589661, -0.1774005002879913695 ) );
#9743=CIRCLE ( 'NONE', #5702, 0.005905511811023517882 );
#9744=DIRECTION ( 'NONE',  ( 0.4677004853829048736, 0.000000000000000000, -0.8838870153886158043 ) );
#9745=CARTESIAN_POINT ( 'NONE',  ( 0.09251968503937008093, 0.05748031496062992046, -0.1250000000000196787 ) );
#9746=VERTEX_POINT ( 'NONE', #10069 );
#9747=EDGE_CURVE ( 'NONE', #5274, #5427, #6093, .T. );
#9748=CARTESIAN_POINT ( 'NONE',  ( -0.1023622047244094474, -0.08759842519685039075, -0.1535433070866141780 ) );
#9749=EDGE_CURVE ( 'NONE', #3402, #1745, #5706, .T. );
#9750=ORIENTED_EDGE ( 'NONE', *, *, #9053, .F. );
#9751=ORIENTED_EDGE ( 'NONE', *, *, #7004, .T. );
#9752=AXIS2_PLACEMENT_3D ( 'NONE', #10714, #16, #7 );
#9753=CARTESIAN_POINT ( 'NONE',  ( -0.09744094488188977110, -0.06889763779527559306, -0.2519685039370078705 ) );
#9754=CARTESIAN_POINT ( 'NONE',  ( 0.1031173478076378019, 0.08983939350114172884, -0.04944774474062992031 ) );
#9755=CARTESIAN_POINT ( 'NONE',  ( -0.09544291066236221255, -0.04261128001472441057, -0.1820918512438976511 ) );
#9756=ORIENTED_EDGE ( 'NONE', *, *, #3688, .T. );
#9757=EDGE_LOOP ( 'NONE', ( #7240, #9004, #6340, #356 ) );
#9758=FACE_OUTER_BOUND ( 'NONE', #10266, .T. );
#9759=ORIENTED_EDGE ( 'NONE', *, *, #6375, .T. );
#9760=EDGE_CURVE ( 'NONE', #768, #11300, #9293, .T. );
#9761=ORIENTED_EDGE ( 'NONE', *, *, #4188, .T. );
#9762=CARTESIAN_POINT ( 'NONE',  ( 0.1033928339864173263, 0.06692913385826770867, -0.01274889829705511991 ) );
#9763=CARTESIAN_POINT ( 'NONE',  ( 0.09245401880523701488, 0.08677523911760946784, -0.09045823662149606037 ) );
#9764=MECHANICAL_DESIGN_GEOMETRIC_PRESENTATION_REPRESENTATION (  '', ( #2268 ), #2460 );
#9765=CARTESIAN_POINT ( 'NONE',  ( -0.04724409448818897572, -0.09055118110236221041, -0.6496062992125984925 ) );
#9766=FACE_OUTER_BOUND ( 'NONE', #3893, .T. );
#9767=EDGE_CURVE ( 'NONE', #7239, #857, #11275, .T. );
#9768=CARTESIAN_POINT ( 'NONE',  ( -0.05905511811023622659, -0.08464566929133858497, -0.5708661417322835607 ) );
#9769=LINE ( 'NONE', #1819, #2240 );
#9770=ORIENTED_EDGE ( 'NONE', *, *, #8741, .T. );
#9771=AXIS2_PLACEMENT_3D ( 'NONE', #3575, #4499, #2911 );
#9772=ADVANCED_FACE ( 'NONE', ( #7459 ), #1011, .T. );
#9773=ORIENTED_EDGE ( 'NONE', *, *, #5491, .T. );
#9774=CARTESIAN_POINT ( 'NONE',  ( 0.09055118110236221041, 0.08858267716535432601, -0.06988188976377952832 ) );
#9775=PLANE ( 'NONE',  #7258 );
#9776=EDGE_LOOP ( 'NONE', ( #4695, #8283, #3914, #10382 ) );
#9777=VERTEX_POINT ( 'NONE', #5774 );
#9778=FACE_OUTER_BOUND ( 'NONE', #259, .T. );
#9779=CARTESIAN_POINT ( 'NONE',  ( 0.09903417663409945504, -0.04206372288550071226, -0.05413391353907083536 ) );
#9780=AXIS2_PLACEMENT_3D ( 'NONE', #7009, #73, #54 );
#9781=LINE ( 'NONE', #1889, #58 );
#9782=CARTESIAN_POINT ( 'NONE',  ( 0.09050480380885826681, -0.08070866141732284393, -0.1151111030214566899 ) );
#9783=ADVANCED_FACE ( 'NONE', ( #10024 ), #4896, .T. );
#9784=CARTESIAN_POINT ( 'NONE',  ( -0.1023622047244094474, -0.01791338582677165503, -0.1437007874015747977 ) );
#9785=VECTOR ( 'NONE', #8910, 39.37007874015748143 );
#9786=ORIENTED_EDGE ( 'NONE', *, *, #1253, .T. );
#9787=EDGE_CURVE ( 'NONE', #1150, #9123, #10936, .T. );
#9788=LINE ( 'NONE', #3683, #33 );
#9789=CIRCLE ( 'NONE', #6894, 0.009842519684765183019 );
#9790=ORIENTED_EDGE ( 'NONE', *, *, #11357, .F. );
#9791=ORIENTED_EDGE ( 'NONE', *, *, #5019, .F. );
#9792=LINE ( 'NONE', #1724, #293 );
#9793=VERTEX_POINT ( 'NONE', #10873 );
#9794=CARTESIAN_POINT ( 'NONE',  ( -0.1673228346456692994, -0.09251968503937008093, -0.1535433070866141780 ) );
#9795=CARTESIAN_POINT ( 'NONE',  ( 0.03838582677165354451, -0.01574803149359210730, -0.5000000000000000000 ) );
#9796=VERTEX_POINT ( 'NONE', #8343 );
#9797=ORIENTED_EDGE ( 'NONE', *, *, #9854, .T. );
#9798=CARTESIAN_POINT ( 'NONE',  ( 0.05092505841254076765, -0.02458753976940274144, -0.5035540483033931203 ) );
#9799=AXIS2_PLACEMENT_3D ( 'NONE', #9667, #166, #73 );
#9800=CARTESIAN_POINT ( 'NONE',  ( -0.07086614173228346358, 0.000000000000000000, -0.3149606299212598381 ) );
#9801=ADVANCED_FACE ( 'NONE', ( #7524 ), #1905, .F. );
#9802=CARTESIAN_POINT ( 'NONE',  ( 0.06820681771165354457, 0.03302191886709449076, -0.4177551365066929923 ) );
#9803=CARTESIAN_POINT ( 'NONE',  ( -0.01181102362204724393, -0.1023622047244094474, -0.6377952755905511584 ) );
#9804=EDGE_CURVE ( 'NONE', #7291, #1488, #1079, .T. );
#9805=CARTESIAN_POINT ( 'NONE',  ( -0.09134674127975622726, 0.08842783788373503873, -0.2157439213223344976 ) );
#9806=ORIENTED_EDGE ( 'NONE', *, *, #6950, .T. );
#9807=ORIENTED_EDGE ( 'NONE', *, *, #9085, .T. );
#9808=ORIENTED_EDGE ( 'NONE', *, *, #7741, .F. );
#9809=CARTESIAN_POINT ( 'NONE',  ( -0.08267716535433070058, -0.06102362204724409711, -0.5682250243999779071 ) );
#9810=CYLINDRICAL_SURFACE ( 'NONE', #10475, 0.004921259842519689308 );
#9811=CARTESIAN_POINT ( 'NONE',  ( -0.02360424534363157745, -0.1299212598425196763, -0.4124689201461567145 ) );
#9812=CARTESIAN_POINT ( 'NONE',  ( -0.09148891709314960208, -0.04337097230732284148, -0.1819674104757086908 ) );
#9813=VERTEX_POINT ( 'NONE', #4836 );
#9814=ORIENTED_EDGE ( 'NONE', *, *, #2276, .F. );
#9815=CARTESIAN_POINT ( 'NONE',  ( -0.08366141732283464971, -0.07086614173228346358, -0.4232283464566928832 ) );
#9816=CARTESIAN_POINT ( 'NONE',  ( 0.000000000000000000, 0.000000000000000000, 0.09448818897637795144 ) );
#9817=EDGE_CURVE ( 'NONE', #8470, #7758, #119, .T. );
#9818=ADVANCED_FACE ( 'NONE', ( #8226 ), #11681, .T. );
#9819=AXIS2_PLACEMENT_3D ( 'NONE', #6060, #9562, #10470 );
#9820=LINE ( 'NONE', #7193, #58 );
#9821=LINE ( 'NONE', #854, #11 );
#9822=CARTESIAN_POINT ( 'NONE',  ( 0.05836909962374803307, 0.06102362204724409711, -0.2086614173228346636 ) );
#9823=EDGE_LOOP ( 'NONE', ( #3257, #4138, #7338, #11358, #3431, #9078, #7116, #11276 ) );
#9824=ORIENTED_EDGE ( 'NONE', *, *, #3222, .T. );
#9825=ORIENTED_EDGE ( 'NONE', *, *, #11662, .F. );
#9826=CARTESIAN_POINT ( 'NONE',  ( 0.09448818897637795144, 0.07185039370078739884, -0.5088582677165355284 ) );
#9827=CARTESIAN_POINT ( 'NONE',  ( 0.09242120916116260132, 0.08658884702496762176, -0.09050882217215210079 ) );
#9828=EDGE_CURVE ( 'NONE', #165, #6501, #6485, .T. );
#9829=CARTESIAN_POINT ( 'NONE',  ( -0.02171885099230905225, -0.1299209946236698221, -0.08978390270021847919 ) );
#9830=LINE ( 'NONE', #11658, #24 );
#9831=VERTEX_POINT ( 'NONE', #952 );
#9832=EDGE_CURVE ( 'NONE', #8431, #3800, #8287, .T. );
#9833=CIRCLE ( 'NONE', #9651, 0.01181102362201903559 );
#9834=VERTEX_POINT ( 'NONE', #1737 );
#9835=CARTESIAN_POINT ( 'NONE',  ( 0.03635649082335826870, -0.03845646932720866301, -0.3745343983435432955 ) );
#9836=ADVANCED_FACE ( 'NONE', ( #10543 ), #2550, .T. );
#9837=LINE ( 'NONE', #4515, #58 );
#9838=ORIENTED_EDGE ( 'NONE', *, *, #10506, .T. );
#9839=ORIENTED_EDGE ( 'NONE', *, *, #5733, .T. );
#9840=CARTESIAN_POINT ( 'NONE',  ( 0.04800347882387480392, 0.07762964543188799471, -0.04926193553241306478 ) );
#9841=CARTESIAN_POINT ( 'NONE',  ( 0.1023622047244094474, 0.08661417321862205365, -0.06988188976377952832 ) );
#9842=AXIS2_PLACEMENT_3D ( 'NONE', #3690, #1254, #16 );
#9843=CARTESIAN_POINT ( 'NONE',  ( 0.03740157480314960925, 0.07874015748031495954, -0.4370078740157480879 ) );
#9844=( BOUNDED_SURFACE ( )  B_SPLINE_SURFACE ( 3, 3, (( #2656, #7117, #637, #7944 ),( #4243, #11453, #8008, #6137 ),( #3563, #2466, #7169, #6070 ),( #5426, #5364, #5364, #5426 ) ),.UNSPECIFIED., .F., .F., .F. )B_SPLINE_SURFACE_WITH_KNOTS ( ( 4, 4 ),( 4, 4 ),( 0.05204745709787529651, 1.000000000000000000 ),( 0.000000000000000000, 1.000000000000000000 ),.UNSPECIFIED. )GEOMETRIC_REPRESENTATION_ITEM ( )  RATIONAL_B_SPLINE_SURFACE ( (( 0.9868038654829083267, 0.3289346218276358869, 0.3289346218276358869, 0.9868038654829083267),( 0.9110878126980611613, 0.3036959375660201466, 0.3036959375660201466, 0.9110878126980611613),( 0.9154865242037583117, 0.3051621747345859004, 0.3051621747345859004, 0.9154865242037583117),( 1.000000000000000000, 0.3333333333333330928, 0.3333333333333330928, 1.000000000000000000) ) )REPRESENTATION_ITEM ( '' )  SURFACE ( )  );
#9845=CARTESIAN_POINT ( 'NONE',  ( 0.09645669291338582196, 0.09842519685039370636, -0.3996062992125983815 ) );
#9846=ADVANCED_FACE ( 'NONE', ( #9696 ), #6259, .T. );
#9847=CARTESIAN_POINT ( 'NONE',  ( 0.06924934620027559107, -0.03374191317055118267, -0.4070972076937007800 ) );
#9848=ORIENTED_EDGE ( 'NONE', *, *, #7443, .T. );
#9849=VERTEX_POINT ( 'NONE', #7183 );
#9850=CARTESIAN_POINT ( 'NONE',  ( -0.02465267650609448760, -0.1299212598425196763, -0.3887321835092125699 ) );
#9851=ORIENTED_EDGE ( 'NONE', *, *, #7310, .T. );
#9852=CARTESIAN_POINT ( 'NONE',  ( 0.06541607390809960065, 0.03270680615228865884, -0.4213119777755960915 ) );
#9853=VERTEX_POINT ( 'NONE', #8980 );
#9854=EDGE_CURVE ( 'NONE', #10571, #8432, #586, .T. );
#9855=LINE ( 'NONE', #3567, #293 );
#9856=FACE_BOUND ( 'NONE', #2272, .T. );
#9857=EDGE_LOOP ( 'NONE', ( #11468, #8210, #261, #3490 ) );
#9858=ORIENTED_EDGE ( 'NONE', *, *, #2958, .T. );
#9859=CIRCLE ( 'NONE', #2952, 0.001968503937007879193 );
#9860=CARTESIAN_POINT ( 'NONE',  ( -0.1023625313157086603, 0.08653419142848545187, -0.1772112019219388990 ) );
#9861=CARTESIAN_POINT ( 'NONE',  ( 0.07226612641208661481, 0.03268027996060236806, -0.4225001257842520008 ) );
#9862=CARTESIAN_POINT ( 'NONE',  ( -0.1043307086614173318, 0.1019291338582677259, -0.09453456626988189504 ) );
#9863=ORIENTED_EDGE ( 'NONE', *, *, #10262, .T. );
#9864=CARTESIAN_POINT ( 'NONE',  ( -0.1033464566929133965, 0.09842519685039370636, -0.1466535433070866312 ) );
#9865=ORIENTED_EDGE ( 'NONE', *, *, #8731, .T. );
#9866=ORIENTED_EDGE ( 'NONE', *, *, #10599, .F. );
#9867=EDGE_CURVE ( 'NONE', #6638, #4713, #8822, .T. );
#9868=CARTESIAN_POINT ( 'NONE',  ( -0.08468259516606300996, -0.02431835906304724571, -0.2135826771653543399 ) );
#9869=CARTESIAN_POINT ( 'NONE',  ( 0.09146866495803149255, 0.08641984938248031822, -0.04920982962169291597 ) );
#9870=VERTEX_POINT ( 'NONE', #3460 );
#9871=VERTEX_POINT ( 'NONE', #1555 );
#9872=PLANE ( 'NONE',  #7667 );
#9873=PLANE ( 'NONE',  #2233 );
#9874=EDGE_CURVE ( 'NONE', #205, #10354, #11524, .T. );
#9875=EDGE_CURVE ( 'NONE', #7712, #7106, #4619, .T. );
#9876=FACE_OUTER_BOUND ( 'NONE', #2928, .T. );
#9877=B_SPLINE_CURVE_WITH_KNOTS ( 'NONE', 3,( #770, #8975, #10078, #55, #8578, #9356, #317 ),.UNSPECIFIED., .F., .F.,( 4, 3, 4 ),( 2.518375654506289107E-10, 9.496064310302107790E-06, 1.917125307980675175E-05 ),.UNSPECIFIED. );
#9878=ORIENTED_EDGE ( 'NONE', *, *, #483, .F. );
#9879=VERTEX_POINT ( 'NONE', #7079 );
#9880=VERTEX_POINT ( 'NONE', #3577 );
#9881=EDGE_CURVE ( 'NONE', #519, #669, #4145, .T. );
#9882=CYLINDRICAL_SURFACE ( 'NONE', #1438, 0.009842518229685025960 );
#9883=EDGE_CURVE ( 'NONE', #6985, #1129, #2404, .T. );
#9884=CARTESIAN_POINT ( 'NONE',  ( 0.09242120916116260132, 0.08661417322023072518, -0.09050184485492127062 ) );
#9885=LINE ( 'NONE', #8946, #311 );
#9886=FACE_OUTER_BOUND ( 'NONE', #6734, .T. );
#9887=LINE ( 'NONE', #3827, #58 );
#9888=CARTESIAN_POINT ( 'NONE',  ( 0.06793383395212598819, -0.03984262715789275988, -0.3562992125984252301 ) );
#9889=FACE_OUTER_BOUND ( 'NONE', #6799, .T. );
#9890=ORIENTED_EDGE ( 'NONE', *, *, #1468, .F. );
#9891=EDGE_LOOP ( 'NONE', ( #7876, #5963, #9946, #7151 ) );
#9892=LINE ( 'NONE', #3915, #293 );
#9893=LINE ( 'NONE', #10679, #11 );
#9894=VERTEX_POINT ( 'NONE', #4117 );
#9895=EDGE_LOOP ( 'NONE', ( #2103, #7365, #788, #2638 ) );
#9896=CARTESIAN_POINT ( 'NONE',  ( 0.09448818897637795144, 0.07185039370078739884, -0.5590551181102362266 ) );
#9897=CARTESIAN_POINT ( 'NONE',  ( -0.08366141732283464971, 0.06496062992125983815, -0.4133858267716535861 ) );
#9898=PLANE ( 'NONE',  #2766 );
#9899=CARTESIAN_POINT ( 'NONE',  ( 0.05850421146724409799, -0.03268027996049212985, -0.4206941017830708729 ) );
#9900=ORIENTED_EDGE ( 'NONE', *, *, #5156, .F. );
#9901=VERTEX_POINT ( 'NONE', #5324 );
#9902=LINE ( 'NONE', #886, #677 );
#9903=ORIENTED_EDGE ( 'NONE', *, *, #2809, .F. );
#9904=ADVANCED_FACE ( 'NONE', ( #775 ), #7742, .F. );
#9905=EDGE_LOOP ( 'NONE', ( #8277, #6958, #10581 ) );
#9906=LINE ( 'NONE', #9068, #11 );
#9907=( BOUNDED_CURVE ( )  B_SPLINE_CURVE ( 3, ( #8383, #3869, #7469, #2964 ),.UNSPECIFIED., .F., .F. )B_SPLINE_CURVE_WITH_KNOTS ( ( 4, 4 ),( 0.09891452704594186351, 1.000000000000000000 ),.UNSPECIFIED. )CURVE ( )  GEOMETRIC_REPRESENTATION_ITEM ( )  RATIONAL_B_SPLINE_CURVE ( ( 0.9737771498195071374, 0.9028903307919954324, 0.9116312808521597200, 1.000000000000000000 ) )REPRESENTATION_ITEM ( '' )  );
#9908=CARTESIAN_POINT ( 'NONE',  ( 0.02912791036771715525, -0.1299539998025988630, -0.3603795367553618290 ) );
#9909=CARTESIAN_POINT ( 'NONE',  ( 0.03740157480314960925, -0.07677165354330708902, -0.5039370078740157410 ) );
#9910=CARTESIAN_POINT ( 'NONE',  ( 0.1181102362204724532, 0.09842519685039370636, -0.1161417322834645688 ) );
#9911=ORIENTED_EDGE ( 'NONE', *, *, #3645, .F. );
#9912=ORIENTED_EDGE ( 'NONE', *, *, #7587, .T. );
#9913=LINE ( 'NONE', #646, #33 );
#9914=CARTESIAN_POINT ( 'NONE',  ( -0.09580060352830709058, 0.08705851066905512248, -0.1772582987814567135 ) );
#9915=CARTESIAN_POINT ( 'NONE',  ( 0.09251968573978588961, -0.04318451677221837870, -0.05406740588975084832 ) );
#9916=AXIS2_PLACEMENT_3D ( 'NONE', #9888, #16, #47 );
#9917=EDGE_CURVE ( 'NONE', #5427, #2737, #3644, .T. );
#9918=EDGE_CURVE ( 'NONE', #2865, #11407, #2485, .T. );
#9919=VERTEX_POINT ( 'NONE', #9640 );
#9920=CARTESIAN_POINT ( 'NONE',  ( -0.05905511811023622659, -0.003937007874015747977, -0.5826771653543307838 ) );
#9921=ORIENTED_EDGE ( 'NONE', *, *, #8989, .T. );
#9922=LINE ( 'NONE', #1855, #33 );
#9923=EDGE_CURVE ( 'NONE', #2927, #11104, #3519, .T. );
#9924=VERTEX_POINT ( 'NONE', #8925 );
#9925=CARTESIAN_POINT ( 'NONE',  ( 0.09181796681019684103, 0.09137554646074803888, -0.05284234946736220129 ) );
#9926=AXIS2_PLACEMENT_3D ( 'NONE', #6161, #6274, #2491 );
#9927=CARTESIAN_POINT ( 'NONE',  ( -0.09143908776062992239, -0.04236909402429134275, -0.1820711386122047248 ) );
#9928=ORIENTED_EDGE ( 'NONE', *, *, #9041, .T. );
#9929=VERTEX_POINT ( 'NONE', #9748 );
#9930=LINE ( 'NONE', #5392, #728 );
#9931=CARTESIAN_POINT ( 'NONE',  ( 0.09940944881889764162, -0.08464566929133858497, -0.4311023622047244208 ) );
#9932=EDGE_CURVE ( 'NONE', #5781, #10004, #8126, .T. );
#9933=CIRCLE ( 'NONE', #5160, 0.01181102362204724046 );
#9934=CARTESIAN_POINT ( 'NONE',  ( 0.02362204724409370030, -0.1299212598425196763, -0.1316247592025417412 ) );
#9935=ORIENTED_EDGE ( 'NONE', *, *, #8826, .T. );
#9936=ORIENTED_EDGE ( 'NONE', *, *, #2412, .T. );
#9937=ORIENTED_EDGE ( 'NONE', *, *, #6970, .T. );
#9938=ORIENTED_EDGE ( 'NONE', *, *, #7161, .F. );
#9939=EDGE_CURVE ( 'NONE', #2579, #10861, #3663, .T. );
#9940=EDGE_CURVE ( 'NONE', #10331, #237, #2257, .T. );
#9941=CARTESIAN_POINT ( 'NONE',  ( 0.05019685039370079538, -0.02623543931725639752, -0.5062767692097150940 ) );
#9942=CARTESIAN_POINT ( 'NONE',  ( 0.09244526114703975617, 0.08710029939904055662, -0.09031603515826928941 ) );
#9943=VERTEX_POINT ( 'NONE', #9434 );
#9944=ADVANCED_FACE ( 'NONE', ( #1853 ), #7300, .F. );
#9945=DIRECTION ( 'NONE',  ( -0.4226182617389320773, 0.9063077870374740552, 0.000000000000000000 ) );
#9946=ORIENTED_EDGE ( 'NONE', *, *, #3119, .F. );
#9947=PLANE ( 'NONE',  #8279 );
#9948=VERTEX_POINT ( 'NONE', #6618 );
#9949=CARTESIAN_POINT ( 'NONE',  ( 0.05163157605673031336, 0.02420836323089932407, -0.5009949763617664864 ) );
#9950=ORIENTED_EDGE ( 'NONE', *, *, #3595, .F. );
#9951=LINE ( 'NONE', #943, #24 );
#9952=LINE ( 'NONE', #4700, #293 );
#9953=CARTESIAN_POINT ( 'NONE',  ( -0.09159751758894350837, -0.03914745805373322923, -0.1978346409301377784 ) );
#9954=EDGE_CURVE ( 'NONE', #659, #7835, #1096, .T. );
#9955=LINE ( 'NONE', #8960, #311 );
#9956=EDGE_CURVE ( 'NONE', #5705, #9853, #4722, .T. );
#9957=ORIENTED_EDGE ( 'NONE', *, *, #9457, .F. );
#9958=EDGE_LOOP ( 'NONE', ( #8457, #8721, #10568, #6262 ) );
#9959=CARTESIAN_POINT ( 'NONE',  ( -0.08267716535433070058, -0.07874015748031495954, -0.4852362204724409156 ) );
#9960=VERTEX_POINT ( 'NONE', #7114 );
#9961=CARTESIAN_POINT ( 'NONE',  ( 0.07677165354330708902, 0.09842519685039370636, -0.06988188976377952832 ) );
#9962=ORIENTED_EDGE ( 'NONE', *, *, #3313, .F. );
#9963=CARTESIAN_POINT ( 'NONE',  ( 0.1181102362204724532, -0.09842519685039370636, -0.02362204724409448786 ) );
#9964=CARTESIAN_POINT ( 'NONE',  ( 0.08260009332591042308, 0.000000000000000000, -0.2198510298031106092 ) );
#9965=ORIENTED_EDGE ( 'NONE', *, *, #1793, .T. );
#9966=ORIENTED_EDGE ( 'NONE', *, *, #10303, .F. );
#9967=CARTESIAN_POINT ( 'NONE',  ( -0.09242121071783583608, 0.08658884702190552951, -0.1772077132657895460 ) );
#9968=CARTESIAN_POINT ( 'NONE',  ( 0.06510074948240157644, 0.03376262261774803236, -0.4091660095511810979 ) );
#9969=VECTOR ( 'NONE', #8456, 39.37007874015748854 );
#9970=AXIS2_PLACEMENT_3D ( 'NONE', #6136, #697, #4471 );
#9971=LINE ( 'NONE', #1163, #3272 );
#9972=VERTEX_POINT ( 'NONE', #8301 );
#9973=LINE ( 'NONE', #10034, #293 );
#9974=VERTEX_POINT ( 'NONE', #1920 );
#9975=ORIENTED_EDGE ( 'NONE', *, *, #7857, .F. );
#9976=EDGE_CURVE ( 'NONE', #11301, #5104, #1794, .T. );
#9977=LINE ( 'NONE', #1797, #11 );
#9978=AXIS2_PLACEMENT_3D ( 'NONE', #4283, #10300, #54 );
#9979=CARTESIAN_POINT ( 'NONE',  ( 0.08366141732283464971, 0.09842519685039370636, -0.1240157480314960647 ) );
#9980=LINE ( 'NONE', #5447, #11 );
#9981=ORIENTED_EDGE ( 'NONE', *, *, #2097, .F. );
#9982=ORIENTED_EDGE ( 'NONE', *, *, #3984, .T. );
#9983=LINE ( 'NONE', #1930, #11 );
#9984=LINE ( 'NONE', #914, #24 );
#9985=EDGE_CURVE ( 'NONE', #614, #6292, #9973, .T. );
#9986=AXIS2_PLACEMENT_3D ( 'NONE', #5123, #73, #54 );
#9987=CARTESIAN_POINT ( 'NONE',  ( 0.03637094554114960604, 0.07874015748031495954, -0.5066141732283464538 ) );
#9988=ORIENTED_EDGE ( 'NONE', *, *, #9312, .F. );
#9989=EDGE_LOOP ( 'NONE', ( #7053, #11232, #2145, #3950 ) );
#9990=ORIENTED_EDGE ( 'NONE', *, *, #4626, .F. );
#9991=VERTEX_POINT ( 'NONE', #5606 );
#9992=CARTESIAN_POINT ( 'NONE',  ( 0.09251963809338582811, 0.08678079346625983126, -0.09045823662149606037 ) );
#9993=FACE_OUTER_BOUND ( 'NONE', #820, .T. );
#9994=ADVANCED_FACE ( 'NONE', ( #6561 ), #1393, .F. );
#9995=CARTESIAN_POINT ( 'NONE',  ( 0.09744094492135232932, -0.04330698190967212369, -0.08572938568032449635 ) );
#9996=ORIENTED_EDGE ( 'NONE', *, *, #11071, .T. );
#9997=ORIENTED_EDGE ( 'NONE', *, *, #1421, .T. );
#9998=CARTESIAN_POINT ( 'NONE',  ( 0.1023622047244094474, -0.004921259842519684971, -0.04429133858267716300 ) );
#9999=EDGE_CURVE ( 'NONE', #848, #3350, #4849, .T. );
#10000=CARTESIAN_POINT ( 'NONE',  ( -0.05905511811023622659, -0.09055118110236221041, -0.6377952755905511584 ) );
#10001=ORIENTED_EDGE ( 'NONE', *, *, #6585, .T. );
#10002=CARTESIAN_POINT ( 'NONE',  ( 0.09143924883992127217, -0.04237047033165354526, -0.05411855376074803381 ) );
#10003=AXIS2_PLACEMENT_3D ( 'NONE', #1951, #8438, #3967 );
#10004=VERTEX_POINT ( 'NONE', #4788 );
#10005=AXIS2_PLACEMENT_3D ( 'NONE', #1188, #73, #98 );
#10006=FACE_OUTER_BOUND ( 'NONE', #1681, .T. );
#10007=ORIENTED_EDGE ( 'NONE', *, *, #11281, .F. );
#10008=CARTESIAN_POINT ( 'NONE',  ( -0.07578740157480315376, 0.008858267716535432948, -0.2539370078740157410 ) );
#10009=EDGE_CURVE ( 'NONE', #6301, #7356, #6387, .T. );
#10010=CARTESIAN_POINT ( 'NONE',  ( 0.05110291234726568183, -0.02460804156132985476, -0.4971124005969071447 ) );
#10011=LINE ( 'NONE', #9841, #188 );
#10012=LINE ( 'NONE', #5696, #4501 );
#10013=EDGE_CURVE ( 'NONE', #5260, #7711, #64, .T. );
#10014=EDGE_CURVE ( 'NONE', #9317, #10096, #9258, .T. );
#10015=CIRCLE ( 'NONE', #2931, 0.008249413437098522886 );
#10016=LINE ( 'NONE', #6599, #311 );
#10017=CIRCLE ( 'NONE', #7839, 0.01771653543307089712 );
#10018=CARTESIAN_POINT ( 'NONE',  ( 0.05324459736897567408, 3.520118113705571135E-09, -0.3377998222136996409 ) );
#10019=ORIENTED_EDGE ( 'NONE', *, *, #5579, .F. );
#10020=CARTESIAN_POINT ( 'NONE',  ( 0.04197615822706312477, 0.01574803149270211783, -0.5018873543739553744 ) );
#10021=VERTEX_POINT ( 'NONE', #10947 );
#10022=CARTESIAN_POINT ( 'NONE',  ( 0.03248031496062991907, 0.000000000000000000, -0.5708661417322835607 ) );
#10023=ORIENTED_EDGE ( 'NONE', *, *, #4408, .F. );
#10024=FACE_OUTER_BOUND ( 'NONE', #7025, .T. );
#10025=ORIENTED_EDGE ( 'NONE', *, *, #613, .T. );
#10026=AXIS2_PLACEMENT_3D ( 'NONE', #11671, #47, #73 );
#10027=EDGE_CURVE ( 'NONE', #3705, #1988, #8417, .T. );
#10028=EDGE_CURVE ( 'NONE', #1598, #3959, #10825, .T. );
#10029=CARTESIAN_POINT ( 'NONE',  ( 0.06435193835050401212, 0.02986695956774849600, -0.07793445280716995716 ) );
#10030=VERTEX_POINT ( 'NONE', #838 );
#10031=CARTESIAN_POINT ( 'NONE',  ( 0.04429133858268109736, -0.07874015748031495954, -0.5708661417322835607 ) );
#10032=CARTESIAN_POINT ( 'NONE',  ( 0.09251968503937008093, 0.08661417320137797249, -0.01574803149606299191 ) );
#10033=VERTEX_POINT ( 'NONE', #4601 );
#10034=CARTESIAN_POINT ( 'NONE',  ( 0.1181102362204724532, 0.000000000000000000, -0.5708661417322835607 ) );
#10035=ORIENTED_EDGE ( 'NONE', *, *, #9174, .F. );
#10036=FACE_OUTER_BOUND ( 'NONE', #3209, .T. );
#10037=EDGE_CURVE ( 'NONE', #8197, #7549, #8179, .T. );
#10038=ORIENTED_EDGE ( 'NONE', *, *, #5083, .T. );
#10039=CARTESIAN_POINT ( 'NONE',  ( 0.04197615846927581218, -0.01574803149606289476, -0.5018873537367648519 ) );
#10040=AXIS2_PLACEMENT_3D ( 'NONE', #510, #73, #54 );
#10041=CARTESIAN_POINT ( 'NONE',  ( 0.09251968502040699982, 0.08678387582353905283, -0.04930634847533098969 ) );
#10042=EDGE_LOOP ( 'NONE', ( #145, #9722, #10617, #11076, #2060, #4574, #5087, #9083, #2639, #4418, #8045, #6291 ) );
#10043=VERTEX_POINT ( 'NONE', #191 );
#10044=LINE ( 'NONE', #3097, #11 );
#10045=VERTEX_POINT ( 'NONE', #326 );
#10046=EDGE_CURVE ( 'NONE', #5923, #5971, #6728, .T. );
#10047=ORIENTED_EDGE ( 'NONE', *, *, #5847, .F. );
#10048=EDGE_LOOP ( 'NONE', ( #636, #7627, #2192, #6567 ) );
#10049=ORIENTED_EDGE ( 'NONE', *, *, #1177, .F. );
#10050=EDGE_CURVE ( 'NONE', #3371, #9894, #7244, .T. );
#10051=CARTESIAN_POINT ( 'NONE',  ( -0.05905511811023622659, -0.1023622047244094474, -0.6131889763779527769 ) );
#10052=VERTEX_POINT ( 'NONE', #9362 );
#10053=EDGE_LOOP ( 'NONE', ( #807, #2201, #11166, #3301 ) );
#10054=PLANE ( 'NONE',  #10635 );
#10055=CARTESIAN_POINT ( 'NONE',  ( -0.1373031496062992185, -0.09251968503937008093, -0.1535433070866141780 ) );
#10056=ADVANCED_FACE ( 'NONE', ( #4121 ), #4061, .F. );
#10057=ORIENTED_EDGE ( 'NONE', *, *, #8554, .T. );
#10058=LINE ( 'NONE', #1956, #31 );
#10059=CARTESIAN_POINT ( 'NONE',  ( 0.09153543307086613179, 0.008858267716535432948, -0.1259842519685039353 ) );
#10060=EDGE_CURVE ( 'NONE', #4550, #5755, #4969, .T. );
#10061=ORIENTED_EDGE ( 'NONE', *, *, #3016, .T. );
#10062=CARTESIAN_POINT ( 'NONE',  ( 0.09545677526177166750, -0.04339982864204724317, -0.08574911628464566837 ) );
#10063=EDGE_CURVE ( 'NONE', #5801, #5881, #7601, .T. );
#10064=CARTESIAN_POINT ( 'NONE',  ( 0.03838593298825142275, -0.01555075553441638732, -0.4895354252637038051 ) );
#10065=ORIENTED_EDGE ( 'NONE', *, *, #2922, .F. );
#10066=CARTESIAN_POINT ( 'NONE',  ( 0.04132749983997085347, 0.01836463053910654050, -0.5015327682363335260 ) );
#10067=VERTEX_POINT ( 'NONE', #10202 );
#10068=ORIENTED_EDGE ( 'NONE', *, *, #634, .T. );
#10069=CARTESIAN_POINT ( 'NONE',  ( -0.05099147183853914439, -0.04921259842519551397, -0.2273622047244094335 ) );
#10070=AXIS2_PLACEMENT_3D ( 'NONE', #3306, #73, #54 );
#10071=VERTEX_POINT ( 'NONE', #5787 );
#10072=EDGE_CURVE ( 'NONE', #822, #1659, #9513, .T. );
#10073=EDGE_CURVE ( 'NONE', #9879, #6303, #8376, .T. );
#10074=CARTESIAN_POINT ( 'NONE',  ( -0.08366141732283464971, -0.03543307086614173179, -0.4251968503937008093 ) );
#10075=CARTESIAN_POINT ( 'NONE',  ( -0.02721304011555450084, -0.1275040290269355558, -0.3532290801306083861 ) );
#10076=CARTESIAN_POINT ( 'NONE',  ( 0.06175491430025203260, 0.02865594736466666251, -0.06330046795767853285 ) );
#10077=ORIENTED_EDGE ( 'NONE', *, *, #8568, .T. );
#10078=CARTESIAN_POINT ( 'NONE',  ( 0.09251746108176979455, -0.04306413374385655718, -0.08567220199511225986 ) );
#10079=EDGE_CURVE ( 'NONE', #6576, #4568, #5839, .T. );
#10080=LINE ( 'NONE', #1161, #311 );
#10081=EDGE_CURVE ( 'NONE', #4356, #4111, #1655, .T. );
#10082=CARTESIAN_POINT ( 'NONE',  ( -0.05948629167710124677, 0.02759807126200337912, -0.2145303229371738341 ) );
#10083=ORIENTED_EDGE ( 'NONE', *, *, #9321, .F. );
#10084=VERTEX_POINT ( 'NONE', #1417 );
#10085=EDGE_LOOP ( 'NONE', ( #2858, #4664, #4284, #7600 ) );
#10086=CARTESIAN_POINT ( 'NONE',  ( 0.04232283464566918840, -0.01631937908504991694, -0.5009753513428858440 ) );
#10087=LINE ( 'NONE', #9979, #11 );
#10088=CARTESIAN_POINT ( 'NONE',  ( -0.05737923281619382310, 0.04481997484075615074, -0.2062809095001210957 ) );
#10089=EDGE_LOOP ( 'NONE', ( #7337, #2175, #273, #10390 ) );
#10090=ORIENTED_EDGE ( 'NONE', *, *, #1656, .F. );
#10091=CARTESIAN_POINT ( 'NONE',  ( -0.09055118110232440731, 0.08851701248271652556, -0.1830181574880315187 ) );
#10092=EDGE_CURVE ( 'NONE', #6607, #8367, #10367, .T. );
#10093=LINE ( 'NONE', #2863, #58 );
#10094=EDGE_CURVE ( 'NONE', #7721, #4160, #2349, .T. );
#10095=CARTESIAN_POINT ( 'NONE',  ( 0.03635648856704330745, 0.03845646931959842418, -0.3745343997585038887 ) );
#10096=VERTEX_POINT ( 'NONE', #4908 );
#10097=VERTEX_POINT ( 'NONE', #8637 );
#10098=EDGE_LOOP ( 'NONE', ( #9598, #782, #6583, #3085 ) );
#10099=ORIENTED_EDGE ( 'NONE', *, *, #8088, .F. );
#10100=AXIS2_PLACEMENT_3D ( 'NONE', #10901, #2862, #3826 );
#10101=AXIS2_PLACEMENT_3D ( 'NONE', #3150, #73, #54 );
#10102=CYLINDRICAL_SURFACE ( 'NONE', #7562, 0.009842519684660573989 );
#10103=CARTESIAN_POINT ( 'NONE',  ( -0.06692913385826770867, -0.07677165354330708902, -0.02460629921259842659 ) );
#10104=CARTESIAN_POINT ( 'NONE',  ( 0.08970629198188975750, 0.08858267716535432601, -0.08070866141738190780 ) );
#10105=ORIENTED_EDGE ( 'NONE', *, *, #675, .T. );
#10106=ORIENTED_EDGE ( 'NONE', *, *, #10464, .T. );
#10107=LINE ( 'NONE', #4087, #24 );
#10108=AXIS2_PLACEMENT_3D ( 'NONE', #2554, #73, #54 );
#10109=VECTOR ( 'NONE', #4798, 39.37007874015748143 );
#10110=CARTESIAN_POINT ( 'NONE',  ( 0.06921758502394113888, 0.03213584787341063065, -0.05153632980847937251 ) );
#10111=EDGE_CURVE ( 'NONE', #9669, #9178, #11062, .T. );
#10112=ORIENTED_EDGE ( 'NONE', *, *, #6381, .F. );
#10113=FACE_OUTER_BOUND ( 'NONE', #11079, .T. );
#10114=CARTESIAN_POINT ( 'NONE',  ( -0.07578740157480315376, 0.08558354396633859051, -0.2263315754624015963 ) );
#10115=ORIENTED_EDGE ( 'NONE', *, *, #3471, .F. );
#10116=LINE ( 'NONE', #2078, #11 );
#10117=ADVANCED_FACE ( 'NONE', ( #5143 ), #8699, .F. );
#10118=CARTESIAN_POINT ( 'NONE',  ( -0.08956692913385827515, -0.07874015748031495954, -0.5708661417322835607 ) );
#10119=CARTESIAN_POINT ( 'NONE',  ( -0.09181796681019684103, 0.09137554646074803888, -0.2148741859657086473 ) );
#10120=CARTESIAN_POINT ( 'NONE',  ( -0.1023622047244094474, -6.616194359655629316E-17, -0.1771653544247834555 ) );
#10121=ADVANCED_FACE ( 'NONE', ( #11120 ), #1358, .T. );
#10122=AXIS2_PLACEMENT_3D ( 'NONE', #5797, #73, #98 );
#10123=ORIENTED_EDGE ( 'NONE', *, *, #9662, .F. );
#10124=CARTESIAN_POINT ( 'NONE',  ( -0.09251286396959645941, -0.04294071726495440888, -0.1820610028124058921 ) );
#10125=ORIENTED_EDGE ( 'NONE', *, *, #734, .T. );
#10126=CARTESIAN_POINT ( 'NONE',  ( 0.08070866141732284393, -0.07381889763779526936, -0.1496062992125984370 ) );
#10127=ORIENTED_EDGE ( 'NONE', *, *, #7495, .F. );
#10128=DIRECTION ( 'NONE',  ( -1.179783593348923549E-15, -6.852669482149198364E-16, 1.000000000000000000 ) );
#10129=ORIENTED_EDGE ( 'NONE', *, *, #3557, .F. );
#10130=CARTESIAN_POINT ( 'NONE',  ( 0.07677165354330708902, 0.08858267716535432601, -0.1141732283464566844 ) );
#10131=AXIS2_PLACEMENT_3D ( 'NONE', #3143, #1254, #16 );
#10132=CARTESIAN_POINT ( 'NONE',  ( 0.06029723278932382774, 0.02797621931298617873, -0.06968503937007874960 ) );
#10133=EDGE_CURVE ( 'NONE', #1730, #5274, #5029, .T. );
#10134=ORIENTED_EDGE ( 'NONE', *, *, #3544, .T. );
#10135=CARTESIAN_POINT ( 'NONE',  ( -0.02952755905511811330, -0.09055118110236221041, -0.5885826771653542844 ) );
#10136=LINE ( 'NONE', #3861, #33 );
#10137=EDGE_CURVE ( 'NONE', #6120, #1945, #1898, .T. );
#10138=EDGE_CURVE ( 'NONE', #8954, #2299, #8471, .T. );
#10139=LINE ( 'NONE', #8354, #33 );
#10140=CARTESIAN_POINT ( 'NONE',  ( -0.06510514525692485954, 0.002020126823978734328, -0.1852534358861750163 ) );
#10141=ORIENTED_EDGE ( 'NONE', *, *, #11298, .T. );
#10142=VECTOR ( 'NONE', #5399, 39.37007874015748143 );
#10143=ORIENTED_EDGE ( 'NONE', *, *, #6226, .F. );
#10144=CARTESIAN_POINT ( 'NONE',  ( 0.1653543307086614012, -0.1023622047244094474, -0.4350393700787402174 ) );
#10145=VERTEX_POINT ( 'NONE', #7892 );
#10146=CARTESIAN_POINT ( 'NONE',  ( 0.09014303643464567639, 0.09548054374507873587, -0.05562763317649607048 ) );
#10147=CARTESIAN_POINT ( 'NONE',  ( -0.05635844135570512031, 0.04022872094059463249, -0.1916469246506206647 ) );
#10148=ADVANCED_FACE ( 'NONE', ( #11510 ), #3502, .T. );
#10149=ORIENTED_EDGE ( 'NONE', *, *, #5515, .T. );
#10150=ORIENTED_EDGE ( 'NONE', *, *, #4920, .F. );
#10151=PLANE ( 'NONE',  #4007 );
#10152=AXIS2_PLACEMENT_3D ( 'NONE', #1900, #16, #47 );
#10153=ADVANCED_FACE ( 'NONE', ( #3387 ), #9844, .F. );
#10154=PLANE ( 'NONE',  #10122 );
#10155=CYLINDRICAL_SURFACE ( 'NONE', #2083, 0.009842519685039378616 );
#10156=VERTEX_POINT ( 'NONE', #2591 );
#10157=ORIENTED_EDGE ( 'NONE', *, *, #3008, .T. );
#10158=ORIENTED_EDGE ( 'NONE', *, *, #3017, .T. );
#10159=ORIENTED_EDGE ( 'NONE', *, *, #2305, .F. );
#10160=AXIS2_PLACEMENT_3D ( 'NONE', #3258, #166, #73 );
#10161=FACE_OUTER_BOUND ( 'NONE', #10597, .T. );
#10162=FACE_OUTER_BOUND ( 'NONE', #7636, .T. );
#10163=EDGE_CURVE ( 'NONE', #7649, #11609, #5199, .T. );
#10164=VERTEX_POINT ( 'NONE', #516 );
#10165=VERTEX_POINT ( 'NONE', #7834 );
#10166=ADVANCED_FACE ( 'NONE', ( #11400 ), #10528, .T. );
#10167=LINE ( 'NONE', #8496, #58 );
#10168=CARTESIAN_POINT ( 'NONE',  ( -0.1005178698235504042, -0.03498782949330240394, -0.2135826771653543399 ) );
#10169=FACE_OUTER_BOUND ( 'NONE', #4301, .T. );
#10170=CARTESIAN_POINT ( 'NONE',  ( 0.09251968503937008093, -0.004921259842519684971, -0.09055118110236221041 ) );
#10171=CARTESIAN_POINT ( 'NONE',  ( 0.08267716535433070058, -0.001476377952736218548, -0.5708661417322835607 ) );
#10172=ORIENTED_EDGE ( 'NONE', *, *, #7440, .T. );
#10173=CARTESIAN_POINT ( 'NONE',  ( -0.09744094488188977110, -0.004921259842519684971, -0.1722440944881890035 ) );
#10174=CARTESIAN_POINT ( 'NONE',  ( -0.02849692979311811009, 0.07086614173228346358, -0.2500463772935039297 ) );
#10175=CARTESIAN_POINT ( 'NONE',  ( 0.09096184730525097573, 0.09849179892268307424, -0.08509553670110235613 ) );
#10176=AXIS2_PLACEMENT_3D ( 'NONE', #362, #73, #54 );
#10177=ORIENTED_EDGE ( 'NONE', *, *, #7857, .T. );
#10178=CYLINDRICAL_SURFACE ( 'NONE', #4389, 0.009842518234155217538 );
#10179=CARTESIAN_POINT ( 'NONE',  ( 0.07090762171942670278, 0.03336349163061903128, -0.4124260297782899598 ) );
#10180=CARTESIAN_POINT ( 'NONE',  ( -0.09490941340944883398, 0.08896659741334644877, -0.2178877011414567244 ) );
#10181=ORIENTED_EDGE ( 'NONE', *, *, #3426, .T. );
#10182=PLANE ( 'NONE',  #4319 );
#10183=CIRCLE ( 'NONE', #7666, 0.009842519685039378616 );
#10184=EDGE_CURVE ( 'NONE', #6786, #9647, #6327, .T. );
#10185=ORIENTED_EDGE ( 'NONE', *, *, #11153, .T. );
#10186=CARTESIAN_POINT ( 'NONE',  ( -0.1785629921259842545, -0.09251968503937008093, -0.1939440150887795089 ) );
#10187=ORIENTED_EDGE ( 'NONE', *, *, #9268, .F. );
#10188=LINE ( 'NONE', #10297, #11 );
#10189=VERTEX_POINT ( 'NONE', #5257 );
#10190=ORIENTED_EDGE ( 'NONE', *, *, #7212, .F. );
#10191=LINE ( 'NONE', #2382, #293 );
#10192=ADVANCED_FACE ( 'NONE', ( #2531 ), #9733, .T. );
#10193=VECTOR ( 'NONE', #263, 39.37007874015748143 );
#10194=CARTESIAN_POINT ( 'NONE',  ( 0.09448818897637795144, -0.06003937007874016185, -0.1633858267716535584 ) );
#10195=CARTESIAN_POINT ( 'NONE',  ( 0.08260009332591693176, 0.03937007874015747977, -0.2198510298031074728 ) );
#10196=DIRECTION ( 'NONE',  ( -0.9063077870366595956, -0.4226182617406787911, -1.358853384153150289E-15 ) );
#10197=CARTESIAN_POINT ( 'NONE',  ( 0.05430466209628648927, 0.02518183770682012532, -0.08246309954683801735 ) );
#10198=CARTESIAN_POINT ( 'NONE',  ( -0.05137688055471047871, 0.02381659075254714819, -0.1980314960629921128 ) );
#10199=ORIENTED_EDGE ( 'NONE', *, *, #10422, .F. );
#10200=AXIS2_PLACEMENT_3D ( 'NONE', #4407, #16, #7 );
#10201=ADVANCED_FACE ( 'NONE', ( #6196 ), #1597, .F. );
#10202=CARTESIAN_POINT ( 'NONE',  ( -0.04841944222168118039, 0.07673760904658838422, -0.2185039362821122322 ) );
#10203=ORIENTED_EDGE ( 'NONE', *, *, #5867, .F. );
#10204=FACE_OUTER_BOUND ( 'NONE', #7051, .T. );
#10205=ORIENTED_EDGE ( 'NONE', *, *, #6604, .T. );
#10206=LINE ( 'NONE', #3152, #188 );
#10207=ORIENTED_EDGE ( 'NONE', *, *, #6921, .F. );
#10208=VERTEX_POINT ( 'NONE', #7010 );
#10209=CARTESIAN_POINT ( 'NONE',  ( -0.09189520759677559381, 0.09845036013917697615, -0.1818573259949637644 ) );
#10210=( BOUNDED_SURFACE ( )  B_SPLINE_SURFACE ( 3, 3, (( #7813, #361, #3309, #10403 ),( #2386, #10564, #2630, #11602 ),( #9049, #11380, #676, #4339 ),( #1636, #6225, #9829, #7266 ) ),.UNSPECIFIED., .F., .F., .F. )B_SPLINE_SURFACE_WITH_KNOTS ( ( 4, 4 ),( 4, 4 ),( 0.1021452431148181378, 0.9031977688068828503 ),( 0.000000000000000000, 1.000000000000000000 ),.UNSPECIFIED. )GEOMETRIC_REPRESENTATION_ITEM ( )  RATIONAL_B_SPLINE_SURFACE ( (( 0.9217859906562009265, 0.3072619968853985695, 0.3072619968853985695, 0.9217859906562009265),( 0.7405874879756565443, 0.2468624959918840900, 0.2468624959918840900, 0.7405874879756565443),( 0.7418041955093256368, 0.2472680651697737875, 0.2472680651697737875, 0.7418041955093256368),( 0.9254361132572077597, 0.3084787044190674954, 0.3084787044190674954, 0.9254361132572077597) ) )REPRESENTATION_ITEM ( '' )  SURFACE ( )  );
#10211=CIRCLE ( 'NONE', #330, 0.008249413437098514212 );
#10212=CARTESIAN_POINT ( 'NONE',  ( -0.07578740157480315376, 0.08558354396633859051, -0.1407016542025590622 ) );
#10213=CARTESIAN_POINT ( 'NONE',  ( 0.03651675382079133669, 0.03949396742625984474, -0.3614686524672047208 ) );
#10214=ORIENTED_EDGE ( 'NONE', *, *, #10368, .F. );
#10215=EDGE_CURVE ( 'NONE', #5434, #4010, #2498, .T. );
#10216=ORIENTED_EDGE ( 'NONE', *, *, #10942, .F. );
#10217=B_SPLINE_CURVE_WITH_KNOTS ( 'NONE', 3,( #3292, #2820, #6469, #8332, #2015, #7382, #6591 ),.UNSPECIFIED., .F., .F.,( 4, 3, 4 ),( 4.876915748164464422E-08, 8.382197639353493519E-05, 0.0001692953113729767979 ),.UNSPECIFIED. );
#10218=ORIENTED_EDGE ( 'NONE', *, *, #1428, .T. );
#10219=CIRCLE ( 'NONE', #6402, 0.003937007874015747977 );
#10220=ORIENTED_EDGE ( 'NONE', *, *, #9236, .F. );
#10221=FACE_OUTER_BOUND ( 'NONE', #6896, .T. );
#10222=PLANE ( 'NONE',  #1240 );
#10223=ADVANCED_FACE ( 'NONE', ( #9625 ), #1541, .F. );
#10224=EDGE_CURVE ( 'NONE', #4402, #4413, #3447, .T. );
#10225=VERTEX_POINT ( 'NONE', #4415 );
#10226=ORIENTED_EDGE ( 'NONE', *, *, #2002, .T. );
#10227=CARTESIAN_POINT ( 'NONE',  ( -0.03979963754400338283, 0.08357814700086889370, -0.2086614173228701075 ) );
#10228=CARTESIAN_POINT ( 'NONE',  ( 0.05118110236220472370, 0.09842519685039370636, -0.4685039370078740717 ) );
#10229=LINE ( 'NONE', #10539, #6558 );
#10230=CARTESIAN_POINT ( 'NONE',  ( -0.07578740157480315376, 0.08661417322834646937, -0.1683070866141732347 ) );
#10231=LINE ( 'NONE', #7631, #11 );
#10232=VERTEX_POINT ( 'NONE', #9065 );
#10233=EDGE_CURVE ( 'NONE', #6455, #10872, #2777, .T. );
#10234=ADVANCED_FACE ( 'NONE', ( #5589 ), #5647, .T. );
#10235=VERTEX_POINT ( 'NONE', #4589 );
#10236=DIRECTION ( 'NONE',  ( -1.445602896647331146E-14, 0.000000000000000000, 1.000000000000000000 ) );
#10237=CARTESIAN_POINT ( 'NONE',  ( 0.09055118110232521222, 0.08848420128714684640, -0.08469837794503937145 ) );
#10238=ORIENTED_EDGE ( 'NONE', *, *, #2583, .F. );
#10239=CARTESIAN_POINT ( 'NONE',  ( -0.1023622047244094474, 3.067993352259669355E-18, -0.2185039370078740439 ) );
#10240=FACE_OUTER_BOUND ( 'NONE', #9639, .T. );
#10241=VERTEX_POINT ( 'NONE', #5477 );
#10242=CARTESIAN_POINT ( 'NONE',  ( 0.08014803458026377447, -0.002949269674856775519, -0.09055118110236221041 ) );
#10243=CARTESIAN_POINT ( 'NONE',  ( -0.1673228346456692994, -0.09251968503937008093, -0.1929133858267716439 ) );
#10244=ADVANCED_FACE ( 'NONE', ( #819 ), #7397, .T. );
#10245=ORIENTED_EDGE ( 'NONE', *, *, #10270, .T. );
#10246=FACE_OUTER_BOUND ( 'NONE', #7609, .T. );
#10247=ORIENTED_EDGE ( 'NONE', *, *, #1799, .F. );
#10248=EDGE_LOOP ( 'NONE', ( #3507, #8307, #207, #11020 ) );
#10249=ORIENTED_EDGE ( 'NONE', *, *, #143, .T. );
#10250=DIRECTION ( 'NONE',  ( 0.000000000000000000, -0.2425356250356054955, 0.9701425001455138419 ) );
#10251=PLANE ( 'NONE',  #3135 );
#10252=PLANE ( 'NONE',  #7960 );
#10253=FACE_OUTER_BOUND ( 'NONE', #9056, .T. );
#10254=CARTESIAN_POINT ( 'NONE',  ( 0.04563888231668675188, 0.03612176768386411718, -0.07647366962751109276 ) );
#10255=EDGE_CURVE ( 'NONE', #7130, #3105, #9902, .T. );
#10256=ORIENTED_EDGE ( 'NONE', *, *, #5067, .F. );
#10257=ORIENTED_EDGE ( 'NONE', *, *, #3830, .T. );
#10258=CARTESIAN_POINT ( 'NONE',  ( 0.04035433070866142197, 0.09842519685039370636, -0.2854330708661417804 ) );
#10259=ORIENTED_EDGE ( 'NONE', *, *, #6846, .T. );
#10260=LINE ( 'NONE', #6961, #1317 );
#10261=ORIENTED_EDGE ( 'NONE', *, *, #6789, .F. );
#10262=EDGE_CURVE ( 'NONE', #7773, #8897, #1903, .T. );
#10263=CARTESIAN_POINT ( 'NONE',  ( -0.06029723278932106606, 0.02797621931299352702, -0.1946454000709148813 ) );
#10264=EDGE_CURVE ( 'NONE', #6029, #2288, #274, .T. );
#10265=ORIENTED_EDGE ( 'NONE', *, *, #10353, .F. );
#10266=EDGE_LOOP ( 'NONE', ( #3333, #8329, #4405, #11427 ) );
#10267=CARTESIAN_POINT ( 'NONE',  ( 0.03740157480314960925, 0.07677165354330708902, -0.5708661417322835607 ) );
#10268=CIRCLE ( 'NONE', #1811, 0.01181102362204724046 );
#10269=CARTESIAN_POINT ( 'NONE',  ( 0.1023481911058383848, -0.04256444209283700986, -0.08565497102105690264 ) );
#10270=EDGE_CURVE ( 'NONE', #8127, #9156, #4698, .T. );
#10271=ORIENTED_EDGE ( 'NONE', *, *, #9538, .F. );
#10272=ORIENTED_EDGE ( 'NONE', *, *, #5967, .T. );
#10273=ORIENTED_EDGE ( 'NONE', *, *, #8654, .F. );
#10274=ORIENTED_EDGE ( 'NONE', *, *, #11441, .F. );
#10275=CARTESIAN_POINT ( 'NONE',  ( 0.03248031496062991907, 0.06102362204724409711, -0.5649606299212598381 ) );
#10276=VERTEX_POINT ( 'NONE', #6428 );
#10277=ORIENTED_EDGE ( 'NONE', *, *, #8774, .T. );
#10278=( BOUNDED_CURVE ( )  B_SPLINE_CURVE ( 3, ( #8426, #4921, #9088, #639 ),.UNSPECIFIED., .F., .F. )B_SPLINE_CURVE_WITH_KNOTS ( ( 4, 4 ),( 0.05204745709796153308, 1.000000000000000000 ),.UNSPECIFIED. )CURVE ( )  GEOMETRIC_REPRESENTATION_ITEM ( )  RATIONAL_B_SPLINE_CURVE ( ( 0.9868038654828877876, 0.9110878126980618275, 0.9154865242037659723, 1.000000000000000000 ) )REPRESENTATION_ITEM ( '' )  );
#10279=CARTESIAN_POINT ( 'NONE',  ( -0.05905511811023622659, -0.09055118110236221041, -0.5885826771653542844 ) );
#10280=CARTESIAN_POINT ( 'NONE',  ( -0.08267716535433070058, -0.06102362204724409711, -0.4251968503937008093 ) );
#10281=EDGE_CURVE ( 'NONE', #1110, #594, #4771, .T. );
#10282=PLANE ( 'NONE',  #8122 );
#10283=EDGE_CURVE ( 'NONE', #7994, #1871, #1779, .T. );
#10284=EDGE_CURVE ( 'NONE', #6824, #9901, #6884, .T. );
#10285=LINE ( 'NONE', #6479, #10668 );
#10286=ORIENTED_EDGE ( 'NONE', *, *, #243, .F. );
#10287=EDGE_LOOP ( 'NONE', ( #5626, #3769 ) );
#10288=CARTESIAN_POINT ( 'NONE',  ( 0.03740157480314960925, -0.06102362204724409711, -0.4370078740157480879 ) );
#10289=ORIENTED_EDGE ( 'NONE', *, *, #2861, .F. );
#10290=CARTESIAN_POINT ( 'NONE',  ( -0.1023622047244094474, -0.004921259842519684971, -0.2234251968503937202 ) );
#10291=CARTESIAN_POINT ( 'NONE',  ( -0.09843453253311025553, 0.09086930876188976935, -0.2178877015254724603 ) );
#10292=CIRCLE ( 'NONE', #3798, 0.002604078714206455817 );
#10293=EDGE_CURVE ( 'NONE', #2953, #8174, #10136, .T. );
#10294=ORIENTED_EDGE ( 'NONE', *, *, #6381, .T. );
#10295=CARTESIAN_POINT ( 'NONE',  ( 0.1023575014348019896, -0.04280957544328405084, -0.05409273695267800830 ) );
#10296=ORIENTED_EDGE ( 'NONE', *, *, #3296, .T. );
#10297=CARTESIAN_POINT ( 'NONE',  ( 0.08858267716535432601, 0.07185039370078739884, -0.1633858267716535584 ) );
#10298=VERTEX_POINT ( 'NONE', #298 );
#10299=ORIENTED_EDGE ( 'NONE', *, *, #9174, .T. );
#10300=DIRECTION ( 'NONE',  ( 1.040754486453548062E-26, -1.000000000000000000, 8.673617380300369634E-16 ) );
#10301=LINE ( 'NONE', #2277, #8784 );
#10302=FACE_OUTER_BOUND ( 'NONE', #3063, .T. );
#10303=EDGE_CURVE ( 'NONE', #2900, #2043, #1969, .T. );
#10304=EDGE_CURVE ( 'NONE', #6563, #5817, #2899, .T. );
#10305=FACE_OUTER_BOUND ( 'NONE', #733, .T. );
#10306=CARTESIAN_POINT ( 'NONE',  ( -0.1373031496062992185, -0.09251968503937008093, -0.1929133858267716439 ) );
#10307=ORIENTED_EDGE ( 'NONE', *, *, #10942, .T. );
#10308=ORIENTED_EDGE ( 'NONE', *, *, #6318, .T. );
#10309=CARTESIAN_POINT ( 'NONE',  ( -0.1043307086614173318, 0.01082677165354330867, -0.02460629921259842659 ) );
#10310=ORIENTED_EDGE ( 'NONE', *, *, #3017, .F. );
#10311=ORIENTED_EDGE ( 'NONE', *, *, #483, .T. );
#10312=AXIS2_PLACEMENT_3D ( 'NONE', #11315, #47, #73 );
#10313=CIRCLE ( 'NONE', #5225, 0.01181102362215340727 );
#10314=CARTESIAN_POINT ( 'NONE',  ( 0.04035433070866142197, 0.07333954513052447222, -0.04921259987627280702 ) );
#10315=CARTESIAN_POINT ( 'NONE',  ( 0.06003894837578267751, 0.01799467677328740398, -0.5199281018315330405 ) );
#10316=ORIENTED_EDGE ( 'NONE', *, *, #3384, .F. );
#10317=ORIENTED_EDGE ( 'NONE', *, *, #1601, .F. );
#10318=CARTESIAN_POINT ( 'NONE',  ( -0.09942217767799213513, -0.04363495115940945607, -0.2137392646222047443 ) );
#10319=CARTESIAN_POINT ( 'NONE',  ( -0.09055118110224411043, 0.09186359565429134955, -0.1830181574880315187 ) );
#10320=B_SPLINE_CURVE_WITH_KNOTS ( 'NONE', 3,( #1136, #10179, #8675, #298 ),.UNSPECIFIED., .F., .F.,( 4, 4 ),( 0.000000000000000000, 1.000000000000000000 ),.UNSPECIFIED. );
#10321=AXIS2_PLACEMENT_3D ( 'NONE', #3213, #2291, #6142 );
#10322=CARTESIAN_POINT ( 'NONE',  ( -0.09249695444981138881, 0.08694806796118954850, -0.2183367007125408821 ) );
#10323=ORIENTED_EDGE ( 'NONE', *, *, #10092, .F. );
#10324=EDGE_CURVE ( 'NONE', #1488, #8390, #11735, .T. );
#10325=ORIENTED_EDGE ( 'NONE', *, *, #7052, .F. );
#10326=ORIENTED_EDGE ( 'NONE', *, *, #2140, .T. );
#10327=EDGE_LOOP ( 'NONE', ( #5174, #8816, #11483, #7214, #3273, #10888, #6403, #1883 ) );
#10328=CARTESIAN_POINT ( 'NONE',  ( 0.09744094488188977110, -0.004921259842519684971, -0.04429133858267716300 ) );
#10329=CARTESIAN_POINT ( 'NONE',  ( 0.02950530667953348007, -0.1275040290269041643, -0.4145319600535229965 ) );
#10330=CARTESIAN_POINT ( 'NONE',  ( -0.04236921193917322914, 0.07086614173228346358, -0.02173228346456692814 ) );
#10331=VERTEX_POINT ( 'NONE', #6546 );
#10332=VERTEX_POINT ( 'NONE', #9177 );
#10333=ADVANCED_FACE ( 'NONE', ( #2955 ), #6605, .F. );
#10334=LINE ( 'NONE', #5683, #2852 );
#10335=CARTESIAN_POINT ( 'NONE',  ( 0.1023622047244094474, 0.04094488188975471676, -0.1240157480314960647 ) );
#10336=AXIS2_PLACEMENT_3D ( 'NONE', #10986, #5077, #7 );
#10337=AXIS2_PLACEMENT_3D ( 'NONE', #11678, #47, #7 );
#10338=CARTESIAN_POINT ( 'NONE',  ( -0.06029723278931566066, 0.02797621931298966205, -0.1980314960628333232 ) );
#10339=ORIENTED_EDGE ( 'NONE', *, *, #2275, .T. );
#10340=ORIENTED_EDGE ( 'NONE', *, *, #8035, .T. );
#10341=CARTESIAN_POINT ( 'NONE',  ( 0.05221173162421260255, -0.05999299278523621826, -0.4370078740157480879 ) );
#10342=EDGE_CURVE ( 'NONE', #9901, #10843, #5704, .T. );
#10343=CARTESIAN_POINT ( 'NONE',  ( 0.09076657393729291312, 0.08851030152140393348, -0.08585921327825433991 ) );
#10344=CARTESIAN_POINT ( 'NONE',  ( 0.03838593298828563150, 0.02621448734087806695, -0.5062230609793075820 ) );
#10345=CARTESIAN_POINT ( 'NONE',  ( -0.09110636329484252116, 0.09150288118019685168, -0.2138119680276377998 ) );
#10346=ADVANCED_FACE ( 'NONE', ( #2718 ), #6366, .F. );
#10347=ORIENTED_EDGE ( 'NONE', *, *, #3480, .T. );
#10348=CIRCLE ( 'NONE', #7839, 0.005905511811023654925 );
#10349=EDGE_LOOP ( 'NONE', ( #1482, #10964, #4883, #9265 ) );
#10350=CYLINDRICAL_SURFACE ( 'NONE', #3582, 0.005905511811023654925 );
#10351=AXIS2_PLACEMENT_3D ( 'NONE', #8913, #8862, #6430 );
#10352=ORIENTED_EDGE ( 'NONE', *, *, #5593, .T. );
#10353=EDGE_CURVE ( 'NONE', #9387, #11151, #7522, .T. );
#10354=VERTEX_POINT ( 'NONE', #117 );
#10355=EDGE_LOOP ( 'NONE', ( #7822, #174, #8331, #5078 ) );
#10356=CARTESIAN_POINT ( 'NONE',  ( 0.04132750049012996058, -0.01836462981090385138, -0.5015327678035040870 ) );
#10357=FACE_OUTER_BOUND ( 'NONE', #2920, .T. );
#10358=EDGE_CURVE ( 'NONE', #5738, #11350, #8906, .T. );
#10359=DIRECTION ( 'NONE',  ( -0.9063077870365078281, 0.4226182617410043640, 2.646977960156699472E-16 ) );
#10360=EDGE_CURVE ( 'NONE', #11217, #7673, #11434, .T. );
#10361=PLANE ( 'NONE',  #11597 );
#10362=LINE ( 'NONE', #9617, #58 );
#10363=CARTESIAN_POINT ( 'NONE',  ( -0.09055118110236221041, 0.08858267716535432601, -0.1633594724448031443 ) );
#10364=ORIENTED_EDGE ( 'NONE', *, *, #7295, .T. );
#10365=ORIENTED_EDGE ( 'NONE', *, *, #11180, .F. );
#10366=ADVANCED_FACE ( 'NONE', ( #5772 ), #5014, .T. );
#10367=LINE ( 'NONE', #10258, #58 );
#10368=EDGE_CURVE ( 'NONE', #340, #7569, #8624, .T. );
#10369=ORIENTED_EDGE ( 'NONE', *, *, #7537, .F. );
#10370=CARTESIAN_POINT ( 'NONE',  ( -0.06911126471411987993, 0.03236385251361358073, -0.1798845302387275802 ) );
#10371=ORIENTED_EDGE ( 'NONE', *, *, #11161, .T. );
#10372=CARTESIAN_POINT ( 'NONE',  ( 0.02360424534363157745, -0.1299212598425196763, -0.4143027333971496251 ) );
#10373=CARTESIAN_POINT ( 'NONE',  ( 0.04589997907740536037, 0.000000000000000000, -0.3285501270213432856 ) );
#10374=VERTEX_POINT ( 'NONE', #2271 );
#10375=ORIENTED_EDGE ( 'NONE', *, *, #1477, .T. );
#10376=CARTESIAN_POINT ( 'NONE',  ( -0.09148774027484252169, -0.04347825652311023553, -0.2137390896710236188 ) );
#10377=CARTESIAN_POINT ( 'NONE',  ( -0.09138269308393701107, 0.08841028726775590485, -0.1798420611619684917 ) );
#10378=AXIS2_PLACEMENT_3D ( 'NONE', #5418, #16, #47 );
#10379=LINE ( 'NONE', #5041, #293 );
#10380=EDGE_CURVE ( 'NONE', #11004, #342, #6706, .T. );
#10381=ORIENTED_EDGE ( 'NONE', *, *, #6951, .F. );
#10382=ORIENTED_EDGE ( 'NONE', *, *, #1957, .T. );
#10383=ORIENTED_EDGE ( 'NONE', *, *, #616, .T. );
#10384=EDGE_LOOP ( 'NONE', ( #9735, #9401, #7027, #11089 ) );
#10385=CARTESIAN_POINT ( 'NONE',  ( -0.01172771485626873667, -0.1299212598425197041, -0.3919825615749534808 ) );
#10386=LINE ( 'NONE', #6977, #293 );
#10387=CARTESIAN_POINT ( 'NONE',  ( 0.05418462958582716260, 0.02954760119135728738, -0.5217277878151401760 ) );
#10388=CONICAL_SURFACE ( 'NONE', #738, 0.07086614173228346358, 0.7853981633974482790 );
#10389=CARTESIAN_POINT ( 'NONE',  ( 0.06029723278932719310, 0.02797621931297921902, -0.06629894337800232296 ) );
#10390=ORIENTED_EDGE ( 'NONE', *, *, #6682, .F. );
#10391=ORIENTED_EDGE ( 'NONE', *, *, #10867, .F. );
#10392=CYLINDRICAL_SURFACE ( 'NONE', #7277, 0.01181102362202192738 );
#10393=LINE ( 'NONE', #7800, #31 );
#10394=CARTESIAN_POINT ( 'NONE',  ( -0.09210800723464100670, -0.02448822314146906556, 0.09842519685039372024 ) );
#10395=ORIENTED_EDGE ( 'NONE', *, *, #691, .T. );
#10396=EDGE_CURVE ( 'NONE', #2362, #11579, #7582, .T. );
#10397=EDGE_LOOP ( 'NONE', ( #6212, #10466, #8821, #2090, #6051, #5441 ) );
#10398=CARTESIAN_POINT ( 'NONE',  ( 0.05120780701434652499, -0.02735592087160764949, -0.4972899257900844638 ) );
#10399=CARTESIAN_POINT ( 'NONE',  ( -0.1005178698235490303, -0.03498782949329279357, -0.1820866141732283561 ) );
#10400=CARTESIAN_POINT ( 'NONE',  ( 0.1010440663463385846, 0.09227782562633858598, -0.08993494588594488914 ) );
#10401=B_SPLINE_CURVE_WITH_KNOTS ( 'NONE', 3,( #1861, #10041, #5791, #9316, #1987, #8186, #11644, #3707, #3766, #8304, #4856, #10953, #3948, #9080, #10773, #6905 ),.UNSPECIFIED., .F., .F.,( 4, 3, 3, 3, 3, 4 ),( 2.790134988014992631E-12, 1.336685203204636271E-05, 3.032039157022268917E-05, 5.752160588388633637E-05, 0.0001101561618578225893, 0.0001741990420040364696 ),.UNSPECIFIED. );
#10402=CARTESIAN_POINT ( 'NONE',  ( -0.09023000788185041310, 0.09151033133007874243, -0.2117960871490157659 ) );
#10403=CARTESIAN_POINT ( 'NONE',  ( -0.02950530667953005226, -0.1240157480314960231, -0.1366491423086615975 ) );
#10404=EDGE_CURVE ( 'NONE', #11680, #5880, #1147, .T. );
#10405=ADVANCED_FACE ( 'NONE', ( #4894 ), #367, .T. );
#10406=CIRCLE ( 'NONE', #6411, 0.01181102362204730985 );
#10407=ORIENTED_EDGE ( 'NONE', *, *, #8864, .T. );
#10408=CARTESIAN_POINT ( 'NONE',  ( 0.08858267716535432601, 0.07185039370060079811, -0.4586614173226999935 ) );
#10409=VERTEX_POINT ( 'NONE', #3168 );
#10410=CARTESIAN_POINT ( 'NONE',  ( -0.09251968503937008093, 0.04094488188976377896, -0.1417322834645669272 ) );
#10411=ORIENTED_EDGE ( 'NONE', *, *, #5377, .T. );
#10412=VERTEX_POINT ( 'NONE', #4834 );
#10413=CARTESIAN_POINT ( 'NONE',  ( -0.09251968503937008093, -0.07874015748031495954, -0.1978346456692913480 ) );
#10414=CARTESIAN_POINT ( 'NONE',  ( 0.06618313843016462861, 0.01069597680054971620, -0.06968503937007876348 ) );
#10415=LINE ( 'NONE', #6890, #11 );
#10416=LINE ( 'NONE', #8577, #11676 );
#10417=CARTESIAN_POINT ( 'NONE',  ( 0.08267716535433070058, -0.07185039370078739884, -0.1633858267716535584 ) );
#10418=EDGE_CURVE ( 'NONE', #7291, #11244, #5763, .T. );
#10419=CARTESIAN_POINT ( 'NONE',  ( 0.1023622047244094474, 0.06692913385826770867, -0.06988188976377952832 ) );
#10420=LINE ( 'NONE', #9567, #293 );
#10421=VERTEX_POINT ( 'NONE', #3375 );
#10422=EDGE_CURVE ( 'NONE', #10084, #7548, #10188, .T. );
#10423=EDGE_CURVE ( 'NONE', #10374, #5220, #202, .T. );
#10424=ORIENTED_EDGE ( 'NONE', *, *, #11347, .T. );
#10425=ORIENTED_EDGE ( 'NONE', *, *, #416, .F. );
#10426=CARTESIAN_POINT ( 'NONE',  ( -0.07578740157480315376, 0.08661417322834646937, -0.1550196850393700809 ) );
#10427=ORIENTED_EDGE ( 'NONE', *, *, #4220, .F. );
#10428=CARTESIAN_POINT ( 'NONE',  ( 0.02336356845223983361, -0.1299212598425196763, -0.4204985621052854672 ) );
#10429=LINE ( 'NONE', #11349, #11 );
#10430=ORIENTED_EDGE ( 'NONE', *, *, #7278, .T. );
#10431=ORIENTED_EDGE ( 'NONE', *, *, #3472, .T. );
#10432=CARTESIAN_POINT ( 'NONE',  ( -0.09541052817192913205, -0.04221678704822835054, -0.2135838289042126248 ) );
#10433=CARTESIAN_POINT ( 'NONE',  ( -0.09190669940314960540, 0.09170895609771655133, -0.1807951049100393892 ) );
#10434=EDGE_CURVE ( 'NONE', #2984, #9871, #1508, .T. );
#10435=CARTESIAN_POINT ( 'NONE',  ( 0.09744094488188977110, 0.08562992125984252023, -0.04921259987649606593 ) );
#10436=LINE ( 'NONE', #2419, #11 );
#10437=ORIENTED_EDGE ( 'NONE', *, *, #11233, .F. );
#10438=EDGE_LOOP ( 'NONE', ( #2774, #2246, #4433, #5013, #10827, #5012 ) );
#10439=EDGE_LOOP ( 'NONE', ( #3831, #10739, #7577, #3487 ) );
#10440=ORIENTED_EDGE ( 'NONE', *, *, #2878, .T. );
#10441=CARTESIAN_POINT ( 'NONE',  ( 0.09448818897637795144, -0.07185039370078739884, -0.4350393700787402174 ) );
#10442=DIRECTION ( 'NONE',  ( 0.000000000000000000, 0.9230769230785429436, -0.3846153846114970243 ) );
#10443=VERTEX_POINT ( 'NONE', #9349 );
#10444=ORIENTED_EDGE ( 'NONE', *, *, #9999, .F. );
#10445=CARTESIAN_POINT ( 'NONE',  ( 0.08267716535433070058, -0.07381889763779526936, -0.4055118110235850226 ) );
#10446=FACE_OUTER_BOUND ( 'NONE', #3175, .T. );
#10447=EDGE_CURVE ( 'NONE', #2452, #11646, #2088, .T. );
#10448=EDGE_CURVE ( 'NONE', #9919, #9145, #6882, .T. );
#10449=CARTESIAN_POINT ( 'NONE',  ( 0.09251968503937008093, -4.535294520731692877E-17, -0.09055118052452755528 ) );
#10450=DIRECTION ( 'NONE',  ( 0.1140538566600474563, 0.000000000000000000, 0.9934745682607931672 ) );
#10451=ORIENTED_EDGE ( 'NONE', *, *, #7432, .T. );
#10452=ORIENTED_EDGE ( 'NONE', *, *, #6177, .F. );
#10453=LINE ( 'NONE', #1629, #58 );
#10454=CARTESIAN_POINT ( 'NONE',  ( 0.09114523531940944834, 0.09184523336818896377, -0.08585921198988190339 ) );
#10455=B_SPLINE_CURVE_WITH_KNOTS ( 'NONE', 3,( #410, #11055, #253, #11288, #2281, #4117 ),.UNSPECIFIED., .F., .F.,( 4, 2, 4 ),( 1.045847739128473023E-17, 0.0004746599869954253276, 0.0009493199739908401383 ),.UNSPECIFIED. );
#10456=CARTESIAN_POINT ( 'NONE',  ( 0.03940229860898147862, 0.01851081252288892462, -0.4951474476465250740 ) );
#10457=CARTESIAN_POINT ( 'NONE',  ( 0.1023622047244094474, -0.01791338582677165503, -0.01574803149606299191 ) );
#10458=CARTESIAN_POINT ( 'NONE',  ( -0.08366141732283464971, -0.05610236220472441387, -0.4133858267716535861 ) );
#10459=PLANE ( 'NONE',  #5265 );
#10460=CARTESIAN_POINT ( 'NONE',  ( -0.04133858267716535029, 0.07086614173228346358, -0.02460629921259842659 ) );
#10461=ORIENTED_EDGE ( 'NONE', *, *, #8883, .T. );
#10462=ORIENTED_EDGE ( 'NONE', *, *, #3384, .T. );
#10463=ORIENTED_EDGE ( 'NONE', *, *, #8094, .T. );
#10464=EDGE_CURVE ( 'NONE', #6931, #2579, #8401, .T. );
#10465=ORIENTED_EDGE ( 'NONE', *, *, #10892, .F. );
#10466=ORIENTED_EDGE ( 'NONE', *, *, #11298, .F. );
#10467=AXIS2_PLACEMENT_3D ( 'NONE', #3047, #2000, #4021 );
#10468=CARTESIAN_POINT ( 'NONE',  ( -0.09744094488188977110, -0.07874015748031495954, -0.1535433070866141780 ) );
#10469=CARTESIAN_POINT ( 'NONE',  ( -0.07972440944881889480, 0.09842519685039370636, -0.08070866141732284393 ) );
#10470=DIRECTION ( 'NONE',  ( -0.1134271823786131561, 0.1046847845188861870, -0.9880158754736095839 ) );
#10471=LINE ( 'NONE', #1275, #188 );
#10472=LINE ( 'NONE', #440, #31 );
#10473=EDGE_CURVE ( 'NONE', #5893, #5274, #7647, .T. );
#10474=CARTESIAN_POINT ( 'NONE',  ( 0.08070866141732284393, 0.000000000000000000, -0.3996062992125983815 ) );
#10475=AXIS2_PLACEMENT_3D ( 'NONE', #1268, #151, #3648 );
#10476=VERTEX_POINT ( 'NONE', #10126 );
#10477=FACE_OUTER_BOUND ( 'NONE', #3652, .T. );
#10478=CARTESIAN_POINT ( 'NONE',  ( 0.05221173162421260255, 0.07977078674232283839, -0.4370078740157480879 ) );
#10479=ORIENTED_EDGE ( 'NONE', *, *, #2689, .T. );
#10480=EDGE_LOOP ( 'NONE', ( #1299, #1795, #4672, #162 ) );
#10481=ADVANCED_FACE ( 'NONE', ( #1527 ), #6123, .T. );
#10482=AXIS2_PLACEMENT_3D ( 'NONE', #5235, #4450, #98 );
#10483=ORIENTED_EDGE ( 'NONE', *, *, #10914, .F. );
#10484=ORIENTED_EDGE ( 'NONE', *, *, #8801, .T. );
#10485=CARTESIAN_POINT ( 'NONE',  ( -0.09136885306636260973, 0.08838033195174251067, -0.1798420609977633977 ) );
#10486=CARTESIAN_POINT ( 'NONE',  ( 0.000000000000000000, 0.09842519685039370636, -0.3996062992125983815 ) );
#10487=VERTEX_POINT ( 'NONE', #10514 );
#10488=CARTESIAN_POINT ( 'NONE',  ( 0.07785430019348425768, -0.03937007874015747977, -0.2611896124802756125 ) );
#10489=EDGE_LOOP ( 'NONE', ( #8505, #8746, #4678, #8025 ) );
#10490=ORIENTED_EDGE ( 'NONE', *, *, #8985, .F. );
#10491=EDGE_CURVE ( 'NONE', #8257, #3586, #4289, .T. );
#10492=CARTESIAN_POINT ( 'NONE',  ( -0.09055118110220472527, 0.09842519685039370636, -0.1978346456692913480 ) );
#10493=CARTESIAN_POINT ( 'NONE',  ( 0.02721304011578513232, -0.1275040290269041920, -0.4735425734128259068 ) );
#10494=EDGE_CURVE ( 'NONE', #5768, #7088, #7879, .T. );
#10495=CARTESIAN_POINT ( 'NONE',  ( 0.06029723278932064279, 0.02797621931299329456, -0.07307113536215519012 ) );
#10496=ORIENTED_EDGE ( 'NONE', *, *, #415, .T. );
#10497=ORIENTED_EDGE ( 'NONE', *, *, #8684, .F. );
#10498=LINE ( 'NONE', #539, #4094 );
#10499=AXIS2_PLACEMENT_3D ( 'NONE', #248, #47, #7 );
#10500=ADVANCED_FACE ( 'NONE', ( #6056 ), #8046, .F. );
#10501=PLANE ( 'NONE',  #2448 );
#10502=CARTESIAN_POINT ( 'NONE',  ( 0.04133858904645248966, -0.01835211021026545222, -0.4999999999989362398 ) );
#10503=ORIENTED_EDGE ( 'NONE', *, *, #5173, .T. );
#10504=VERTEX_POINT ( 'NONE', #10410 );
#10505=ADVANCED_FACE ( 'NONE', ( #7992 ), #5242, .F. );
#10506=EDGE_CURVE ( 'NONE', #3511, #10604, #8564, .T. );
#10507=CARTESIAN_POINT ( 'NONE',  ( 0.09450863541877951857, 0.09012976553314960837, -0.08939455932488188372 ) );
#10508=CARTESIAN_POINT ( 'NONE',  ( 0.03940229860898779302, 0.02054764360269614731, -0.4971462398539343575 ) );
#10509=LINE ( 'NONE', #10457, #33 );
#10510=CARTESIAN_POINT ( 'NONE',  ( 0.000000000000000000, 0.09842519685039370636, -0.4685039370078740717 ) );
#10511=ADVANCED_FACE ( 'NONE', ( #5185 ), #5297, .F. );
#10512=CARTESIAN_POINT ( 'NONE',  ( 0.05121355425098471359, 0.02289936839318584133, -0.4932458037208644064 ) );
#10513=ORIENTED_EDGE ( 'NONE', *, *, #864, .T. );
#10514=CARTESIAN_POINT ( 'NONE',  ( 0.06040821318069173468, 0.02773822109562814817, -0.05153822976197425937 ) );
#10515=VERTEX_POINT ( 'NONE', #11439 );
#10516=VECTOR ( 'NONE', #6482, 39.37007874015748143 );
#10517=VERTEX_POINT ( 'NONE', #684 );
#10518=LINE ( 'NONE', #10468, #728 );
#10519=CARTESIAN_POINT ( 'NONE',  ( -0.07775590551181103816, 0.07677165354330708902, -0.5826771653543307838 ) );
#10520=CARTESIAN_POINT ( 'NONE',  ( 0.09148549708692914340, -0.04356108622370079286, -0.08582057883937008191 ) );
#10521=PLANE ( 'NONE',  #11101 );
#10522=CARTESIAN_POINT ( 'NONE',  ( 0.07776767274316750966, -0.009489260072383287961, -0.08562992125984252023 ) );
#10523=LINE ( 'NONE', #1534, #293 );
#10524=EDGE_CURVE ( 'NONE', #8907, #5739, #4444, .T. );
#10525=CARTESIAN_POINT ( 'NONE',  ( 0.03348507113255528439, 0.03927873140291632259, -0.3646695247038491683 ) );
#10526=CARTESIAN_POINT ( 'NONE',  ( -0.09153543307086613179, 0.08661417322834646937, -0.2539370078740157410 ) );
#10527=ORIENTED_EDGE ( 'NONE', *, *, #9854, .F. );
#10528=PLANE ( 'NONE',  #7073 );
#10529=VERTEX_POINT ( 'NONE', #619 );
#10530=LINE ( 'NONE', #2779, #1720 );
#10531=EDGE_CURVE ( 'NONE', #3448, #2737, #4493, .T. );
#10532=VERTEX_POINT ( 'NONE', #558 );
#10533=FACE_OUTER_BOUND ( 'NONE', #2065, .T. );
#10534=CARTESIAN_POINT ( 'NONE',  ( -0.08366141732283464971, -0.06496062992125983815, -0.4133858267716535861 ) );
#10535=ORIENTED_EDGE ( 'NONE', *, *, #1267, .F. );
#10536=EDGE_LOOP ( 'NONE', ( #9851, #6584, #4833, #9054, #7780, #4009, #9326, #11361, #10106, #2935, #3344, #6625, #6972, #4118, #7136 ) );
#10537=CARTESIAN_POINT ( 'NONE',  ( -0.09942459589976378187, -0.04342981794925197120, -0.2137020623944488606 ) );
#10538=CARTESIAN_POINT ( 'NONE',  ( -0.09450863619334645693, 0.09012976623185040004, -0.1783219761091732192 ) );
#10539=CARTESIAN_POINT ( 'NONE',  ( 0.09448818897637795144, 0.04752237315027559028, -0.4481437542849606714 ) );
#10540=EDGE_CURVE ( 'NONE', #3672, #11151, #4344, .T. );
#10541=PLANE ( 'NONE',  #443 );
#10542=ORIENTED_EDGE ( 'NONE', *, *, #10324, .T. );
#10543=FACE_OUTER_BOUND ( 'NONE', #2556, .T. );
#10544=ORIENTED_EDGE ( 'NONE', *, *, #10576, .T. );
#10545=ORIENTED_EDGE ( 'NONE', *, *, #10540, .T. );
#10546=CARTESIAN_POINT ( 'NONE',  ( -0.02336356845225582082, -0.1299212598425196763, -0.4062730914384347081 ) );
#10547=CARTESIAN_POINT ( 'NONE',  ( 0.03740157480314960925, -0.07874015748031495954, -0.5708661417322835607 ) );
#10548=CARTESIAN_POINT ( 'NONE',  ( -0.0009842519685039369942, -0.06102362204724409711, -0.2086614173228346636 ) );
#10549=ORIENTED_EDGE ( 'NONE', *, *, #7199, .F. );
#10550=VERTEX_POINT ( 'NONE', #4406 );
#10551=AXIS2_PLACEMENT_3D ( 'NONE', #251, #8552, #2660 );
#10552=AXIS2_PLACEMENT_3D ( 'NONE', #5450, #98, #73 );
#10553=CARTESIAN_POINT ( 'NONE',  ( 0.09744094488188977110, 0.08661417308588878483, -0.04926193611843716902 ) );
#10554=EDGE_CURVE ( 'NONE', #7301, #7080, #2895, .T. );
#10555=CARTESIAN_POINT ( 'NONE',  ( 0.04133858904644448218, -0.01574803149605895694, -0.5000000000000000000 ) );
#10556=LINE ( 'NONE', #2684, #4982 );
#10557=CARTESIAN_POINT ( 'NONE',  ( 0.02117157966148252440, -0.1299212598425197041, -0.1256543006927889339 ) );
#10558=EDGE_LOOP ( 'NONE', ( #7455, #1739, #9697, #1081 ) );
#10559=ORIENTED_EDGE ( 'NONE', *, *, #3656, .F. );
#10560=EDGE_CURVE ( 'NONE', #116, #1396, #4637, .T. );
#10561=EDGE_CURVE ( 'NONE', #8795, #11151, #434, .T. );
#10562=CARTESIAN_POINT ( 'NONE',  ( 0.09360152683531496043, 0.09807721132854331503, -0.08692143936480314914 ) );
#10563=FACE_OUTER_BOUND ( 'NONE', #10384, .T. );
#10564=CARTESIAN_POINT ( 'NONE',  ( 0.03179757324330971524, -0.1275040290269342513, -0.07993079551338054534 ) );
#10565=EDGE_CURVE ( 'NONE', #1801, #8257, #11277, .T. );
#10566=LINE ( 'NONE', #9717, #33 );
#10567=ADVANCED_FACE ( 'NONE', ( #4758 ), #11608, .F. );
#10568=ORIENTED_EDGE ( 'NONE', *, *, #10072, .F. );
#10569=CARTESIAN_POINT ( 'NONE',  ( 0.04445217633929133411, -0.03843852889999212902, -0.3700575461054330662 ) );
#10570=EDGE_LOOP ( 'NONE', ( #4175, #8048, #6314, #8366 ) );
#10571=VERTEX_POINT ( 'NONE', #6416 );
#10572=ORIENTED_EDGE ( 'NONE', *, *, #10404, .T. );
#10573=CARTESIAN_POINT ( 'NONE',  ( 0.000000000000000000, 0.09842519685039370636, -0.2440944881889763884 ) );
#10574=PLANE ( 'NONE',  #10200 );
#10575=CARTESIAN_POINT ( 'NONE',  ( 0.03838582677165354451, -0.06003937007874016185, -0.4488188976377953110 ) );
#10576=EDGE_CURVE ( 'NONE', #5916, #8680, #10860, .T. );
#10577=CARTESIAN_POINT ( 'NONE',  ( 0.09153543307086613179, -0.09842519685039370636, -0.1161417322834645688 ) );
#10578=EDGE_CURVE ( 'NONE', #10331, #3955, #1958, .T. );
#10579=EDGE_LOOP ( 'NONE', ( #6803, #3087, #11571, #7699 ) );
#10580=ORIENTED_EDGE ( 'NONE', *, *, #1364, .F. );
#10581=ORIENTED_EDGE ( 'NONE', *, *, #5955, .T. );
#10582=EDGE_LOOP ( 'NONE', ( #1996, #7228, #10190, #4524 ) );
#10583=CARTESIAN_POINT ( 'NONE',  ( -0.09251968503937008093, -0.07874015748031495954, -0.1535433070866141780 ) );
#10584=ORIENTED_EDGE ( 'NONE', *, *, #4881, .T. );
#10585=VERTEX_POINT ( 'NONE', #7383 );
#10586=CARTESIAN_POINT ( 'NONE',  ( -0.09547244094488190058, -0.03543307086614173179, -0.4891732283464567121 ) );
#10587=CARTESIAN_POINT ( 'NONE',  ( -0.1010735050804368179, 0.09229371533058819410, -0.1777815895402180824 ) );
#10588=DIRECTION ( 'NONE',  ( -0.4226182617408786868, 0.9063077870365664479, 0.000000000000000000 ) );
#10589=EDGE_CURVE ( 'NONE', #82, #9207, #2703, .T. );
#10590=ORIENTED_EDGE ( 'NONE', *, *, #8485, .T. );
#10591=VERTEX_POINT ( 'NONE', #5635 );
#10592=ORIENTED_EDGE ( 'NONE', *, *, #4569, .T. );
#10593=ADVANCED_FACE ( 'NONE', ( #3790 ), #9775, .T. );
#10594=LINE ( 'NONE', #5386, #33 );
#10595=CARTESIAN_POINT ( 'NONE',  ( 0.07132464388482998019, 0.01491394429470670885, -0.07793445280720773249 ) );
#10596=ORIENTED_EDGE ( 'NONE', *, *, #1232, .F. );
#10597=EDGE_LOOP ( 'NONE', ( #2034, #448, #6216, #8162 ) );
#10598=LINE ( 'NONE', #724, #11 );
#10599=EDGE_CURVE ( 'NONE', #585, #3744, #2884, .T. );
#10600=LINE ( 'NONE', #1624, #293 );
#10601=LINE ( 'NONE', #6400, #31 );
#10602=CARTESIAN_POINT ( 'NONE',  ( -0.08661417322834646937, 0.09842519685039370636, -0.1535433070866141780 ) );
#10603=ORIENTED_EDGE ( 'NONE', *, *, #2117, .T. );
#10604=VERTEX_POINT ( 'NONE', #7139 );
#10605=CIRCLE ( 'NONE', #4649, 0.005905511811036563002 );
#10606=CARTESIAN_POINT ( 'NONE',  ( 0.1024619445372541293, 0.08762236060202421850, -0.09045823662149606037 ) );
#10607=CARTESIAN_POINT ( 'NONE',  ( 0.04133858904644901328, 0.01724702194647920878, -0.5026327860228384514 ) );
#10608=CARTESIAN_POINT ( 'NONE',  ( -0.09547244094488190058, -0.07677165354330708902, -0.5649606299212598381 ) );
#10609=EDGE_CURVE ( 'NONE', #5373, #2900, #9893, .T. );
#10610=CARTESIAN_POINT ( 'NONE',  ( 0.02950530667953078084, -0.1240157480314960231, -0.1389414088724220953 ) );
#10611=CARTESIAN_POINT ( 'NONE',  ( 0.07568785846293524244, -0.005029083955089466013, -0.04921259842519685318 ) );
#10612=AXIS2_PLACEMENT_3D ( 'NONE', #3141, #45, #2410 );
#10613=EDGE_CURVE ( 'NONE', #2288, #1497, #7213, .T. );
#10614=CYLINDRICAL_SURFACE ( 'NONE', #9916, 0.02362204724409448092 );
#10615=LINE ( 'NONE', #2573, #6832 );
#10616=ORIENTED_EDGE ( 'NONE', *, *, #2655, .F. );
#10617=ORIENTED_EDGE ( 'NONE', *, *, #8536, .F. );
#10618=CARTESIAN_POINT ( 'NONE',  ( 0.03651675493349606366, -0.03949396736889764642, -0.3614686529351968658 ) );
#10619=VERTEX_POINT ( 'NONE', #4573 );
#10620=ORIENTED_EDGE ( 'NONE', *, *, #6335, .F. );
#10621=ORIENTED_EDGE ( 'NONE', *, *, #4253, .T. );
#10622=FACE_OUTER_BOUND ( 'NONE', #10570, .T. );
#10623=ADVANCED_FACE ( 'NONE', ( #6351 ), #8212, .F. );
#10624=CARTESIAN_POINT ( 'NONE',  ( -0.09159751758894606188, -0.03914745805373472110, -0.2135826771653543399 ) );
#10625=EDGE_CURVE ( 'NONE', #3570, #7917, #9837, .T. );
#10626=FACE_OUTER_BOUND ( 'NONE', #8824, .T. );
#10627=( BOUNDED_SURFACE ( )  B_SPLINE_SURFACE ( 3, 3, (( #5462, #796, #4563, #8148 ),( #11600, #3900, #4931, #4023 ),( #8434, #2064, #5744, #3164 ),( #2964, #2307, #1185, #6692 ) ),.UNSPECIFIED., .F., .F., .F. )B_SPLINE_SURFACE_WITH_KNOTS ( ( 4, 4 ),( 4, 4 ),( 0.09891452702109129747, 1.000000000000000000 ),( 0.000000000000000000, 1.000000000000000000 ),.UNSPECIFIED. )GEOMETRIC_REPRESENTATION_ITEM ( )  RATIONAL_B_SPLINE_SURFACE ( (( 0.9737771498253721125, 0.3245923832751239080, 0.3245923832751239080, 0.9737771498253721125),( 0.9028903307915133736, 0.3009634435971710320, 0.3009634435971710320, 0.9028903307915133736),( 0.9116312808497226694, 0.3038770936165741121, 0.3038770936165741121, 0.9116312808497226694),( 1.000000000000000000, 0.3333333333333332038, 0.3333333333333332038, 1.000000000000000000) ) )REPRESENTATION_ITEM ( '' )  SURFACE ( )  );
#10628=LINE ( 'NONE', #3622, #11 );
#10629=ADVANCED_FACE ( 'NONE', ( #10006 ), #9167, .F. );
#10630=CARTESIAN_POINT ( 'NONE',  ( 0.07226621283574802268, -0.03268027996049212985, -0.4225001371259842209 ) );
#10631=LINE ( 'NONE', #8108, #7405 );
#10632=EDGE_LOOP ( 'NONE', ( #6141, #9878, #827, #800 ) );
#10633=AXIS2_PLACEMENT_3D ( 'NONE', #5065, #1278, #47 );
#10634=CARTESIAN_POINT ( 'NONE',  ( 0.1033464566929133965, 0.008858267716535432948, -0.1259842519685039353 ) );
#10635=AXIS2_PLACEMENT_3D ( 'NONE', #7110, #2708, #10971 );
#10636=ORIENTED_EDGE ( 'NONE', *, *, #1656, .T. );
#10637=VERTEX_POINT ( 'NONE', #8953 );
#10638=ORIENTED_EDGE ( 'NONE', *, *, #9001, .F. );
#10639=ADVANCED_FACE ( 'NONE', ( #35, #3850 ), #748, .T. );
#10640=EDGE_CURVE ( 'NONE', #2590, #4953, #1100, .T. );
#10641=VERTEX_POINT ( 'NONE', #9279 );
#10642=EDGE_LOOP ( 'NONE', ( #4634, #10513, #8246, #5341 ) );
#10643=CARTESIAN_POINT ( 'NONE',  ( 0.08858267716535432601, -0.03992663606432819007, -0.5203032566015748372 ) );
#10644=CARTESIAN_POINT ( 'NONE',  ( -0.09908156742200788236, 0.08655640881877675608, -0.1772112019219215795 ) );
#10645=CIRCLE ( 'NONE', #2669, 0.005905511811023654925 );
#10646=CARTESIAN_POINT ( 'NONE',  ( 0.04657258709562992621, -0.04010467631551180995, -0.3664362953325984162 ) );
#10647=ORIENTED_EDGE ( 'NONE', *, *, #1195, .T. );
#10648=EDGE_CURVE ( 'NONE', #228, #10529, #9781, .T. );
#10649=ORIENTED_EDGE ( 'NONE', *, *, #5660, .F. );
#10650=ORIENTED_EDGE ( 'NONE', *, *, #10801, .F. );
#10651=AXIS2_PLACEMENT_3D ( 'NONE', #3056, #218, #73 );
#10652=CARTESIAN_POINT ( 'NONE',  ( 0.04035433070866142197, 0.09945582611240158522, -0.04921259842519685318 ) );
#10653=EDGE_CURVE ( 'NONE', #5773, #3807, #3613, .T. );
#10654=CARTESIAN_POINT ( 'NONE',  ( -0.1023481911139354494, -0.04256444230730921374, -0.1820615643977413489 ) );
#10655=CARTESIAN_POINT ( 'NONE',  ( -0.09545797091590552119, -0.04301206741322834148, -0.1820507124190157422 ) );
#10656=EDGE_LOOP ( 'NONE', ( #4767, #953, #948, #2177 ) );
#10657=EDGE_LOOP ( 'NONE', ( #9325, #10326, #3894, #3100, #5948, #2760, #11456, #8078 ) );
#10658=DIRECTION ( 'NONE',  ( 0.000000000000000000, -0.5144957554275250144, -0.8574929257125449844 ) );
#10659=EDGE_CURVE ( 'NONE', #1488, #9010, #3673, .T. );
#10660=CYLINDRICAL_SURFACE ( 'NONE', #6520, 0.009842519685039378616 );
#10661=CARTESIAN_POINT ( 'NONE',  ( -0.08267716535433070058, 0.07677165354330708902, -0.4852362204724409156 ) );
#10662=CARTESIAN_POINT ( 'NONE',  ( -0.04133858267716535029, 0.09842519685039370636, -0.2490157480314960647 ) );
#10663=ORIENTED_EDGE ( 'NONE', *, *, #6568, .F. );
#10664=ORIENTED_EDGE ( 'NONE', *, *, #812, .F. );
#10665=ORIENTED_EDGE ( 'NONE', *, *, #4222, .F. );
#10666=CARTESIAN_POINT ( 'NONE',  ( 0.09580060250082678142, 0.08657862619069010834, -0.09050533351353667877 ) );
#10667=EDGE_CURVE ( 'NONE', #8286, #4925, #2139, .T. );
#10668=VECTOR ( 'NONE', #8282, 39.37007874015748854 );
#10669=( NAMED_UNIT ( * ) SI_UNIT ( $, .STERADIAN. ) SOLID_ANGLE_UNIT ( ) );
#10670=EDGE_CURVE ( 'NONE', #5285, #9026, #5003, .T. );
#10671=CARTESIAN_POINT ( 'NONE',  ( -0.02360424534362452406, -0.1240157480314856842, -0.4124689201461900767 ) );
#10672=CARTESIAN_POINT ( 'NONE',  ( 0.09551881823838581642, 0.07185039370078739884, -0.4566535433070866290 ) );
#10673=CARTESIAN_POINT ( 'NONE',  ( -0.09251968503937008093, 0.03307086614173937456, -0.2519685039370078705 ) );
#10674=ORIENTED_EDGE ( 'NONE', *, *, #8764, .T. );
#10675=AXIS2_PLACEMENT_3D ( 'NONE', #6971, #7, #47 );
#10676=EDGE_CURVE ( 'NONE', #214, #2679, #105, .T. );
#10677=ORIENTED_EDGE ( 'NONE', *, *, #2158, .F. );
#10678=CARTESIAN_POINT ( 'NONE',  ( 0.03199132956528739913, -0.03947603206078740407, -0.3624463050237007877 ) );
#10679=CARTESIAN_POINT ( 'NONE',  ( 0.08858267716535432601, -0.02951782909914685629, -0.5398104833161393445 ) );
#10680=ORIENTED_EDGE ( 'NONE', *, *, #3285, .F. );
#10681=ORIENTED_EDGE ( 'NONE', *, *, #10380, .F. );
#10682=CARTESIAN_POINT ( 'NONE',  ( 0.09934507399570867425, -0.04166849109204724677, -0.08563731002173227691 ) );
#10683=CIRCLE ( 'NONE', #1502, 0.009842518233979500458 );
#10684=CARTESIAN_POINT ( 'NONE',  ( 0.06120668440586615050, -0.03374191317055118267, -0.4116727585452755744 ) );
#10685=ADVANCED_FACE ( 'NONE', ( #5064 ), #2195, .F. );
#10686=FACE_OUTER_BOUND ( 'NONE', #5000, .T. );
#10687=VECTOR ( 'NONE', #10691, 39.37007874015748143 );
#10688=ORIENTED_EDGE ( 'NONE', *, *, #557, .F. );
#10689=CIRCLE ( 'NONE', #9081, 0.005905511811035648803 );
#10690=VERTEX_POINT ( 'NONE', #4149 );
#10691=DIRECTION ( 'NONE',  ( -0.1140538566631756207, 0.000000000000000000, -0.9934745682604340100 ) );
#10692=ORIENTED_EDGE ( 'NONE', *, *, #2052, .T. );
#10693=CARTESIAN_POINT ( 'NONE',  ( -0.08956692913385827515, -0.08070866141732284393, -0.2539370078740157410 ) );
#10694=VERTEX_POINT ( 'NONE', #6593 );
#10695=EDGE_CURVE ( 'NONE', #4472, #3959, #11154, .T. );
#10696=ADVANCED_FACE ( 'NONE', ( #2016 ), #5870, .T. );
#10697=FACE_OUTER_BOUND ( 'NONE', #8134, .T. );
#10698=CARTESIAN_POINT ( 'NONE',  ( -0.09153543307086613179, -0.08070866141732284393, -0.1515748031496063075 ) );
#10699=ORIENTED_EDGE ( 'NONE', *, *, #1963, .F. );
#10700=ORIENTED_EDGE ( 'NONE', *, *, #11548, .F. );
#10701=LINE ( 'NONE', #10643, #11 );
#10702=CARTESIAN_POINT ( 'NONE',  ( -0.1024288067863614177, 0.08653374263720164938, -0.1772112019219392320 ) );
#10703=CIRCLE ( 'NONE', #1915, 0.01181102362204724046 );
#10704=CARTESIAN_POINT ( 'NONE',  ( 0.06285266144547244083, 0.03337668229379527757, -0.4146863168295275570 ) );
#10705=EDGE_CURVE ( 'NONE', #3511, #2818, #9389, .T. );
#10706=EDGE_CURVE ( 'NONE', #3271, #10783, #11087, .T. );
#10707=B_SPLINE_CURVE_WITH_KNOTS ( 'NONE', 3,( #3718, #3223, #10322, #9472, #8649, #395, #4189, #6027, #8712, #7246, #9693, #9805, #7129, #651, #9031, #7298 ),.UNSPECIFIED., .F., .F.,( 4, 3, 3, 3, 3, 4 ),( 2.966135593295329960E-12, 1.336685192604954738E-05, 3.032039124034412560E-05, 5.752160504099960184E-05, 0.0001101561596288977944, 0.0001741990423766083974 ),.UNSPECIFIED. );
#10708=DIRECTION ( 'NONE',  ( 0.000000000000000000, -0.9230769230785472734, 0.3846153846114865327 ) );
#10709=ORIENTED_EDGE ( 'NONE', *, *, #9749, .F. );
#10710=CARTESIAN_POINT ( 'NONE',  ( -0.08956692913385827515, 0.09842519685039370636, -0.2539370078740157410 ) );
#10711=ORIENTED_EDGE ( 'NONE', *, *, #2275, .F. );
#10712=VERTEX_POINT ( 'NONE', #2075 );
#10713=CARTESIAN_POINT ( 'NONE',  ( -0.09434391052200145900, 0.01355133342919560661, 0.09842519685039370636 ) );
#10714=CARTESIAN_POINT ( 'NONE',  ( 0.001181102362204724393, -0.09055118110236221041, -0.6508267716535433012 ) );
#10715=LINE ( 'NONE', #7134, #24 );
#10716=CARTESIAN_POINT ( 'NONE',  ( -0.09148777048114173360, -0.04347499492169291935, -0.1819313452818897558 ) );
#10717=VERTEX_POINT ( 'NONE', #5692 );
#10718=ORIENTED_EDGE ( 'NONE', *, *, #10695, .T. );
#10719=CARTESIAN_POINT ( 'NONE',  ( 0.09748732217539370082, 0.07677165354330708902, -0.1496062992125984370 ) );
#10720=LINE ( 'NONE', #2619, #293 );
#10721=CARTESIAN_POINT ( 'NONE',  ( 0.05118110236220472370, -0.07874015748031495954, -0.4370078740157480879 ) );
#10722=ORIENTED_EDGE ( 'NONE', *, *, #726, .F. );
#10723=ORIENTED_EDGE ( 'NONE', *, *, #1649, .T. );
#10724=ORIENTED_EDGE ( 'NONE', *, *, #7799, .T. );
#10725=DIRECTION ( 'NONE',  ( -0.9063077870383811074, 0.4226182617369870220, 4.938715069392770917E-11 ) );
#10726=AXIS2_PLACEMENT_3D ( 'NONE', #10671, #740, #11488 );
#10727=CARTESIAN_POINT ( 'NONE',  ( 0.09889835820346457029, 0.08875654897720472447, -0.09031603497594488383 ) );
#10728=FILL_AREA_STYLE_COLOUR ( '', #3254 );
#10729=FACE_OUTER_BOUND ( 'NONE', #8067, .T. );
#10730=LINE ( 'NONE', #3667, #10831 );
#10731=ORIENTED_EDGE ( 'NONE', *, *, #3328, .T. );
#10732=EDGE_CURVE ( 'NONE', #1923, #8375, #4035, .T. );
#10733=AXIS2_PLACEMENT_3D ( 'NONE', #2723, #73, #54 );
#10734=VERTEX_POINT ( 'NONE', #5554 );
#10735=CARTESIAN_POINT ( 'NONE',  ( 0.05048782003345333308, 0.02490758679661869701, -0.5042076676875925090 ) );
#10736=VECTOR ( 'NONE', #2274, 39.37007874015748143 );
#10737=CARTESIAN_POINT ( 'NONE',  ( -0.08956692913385827515, -0.07677165354330708902, -0.4330708661417322913 ) );
#10738=EDGE_CURVE ( 'NONE', #7458, #4158, #2207, .T. );
#10739=ORIENTED_EDGE ( 'NONE', *, *, #1452, .F. );
#10740=ORIENTED_EDGE ( 'NONE', *, *, #11662, .T. );
#10741=CARTESIAN_POINT ( 'NONE',  ( 0.1023622047244094474, 0.08661417317480316069, -0.1240157480314960647 ) );
#10742=CARTESIAN_POINT ( 'NONE',  ( 0.06871917375901653857, 0.03937007874015747977, -0.3104307975545630427 ) );
#10743=CARTESIAN_POINT ( 'NONE',  ( 0.09933025739964566891, -0.04152535341358267601, -0.08564539900543308160 ) );
#10744=ADVANCED_FACE ( 'NONE', ( #1132 ), #1064, .F. );
#10745=FACE_OUTER_BOUND ( 'NONE', #8847, .T. );
#10746=CARTESIAN_POINT ( 'NONE',  ( 0.07291614655440946391, -0.03302191886849606406, -0.4174003602559054893 ) );
#10747=EDGE_CURVE ( 'NONE', #9140, #7253, #4192, .T. );
#10748=LINE ( 'NONE', #2773, #311 );
#10749=AXIS2_PLACEMENT_3D ( 'NONE', #1913, #16, #47 );
#10750=ORIENTED_EDGE ( 'NONE', *, *, #7730, .T. );
#10751=CARTESIAN_POINT ( 'NONE',  ( 0.04197615822706312477, 0.01763538587001839755, -0.5000000000016804336 ) );
#10752=ORIENTED_EDGE ( 'NONE', *, *, #3905, .T. );
#10753=EDGE_LOOP ( 'NONE', ( #327, #9043, #5561, #11750 ) );
#10754=EDGE_LOOP ( 'NONE', ( #1338, #7965, #6441, #8270, #476, #6052, #9193, #10311 ) );
#10755=FACE_OUTER_BOUND ( 'NONE', #640, .T. );
#10756=ADVANCED_FACE ( 'NONE', ( #11090, #1326 ), #8392, .T. );
#10757=VERTEX_POINT ( 'NONE', #3420 );
#10758=ORIENTED_EDGE ( 'NONE', *, *, #9832, .F. );
#10759=CARTESIAN_POINT ( 'NONE',  ( -0.1023622047244094474, 0.05075711689885826355, -0.2501514233797637599 ) );
#10760=AXIS2_PLACEMENT_3D ( 'NONE', #7749, #47, #73 );
#10761=CARTESIAN_POINT ( 'NONE',  ( -0.09242121071783583608, 0.08657618392274293861, -0.1772042246096095230 ) );
#10762=CARTESIAN_POINT ( 'NONE',  ( 0.06304617807476378677, 0.03264629614616929021, -0.4216124104259842964 ) );
#10763=EDGE_CURVE ( 'NONE', #8361, #10872, #5945, .T. );
#10764=EDGE_CURVE ( 'NONE', #8487, #5339, #11429, .T. );
#10765=DIRECTION ( 'NONE',  ( 0.000000000000000000, -5.854176206259398188E-16, -1.000000000000000000 ) );
#10766=PLANE ( 'NONE',  #1691 );
#10767=VERTEX_POINT ( 'NONE', #606 );
#10768=CARTESIAN_POINT ( 'NONE',  ( 0.03838582677165354451, -0.05511811023622047168, -0.4557086614173228578 ) );
#10769=ORIENTED_EDGE ( 'NONE', *, *, #1364, .T. );
#10770=LINE ( 'NONE', #904, #58 );
#10771=VERTEX_POINT ( 'NONE', #2566 );
#10772=PLANE ( 'NONE',  #4006 );
#10773=CARTESIAN_POINT ( 'NONE',  ( 0.09069268050200730846, 0.08858267716535692116, -0.05423969998754395866 ) );
#10774=FACE_OUTER_BOUND ( 'NONE', #5576, .T. );
#10775=EDGE_CURVE ( 'NONE', #9094, #9141, #1867, .T. );
#10776=ORIENTED_EDGE ( 'NONE', *, *, #2869, .T. );
#10777=ORIENTED_EDGE ( 'NONE', *, *, #3951, .F. );
#10778=CARTESIAN_POINT ( 'NONE',  ( -0.1181102362204724532, 0.000000000000000000, 0.000000000000000000 ) );
#10779=CARTESIAN_POINT ( 'NONE',  ( -0.08366141732283464971, 0.09842519685039370636, -0.2519685039370078705 ) );
#10780=FACE_OUTER_BOUND ( 'NONE', #132, .T. );
#10781=CARTESIAN_POINT ( 'NONE',  ( 0.03740157480314960925, 0.07874015748031495954, -0.4527559055118110520 ) );
#10782=CARTESIAN_POINT ( 'NONE',  ( 0.08858267716535432601, -0.07185039370078739884, -0.4350393700787402174 ) );
#10783=VERTEX_POINT ( 'NONE', #7977 );
#10784=ORIENTED_EDGE ( 'NONE', *, *, #9001, .T. );
#10785=ORIENTED_EDGE ( 'NONE', *, *, #11423, .T. );
#10786=CARTESIAN_POINT ( 'NONE',  ( 0.05869185558055717289, -1.969918514181338435E-15, -0.5316620534251976782 ) );
#10787=CARTESIAN_POINT ( 'NONE',  ( 0.09908156690826772084, 0.08644087996061056156, -0.09051231083076750894 ) );
#10788=LINE ( 'NONE', #5406, #11 );
#10789=EDGE_CURVE ( 'NONE', #9943, #205, #1630, .T. );
#10790=ORIENTED_EDGE ( 'NONE', *, *, #4749, .F. );
#10791=EDGE_CURVE ( 'NONE', #8189, #2764, #9364, .T. );
#10792=CARTESIAN_POINT ( 'NONE',  ( 0.05324459736897315526, 0.03937007874015747977, -0.3377998222137063578 ) );
#10793=DIRECTION ( 'NONE',  ( 0.9999999999999700240, 1.446605292433423149E-08, -2.440865914458581646E-07 ) );
#10794=ORIENTED_EDGE ( 'NONE', *, *, #6642, .F. );
#10795=ORIENTED_EDGE ( 'NONE', *, *, #382, .F. );
#10796=PLANE ( 'NONE',  #276 );
#10797=CARTESIAN_POINT ( 'NONE',  ( 0.05118110236220472370, 0.09945582611240158522, -0.4343307086614173196 ) );
#10798=EDGE_CURVE ( 'NONE', #11610, #2592, #3304, .T. );
#10799=ORIENTED_EDGE ( 'NONE', *, *, #1577, .T. );
#10800=LINE ( 'NONE', #10924, #728 );
#10801=EDGE_CURVE ( 'NONE', #3371, #4923, #7043, .T. );
#10802=FACE_OUTER_BOUND ( 'NONE', #9757, .T. );
#10803=CARTESIAN_POINT ( 'NONE',  ( 0.08267716535433070058, -0.07185039370078739884, -0.4940944881889763884 ) );
#10804=CARTESIAN_POINT ( 'NONE',  ( 0.06304621217799212529, -0.03264629968791732395, -0.4216123760263779108 ) );
#10805=CARTESIAN_POINT ( 'NONE',  ( 0.03838593298827072675, -0.02177277489752185366, -0.5105818709314096093 ) );
#10806=AXIS2_PLACEMENT_3D ( 'NONE', #4247, #850, #1171 );
#10807=ORIENTED_EDGE ( 'NONE', *, *, #2068, .F. );
#10808=ORIENTED_EDGE ( 'NONE', *, *, #8261, .F. );
#10809=CARTESIAN_POINT ( 'NONE',  ( -0.1005178698235545398, -0.03498782949328999720, -0.1978346397816338476 ) );
#10810=ORIENTED_EDGE ( 'NONE', *, *, #8536, .T. );
#10811=CARTESIAN_POINT ( 'NONE',  ( -0.1023622047244094474, -0.01791338582677165503, -0.2519685039370078705 ) );
#10812=EDGE_LOOP ( 'NONE', ( #10325, #9020, #10149, #6545 ) );
#10813=PLANE ( 'NONE',  #9842 );
#10814=EDGE_CURVE ( 'NONE', #7725, #8995, #5987, .T. );
#10815=CARTESIAN_POINT ( 'NONE',  ( 0.05144802394189098432, -0.01939644356518007914, -0.4912034381072781786 ) );
#10816=PLANE ( 'NONE',  #7847 );
#10817=ORIENTED_EDGE ( 'NONE', *, *, #10111, .T. );
#10818=ORIENTED_EDGE ( 'NONE', *, *, #828, .T. );
#10819=CARTESIAN_POINT ( 'NONE',  ( 0.05113656524716856527, -0.02443608509588841848, -0.5031845124273026659 ) );
#10820=CARTESIAN_POINT ( 'NONE',  ( -0.09245402035677242891, 0.08658840267424219861, -0.1772077132657890741 ) );
#10821=AXIS2_PLACEMENT_3D ( 'NONE', #2993, #11086, #73 );
#10822=DIRECTION ( 'NONE',  ( 0.4226182617400288666, 0.9063077870369626865, 0.000000000000000000 ) );
#10823=ORIENTED_EDGE ( 'NONE', *, *, #10094, .T. );
#10824=EDGE_CURVE ( 'NONE', #1350, #3335, #4335, .T. );
#10825=LINE ( 'NONE', #9864, #188 );
#10826=ORIENTED_EDGE ( 'NONE', *, *, #1623, .T. );
#10827=ORIENTED_EDGE ( 'NONE', *, *, #3632, .T. );
#10828=CARTESIAN_POINT ( 'NONE',  ( 0.07677165354330708902, 0.08858267716535432601, -0.06988188976377952832 ) );
#10829=CARTESIAN_POINT ( 'NONE',  ( 0.08267716535433070058, -0.001476377952736228306, -0.4350393700787402174 ) );
#10830=CARTESIAN_POINT ( 'NONE',  ( 0.04533589464711536288, 0.03910381922595904114, -0.3632652049610849421 ) );
#10831=VECTOR ( 'NONE', #2758, 39.37007874015748854 );
#10832=CARTESIAN_POINT ( 'NONE',  ( -0.09936403486763779880, -0.04187814160185039658, -0.1820854505129527456 ) );
#10833=EDGE_LOOP ( 'NONE', ( #5982, #11467, #9351, #10463 ) );
#10834=VERTEX_POINT ( 'NONE', #9659 );
#10835=CARTESIAN_POINT ( 'NONE',  ( 0.08956692913385827515, 0.06692913385826770867, -0.1259842519685039353 ) );
#10836=FACE_OUTER_BOUND ( 'NONE', #921, .T. );
#10837=CARTESIAN_POINT ( 'NONE',  ( -0.09645669291338582196, 0.09842519685039370636, -0.4921259842519685179 ) );
#10838=AXIS2_PLACEMENT_3D ( 'NONE', #3525, #1860, #6326 );
#10839=ORIENTED_EDGE ( 'NONE', *, *, #10281, .T. );
#10840=EDGE_CURVE ( 'NONE', #4340, #2896, #202, .T. );
#10841=ORIENTED_EDGE ( 'NONE', *, *, #10999, .T. );
#10842=ORIENTED_EDGE ( 'NONE', *, *, #8595, .F. );
#10843=VERTEX_POINT ( 'NONE', #6869 );
#10844=CARTESIAN_POINT ( 'NONE',  ( 0.04429133858268109736, -0.05511811023622047168, -0.4625984251968504046 ) );
#10845=CARTESIAN_POINT ( 'NONE',  ( 0.1023625313157086603, 0.08653419137149172269, -0.09050533351349415723 ) );
#10846=CARTESIAN_POINT ( 'NONE',  ( 0.09251968503937008093, 0.05606946032421260273, -0.01535163562607480200 ) );
#10847=EDGE_CURVE ( 'NONE', #7842, #7420, #2379, .T. );
#10848=CARTESIAN_POINT ( 'NONE',  ( -0.05905511811023622659, -0.09055118110236221041, -0.6190944881889763884 ) );
#10849=ORIENTED_EDGE ( 'NONE', *, *, #9301, .F. );
#10850=ORIENTED_EDGE ( 'NONE', *, *, #5890, .F. );
#10851=CIRCLE ( 'NONE', #7786, 0.01771653543307089712 );
#10852=CARTESIAN_POINT ( 'NONE',  ( 0.1072834645669291376, -0.08464566929133858497, -0.5708661417322835607 ) );
#10853=EDGE_LOOP ( 'NONE', ( #10159, #7339, #3611, #7344, #3394, #2354 ) );
#10854=LINE ( 'NONE', #10171, #293 );
#10855=EDGE_CURVE ( 'NONE', #6525, #9943, #1279, .T. );
#10856=EDGE_CURVE ( 'NONE', #10208, #3695, #11206, .T. );
#10857=ORIENTED_EDGE ( 'NONE', *, *, #9548, .F. );
#10858=VECTOR ( 'NONE', #3826, 39.37007874015748854 );
#10859=CARTESIAN_POINT ( 'NONE',  ( 0.04133858776434101712, 0.01574805276597201001, -0.4973959198322291941 ) );
#10860=LINE ( 'NONE', #8333, #311 );
#10861=VERTEX_POINT ( 'NONE', #2439 );
#10862=LINE ( 'NONE', #5522, #33 );
#10863=LINE ( 'NONE', #11611, #642 );
#10864=CARTESIAN_POINT ( 'NONE',  ( -0.09153543307086613179, -0.08070866141732284393, -0.1948818897637795422 ) );
#10865=FACE_OUTER_BOUND ( 'NONE', #11259, .T. );
#10866=CIRCLE ( 'NONE', #3450, 0.005905511811023654925 );
#10867=EDGE_CURVE ( 'NONE', #11065, #6303, #486, .T. );
#10868=CARTESIAN_POINT ( 'NONE',  ( -0.09256606233287401064, 0.08661417322834646937, -0.1407016542025590622 ) );
#10869=ORIENTED_EDGE ( 'NONE', *, *, #3240, .F. );
#10870=CARTESIAN_POINT ( 'NONE',  ( -0.09251968579793333480, -0.04318680864479541165, -0.1820195420723784152 ) );
#10871=ORIENTED_EDGE ( 'NONE', *, *, #4236, .F. );
#10872=VERTEX_POINT ( 'NONE', #10399 );
#10873=CARTESIAN_POINT ( 'NONE',  ( 0.09251968503937008093, 0.04094488188976377896, -0.1259842519685039353 ) );
#10874=ORIENTED_EDGE ( 'NONE', *, *, #8158, .F. );
#10875=CARTESIAN_POINT ( 'NONE',  ( -0.08366141732283464971, -0.04724409448818897572, -0.4133858267716535861 ) );
#10876=CARTESIAN_POINT ( 'NONE',  ( 0.000000000000000000, -0.1023622047244094474, -0.5885826771653542844 ) );
#10877=LINE ( 'NONE', #3990, #11 );
#10878=FACE_OUTER_BOUND ( 'NONE', #1970, .T. );
#10879=EDGE_CURVE ( 'NONE', #7618, #9777, #1386, .T. );
#10880=ORIENTED_EDGE ( 'NONE', *, *, #8525, .T. );
#10881=CARTESIAN_POINT ( 'NONE',  ( -0.09242121071783583608, 0.08661417322023072518, -0.1772146905781495918 ) );
#10882=CARTESIAN_POINT ( 'NONE',  ( 0.05726136438744094947, 0.03371831769974802800, -0.4140958790452756166 ) );
#10883=EDGE_CURVE ( 'NONE', #6607, #10030, #5115, .T. );
#10884=VECTOR ( 'NONE', #2577, 39.37007874015748143 );
#10885=AXIS2_PLACEMENT_3D ( 'NONE', #3270, #7, #47 );
#10886=LINE ( 'NONE', #2965, #293 );
#10887=EDGE_CURVE ( 'NONE', #3012, #7640, #1453, .T. );
#10888=ORIENTED_EDGE ( 'NONE', *, *, #11412, .F. );
#10889=CARTESIAN_POINT ( 'NONE',  ( 0.05072580324356943532, 0.02388310927375751624, -0.4901834324110870833 ) );
#10890=EDGE_LOOP ( 'NONE', ( #2814, #9359, #6788, #1566 ) );
#10891=ORIENTED_EDGE ( 'NONE', *, *, #11704, .F. );
#10892=EDGE_CURVE ( 'NONE', #10052, #1222, #8785, .T. );
#10893=CARTESIAN_POINT ( 'NONE',  ( 0.04197615846927581912, -0.01685361771884471768, -0.5018873537367649629 ) );
#10894=CARTESIAN_POINT ( 'NONE',  ( 0.09061447822964566190, 0.09549891815905510450, -0.05493492095137794684 ) );
#10895=FACE_OUTER_BOUND ( 'NONE', #2355, .T. );
#10896=ORIENTED_EDGE ( 'NONE', *, *, #11143, .T. );
#10897=ORIENTED_EDGE ( 'NONE', *, *, #4948, .F. );
#10898=CARTESIAN_POINT ( 'NONE',  ( 0.08222784886047244945, -0.007409445792165354761, -0.08562992125984252023 ) );
#10899=PLANE ( 'NONE',  #6827 );
#10900=EDGE_CURVE ( 'NONE', #1350, #7357, #5288, .T. );
#10901=CARTESIAN_POINT ( 'NONE',  ( 0.09551881823838581642, 0.07104560745578740455, -0.4593052463185039458 ) );
#10902=LINE ( 'NONE', #11011, #293 );
#10903=EDGE_CURVE ( 'NONE', #4629, #1810, #859, .T. );
#10904=ORIENTED_EDGE ( 'NONE', *, *, #5091, .F. );
#10905=ORIENTED_EDGE ( 'NONE', *, *, #11193, .T. );
#10906=EDGE_LOOP ( 'NONE', ( #7306, #4871, #6852, #9568, #2056, #4652, #815, #8213, #452, #6744, #889, #2292, #9791, #7909, #1182, #2176, #5312, #5311, #2017 ) );
#10907=ORIENTED_EDGE ( 'NONE', *, *, #3147, .T. );
#10908=CARTESIAN_POINT ( 'NONE',  ( 0.1023622047244094474, -0.04232283464566929249, -0.09547244094488190058 ) );
#10909=LINE ( 'NONE', #11080, #293 );
#10910=ORIENTED_EDGE ( 'NONE', *, *, #6531, .F. );
#10911=VERTEX_POINT ( 'NONE', #4560 );
#10912=LINE ( 'NONE', #11502, #31 );
#10913=AXIS2_PLACEMENT_3D ( 'NONE', #7174, #16, #47 );
#10914=EDGE_CURVE ( 'NONE', #6813, #2898, #2692, .T. );
#10915=PLANE ( 'NONE',  #11100 );
#10916=LINE ( 'NONE', #220, #58 );
#10917=CARTESIAN_POINT ( 'NONE',  ( -0.07972440944881889480, 0.09842519685039370636, -0.1515748031496063075 ) );
#10918=EDGE_CURVE ( 'NONE', #5644, #7773, #494, .T. );
#10919=EDGE_CURVE ( 'NONE', #9165, #9813, #924, .T. );
#10920=CARTESIAN_POINT ( 'NONE',  ( 0.09147942085137795998, -0.04282807686417322568, -0.05413905350421260171 ) );
#10921=ORIENTED_EDGE ( 'NONE', *, *, #9804, .F. );
#10922=VECTOR ( 'NONE', #11198, 39.37007874015748143 );
#10923=VERTEX_POINT ( 'NONE', #1874 );
#10924=CARTESIAN_POINT ( 'NONE',  ( 0.09940944881889764162, -0.07381889763779526936, -0.4311023622047244208 ) );
#10925=CARTESIAN_POINT ( 'NONE',  ( 0.09940639099374017074, -0.04239448342035433831, -0.08562466671464567802 ) );
#10926=EDGE_CURVE ( 'NONE', #3955, #11116, #4622, .T. );
#10927=EDGE_CURVE ( 'NONE', #11605, #9680, #3664, .T. );
#10928=CARTESIAN_POINT ( 'NONE',  ( -0.1023622047244094474, 0.04639612356147165828, -0.1473349485160417582 ) );
#10929=AXIS2_PLACEMENT_3D ( 'NONE', #144, #73, #47 );
#10930=CIRCLE ( 'NONE', #5986, 0.01181102362204724046 );
#10931=CARTESIAN_POINT ( 'NONE',  ( 0.03837352134334554715, -0.01560591684351072227, -0.5075385234716172089 ) );
#10932=ORIENTED_EDGE ( 'NONE', *, *, #445, .F. );
#10933=FACE_OUTER_BOUND ( 'NONE', #8696, .T. );
#10934=ORIENTED_EDGE ( 'NONE', *, *, #9883, .F. );
#10935=ORIENTED_EDGE ( 'NONE', *, *, #6717, .F. );
#10936=LINE ( 'NONE', #4710, #293 );
#10937=ORIENTED_EDGE ( 'NONE', *, *, #566, .T. );
#10938=DIRECTION ( 'NONE',  ( -0.4226182617399213970, 0.9063077870370127576, 0.000000000000000000 ) );
#10939=FACE_OUTER_BOUND ( 'NONE', #9627, .T. );
#10940=EDGE_CURVE ( 'NONE', #8524, #7711, #7263, .T. );
#10941=VERTEX_POINT ( 'NONE', #4447 );
#10942=EDGE_CURVE ( 'NONE', #7196, #11083, #9096, .T. );
#10943=CARTESIAN_POINT ( 'NONE',  ( 0.05118110236220472370, 0.07972440944881889480, -0.4685039370078740717 ) );
#10944=LINE ( 'NONE', #128, #293 );
#10945=CARTESIAN_POINT ( 'NONE',  ( -0.05948629167706997317, 0.02759807126207043312, -0.1815326691888104749 ) );
#10946=ORIENTED_EDGE ( 'NONE', *, *, #9366, .T. );
#10947=CARTESIAN_POINT ( 'NONE',  ( 0.08267716535433070058, 0.03405357236597244402, -0.5255905511811024278 ) );
#10948=ORIENTED_EDGE ( 'NONE', *, *, #8440, .T. );
#10949=CARTESIAN_POINT ( 'NONE',  ( 0.1181102362204724532, 0.09842519685039370636, -0.2854330708661417804 ) );
#10950=ORIENTED_EDGE ( 'NONE', *, *, #5931, .T. );
#10951=CARTESIAN_POINT ( 'NONE',  ( 0.04232283464566918840, -0.01672338283844000684, -0.4994286524101447799 ) );
#10952=B_SPLINE_CURVE_WITH_KNOTS ( 'NONE', 3,( #2228, #7776, #455, #4005, #3277, #4066, #196, #331, #10428, #666 ),.UNSPECIFIED., .F., .F.,( 4, 2, 2, 2, 4 ),( 0.000000000000000000, 0.2500000000000000000, 0.5000000000000000000, 0.7500000000000000000, 1.000000000000000000 ),.UNSPECIFIED. );
#10953=CARTESIAN_POINT ( 'NONE',  ( 0.09134674125065309069, 0.08842783789656781523, -0.05197261418820286333 ) );
#10954=ORIENTED_EDGE ( 'NONE', *, *, #5182, .T. );
#10955=VERTEX_POINT ( 'NONE', #3718 );
#10956=ADVANCED_FACE ( 'NONE', ( #3539 ), #11595, .F. );
#10957=PLANE ( 'NONE',  #8414 );
#10958=CARTESIAN_POINT ( 'NONE',  ( -0.09055118110204644910, 0.09845866117701929099, -0.1830181574880315187 ) );
#10959=CARTESIAN_POINT ( 'NONE',  ( -0.06911126471411260797, 0.03236385251361023618, -0.1798845302387279688 ) );
#10960=CARTESIAN_POINT ( 'NONE',  ( -0.08970629198188229125, 0.09842519685039370636, -0.2086614173228740210 ) );
#10961=ORIENTED_EDGE ( 'NONE', *, *, #5011, .T. );
#10962=ORIENTED_EDGE ( 'NONE', *, *, #7537, .T. );
#10963=EDGE_LOOP ( 'NONE', ( #2548, #414, #11202, #670 ) );
#10964=ORIENTED_EDGE ( 'NONE', *, *, #3368, .F. );
#10965=CARTESIAN_POINT ( 'NONE',  ( 0.05019685039370079538, -0.07984251968503937313, -0.5672834645669291298 ) );
#10966=CARTESIAN_POINT ( 'NONE',  ( -0.09547244094488190058, -0.03543307086614173179, -0.4251968503937008093 ) );
#10967=LINE ( 'NONE', #3048, #11 );
#10968=ORIENTED_EDGE ( 'NONE', *, *, #8872, .F. );
#10969=ORIENTED_EDGE ( 'NONE', *, *, #8427, .F. );
#10970=EDGE_CURVE ( 'NONE', #10983, #2328, #8199, .T. );
#10971=DIRECTION ( 'NONE',  ( -0.7831408596197212413, 0.000000000000000000, -0.6218443486871002568 ) );
#10972=LINE ( 'NONE', #9160, #58 );
#10973=LINE ( 'NONE', #3785, #728 );
#10974=LINE ( 'NONE', #10917, #11 );
#10975=CARTESIAN_POINT ( 'NONE',  ( 0.09936401548389764415, -0.04187821871039369703, -0.05413269616791337863 ) );
#10976=ORIENTED_EDGE ( 'NONE', *, *, #2540, .F. );
#10977=ADVANCED_FACE ( 'NONE', ( #2753 ), #6406, .T. );
#10978=ORIENTED_EDGE ( 'NONE', *, *, #6538, .T. );
#10979=CARTESIAN_POINT ( 'NONE',  ( -0.09251968503937008093, 0.06692913385826770867, -0.1437007874015747977 ) );
#10980=ADVANCED_FACE ( 'NONE', ( #2810 ), #9882, .F. );
#10981=AXIS2_PLACEMENT_3D ( 'NONE', #4078, #73, #54 );
#10982=B_SPLINE_SURFACE_WITH_KNOTS ( 'NONE', 3, 3, (( #4655, #5378, #9968, #5599 ),( #8238, #9133, #4716, #8297 ),( #11575, #709, #11745, #3810 ),( #10882, #6254, #3640, #11520 ),( #5436, #10704, #3697, #11632 ),( #6380, #833, #9802, #7296 ),( #6439, #4484, #7243, #9861 ),( #1789, #8069, #5490, #1732 ),( #8976, #10762, #2790, #2159 ),( #4963, #7706, #1158, #5717 ) ),.UNSPECIFIED., .F., .F., .F.,( 4, 1, 1, 1, 1, 1, 1, 4 ),( 4, 4 ),( -0.02902792048339999931, 0.000000000000000000, 0.0002873876294992000046, 0.03745134964352000301, 0.9625387859608000030, 0.9998136440956999493, 1.000000000000000000, 1.029049975516999949 ),( -0.03467806592266999693, 1.034678056916999989 ),.UNSPECIFIED. );
#10983=VERTEX_POINT ( 'NONE', #9153 );
#10984=ORIENTED_EDGE ( 'NONE', *, *, #4999, .F. );
#10985=ADVANCED_FACE ( 'NONE', ( #5403 ), #11484, .T. );
#10986=CARTESIAN_POINT ( 'NONE',  ( 0.06618313843016702946, 0.01069597680054399334, -0.06968503937007883287 ) );
#10987=ORIENTED_EDGE ( 'NONE', *, *, #2484, .F. );
#10988=VECTOR ( 'NONE', #1943, 39.37007874015748143 );
#10989=VERTEX_POINT ( 'NONE', #1755 );
#10990=FACE_OUTER_BOUND ( 'NONE', #11077, .T. );
#10991=CARTESIAN_POINT ( 'NONE',  ( 0.02702809808006011172, -0.1299539998025988907, -0.4144357329154820802 ) );
#10992=ADVANCED_FACE ( 'NONE', ( #8089 ), #11539, .T. );
#10993=CARTESIAN_POINT ( 'NONE',  ( 0.05743518078481087141, 0.03411390964352446764, -0.06629894337798677983 ) );
#10994=VERTEX_POINT ( 'NONE', #5459 );
#10995=CIRCLE ( 'NONE', #1220, 0.01181102362204724046 );
#10996=CYLINDRICAL_SURFACE ( 'NONE', #1669, 0.009842518233979491785 );
#10997=CARTESIAN_POINT ( 'NONE',  ( -0.05711487879272263146, 0.01151141382125639608, -0.1912428658054979025 ) );
#10998=ORIENTED_EDGE ( 'NONE', *, *, #6537, .F. );
#10999=EDGE_CURVE ( 'NONE', #3726, #5471, #8998, .T. );
#11000=DIRECTION ( 'NONE',  ( -1.000000000000000000, 0.000000000000000000, 1.734723475976805714E-15 ) );
#11001=EDGE_CURVE ( 'NONE', #10783, #10096, #7675, .T. );
#11002=ORIENTED_EDGE ( 'NONE', *, *, #9747, .T. );
#11003=LINE ( 'NONE', #3879, #24 );
#11004=VERTEX_POINT ( 'NONE', #4808 );
#11005=CARTESIAN_POINT ( 'NONE',  ( 0.04232283464566929249, -0.01574803149606300579, -0.5000000000000001110 ) );
#11006=CARTESIAN_POINT ( 'NONE',  ( 0.09125825689240157912, 0.08724217632641734221, -0.05036921865771654822 ) );
#11007=CARTESIAN_POINT ( 'NONE',  ( -0.05635844135571747848, 0.04022872094056815367, -0.2044160674754220142 ) );
#11008=ORIENTED_EDGE ( 'NONE', *, *, #1006, .T. );
#11009=ORIENTED_EDGE ( 'NONE', *, *, #5593, .F. );
#11010=CARTESIAN_POINT ( 'NONE',  ( -0.09073267868704723571, 0.09186359565429134955, -0.1826209987319685202 ) );
#11011=CARTESIAN_POINT ( 'NONE',  ( -0.08366141732283464971, 0.000000000000000000, -0.4133858267716535861 ) );
#11012=ADVANCED_FACE ( 'NONE', ( #4080 ), #11142, .F. );
#11013=CARTESIAN_POINT ( 'NONE',  ( 0.04035433070866142197, 0.09842519685039370636, -0.04035433070866142197 ) );
#11014=ORIENTED_EDGE ( 'NONE', *, *, #8002, .F. );
#11015=ORIENTED_EDGE ( 'NONE', *, *, #9452, .F. );
#11016=VERTEX_POINT ( 'NONE', #8541 );
#11017=EDGE_LOOP ( 'NONE', ( #4064, #8356, #9044, #3031 ) );
#11018=AXIS2_PLACEMENT_3D ( 'NONE', #3904, #47, #7 );
#11019=FACE_OUTER_BOUND ( 'NONE', #1836, .T. );
#11020=ORIENTED_EDGE ( 'NONE', *, *, #7187, .F. );
#11021=ORIENTED_EDGE ( 'NONE', *, *, #8839, .T. );
#11022=DIRECTION ( 'NONE',  ( -0.01941151455054294581, 0.000000000000000000, -0.9998115788001527005 ) );
#11023=EDGE_CURVE ( 'NONE', #8768, #10504, #2241, .T. );
#11024=CARTESIAN_POINT ( 'NONE',  ( -0.09547244094488190058, 0.07677165354330708902, -0.5649606299212598381 ) );
#11025=AXIS2_PLACEMENT_3D ( 'NONE', #441, #1254, #16 );
#11026=CARTESIAN_POINT ( 'NONE',  ( -0.1058267716535433028, -0.08027559055118110853, -0.02460629921259842659 ) );
#11027=EDGE_CURVE ( 'NONE', #9530, #1995, #5320, .T. );
#11028=ORIENTED_EDGE ( 'NONE', *, *, #3727, .F. );
#11029=FACE_OUTER_BOUND ( 'NONE', #7723, .T. );
#11030=CARTESIAN_POINT ( 'NONE',  ( 0.09055118110232440731, 0.08851701093122127384, -0.08469837794503937145 ) );
#11031=VERTEX_POINT ( 'NONE', #9377 );
#11032=FACE_BOUND ( 'NONE', #10397, .T. );
#11033=PLANE ( 'NONE',  #7203 );
#11034=DIRECTION ( 'NONE',  ( 3.515895900974054726E-16, 1.000000000000000000, 7.929067692480029494E-16 ) );
#11035=ORIENTED_EDGE ( 'NONE', *, *, #9917, .T. );
#11036=EDGE_CURVE ( 'NONE', #3434, #5559, #6385, .T. );
#11037=CARTESIAN_POINT ( 'NONE',  ( -0.09251968503937008093, -0.08759842519685039075, -0.1978346456692913480 ) );
#11038=AXIS2_PLACEMENT_3D ( 'NONE', #11419, #3467, #10442 );
#11039=AXIS2_PLACEMENT_3D ( 'NONE', #10212, #73, #54 );
#11040=ORIENTED_EDGE ( 'NONE', *, *, #7340, .F. );
#11041=LINE ( 'NONE', #365, #188 );
#11042=VERTEX_POINT ( 'NONE', #6800 );
#11043=ORIENTED_EDGE ( 'NONE', *, *, #11522, .F. );
#11044=ORIENTED_EDGE ( 'NONE', *, *, #3689, .T. );
#11045=LINE ( 'NONE', #3195, #311 );
#11046=LINE ( 'NONE', #6046, #728 );
#11047=LINE ( 'NONE', #7588, #1944 );
#11048=VECTOR ( 'NONE', #5655, 39.37007874015748854 );
#11049=LINE ( 'NONE', #7404, #1120 );
#11050=AXIS2_PLACEMENT_3D ( 'NONE', #4355, #1538, #4412 );
#11051=ORIENTED_EDGE ( 'NONE', *, *, #1880, .F. );
#11052=FACE_OUTER_BOUND ( 'NONE', #4264, .T. );
#11053=EDGE_CURVE ( 'NONE', #6576, #2883, #1047, .T. );
#11054=CARTESIAN_POINT ( 'NONE',  ( 0.1023622047244094474, -0.08759842519685039075, -0.1141732283464566844 ) );
#11055=CARTESIAN_POINT ( 'NONE',  ( 0.03039349474359765227, 0.06102362204724409711, -0.3178260889773912856 ) );
#11056=AXIS2_PLACEMENT_3D ( 'NONE', #7003, #47, #7 );
#11057=ADVANCED_FACE ( 'NONE', ( #5911 ), #10102, .F. );
#11058=EDGE_CURVE ( 'NONE', #5339, #10145, #6817, .T. );
#11059=CARTESIAN_POINT ( 'NONE',  ( 0.1023622047239797217, -0.04330695653645685178, -0.06988189565147637228 ) );
#11060=ORIENTED_EDGE ( 'NONE', *, *, #7067, .T. );
#11061=B_SPLINE_CURVE_WITH_KNOTS ( 'NONE', 3,( #3752, #7345, #3571, #11630, #6315, #10819, #9798, #7241, #6378, #1926 ),.UNSPECIFIED., .F., .F.,( 4, 3, 3, 4 ),( 1.330916350234640125E-16, 3.780206300353971741E-05, 7.208304814483952247E-05, 0.0001057501805183245542 ),.UNSPECIFIED. );
#11062=LINE ( 'NONE', #9309, #8550 );
#11063=EDGE_LOOP ( 'NONE', ( #3390, #1998, #7938, #3234 ) );
#11064=CARTESIAN_POINT ( 'NONE',  ( 0.09153543307086613179, 0.08661417322834646937, -0.04035433070866142197 ) );
#11065=VERTEX_POINT ( 'NONE', #6688 );
#11066=CARTESIAN_POINT ( 'NONE',  ( 0.09448818897637795144, -0.08797244094488189392, -0.5792519685039370092 ) );
#11067=ORIENTED_EDGE ( 'NONE', *, *, #11112, .F. );
#11068=ORIENTED_EDGE ( 'NONE', *, *, #7360, .F. );
#11069=FACE_OUTER_BOUND ( 'NONE', #2934, .T. );
#11070=AXIS2_PLACEMENT_3D ( 'NONE', #2653, #16, #54 );
#11071=EDGE_CURVE ( 'NONE', #11579, #10033, #4755, .T. );
#11072=EDGE_CURVE ( 'NONE', #3009, #3672, #4985, .T. );
#11073=CARTESIAN_POINT ( 'NONE',  ( 0.06134533529206653152, 0.03250421471586173450, -0.5085487218122102249 ) );
#11074=LINE ( 'NONE', #3892, #311 );
#11075=VERTEX_POINT ( 'NONE', #7496 );
#11076=ORIENTED_EDGE ( 'NONE', *, *, #6811, .F. );
#11077=EDGE_LOOP ( 'NONE', ( #4556, #3596, #5631, #2752 ) );
#11078=AXIS2_PLACEMENT_3D ( 'NONE', #2151, #7, #47 );
#11079=EDGE_LOOP ( 'NONE', ( #6933, #3312, #901, #3489 ) );
#11080=CARTESIAN_POINT ( 'NONE',  ( -0.07677165354330708902, 0.09350393700787401619, -0.1535433070866141780 ) );
#11081=CARTESIAN_POINT ( 'NONE',  ( -0.002362204724409448786, -0.1023622047244094474, 0.000000000000000000 ) );
#11082=LINE ( 'NONE', #6861, #728 );
#11083=VERTEX_POINT ( 'NONE', #10908 );
#11084=VERTEX_POINT ( 'NONE', #6579 );
#11085=( BOUNDED_CURVE ( )  B_SPLINE_CURVE ( 3, ( #9684, #8519, #4052, #2964 ),.UNSPECIFIED., .F., .F. )B_SPLINE_CURVE_WITH_KNOTS ( ( 4, 4 ),( 0.09891452704594158596, 1.000000000000000000 ),.UNSPECIFIED. )CURVE ( )  GEOMETRIC_REPRESENTATION_ITEM ( )  RATIONAL_B_SPLINE_CURVE ( ( 0.9737771498195071374, 0.9028903307919954324, 0.9116312808521597200, 1.000000000000000000 ) )REPRESENTATION_ITEM ( '' )  );
#11086=DIRECTION ( 'NONE',  ( -4.978479964373718789E-16, 3.672751570065840289E-16, 1.000000000000000000 ) );
#11087=CIRCLE ( 'NONE', #960, 0.01181102362204724046 );
#11088=CARTESIAN_POINT ( 'NONE',  ( 0.09148535551208661354, -0.04356691731881889851, -0.05394080016468504046 ) );
#11089=ORIENTED_EDGE ( 'NONE', *, *, #4869, .F. );
#11090=FACE_BOUND ( 'NONE', #10287, .T. );
#11091=PLANE ( 'NONE',  #10633 );
#11092=VERTEX_POINT ( 'NONE', #2929 );
#11093=FACE_OUTER_BOUND ( 'NONE', #6948, .T. );
#11094=FACE_OUTER_BOUND ( 'NONE', #9989, .T. );
#11095=CYLINDRICAL_SURFACE ( 'NONE', #936, 0.004921259842519689308 );
#11096=ORIENTED_EDGE ( 'NONE', *, *, #8501, .F. );
#11097=CARTESIAN_POINT ( 'NONE',  ( 0.05118110236220472370, 0.09842519685039370636, -0.5078740157480314821 ) );
#11098=EDGE_CURVE ( 'NONE', #10045, #8950, #5689, .T. );
#11099=CARTESIAN_POINT ( 'NONE',  ( 0.1023622047244094474, 0.06692913385826770867, -0.1259842519685039353 ) );
#11100=AXIS2_PLACEMENT_3D ( 'NONE', #8384, #16, #47 );
#11101=AXIS2_PLACEMENT_3D ( 'NONE', #7109, #47, #7 );
#11102=ORIENTED_EDGE ( 'NONE', *, *, #3590, .T. );
#11103=CARTESIAN_POINT ( 'NONE',  ( 0.1023244462398192750, -0.04206328744910551448, -0.05413405917481108054 ) );
#11104=VERTEX_POINT ( 'NONE', #3960 );
#11105=EDGE_LOOP ( 'NONE', ( #5607, #10181, #1980, #7908, #8988, #3594, #4209, #4388, #7016, #10740, #5560, #3280, #10105, #2972, #85, #4177, #826, #10257 ) );
#11106=ORIENTED_EDGE ( 'NONE', *, *, #492, .F. );
#11107=EDGE_CURVE ( 'NONE', #3750, #8512, #11376, .T. );
#11108=ADVANCED_FACE ( 'NONE', ( #5741 ), #9269, .T. );
#11109=CARTESIAN_POINT ( 'NONE',  ( -0.1023622047244094474, -0.04232283464566929249, -0.1771653543307086520 ) );
#11110=AXIS2_PLACEMENT_3D ( 'NONE', #8064, #166, #73 );
#11111=CARTESIAN_POINT ( 'NONE',  ( 0.000000000000000000, -0.1023622047244094474, -0.6131889763779527769 ) );
#11112=EDGE_CURVE ( 'NONE', #5739, #6635, #8433, .T. );
#11113=CARTESIAN_POINT ( 'NONE',  ( -0.1033464566929133965, 0.09842519685039370636, -0.2490157480314960647 ) );
#11114=LINE ( 'NONE', #4904, #293 );
#11115=PLANE ( 'NONE',  #10131 );
#11116=VERTEX_POINT ( 'NONE', #8490 );
#11117=DIRECTION ( 'NONE',  ( 0.000000000000000000, 0.9701425001452410601, -0.2425356250366959565 ) );
#11118=ORIENTED_EDGE ( 'NONE', *, *, #8970, .T. );
#11119=AXIS2_PLACEMENT_3D ( 'NONE', #7415, #45, #2838 );
#11120=FACE_OUTER_BOUND ( 'NONE', #1283, .T. );
#11121=VERTEX_POINT ( 'NONE', #6747 );
#11122=CARTESIAN_POINT ( 'NONE',  ( -0.1033464566929133965, -0.08070866141732284393, -0.2194881889763779514 ) );
#11123=ORIENTED_EDGE ( 'NONE', *, *, #1095, .T. );
#11124=ADVANCED_FACE ( 'NONE', ( #10221 ), #2179, .T. );
#11125=VECTOR ( 'NONE', #108, 39.37007874015748143 );
#11126=CARTESIAN_POINT ( 'NONE',  ( -0.05743518078481060773, 0.03411390964352621624, -0.2014175920550849985 ) );
#11127=EDGE_LOOP ( 'NONE', ( #8013, #3133, #2967, #6242, #8783 ) );
#11128=ORIENTED_EDGE ( 'NONE', *, *, #1069, .T. );
#11129=FACE_OUTER_BOUND ( 'NONE', #1766, .T. );
#11130=AXIS2_PLACEMENT_3D ( 'NONE', #3217, #4251, #7 );
#11131=CARTESIAN_POINT ( 'NONE',  ( 0.1023622031238298619, -0.04306036750254586820, -0.08569640425308180931 ) );
#11132=ADVANCED_FACE ( 'NONE', ( #7726 ), #1372, .F. );
#11133=EDGE_CURVE ( 'NONE', #11300, #9421, #5101, .T. );
#11134=EDGE_CURVE ( 'NONE', #8127, #5315, #5047, .T. );
#11135=CARTESIAN_POINT ( 'NONE',  ( 0.09448818897637795144, 0.07185039370078739884, -0.1633858267716535584 ) );
#11136=LINE ( 'NONE', #7720, #6868 );
#11137=ORIENTED_EDGE ( 'NONE', *, *, #10764, .T. );
#11138=ORIENTED_EDGE ( 'NONE', *, *, #10640, .F. );
#11139=ORIENTED_EDGE ( 'NONE', *, *, #10791, .T. );
#11140=ORIENTED_EDGE ( 'NONE', *, *, #6531, .T. );
#11141=EDGE_CURVE ( 'NONE', #8755, #3851, #7208, .T. );
#11142=PLANE ( 'NONE',  #4176 );
#11143=EDGE_CURVE ( 'NONE', #5860, #4455, #344, .T. );
#11144=PRODUCT_DEFINITION_CONTEXT ( 'detailed design', #394, 'design' );
#11145=LINE ( 'NONE', #8773, #1211 );
#11146=FACE_OUTER_BOUND ( 'NONE', #8289, .T. );
#11147=EDGE_LOOP ( 'NONE', ( #10261, #556, #7250, #7795, #6883, #7351 ) );
#11148=ORIENTED_EDGE ( 'NONE', *, *, #3385, .T. );
#11149=CARTESIAN_POINT ( 'NONE',  ( -0.1023622047244094474, 0.03307086614173228301, -0.2519685039370078705 ) );
#11150=FACE_OUTER_BOUND ( 'NONE', #2119, .T. );
#11151=VERTEX_POINT ( 'NONE', #1559 );
#11152=ORIENTED_EDGE ( 'NONE', *, *, #3936, .F. );
#11153=EDGE_CURVE ( 'NONE', #241, #417, #2480, .T. );
#11154=LINE ( 'NONE', #6649, #293 );
#11155=EDGE_CURVE ( 'NONE', #5586, #435, #5879, .T. );
#11156=EDGE_LOOP ( 'NONE', ( #4505, #8545, #5809, #10799 ) );
#11157=CARTESIAN_POINT ( 'NONE',  ( 0.04843904214090551108, 0.07669557688421259345, -0.09153247357377954085 ) );
#11158=CARTESIAN_POINT ( 'NONE',  ( -0.09429561132023622783, 0.09471500370393699797, -0.2158271956160236205 ) );
#11159=VERTEX_POINT ( 'NONE', #3464 );
#11160=CARTESIAN_POINT ( 'NONE',  ( -0.06299212598425196763, -0.07677165354330708902, -0.5826771653543307838 ) );
#11161=EDGE_CURVE ( 'NONE', #4160, #11217, #6976, .T. );
#11162=ORIENTED_EDGE ( 'NONE', *, *, #2037, .T. );
#11163=CARTESIAN_POINT ( 'NONE',  ( -0.1771653543307086520, -0.09251968503937008093, -0.1732283464566929387 ) );
#11164=ORIENTED_EDGE ( 'NONE', *, *, #11270, .F. );
#11165=CARTESIAN_POINT ( 'NONE',  ( 0.03838582677165354451, -0.07677165354330708902, -0.5127952755905511584 ) );
#11166=ORIENTED_EDGE ( 'NONE', *, *, #1483, .F. );
#11167=ORIENTED_EDGE ( 'NONE', *, *, #8764, .F. );
#11168=LINE ( 'NONE', #1213, #24 );
#11169=CARTESIAN_POINT ( 'NONE',  ( -0.04841944222173520662, 0.07673760904645039738, -0.1870078740157480324 ) );
#11170=LINE ( 'NONE', #3266, #293 );
#11171=EDGE_CURVE ( 'NONE', #10734, #3271, #9643, .T. );
#11172=CARTESIAN_POINT ( 'NONE',  ( 0.09251968503937008093, -0.0004921259865157369883, -0.04921259843862205163 ) );
#11173=CARTESIAN_POINT ( 'NONE',  ( 0.05948629167706987603, 0.02759807126207039496, -0.08618386624426042919 ) );
#11174=AXIS2_PLACEMENT_3D ( 'NONE', #5565, #16, #7 );
#11175=VERTEX_POINT ( 'NONE', #2304 );
#11176=ORIENTED_EDGE ( 'NONE', *, *, #4846, .T. );
#11177=CARTESIAN_POINT ( 'NONE',  ( 0.1023622047244094474, -0.004921259842519684971, -0.09055118110236221041 ) );
#11178=ORIENTED_EDGE ( 'NONE', *, *, #9346, .F. );
#11179=DIRECTION ( 'NONE',  ( -2.529805069132844337E-15, 0.000000000000000000, 1.000000000000000000 ) );
#11180=EDGE_CURVE ( 'NONE', #7534, #3259, #4321, .T. );
#11181=ORIENTED_EDGE ( 'NONE', *, *, #11282, .F. );
#11182=CARTESIAN_POINT ( 'NONE',  ( 0.1003937007874015908, -0.09055118110236221041, -0.4645669291338582751 ) );
#11183=ORIENTED_EDGE ( 'NONE', *, *, #4383, .T. );
#11184=ORIENTED_EDGE ( 'NONE', *, *, #11199, .F. );
#11185=CARTESIAN_POINT ( 'NONE',  ( -0.1033893963795669418, -0.04371329847759842374, -0.2137393520977559080 ) );
#11186=CIRCLE ( 'NONE', #8109, 0.01181102362204724046 );
#11187=EDGE_CURVE ( 'NONE', #6066, #8653, #3890, .T. );
#11188=CARTESIAN_POINT ( 'NONE',  ( 0.08164653609232283560, 0.02930762787678740239, -0.5408194491834645845 ) );
#11189=ORIENTED_EDGE ( 'NONE', *, *, #10775, .T. );
#11190=ORIENTED_EDGE ( 'NONE', *, *, #2946, .F. );
#11191=EDGE_LOOP ( 'NONE', ( #4046, #4998, #504, #10452 ) );
#11192=VERTEX_POINT ( 'NONE', #2553 );
#11193=EDGE_CURVE ( 'NONE', #9960, #10409, #9692, .T. );
#11194=CARTESIAN_POINT ( 'NONE',  ( -0.04709502950578886571, 0.08285968376842006711, 0.09842519685039370636 ) );
#11195=FACE_OUTER_BOUND ( 'NONE', #5910, .T. );
#11196=ORIENTED_EDGE ( 'NONE', *, *, #11141, .T. );
#11197=EDGE_LOOP ( 'NONE', ( #11619, #8909, #10592, #3782, #4122, #10307, #4017, #3462, #2302, #10158, #3049, #3670, #2963, #9267, #10061, #3079, #783, #8555, #680, #8166, #2161, #3284, #4680, #9623, #8861, #9751, #6270, #5411, #5099, #1236, #10807, #7185, #934, #5323, #8436, #30 ) );
#11198=DIRECTION ( 'NONE',  ( -0.9063077870291047500, 0.4226182617568802757, -7.197511680477616524E-12 ) );
#11199=EDGE_CURVE ( 'NONE', #523, #11346, #655, .T. );
#11200=CARTESIAN_POINT ( 'NONE',  ( -0.09256606233287401064, -0.04921259842519685318, -0.1671259842519685068 ) );
#11201=ADVANCED_FACE ( 'NONE', ( #8247 ), #907, .T. );
#11202=ORIENTED_EDGE ( 'NONE', *, *, #182, .T. );
#11203=ORIENTED_EDGE ( 'NONE', *, *, #8241, .F. );
#11204=FACE_OUTER_BOUND ( 'NONE', #2407, .T. );
#11205=EDGE_CURVE ( 'NONE', #9424, #5860, #11664, .T. );
#11206=LINE ( 'NONE', #8670, #31 );
#11207=CARTESIAN_POINT ( 'NONE',  ( 0.09055118110232283912, 0.08858263021937007320, -0.08469837794503937145 ) );
#11208=LINE ( 'NONE', #3249, #11 );
#11209=CARTESIAN_POINT ( 'NONE',  ( -0.09148240043381888897, 0.08648476560535434121, -0.2185071944434252011 ) );
#11210=AXIS2_PLACEMENT_3D ( 'NONE', #5004, #1254, #16 );
#11211=FACE_OUTER_BOUND ( 'NONE', #4909, .T. );
#11212=ADVANCED_FACE ( 'NONE', ( #3764 ), #8983, .T. );
#11213=EDGE_CURVE ( 'NONE', #3243, #7583, #779, .T. );
#11214=ORIENTED_EDGE ( 'NONE', *, *, #5413, .F. );
#11215=VERTEX_POINT ( 'NONE', #598 );
#11216=CIRCLE ( 'NONE', #6101, 0.004921259842519621654 );
#11217=VERTEX_POINT ( 'NONE', #843 );
#11218=ORIENTED_EDGE ( 'NONE', *, *, #252, .T. );
#11219=ORIENTED_EDGE ( 'NONE', *, *, #415, .F. );
#11220=CARTESIAN_POINT ( 'NONE',  ( 0.03838582677178965091, 0.03658046435794094081, -0.4895837210992255439 ) );
#11221=CARTESIAN_POINT ( 'NONE',  ( 0.09744094488188977110, -0.07874015748031495954, -0.07480314960629921850 ) );
#11222=EDGE_CURVE ( 'NONE', #3695, #2044, #3906, .T. );
#11223=ORIENTED_EDGE ( 'NONE', *, *, #11385, .F. );
#11224=LINE ( 'NONE', #380, #188 );
#11225=ORIENTED_EDGE ( 'NONE', *, *, #5067, .T. );
#11226=CARTESIAN_POINT ( 'NONE',  ( 0.03740157480314960925, -0.06988188976377952832, -0.4370078740157480879 ) );
#11227=EDGE_LOOP ( 'NONE', ( #5351, #2446, #9250, #8374 ) );
#11228=VERTEX_POINT ( 'NONE', #8076 );
#11229=CIRCLE ( 'NONE', #1449, 0.009842519685039369942 );
#11230=CYLINDRICAL_SURFACE ( 'NONE', #392, 0.01574803149606296415 );
#11231=ORIENTED_EDGE ( 'NONE', *, *, #7368, .F. );
#11232=ORIENTED_EDGE ( 'NONE', *, *, #5527, .T. );
#11233=EDGE_CURVE ( 'NONE', #1129, #1745, #5548, .T. );
#11234=CARTESIAN_POINT ( 'NONE',  ( -0.09942634363102362260, -0.04291908119027559865, -0.2136183128583070967 ) );
#11235=CARTESIAN_POINT ( 'NONE',  ( -0.09227074063985550578, 0.08754235260086612458, -0.1777815904990803497 ) );
#11236=EDGE_CURVE ( 'NONE', #3704, #9232, #2343, .T. );
#11237=AXIS2_PLACEMENT_3D ( 'NONE', #6722, #47, #73 );
#11238=CIRCLE ( 'NONE', #6131, 0.009842519684566940555 );
#11239=CARTESIAN_POINT ( 'NONE',  ( -0.09645669291338582196, 0.07874015748031495954, -0.5314960629921260393 ) );
#11240=FACE_OUTER_BOUND ( 'NONE', #6459, .T. );
#11241=ORIENTED_EDGE ( 'NONE', *, *, #244, .F. );
#11242=EDGE_LOOP ( 'NONE', ( #4528, #3630, #3653, #11021 ) );
#11243=ORIENTED_EDGE ( 'NONE', *, *, #454, .F. );
#11244=VERTEX_POINT ( 'NONE', #9809 );
#11245=CARTESIAN_POINT ( 'NONE',  ( 0.05118110236220472370, 0.07972440944881889480, -0.4370078740157480879 ) );
#11246=LINE ( 'NONE', #10387, #11545 );
#11247=CIRCLE ( 'NONE', #10885, 0.004921259842519680634 );
#11248=EDGE_CURVE ( 'NONE', #44, #11092, #2147, .T. );
#11249=CARTESIAN_POINT ( 'NONE',  ( -0.03533946142665050916, 0.08149833272071083101, -0.1978346456692519628 ) );
#11250=VERTEX_POINT ( 'NONE', #4604 );
#11251=ORIENTED_EDGE ( 'NONE', *, *, #8949, .T. );
#11252=LINE ( 'NONE', #9704, #58 );
#11253=LINE ( 'NONE', #9592, #11 );
#11254=EDGE_CURVE ( 'NONE', #11350, #9424, #5498, .T. );
#11255=FACE_OUTER_BOUND ( 'NONE', #9408, .T. );
#11256=AXIS2_PLACEMENT_3D ( 'NONE', #761, #45, #4708 );
#11257=CIRCLE ( 'NONE', #6002, 0.01181102362204724046 );
#11258=CARTESIAN_POINT ( 'NONE',  ( 0.03940229860904628789, -0.01851081500691000373, -0.4951474417032107889 ) );
#11259=EDGE_LOOP ( 'NONE', ( #7789, #9221, #7491, #3084 ) );
#11260=ORIENTED_EDGE ( 'NONE', *, *, #8566, .T. );
#11261=CARTESIAN_POINT ( 'NONE',  ( 0.05120780701434650417, -0.01574803148955219306, -0.4908219245917505580 ) );
#11262=CARTESIAN_POINT ( 'NONE',  ( 0.05019685039370079538, 0.06496062992125983815, -0.4606299212598425341 ) );
#11263=CARTESIAN_POINT ( 'NONE',  ( 0.09061810566847833259, 0.08854982057529567352, -0.08509553670110235613 ) );
#11264=SHAPE_DEFINITION_REPRESENTATION ( #879, #6149 );
#11265=CARTESIAN_POINT ( 'NONE',  ( 0.09941300980586614822, -0.04391993405326771738, -0.05391349395535433714 ) );
#11266=EDGE_CURVE ( 'NONE', #2486, #11610, #114, .T. );
#11267=CARTESIAN_POINT ( 'NONE',  ( -0.09032555161212599271, 0.09151585994937008750, -0.2120889026291338519 ) );
#11268=PLANE ( 'NONE',  #10760 );
#11269=EDGE_CURVE ( 'NONE', #6853, #8472, #1614, .T. );
#11270=EDGE_CURVE ( 'NONE', #5212, #1395, #1683, .T. );
#11271=LINE ( 'NONE', #5179, #311 );
#11272=ORIENTED_EDGE ( 'NONE', *, *, #7528, .F. );
#11273=ORIENTED_EDGE ( 'NONE', *, *, #2276, .T. );
#11274=DIRECTION ( 'NONE',  ( 0.9992463862127439755, -1.752070710733816752E-12, -0.03881571383823746030 ) );
#11275=CIRCLE ( 'NONE', #1500, 0.01181102362204701148 );
#11276=ORIENTED_EDGE ( 'NONE', *, *, #9366, .F. );
#11277=LINE ( 'NONE', #7448, #31 );
#11278=ORIENTED_EDGE ( 'NONE', *, *, #11533, .F. );
#11279=ORIENTED_EDGE ( 'NONE', *, *, #1522, .F. );
#11280=FACE_OUTER_BOUND ( 'NONE', #4970, .T. );
#11281=EDGE_CURVE ( 'NONE', #8189, #7820, #5991, .T. );
#11282=EDGE_CURVE ( 'NONE', #1792, #4242, #6325, .T. );
#11283=LINE ( 'NONE', #3376, #24 );
#11284=FACE_OUTER_BOUND ( 'NONE', #9091, .T. );
#11285=AXIS2_PLACEMENT_3D ( 'NONE', #1668, #6248, #8012 );
#11286=EDGE_CURVE ( 'NONE', #9406, #5971, #2738, .T. );
#11287=CARTESIAN_POINT ( 'NONE',  ( 0.03610340318649471469, 0.03865060654332015677, -0.3719044270709623845 ) );
#11288=CARTESIAN_POINT ( 'NONE',  ( 0.01266864600511607118, 0.06102362204724406936, -0.3237649052129560889 ) );
#11289=VERTEX_POINT ( 'NONE', #11581 );
#11290=CARTESIAN_POINT ( 'NONE',  ( 0.08858267716535432601, 0.05511811023622047168, -0.3759842519685039353 ) );
#11291=ORIENTED_EDGE ( 'NONE', *, *, #11286, .F. );
#11292=DIRECTION ( 'NONE',  ( 0.000000000000000000, 0.9230769230785470514, 0.3846153846114865327 ) );
#11293=AXIS2_PLACEMENT_3D ( 'NONE', #7320, #16, #7 );
#11294=EDGE_LOOP ( 'NONE', ( #9911, #9646, #4126, #11628, #5015, #4617, #3536, #686, #8863, #7142, #10849, #2847, #430, #7626 ) );
#11295=EDGE_LOOP ( 'NONE', ( #8682, #4544, #6313, #7852 ) );
#11296=AXIS2_PLACEMENT_3D ( 'NONE', #757, #16, #47 );
#11297=EDGE_CURVE ( 'NONE', #11551, #5006, #6390, .T. );
#11298=EDGE_CURVE ( 'NONE', #857, #7130, #1305, .T. );
#11299=CARTESIAN_POINT ( 'NONE',  ( -0.08267716535433070058, -0.07874015748031495954, -0.5708661417322835607 ) );
#11300=VERTEX_POINT ( 'NONE', #3262 );
#11301=VERTEX_POINT ( 'NONE', #6886 );
#11302=CARTESIAN_POINT ( 'NONE',  ( -0.09544295230059056390, -0.04261127872279527051, -0.2135773483227165204 ) );
#11303=CARTESIAN_POINT ( 'NONE',  ( -0.09224159337837245509, 0.08752662013263780294, -0.1777815905022551157 ) );
#11304=CIRCLE ( 'NONE', #6751, 0.009842518229685081471 );
#11305=CARTESIAN_POINT ( 'NONE',  ( 0.07639804267023622697, -0.008990755493905511556, -0.08562992125984252023 ) );
#11306=CARTESIAN_POINT ( 'NONE',  ( 0.1181102362204724532, 0.09842519685039370636, -8.537024980200825639E-18 ) );
#11307=ORIENTED_EDGE ( 'NONE', *, *, #11506, .F. );
#11308=ORIENTED_EDGE ( 'NONE', *, *, #11155, .F. );
#11309=ORIENTED_EDGE ( 'NONE', *, *, #8441, .F. );
#11310=VERTEX_POINT ( 'NONE', #8627 );
#11311=CARTESIAN_POINT ( 'NONE',  ( -0.1023622047244094474, -0.08316929133858266820, -0.1929133858267716439 ) );
#11312=CYLINDRICAL_SURFACE ( 'NONE', #1654, 0.004921259842519685838 );
#11313=EDGE_CURVE ( 'NONE', #10232, #989, #11045, .T. );
#11314=CARTESIAN_POINT ( 'NONE',  ( 0.06594488188976575793, 0.08661417322834646937, -0.09940944881889764162 ) );
#11315=CARTESIAN_POINT ( 'NONE',  ( -0.08267716535433070058, -0.04330708661417323468, -0.2138722685862070871 ) );
#11316=ORIENTED_EDGE ( 'NONE', *, *, #716, .T. );
#11317=ORIENTED_EDGE ( 'NONE', *, *, #3412, .F. );
#11318=CARTESIAN_POINT ( 'NONE',  ( 0.09251968503937008093, 0.08661417321921262291, -0.06988188976377952832 ) );
#11319=LINE ( 'NONE', #7860, #58 );
#11320=LINE ( 'NONE', #7862, #293 );
#11321=ORIENTED_EDGE ( 'NONE', *, *, #11199, .T. );
#11322=ORIENTED_EDGE ( 'NONE', *, *, #6889, .F. );
#11323=CARTESIAN_POINT ( 'NONE',  ( 0.08164653609232283560, 0.03962280658090551466, -0.5231896366940944620 ) );
#11324=CARTESIAN_POINT ( 'NONE',  ( 0.09135501239429606735, 0.08835037521891653256, -0.08787447459959134288 ) );
#11325=ADVANCED_FACE ( 'NONE', ( #2154 ), #5776, .T. );
#11326=CARTESIAN_POINT ( 'NONE',  ( 0.02354831935465847431, -0.1299209946236704050, -0.1387100097716816027 ) );
#11327=AXIS2_PLACEMENT_3D ( 'NONE', #8736, #3125, #54 );
#11328=FACE_OUTER_BOUND ( 'NONE', #2331, .T. );
#11329=ORIENTED_EDGE ( 'NONE', *, *, #6811, .T. );
#11330=ADVANCED_FACE ( 'NONE', ( #1403 ), #2854, .F. );
#11331=EDGE_LOOP ( 'NONE', ( #8798, #364, #4460, #10603 ) );
#11332=ORIENTED_EDGE ( 'NONE', *, *, #2493, .F. );
#11333=CARTESIAN_POINT ( 'NONE',  ( -0.07677165354330708902, 0.09842519685039370636, -0.1978346456692913480 ) );
#11334=ORIENTED_EDGE ( 'NONE', *, *, #10396, .F. );
#11335=VERTEX_POINT ( 'NONE', #5938 );
#11336=CARTESIAN_POINT ( 'NONE',  ( 0.05099147183854055992, -0.04921259842519409844, -0.1141732283464566844 ) );
#11337=EDGE_CURVE ( 'NONE', #574, #6301, #1151, .T. );
#11338=DIRECTION ( 'NONE',  ( 1.231539403499117579E-15, 5.742762551712431832E-16, -1.000000000000000000 ) );
#11339=CARTESIAN_POINT ( 'NONE',  ( 0.05118110236220472370, -0.06988188976377952832, -0.5708661417322835607 ) );
#11340=CYLINDRICAL_SURFACE ( 'NONE', #5225, 0.01181102362215340727 );
#11341=EDGE_CURVE ( 'NONE', #8431, #10532, #1339, .T. );
#11342=LINE ( 'NONE', #1594, #11 );
#11343=ORIENTED_EDGE ( 'NONE', *, *, #2319, .T. );
#11344=PLANE ( 'NONE',  #9605 );
#11345=ORIENTED_EDGE ( 'NONE', *, *, #10764, .F. );
#11346=VERTEX_POINT ( 'NONE', #6716 );
#11347=EDGE_CURVE ( 'NONE', #2299, #10004, #6505, .T. );
#11348=CARTESIAN_POINT ( 'NONE',  ( -0.1033464566929133965, 0.09842519685039370636, -0.2440944881889763884 ) );
#11349=CARTESIAN_POINT ( 'NONE',  ( 0.08858267716535432601, 0.07381889763779526936, -0.3996062992125983815 ) );
#11350=VERTEX_POINT ( 'NONE', #10130 );
#11351=ORIENTED_EDGE ( 'NONE', *, *, #3486, .T. );
#11352=CARTESIAN_POINT ( 'NONE',  ( -0.09941300980586614822, -0.04391993405330708172, -0.2138030414777165600 ) );
#11353=CARTESIAN_POINT ( 'NONE',  ( -0.09553469835633859875, 0.09739688207181103341, -0.1798421104234252110 ) );
#11354=LINE ( 'NONE', #5054, #5601 );
#11355=ADVANCED_FACE ( 'NONE', ( #6826 ), #4898, .T. );
#11356=CARTESIAN_POINT ( 'NONE',  ( 0.08858267716535432601, 0.07381889763779526936, -0.1496062992125984370 ) );
#11357=EDGE_CURVE ( 'NONE', #5495, #6431, #3128, .T. );
#11358=ORIENTED_EDGE ( 'NONE', *, *, #3240, .T. );
#11359=ORIENTED_EDGE ( 'NONE', *, *, #1759, .F. );
#11360=LINE ( 'NONE', #3403, #11 );
#11361=ORIENTED_EDGE ( 'NONE', *, *, #4869, .T. );
#11362=CARTESIAN_POINT ( 'NONE',  ( -0.02702809808009583661, -0.1299539998025635301, -0.4123359206278236488 ) );
#11363=CARTESIAN_POINT ( 'NONE',  ( 0.1181102362204724532, -0.08464566929133858497, -0.5708661417322835607 ) );
#11364=CARTESIAN_POINT ( 'NONE',  ( 0.06435193835050394273, 0.02986695956774848559, -0.07793445280716991552 ) );
#11365=VERTEX_POINT ( 'NONE', #371 );
#11366=EDGE_LOOP ( 'NONE', ( #2293, #9807, #3646, #3131, #1529 ) );
#11367=LINE ( 'NONE', #4328, #311 );
#11368=EDGE_CURVE ( 'NONE', #10532, #9350, #5886, .T. );
#11369=CYLINDRICAL_SURFACE ( 'NONE', #8520, 0.004921259842519680634 );
#11370=PLANE ( 'NONE',  #5716 );
#11371=CARTESIAN_POINT ( 'NONE',  ( -0.05819872602207326606, -0.07548000520930819857, 0.09842519685039370636 ) );
#11372=ORIENTED_EDGE ( 'NONE', *, *, #937, .T. );
#11373=ORIENTED_EDGE ( 'NONE', *, *, #2116, .F. );
#11374=CARTESIAN_POINT ( 'NONE',  ( 0.04589997907739575694, -0.03937007874015747977, -0.3285501270213461167 ) );
#11375=EDGE_CURVE ( 'NONE', #7732, #1627, #2267, .T. );
#11376=CIRCLE ( 'NONE', #1950, 0.01771653543307086243 );
#11377=CARTESIAN_POINT ( 'NONE',  ( -0.09055118110236221041, 0.09842519685039370636, -0.1978346456692913480 ) );
#11378=CARTESIAN_POINT ( 'NONE',  ( 0.09556265519621692794, 0.09745739181793053318, -0.08787442467799075341 ) );
#11379=EDGE_CURVE ( 'NONE', #10872, #11075, #8687, .T. );
#11380=CARTESIAN_POINT ( 'NONE',  ( 0.02912791036754041121, -0.1299539998025974752, -0.08478898557416492121 ) );
#11381=CIRCLE ( 'NONE', #3219, 0.001968503937008527979 );
#11382=AXIS2_PLACEMENT_3D ( 'NONE', #5855, #98, #54 );
#11383=( BOUNDED_CURVE ( )  B_SPLINE_CURVE ( 3, ( #3786, #2189, #5865, #649 ),.UNSPECIFIED., .F., .F. )B_SPLINE_CURVE_WITH_KNOTS ( ( 4, 4 ),( 1.570794855383371269, 3.141592653593793472 ),.UNSPECIFIED. )CURVE ( )  GEOMETRIC_REPRESENTATION_ITEM ( )  RATIONAL_B_SPLINE_CURVE ( ( 1.000000000000000000, 0.8047375073082720931, 0.8047375073082720931, 1.000000000000000000 ) )REPRESENTATION_ITEM ( '' )  );
#11384=VERTEX_POINT ( 'NONE', #3988 );
#11385=EDGE_CURVE ( 'NONE', #574, #8197, #11168, .T. );
#11386=LINE ( 'NONE', #1643, #7439 );
#11387=ORIENTED_EDGE ( 'NONE', *, *, #5943, .T. );
#11388=ORIENTED_EDGE ( 'NONE', *, *, #3328, .F. );
#11389=VERTEX_POINT ( 'NONE', #8458 );
#11390=CARTESIAN_POINT ( 'NONE',  ( 0.05561624049531496694, 0.03009481290170866463, -0.5078910045665354644 ) );
#11391=CARTESIAN_POINT ( 'NONE',  ( 0.08267716535433070058, -0.001476377952736228306, -0.4940944881889763884 ) );
#11392=CARTESIAN_POINT ( 'NONE',  ( 0.1033840581827559085, -0.04391228641622047651, -0.08582075946870079686 ) );
#11393=LINE ( 'NONE', #3437, #33 );
#11394=ADVANCED_FACE ( 'NONE', ( #180 ), #7585, .F. );
#11395=CARTESIAN_POINT ( 'NONE',  ( -0.09251968503937008093, -0.09842519685039370636, -0.05905511811023622659 ) );
#11396=CIRCLE ( 'NONE', #831, 0.01771653543307089712 );
#11397=LINE ( 'NONE', #1775, #188 );
#11398=EDGE_LOOP ( 'NONE', ( #1285, #10496, #10818, #3416 ) );
#11399=CARTESIAN_POINT ( 'NONE',  ( 0.02336356845223910850, -0.1299212598425196763, -0.1449080109242000258 ) );
#11400=FACE_OUTER_BOUND ( 'NONE', #366, .T. );
#11401=ORIENTED_EDGE ( 'NONE', *, *, #8027, .F. );
#11402=EDGE_LOOP ( 'NONE', ( #776, #10750, #4316, #1603, #7077 ) );
#11403=AXIS2_PLACEMENT_3D ( 'NONE', #7692, #6580, #16 );
#11404=VECTOR ( 'NONE', #7506, 39.37007874015748854 );
#11405=CARTESIAN_POINT ( 'NONE',  ( 0.09448818897637795144, 0.07185039370078739884, -0.2854330708661417804 ) );
#11406=EDGE_CURVE ( 'NONE', #2793, #1322, #2580, .T. );
#11407=VERTEX_POINT ( 'NONE', #1648 );
#11408=VERTEX_POINT ( 'NONE', #3491 );
#11409=CARTESIAN_POINT ( 'NONE',  ( -0.09148892049271653559, -0.04337156530724409903, -0.2137020657790157374 ) );
#11410=CARTESIAN_POINT ( 'NONE',  ( -0.09188770861763781439, 0.09838431542078739100, -0.1818573259694488409 ) );
#11411=CARTESIAN_POINT ( 'NONE',  ( -0.07578740157480315376, 0.08661417322834646937, -0.2539370078740157410 ) );
#11412=EDGE_CURVE ( 'NONE', #3226, #2659, #10017, .T. );
#11413=EDGE_CURVE ( 'NONE', #1238, #5157, #7995, .T. );
#11414=LINE ( 'NONE', #11634, #11 );
#11415=ORIENTED_EDGE ( 'NONE', *, *, #11347, .F. );
#11416=CARTESIAN_POINT ( 'NONE',  ( 0.05787449213863661568, -0.03612701344397610537, -0.3877952745496559550 ) );
#11417=ORIENTED_EDGE ( 'NONE', *, *, #3656, .T. );
#11418=ORIENTED_EDGE ( 'NONE', *, *, #9828, .F. );
#11419=CARTESIAN_POINT ( 'NONE',  ( -0.09148905577736221595, 0.05416676014822834756, -0.2515721080670472731 ) );
#11420=ADVANCED_FACE ( 'NONE', ( #11280 ), #9614, .T. );
#11421=ORIENTED_EDGE ( 'NONE', *, *, #10789, .F. );
#11422=ORIENTED_EDGE ( 'NONE', *, *, #7033, .F. );
#11423=EDGE_CURVE ( 'NONE', #712, #3901, #8800, .T. );
#11424=FACE_OUTER_BOUND ( 'NONE', #2944, .T. );
#11425=CARTESIAN_POINT ( 'NONE',  ( 0.1023622047244094474, 0.05984251968503937619, -0.01377952755905413433 ) );
#11426=ORIENTED_EDGE ( 'NONE', *, *, #9486, .T. );
#11427=ORIENTED_EDGE ( 'NONE', *, *, #6738, .T. );
#11428=PLANE ( 'NONE',  #8394 );
#11429=LINE ( 'NONE', #7807, #31 );
#11430=CARTESIAN_POINT ( 'NONE',  ( 0.09061924005444882413, 0.08858263021937007320, -0.08509553670110235613 ) );
#11431=CARTESIAN_POINT ( 'NONE',  ( -0.02950530667953007308, -0.1275040290269014442, -0.1366491423086614032 ) );
#11432=ADVANCED_FACE ( 'NONE', ( #5245 ), #6234, .T. );
#11433=CARTESIAN_POINT ( 'NONE',  ( 0.09448818897637795144, -0.07824803149606300579, -0.4940944881889763884 ) );
#11434=CIRCLE ( 'NONE', #3081, 0.004921259842519689308 );
#11435=CIRCLE ( 'NONE', #6520, 0.009842519685039378616 );
#11436=ORIENTED_EDGE ( 'NONE', *, *, #11704, .T. );
#11437=DIRECTION ( 'NONE',  ( 0.4651306830475762100, -0.1046847845178554559, -0.8790304565702744544 ) );
#11438=EDGE_LOOP ( 'NONE', ( #10580, #6964, #4223, #6809 ) );
#11439=CARTESIAN_POINT ( 'NONE',  ( -0.09251968503937008093, -0.08759842519685039075, -0.1535433070866141780 ) );
#11440=ORIENTED_EDGE ( 'NONE', *, *, #2672, .F. );
#11441=EDGE_CURVE ( 'NONE', #9232, #5544, #2343, .T. );
#11442=AXIS2_PLACEMENT_3D ( 'NONE', #9679, #47, #98 );
#11443=VERTEX_POINT ( 'NONE', #770 );
#11444=AXIS2_PLACEMENT_3D ( 'NONE', #9197, #98, #54 );
#11445=CARTESIAN_POINT ( 'NONE',  ( 0.04232283464566929249, -0.01574803149606292599, -0.5000000000000001110 ) );
#11446=ADVANCED_FACE ( 'NONE', ( #6949 ), #1711, .F. );
#11447=CARTESIAN_POINT ( 'NONE',  ( 0.09941787115078740134, -0.04379521968539369647, -0.08582069925893701101 ) );
#11448=LINE ( 'NONE', #1948, #188 );
#11449=CARTESIAN_POINT ( 'NONE',  ( 0.08267716535433070058, -0.08464566929133858497, -0.4350393700787402174 ) );
#11450=CIRCLE ( 'NONE', #286, 0.01771653543307089712 );
#11451=EDGE_LOOP ( 'NONE', ( #4599, #514, #1111, #6612, #8312, #1780, #2743, #1237, #11421, #5656, #8941, #8014, #3388, #10203, #6981 ) );
#11452=ORIENTED_EDGE ( 'NONE', *, *, #5195, .T. );
#11453=CARTESIAN_POINT ( 'NONE',  ( -0.04350417893567319616, 0.04834354858961022183, -0.2108095562398092371 ) );
#11454=ORIENTED_EDGE ( 'NONE', *, *, #10448, .T. );
#11455=CARTESIAN_POINT ( 'NONE',  ( -0.08366141732283464971, -0.03543307086614173179, -0.5039370078740157410 ) );
#11456=ORIENTED_EDGE ( 'NONE', *, *, #11638, .T. );
#11457=EDGE_CURVE ( 'NONE', #8512, #9423, #6293, .T. );
#11458=CARTESIAN_POINT ( 'NONE',  ( -9.337371072094646784E-19, -0.09055118110236221041, -0.6190944881889763884 ) );
#11459=DIRECTION ( 'NONE',  ( 1.000000000000000000, 0.000000000000000000, -1.734723475976806463E-14 ) );
#11460=ORIENTED_EDGE ( 'NONE', *, *, #1743, .T. );
#11461=ORIENTED_EDGE ( 'NONE', *, *, #9538, .T. );
#11462=FACE_OUTER_BOUND ( 'NONE', #10906, .T. );
#11463=CARTESIAN_POINT ( 'NONE',  ( -0.09203522245129922008, 0.08793242127748031323, -0.1783219749298425028 ) );
#11464=LINE ( 'NONE', #1679, #11 );
#11465=ORIENTED_EDGE ( 'NONE', *, *, #15, .T. );
#11466=EDGE_CURVE ( 'NONE', #2615, #8532, #8901, .T. );
#11467=ORIENTED_EDGE ( 'NONE', *, *, #9787, .F. );
#11468=ORIENTED_EDGE ( 'NONE', *, *, #8669, .T. );
#11469=PLANE ( 'NONE',  #9752 );
#11470=EDGE_CURVE ( 'NONE', #858, #10712, #10518, .T. );
#11471=CARTESIAN_POINT ( 'NONE',  ( 0.06029723278932383468, 0.02797621931298626199, -0.06968503937007883287 ) );
#11472=VERTEX_POINT ( 'NONE', #7021 );
#11473=ORIENTED_EDGE ( 'NONE', *, *, #1421, .F. );
#11474=CIRCLE ( 'NONE', #10651, 0.01181102362204724046 );
#11475=FACE_OUTER_BOUND ( 'NONE', #8473, .T. );
#11476=CIRCLE ( 'NONE', #9115, 0.01476377952755905144 );
#11477=AXIS2_PLACEMENT_3D ( 'NONE', #1084, #8231, #7599 );
#11478=CARTESIAN_POINT ( 'NONE',  ( 0.08267716535433070058, -0.05511811023622047168, -0.3759842519684374329 ) );
#11479=LINE ( 'NONE', #6336, #58 );
#11480=CARTESIAN_POINT ( 'NONE',  ( -0.09645669291338582196, 0.07874015748031495954, -0.4921259842519685179 ) );
#11481=ORIENTED_EDGE ( 'NONE', *, *, #9732, .F. );
#11482=ADVANCED_FACE ( 'NONE', ( #561 ), #6059, .T. );
#11483=ORIENTED_EDGE ( 'NONE', *, *, #5420, .T. );
#11484=PLANE ( 'NONE',  #3788 );
#11485=CARTESIAN_POINT ( 'NONE',  ( 0.09756799276964391032, 0.09626092974723465812, -0.08870374198459705928 ) );
#11486=LINE ( 'NONE', #7980, #5122 );
#11487=CARTESIAN_POINT ( 'NONE',  ( 0.08267716535433070058, -0.02951782909913212849, -0.5398104833162102878 ) );
#11488=DIRECTION ( 'NONE',  ( -0.9992463862127514140, -1.757853122320382145E-12, 0.03881571383804053449 ) );
#11489=CARTESIAN_POINT ( 'NONE',  ( 0.09954881166653543889, 0.08858267716535432601, -0.05905511811015748402 ) );
#11490=CARTESIAN_POINT ( 'NONE',  ( -0.05905511811023622659, -0.08267716535433070058, -0.5708661417322835607 ) );
#11491=ORIENTED_EDGE ( 'NONE', *, *, #851, .T. );
#11492=ADVANCED_FACE ( 'NONE', ( #10622 ), #2640, .T. );
#11493=EDGE_CURVE ( 'NONE', #5844, #5150, #4347, .T. );
#11494=ORIENTED_EDGE ( 'NONE', *, *, #1880, .T. );
#11495=CARTESIAN_POINT ( 'NONE',  ( 0.04046245054224409388, -0.03843853270771653563, -0.3723951534425197218 ) );
#11496=EDGE_LOOP ( 'NONE', ( #5124, #9162, #8133, #8258 ) );
#11497=CARTESIAN_POINT ( 'NONE',  ( -0.1023480235165055013, -0.04256001622582141625, -0.2136071993178708661 ) );
#11498=ORIENTED_EDGE ( 'NONE', *, *, #129, .T. );
#11499=ORIENTED_EDGE ( 'NONE', *, *, #9159, .F. );
#11500=LINE ( 'NONE', #3619, #2852 );
#11501=LINE ( 'NONE', #7997, #58 );
#11502=CARTESIAN_POINT ( 'NONE',  ( 0.09448818897637795144, 0.05511811023622047168, -0.2972440944881890035 ) );
#11503=PLANE ( 'NONE',  #9333 );
#11504=CARTESIAN_POINT ( 'NONE',  ( 0.07221686562830709200, -0.03265667482697243856, -0.4228519215448819368 ) );
#11505=ADVANCED_FACE ( 'NONE', ( #5353 ), #2519, .T. );
#11506=EDGE_CURVE ( 'NONE', #6396, #9010, #8126, .T. );
#11507=ORIENTED_EDGE ( 'NONE', *, *, #2138, .F. );
#11508=DIRECTION ( 'NONE',  ( -0.9063077870369627975, 0.4226182617400288666, 2.999933503369299417E-12 ) );
#11509=ORIENTED_EDGE ( 'NONE', *, *, #2570, .F. );
#11510=FACE_OUTER_BOUND ( 'NONE', #8117, .T. );
#11511=EDGE_LOOP ( 'NONE', ( #343, #7556, #1906, #11655, #4084, #6854 ) );
#11512=VERTEX_POINT ( 'NONE', #3675 );
#11513=FACE_OUTER_BOUND ( 'NONE', #9176, .T. );
#11514=LINE ( 'NONE', #8115, #24 );
#11515=EDGE_CURVE ( 'NONE', #5591, #6824, #4685, .T. );
#11516=VERTEX_POINT ( 'NONE', #4760 );
#11517=VERTEX_POINT ( 'NONE', #6355 );
#11518=CARTESIAN_POINT ( 'NONE',  ( -0.04133858267716535029, 0.08858267716535432601, -0.09645669291338582196 ) );
#11519=CARTESIAN_POINT ( 'NONE',  ( -0.08366141732283464971, 0.03543307086614173179, -0.5039370078740157410 ) );
#11520=CARTESIAN_POINT ( 'NONE',  ( 0.06942314350311024063, 0.03371831769974802800, -0.4074068494086614534 ) );
#11521=CARTESIAN_POINT ( 'NONE',  ( 0.05971575954165354860, -0.01902530603530315154, -0.5317796006673227716 ) );
#11522=EDGE_CURVE ( 'NONE', #10834, #7196, #7487, .T. );
#11523=ORIENTED_EDGE ( 'NONE', *, *, #8631, .T. );
#11524=LINE ( 'NONE', #5271, #188 );
#11525=ORIENTED_EDGE ( 'NONE', *, *, #1705, .F. );
#11526=ORIENTED_EDGE ( 'NONE', *, *, #3590, .F. );
#11527=CARTESIAN_POINT ( 'NONE',  ( -0.09251968503937008093, 0.08562992125980314895, -0.1870078740161417175 ) );
#11528=DIRECTION ( 'NONE',  ( -0.01941151454788400676, 0.000000000000000000, -0.9998115788002044368 ) );
#11529=CARTESIAN_POINT ( 'NONE',  ( -0.1033924915990944854, -0.04345754131149606736, -0.1819674364939370403 ) );
#11530=ORIENTED_EDGE ( 'NONE', *, *, #9085, .F. );
#11531=EDGE_LOOP ( 'NONE', ( #11214, #10969, #10245, #2835, #4643, #8250, #5634, #7015, #10647, #10461, #3801, #2998, #818, #11308 ) );
#11532=FACE_OUTER_BOUND ( 'NONE', #4076, .T. );
#11533=EDGE_CURVE ( 'NONE', #10757, #1433, #1067, .T. );
#11534=LINE ( 'NONE', #597, #293 );
#11535=VERTEX_POINT ( 'NONE', #808 );
#11536=ORIENTED_EDGE ( 'NONE', *, *, #7101, .T. );
#11537=VERTEX_POINT ( 'NONE', #3852 );
#11538=CIRCLE ( 'NONE', #2210, 0.001968503937008527979 );
#11539=PLANE ( 'NONE',  #605 );
#11540=CARTESIAN_POINT ( 'NONE',  ( 0.1024619445372541293, 0.08645286319130701669, -0.09050882217210505509 ) );
#11541=FACE_OUTER_BOUND ( 'NONE', #1271, .T. );
#11542=CYLINDRICAL_SURFACE ( 'NONE', #6665, 0.01181102362204724046 );
#11543=EDGE_CURVE ( 'NONE', #9527, #1036, #6595, .T. );
#11544=CARTESIAN_POINT ( 'NONE',  ( -0.04519388098700787004, 0.08609352402830708351, -0.2096920465848425008 ) );
#11545=VECTOR ( 'NONE', #4198, 39.37007874015748854 );
#11546=FACE_OUTER_BOUND ( 'NONE', #146, .T. );
#11547=ORIENTED_EDGE ( 'NONE', *, *, #1783, .F. );
#11548=EDGE_CURVE ( 'NONE', #9207, #5520, #4577, .T. );
#11549=EDGE_LOOP ( 'NONE', ( #10946, #9721, #6000, #4103 ) );
#11550=CARTESIAN_POINT ( 'NONE',  ( -0.04461687923265291594, 0.08489223169229055677, -0.2126511338503425108 ) );
#11551=VERTEX_POINT ( 'NONE', #11553 );
#11552=ORIENTED_EDGE ( 'NONE', *, *, #9204, .F. );
#11553=CARTESIAN_POINT ( 'NONE',  ( -0.07776767274316830070, -0.009489260072388247536, -0.2135826771653543399 ) );
#11554=CARTESIAN_POINT ( 'NONE',  ( 0.09539602571425198629, -0.04205655133456693423, -0.08563729797858268822 ) );
#11555=VECTOR ( 'NONE', #6044, 39.37007874015748854 );
#11556=CARTESIAN_POINT ( 'NONE',  ( -0.1033362112929527565, -0.03395720023129527448, -0.1820866141732283561 ) );
#11557=EDGE_CURVE ( 'NONE', #9530, #1911, #9951, .T. );
#11558=EDGE_CURVE ( 'NONE', #3776, #11346, #10862, .T. );
#11559=CARTESIAN_POINT ( 'NONE',  ( -0.08267716535433070058, -0.07677165354330708902, -0.4852362204724409156 ) );
#11560=VERTEX_POINT ( 'NONE', #1827 );
#11561=CARTESIAN_POINT ( 'NONE',  ( 0.04429133858268109736, 0.07874015748031495954, -0.5078740157480314821 ) );
#11562=CIRCLE ( 'NONE', #7020, 0.009842518229685017286 );
#11563=ORIENTED_EDGE ( 'NONE', *, *, #11743, .F. );
#11564=EDGE_LOOP ( 'NONE', ( #3983, #1556, #7251, #696 ) );
#11565=LINE ( 'NONE', #10693, #24 );
#11566=ORIENTED_EDGE ( 'NONE', *, *, #9498, .F. );
#11567=CARTESIAN_POINT ( 'NONE',  ( -0.09744094488188977110, 0.04094488188976377896, -0.2539370078740157410 ) );
#11568=EDGE_CURVE ( 'NONE', #184, #1751, #3518, .T. );
#11569=CARTESIAN_POINT ( 'NONE',  ( 0.08164653609232283560, -0.07185039370078739884, -0.5603543307086614744 ) );
#11570=ORIENTED_EDGE ( 'NONE', *, *, #5129, .F. );
#11571=ORIENTED_EDGE ( 'NONE', *, *, #10732, .T. );
#11572=LINE ( 'NONE', #4653, #33 );
#11573=CARTESIAN_POINT ( 'NONE',  ( -0.1023956690510350459, 0.08653396703284355063, -0.1772112019219391210 ) );
#11574=CIRCLE ( 'NONE', #5161, 0.003937007874015749712 );
#11575=CARTESIAN_POINT ( 'NONE',  ( 0.05718535311862205095, 0.03374191329164172998, -0.4139605332767716805 ) );
#11576=CARTESIAN_POINT ( 'NONE',  ( -0.1023622047244094474, -0.07874015748031495954, -0.2421259842519685179 ) );
#11577=FACE_OUTER_BOUND ( 'NONE', #8717, .T. );
#11578=ORIENTED_EDGE ( 'NONE', *, *, #382, .T. );
#11579=VERTEX_POINT ( 'NONE', #1891 );
#11580=ORIENTED_EDGE ( 'NONE', *, *, #508, .T. );
#11581=CARTESIAN_POINT ( 'NONE',  ( 0.05975887203504212652, -0.02954760119139858421, -0.5223677275473677106 ) );
#11582=CARTESIAN_POINT ( 'NONE',  ( 0.1002324221880315086, 0.09521469481645669641, -0.05036922293677165152 ) );
#11583=CARTESIAN_POINT ( 'NONE',  ( -0.1033698713251968437, -0.04217768682602362346, -0.1820918861930708732 ) );
#11584=ORIENTED_EDGE ( 'NONE', *, *, #4220, .T. );
#11585=ORIENTED_EDGE ( 'NONE', *, *, #465, .F. );
#11586=EDGE_CURVE ( 'NONE', #9879, #6772, #4698, .T. );
#11587=CARTESIAN_POINT ( 'NONE',  ( 0.04133858904644448218, 0.01574803149605895694, -0.5000000000000000000 ) );
#11588=LINE ( 'NONE', #7256, #58 );
#11589=CARTESIAN_POINT ( 'NONE',  ( 0.08858267716535432601, 0.06003937007874016185, -0.1515748031496063075 ) );
#11590=CARTESIAN_POINT ( 'NONE',  ( -0.005696856698115617540, -0.1299212598425197041, -0.1140525264810464262 ) );
#11591=VERTEX_POINT ( 'NONE', #3617 );
#11592=VERTEX_POINT ( 'NONE', #10741 );
#11593=EDGE_LOOP ( 'NONE', ( #2598, #224, #8982, #11181, #10937 ) );
#11594=EDGE_CURVE ( 'NONE', #9853, #3469, #2823, .T. );
#11595=PLANE ( 'NONE',  #8850 );
#11596=CARTESIAN_POINT ( 'NONE',  ( 0.09908156690826772084, 0.08655640878106966862, -0.09050533351353667877 ) );
#11597=AXIS2_PLACEMENT_3D ( 'NONE', #7058, #1278, #47 );
#11598=PLANE ( 'NONE',  #4732 );
#11599=CIRCLE ( 'NONE', #4224, 0.03543307086614172485 );
#11600=CARTESIAN_POINT ( 'NONE',  ( -0.06175491430024013934, 0.02865594736469338072, -0.1916469246505914659 ) );
#11601=EDGE_CURVE ( 'NONE', #1036, #446, #10800, .T. );
#11602=CARTESIAN_POINT ( 'NONE',  ( -0.02950530667953005920, -0.1275040290269342513, -0.1366491423086615420 ) );
#11603=ORIENTED_EDGE ( 'NONE', *, *, #2584, .F. );
#11604=CIRCLE ( 'NONE', #8542, 0.005905511811023723447 );
#11605=VERTEX_POINT ( 'NONE', #9896 );
#11606=CARTESIAN_POINT ( 'NONE',  ( 0.03735519750965354824, 0.05024322768720473203, -0.4685039370078740717 ) );
#11607=EDGE_CURVE ( 'NONE', #2552, #3478, #2156, .T. );
#11608=PLANE ( 'NONE',  #6337 );
#11609=VERTEX_POINT ( 'NONE', #7387 );
#11610=VERTEX_POINT ( 'NONE', #2767 );
#11611=CARTESIAN_POINT ( 'NONE',  ( 0.05973297127043247778, 0.03287650729124854537, -0.4190367906031937095 ) );
#11612=CARTESIAN_POINT ( 'NONE',  ( 0.09537446429610237086, -0.04185836260094488032, -0.08565456553507874715 ) );
#11613=EDGE_CURVE ( 'NONE', #11350, #165, #5638, .T. );
#11614=EDGE_CURVE ( 'NONE', #3576, #9948, #1864, .T. );
#11615=EDGE_CURVE ( 'NONE', #4286, #9318, #11667, .T. );
#11616=CARTESIAN_POINT ( 'NONE',  ( 0.05110291234720665959, 0.02460804156134664689, -0.4971124005967405557 ) );
#11617=LINE ( 'NONE', #6475, #11 );
#11618=LINE ( 'NONE', #6808, #9418 );
#11619=ORIENTED_EDGE ( 'NONE', *, *, #3082, .T. );
#11620=VECTOR ( 'NONE', #803, 39.37007874015748854 );
#11621=ORIENTED_EDGE ( 'NONE', *, *, #6090, .T. );
#11622=ADVANCED_FACE ( 'NONE', ( #5578 ), #2706, .T. );
#11623=ORIENTED_EDGE ( 'NONE', *, *, #851, .F. );
#11624=EDGE_LOOP ( 'NONE', ( #8415, #5088, #7674, #9668 ) );
#11625=CARTESIAN_POINT ( 'NONE',  ( 0.1018874998964566930, -0.03548633407179133809, -0.05413385826771653642 ) );
#11626=FACE_OUTER_BOUND ( 'NONE', #10890, .T. );
#11627=CARTESIAN_POINT ( 'NONE',  ( 0.04035433070866142197, 0.02460629921259842659, -0.04035433070866142197 ) );
#11628=ORIENTED_EDGE ( 'NONE', *, *, #11466, .F. );
#11629=VERTEX_POINT ( 'NONE', #9110 );
#11630=CARTESIAN_POINT ( 'NONE',  ( 0.05143087560497735383, -0.02425364556440390978, -0.5023413086634959113 ) );
#11631=CARTESIAN_POINT ( 'NONE',  ( -0.09245402035677242891, 0.08661417322008818642, -0.1772146905781495918 ) );
#11632=CARTESIAN_POINT ( 'NONE',  ( 0.07188382100043307077, 0.03337668229379527757, -0.4119206546519685319 ) );
#11633=PLANE ( 'NONE',  #7606 );
#11634=CARTESIAN_POINT ( 'NONE',  ( -0.06053149606299212948, 0.07086614173228346358, -0.2273622047244094335 ) );
#11635=VERTEX_POINT ( 'NONE', #9439 );
#11636=EDGE_CURVE ( 'NONE', #6694, #5186, #5761, .T. );
#11637=CARTESIAN_POINT ( 'NONE',  ( -0.09153543307086613179, 0.08661417322834646937, -0.1550196850393700809 ) );
#11638=EDGE_CURVE ( 'NONE', #7259, #4949, #4038, .T. );
#11639=ORIENTED_EDGE ( 'NONE', *, *, #7113, .F. );
#11640=ORIENTED_EDGE ( 'NONE', *, *, #11213, .T. );
#11641=AXIS2_PLACEMENT_3D ( 'NONE', #7399, #16, #47 );
#11642=CARTESIAN_POINT ( 'NONE',  ( -0.08203901144989463046, 0.04851401144246110519, 0.09842519685039370636 ) );
#11643=DIRECTION ( 'NONE',  ( 0.000000000000000000, -0.2039542541120390740, -0.9789804197375970851 ) );
#11644=CARTESIAN_POINT ( 'NONE',  ( 0.09226858477632958466, 0.08757621915794587542, -0.04989034844620459513 ) );
#11645=CARTESIAN_POINT ( 'NONE',  ( -0.09144697743283464186, -0.04244461157708661475, -0.1820792494976771758 ) );
#11646=VERTEX_POINT ( 'NONE', #9285 );
#11647=ORIENTED_EDGE ( 'NONE', *, *, #7652, .T. );
#11648=LINE ( 'NONE', #4552, #11 );
#11649=CIRCLE ( 'NONE', #2325, 0.009842519684566940555 );
#11650=VERTEX_POINT ( 'NONE', #6704 );
#11651=ORIENTED_EDGE ( 'NONE', *, *, #3573, .T. );
#11652=VERTEX_POINT ( 'NONE', #10239 );
#11653=CARTESIAN_POINT ( 'NONE',  ( 0.1023956690562238259, 0.08661417317694312945, -0.09050184485488151076 ) );
#11654=PRESENTATION_STYLE_ASSIGNMENT (( #739 ) );
#11655=ORIENTED_EDGE ( 'NONE', *, *, #2616, .F. );
#11656=ADVANCED_FACE ( 'NONE', ( #3919 ), #10388, .F. );
#11657=CARTESIAN_POINT ( 'NONE',  ( -0.1033464566929133965, 0.008858267716535432948, -0.2539370078740157410 ) );
#11658=CARTESIAN_POINT ( 'NONE',  ( -0.03543307086614566614, 0.07086614173228346358, -0.02460629921259842659 ) );
#11659=CARTESIAN_POINT ( 'NONE',  ( 0.09645669291338582196, -0.08464566929133858497, -0.3602362204724409711 ) );
#11660=ORIENTED_EDGE ( 'NONE', *, *, #4621, .T. );
#11661=AXIS2_PLACEMENT_3D ( 'NONE', #183, #73, #54 );
#11662=EDGE_CURVE ( 'NONE', #2043, #3101, #230, .T. );
#11663=ORIENTED_EDGE ( 'NONE', *, *, #8996, .F. );
#11664=CIRCLE ( 'NONE', #1057, 0.009842519685039369942 );
#11665=ORIENTED_EDGE ( 'NONE', *, *, #10653, .F. );
#11666=ORIENTED_EDGE ( 'NONE', *, *, #9301, .T. );
#11667=LINE ( 'NONE', #8215, #188 );
#11668=ADVANCED_FACE ( 'NONE', ( #1202 ), #10178, .F. );
#11669=CYLINDRICAL_SURFACE ( 'NONE', #5348, 0.01771653543307089712 );
#11670=AXIS2_PLACEMENT_3D ( 'NONE', #1673, #73, #16 );
#11671=CARTESIAN_POINT ( 'NONE',  ( -0.09055118110236221041, 0.08661417322834646937, -0.1832540617084708889 ) );
#11672=B_SPLINE_CURVE_WITH_KNOTS ( 'NONE', 3,( #2724, #3299, #10394, #3241, #7802, #11371, #5229, #600, #7914, #6930, #8781, #5981, #4143, #2435, #9595, #1510, #2375, #4300 ),.UNSPECIFIED., .F., .F.,( 4, 2, 2, 2, 2, 2, 2, 2, 4 ),( 0.000000000000000000, 0.1245478440266565290, 0.2490956880533130580, 0.3736435320799695869, 0.4981913761066261159, 0.6227392201332826449, 0.7472870641599391739, 0.8718349081865957029, 0.9963827522132522319 ),.UNSPECIFIED. );
#11673=EDGE_CURVE ( 'NONE', #1902, #1672, #10211, .T. );
#11674=PLANE ( 'NONE',  #4453 );
#11675=DIRECTION ( 'NONE',  ( 0.9063077870376602396, 0.4226182617385326190, -5.024091187807562201E-11 ) );
#11676=VECTOR ( 'NONE', #1473, 39.37007874015748854 );
#11677=ORIENTED_EDGE ( 'NONE', *, *, #735, .T. );
#11678=CARTESIAN_POINT ( 'NONE',  ( 0.1043770859549212754, -0.07967803215531496508, -0.07283464566929134798 ) );
#11679=ORIENTED_EDGE ( 'NONE', *, *, #10028, .T. );
#11680=VERTEX_POINT ( 'NONE', #7691 );
#11681=PLANE ( 'NONE',  #1080 );
#11682=ORIENTED_EDGE ( 'NONE', *, *, #5917, .F. );
#11683=PLANE ( 'NONE',  #4879 );
#11684=PLANE ( 'NONE',  #10913 );
#11685=LINE ( 'NONE', #3748, #31 );
#11686=ORIENTED_EDGE ( 'NONE', *, *, #7063, .T. );
#11687=VERTEX_POINT ( 'NONE', #4824 );
#11688=LINE ( 'NONE', #11518, #188 );
#11689=CARTESIAN_POINT ( 'NONE',  ( -0.1024619445216878033, 0.08762235988175058610, -0.1772582987820566780 ) );
#11690=ADVANCED_FACE ( 'NONE', ( #296, #11032 ), #5989, .T. );
#11691=FACE_OUTER_BOUND ( 'NONE', #5901, .T. );
#11692=DIRECTION ( 'NONE',  ( 0.4226182617408758002, -0.9063077870365676691, 0.000000000000000000 ) );
#11693=ORIENTED_EDGE ( 'NONE', *, *, #4262, .T. );
#11694=CARTESIAN_POINT ( 'NONE',  ( -0.09153543307086613179, -0.04921259842519685318, -0.1978346456692913480 ) );
#11695=ORIENTED_EDGE ( 'NONE', *, *, #6466, .T. );
#11696=CARTESIAN_POINT ( 'NONE',  ( -0.1023622047244094474, 0.08562992125996063408, -0.2185039362822244202 ) );
#11697=EDGE_LOOP ( 'NONE', ( #5382, #1117, #6947, #5032, #1450, #9411, #9209, #1697, #4806, #8563, #9400, #5542 ) );
#11698=CARTESIAN_POINT ( 'NONE',  ( 0.09050806678960629514, 0.08755117615362205397, -0.05562763243137795049 ) );
#11699=CARTESIAN_POINT ( 'NONE',  ( -0.09545677526181103878, -0.04339982864204724317, -0.1819674191484645931 ) );
#11700=EDGE_LOOP ( 'NONE', ( #93, #3172, #11640, #9997, #4590, #1255, #9698, #11682, #10424, #9157, #4258, #10857, #4473, #10636 ) );
#11701=VERTEX_POINT ( 'NONE', #6814 );
#11702=CARTESIAN_POINT ( 'NONE',  ( 0.04035433070866142197, 0.09842519685039370636, -0.09940944881889764162 ) );
#11703=ADVANCED_FACE ( 'NONE', ( #2142 ), #2198, .F. );
#11704=EDGE_CURVE ( 'NONE', #1751, #6405, #3518, .T. );
#11705=PLANE ( 'NONE',  #8686 );
#11706=CARTESIAN_POINT ( 'NONE',  ( 0.03637094554114960604, 0.07770952821830709456, -0.4685039370078740717 ) );
#11707=CARTESIAN_POINT ( 'NONE',  ( -0.04827472375019684764, -0.1033928339864173263, -0.6496062992125984925 ) );
#11708=ORIENTED_EDGE ( 'NONE', *, *, #8182, .F. );
#11709=EDGE_LOOP ( 'NONE', ( #10638, #1687, #9125, #6076, #5532, #11677 ) );
#11710=EDGE_LOOP ( 'NONE', ( #3029, #6203, #3787, #390 ) );
#11711=ORIENTED_EDGE ( 'NONE', *, *, #7637, .T. );
#11712=CARTESIAN_POINT ( 'NONE',  ( -0.09744094488188977110, -6.829619984160649418E-17, -0.1771653545188582590 ) );
#11713=CARTESIAN_POINT ( 'NONE',  ( 0.1023625313157086603, 0.08661417317708661190, -0.09050184485488189934 ) );
#11714=EDGE_LOOP ( 'NONE', ( #3949, #1416, #9737, #10680 ) );
#11715=ORIENTED_EDGE ( 'NONE', *, *, #8057, .F. );
#11716=EDGE_CURVE ( 'NONE', #4977, #11335, #6652, .T. );
#11717=CARTESIAN_POINT ( 'NONE',  ( 0.05019685039370079538, 0.000000000000000000, -0.4895836562555118121 ) );
#11718=ORIENTED_EDGE ( 'NONE', *, *, #3480, .F. );
#11719=CLOSED_SHELL ( 'NONE', ( #3559, #4581, #1227, #8702, #9188, #3847, #181, #4212, #702, #3872, #9944, #6776, #6467, #2575, #4930, #2629, #5340, #4733, #11753, #5525, #4294, #4282, #6081, #7274, #8690, #482, #5786, #8228, #11622, #10121, #6409, #11446, #7014, #1770, #9226, #11656, #8526, #6888, #2700, #5661, #3921, #5164, #4101, #11703, #8921, #8979, #917, #3846, #4179, #1947, #4053, #4694, #4862, #4058, #628, #1700, #1830, #5394, #1323, #4467, #2417, #6055, #509, #6175, #2714, #3319, #4564, #7452, #4400, #1760, #9294, #772, #9994, #7370, #5296, #1001, #2013, #7680, #3701, #2008, #4661, #1515, #5539, #5362, #6555, #2781, #3498, #1665, #8606, #2803, #7513, #9171, #8298, #4876, #1666, #8437, #1162, #3321, #17, #3541, #11108, #8092, #8957, #1491, #530, #8986, #11505, #5636, #10623, #7431, #9818, #10511, #113, #2345, #2997, #56, #11432, #6125, #4534, #4570, #801, #9052, #798, #10505, #6074, #8931, #6630, #2625, #359, #6192, #386, #7936, #1196, #7282, #5686, #3127, #926, #4451, #2165, #6864, #10234, #10148, #1822, #11729, #867, #5236, #1568, #1615, #10201, #9402, #8389, #4888, #977, #5224, #6636, #9836, #7616, #7269, #4639, #6991, #11492, #5270, #3755, #10696, #538, #10744, #2811, #4852, #2465, #4688, #4165, #3756, #1436, #6795, #11739, #3411, #8168, #1551, #10244, #9035, #10346, #10977, #7527, #61, #4706, #1972, #7729, #10685, #9261, #11325, #5778, #4822, #303, #979, #1035, #8579, #369, #4719, #9438, #3357, #11690, #10639, #1126, #1074, #2644, #4292, #8334, #4001, #9783, #7172, #10405, #9403, #8495, #4513, #3187, #9305, #11132, #1444, #1330, #7576, #10593, #963, #4477, #4088, #1175, #10223, #2603, #791, #8220, #11201, #6710, #11012, #6994, #3601, #7696, #5511, #9242, #8948, #4957, #8105, #3038, #4956, #7202, #11212, #2327, #7220, #842, #7249, #6300, #10756, #2949, #8016, #9846, #5582, #167, #7878, #7586, #1347, #5650, #1314, #9801, #2492, #3107, #5758, #3068, #8043, #10567, #8890, #3514, #3496, #9101, #10166, #8107, #6014, #9904, #8398, #11482, #2908, #8477, #2645, #9396, #10366, #9506, #9344, #4793, #6511, #1937, #834, #6245, #10980, #6956, #2249, #5891, #1297, #10629, #4703, #3265, #1083, #3836, #11668, #1217, #11420, #1207, #87, #6492, #4109, #8812, #5325, #8378, #4128, #2123, #9392, #1506, #2959, #10192, #11355, #7553, #4676, #10985, #7713, #2893, #4073, #10956, #5807, #7191, #4369, #5040, #9214, #10056, #2748, #8364, #86, #11394, #6932, #8730, #11330, #10992, #9327, #5303, #3090, #4124, #694, #3264, #1320, #2360, #6260, #5633, #7926, #3024, #6763, #8121, #5623, #3780, #7893, #4440, #633, #4580, #3606, #5927, #6476, #6273, #8388, #6287, #3137, #4663, #5608, #4847, #6107, #10481, #4821, #11057, #2108, #725, #8961, #2334, #4427, #3538, #217, #10117, #2266, #11124, #5025, #10500, #10333, #8803, #7703, #7924, #2261, #5310, #6937, #97, #9016, #4208, #8619, #1728, #7812, #297, #8792, #9772, #428, #5583, #5816, #10153, #786, #587, #3188, #9682, #5460 ) );
#11720=ORIENTED_EDGE ( 'NONE', *, *, #2173, .F. );
#11721=FACE_OUTER_BOUND ( 'NONE', #8086, .T. );
#11722=EDGE_CURVE ( 'NONE', #8430, #3146, #10116, .T. );
#11723=CARTESIAN_POINT ( 'NONE',  ( 0.09551881823838581642, -0.03937007874015747977, -0.2174733077458661790 ) );
#11724=ORIENTED_EDGE ( 'NONE', *, *, #7393, .T. );
#11725=CARTESIAN_POINT ( 'NONE',  ( -0.06029723278930532171, 0.02797621931298826733, -0.1798827865013870320 ) );
#11726=AXIS2_PLACEMENT_3D ( 'NONE', #10275, #16, #47 );
#11727=CARTESIAN_POINT ( 'NONE',  ( 0.09538467258015749517, -0.04194722371893700591, -0.08564539791314960959 ) );
#11728=CARTESIAN_POINT ( 'NONE',  ( -0.1043307086614173318, 0.09842519685039370636, -0.08070866141732284393 ) );
#11729=ADVANCED_FACE ( 'NONE', ( #4941 ), #5928, .F. );
#11730=CARTESIAN_POINT ( 'NONE',  ( 0.09251968503937008093, 0.03207100889277165329, -0.01599799580829921325 ) );
#11731=LINE ( 'NONE', #7280, #2074 );
#11732=ORIENTED_EDGE ( 'NONE', *, *, #1190, .T. );
#11733=CARTESIAN_POINT ( 'NONE',  ( 0.04197615822706313171, 0.01685361809210245143, -0.4981126456260444590 ) );
#11734=ORIENTED_EDGE ( 'NONE', *, *, #7023, .F. );
#11735=LINE ( 'NONE', #10022, #293 );
#11736=ORIENTED_EDGE ( 'NONE', *, *, #8070, .T. );
#11737=CARTESIAN_POINT ( 'NONE',  ( 0.1181102362204724532, 0.000000000000000000, 0.000000000000000000 ) );
#11738=ORIENTED_EDGE ( 'NONE', *, *, #8669, .F. );
#11739=ADVANCED_FACE ( 'NONE', ( #11093 ), #6719, .F. );
#11740=CARTESIAN_POINT ( 'NONE',  ( 0.04429133858268109736, -0.04921259842519685318, -0.4685039370078740717 ) );
#11741=ORIENTED_EDGE ( 'NONE', *, *, #11722, .T. );
#11742=DIRECTION ( 'NONE',  ( 0.4226182617418250964, -0.9063077870361251343, -2.602085213976170681E-15 ) );
#11743=EDGE_CURVE ( 'NONE', #6269, #6414, #1633, .T. );
#11744=CARTESIAN_POINT ( 'NONE',  ( -0.09908156742200788236, 0.08733622785996061899, -0.1772582987817322708 ) );
#11745=CARTESIAN_POINT ( 'NONE',  ( 0.06522796407102361693, 0.03374191329164172998, -0.4093850105622047209 ) );
#11746=CARTESIAN_POINT ( 'NONE',  ( 0.06208939174906771830, -0.02422174920329751846, -0.5020675629187992817 ) );
#11747=LINE ( 'NONE', #3811, #188 );
#11748=ORIENTED_EDGE ( 'NONE', *, *, #1929, .F. );
#11749=CARTESIAN_POINT ( 'NONE',  ( 0.05019685039366821727, 0.02506936761787488879, -0.5046489686926817209 ) );
#11750=ORIENTED_EDGE ( 'NONE', *, *, #2595, .T. );
#11751=LINE ( 'NONE', #10949, #58 );
#11752=ORIENTED_EDGE ( 'NONE', *, *, #2399, .T. );
#11753=ADVANCED_FACE ( 'NONE', ( #672 ), #1561, .T. );
#11754=CARTESIAN_POINT ( 'NONE',  ( 0.04197615846927581218, -0.01574803149270211783, -0.4981126462632352037 ) );
#11755=ORIENTED_EDGE ( 'NONE', *, *, #2804, .F. );
ENDSEC;
END-ISO-10303-21;
