ISO-10303-21;
HEADER;
FILE_DESCRIPTION (( 'STEP AP214' ),
'1' );
FILE_NAME ('CUI_DEVICES_CMA-4544PF-W.step',
'2019-10-20T21:44:40',
( '' ),
( '' ),
'SwSTEP 2.0',
'SolidWorks 2019',
'' );
FILE_SCHEMA (( 'AUTOMOTIVE_DESIGN' ));
ENDSEC;
DATA;
#1=SURFACE_STYLE_FILL_AREA ( #42 );
#2=CARTESIAN_POINT ( 'NONE',  ( 0.0000000000000000000, 0.1850393700787401341, 0.0000000000000000000 ) );
#3=VERTEX_POINT ( 'NONE', #143 );
#4=DIRECTION ( 'NONE',  ( 0.0000000000000000000, 0.0000000000000000000, -1.000000000000000000 ) );
#5=CARTESIAN_POINT ( 'NONE',  ( 0.06988188976377955608, -0.1771653543307087075, 0.04173228346456694243 ) );
#6=DIRECTION ( 'NONE',  ( 0.0000000000000000000, -1.000000000000000000, 0.0000000000000000000 ) );
#7=CARTESIAN_POINT ( 'NONE',  ( 0.06988188976377955608, 0.0000000000000000000, 0.04173228346456694243 ) );
#8=ORIENTED_EDGE ( 'NONE', *, *, #872, .T. );
#9=SURFACE_STYLE_USAGE ( .BOTH. , #44 );
#10=FACE_OUTER_BOUND ( 'NONE', #1266, .T. );
#11=DIRECTION ( 'NONE',  ( -2.793292772427583525E-16, 0.0000000000000000000, -1.000000000000000000 ) );
#12=VERTEX_POINT ( 'NONE', #188 );
#13=CARTESIAN_POINT ( 'NONE',  ( 0.0000000000000000000, 0.007874015748031495954, 0.0000000000000000000 ) );
#14=EDGE_LOOP ( 'NONE', ( #585, #1025, #272, #532 ) );
#15=DIRECTION ( 'NONE',  ( 2.793292772427583525E-16, 0.0000000000000000000, -1.000000000000000000 ) );
#16=VECTOR ( 'NONE', #36, 39.37007874015748143 );
#17=( BOUNDED_CURVE ( )  B_SPLINE_CURVE ( 3, ( #404, #437, #966, #539 ),.UNSPECIFIED., .F., .T. )B_SPLINE_CURVE_WITH_KNOTS ( ( 4, 4 ),( 0.5235987755982981495, 1.570796326794897002 ),.UNSPECIFIED. )CURVE ( )  GEOMETRIC_REPRESENTATION_ITEM ( )  RATIONAL_B_SPLINE_CURVE ( ( 1.000000000000000000, 0.9106836025229588794, 0.9106836025229588794, 1.000000000000000000 ) )REPRESENTATION_ITEM ( '' )  );
#18=CARTESIAN_POINT ( 'NONE',  ( -0.01968503937007873295, 0.0000000000000000000, -0.05300827407534549479 ) );
#19=CYLINDRICAL_SURFACE ( 'NONE', #788, 0.01574803149606299191 );
#20=( GEOMETRIC_REPRESENTATION_CONTEXT ( 3 ) GLOBAL_UNCERTAINTY_ASSIGNED_CONTEXT ( ( #79 ) ) GLOBAL_UNIT_ASSIGNED_CONTEXT ( ( #30, #25, #43 ) ) REPRESENTATION_CONTEXT ( 'NONE', 'WORKASPACE' ) );
#21=COLOUR_RGB ( '',1.000000000000000000, 1.000000000000000000, 1.000000000000000000 );
#22=CARTESIAN_POINT ( 'NONE',  ( -0.02256712916365699942, 0.002882089793578255631, -0.1038623253507635347 ) );
#23=VERTEX_POINT ( 'NONE', #1157 );
#24=CARTESIAN_POINT ( 'NONE',  ( 0.08759842519685039075, -0.1771653543307087075, -0.04173228346456696325 ) );
#25=( NAMED_UNIT ( * ) PLANE_ANGLE_UNIT ( ) SI_UNIT ( $, .RADIAN. ) );
#26=B_SPLINE_CURVE_WITH_KNOTS ( 'NONE', 3,( #444, #281, #549, #48, #472 ),.UNSPECIFIED., .F., .F.,( 4, 1, 4 ),( 0.001269213127415554825, 0.001279125040389334118, 0.001289036953363113195 ),.UNSPECIFIED. );
#27=DIRECTION ( 'NONE',  ( 1.000000000000000000, -0.0000000000000000000, 1.224646799147353207E-16 ) );
#28=ORIENTED_EDGE ( 'NONE', *, *, #1419, .F. );
#29=DIMENSIONAL_EXPONENTS ( 1.000000000000000000, 0.0000000000000000000, 0.0000000000000000000, 0.0000000000000000000, 0.0000000000000000000, 0.0000000000000000000, 0.0000000000000000000 );
#30=( CONVERSION_BASED_UNIT ( 'INCH', #55 ) LENGTH_UNIT ( ) NAMED_UNIT ( #29 ) );
#31=MECHANICAL_DESIGN_GEOMETRIC_PRESENTATION_REPRESENTATION (  '', ( #674 ), #73 );
#32=EDGE_CURVE ( 'NONE', #864, #831, #1345, .T. );
#33=EDGE_LOOP ( 'NONE', ( #984, #1034, #1148, #337 ) );
#34=( GEOMETRIC_REPRESENTATION_CONTEXT ( 3 ) GLOBAL_UNCERTAINTY_ASSIGNED_CONTEXT ( ( #79 ) ) GLOBAL_UNIT_ASSIGNED_CONTEXT ( ( #30, #25, #43 ) ) REPRESENTATION_CONTEXT ( 'NONE', 'WORKASPACE' ) );
#35=ADVANCED_FACE ( 'NONE', ( #863 ), #409, .T. );
#36=DIRECTION ( 'NONE',  ( 0.0000000000000000000, 0.0000000000000000000, 1.000000000000000000 ) );
#37=FACE_OUTER_BOUND ( 'NONE', #677, .T. );
#38=FILL_AREA_STYLE_COLOUR ( '', #21 );
#39=ORIENTED_EDGE ( 'NONE', *, *, #1347, .F. );
#40=CARTESIAN_POINT ( 'NONE',  ( -0.06011003619067366299, 0.002882089793578260836, -0.02256712916365699942 ) );
#41=ORIENTED_EDGE ( 'NONE', *, *, #912, .T. );
#42=FILL_AREA_STYLE ('',( #38 ) );
#43=( NAMED_UNIT ( * ) SI_UNIT ( $, .STERADIAN. ) SOLID_ANGLE_UNIT ( ) );
#44=SURFACE_SIDE_STYLE ('',( #1 ) );
#45=CYLINDRICAL_SURFACE ( 'NONE', #1050, 0.01574803149606299885 );
#46=PRESENTATION_STYLE_ASSIGNMENT (( #9 ) );
#47=ORIENTED_EDGE ( 'NONE', *, *, #1380, .T. );
#48=CARTESIAN_POINT ( 'NONE',  ( -0.04330708661417328326, 0.007743263451917503648, -0.1432010510194740571 ) );
#49=CARTESIAN_POINT ( 'NONE',  ( 0.06988188976377952832, -0.1771653543307087075, -0.04173228346456696325 ) );
#50=FACE_OUTER_BOUND ( 'NONE', #983, .T. );
#51=ORIENTED_EDGE ( 'NONE', *, *, #612, .T. );
#52=DIRECTION ( 'NONE',  ( -2.841882035586961394E-15, 0.0000000000000000000, 1.000000000000000000 ) );
#53=EDGE_LOOP ( 'NONE', ( #1248, #1393, #757, #849, #450, #658, #926, #1313, #418, #1090, #648 ) );
#54=AXIS2_PLACEMENT_3D ( 'NONE', #89, #6, #4 );
#55=LENGTH_MEASURE_WITH_UNIT ( LENGTH_MEASURE( 0.02539999999999999897 ), #56 );
#56=( LENGTH_UNIT ( ) NAMED_UNIT ( * ) SI_UNIT ( $, .METRE. ) );
#57=EDGE_CURVE ( 'NONE', #405, #784, #666, .T. );
#58=ORIENTED_EDGE ( 'NONE', *, *, #237, .T. );
#59=VECTOR ( 'NONE', #175, 39.37007874015748143 );
#60=MECHANICAL_DESIGN_GEOMETRIC_PRESENTATION_REPRESENTATION (  '', ( #141 ), #335 );
#61=CARTESIAN_POINT ( 'NONE',  ( 0.1264294545144205584, 0.007874015748031495954, 0.01968503937007873988 ) );
#62=VERTEX_POINT ( 'NONE', #427 );
#63=( GEOMETRIC_REPRESENTATION_CONTEXT ( 3 ) GLOBAL_UNCERTAINTY_ASSIGNED_CONTEXT ( ( #79 ) ) GLOBAL_UNIT_ASSIGNED_CONTEXT ( ( #30, #25, #43 ) ) REPRESENTATION_CONTEXT ( 'NONE', 'WORKASPACE' ) );
#64=CARTESIAN_POINT ( 'NONE',  ( -0.04330708661417328326, 0.007344266191569611205, -0.1200619554794511018 ) );
#65=ORIENTED_EDGE ( 'NONE', *, *, #1218, .F. );
#66=SURFACE_SIDE_STYLE ('',( #251 ) );
#67=ORIENTED_EDGE ( 'NONE', *, *, #485, .T. );
#68=EDGE_CURVE ( 'NONE', #136, #446, #844, .T. );
#69=CARTESIAN_POINT ( 'NONE',  ( -0.02142735937105899602, 0.004856228983290264076, 0.1243948630926886012 ) );
#70=EDGE_CURVE ( 'NONE', #1415, #1247, #913, .T. );
#71=EDGE_CURVE ( 'NONE', #1364, #773, #193, .T. );
#72=PRESENTATION_LAYER_ASSIGNMENT (  '', '', ( #421 ) );
#73=( GEOMETRIC_REPRESENTATION_CONTEXT ( 3 ) GLOBAL_UNCERTAINTY_ASSIGNED_CONTEXT ( ( #79 ) ) GLOBAL_UNIT_ASSIGNED_CONTEXT ( ( #30, #25, #43 ) ) REPRESENTATION_CONTEXT ( 'NONE', 'WORKASPACE' ) );
#74=DIRECTION ( 'NONE',  ( 0.0000000000000000000, 1.000000000000000000, 0.0000000000000000000 ) );
#75=VERTEX_POINT ( 'NONE', #1350 );
#76=EDGE_LOOP ( 'NONE', ( #899, #330, #1031, #67 ) );
#77=( GEOMETRIC_REPRESENTATION_CONTEXT ( 3 ) GLOBAL_UNCERTAINTY_ASSIGNED_CONTEXT ( ( #79 ) ) GLOBAL_UNIT_ASSIGNED_CONTEXT ( ( #30, #25, #43 ) ) REPRESENTATION_CONTEXT ( 'NONE', 'WORKASPACE' ) );
#78=LINE ( 'NONE', #987, #474 );
#79=UNCERTAINTY_MEASURE_WITH_UNIT (LENGTH_MEASURE( 1.000000000000000082E-05 ), #30, 'distance_accuracy_value', 'NONE');
#80=CARTESIAN_POINT ( 'NONE',  ( -0.01968503937007873295, 0.007874015748031495954, 0.01968503937007873988 ) );
#81=CYLINDRICAL_SURFACE ( 'NONE', #503, 0.01574803149606299191 );
#82=LINE ( 'NONE', #298, #253 );
#83=ORIENTED_EDGE ( 'NONE', *, *, #1177, .F. );
#84=ORIENTED_EDGE ( 'NONE', *, *, #284, .T. );
#85=CYLINDRICAL_SURFACE ( 'NONE', #1156, 0.01574803149606299191 );
#86=CIRCLE ( 'NONE', #688, 0.007874015748031482076 );
#87=CARTESIAN_POINT ( 'NONE',  ( 0.0000000000000000000, 0.1771653543307086798, 0.0000000000000000000 ) );
#88=FACE_OUTER_BOUND ( 'NONE', #33, .T. );
#89=CARTESIAN_POINT ( 'NONE',  ( -0.1102362204724409156, 0.007086614173228347226, -1.350004345516766826E-17 ) );
#90=TOROIDAL_SURFACE ( 'NONE', #118, 0.1830708661417322636, 0.007874015748031495954 );
#91=FILL_AREA_STYLE ('',( #260 ) );
#92=CARTESIAN_POINT ( 'NONE',  ( 0.06988188976377952832, 0.0000000000000000000, -0.05826771653543305618 ) );
#93=CARTESIAN_POINT ( 'NONE',  ( -0.06299212598425189824, 0.007874015748031495954, -0.1113727965339813830 ) );
#94=ORIENTED_EDGE ( 'NONE', *, *, #270, .T. );
#95=DIRECTION ( 'NONE',  ( 1.000000000000000000, 0.0000000000000000000, 0.0000000000000000000 ) );
#96=( GEOMETRIC_REPRESENTATION_CONTEXT ( 3 ) GLOBAL_UNCERTAINTY_ASSIGNED_CONTEXT ( ( #79 ) ) GLOBAL_UNIT_ASSIGNED_CONTEXT ( ( #30, #25, #43 ) ) REPRESENTATION_CONTEXT ( 'NONE', 'WORKASPACE' ) );
#97=CARTESIAN_POINT ( 'NONE',  ( -0.02755905511811028788, 0.007608153755635518878, -0.1247897541746996047 ) );
#98=ORIENTED_EDGE ( 'NONE', *, *, #765, .T. );
#99=VERTEX_POINT ( 'NONE', #404 );
#100=EDGE_CURVE ( 'NONE', #511, #446, #26, .T. );
#101=MECHANICAL_DESIGN_GEOMETRIC_PRESENTATION_REPRESENTATION (  '', ( #1003 ), #394 );
#102=VECTOR ( 'NONE', #15, 39.37007874015748143 );
#103=AXIS2_PLACEMENT_3D ( 'NONE', #1291, #27, #1078 );
#104=LINE ( 'NONE', #336, #917 );
#105=CARTESIAN_POINT ( 'NONE',  ( -0.02755905511811023584, 3.209649877932150883E-18, -0.04724409448818898266 ) );
#106=ORIENTED_EDGE ( 'NONE', *, *, #173, .T. );
#107=CARTESIAN_POINT ( 'NONE',  ( 2.290185943287372743E-17, 0.1771653543307086798, -0.1830708661417322636 ) );
#108=VERTEX_POINT ( 'NONE', #320 );
#109=ORIENTED_EDGE ( 'NONE', *, *, #1128, .T. );
#110=CARTESIAN_POINT ( 'NONE',  ( 0.0000000000000000000, 0.0000000000000000000, 0.0000000000000000000 ) );
#111=EDGE_CURVE ( 'NONE', #1140, #206, #1205, .T. );
#112=ORIENTED_EDGE ( 'NONE', *, *, #951, .T. );
#113=STYLED_ITEM ( 'NONE', ( #46 ), #269 );
#114=CARTESIAN_POINT ( 'NONE',  ( -0.02755905511811022890, 0.007611476403661099170, -0.1470493926638778148 ) );
#115=ORIENTED_EDGE ( 'NONE', *, *, #731, .T. );
#116=VERTEX_POINT ( 'NONE', #336 );
#117=ADVANCED_FACE ( 'NONE', ( #883 ), #211, .F. );
#118=AXIS2_PLACEMENT_3D ( 'NONE', #782, #74, #36 );
#119=ADVANCED_FACE ( 'NONE', ( #88 ), #90, .T. );
#120=CARTESIAN_POINT ( 'NONE',  ( -0.07874015748031493178, 0.007743181288853429912, 0.1272086174913661938 ) );
#121=EDGE_CURVE ( 'NONE', #1226, #327, #1388, .T. );
#122=CARTESIAN_POINT ( 'NONE',  ( 0.02256712916365699942, 0.002882089793578258667, 0.1038623253507635624 ) );
#123=ORIENTED_EDGE ( 'NONE', *, *, #579, .T. );
#124=VERTEX_POINT ( 'NONE', #546 );
#125=COLOUR_RGB ( '',0.2509803921568627416, 0.2509803921568627416, 0.2509803921568627416 );
#126=CARTESIAN_POINT ( 'NONE',  ( -0.07874015748031491790, 0.007611705519429441159, 0.1272124567916586568 ) );
#127=CARTESIAN_POINT ( 'NONE',  ( -0.06299212598425193987, 0.007874015748031495954, 0.01968503937007873988 ) );
#128=DIRECTION ( 'NONE',  ( -2.168404344971007142E-16, 0.0000000000000000000, 1.000000000000000000 ) );
#129=EDGE_LOOP ( 'NONE', ( #392, #1271 ) );
#130=ORIENTED_EDGE ( 'NONE', *, *, #502, .F. );
#131=EDGE_CURVE ( 'NONE', #1121, #1387, #280, .T. );
#132=FACE_OUTER_BOUND ( 'NONE', #14, .T. );
#133=CARTESIAN_POINT ( 'NONE',  ( -0.01968503937007873988, 0.007874015748031495954, 0.1067444151443417977 ) );
#134=PLANE ( 'NONE',  #144 );
#135=VECTOR ( 'NONE', #74, 39.37007874015748143 );
#136=VERTEX_POINT ( 'NONE', #955 );
#137=MECHANICAL_DESIGN_GEOMETRIC_PRESENTATION_REPRESENTATION (  '', ( #1112 ), #162 );
#138=( BOUNDED_CURVE ( )  B_SPLINE_CURVE ( 3, ( #336, #22, #424, #543 ),.UNSPECIFIED., .F., .F. )B_SPLINE_CURVE_WITH_KNOTS ( ( 4, 4 ),( 0.5235987755982991487, 1.570796326794896780 ),.UNSPECIFIED. )CURVE ( )  GEOMETRIC_REPRESENTATION_ITEM ( )  RATIONAL_B_SPLINE_CURVE ( ( 1.000000000000000000, 0.9106836025229592124, 0.9106836025229592124, 1.000000000000000000 ) )REPRESENTATION_ITEM ( '' )  );
#139=EDGE_CURVE ( 'NONE', #224, #1111, #275, .T. );
#140=SHAPE_DEFINITION_REPRESENTATION ( #262, #554 );
#141=STYLED_ITEM ( 'NONE', ( #46 ), #771 );
#142=CARTESIAN_POINT ( 'NONE',  ( -0.02755905511811029482, 0.007086614173228347226, -0.1220061030743559705 ) );
#143=CARTESIAN_POINT ( 'NONE',  ( 0.03332323470526675491, 0.0000000000000000000, 0.1093498092689874218 ) );
#144=AXIS2_PLACEMENT_3D ( 'NONE', #265, #1435, #214 );
#145=CARTESIAN_POINT ( 'NONE',  ( 0.1093498092689874357, 0.0000000000000000000, 0.03332323470526674797 ) );
#146=EDGE_LOOP ( 'NONE', ( #598, #659, #412, #842 ) );
#147=CYLINDRICAL_SURFACE ( 'NONE', #1220, 0.01574803149606299191 );
#148=MECHANICAL_DESIGN_GEOMETRIC_PRESENTATION_REPRESENTATION (  '', ( #473 ), #1223 );
#149=PRESENTATION_LAYER_ASSIGNMENT (  '', '', ( #699 ) );
#150=CARTESIAN_POINT ( 'NONE',  ( 0.02376451466684878500, 0.002954395621805719178, -0.1216078310925459149 ) );
#151=CARTESIAN_POINT ( 'NONE',  ( 0.1156641704116477959, 0.0005085341820031802611, 0.02854099437622654653 ) );
#152=ORIENTED_EDGE ( 'NONE', *, *, #527, .F. );
#153=ORIENTED_EDGE ( 'NONE', *, *, #57, .F. );
#154=CARTESIAN_POINT ( 'NONE',  ( -0.07874015748031487627, 0.007216340511725686038, -0.1272397014276551996 ) );
#155=EDGE_CURVE ( 'NONE', #953, #116, #1165, .T. );
#156=ORIENTED_EDGE ( 'NONE', *, *, #344, .T. );
#157=ORIENTED_EDGE ( 'NONE', *, *, #235, .T. );
#158=LINE ( 'NONE', #257, #59 );
#159=EDGE_CURVE ( 'NONE', #511, #169, #617, .T. );
#160=LINE ( 'NONE', #127, #223 );
#161=CIRCLE ( 'NONE', #332, 0.007874015748031482076 );
#162=( GEOMETRIC_REPRESENTATION_CONTEXT ( 3 ) GLOBAL_UNCERTAINTY_ASSIGNED_CONTEXT ( ( #79 ) ) GLOBAL_UNIT_ASSIGNED_CONTEXT ( ( #30, #25, #43 ) ) REPRESENTATION_CONTEXT ( 'NONE', 'WORKASPACE' ) );
#163=EDGE_CURVE ( 'NONE', #1089, #935, #636, .T. );
#164=MECHANICAL_DESIGN_GEOMETRIC_PRESENTATION_REPRESENTATION (  '', ( #904 ), #644 );
#165=FACE_OUTER_BOUND ( 'NONE', #545, .T. );
#166=ORIENTED_EDGE ( 'NONE', *, *, #1159, .T. );
#167=LINE ( 'NONE', #298, #135 );
#168=B_SPLINE_CURVE_WITH_KNOTS ( 'NONE', 3,( #93, #843, #238, #320 ),.UNSPECIFIED., .F., .F.,( 4, 4 ),( 0.0000000000000000000, 0.0004676815771371877688 ),.UNSPECIFIED. );
#169=VERTEX_POINT ( 'NONE', #829 );
#170=LINE ( 'NONE', #639, #135 );
#171=ORIENTED_EDGE ( 'NONE', *, *, #100, .T. );
#172=CARTESIAN_POINT ( 'NONE',  ( 0.0000000000000000000, 0.007874015748031495954, 0.1496062992125983815 ) );
#173=EDGE_CURVE ( 'NONE', #234, #1089, #158, .T. );
#174=LINE ( 'NONE', #18, #218 );
#175=DIRECTION ( 'NONE',  ( -1.000000000000000000, -0.0000000000000000000, -0.0000000000000000000 ) );
#176=AXIS2_PLACEMENT_3D ( 'NONE', #13, #6, #4 );
#177=VERTEX_POINT ( 'NONE', #401 );
#178=CARTESIAN_POINT ( 'NONE',  ( 1.928577636452524301E-17, 0.0000000000000000000, -0.1574803149606298913 ) );
#179=LINE ( 'NONE', #550, #218 );
#180=PRESENTATION_STYLE_ASSIGNMENT (( #239 ) );
#181=VERTEX_POINT ( 'NONE', #5 );
#182=EDGE_CURVE ( 'NONE', #1412, #124, #170, .T. );
#183=PLANE ( 'NONE',  #790 );
#184=ORIENTED_EDGE ( 'NONE', *, *, #907, .T. );
#185=LINE ( 'NONE', #1087, #16 );
#186=ORIENTED_EDGE ( 'NONE', *, *, #398, .F. );
#187=EDGE_CURVE ( 'NONE', #884, #953, #275, .T. );
#188=CARTESIAN_POINT ( 'NONE',  ( -0.03332323470526675491, -2.667820306312757049E-19, -0.1093498092689874218 ) );
#189=VERTEX_POINT ( 'NONE', #887 );
#190=VERTEX_POINT ( 'NONE', #1149 );
#191=EDGE_CURVE ( 'NONE', #99, #698, #17, .T. );
#192=EDGE_CURVE ( 'NONE', #1265, #124, #414, .T. );
#193=CIRCLE ( 'NONE', #440, 0.1143145605703237838 );
#194=CARTESIAN_POINT ( 'NONE',  ( 0.06988188976377952832, -0.1771653543307087075, -0.05826771653543305618 ) );
#195=ORIENTED_EDGE ( 'NONE', *, *, #776, .F. );
#196=CIRCLE ( 'NONE', #1021, 0.01574803149606300925 );
#197=FACE_OUTER_BOUND ( 'NONE', #645, .T. );
#198=EDGE_LOOP ( 'NONE', ( #819, #321, #853, #1077 ) );
#199=ORIENTED_EDGE ( 'NONE', *, *, #1299, .T. );
#200=CARTESIAN_POINT ( 'NONE',  ( -0.03332323470526674103, 0.0000000000000000000, -0.03332323470526675491 ) );
#201=CARTESIAN_POINT ( 'NONE',  ( -0.02755905511811023584, 3.341561715009400657E-18, 0.02755905511811023584 ) );
#202=EDGE_CURVE ( 'NONE', #1437, #136, #275, .T. );
#203=( BOUNDED_CURVE ( )  B_SPLINE_CURVE ( 3, ( #384, #230, #122, #911 ),.UNSPECIFIED., .F., .F. )B_SPLINE_CURVE_WITH_KNOTS ( ( 4, 4 ),( 4.712388980384689674, 5.759586531581287971 ),.UNSPECIFIED. )CURVE ( )  GEOMETRIC_REPRESENTATION_ITEM ( )  RATIONAL_B_SPLINE_CURVE ( ( 1.000000000000000000, 0.9106836025229588794, 0.9106836025229588794, 1.000000000000000000 ) )REPRESENTATION_ITEM ( '' )  );
#204=CARTESIAN_POINT ( 'NONE',  ( 0.1093498092689874218, 0.0000000000000000000, -0.03332323470526675491 ) );
#205=MECHANICAL_DESIGN_GEOMETRIC_PRESENTATION_REPRESENTATION (  '', ( #939 ), #420 );
#206=VERTEX_POINT ( 'NONE', #626 );
#207=PRESENTATION_LAYER_ASSIGNMENT (  '', '', ( #722 ) );
#208=LINE ( 'NONE', #133, #396 );
#209=PLANE ( 'NONE',  #1400 );
#210=CARTESIAN_POINT ( 'NONE',  ( 2.338400384198686135E-17, 0.1771653543307086798, 0.1909448818897638012 ) );
#211=CYLINDRICAL_SURFACE ( 'NONE', #304, 0.01574803149606300925 );
#212=DIRECTION ( 'NONE',  ( -1.000000000000000000, 0.0000000000000000000, 0.0000000000000000000 ) );
#213=STYLED_ITEM ( 'NONE', ( #46 ), #35 );
#214=DIRECTION ( 'NONE',  ( -1.251928832280966188E-16, 0.0000000000000000000, 1.000000000000000000 ) );
#215=EDGE_CURVE ( 'NONE', #177, #1247, #430, .T. );
#216=ORIENTED_EDGE ( 'NONE', *, *, #70, .F. );
#217=AXIS2_PLACEMENT_3D ( 'NONE', #87, #302, #4 );
#218=VECTOR ( 'NONE', #212, 39.37007874015748143 );
#219=DIRECTION ( 'NONE',  ( -2.168404344971008621E-16, 0.0000000000000000000, -1.000000000000000000 ) );
#220=( GEOMETRIC_REPRESENTATION_CONTEXT ( 3 ) GLOBAL_UNCERTAINTY_ASSIGNED_CONTEXT ( ( #79 ) ) GLOBAL_UNIT_ASSIGNED_CONTEXT ( ( #30, #25, #43 ) ) REPRESENTATION_CONTEXT ( 'NONE', 'WORKASPACE' ) );
#221=CARTESIAN_POINT ( 'NONE',  ( 0.02256712916365699942, 0.002882089793578255631, 0.02256712916365700636 ) );
#222=VERTEX_POINT ( 'NONE', #525 );
#223=VECTOR ( 'NONE', #95, 39.37007874015748143 );
#224=VERTEX_POINT ( 'NONE', #243 );
#225=CARTESIAN_POINT ( 'NONE',  ( -0.02755905511811023584, 3.209649877932150883E-18, -0.02755905511811023584 ) );
#226=CARTESIAN_POINT ( 'NONE',  ( -0.03332323470526674103, 0.0000000000000000000, 0.03937007874015747977 ) );
#227=CARTESIAN_POINT ( 'NONE',  ( 0.0000000000000000000, 0.1692913385826771699, 0.0000000000000000000 ) );
#228=ORIENTED_EDGE ( 'NONE', *, *, #1055, .F. );
#229=AXIS2_PLACEMENT_3D ( 'NONE', #13, #74, #36 );
#230=CARTESIAN_POINT ( 'NONE',  ( 0.02755905511811024625, -1.058862612168261359E-18, 0.09887039939631031560 ) );
#231=MECHANICAL_DESIGN_GEOMETRIC_PRESENTATION_REPRESENTATION (  '', ( #583 ), #285 );
#232=EDGE_CURVE ( 'NONE', #23, #1330, #1243, .T. );
#233=AXIS2_PLACEMENT_3D ( 'NONE', #838, #95, #4 );
#234=VERTEX_POINT ( 'NONE', #407 );
#235=EDGE_CURVE ( 'NONE', #712, #640, #275, .T. );
#236=VERTEX_POINT ( 'NONE', #294 );
#237=EDGE_CURVE ( 'NONE', #1056, #698, #1401, .T. );
#238=CARTESIAN_POINT ( 'NONE',  ( -0.05454752452724555278, -7.840233514897753527E-15, -0.1063822083083753867 ) );
#239=SURFACE_STYLE_USAGE ( .BOTH. , #66 );
#240=CARTESIAN_POINT ( 'NONE',  ( -0.02256712916365699942, 0.002882089793578255198, 0.02256712916365700636 ) );
#241=SURFACE_SIDE_STYLE ('',( #509 ) );
#242=VERTEX_POINT ( 'NONE', #791 );
#243=CARTESIAN_POINT ( 'NONE',  ( 0.01968503937007874682, 0.007874015748031495954, -0.1264294545144205584 ) );
#244=( BOUNDED_CURVE ( )  B_SPLINE_CURVE ( 3, ( #200, #225, #778, #407 ),.UNSPECIFIED., .F., .F. )B_SPLINE_CURVE_WITH_KNOTS ( ( 4, 4 ),( 4.712388980384689674, 5.759586531581287083 ),.UNSPECIFIED. )CURVE ( )  GEOMETRIC_REPRESENTATION_ITEM ( )  RATIONAL_B_SPLINE_CURVE ( ( 1.000000000000000000, 0.9106836025229592124, 0.9106836025229592124, 1.000000000000000000 ) )REPRESENTATION_ITEM ( '' )  );
#245=CARTESIAN_POINT ( 'NONE',  ( 0.01968503937007873295, 0.007874015748031495954, 0.01968503937007873988 ) );
#246=ORIENTED_EDGE ( 'NONE', *, *, #923, .F. );
#247=FACE_OUTER_BOUND ( 'NONE', #861, .T. );
#248=ORIENTED_EDGE ( 'NONE', *, *, #442, .T. );
#249=EDGE_CURVE ( 'NONE', #136, #1230, #1188, .T. );
#250=EDGE_CURVE ( 'NONE', #1140, #784, #1352, .T. );
#251=SURFACE_STYLE_FILL_AREA ( #91 );
#252=FACE_OUTER_BOUND ( 'NONE', #1317, .T. );
#253=VECTOR ( 'NONE', #4, 39.37007874015748143 );
#254=ORIENTED_EDGE ( 'NONE', *, *, #398, .T. );
#255=ORIENTED_EDGE ( 'NONE', *, *, #1018, .F. );
#256=STYLED_ITEM ( 'NONE', ( #46 ), #772 );
#257=CARTESIAN_POINT ( 'NONE',  ( -0.06299212598425193987, 0.007874015748031495954, -0.01968503937007873988 ) );
#258=LINE ( 'NONE', #361, #436 );
#259=ORIENTED_EDGE ( 'NONE', *, *, #295, .T. );
#260=FILL_AREA_STYLE_COLOUR ( '', #125 );
#261=ORIENTED_EDGE ( 'NONE', *, *, #389, .F. );
#262=PRODUCT_DEFINITION_SHAPE ( 'NONE', 'NONE',  #1383 );
#263=MECHANICAL_DESIGN_GEOMETRIC_PRESENTATION_REPRESENTATION (  '', ( #787 ), #34 );
#264=B_SPLINE_CURVE_WITH_KNOTS ( 'NONE', 3,( #1302, #671, #660, #1102, #468, #188 ),.UNSPECIFIED., .F., .F.,( 4, 2, 4 ),( 5.421010862427522170E-20, 0.0003020508894143138418, 0.0006041017788286275753 ),.UNSPECIFIED. );
#265=CARTESIAN_POINT ( 'NONE',  ( -0.07874015748031491790, 0.007086614173228347226, 0.1363819533518801086 ) );
#266=CYLINDRICAL_SURFACE ( 'NONE', #233, 0.01574803149606299191 );
#267=AXIS2_PLACEMENT_3D ( 'NONE', #313, #212, #36 );
#268=CARTESIAN_POINT ( 'NONE',  ( -0.1102362204724409156, 0.007086614173228347226, -0.01574803149606302313 ) );
#269=ADVANCED_FACE ( 'NONE', ( #567 ), #211, .F. );
#270=EDGE_CURVE ( 'NONE', #1412, #1361, #767, .T. );
#271=ORIENTED_EDGE ( 'NONE', *, *, #1287, .T. );
#272=ORIENTED_EDGE ( 'NONE', *, *, #962, .F. );
#273=CARTESIAN_POINT ( 'NONE',  ( -0.07874015748031491790, 0.007086614173228347226, 0.1272550334708396624 ) );
#274=CARTESIAN_POINT ( 'NONE',  ( 0.02256712916365699942, 0.002882089793578255631, -0.02256712916365700636 ) );
#275=CIRCLE ( 'NONE', #176, 0.1279527559055117780 );
#276=EDGE_CURVE ( 'NONE', #181, #792, #1282, .T. );
#277=MECHANICAL_DESIGN_GEOMETRIC_PRESENTATION_REPRESENTATION (  '', ( #972 ), #1136 );
#278=ORIENTED_EDGE ( 'NONE', *, *, #159, .F. );
#279=AXIS2_PLACEMENT_3D ( 'NONE', #820, #1036, #212 );
#280=CIRCLE ( 'NONE', #176, 0.1496062992125983815 );
#281=CARTESIAN_POINT ( 'NONE',  ( -0.04330708661417326938, 0.007217476357119066536, -0.1432285448365075986 ) );
#282=ORIENTED_EDGE ( 'NONE', *, *, #860, .T. );
#283=CARTESIAN_POINT ( 'NONE',  ( -0.04935393064906393179, 0.0000000000000000000, -0.03332323470526675491 ) );
#284=EDGE_CURVE ( 'NONE', #953, #12, #264, .T. );
#285=( GEOMETRIC_REPRESENTATION_CONTEXT ( 3 ) GLOBAL_UNCERTAINTY_ASSIGNED_CONTEXT ( ( #79 ) ) GLOBAL_UNIT_ASSIGNED_CONTEXT ( ( #30, #25, #43 ) ) REPRESENTATION_CONTEXT ( 'NONE', 'WORKASPACE' ) );
#286=CARTESIAN_POINT ( 'NONE',  ( 0.02848596426394388662, 0.0005280894159583592604, 0.1157338975072602361 ) );
#287=MECHANICAL_DESIGN_GEOMETRIC_PRESENTATION_REPRESENTATION (  '', ( #916 ), #678 );
#288=PRESENTATION_LAYER_ASSIGNMENT (  '', '', ( #835 ) );
#289=ORIENTED_EDGE ( 'NONE', *, *, #795, .F. );
#290=EDGE_CURVE ( 'NONE', #1117, #206, #161, .T. );
#291=CARTESIAN_POINT ( 'NONE',  ( -0.04330708661417328326, 0.007086614173228347226, -0.1173434572329702108 ) );
#292=ORIENTED_EDGE ( 'NONE', *, *, #1012, .F. );
#293=ORIENTED_EDGE ( 'NONE', *, *, #826, .T. );
#294=CARTESIAN_POINT ( 'NONE',  ( 2.338400384198686135E-17, 0.1692913385826771699, -0.1909448818897638012 ) );
#295=EDGE_CURVE ( 'NONE', #236, #405, #86, .T. );
#296=CARTESIAN_POINT ( 'NONE',  ( -0.02256712916365699942, 0.002882089793578255631, 0.04225216853373574971 ) );
#297=B_SPLINE_CURVE_WITH_KNOTS ( 'NONE', 3,( #572, #1166, #422, #415 ),.UNSPECIFIED., .F., .F.,( 4, 4 ),( 2.710505431213760784E-20, 0.0004676815771371882566 ),.UNSPECIFIED. );
#298=CARTESIAN_POINT ( 'NONE',  ( 0.06988188976377955608, -0.1771653543307087075, 0.05826771653543307006 ) );
#299=EDGE_LOOP ( 'NONE', ( #1321, #1410, #1275, #808 ) );
#300=VERTEX_POINT ( 'NONE', #866 );
#301=( GEOMETRIC_REPRESENTATION_CONTEXT ( 3 ) GLOBAL_UNCERTAINTY_ASSIGNED_CONTEXT ( ( #79 ) ) GLOBAL_UNIT_ASSIGNED_CONTEXT ( ( #30, #25, #43 ) ) REPRESENTATION_CONTEXT ( 'NONE', 'WORKASPACE' ) );
#302=DIRECTION ( 'NONE',  ( -0.0000000000000000000, -1.000000000000000000, -0.0000000000000000000 ) );
#303=ORIENTED_EDGE ( 'NONE', *, *, #1395, .F. );
#304=AXIS2_PLACEMENT_3D ( 'NONE', #89, #74, #36 );
#305=CARTESIAN_POINT ( 'NONE',  ( -0.05511811023622045780, 1.058862612168260588E-18, -0.02755905511811023237 ) );
#306=MECHANICAL_DESIGN_GEOMETRIC_PRESENTATION_REPRESENTATION (  '', ( #256 ), #846 );
#307=CARTESIAN_POINT ( 'NONE',  ( -0.01968503937007873295, 0.007874015748031495954, -0.03937007874015747977 ) );
#308=ORIENTED_EDGE ( 'NONE', *, *, #1198, .T. );
#309=EDGE_CURVE ( 'NONE', #300, #462, #516, .T. );
#310=ORIENTED_EDGE ( 'NONE', *, *, #249, .T. );
#311=VERTEX_POINT ( 'NONE', #572 );
#312=FACE_BOUND ( 'NONE', #129, .T. );
#313=CARTESIAN_POINT ( 'NONE',  ( -0.06299212598425193987, 0.01574803149606299191, -0.03332323470526675491 ) );
#314=AXIS2_PLACEMENT_3D ( 'NONE', #227, #74, #36 );
#315=EDGE_CURVE ( 'NONE', #75, #206, #426, .T. );
#316=ORIENTED_EDGE ( 'NONE', *, *, #366, .T. );
#317=( GEOMETRIC_REPRESENTATION_CONTEXT ( 3 ) GLOBAL_UNCERTAINTY_ASSIGNED_CONTEXT ( ( #79 ) ) GLOBAL_UNIT_ASSIGNED_CONTEXT ( ( #30, #25, #43 ) ) REPRESENTATION_CONTEXT ( 'NONE', 'WORKASPACE' ) );
#318=MECHANICAL_DESIGN_GEOMETRIC_PRESENTATION_REPRESENTATION (  '', ( #835 ), #451 );
#319=VECTOR ( 'NONE', #128, 39.37007874015748143 );
#320=CARTESIAN_POINT ( 'NONE',  ( -0.04935393064906391791, 8.924777433013906550E-19, -0.1031116302260497303 ) );
#321=ORIENTED_EDGE ( 'NONE', *, *, #485, .F. );
#322=EDGE_CURVE ( 'NONE', #601, #1415, #1238, .T. );
#323=CARTESIAN_POINT ( 'NONE',  ( 0.0000000000000000000, 0.007874015748031482076, 0.1830708661417322636 ) );
#324=ORIENTED_EDGE ( 'NONE', *, *, #182, .F. );
#325=FACE_OUTER_BOUND ( 'NONE', #696, .T. );
#326=PLANE ( 'NONE',  #1005 );
#327=VERTEX_POINT ( 'NONE', #369 );
#328=CARTESIAN_POINT ( 'NONE',  ( 0.08759842519685039075, -0.1771653543307087075, -0.05826771653543305618 ) );
#329=ORIENTED_EDGE ( 'NONE', *, *, #1380, .F. );
#330=ORIENTED_EDGE ( 'NONE', *, *, #465, .F. );
#331=PRESENTATION_LAYER_ASSIGNMENT (  '', '', ( #113 ) );
#332=AXIS2_PLACEMENT_3D ( 'NONE', #323, #212, #36 );
#333=CYLINDRICAL_SURFACE ( 'NONE', #854, 0.01574803149606299191 );
#334=MECHANICAL_DESIGN_GEOMETRIC_PRESENTATION_REPRESENTATION (  '', ( #753 ), #488 );
#335=( GEOMETRIC_REPRESENTATION_CONTEXT ( 3 ) GLOBAL_UNCERTAINTY_ASSIGNED_CONTEXT ( ( #79 ) ) GLOBAL_UNIT_ASSIGNED_CONTEXT ( ( #30, #25, #43 ) ) REPRESENTATION_CONTEXT ( 'NONE', 'WORKASPACE' ) );
#336=CARTESIAN_POINT ( 'NONE',  ( -0.01968503937007873988, 0.007874015748031495954, -0.1067444151443417977 ) );
#337=ORIENTED_EDGE ( 'NONE', *, *, #315, .F. );
#338=CARTESIAN_POINT ( 'NONE',  ( -0.03332323470526675491, 0.0000000000000000000, 0.1093498092689874218 ) );
#339=FACE_OUTER_BOUND ( 'NONE', #591, .T. );
#340=PRESENTATION_LAYER_ASSIGNMENT (  '', '', ( #367 ) );
#341=CARTESIAN_POINT ( 'NONE',  ( 0.0000000000000000000, 0.0000000000000000000, -0.04173228346456696325 ) );
#342=LINE ( 'NONE', #1101, #452 );
#343=CARTESIAN_POINT ( 'NONE',  ( -0.03332323470526675491, 0.0000000000000000000, 0.09310621980915377571 ) );
#344=EDGE_CURVE ( 'NONE', #654, #692, #203, .T. );
#345=STYLED_ITEM ( 'NONE', ( #46 ), #1244 );
#346=ORIENTED_EDGE ( 'NONE', *, *, #1228, .F. );
#347=EDGE_CURVE ( 'NONE', #1173, #712, #816, .T. );
#348=CARTESIAN_POINT ( 'NONE',  ( 0.1215771028671740611, 0.002932670448321509759, -0.02379020674108007355 ) );
#349=DIRECTION ( 'NONE',  ( 1.000000000000000000, 0.0000000000000000000, -4.336808689942017736E-16 ) );
#350=ORIENTED_EDGE ( 'NONE', *, *, #57, .T. );
#351=DIRECTION ( 'NONE',  ( 2.168404344971008621E-16, 0.0000000000000000000, -1.000000000000000000 ) );
#352=ORIENTED_EDGE ( 'NONE', *, *, #681, .T. );
#353=EDGE_LOOP ( 'NONE', ( #352, #482 ) );
#354=LINE ( 'NONE', #142, #1032 );
#355=AXIS2_PLACEMENT_3D ( 'NONE', #87, #74, #36 );
#356=B_SPLINE_CURVE_WITH_KNOTS ( 'NONE', 3,( #377, #69, #1300, #1398, #470, #338 ),.UNSPECIFIED., .F., .F.,( 4, 2, 4 ),( 2.710505431213761085E-20, 0.0003020508894143138960, 0.0006041017788286276837 ),.UNSPECIFIED. );
#357=ORIENTED_EDGE ( 'NONE', *, *, #502, .T. );
#358=( GEOMETRIC_REPRESENTATION_CONTEXT ( 3 ) GLOBAL_UNCERTAINTY_ASSIGNED_CONTEXT ( ( #79 ) ) GLOBAL_UNIT_ASSIGNED_CONTEXT ( ( #30, #25, #43 ) ) REPRESENTATION_CONTEXT ( 'NONE', 'WORKASPACE' ) );
#359=AXIS2_PLACEMENT_3D ( 'NONE', #328, #6, #4 );
#360=MECHANICAL_DESIGN_GEOMETRIC_PRESENTATION_REPRESENTATION (  '', ( #1150 ), #387 );
#361=CARTESIAN_POINT ( 'NONE',  ( 0.03332323470526675491, 0.0000000000000000000, -0.1264294545144205306 ) );
#362=ORIENTED_EDGE ( 'NONE', *, *, #139, .T. );
#363=ORIENTED_EDGE ( 'NONE', *, *, #795, .T. );
#364=SURFACE_STYLE_USAGE ( .BOTH. , #241 );
#365=ORIENTED_EDGE ( 'NONE', *, *, #295, .F. );
#366=EDGE_CURVE ( 'NONE', #873, #234, #506, .T. );
#367=STYLED_ITEM ( 'NONE', ( #46 ), #996 );
#368=EDGE_CURVE ( 'NONE', #544, #590, #193, .T. );
#369=CARTESIAN_POINT ( 'NONE',  ( -0.07874015748031487627, 0.007086614173228347226, -0.1272550334707772124 ) );
#370=MECHANICAL_DESIGN_GEOMETRIC_PRESENTATION_REPRESENTATION (  '', ( #1181 ), #317 );
#371=STYLED_ITEM ( 'NONE', ( #46 ), #1073 );
#372=EDGE_LOOP ( 'NONE', ( #1318, #537, #974, #1233 ) );
#373=EDGE_CURVE ( 'NONE', #698, #1364, #258, .T. );
#374=EDGE_LOOP ( 'NONE', ( #638, #1168, #830, #443 ) );
#375=DIRECTION ( 'NONE',  ( -1.000000000000000000, 0.0000000000000000000, -2.841882035586961789E-15 ) );
#376=LINE ( 'NONE', #821, #914 );
#377=CARTESIAN_POINT ( 'NONE',  ( -0.01968503937007874682, 0.007874015748031495954, 0.1264294545144205584 ) );
#378=ORIENTED_EDGE ( 'NONE', *, *, #1253, .F. );
#379=ORIENTED_EDGE ( 'NONE', *, *, #403, .T. );
#380=PLANE ( 'NONE',  #440 );
#381=FACE_OUTER_BOUND ( 'NONE', #837, .T. );
#382=VERTEX_POINT ( 'NONE', #377 );
#383=AXIS2_PLACEMENT_3D ( 'NONE', #24, #212, #36 );
#384=CARTESIAN_POINT ( 'NONE',  ( 0.03332323470526674103, 0.0000000000000000000, 0.09310621980915381735 ) );
#385=ORIENTED_EDGE ( 'NONE', *, *, #907, .F. );
#386=ORIENTED_EDGE ( 'NONE', *, *, #121, .F. );
#387=( GEOMETRIC_REPRESENTATION_CONTEXT ( 3 ) GLOBAL_UNCERTAINTY_ASSIGNED_CONTEXT ( ( #79 ) ) GLOBAL_UNIT_ASSIGNED_CONTEXT ( ( #30, #25, #43 ) ) REPRESENTATION_CONTEXT ( 'NONE', 'WORKASPACE' ) );
#388=CYLINDRICAL_SURFACE ( 'NONE', #279, 0.01574803149606299191 );
#389=EDGE_CURVE ( 'NONE', #222, #169, #1399, .T. );
#390=ORIENTED_EDGE ( 'NONE', *, *, #727, .F. );
#391=MECHANICAL_DESIGN_GEOMETRIC_PRESENTATION_REPRESENTATION (  '', ( #885 ), #96 );
#392=ORIENTED_EDGE ( 'NONE', *, *, #1439, .T. );
#393=AXIS2_PLACEMENT_3D ( 'NONE', #800, #349, #561 );
#394=( GEOMETRIC_REPRESENTATION_CONTEXT ( 3 ) GLOBAL_UNCERTAINTY_ASSIGNED_CONTEXT ( ( #79 ) ) GLOBAL_UNIT_ASSIGNED_CONTEXT ( ( #30, #25, #43 ) ) REPRESENTATION_CONTEXT ( 'NONE', 'WORKASPACE' ) );
#395=LINE ( 'NONE', #49, #135 );
#396=VECTOR ( 'NONE', #580, 39.37007874015748143 );
#397=FACE_BOUND ( 'NONE', #774, .T. );
#398=EDGE_CURVE ( 'NONE', #1164, #382, #806, .T. );
#399=ORIENTED_EDGE ( 'NONE', *, *, #1315, .T. );
#400=( BOUNDED_CURVE ( )  B_SPLINE_CURVE ( 3, ( #343, #812, #510, #133 ),.UNSPECIFIED., .F., .F. )B_SPLINE_CURVE_WITH_KNOTS ( ( 4, 4 ),( 4.712388980384689674, 5.759586531581287083 ),.UNSPECIFIED. )CURVE ( )  GEOMETRIC_REPRESENTATION_ITEM ( )  RATIONAL_B_SPLINE_CURVE ( ( 1.000000000000000000, 0.9106836025229592124, 0.9106836025229592124, 1.000000000000000000 ) )REPRESENTATION_ITEM ( '' )  );
#401=CARTESIAN_POINT ( 'NONE',  ( 0.01968503937007873295, 0.007874015748031495954, -0.01968503937007873988 ) );
#402=CARTESIAN_POINT ( 'NONE',  ( 0.01968503937007873295, 0.007874015748031495954, 0.03937007874015747977 ) );
#403=EDGE_CURVE ( 'NONE', #720, #884, #1434, .T. );
#404=CARTESIAN_POINT ( 'NONE',  ( 0.01968503937007873988, 0.007874015748031495954, -0.1067444151443418116 ) );
#405=VERTEX_POINT ( 'NONE', #107 );
#406=STYLED_ITEM ( 'NONE', ( #46 ), #519 );
#407=CARTESIAN_POINT ( 'NONE',  ( -0.01968503937007873295, 0.007874015748031495954, -0.01968503937007873988 ) );
#408=MECHANICAL_DESIGN_GEOMETRIC_PRESENTATION_REPRESENTATION (  '', ( #952 ), #732 );
#409=TOROIDAL_SURFACE ( 'NONE', #492, 0.1143145605703237838, 0.01574803149606299191 );
#410=LINE ( 'NONE', #866, #474 );
#411=EDGE_CURVE ( 'NONE', #590, #1440, #1040, .T. );
#412=ORIENTED_EDGE ( 'NONE', *, *, #1294, .T. );
#413=EDGE_CURVE ( 'NONE', #1259, #3, #193, .T. );
#414=LINE ( 'NONE', #1065, #253 );
#415=CARTESIAN_POINT ( 'NONE',  ( -0.04935393064906389710, 0.0000000000000000000, 0.1031116302260497442 ) );
#416=VERTEX_POINT ( 'NONE', #497 );
#417=( GEOMETRIC_REPRESENTATION_CONTEXT ( 3 ) GLOBAL_UNCERTAINTY_ASSIGNED_CONTEXT ( ( #79 ) ) GLOBAL_UNIT_ASSIGNED_CONTEXT ( ( #30, #25, #43 ) ) REPRESENTATION_CONTEXT ( 'NONE', 'WORKASPACE' ) );
#418=ORIENTED_EDGE ( 'NONE', *, *, #1445, .T. );
#419=EDGE_CURVE ( 'NONE', #99, #224, #1328, .T. );
#420=( GEOMETRIC_REPRESENTATION_CONTEXT ( 3 ) GLOBAL_UNCERTAINTY_ASSIGNED_CONTEXT ( ( #79 ) ) GLOBAL_UNIT_ASSIGNED_CONTEXT ( ( #30, #25, #43 ) ) REPRESENTATION_CONTEXT ( 'NONE', 'WORKASPACE' ) );
#421=STYLED_ITEM ( 'NONE', ( #46 ), #1384 );
#422=CARTESIAN_POINT ( 'NONE',  ( -0.05454752452724704465, -7.845025226542503579E-15, 0.1063822083083730136 ) );
#423=AXIS2_PLACEMENT_3D ( 'NONE', #715, #95, #4 );
#424=CARTESIAN_POINT ( 'NONE',  ( -0.02755905511811023584, -9.269507750910113921E-19, -0.09887039939631028784 ) );
#425=ORIENTED_EDGE ( 'NONE', *, *, #1260, .F. );
#426=CIRCLE ( 'NONE', #118, 0.1909448818897638012 );
#427=CARTESIAN_POINT ( 'NONE',  ( -0.1102362204724409156, 0.007874015748031495954, -0.01574803149606302313 ) );
#428=FACE_BOUND ( 'NONE', #1252, .T. );
#429=EDGE_LOOP ( 'NONE', ( #764, #1378, #1385, #65 ) );
#430=LINE ( 'NONE', #401, #253 );
#431=ORIENTED_EDGE ( 'NONE', *, *, #32, .F. );
#432=EDGE_CURVE ( 'NONE', #416, #1173, #536, .T. );
#433=EDGE_LOOP ( 'NONE', ( #990, #1227, #1382, #701 ) );
#434=VECTOR ( 'NONE', #697, 39.37007874015748143 );
#435=ORIENTED_EDGE ( 'NONE', *, *, #528, .T. );
#436=VECTOR ( 'NONE', #351, 39.37007874015748143 );
#437=CARTESIAN_POINT ( 'NONE',  ( 0.02256712916365699595, 0.002882089793578259534, -0.1038623253507635624 ) );
#438=PRESENTATION_LAYER_ASSIGNMENT (  '', '', ( #993 ) );
#439=CARTESIAN_POINT ( 'NONE',  ( 0.03096305474414026357, -4.668685536047324355E-19, -0.1125345044224992791 ) );
#440=AXIS2_PLACEMENT_3D ( 'NONE', #110, #6, #4 );
#441=MECHANICAL_DESIGN_GEOMETRIC_PRESENTATION_REPRESENTATION (  '', ( #977 ), #63 );
#442=EDGE_CURVE ( 'NONE', #825, #1195, #565, .T. );
#443=ORIENTED_EDGE ( 'NONE', *, *, #1294, .F. );
#444=CARTESIAN_POINT ( 'NONE',  ( -0.04330708661417325550, 0.007086614173228347226, -0.1432422849324875569 ) );
#445=ORIENTED_EDGE ( 'NONE', *, *, #1439, .F. );
#446=VERTEX_POINT ( 'NONE', #472 );
#447=ORIENTED_EDGE ( 'NONE', *, *, #68, .F. );
#448=CARTESIAN_POINT ( 'NONE',  ( 0.02848631843032985861, 0.0005279628823810351935, -0.1157334488741457307 ) );
#449=( GEOMETRIC_REPRESENTATION_CONTEXT ( 3 ) GLOBAL_UNCERTAINTY_ASSIGNED_CONTEXT ( ( #79 ) ) GLOBAL_UNIT_ASSIGNED_CONTEXT ( ( #30, #25, #43 ) ) REPRESENTATION_CONTEXT ( 'NONE', 'WORKASPACE' ) );
#450=ORIENTED_EDGE ( 'NONE', *, *, #1201, .T. );
#451=( GEOMETRIC_REPRESENTATION_CONTEXT ( 3 ) GLOBAL_UNCERTAINTY_ASSIGNED_CONTEXT ( ( #79 ) ) GLOBAL_UNIT_ASSIGNED_CONTEXT ( ( #30, #25, #43 ) ) REPRESENTATION_CONTEXT ( 'NONE', 'WORKASPACE' ) );
#452=VECTOR ( 'NONE', #11, 39.37007874015748143 );
#453=FACE_OUTER_BOUND ( 'NONE', #461, .T. );
#454=ORIENTED_EDGE ( 'NONE', *, *, #1214, .F. );
#455=CARTESIAN_POINT ( 'NONE',  ( 2.241971502376059658E-17, 0.1692913385826771699, -0.1830708661417322636 ) );
#456=ORIENTED_EDGE ( 'NONE', *, *, #670, .F. );
#457=ORIENTED_EDGE ( 'NONE', *, *, #1258, .F. );
#458=CARTESIAN_POINT ( 'NONE',  ( 0.08759842519685039075, 0.0000000000000000000, -0.04173228346456696325 ) );
#459=CARTESIAN_POINT ( 'NONE',  ( 0.0000000000000000000, 0.01574803149606299191, 0.0000000000000000000 ) );
#460=EDGE_CURVE ( 'NONE', #462, #1330, #493, .T. );
#461=EDGE_LOOP ( 'NONE', ( #1145, #390, #869, #607 ) );
#462=VERTEX_POINT ( 'NONE', #711 );
#463=ADVANCED_FACE ( 'NONE', ( #1215 ), #1172, .F. );
#464=AXIS2_PLACEMENT_3D ( 'NONE', #194, #36, #95 );
#465=EDGE_CURVE ( 'NONE', #480, #190, #167, .T. );
#466=FACE_OUTER_BOUND ( 'NONE', #146, .T. );
#467=ADVANCED_FACE ( 'NONE', ( #623 ), #945, .F. );
#468=CARTESIAN_POINT ( 'NONE',  ( -0.03096305474414026357, -5.335640612625514099E-19, -0.1125345044224992791 ) );
#469=EDGE_LOOP ( 'NONE', ( #39, #289 ) );
#470=CARTESIAN_POINT ( 'NONE',  ( -0.03096305474413749148, -4.335207997758230927E-19, 0.1125345044224972668 ) );
#471=( GEOMETRIC_REPRESENTATION_CONTEXT ( 3 ) GLOBAL_UNCERTAINTY_ASSIGNED_CONTEXT ( ( #79 ) ) GLOBAL_UNIT_ASSIGNED_CONTEXT ( ( #30, #25, #43 ) ) REPRESENTATION_CONTEXT ( 'NONE', 'WORKASPACE' ) );
#472=CARTESIAN_POINT ( 'NONE',  ( -0.04330708661417325550, 0.007874015748031495954, -0.1432010510194740571 ) );
#473=STYLED_ITEM ( 'NONE', ( #930 ), #1375 );
#474=VECTOR ( 'NONE', #302, 39.37007874015748143 );
#475=CARTESIAN_POINT ( 'NONE',  ( 0.0000000000000000000, 0.1692913385826771699, 0.1830708661417322636 ) );
#476=VERTEX_POINT ( 'NONE', #1155 );
#477=CYLINDRICAL_SURFACE ( 'NONE', #393, 0.01574803149606299885 );
#478=LINE ( 'NONE', #341, #223 );
#479=ADVANCED_FACE ( 'NONE', ( #963 ), #737, .T. );
#480=VERTEX_POINT ( 'NONE', #298 );
#481=EDGE_LOOP ( 'NONE', ( #845, #259, #1409, #1430 ) );
#482=ORIENTED_EDGE ( 'NONE', *, *, #513, .T. );
#483=CARTESIAN_POINT ( 'NONE',  ( -0.03332323470526674103, 0.0000000000000000000, -0.05300827407534549479 ) );
#484=FILL_AREA_STYLE_COLOUR ( '', #740 );
#485=EDGE_CURVE ( 'NONE', #1361, #1265, #882, .T. );
#486=CARTESIAN_POINT ( 'NONE',  ( -0.03332323470526675491, 0.0000000000000000000, -0.1067444151443417977 ) );
#487=ORIENTED_EDGE ( 'NONE', *, *, #284, .F. );
#488=( GEOMETRIC_REPRESENTATION_CONTEXT ( 3 ) GLOBAL_UNCERTAINTY_ASSIGNED_CONTEXT ( ( #79 ) ) GLOBAL_UNIT_ASSIGNED_CONTEXT ( ( #30, #25, #43 ) ) REPRESENTATION_CONTEXT ( 'NONE', 'WORKASPACE' ) );
#489=ADVANCED_FACE ( 'NONE', ( #1370 ), #668, .T. );
#490=( GEOMETRIC_REPRESENTATION_CONTEXT ( 3 ) GLOBAL_UNCERTAINTY_ASSIGNED_CONTEXT ( ( #79 ) ) GLOBAL_UNIT_ASSIGNED_CONTEXT ( ( #30, #25, #43 ) ) REPRESENTATION_CONTEXT ( 'NONE', 'WORKASPACE' ) );
#491=CARTESIAN_POINT ( 'NONE',  ( 0.01968503937007874682, 0.007874015748031495954, 0.1264294545144205584 ) );
#492=AXIS2_PLACEMENT_3D ( 'NONE', #459, #74, #36 );
#493=LINE ( 'NONE', #711, #474 );
#494=VERTEX_POINT ( 'NONE', #343 );
#495=EDGE_LOOP ( 'NONE', ( #508, #123, #445, #385 ) );
#496=VERTEX_POINT ( 'NONE', #1094 );
#497=CARTESIAN_POINT ( 'NONE',  ( 0.03332323470526674103, 0.0000000000000000000, 0.03332323470526675491 ) );
#498=( GEOMETRIC_REPRESENTATION_CONTEXT ( 3 ) GLOBAL_UNCERTAINTY_ASSIGNED_CONTEXT ( ( #79 ) ) GLOBAL_UNIT_ASSIGNED_CONTEXT ( ( #30, #25, #43 ) ) REPRESENTATION_CONTEXT ( 'NONE', 'WORKASPACE' ) );
#499=MECHANICAL_DESIGN_GEOMETRIC_PRESENTATION_REPRESENTATION (  '', ( #1098 ), #1303 );
#500=ORIENTED_EDGE ( 'NONE', *, *, #1159, .F. );
#501=VERTEX_POINT ( 'NONE', #458 );
#502=EDGE_CURVE ( 'NONE', #480, #181, #82, .T. );
#503=AXIS2_PLACEMENT_3D ( 'NONE', #1391, #95, #4 );
#504=LINE ( 'NONE', #226, #16 );
#505=EDGE_LOOP ( 'NONE', ( #661, #798, #1162, #115 ) );
#506=LINE ( 'NONE', #407, #16 );
#507=ORIENTED_EDGE ( 'NONE', *, *, #1296, .F. );
#508=ORIENTED_EDGE ( 'NONE', *, *, #860, .F. );
#509=SURFACE_STYLE_FILL_AREA ( #1028 );
#510=CARTESIAN_POINT ( 'NONE',  ( -0.02256712916365700636, 0.002882089793578254330, 0.1038623253507635347 ) );
#511=VERTEX_POINT ( 'NONE', #444 );
#512=ORIENTED_EDGE ( 'NONE', *, *, #1337, .T. );
#513=EDGE_CURVE ( 'NONE', #656, #327, #617, .T. );
#514=STYLED_ITEM ( 'NONE', ( #180 ), #628 );
#515=MECHANICAL_DESIGN_GEOMETRIC_PRESENTATION_REPRESENTATION (  '', ( #534 ), #220 );
#516=CIRCLE ( 'NONE', #927, 0.1712598425196850405 );
#517=EDGE_LOOP ( 'NONE', ( #109, #568, #1290, #1007 ) );
#518=LINE ( 'NONE', #49, #59 );
#519=ADVANCED_FACE ( 'NONE', ( #466 ), #668, .T. );
#520=CARTESIAN_POINT ( 'NONE',  ( 0.03332323470526674797, 0.0000000000000000000, 0.05300827407534549479 ) );
#521=CARTESIAN_POINT ( 'NONE',  ( 0.03332323470526675491, 0.0000000000000000000, 0.1067444151443418116 ) );
#522=ADVANCED_FACE ( 'NONE', ( #815 ), #785, .T. );
#523=CARTESIAN_POINT ( 'NONE',  ( 0.02256712916365699595, 0.002882089793578260836, -0.04225216853373574277 ) );
#524=ORIENTED_EDGE ( 'NONE', *, *, #139, .F. );
#525=CARTESIAN_POINT ( 'NONE',  ( -0.02755905511811021849, 0.007874015748031495954, -0.1470460582439613861 ) );
#526=CARTESIAN_POINT ( 'NONE',  ( -0.1102362204724409156, 0.007086614173228347226, 0.01574803149606299885 ) );
#527=EDGE_CURVE ( 'NONE', #224, #1364, #634, .T. );
#528=EDGE_CURVE ( 'NONE', #602, #1440, #965, .T. );
#529=ORIENTED_EDGE ( 'NONE', *, *, #1146, .T. );
#530=EDGE_CURVE ( 'NONE', #3, #654, #1446, .T. );
#531=ORIENTED_EDGE ( 'NONE', *, *, #192, .T. );
#532=ORIENTED_EDGE ( 'NONE', *, *, #951, .F. );
#533=( GEOMETRIC_REPRESENTATION_CONTEXT ( 3 ) GLOBAL_UNCERTAINTY_ASSIGNED_CONTEXT ( ( #79 ) ) GLOBAL_UNIT_ASSIGNED_CONTEXT ( ( #30, #25, #43 ) ) REPRESENTATION_CONTEXT ( 'NONE', 'WORKASPACE' ) );
#534=STYLED_ITEM ( 'NONE', ( #46 ), #818 );
#535=ADVANCED_FACE ( 'NONE', ( #943 ), #388, .T. );
#536=( BOUNDED_CURVE ( )  B_SPLINE_CURVE ( 3, ( #497, #797, #221, #245 ),.UNSPECIFIED., .F., .F. )B_SPLINE_CURVE_WITH_KNOTS ( ( 4, 4 ),( 4.712388980384689674, 5.759586531581287083 ),.UNSPECIFIED. )CURVE ( )  GEOMETRIC_REPRESENTATION_ITEM ( )  RATIONAL_B_SPLINE_CURVE ( ( 1.000000000000000000, 0.9106836025229592124, 0.9106836025229592124, 1.000000000000000000 ) )REPRESENTATION_ITEM ( '' )  );
#537=ORIENTED_EDGE ( 'NONE', *, *, #373, .F. );
#538=CARTESIAN_POINT ( 'NONE',  ( -0.01968503937007873295, 0.007874015748031495954, 0.03937007874015747977 ) );
#539=CARTESIAN_POINT ( 'NONE',  ( 0.03332323470526674103, 0.0000000000000000000, -0.09310621980915381735 ) );
#540=ORIENTED_EDGE ( 'NONE', *, *, #403, .F. );
#541=LINE ( 'NONE', #735, #319 );
#542=MECHANICAL_DESIGN_GEOMETRIC_PRESENTATION_REPRESENTATION (  '', ( #345 ), #1405 );
#543=CARTESIAN_POINT ( 'NONE',  ( -0.03332323470526674797, 0.0000000000000000000, -0.09310621980915377571 ) );
#544=VERTEX_POINT ( 'NONE', #338 );
#545=EDGE_LOOP ( 'NONE', ( #365, #1336, #1015, #153 ) );
#546=CARTESIAN_POINT ( 'NONE',  ( 0.08759842519685037687, 0.0000000000000000000, 0.04173228346456694243 ) );
#547=FACE_BOUND ( 'NONE', #1135, .T. );
#548=ORIENTED_EDGE ( 'NONE', *, *, #727, .T. );
#549=CARTESIAN_POINT ( 'NONE',  ( -0.04330708661417327632, 0.007481065330597307626, -0.1432078514089716870 ) );
#550=CARTESIAN_POINT ( 'NONE',  ( 0.0000000000000000000, 0.0000000000000000000, 0.04173228346456694243 ) );
#551=PRESENTATION_LAYER_ASSIGNMENT (  '', '', ( #641 ) );
#552=CYLINDRICAL_SURFACE ( 'NONE', #622, 0.01574803149606299191 );
#553=ORIENTED_EDGE ( 'NONE', *, *, #442, .F. );
#554=ADVANCED_BREP_SHAPE_REPRESENTATION ( 'CUI_DEVICES_CMA-4544PF-W', ( #1375, #673 ), #832 );
#555=ADVANCED_FACE ( 'NONE', ( #132 ), #1147, .T. );
#556=FACE_OUTER_BOUND ( 'NONE', #299, .T. );
#557=EDGE_LOOP ( 'NONE', ( #1397, #1239, #346, #548 ) );
#558=FACE_OUTER_BOUND ( 'NONE', #1423, .T. );
#559=VERTEX_POINT ( 'NONE', #49 );
#560=ORIENTED_EDGE ( 'NONE', *, *, #530, .F. );
#561=DIRECTION ( 'NONE',  ( -5.421010862427520198E-16, 0.0000000000000000000, -1.000000000000000000 ) );
#562=( GEOMETRIC_REPRESENTATION_CONTEXT ( 3 ) GLOBAL_UNCERTAINTY_ASSIGNED_CONTEXT ( ( #79 ) ) GLOBAL_UNIT_ASSIGNED_CONTEXT ( ( #30, #25, #43 ) ) REPRESENTATION_CONTEXT ( 'NONE', 'WORKASPACE' ) );
#563=ADVANCED_FACE ( 'NONE', ( #1431 ), #809, .T. );
#564=STYLED_ITEM ( 'NONE', ( #46 ), #1425 );
#565=CIRCLE ( 'NONE', #54, 0.01574803149606300925 );
#566=PLANE ( 'NONE',  #464 );
#567=FACE_OUTER_BOUND ( 'NONE', #749, .T. );
#568=ORIENTED_EDGE ( 'NONE', *, *, #1445, .F. );
#569=ORIENTED_EDGE ( 'NONE', *, *, #276, .T. );
#570=EDGE_CURVE ( 'NONE', #1139, #1280, #909, .T. );
#571=ADVANCED_FACE ( 'NONE', ( #247 ), #706, .T. );
#572=CARTESIAN_POINT ( 'NONE',  ( -0.06299212598425191212, 0.007874015748031495954, 0.1113727965339813830 ) );
#573=ORIENTED_EDGE ( 'NONE', *, *, #1180, .F. );
#574=EDGE_CURVE ( 'NONE', #1111, #177, #1178, .T. );
#575=( GEOMETRIC_REPRESENTATION_CONTEXT ( 3 ) GLOBAL_UNCERTAINTY_ASSIGNED_CONTEXT ( ( #79 ) ) GLOBAL_UNIT_ASSIGNED_CONTEXT ( ( #30, #25, #43 ) ) REPRESENTATION_CONTEXT ( 'NONE', 'WORKASPACE' ) );
#576=CARTESIAN_POINT ( 'NONE',  ( 0.08759842519685037687, -0.1771653543307087075, 0.05826771653543307006 ) );
#577=ORIENTED_EDGE ( 'NONE', *, *, #1337, .F. );
#578=ORIENTED_EDGE ( 'NONE', *, *, #612, .F. );
#579=EDGE_CURVE ( 'NONE', #496, #1309, #903, .T. );
#580=DIRECTION ( 'NONE',  ( -1.000000000000000000, -0.0000000000000000000, -4.336808689942017243E-16 ) );
#581=AXIS2_PLACEMENT_3D ( 'NONE', #1368, #212, #36 );
#582=ORIENTED_EDGE ( 'NONE', *, *, #100, .F. );
#583=STYLED_ITEM ( 'NONE', ( #46 ), #1349 );
#584=CARTESIAN_POINT ( 'NONE',  ( -0.04935393064906392485, 0.0000000000000000000, 0.01968503937007873988 ) );
#585=ORIENTED_EDGE ( 'NONE', *, *, #1296, .T. );
#586=ORIENTED_EDGE ( 'NONE', *, *, #1059, .T. );
#587=DIRECTION ( 'NONE',  ( 1.000000000000000000, 0.0000000000000000000, -4.336808689942017243E-16 ) );
#588=FACE_OUTER_BOUND ( 'NONE', #1152, .T. );
#589=ADVANCED_FACE ( 'NONE', ( #50 ), #552, .T. );
#590=VERTEX_POINT ( 'NONE', #415 );
#591=EDGE_LOOP ( 'NONE', ( #1273, #1158, #686, #425 ) );
#592=EDGE_LOOP ( 'NONE', ( #112, #964, #1311, #960, #1053, #672, #512, #41, #58, #940, #1042 ) );
#593=PLANE ( 'NONE',  #1046 );
#594=CARTESIAN_POINT ( 'NONE',  ( -0.04935393064906393179, 0.01574803149606299191, -0.01968503937007873641 ) );
#595=STYLED_ITEM ( 'NONE', ( #46 ), #479 );
#596=CARTESIAN_POINT ( 'NONE',  ( -0.03332323470526675491, 0.01574803149606299191, -0.1067444151443417977 ) );
#597=LINE ( 'NONE', #1100, #223 );
#598=ORIENTED_EDGE ( 'NONE', *, *, #111, .F. );
#599=PRESENTATION_LAYER_ASSIGNMENT (  '', '', ( #1191 ) );
#600=CARTESIAN_POINT ( 'NONE',  ( -0.02755905511811021849, 0.007348551310776562512, -0.1470627947971014093 ) );
#601=VERTEX_POINT ( 'NONE', #839 );
#602=VERTEX_POINT ( 'NONE', #127 );
#603=PRESENTATION_LAYER_ASSIGNMENT (  '', '', ( #810 ) );
#604=FACE_OUTER_BOUND ( 'NONE', #592, .T. );
#605=PRESENTATION_LAYER_ASSIGNMENT (  '', '', ( #885 ) );
#606=MECHANICAL_DESIGN_GEOMETRIC_PRESENTATION_REPRESENTATION (  '', ( #1343 ), #1051 );
#607=ORIENTED_EDGE ( 'NONE', *, *, #980, .T. );
#608=ORIENTED_EDGE ( 'NONE', *, *, #1012, .T. );
#609=( BOUNDED_CURVE ( )  B_SPLINE_CURVE ( 3, ( #483, #105, #902, #307 ),.UNSPECIFIED., .F., .F. )B_SPLINE_CURVE_WITH_KNOTS ( ( 4, 4 ),( 4.712388980384689674, 5.759586531581287083 ),.UNSPECIFIED. )CURVE ( )  GEOMETRIC_REPRESENTATION_ITEM ( )  RATIONAL_B_SPLINE_CURVE ( ( 1.000000000000000000, 0.9106836025229592124, 0.9106836025229592124, 1.000000000000000000 ) )REPRESENTATION_ITEM ( '' )  );
#610=ADVANCED_FACE ( 'NONE', ( #745, #428 ), #1163, .T. );
#611=CARTESIAN_POINT ( 'NONE',  ( 0.03332323470526675491, 0.0000000000000000000, -0.1093498092689874218 ) );
#612=EDGE_CURVE ( 'NONE', #1280, #476, #185, .T. );
#613=CARTESIAN_POINT ( 'NONE',  ( -0.02755905511811028788, 0.007086614173228347226, -0.1244518917024454441 ) );
#614=VERTEX_POINT ( 'NONE', #520 );
#615=ORIENTED_EDGE ( 'NONE', *, *, #1333, .F. );
#616=( BOUNDED_CURVE ( )  B_SPLINE_CURVE ( 3, ( #80, #240, #201, #887 ),.UNSPECIFIED., .F., .F. )B_SPLINE_CURVE_WITH_KNOTS ( ( 4, 4 ),( 0.5235987755982994818, 1.570796326794897002 ),.UNSPECIFIED. )CURVE ( )  GEOMETRIC_REPRESENTATION_ITEM ( )  RATIONAL_B_SPLINE_CURVE ( ( 1.000000000000000000, 0.9106836025229592124, 0.9106836025229592124, 1.000000000000000000 ) )REPRESENTATION_ITEM ( '' )  );
#617=CIRCLE ( 'NONE', #827, 0.1496457682117588728 );
#618=DIRECTION ( 'NONE',  ( -2.168404344971008868E-16, 0.0000000000000000000, -1.000000000000000000 ) );
#619=MECHANICAL_DESIGN_GEOMETRIC_PRESENTATION_REPRESENTATION (  '', ( #1209 ), #1167 );
#620=PLANE ( 'NONE',  #803 );
#621=STYLED_ITEM ( 'NONE', ( #46 ), #535 );
#622=AXIS2_PLACEMENT_3D ( 'NONE', #1057, #11, #212 );
#623=FACE_OUTER_BOUND ( 'NONE', #976, .T. );
#624=ORIENTED_EDGE ( 'NONE', *, *, #1153, .T. );
#625=ADVANCED_FACE ( 'NONE', ( #453 ), #566, .F. );
#626=CARTESIAN_POINT ( 'NONE',  ( 0.0000000000000000000, 0.007874015748031482076, 0.1909448818897638012 ) );
#627=MECHANICAL_DESIGN_GEOMETRIC_PRESENTATION_REPRESENTATION (  '', ( #1417 ), #719 );
#628=ADVANCED_FACE ( 'NONE', ( #197 ), #669, .T. );
#629=CARTESIAN_POINT ( 'NONE',  ( 0.02256712916365699595, 0.002882089793578260836, 0.04225216853373574277 ) );
#630=ORIENTED_EDGE ( 'NONE', *, *, #920, .F. );
#631=ADVANCED_FACE ( 'NONE', ( #1207 ), #890, .F. );
#632=AXIS2_PLACEMENT_3D ( 'NONE', #596, #941, #95 );
#633=EDGE_CURVE ( 'NONE', #981, #910, #997, .T. );
#634=B_SPLINE_CURVE_WITH_KNOTS ( 'NONE', 3,( #243, #736, #150, #448, #439, #611 ),.UNSPECIFIED., .F., .F.,( 4, 2, 4 ),( 2.185279341460844539E-19, 0.0003020508894143137334, 0.0006041017788286272500 ),.UNSPECIFIED. );
#635=ADVANCED_FACE ( 'NONE', ( #1403 ), #768, .T. );
#636=( BOUNDED_CURVE ( )  B_SPLINE_CURVE ( 3, ( #257, #40, #305, #283 ),.UNSPECIFIED., .F., .F. )B_SPLINE_CURVE_WITH_KNOTS ( ( 4, 4 ),( 3.665191429188091821, 4.712388980384689674 ),.UNSPECIFIED. )CURVE ( )  GEOMETRIC_REPRESENTATION_ITEM ( )  RATIONAL_B_SPLINE_CURVE ( ( 1.000000000000000000, 0.9106836025229589904, 0.9106836025229589904, 1.000000000000000000 ) )REPRESENTATION_ITEM ( '' )  );
#637=ORIENTED_EDGE ( 'NONE', *, *, #322, .F. );
#638=ORIENTED_EDGE ( 'NONE', *, *, #716, .T. );
#639=CARTESIAN_POINT ( 'NONE',  ( 0.08759842519685037687, -0.1771653543307087075, 0.04173228346456694243 ) );
#640=VERTEX_POINT ( 'NONE', #662 );
#641=STYLED_ITEM ( 'NONE', ( #46 ), #117 );
#642=FACE_OUTER_BOUND ( 'NONE', #1013, .T. );
#643=ORIENTED_EDGE ( 'NONE', *, *, #1251, .T. );
#644=( GEOMETRIC_REPRESENTATION_CONTEXT ( 3 ) GLOBAL_UNCERTAINTY_ASSIGNED_CONTEXT ( ( #79 ) ) GLOBAL_UNIT_ASSIGNED_CONTEXT ( ( #30, #25, #43 ) ) REPRESENTATION_CONTEXT ( 'NONE', 'WORKASPACE' ) );
#645=EDGE_LOOP ( 'NONE', ( #968, #868 ) );
#646=EDGE_LOOP ( 'NONE', ( #1225, #1143, #130, #1041 ) );
#647=STYLED_ITEM ( 'NONE', ( #46 ), #958 );
#648=ORIENTED_EDGE ( 'NONE', *, *, #1381, .T. );
#649=CARTESIAN_POINT ( 'NONE',  ( 2.290185943287372743E-17, 0.0000000000000000000, -0.1830708661417322636 ) );
#650=MECHANICAL_DESIGN_GEOMETRIC_PRESENTATION_REPRESENTATION (  '', ( #722 ), #855 );
#651=( BOUNDED_CURVE ( )  B_SPLINE_CURVE ( 3, ( #402, #629, #848, #520 ),.UNSPECIFIED., .F., .F. )B_SPLINE_CURVE_WITH_KNOTS ( ( 4, 4 ),( 0.5235987755982984826, 1.570796326794896780 ),.UNSPECIFIED. )CURVE ( )  GEOMETRIC_REPRESENTATION_ITEM ( )  RATIONAL_B_SPLINE_CURVE ( ( 1.000000000000000000, 0.9106836025229588794, 0.9106836025229588794, 1.000000000000000000 ) )REPRESENTATION_ITEM ( '' )  );
#652=ORIENTED_EDGE ( 'NONE', *, *, #1198, .F. );
#653=LINE ( 'NONE', #781, #223 );
#654=VERTEX_POINT ( 'NONE', #384 );
#655=ADVANCED_FACE ( 'NONE', ( #1363, #1396 ), #809, .T. );
#656=VERTEX_POINT ( 'NONE', #273 );
#657=LINE ( 'NONE', #49, #253 );
#658=ORIENTED_EDGE ( 'NONE', *, *, #368, .T. );
#659=ORIENTED_EDGE ( 'NONE', *, *, #1257, .T. );
#660=CARTESIAN_POINT ( 'NONE',  ( -0.02376451466684877806, 0.002954395621805724383, -0.1216078310925459149 ) );
#661=ORIENTED_EDGE ( 'NONE', *, *, #432, .F. );
#662=CARTESIAN_POINT ( 'NONE',  ( 0.01968503937007875029, 0.007874015748031495954, 0.1264294545144205306 ) );
#663=EDGE_CURVE ( 'NONE', #836, #501, #1141, .T. );
#664=PRESENTATION_LAYER_ASSIGNMENT (  '', '', ( #691 ) );
#665=VECTOR ( 'NONE', #214, 39.37007874015748143 );
#666=CIRCLE ( 'NONE', #355, 0.1830708661417322636 );
#667=LINE ( 'NONE', #194, #223 );
#668=CYLINDRICAL_SURFACE ( 'NONE', #217, 0.1909448818897638012 );
#669=PLANE ( 'NONE',  #927 );
#670=EDGE_CURVE ( 'NONE', #1226, #446, #280, .T. );
#671=CARTESIAN_POINT ( 'NONE',  ( -0.02142735937105897867, 0.004856228983290260606, -0.1243948630926886012 ) );
#672=ORIENTED_EDGE ( 'NONE', *, *, #776, .T. );
#673=AXIS2_PLACEMENT_3D ( 'NONE', #110, #36, #95 );
#674=STYLED_ITEM ( 'NONE', ( #46 ), #1023 );
#675=EDGE_CURVE ( 'NONE', #1117, #1039, #1093, .T. );
#676=ADVANCED_FACE ( 'NONE', ( #10 ), #593, .F. );
#677=EDGE_LOOP ( 'NONE', ( #833, #680, #982, #679 ) );
#678=( GEOMETRIC_REPRESENTATION_CONTEXT ( 3 ) GLOBAL_UNCERTAINTY_ASSIGNED_CONTEXT ( ( #79 ) ) GLOBAL_UNIT_ASSIGNED_CONTEXT ( ( #30, #25, #43 ) ) REPRESENTATION_CONTEXT ( 'NONE', 'WORKASPACE' ) );
#679=ORIENTED_EDGE ( 'NONE', *, *, #663, .T. );
#680=ORIENTED_EDGE ( 'NONE', *, *, #1082, .F. );
#681=EDGE_CURVE ( 'NONE', #327, #656, #1416, .T. );
#682=LINE ( 'NONE', #1092, #16 );
#683=CYLINDRICAL_SURFACE ( 'NONE', #1114, 0.01574803149606299191 );
#684=CLOSED_SHELL ( 'NONE', ( #893, #489, #771, #1349, #571, #117, #269, #1171, #906, #119, #519, #522, #655, #695, #996, #693, #610, #1154, #628, #1129, #535, #555, #1062, #1356, #1161, #479, #1390, #1073, #1196, #978, #1083, #1427, #1425, #841, #1314, #1384, #589, #1049, #35, #772, #631, #1433, #874, #723, #822, #463, #708, #676, #625, #635, #467, #958, #1023, #1244, #818, #563 ) );
#685=MECHANICAL_DESIGN_GEOMETRIC_PRESENTATION_REPRESENTATION (  '', ( #1085 ), #301 );
#686=ORIENTED_EDGE ( 'NONE', *, *, #804, .F. );
#687=ORIENTED_EDGE ( 'NONE', *, *, #366, .F. );
#688=AXIS2_PLACEMENT_3D ( 'NONE', #455, #27, #1078 );
#689=CARTESIAN_POINT ( 'NONE',  ( -0.03332323470526674103, 0.0000000000000000000, 0.05300827407534549479 ) );
#690=B_SPLINE_CURVE_WITH_KNOTS ( 'NONE', 3,( #143, #1261, #286, #942, #1061, #662 ),.UNSPECIFIED., .F., .F.,( 4, 2, 4 ),( -4.089803887408342321E-06, 0.0002995988350103050276, 0.0006032874739080183908 ),.UNSPECIFIED. );
#691=STYLED_ITEM ( 'NONE', ( #46 ), #589 );
#692=VERTEX_POINT ( 'NONE', #911 );
#693=ADVANCED_FACE ( 'NONE', ( #1323, #901 ), #380, .T. );
#694=ORIENTED_EDGE ( 'NONE', *, *, #232, .T. );
#695=ADVANCED_FACE ( 'NONE', ( #558 ), #409, .T. );
#696=EDGE_LOOP ( 'NONE', ( #8, #1187, #487, #726 ) );
#697=DIRECTION ( 'NONE',  ( 2.168404344971007142E-16, 0.0000000000000000000, 1.000000000000000000 ) );
#698=VERTEX_POINT ( 'NONE', #539 );
#699=STYLED_ITEM ( 'NONE', ( #46 ), #1196 );
#700=CARTESIAN_POINT ( 'NONE',  ( -0.02755905511811021849, 0.007742809955671283231, -0.1470460582439613306 ) );
#701=ORIENTED_EDGE ( 'NONE', *, *, #923, .T. );
#702=ORIENTED_EDGE ( 'NONE', *, *, #872, .F. );
#703=LINE ( 'NONE', #1130, #665 );
#704=EDGE_LOOP ( 'NONE', ( #386, #1307, #83, #1189 ) );
#705=ORIENTED_EDGE ( 'NONE', *, *, #249, .F. );
#706=CYLINDRICAL_SURFACE ( 'NONE', #1281, 0.1712598425196850405 );
#707=EDGE_LOOP ( 'NONE', ( #586, #316, #457, #1068 ) );
#708=ADVANCED_FACE ( 'NONE', ( #37 ), #1295, .F. );
#709=ORIENTED_EDGE ( 'NONE', *, *, #419, .F. );
#710=AXIS2_PLACEMENT_3D ( 'NONE', #227, #302, #36 );
#711=CARTESIAN_POINT ( 'NONE',  ( 0.0000000000000000000, 0.1850393700787401341, -0.1712598425196850405 ) );
#712=VERTEX_POINT ( 'NONE', #61 );
#713=ORIENTED_EDGE ( 'NONE', *, *, #1348, .F. );
#714=EDGE_CURVE ( 'NONE', #190, #1265, #653, .T. );
#715=CARTESIAN_POINT ( 'NONE',  ( 0.01968503937007873295, 0.01574803149606299191, 0.03332323470526675491 ) );
#716=EDGE_CURVE ( 'NONE', #236, #1140, #1184, .T. );
#717=FACE_OUTER_BOUND ( 'NONE', #505, .T. );
#718=CYLINDRICAL_SURFACE ( 'NONE', #1072, 0.01574803149606299191 );
#719=( GEOMETRIC_REPRESENTATION_CONTEXT ( 3 ) GLOBAL_UNCERTAINTY_ASSIGNED_CONTEXT ( ( #79 ) ) GLOBAL_UNIT_ASSIGNED_CONTEXT ( ( #30, #25, #43 ) ) REPRESENTATION_CONTEXT ( 'NONE', 'WORKASPACE' ) );
#720=VERTEX_POINT ( 'NONE', #613 );
#721=EDGE_LOOP ( 'NONE', ( #905, #228, #1125, #278, #171, #456, #1063, #733, #1199, #1115, #184, #807 ) );
#722=STYLED_ITEM ( 'NONE', ( #46 ), #1314 );
#723=ADVANCED_FACE ( 'NONE', ( #642 ), #1371, .F. );
#724=CARTESIAN_POINT ( 'NONE',  ( -0.1102362204724409156, 0.007874015748031495954, -1.350004345516766826E-17 ) );
#725=ORIENTED_EDGE ( 'NONE', *, *, #290, .F. );
#726=ORIENTED_EDGE ( 'NONE', *, *, #155, .T. );
#727=EDGE_CURVE ( 'NONE', #1219, #1139, #973, .T. );
#728=MECHANICAL_DESIGN_GEOMETRIC_PRESENTATION_REPRESENTATION (  '', ( #213 ), #1270 );
#729=( GEOMETRIC_REPRESENTATION_CONTEXT ( 3 ) GLOBAL_UNCERTAINTY_ASSIGNED_CONTEXT ( ( #79 ) ) GLOBAL_UNIT_ASSIGNED_CONTEXT ( ( #30, #25, #43 ) ) REPRESENTATION_CONTEXT ( 'NONE', 'WORKASPACE' ) );
#730=PRODUCT_DEFINITION_CONTEXT ( 'detailed design', #931, 'design' );
#731=EDGE_CURVE ( 'NONE', #831, #1173, #1274, .T. );
#732=( GEOMETRIC_REPRESENTATION_CONTEXT ( 3 ) GLOBAL_UNCERTAINTY_ASSIGNED_CONTEXT ( ( #79 ) ) GLOBAL_UNIT_ASSIGNED_CONTEXT ( ( #30, #25, #43 ) ) REPRESENTATION_CONTEXT ( 'NONE', 'WORKASPACE' ) );
#733=ORIENTED_EDGE ( 'NONE', *, *, #513, .F. );
#734=EDGE_CURVE ( 'NONE', #1230, #511, #759, .T. );
#735=CARTESIAN_POINT ( 'NONE',  ( -0.03332323470526676185, 0.0000000000000000000, 0.1264294545144205584 ) );
#736=CARTESIAN_POINT ( 'NONE',  ( 0.02142735937105898561, 0.004856228983290264076, -0.1243948630926885457 ) );
#737=CYLINDRICAL_SURFACE ( 'NONE', #799, 0.01574803149606299191 );
#738=CIRCLE ( 'NONE', #581, 0.007874015748031482076 );
#739=EDGE_LOOP ( 'NONE', ( #760, #1339, #1277, #1436 ) );
#740=COLOUR_RGB ( '',0.7529411764705882248, 0.7529411764705882248, 0.7529411764705882248 );
#741=CARTESIAN_POINT ( 'NONE',  ( 0.0000000000000000000, 0.1692913385826771699, 0.1909448818897638012 ) );
#742=MECHANICAL_DESIGN_GEOMETRIC_PRESENTATION_REPRESENTATION (  '', ( #1224 ), #1246 );
#743=CYLINDRICAL_SURFACE ( 'NONE', #834, 0.01574803149606299191 );
#744=ORIENTED_EDGE ( 'NONE', *, *, #962, .T. );
#745=FACE_OUTER_BOUND ( 'NONE', #1004, .T. );
#746=ORIENTED_EDGE ( 'NONE', *, *, #1442, .T. );
#747=FACE_OUTER_BOUND ( 'NONE', #707, .T. );
#748=PRESENTATION_LAYER_ASSIGNMENT (  '', '', ( #213 ) );
#749=EDGE_LOOP ( 'NONE', ( #329, #248, #199, #1118 ) );
#750=PRESENTATION_LAYER_ASSIGNMENT (  '', '', ( #972 ) );
#751=CARTESIAN_POINT ( 'NONE',  ( -0.04330708661417328326, 0.007874015748031495954, -0.1173434572329702108 ) );
#752=ORIENTED_EDGE ( 'NONE', *, *, #1201, .F. );
#753=STYLED_ITEM ( 'NONE', ( #46 ), #555 );
#754=PRESENTATION_LAYER_ASSIGNMENT (  '', '', ( #904 ) );
#755=EDGE_CURVE ( 'NONE', #124, #792, #179, .T. );
#756=CARTESIAN_POINT ( 'NONE',  ( -0.02755905511811028441, 0.007874015748031495954, -0.1249496147445539052 ) );
#757=ORIENTED_EDGE ( 'NONE', *, *, #530, .T. );
#758=( BOUNDED_CURVE ( )  B_SPLINE_CURVE ( 3, ( #839, #1254, #274, #401 ),.UNSPECIFIED., .F., .F. )B_SPLINE_CURVE_WITH_KNOTS ( ( 4, 4 ),( 4.712388980384689674, 5.759586531581287083 ),.UNSPECIFIED. )CURVE ( )  GEOMETRIC_REPRESENTATION_ITEM ( )  RATIONAL_B_SPLINE_CURVE ( ( 1.000000000000000000, 0.9106836025229592124, 0.9106836025229592124, 1.000000000000000000 ) )REPRESENTATION_ITEM ( '' )  );
#759=LINE ( 'NONE', #291, #780 );
#760=ORIENTED_EDGE ( 'NONE', *, *, #734, .T. );
#761=CARTESIAN_POINT ( 'NONE',  ( -0.04330708661417328326, 0.007606711705012321467, -0.1202341784189294299 ) );
#762=CARTESIAN_POINT ( 'NONE',  ( 0.0000000000000000000, 0.0000000000000000000, 0.1830708661417322636 ) );
#763=CARTESIAN_POINT ( 'NONE',  ( 0.0000000000000000000, 0.007086614173228347226, 0.0000000000000000000 ) );
#764=ORIENTED_EDGE ( 'NONE', *, *, #70, .T. );
#765=EDGE_CURVE ( 'NONE', #640, #692, #1279, .T. );
#766=ORIENTED_EDGE ( 'NONE', *, *, #1442, .F. );
#767=LINE ( 'NONE', #576, #16 );
#768=PLANE ( 'NONE',  #359 );
#769=EDGE_CURVE ( 'NONE', #1309, #1086, #801, .T. );
#770=EDGE_LOOP ( 'NONE', ( #261, #529, #540, #378 ) );
#771=ADVANCED_FACE ( 'NONE', ( #1327 ), #90, .T. );
#772=ADVANCED_FACE ( 'NONE', ( #805 ), #683, .T. );
#773=VERTEX_POINT ( 'NONE', #204 );
#774=EDGE_LOOP ( 'NONE', ( #824, #1268, #870, #51 ) );
#775=PRESENTATION_LAYER_ASSIGNMENT (  '', '', ( #1112 ) );
#776=EDGE_CURVE ( 'NONE', #935, #108, #1408, .T. );
#777=AXIS2_PLACEMENT_3D ( 'NONE', #110, #302, #36 );
#778=CARTESIAN_POINT ( 'NONE',  ( -0.02256712916365699942, 0.002882089793578255631, -0.02256712916365700636 ) );
#779=LINE ( 'NONE', #1185, #223 );
#780=VECTOR ( 'NONE', #851, 39.37007874015748143 );
#781=CARTESIAN_POINT ( 'NONE',  ( 0.0000000000000000000, 0.0000000000000000000, 0.05826771653543307006 ) );
#782=CARTESIAN_POINT ( 'NONE',  ( 0.0000000000000000000, 0.007874015748031482076, 0.0000000000000000000 ) );
#783=ORIENTED_EDGE ( 'NONE', *, *, #1241, .T. );
#784=VERTEX_POINT ( 'NONE', #1122 );
#785=TOROIDAL_SURFACE ( 'NONE', #229, 0.1574803149606298913, 0.007874015748031495954 );
#786=CARTESIAN_POINT ( 'NONE',  ( 0.1156641704116477959, 0.0005085341820031827548, -0.02854099437622654653 ) );
#787=STYLED_ITEM ( 'NONE', ( #46 ), #1129 );
#788=AXIS2_PLACEMENT_3D ( 'NONE', #1367, #36, #95 );
#789=FACE_OUTER_BOUND ( 'NONE', #770, .T. );
#790=AXIS2_PLACEMENT_3D ( 'NONE', #110, #74, #36 );
#791=CARTESIAN_POINT ( 'NONE',  ( -0.1102362204724409156, 0.007874015748031495954, 0.01574803149606299885 ) );
#792=VERTEX_POINT ( 'NONE', #7 );
#793=CARTESIAN_POINT ( 'NONE',  ( 0.1244160735297424741, 0.004887689145527676464, -0.02140919583791701594 ) );
#794=ORIENTED_EDGE ( 'NONE', *, *, #155, .F. );
#795=EDGE_CURVE ( 'NONE', #62, #242, #196, .T. );
#796=DIRECTION ( 'NONE',  ( -2.168404344971006896E-16, 0.0000000000000000000, 1.000000000000000000 ) );
#797=CARTESIAN_POINT ( 'NONE',  ( 0.02755905511811023584, 3.209649877932150883E-18, 0.02755905511811023584 ) );
#798=ORIENTED_EDGE ( 'NONE', *, *, #1381, .F. );
#799=AXIS2_PLACEMENT_3D ( 'NONE', #1151, #212, #36 );
#800=CARTESIAN_POINT ( 'NONE',  ( -0.01968503937007873641, 0.01574803149606299191, -0.09310621980915377571 ) );
#801=CIRCLE ( 'NONE', #790, 0.1574803149606298913 );
#802=ORIENTED_EDGE ( 'NONE', *, *, #1017, .F. );
#803=AXIS2_PLACEMENT_3D ( 'NONE', #639, #6, #4 );
#804=EDGE_CURVE ( 'NONE', #1259, #712, #1217, .T. );
#805=FACE_OUTER_BOUND ( 'NONE', #919, .T. );
#806=LINE ( 'NONE', #377, #319 );
#807=ORIENTED_EDGE ( 'NONE', *, *, #769, .F. );
#808=ORIENTED_EDGE ( 'NONE', *, *, #1127, .T. );
#809=PLANE ( 'NONE',  #176 );
#810=STYLED_ITEM ( 'NONE', ( #930 ), #554 );
#811=DIRECTION ( 'NONE',  ( -5.421010862427520198E-16, 0.0000000000000000000, 1.000000000000000000 ) );
#812=CARTESIAN_POINT ( 'NONE',  ( -0.02755905511811023584, -1.058862612168260011E-18, 0.09887039939631028784 ) );
#813=EDGE_LOOP ( 'NONE', ( #156, #857, #500, #454 ) );
#814=PRESENTATION_LAYER_ASSIGNMENT (  '', '', ( #939 ) );
#815=FACE_OUTER_BOUND ( 'NONE', #721, .T. );
#816=LINE ( 'NONE', #245, #223 );
#817=ORIENTED_EDGE ( 'NONE', *, *, #1106, .T. );
#818=ADVANCED_FACE ( 'NONE', ( #944 ), #134, .F. );
#819=ORIENTED_EDGE ( 'NONE', *, *, #192, .F. );
#820=CARTESIAN_POINT ( 'NONE',  ( 0.03332323470526675491, 0.01574803149606299191, -0.1067444151443418116 ) );
#821=CARTESIAN_POINT ( 'NONE',  ( 0.03332323470526674103, 0.0000000000000000000, 0.01968503937007873988 ) );
#822=ADVANCED_FACE ( 'NONE', ( #840 ), #620, .T. );
#823=CARTESIAN_POINT ( 'NONE',  ( -0.02755905511811029135, 0.007215193920389640324, -0.1245386195553737918 ) );
#824=ORIENTED_EDGE ( 'NONE', *, *, #937, .T. );
#825=VERTEX_POINT ( 'NONE', #268 );
#826=EDGE_CURVE ( 'NONE', #784, #405, #666, .T. );
#827=AXIS2_PLACEMENT_3D ( 'NONE', #763, #6, #36 );
#828=AXIS2_PLACEMENT_3D ( 'NONE', #1070, #27, #1078 );
#829=CARTESIAN_POINT ( 'NONE',  ( -0.02755905511811022543, 0.007086614173228347226, -0.1470862142577761267 ) );
#830=ORIENTED_EDGE ( 'NONE', *, *, #1333, .T. );
#831=VERTEX_POINT ( 'NONE', #402 );
#832=( GEOMETRIC_REPRESENTATION_CONTEXT ( 3 ) GLOBAL_UNCERTAINTY_ASSIGNED_CONTEXT ( ( #79 ) ) GLOBAL_UNIT_ASSIGNED_CONTEXT ( ( #30, #25, #43 ) ) REPRESENTATION_CONTEXT ( 'NONE', 'WORKASPACE' ) );
#833=ORIENTED_EDGE ( 'NONE', *, *, #937, .F. );
#834=AXIS2_PLACEMENT_3D ( 'NONE', #957, #618, #212 );
#835=STYLED_ITEM ( 'NONE', ( #180 ), #1171 );
#836=VERTEX_POINT ( 'NONE', #24 );
#837=EDGE_LOOP ( 'NONE', ( #1008, #1079, #1407, #1386 ) );
#838=CARTESIAN_POINT ( 'NONE',  ( -0.01968503937007873295, 0.01574803149606299191, 0.05300827407534549479 ) );
#839=CARTESIAN_POINT ( 'NONE',  ( 0.03332323470526674103, 0.0000000000000000000, -0.03332323470526675491 ) );
#840=FACE_OUTER_BOUND ( 'NONE', #998, .T. );
#841=ADVANCED_FACE ( 'NONE', ( #1142 ), #409, .T. );
#842=ORIENTED_EDGE ( 'NONE', *, *, #315, .T. );
#843=CARTESIAN_POINT ( 'NONE',  ( -0.05999863500061913824, 0.002689137272380195953, -0.1096267771646907280 ) );
#844=LINE ( 'NONE', #751, #780 );
#845=ORIENTED_EDGE ( 'NONE', *, *, #716, .F. );
#846=( GEOMETRIC_REPRESENTATION_CONTEXT ( 3 ) GLOBAL_UNCERTAINTY_ASSIGNED_CONTEXT ( ( #79 ) ) GLOBAL_UNIT_ASSIGNED_CONTEXT ( ( #30, #25, #43 ) ) REPRESENTATION_CONTEXT ( 'NONE', 'WORKASPACE' ) );
#847=PRESENTATION_LAYER_ASSIGNMENT (  '', '', ( #1417 ) );
#848=CARTESIAN_POINT ( 'NONE',  ( 0.02755905511811023237, 3.341561715009399502E-18, 0.04724409448818898266 ) );
#849=ORIENTED_EDGE ( 'NONE', *, *, #1214, .T. );
#850=STYLED_ITEM ( 'NONE', ( #46 ), #906 );
#851=DIRECTION ( 'NONE',  ( 2.506092573150480398E-16, 0.0000000000000000000, -1.000000000000000000 ) );
#852=PRESENTATION_LAYER_ASSIGNMENT (  '', '', ( #371 ) );
#853=ORIENTED_EDGE ( 'NONE', *, *, #270, .F. );
#854=AXIS2_PLACEMENT_3D ( 'NONE', #594, #15, #922 );
#855=( GEOMETRIC_REPRESENTATION_CONTEXT ( 3 ) GLOBAL_UNCERTAINTY_ASSIGNED_CONTEXT ( ( #79 ) ) GLOBAL_UNIT_ASSIGNED_CONTEXT ( ( #30, #25, #43 ) ) REPRESENTATION_CONTEXT ( 'NONE', 'WORKASPACE' ) );
#856=LINE ( 'NONE', #24, #16 );
#857=ORIENTED_EDGE ( 'NONE', *, *, #1306, .T. );
#858=EDGE_CURVE ( 'NONE', #501, #1139, #1250, .T. );
#859=ORIENTED_EDGE ( 'NONE', *, *, #347, .F. );
#860=EDGE_CURVE ( 'NONE', #496, #1121, #280, .T. );
#861=EDGE_LOOP ( 'NONE', ( #1103, #1179, #694, #1429 ) );
#862=( GEOMETRIC_REPRESENTATION_CONTEXT ( 3 ) GLOBAL_UNCERTAINTY_ASSIGNED_CONTEXT ( ( #79 ) ) GLOBAL_UNIT_ASSIGNED_CONTEXT ( ( #30, #25, #43 ) ) REPRESENTATION_CONTEXT ( 'NONE', 'WORKASPACE' ) );
#863=FACE_OUTER_BOUND ( 'NONE', #921, .T. );
#864=VERTEX_POINT ( 'NONE', #538 );
#865=MECHANICAL_DESIGN_GEOMETRIC_PRESENTATION_REPRESENTATION (  '', ( #514 ), #490 );
#866=CARTESIAN_POINT ( 'NONE',  ( 2.097328179642120405E-17, 0.1850393700787401341, 0.1712598425196850405 ) );
#867=CARTESIAN_POINT ( 'NONE',  ( 0.08759842519685039075, 0.0000000000000000000, 0.0000000000000000000 ) );
#868=ORIENTED_EDGE ( 'NONE', *, *, #309, .T. );
#869=ORIENTED_EDGE ( 'NONE', *, *, #876, .F. );
#870=ORIENTED_EDGE ( 'NONE', *, *, #570, .T. );
#871=PRESENTATION_LAYER_ASSIGNMENT (  '', '', ( #1181 ) );
#872=EDGE_CURVE ( 'NONE', #116, #1056, #138, .T. );
#873=VERTEX_POINT ( 'NONE', #307 );
#874=ADVANCED_FACE ( 'NONE', ( #1285 ), #959, .F. );
#875=ORIENTED_EDGE ( 'NONE', *, *, #202, .F. );
#876=EDGE_CURVE ( 'NONE', #1286, #1219, #667, .T. );
#877=ORIENTED_EDGE ( 'NONE', *, *, #187, .T. );
#878=CARTESIAN_POINT ( 'NONE',  ( -0.03332323470526674103, 0.01574803149606299191, 0.03937007874015747977 ) );
#879=MECHANICAL_DESIGN_GEOMETRIC_PRESENTATION_REPRESENTATION (  '', ( #595 ), #1374 );
#880=EDGE_LOOP ( 'NONE', ( #766, #643, #615, #725 ) );
#881=B_SPLINE_CURVE_WITH_KNOTS ( 'NONE', 3,( #273, #1236, #1019, #126, #120, #1045 ),.UNSPECIFIED., .F., .F.,( 4, 2, 4 ),( 0.001337344734289457656, 0.001347233961243869856, 0.001357123188198282272 ),.UNSPECIFIED. );
#882=LINE ( 'NONE', #576, #135 );
#883=FACE_OUTER_BOUND ( 'NONE', #1320, .T. );
#884=VERTEX_POINT ( 'NONE', #756 );
#885=STYLED_ITEM ( 'NONE', ( #46 ), #978 );
#886=PRESENTATION_LAYER_ASSIGNMENT (  '', '', ( #787 ) );
#887=CARTESIAN_POINT ( 'NONE',  ( -0.03332323470526674103, 0.0000000000000000000, 0.03332323470526675491 ) );
#888=FACE_OUTER_BOUND ( 'NONE', #481, .T. );
#889=PRESENTATION_LAYER_ASSIGNMENT (  '', '', ( #345 ) );
#890=PLANE ( 'NONE',  #1137 );
#891=ORIENTED_EDGE ( 'NONE', *, *, #734, .F. );
#892=CARTESIAN_POINT ( 'NONE',  ( -0.04935393064906392485, 0.0000000000000000000, 0.03332323470526676185 ) );
#893=ADVANCED_FACE ( 'NONE', ( #1175 ), #785, .T. );
#894=LINE ( 'NONE', #1304, #218 );
#895=ORIENTED_EDGE ( 'NONE', *, *, #1411, .T. );
#896=CARTESIAN_POINT ( 'NONE',  ( -0.07874015748031489015, 0.007609811288143794594, -0.1272125377283451764 ) );
#897=CARTESIAN_POINT ( 'NONE',  ( -0.04935393064906390403, 0.0000000000000000000, -0.1113727965339813969 ) );
#898=EDGE_LOOP ( 'NONE', ( #1048, #106, #1335, #255 ) );
#899=ORIENTED_EDGE ( 'NONE', *, *, #714, .F. );
#900=PRESENTATION_LAYER_ASSIGNMENT (  '', '', ( #621 ) );
#901=FACE_BOUND ( 'NONE', #1097, .T. );
#902=CARTESIAN_POINT ( 'NONE',  ( -0.02256712916365699942, 0.002882089793578255631, -0.04225216853373574971 ) );
#903=CIRCLE ( 'NONE', #828, 0.007874015748031482076 );
#904=STYLED_ITEM ( 'NONE', ( #46 ), #693 );
#905=ORIENTED_EDGE ( 'NONE', *, *, #579, .F. );
#906=ADVANCED_FACE ( 'NONE', ( #165 ), #999, .T. );
#907=EDGE_CURVE ( 'NONE', #1121, #1086, #738, .T. );
#908=ORIENTED_EDGE ( 'NONE', *, *, #1241, .F. );
#909=LINE ( 'NONE', #1134, #218 );
#910=VERTEX_POINT ( 'NONE', #200 );
#911=CARTESIAN_POINT ( 'NONE',  ( 0.01968503937007873988, 0.007874015748031495954, 0.1067444151443418116 ) );
#912=EDGE_CURVE ( 'NONE', #12, #1056, #1011, .T. );
#913=( BOUNDED_CURVE ( )  B_SPLINE_CURVE ( 3, ( #979, #1052, #523, #946 ),.UNSPECIFIED., .F., .F. )B_SPLINE_CURVE_WITH_KNOTS ( ( 4, 4 ),( 4.712388980384689674, 5.759586531581287971 ),.UNSPECIFIED. )CURVE ( )  GEOMETRIC_REPRESENTATION_ITEM ( )  RATIONAL_B_SPLINE_CURVE ( ( 1.000000000000000000, 0.9106836025229588794, 0.9106836025229588794, 1.000000000000000000 ) )REPRESENTATION_ITEM ( '' )  );
#914=VECTOR ( 'NONE', #1229, 39.37007874015748143 );
#915=EDGE_CURVE ( 'NONE', #936, #189, #616, .T. );
#916=STYLED_ITEM ( 'NONE', ( #46 ), #1427 );
#917=VECTOR ( 'NONE', #587, 39.37007874015748143 );
#918=DIRECTION ( 'NONE',  ( -2.793292772427583525E-16, -0.0000000000000000000, -1.000000000000000000 ) );
#919=EDGE_LOOP ( 'NONE', ( #166, #254, #271, #752 ) );
#920=EDGE_CURVE ( 'NONE', #1226, #1387, #703, .T. );
#921=EDGE_LOOP ( 'NONE', ( #308, #1064, #1394, #399 ) );
#922=DIRECTION ( 'NONE',  ( -1.000000000000000000, 0.0000000000000000000, -2.710505431213761085E-16 ) );
#923=EDGE_CURVE ( 'NONE', #1330, #23, #1243, .T. );
#924=CARTESIAN_POINT ( 'NONE',  ( 0.1244160735297424741, 0.004887689145527676464, 0.02140919583791701594 ) );
#925=ORIENTED_EDGE ( 'NONE', *, *, #1299, .F. );
#926=ORIENTED_EDGE ( 'NONE', *, *, #411, .T. );
#927=AXIS2_PLACEMENT_3D ( 'NONE', #2, #74, #36 );
#928=EDGE_CURVE ( 'NONE', #1440, #189, #597, .T. );
#929=PRESENTATION_LAYER_ASSIGNMENT (  '', '', ( #595 ) );
#930=PRESENTATION_STYLE_ASSIGNMENT (( #364 ) );
#931=APPLICATION_CONTEXT ( 'automotive_design' );
#932=VECTOR ( 'NONE', #1284, 39.37007874015748143 );
#933=PRESENTATION_LAYER_ASSIGNMENT (  '', '', ( #952 ) );
#934=PRESENTATION_LAYER_ASSIGNMENT (  '', '', ( #256 ) );
#935=VERTEX_POINT ( 'NONE', #283 );
#936=VERTEX_POINT ( 'NONE', #80 );
#937=EDGE_CURVE ( 'NONE', #476, #501, #478, .T. );
#938=EDGE_CURVE ( 'NONE', #462, #300, #516, .T. );
#939=STYLED_ITEM ( 'NONE', ( #46 ), #1083 );
#940=ORIENTED_EDGE ( 'NONE', *, *, #373, .T. );
#941=DIRECTION ( 'NONE',  ( 2.168404344971006896E-16, 0.0000000000000000000, 1.000000000000000000 ) );
#942=CARTESIAN_POINT ( 'NONE',  ( 0.02376434814943160709, 0.002954536662480188557, 0.1216080302397402890 ) );
#943=FACE_OUTER_BOUND ( 'NONE', #372, .T. );
#944=FACE_OUTER_BOUND ( 'NONE', #704, .T. );
#945=PLANE ( 'NONE',  #1190 );
#946=CARTESIAN_POINT ( 'NONE',  ( 0.01968503937007873295, 0.007874015748031495954, -0.03937007874015747977 ) );
#947=ORIENTED_EDGE ( 'NONE', *, *, #1082, .T. );
#948=FACE_OUTER_BOUND ( 'NONE', #898, .T. );
#949=ORIENTED_EDGE ( 'NONE', *, *, #131, .T. );
#950=PRESENTATION_LAYER_ASSIGNMENT (  '', '', ( #753 ) );
#951=EDGE_CURVE ( 'NONE', #773, #601, #894, .T. );
#952=STYLED_ITEM ( 'NONE', ( #46 ), #655 );
#953=VERTEX_POINT ( 'NONE', #1302 );
#954=ORIENTED_EDGE ( 'NONE', *, *, #980, .F. );
#955=CARTESIAN_POINT ( 'NONE',  ( -0.04330708661417325550, 0.007874015748031495954, -0.1204010132549056949 ) );
#956=LINE ( 'NONE', #1084, #218 );
#957=CARTESIAN_POINT ( 'NONE',  ( 0.03332323470526676185, 0.01574803149606299191, 0.1264294545144205584 ) );
#958=ADVANCED_FACE ( 'NONE', ( #789 ), #209, .F. );
#959=PLANE ( 'NONE',  #1256 );
#960=ORIENTED_EDGE ( 'NONE', *, *, #633, .T. );
#961=( GEOMETRIC_REPRESENTATION_CONTEXT ( 3 ) GLOBAL_UNCERTAINTY_ASSIGNED_CONTEXT ( ( #79 ) ) GLOBAL_UNIT_ASSIGNED_CONTEXT ( ( #30, #25, #43 ) ) REPRESENTATION_CONTEXT ( 'NONE', 'WORKASPACE' ) );
#962=EDGE_CURVE ( 'NONE', #601, #177, #758, .T. );
#963=FACE_OUTER_BOUND ( 'NONE', #429, .T. );
#964=ORIENTED_EDGE ( 'NONE', *, *, #322, .T. );
#965=( BOUNDED_CURVE ( )  B_SPLINE_CURVE ( 3, ( #127, #1038, #1249, #892 ),.UNSPECIFIED., .F., .T. )B_SPLINE_CURVE_WITH_KNOTS ( ( 4, 4 ),( 0.5235987755982994818, 1.570796326794897002 ),.UNSPECIFIED. )CURVE ( )  GEOMETRIC_REPRESENTATION_ITEM ( )  RATIONAL_B_SPLINE_CURVE ( ( 1.000000000000000000, 0.9106836025229592124, 0.9106836025229592124, 1.000000000000000000 ) )REPRESENTATION_ITEM ( '' )  );
#966=CARTESIAN_POINT ( 'NONE',  ( 0.02755905511811023237, -9.269507750910125476E-19, -0.09887039939631031560 ) );
#967=PRESENTATION_LAYER_ASSIGNMENT (  '', '', ( #564 ) );
#968=ORIENTED_EDGE ( 'NONE', *, *, #938, .T. );
#969=EDGE_LOOP ( 'NONE', ( #817, #195, #1355, #624 ) );
#970=LINE ( 'NONE', #307, #59 );
#971=EDGE_LOOP ( 'NONE', ( #507, #1232, #152, #362 ) );
#972=STYLED_ITEM ( 'NONE', ( #46 ), #489 );
#973=LINE ( 'NONE', #328, #135 );
#974=ORIENTED_EDGE ( 'NONE', *, *, #191, .F. );
#975=PRESENTATION_LAYER_ASSIGNMENT (  '', '', ( #141 ) );
#976=EDGE_LOOP ( 'NONE', ( #582, #891, #705, #1322 ) );
#977=STYLED_ITEM ( 'NONE', ( #46 ), #841 );
#978=ADVANCED_FACE ( 'NONE', ( #717 ), #147, .T. );
#979=CARTESIAN_POINT ( 'NONE',  ( 0.03332323470526674797, 0.0000000000000000000, -0.05300827407534549479 ) );
#980=EDGE_CURVE ( 'NONE', #1286, #1280, #1037, .T. );
#981=VERTEX_POINT ( 'NONE', #483 );
#982=ORIENTED_EDGE ( 'NONE', *, *, #1104, .F. );
#983=EDGE_LOOP ( 'NONE', ( #435, #1071, #652, #1351 ) );
#984=ORIENTED_EDGE ( 'NONE', *, *, #1251, .F. );
#985=MECHANICAL_DESIGN_GEOMETRIC_PRESENTATION_REPRESENTATION (  '', ( #421 ), #498 );
#986=MECHANICAL_DESIGN_GEOMETRIC_PRESENTATION_REPRESENTATION (  '', ( #699 ), #77 );
#987=CARTESIAN_POINT ( 'NONE',  ( 0.0000000000000000000, 0.1771653543307086798, -0.1909448818897638012 ) );
#988=CARTESIAN_POINT ( 'NONE',  ( -0.04330708661417328326, 0.007739705604349823159, -0.1203186055746891109 ) );
#989=EDGE_LOOP ( 'NONE', ( #1133, #746 ) );
#990=ORIENTED_EDGE ( 'NONE', *, *, #1009, .F. );
#991=CARTESIAN_POINT ( 'NONE',  ( 0.1125194221171509357, -2.250973383451388219E-19, -0.03097423203251988347 ) );
#992=PRESENTATION_LAYER_ASSIGNMENT (  '', '', ( #406 ) );
#993=STYLED_ITEM ( 'NONE', ( #180 ), #571 );
#994=FACE_OUTER_BOUND ( 'NONE', #517, .T. );
#995=PRESENTATION_LAYER_ASSIGNMENT (  '', '', ( #534 ) );
#996=ADVANCED_FACE ( 'NONE', ( #604, #397 ), #380, .T. );
#997=LINE ( 'NONE', #1310, #16 );
#998=EDGE_LOOP ( 'NONE', ( #94, #895, #357, #1126 ) );
#999=TOROIDAL_SURFACE ( 'NONE', #314, 0.1830708661417322636, 0.007874015748031495954 );
#1000=CARTESIAN_POINT ( 'NONE',  ( 0.08759842519685037687, 0.0000000000000000000, 0.05826771653543307006 ) );
#1001=PLANE ( 'NONE',  #1029 );
#1002=PRESENTATION_LAYER_ASSIGNMENT (  '', '', ( #1443 ) );
#1003=STYLED_ITEM ( 'NONE', ( #46 ), #1390 );
#1004=EDGE_LOOP ( 'NONE', ( #293, #350 ) );
#1005=AXIS2_PLACEMENT_3D ( 'NONE', #763, #6, #4 );
#1006=CARTESIAN_POINT ( 'NONE',  ( -0.02755905511811029135, 0.007740673996711795561, -0.1248707795306253365 ) );
#1007=ORIENTED_EDGE ( 'NONE', *, *, #1035, .T. );
#1008=ORIENTED_EDGE ( 'NONE', *, *, #1392, .T. );
#1009=EDGE_CURVE ( 'NONE', #300, #23, #410, .T. );
#1010=PRODUCT_RELATED_PRODUCT_CATEGORY ( 'part', '', ( #1119 ) );
#1011=LINE ( 'NONE', #486, #434 );
#1012=EDGE_CURVE ( 'NONE', #559, #1286, #657, .T. );
#1013=EDGE_LOOP ( 'NONE', ( #1131, #324, #573, #569 ) );
#1014=ORIENTED_EDGE ( 'NONE', *, *, #232, .F. );
#1015=ORIENTED_EDGE ( 'NONE', *, *, #250, .T. );
#1016=PRESENTATION_LAYER_ASSIGNMENT (  '', '', ( #1209 ) );
#1017=EDGE_CURVE ( 'NONE', #720, #1230, #1422, .T. );
#1018=EDGE_CURVE ( 'NONE', #910, #935, #956, .T. );
#1019=CARTESIAN_POINT ( 'NONE',  ( -0.07874015748031493178, 0.007348155308532863632, 0.1272279886831062246 ) );
#1020=CARTESIAN_POINT ( 'NONE',  ( 0.03332323470526674103, 0.01574803149606299191, -0.01968503937007873988 ) );
#1021=AXIS2_PLACEMENT_3D ( 'NONE', #724, #74, #4 );
#1022=ORIENTED_EDGE ( 'NONE', *, *, #1127, .F. );
#1023=ADVANCED_FACE ( 'NONE', ( #1067 ), #326, .T. );
#1024=ORIENTED_EDGE ( 'NONE', *, *, #1055, .T. );
#1025=ORIENTED_EDGE ( 'NONE', *, *, #574, .T. );
#1026=CARTESIAN_POINT ( 'NONE',  ( 0.1264294545144205584, 0.007874015748031495954, -0.01968503937007873988 ) );
#1027=MECHANICAL_DESIGN_GEOMETRIC_PRESENTATION_REPRESENTATION (  '', ( #367 ), #961 );
#1028=FILL_AREA_STYLE ('',( #484 ) );
#1029=AXIS2_PLACEMENT_3D ( 'NONE', #298, #4, #212 );
#1030=CARTESIAN_POINT ( 'NONE',  ( 0.1215771028671740611, 0.002932670448321509325, 0.02379020674108007355 ) );
#1031=ORIENTED_EDGE ( 'NONE', *, *, #1411, .F. );
#1032=VECTOR ( 'NONE', #52, 39.37007874015748143 );
#1033=ORIENTED_EDGE ( 'NONE', *, *, #215, .T. );
#1034=ORIENTED_EDGE ( 'NONE', *, *, #675, .F. );
#1035=EDGE_CURVE ( 'NONE', #936, #864, #1359, .T. );
#1036=DIRECTION ( 'NONE',  ( 2.168404344971008868E-16, 0.0000000000000000000, -1.000000000000000000 ) );
#1037=LINE ( 'NONE', #194, #135 );
#1038=CARTESIAN_POINT ( 'NONE',  ( -0.06011003619067366993, 0.002882089793578253029, 0.02256712916365700636 ) );
#1039=VERTEX_POINT ( 'NONE', #649 );
#1040=LINE ( 'NONE', #584, #1413 );
#1041=ORIENTED_EDGE ( 'NONE', *, *, #465, .T. );
#1042=ORIENTED_EDGE ( 'NONE', *, *, #71, .T. );
#1043=MECHANICAL_DESIGN_GEOMETRIC_PRESENTATION_REPRESENTATION (  '', ( #641 ), #729 );
#1044=FACE_OUTER_BOUND ( 'NONE', #433, .T. );
#1045=CARTESIAN_POINT ( 'NONE',  ( -0.07874015748031491790, 0.007874015748031495954, 0.1272086174913662493 ) );
#1046=AXIS2_PLACEMENT_3D ( 'NONE', #49, #95, #4 );
#1047=PRESENTATION_LAYER_ASSIGNMENT (  '', '', ( #977 ) );
#1048=ORIENTED_EDGE ( 'NONE', *, *, #1258, .T. );
#1049=ADVANCED_FACE ( 'NONE', ( #1076 ), #45, .T. );
#1050=AXIS2_PLACEMENT_3D ( 'NONE', #1221, #1292, #811 );
#1051=( GEOMETRIC_REPRESENTATION_CONTEXT ( 3 ) GLOBAL_UNCERTAINTY_ASSIGNED_CONTEXT ( ( #79 ) ) GLOBAL_UNIT_ASSIGNED_CONTEXT ( ( #30, #25, #43 ) ) REPRESENTATION_CONTEXT ( 'NONE', 'WORKASPACE' ) );
#1052=CARTESIAN_POINT ( 'NONE',  ( 0.02755905511811023237, 3.209649877932149728E-18, -0.04724409448818898266 ) );
#1053=ORIENTED_EDGE ( 'NONE', *, *, #1018, .T. );
#1054=CARTESIAN_POINT ( 'NONE',  ( -0.07874015748031484851, 0.007346915391612965016, -0.1272280928203561312 ) );
#1055=EDGE_CURVE ( 'NONE', #222, #496, #280, .T. );
#1056=VERTEX_POINT ( 'NONE', #543 );
#1057=CARTESIAN_POINT ( 'NONE',  ( -0.04935393064906389710, 0.01574803149606299191, 0.1113727965339813969 ) );
#1058=EDGE_LOOP ( 'NONE', ( #1211, #157, #303, #1354 ) );
#1059=EDGE_CURVE ( 'NONE', #981, #873, #609, .T. );
#1060=CARTESIAN_POINT ( 'NONE',  ( -0.02755905511811029482, 0.007874015748031495954, -0.1220061030743559705 ) );
#1061=CARTESIAN_POINT ( 'NONE',  ( 0.02142729532779620236, 0.004856339909475292267, 0.1243949378791072979 ) );
#1062=ADVANCED_FACE ( 'NONE', ( #588 ), #477, .T. );
#1063=ORIENTED_EDGE ( 'NONE', *, *, #121, .T. );
#1064=ORIENTED_EDGE ( 'NONE', *, *, #368, .F. );
#1065=CARTESIAN_POINT ( 'NONE',  ( 0.08759842519685037687, 0.0000000000000000000, 0.0000000000000000000 ) );
#1066=FACE_OUTER_BOUND ( 'NONE', #353, .T. );
#1067=FACE_OUTER_BOUND ( 'NONE', #739, .T. );
#1068=ORIENTED_EDGE ( 'NONE', *, *, #633, .F. );
#1069=MECHANICAL_DESIGN_GEOMETRIC_PRESENTATION_REPRESENTATION (  '', ( #850 ), #471 );
#1070=CARTESIAN_POINT ( 'NONE',  ( 1.928577636452524301E-17, 0.007874015748031495954, -0.1574803149606298913 ) );
#1071=ORIENTED_EDGE ( 'NONE', *, *, #411, .F. );
#1072=AXIS2_PLACEMENT_3D ( 'NONE', #1020, #4, #212 );
#1073=ADVANCED_FACE ( 'NONE', ( #1312 ), #333, .T. );
#1074=CARTESIAN_POINT ( 'NONE',  ( -0.02755905511811023584, 3.341561715009400657E-18, 0.04724409448818898266 ) );
#1075=CIRCLE ( 'NONE', #103, 0.007874015748031482076 );
#1076=FACE_OUTER_BOUND ( 'NONE', #813, .T. );
#1077=ORIENTED_EDGE ( 'NONE', *, *, #182, .T. );
#1078=DIRECTION ( 'NONE',  ( 1.224646799147353700E-16, 0.0000000000000000000, -1.000000000000000000 ) );
#1079=ORIENTED_EDGE ( 'NONE', *, *, #1420, .F. );
#1080=CARTESIAN_POINT ( 'NONE',  ( -0.04330708661417328326, 0.007214650371117704679, -0.1199740588188692725 ) );
#1081=CARTESIAN_POINT ( 'NONE',  ( 0.08759842519685039075, 0.0000000000000000000, -0.05826771653543305618 ) );
#1082=EDGE_CURVE ( 'NONE', #559, #476, #395, .T. );
#1083=ADVANCED_FACE ( 'NONE', ( #381 ), #266, .T. );
#1084=CARTESIAN_POINT ( 'NONE',  ( -0.06299212598425193987, 0.0000000000000000000, -0.03332323470526675491 ) );
#1085=STYLED_ITEM ( 'NONE', ( #46 ), #119 );
#1086=VERTEX_POINT ( 'NONE', #1234 );
#1087=CARTESIAN_POINT ( 'NONE',  ( 0.06988188976377952832, 0.0000000000000000000, 0.0000000000000000000 ) );
#1088=ORIENTED_EDGE ( 'NONE', *, *, #1106, .F. );
#1089=VERTEX_POINT ( 'NONE', #257 );
#1090=ORIENTED_EDGE ( 'NONE', *, *, #1420, .T. );
#1091=LINE ( 'NONE', #1099, #223 );
#1092=CARTESIAN_POINT ( 'NONE',  ( 0.06988188976377955608, 0.0000000000000000000, 0.0000000000000000000 ) );
#1093=CIRCLE ( 'NONE', #777, 0.1830708661417322636 );
#1094=CARTESIAN_POINT ( 'NONE',  ( 1.880363195541211525E-17, 0.007874015748031495954, -0.1496062992125983815 ) );
#1095=PRESENTATION_LAYER_ASSIGNMENT (  '', '', ( #647 ) );
#1096=ORIENTED_EDGE ( 'NONE', *, *, #1315, .F. );
#1097=EDGE_LOOP ( 'NONE', ( #1346, #531, #1329, #1334 ) );
#1098=STYLED_ITEM ( 'NONE', ( #46 ), #1062 );
#1099=CARTESIAN_POINT ( 'NONE',  ( 0.1264294545144205584, 0.0000000000000000000, 0.03332323470526675491 ) );
#1100=CARTESIAN_POINT ( 'NONE',  ( -0.01968503937007873295, 0.0000000000000000000, 0.03332323470526675491 ) );
#1101=CARTESIAN_POINT ( 'NONE',  ( -0.06299212598425191212, 0.007874015748031495954, 0.1113727965339813969 ) );
#1102=CARTESIAN_POINT ( 'NONE',  ( -0.02848631843032985861, 0.0005279628823810372535, -0.1157334488741457307 ) );
#1103=ORIENTED_EDGE ( 'NONE', *, *, #309, .F. );
#1104=EDGE_CURVE ( 'NONE', #836, #559, #518, .T. );
#1105=LINE ( 'NONE', #298, #59 );
#1106=EDGE_CURVE ( 'NONE', #1437, #108, #168, .T. );
#1107=CARTESIAN_POINT ( 'NONE',  ( -0.03332323470526676185, 0.01574803149606299191, 0.1264294545144205584 ) );
#1108=AXIS2_PLACEMENT_3D ( 'NONE', #1144, #212, #36 );
#1109=CARTESIAN_POINT ( 'NONE',  ( -0.04330708661417325550, 0.007086614173228347226, -0.1198844073110124642 ) );
#1110=EDGE_LOOP ( 'NONE', ( #744, #1033, #216, #637 ) );
#1111=VERTEX_POINT ( 'NONE', #1026 );
#1112=STYLED_ITEM ( 'NONE', ( #46 ), #522 );
#1113=MECHANICAL_DESIGN_GEOMETRIC_PRESENTATION_REPRESENTATION (  '', ( #993 ), #575 );
#1114=AXIS2_PLACEMENT_3D ( 'NONE', #1107, #796, #95 );
#1115=ORIENTED_EDGE ( 'NONE', *, *, #131, .F. );
#1116=CARTESIAN_POINT ( 'NONE',  ( -0.07874015748031486239, 0.007742289793733666756, -0.1272086174913662215 ) );
#1117=VERTEX_POINT ( 'NONE', #762 );
#1118=ORIENTED_EDGE ( 'NONE', *, *, #1347, .T. );
#1119=PRODUCT ( 'CUI_DEVICES_CMA-4544PF-W', 'CUI_DEVICES_CMA-4544PF-W', '', ( #1438 ) );
#1120=LINE ( 'NONE', #268, #135 );
#1121=VERTEX_POINT ( 'NONE', #172 );
#1122=CARTESIAN_POINT ( 'NONE',  ( 0.0000000000000000000, 0.1771653543307086798, 0.1830708661417322636 ) );
#1123=B_SPLINE_CURVE_WITH_KNOTS ( 'NONE', 3,( #204, #991, #786, #348, #793, #1026 ),.UNSPECIFIED., .F., .F.,( 4, 2, 4 ),( -4.089803880584687250E-06, 0.0002965306214454719951, 0.0005971510467715286825 ),.UNSPECIFIED. );
#1124=CARTESIAN_POINT ( 'NONE',  ( -0.02755905511811022543, 0.007217037967138219268, -0.1470728780699965543 ) );
#1125=ORIENTED_EDGE ( 'NONE', *, *, #389, .T. );
#1126=ORIENTED_EDGE ( 'NONE', *, *, #1180, .T. );
#1127=EDGE_CURVE ( 'NONE', #602, #936, #160, .T. );
#1128=EDGE_CURVE ( 'NONE', #864, #1263, #1264, .T. );
#1129=ADVANCED_FACE ( 'NONE', ( #1269 ), #409, .T. );
#1130=CARTESIAN_POINT ( 'NONE',  ( -0.07874015748031491790, 0.007874015748031495954, 0.1363819533518801086 ) );
#1131=ORIENTED_EDGE ( 'NONE', *, *, #755, .F. );
#1132=MECHANICAL_DESIGN_GEOMETRIC_PRESENTATION_REPRESENTATION (  '', ( #113 ), #862 );
#1133=ORIENTED_EDGE ( 'NONE', *, *, #675, .T. );
#1134=CARTESIAN_POINT ( 'NONE',  ( 0.0000000000000000000, 0.0000000000000000000, -0.05826771653543305618 ) );
#1135=EDGE_LOOP ( 'NONE', ( #908, #553 ) );
#1136=( GEOMETRIC_REPRESENTATION_CONTEXT ( 3 ) GLOBAL_UNCERTAINTY_ASSIGNED_CONTEXT ( ( #79 ) ) GLOBAL_UNIT_ASSIGNED_CONTEXT ( ( #30, #25, #43 ) ) REPRESENTATION_CONTEXT ( 'NONE', 'WORKASPACE' ) );
#1137=AXIS2_PLACEMENT_3D ( 'NONE', #576, #212, #36 );
#1138=CARTESIAN_POINT ( 'NONE',  ( 0.03332323470526674103, 0.0000000000000000000, -0.03937007874015747977 ) );
#1139=VERTEX_POINT ( 'NONE', #1081 );
#1140=VERTEX_POINT ( 'NONE', #741 );
#1141=LINE ( 'NONE', #24, #135 );
#1142=FACE_OUTER_BOUND ( 'NONE', #1058, .T. );
#1143=ORIENTED_EDGE ( 'NONE', *, *, #276, .F. );
#1144=CARTESIAN_POINT ( 'NONE',  ( 0.01968503937007873295, 0.01574803149606299191, -0.03332323470526675491 ) );
#1145=ORIENTED_EDGE ( 'NONE', *, *, #570, .F. );
#1146=EDGE_CURVE ( 'NONE', #222, #884, #1373, .T. );
#1147=CYLINDRICAL_SURFACE ( 'NONE', #1108, 0.01574803149606299191 );
#1148=ORIENTED_EDGE ( 'NONE', *, *, #290, .T. );
#1149=CARTESIAN_POINT ( 'NONE',  ( 0.06988188976377955608, 0.0000000000000000000, 0.05826771653543307006 ) );
#1150=STYLED_ITEM ( 'NONE', ( #46 ), #695 );
#1151=CARTESIAN_POINT ( 'NONE',  ( -0.01968503937007873295, 0.01574803149606299191, -0.05300827407534549479 ) );
#1152=EDGE_LOOP ( 'NONE', ( #1441, #1267, #702, #1283 ) );
#1153=EDGE_CURVE ( 'NONE', #1089, #1437, #1365, .T. );
#1154=ADVANCED_FACE ( 'NONE', ( #312, #1183 ), #183, .F. );
#1155=CARTESIAN_POINT ( 'NONE',  ( 0.06988188976377952832, 0.0000000000000000000, -0.04173228346456696325 ) );
#1156=AXIS2_PLACEMENT_3D ( 'NONE', #878, #36, #95 );
#1157=CARTESIAN_POINT ( 'NONE',  ( 2.097328179642120405E-17, 0.1771653543307086798, 0.1712598425196850405 ) );
#1158=ORIENTED_EDGE ( 'NONE', *, *, #347, .T. );
#1159=EDGE_CURVE ( 'NONE', #494, #1164, #400, .T. );
#1160=CARTESIAN_POINT ( 'NONE',  ( -0.01968503937007873641, 0.0000000000000000000, 0.09310621980915377571 ) );
#1161=ADVANCED_FACE ( 'NONE', ( #325 ), #1332, .T. );
#1162=ORIENTED_EDGE ( 'NONE', *, *, #1392, .F. );
#1163=PLANE ( 'NONE',  #355 );
#1164=VERTEX_POINT ( 'NONE', #133 );
#1165=LINE ( 'NONE', #336, #434 );
#1166=CARTESIAN_POINT ( 'NONE',  ( -0.05999863500061913130, 0.002689137272380195086, 0.1096267771646907557 ) );
#1167=( GEOMETRIC_REPRESENTATION_CONTEXT ( 3 ) GLOBAL_UNCERTAINTY_ASSIGNED_CONTEXT ( ( #79 ) ) GLOBAL_UNIT_ASSIGNED_CONTEXT ( ( #30, #25, #43 ) ) REPRESENTATION_CONTEXT ( 'NONE', 'WORKASPACE' ) );
#1168=ORIENTED_EDGE ( 'NONE', *, *, #111, .T. );
#1169=MECHANICAL_DESIGN_GEOMETRIC_PRESENTATION_REPRESENTATION (  '', ( #406 ), #533 );
#1170=STYLED_ITEM ( 'NONE', ( #46 ), #610 );
#1171=ADVANCED_FACE ( 'NONE', ( #1044 ), #706, .T. );
#1172=PLANE ( 'NONE',  #383 );
#1173=VERTEX_POINT ( 'NONE', #245 );
#1174=LINE ( 'NONE', #5, #223 );
#1175=FACE_OUTER_BOUND ( 'NONE', #495, .T. );
#1176=ORIENTED_EDGE ( 'NONE', *, *, #1153, .F. );
#1177=EDGE_CURVE ( 'NONE', #656, #1387, #881, .T. );
#1178=LINE ( 'NONE', #401, #59 );
#1179=ORIENTED_EDGE ( 'NONE', *, *, #1009, .T. );
#1180=EDGE_CURVE ( 'NONE', #181, #1412, #1174, .T. );
#1181=STYLED_ITEM ( 'NONE', ( #46 ), #1356 );
#1182=ORIENTED_EDGE ( 'NONE', *, *, #187, .F. );
#1183=FACE_OUTER_BOUND ( 'NONE', #989, .T. );
#1184=CIRCLE ( 'NONE', #710, 0.1909448818897638012 );
#1185=CARTESIAN_POINT ( 'NONE',  ( 0.01968503937007873295, 0.0000000000000000000, 0.05300827407534549479 ) );
#1186=ORIENTED_EDGE ( 'NONE', *, *, #1104, .T. );
#1187=ORIENTED_EDGE ( 'NONE', *, *, #912, .F. );
#1188=B_SPLINE_CURVE_WITH_KNOTS ( 'NONE', 3,( #955, #988, #761, #64, #1080, #1109 ),.UNSPECIFIED., .F., .F.,( 4, 2, 4 ),( 0.002599499430094077447, 0.002611321151155779081, 0.002623142872217480714 ),.UNSPECIFIED. );
#1189=ORIENTED_EDGE ( 'NONE', *, *, #681, .F. );
#1190=AXIS2_PLACEMENT_3D ( 'NONE', #291, #1344, #851 );
#1191=STYLED_ITEM ( 'NONE', ( #46 ), #563 );
#1192=( GEOMETRIC_REPRESENTATION_CONTEXT ( 3 ) GLOBAL_UNCERTAINTY_ASSIGNED_CONTEXT ( ( #79 ) ) GLOBAL_UNIT_ASSIGNED_CONTEXT ( ( #30, #25, #43 ) ) REPRESENTATION_CONTEXT ( 'NONE', 'WORKASPACE' ) );
#1193=EDGE_LOOP ( 'NONE', ( #1024, #282, #949, #630, #1208, #447, #875, #1176, #1369, #687, #28, #1206, #1298, #524, #709, #1414, #794, #1182, #1421 ) );
#1194=AXIS2_PLACEMENT_3D ( 'NONE', #49, #4, #212 );
#1195=VERTEX_POINT ( 'NONE', #526 );
#1196=ADVANCED_FACE ( 'NONE', ( #948 ), #1366, .T. );
#1197=PRESENTATION_LAYER_ASSIGNMENT (  '', '', ( #850 ) );
#1198=EDGE_CURVE ( 'NONE', #311, #590, #297, .T. );
#1199=ORIENTED_EDGE ( 'NONE', *, *, #1177, .T. );
#1200=PRESENTATION_LAYER_ASSIGNMENT (  '', '', ( #1343 ) );
#1201=EDGE_CURVE ( 'NONE', #494, #544, #541, .T. );
#1202=MECHANICAL_DESIGN_GEOMETRIC_PRESENTATION_REPRESENTATION (  '', ( #564 ), #1325 );
#1203=CYLINDRICAL_SURFACE ( 'NONE', #423, 0.01574803149606299191 );
#1204=CARTESIAN_POINT ( 'NONE',  ( 0.0000000000000000000, 0.1771653543307086798, -0.1712598425196850405 ) );
#1205=LINE ( 'NONE', #210, #474 );
#1206=ORIENTED_EDGE ( 'NONE', *, *, #215, .F. );
#1207=FACE_OUTER_BOUND ( 'NONE', #198, .T. );
#1208=ORIENTED_EDGE ( 'NONE', *, *, #670, .T. );
#1209=STYLED_ITEM ( 'NONE', ( #46 ), #467 );
#1210=CARTESIAN_POINT ( 'NONE',  ( -0.02755905511811028788, 0.007345211836505677154, -0.1246235450767720493 ) );
#1211=ORIENTED_EDGE ( 'NONE', *, *, #804, .T. );
#1212=PRESENTATION_LAYER_ASSIGNMENT (  '', '', ( #1150 ) );
#1213=EDGE_LOOP ( 'NONE', ( #1362, #1186, #608, #1402 ) );
#1214=EDGE_CURVE ( 'NONE', #654, #494, #1276, .T. );
#1215=FACE_OUTER_BOUND ( 'NONE', #557, .T. );
#1216=ORIENTED_EDGE ( 'NONE', *, *, #1035, .F. );
#1217=B_SPLINE_CURVE_WITH_KNOTS ( 'NONE', 3,( #145, #1428, #151, #1030, #924, #61 ),.UNSPECIFIED., .F., .F.,( 4, 2, 4 ),( -4.089803880584687250E-06, 0.0002965306214454719951, 0.0005971510467715286825 ),.UNSPECIFIED. );
#1218=EDGE_CURVE ( 'NONE', #1415, #981, #174, .T. );
#1219=VERTEX_POINT ( 'NONE', #328 );
#1220=AXIS2_PLACEMENT_3D ( 'NONE', #1444, #4, #212 );
#1221=CARTESIAN_POINT ( 'NONE',  ( -0.01968503937007873641, 0.01574803149606299191, 0.09310621980915377571 ) );
#1222=MECHANICAL_DESIGN_GEOMETRIC_PRESENTATION_REPRESENTATION (  '', ( #1443 ), #562 );
#1223=( GEOMETRIC_REPRESENTATION_CONTEXT ( 3 ) GLOBAL_UNCERTAINTY_ASSIGNED_CONTEXT ( ( #79 ) ) GLOBAL_UNIT_ASSIGNED_CONTEXT ( ( #30, #25, #43 ) ) REPRESENTATION_CONTEXT ( 'NONE', 'WORKASPACE' ) );
#1224=STYLED_ITEM ( 'NONE', ( #46 ), #1154 );
#1225=ORIENTED_EDGE ( 'NONE', *, *, #1406, .F. );
#1226=VERTEX_POINT ( 'NONE', #1358 );
#1227=ORIENTED_EDGE ( 'NONE', *, *, #938, .F. );
#1228=EDGE_CURVE ( 'NONE', #1219, #836, #856, .T. );
#1229=DIRECTION ( 'NONE',  ( -0.0000000000000000000, -0.0000000000000000000, -1.000000000000000000 ) );
#1230=VERTEX_POINT ( 'NONE', #1109 );
#1231=PRESENTATION_LAYER_ASSIGNMENT (  '', '', ( #1085 ) );
#1232=ORIENTED_EDGE ( 'NONE', *, *, #71, .F. );
#1233=ORIENTED_EDGE ( 'NONE', *, *, #419, .T. );
#1234=CARTESIAN_POINT ( 'NONE',  ( 0.0000000000000000000, 0.0000000000000000000, 0.1574803149606298913 ) );
#1235=PRESENTATION_LAYER_ASSIGNMENT (  '', '', ( #514 ) );
#1236=CARTESIAN_POINT ( 'NONE',  ( -0.07874015748031489015, 0.007217054225266565474, 0.1272396170755722977 ) );
#1237=AXIS2_PLACEMENT_3D ( 'NONE', #5, #36, #95 );
#1238=LINE ( 'NONE', #1138, #914 );
#1239=ORIENTED_EDGE ( 'NONE', *, *, #663, .F. );
#1240=ORIENTED_EDGE ( 'NONE', *, *, #202, .T. );
#1241=EDGE_CURVE ( 'NONE', #1195, #825, #565, .T. );
#1242=APPLICATION_PROTOCOL_DEFINITION ( 'draft international standard', 'automotive_design', 1998, #931 );
#1243=CIRCLE ( 'NONE', #355, 0.1712598425196850405 );
#1244=ADVANCED_FACE ( 'NONE', ( #1066, #547 ), #326, .T. );
#1245=( GEOMETRIC_REPRESENTATION_CONTEXT ( 3 ) GLOBAL_UNCERTAINTY_ASSIGNED_CONTEXT ( ( #79 ) ) GLOBAL_UNIT_ASSIGNED_CONTEXT ( ( #30, #25, #43 ) ) REPRESENTATION_CONTEXT ( 'NONE', 'WORKASPACE' ) );
#1246=( GEOMETRIC_REPRESENTATION_CONTEXT ( 3 ) GLOBAL_UNCERTAINTY_ASSIGNED_CONTEXT ( ( #79 ) ) GLOBAL_UNIT_ASSIGNED_CONTEXT ( ( #30, #25, #43 ) ) REPRESENTATION_CONTEXT ( 'NONE', 'WORKASPACE' ) );
#1247=VERTEX_POINT ( 'NONE', #946 );
#1248=ORIENTED_EDGE ( 'NONE', *, *, #1260, .T. );
#1249=CARTESIAN_POINT ( 'NONE',  ( -0.05511811023622043698, -9.269507750910111995E-19, 0.02755905511811024972 ) );
#1250=LINE ( 'NONE', #867, #253 );
#1251=EDGE_CURVE ( 'NONE', #1039, #75, #1075, .T. );
#1252=EDGE_LOOP ( 'NONE', ( #246, #1014 ) );
#1253=EDGE_CURVE ( 'NONE', #169, #720, #354, .T. );
#1254=CARTESIAN_POINT ( 'NONE',  ( 0.02755905511811023584, 3.209649877932150883E-18, -0.02755905511811023584 ) );
#1255=VECTOR ( 'NONE', #219, 39.37007874015748143 );
#1256=AXIS2_PLACEMENT_3D ( 'NONE', #298, #95, #4 );
#1257=EDGE_CURVE ( 'NONE', #1140, #236, #1184, .T. );
#1258=EDGE_CURVE ( 'NONE', #910, #234, #244, .T. );
#1259=VERTEX_POINT ( 'NONE', #145 );
#1260=EDGE_CURVE ( 'NONE', #416, #1259, #1091, .T. );
#1261=CARTESIAN_POINT ( 'NONE',  ( 0.03095025761740371681, -1.350584030070832739E-18, 0.1125517721512984542 ) );
#1262=AXIS2_PLACEMENT_3D ( 'NONE', #763, #74, #4 );
#1263=VERTEX_POINT ( 'NONE', #689 );
#1264=( BOUNDED_CURVE ( )  B_SPLINE_CURVE ( 3, ( #538, #296, #1074, #689 ),.UNSPECIFIED., .F., .F. )B_SPLINE_CURVE_WITH_KNOTS ( ( 4, 4 ),( 0.5235987755982993708, 1.570796326794896780 ),.UNSPECIFIED. )CURVE ( )  GEOMETRIC_REPRESENTATION_ITEM ( )  RATIONAL_B_SPLINE_CURVE ( ( 1.000000000000000000, 0.9106836025229592124, 0.9106836025229592124, 1.000000000000000000 ) )REPRESENTATION_ITEM ( '' )  );
#1265=VERTEX_POINT ( 'NONE', #1000 );
#1266=EDGE_LOOP ( 'NONE', ( #578, #954, #292, #947 ) );
#1267=ORIENTED_EDGE ( 'NONE', *, *, #237, .F. );
#1268=ORIENTED_EDGE ( 'NONE', *, *, #858, .T. );
#1269=FACE_OUTER_BOUND ( 'NONE', #971, .T. );
#1270=( GEOMETRIC_REPRESENTATION_CONTEXT ( 3 ) GLOBAL_UNCERTAINTY_ASSIGNED_CONTEXT ( ( #79 ) ) GLOBAL_UNIT_ASSIGNED_CONTEXT ( ( #30, #25, #43 ) ) REPRESENTATION_CONTEXT ( 'NONE', 'WORKASPACE' ) );
#1271=ORIENTED_EDGE ( 'NONE', *, *, #769, .T. );
#1272=( GEOMETRIC_REPRESENTATION_CONTEXT ( 3 ) GLOBAL_UNCERTAINTY_ASSIGNED_CONTEXT ( ( #79 ) ) GLOBAL_UNIT_ASSIGNED_CONTEXT ( ( #30, #25, #43 ) ) REPRESENTATION_CONTEXT ( 'NONE', 'WORKASPACE' ) );
#1273=ORIENTED_EDGE ( 'NONE', *, *, #432, .T. );
#1274=LINE ( 'NONE', #402, #253 );
#1275=ORIENTED_EDGE ( 'NONE', *, *, #528, .F. );
#1276=LINE ( 'NONE', #1160, #396 );
#1277=ORIENTED_EDGE ( 'NONE', *, *, #1253, .T. );
#1278=EDGE_CURVE ( 'NONE', #116, #99, #104, .T. );
#1279=LINE ( 'NONE', #491, #1255 );
#1280=VERTEX_POINT ( 'NONE', #92 );
#1281=AXIS2_PLACEMENT_3D ( 'NONE', #2, #302, #4 );
#1282=LINE ( 'NONE', #5, #135 );
#1283=ORIENTED_EDGE ( 'NONE', *, *, #1278, .T. );
#1284=DIRECTION ( 'NONE',  ( -2.168404344971008621E-16, -0.0000000000000000000, -1.000000000000000000 ) );
#1285=FACE_OUTER_BOUND ( 'NONE', #646, .T. );
#1286=VERTEX_POINT ( 'NONE', #194 );
#1287=EDGE_CURVE ( 'NONE', #382, #544, #356, .T. );
#1288=CARTESIAN_POINT ( 'NONE',  ( 0.01968503937007875376, 0.0000000000000000000, -0.09310621980915381735 ) );
#1289=ORIENTED_EDGE ( 'NONE', *, *, #1395, .T. );
#1290=ORIENTED_EDGE ( 'NONE', *, *, #915, .F. );
#1291=CARTESIAN_POINT ( 'NONE',  ( 2.241971502376059658E-17, 0.007874015748031482076, -0.1830708661417322636 ) );
#1292=DIRECTION ( 'NONE',  ( -1.000000000000000000, 0.0000000000000000000, -4.336808689942017736E-16 ) );
#1293=AXIS2_PLACEMENT_3D ( 'NONE', #475, #212, #36 );
#1294=EDGE_CURVE ( 'NONE', #236, #75, #78, .T. );
#1295=PLANE ( 'NONE',  #1194 );
#1296=EDGE_CURVE ( 'NONE', #773, #1111, #1123, .T. );
#1297=MECHANICAL_DESIGN_GEOMETRIC_PRESENTATION_REPRESENTATION (  '', ( #691 ), #20 );
#1298=ORIENTED_EDGE ( 'NONE', *, *, #574, .F. );
#1299=EDGE_CURVE ( 'NONE', #1195, #242, #1389, .T. );
#1300=CARTESIAN_POINT ( 'NONE',  ( -0.02376451466684877806, 0.002954395621805720479, 0.1216078310925459149 ) );
#1301=PRESENTATION_LAYER_ASSIGNMENT (  '', '', ( #674 ) );
#1302=CARTESIAN_POINT ( 'NONE',  ( -0.01968503937007874682, 0.007874015748031495954, -0.1264294545144205584 ) );
#1303=( GEOMETRIC_REPRESENTATION_CONTEXT ( 3 ) GLOBAL_UNCERTAINTY_ASSIGNED_CONTEXT ( ( #79 ) ) GLOBAL_UNIT_ASSIGNED_CONTEXT ( ( #30, #25, #43 ) ) REPRESENTATION_CONTEXT ( 'NONE', 'WORKASPACE' ) );
#1304=CARTESIAN_POINT ( 'NONE',  ( 0.01968503937007873295, 0.0000000000000000000, -0.03332323470526675491 ) );
#1305=FACE_OUTER_BOUND ( 'NONE', #1110, .T. );
#1306=EDGE_CURVE ( 'NONE', #692, #1164, #208, .T. );
#1307=ORIENTED_EDGE ( 'NONE', *, *, #920, .T. );
#1308=PRODUCT_DEFINITION_FORMATION_WITH_SPECIFIED_SOURCE ( 'ANY', '', #1119, .NOT_KNOWN. );
#1309=VERTEX_POINT ( 'NONE', #178 );
#1310=CARTESIAN_POINT ( 'NONE',  ( -0.03332323470526674103, 0.0000000000000000000, -0.01968503937007873988 ) );
#1311=ORIENTED_EDGE ( 'NONE', *, *, #1218, .T. );
#1312=FACE_OUTER_BOUND ( 'NONE', #969, .T. );
#1313=ORIENTED_EDGE ( 'NONE', *, *, #928, .T. );
#1314=ADVANCED_FACE ( 'NONE', ( #556 ), #81, .T. );
#1315=EDGE_CURVE ( 'NONE', #382, #311, #275, .T. );
#1316=MECHANICAL_DESIGN_GEOMETRIC_PRESENTATION_REPRESENTATION (  '', ( #621 ), #358 );
#1317=EDGE_LOOP ( 'NONE', ( #1289, #98, #1376, #560 ) );
#1318=ORIENTED_EDGE ( 'NONE', *, *, #527, .T. );
#1319=PRESENTATION_LAYER_ASSIGNMENT (  '', '', ( #1170 ) );
#1320=EDGE_LOOP ( 'NONE', ( #783, #47, #363, #925 ) );
#1321=ORIENTED_EDGE ( 'NONE', *, *, #915, .T. );
#1322=ORIENTED_EDGE ( 'NONE', *, *, #68, .T. );
#1323=FACE_OUTER_BOUND ( 'NONE', #53, .T. );
#1324=PRESENTATION_LAYER_ASSIGNMENT (  '', '', ( #1098 ) );
#1325=( GEOMETRIC_REPRESENTATION_CONTEXT ( 3 ) GLOBAL_UNCERTAINTY_ASSIGNED_CONTEXT ( ( #79 ) ) GLOBAL_UNIT_ASSIGNED_CONTEXT ( ( #30, #25, #43 ) ) REPRESENTATION_CONTEXT ( 'NONE', 'WORKASPACE' ) );
#1326=PRESENTATION_LAYER_ASSIGNMENT (  '', '', ( #1224 ) );
#1327=FACE_OUTER_BOUND ( 'NONE', #880, .T. );
#1328=LINE ( 'NONE', #404, #436 );
#1329=ORIENTED_EDGE ( 'NONE', *, *, #755, .T. );
#1330=VERTEX_POINT ( 'NONE', #1204 );
#1331=FACE_OUTER_BOUND ( 'NONE', #76, .T. );
#1332=CYLINDRICAL_SURFACE ( 'NONE', #632, 0.01574803149606299191 );
#1333=EDGE_CURVE ( 'NONE', #206, #75, #426, .T. );
#1334=ORIENTED_EDGE ( 'NONE', *, *, #1406, .T. );
#1335=ORIENTED_EDGE ( 'NONE', *, *, #163, .T. );
#1336=ORIENTED_EDGE ( 'NONE', *, *, #1257, .F. );
#1337=EDGE_CURVE ( 'NONE', #108, #12, #193, .T. );
#1338=ORIENTED_EDGE ( 'NONE', *, *, #235, .F. );
#1339=ORIENTED_EDGE ( 'NONE', *, *, #159, .T. );
#1340=MECHANICAL_DESIGN_GEOMETRIC_PRESENTATION_REPRESENTATION (  '', ( #647 ), #449 );
#1341=MECHANICAL_DESIGN_GEOMETRIC_PRESENTATION_REPRESENTATION (  '', ( #371 ), #1245 );
#1342=DIRECTION ( 'NONE',  ( -2.841882035586961789E-15, 0.0000000000000000000, 1.000000000000000000 ) );
#1343=STYLED_ITEM ( 'NONE', ( #46 ), #1161 );
#1344=DIRECTION ( 'NONE',  ( 1.000000000000000000, 0.0000000000000000000, 2.506092573150480398E-16 ) );
#1345=LINE ( 'NONE', #538, #223 );
#1346=ORIENTED_EDGE ( 'NONE', *, *, #714, .T. );
#1347=EDGE_CURVE ( 'NONE', #242, #62, #196, .T. );
#1348=EDGE_CURVE ( 'NONE', #311, #602, #342, .T. );
#1349=ADVANCED_FACE ( 'NONE', ( #888 ), #999, .T. );
#1350=CARTESIAN_POINT ( 'NONE',  ( 2.338400384198686135E-17, 0.007874015748031482076, -0.1909448818897638012 ) );
#1351=ORIENTED_EDGE ( 'NONE', *, *, #1348, .T. );
#1352=CIRCLE ( 'NONE', #1293, 0.007874015748031482076 );
#1353=MECHANICAL_DESIGN_GEOMETRIC_PRESENTATION_REPRESENTATION (  '', ( #1191 ), #1272 );
#1354=ORIENTED_EDGE ( 'NONE', *, *, #413, .F. );
#1355=ORIENTED_EDGE ( 'NONE', *, *, #163, .F. );
#1356=ADVANCED_FACE ( 'NONE', ( #1305 ), #718, .T. );
#1357=MECHANICAL_DESIGN_GEOMETRIC_PRESENTATION_REPRESENTATION (  '', ( #810 ), #417 );
#1358=CARTESIAN_POINT ( 'NONE',  ( -0.07874015748031487627, 0.007874015748031495954, -0.1272086174913661660 ) );
#1359=LINE ( 'NONE', #538, #16 );
#1360=PRESENTATION_LAYER_ASSIGNMENT (  '', '', ( #583 ) );
#1361=VERTEX_POINT ( 'NONE', #576 );
#1362=ORIENTED_EDGE ( 'NONE', *, *, #1228, .T. );
#1363=FACE_OUTER_BOUND ( 'NONE', #1193, .T. );
#1364=VERTEX_POINT ( 'NONE', #611 );
#1365=LINE ( 'NONE', #257, #102 );
#1366=CYLINDRICAL_SURFACE ( 'NONE', #267, 0.01574803149606299191 );
#1367=CARTESIAN_POINT ( 'NONE',  ( -0.03332323470526674103, 0.01574803149606299191, -0.01968503937007873988 ) );
#1368=CARTESIAN_POINT ( 'NONE',  ( 0.0000000000000000000, 0.007874015748031495954, 0.1574803149606298913 ) );
#1369=ORIENTED_EDGE ( 'NONE', *, *, #173, .F. );
#1370=FACE_OUTER_BOUND ( 'NONE', #374, .T. );
#1371=PLANE ( 'NONE',  #1237 );
#1372=ORIENTED_EDGE ( 'NONE', *, *, #731, .F. );
#1373=LINE ( 'NONE', #1060, #1032 );
#1374=( GEOMETRIC_REPRESENTATION_CONTEXT ( 3 ) GLOBAL_UNCERTAINTY_ASSIGNED_CONTEXT ( ( #79 ) ) GLOBAL_UNIT_ASSIGNED_CONTEXT ( ( #30, #25, #43 ) ) REPRESENTATION_CONTEXT ( 'NONE', 'WORKASPACE' ) );
#1375=MANIFOLD_SOLID_BREP ( 'Split Line1', #684 );
#1376=ORIENTED_EDGE ( 'NONE', *, *, #344, .F. );
#1377=MECHANICAL_DESIGN_GEOMETRIC_PRESENTATION_REPRESENTATION (  '', ( #1170 ), #1192 );
#1378=ORIENTED_EDGE ( 'NONE', *, *, #1419, .T. );
#1379=ORIENTED_EDGE ( 'NONE', *, *, #765, .F. );
#1380=EDGE_CURVE ( 'NONE', #825, #62, #1120, .T. );
#1381=EDGE_CURVE ( 'NONE', #614, #416, #376, .T. );
#1382=ORIENTED_EDGE ( 'NONE', *, *, #460, .T. );
#1383=PRODUCT_DEFINITION ( 'UNKNOWN', '', #1308, #730 );
#1384=ADVANCED_FACE ( 'NONE', ( #252 ), #743, .T. );
#1385=ORIENTED_EDGE ( 'NONE', *, *, #1059, .F. );
#1386=ORIENTED_EDGE ( 'NONE', *, *, #32, .T. );
#1387=VERTEX_POINT ( 'NONE', #1045 );
#1388=B_SPLINE_CURVE_WITH_KNOTS ( 'NONE', 3,( #1358, #1116, #896, #1054, #154, #369 ),.UNSPECIFIED., .F., .F.,( 4, 2, 4 ),( 0.001340781958494508897, 0.001350679589559743501, 0.001360577220624977889 ),.UNSPECIFIED. );
#1389=LINE ( 'NONE', #526, #135 );
#1390=ADVANCED_FACE ( 'NONE', ( #747 ), #19, .T. );
#1391=CARTESIAN_POINT ( 'NONE',  ( -0.06299212598425193987, 0.01574803149606299191, 0.03332323470526675491 ) );
#1392=EDGE_CURVE ( 'NONE', #831, #614, #651, .T. );
#1393=ORIENTED_EDGE ( 'NONE', *, *, #413, .T. );
#1394=ORIENTED_EDGE ( 'NONE', *, *, #1287, .F. );
#1395=EDGE_CURVE ( 'NONE', #3, #640, #690, .T. );
#1396=FACE_BOUND ( 'NONE', #1418, .T. );
#1397=ORIENTED_EDGE ( 'NONE', *, *, #858, .F. );
#1398=CARTESIAN_POINT ( 'NONE',  ( -0.02848631843032985861, 0.0005279628823810343262, 0.1157334488741457307 ) );
#1399=B_SPLINE_CURVE_WITH_KNOTS ( 'NONE', 3,( #525, #700, #114, #600, #1124, #829 ),.UNSPECIFIED., .F., .F.,( 4, 2, 4 ),( 0.001247567130199300333, 0.001257468147130016804, 0.001267369164060733492 ),.UNSPECIFIED. );
#1400=AXIS2_PLACEMENT_3D ( 'NONE', #142, #375, #1342 );
#1401=LINE ( 'NONE', #1288, #917 );
#1402=ORIENTED_EDGE ( 'NONE', *, *, #876, .T. );
#1403=FACE_OUTER_BOUND ( 'NONE', #1213, .T. );
#1404=PRESENTATION_LAYER_ASSIGNMENT (  '', '', ( #473 ) );
#1405=( GEOMETRIC_REPRESENTATION_CONTEXT ( 3 ) GLOBAL_UNCERTAINTY_ASSIGNED_CONTEXT ( ( #79 ) ) GLOBAL_UNIT_ASSIGNED_CONTEXT ( ( #30, #25, #43 ) ) REPRESENTATION_CONTEXT ( 'NONE', 'WORKASPACE' ) );
#1406=EDGE_CURVE ( 'NONE', #792, #190, #682, .T. );
#1407=ORIENTED_EDGE ( 'NONE', *, *, #1128, .F. );
#1408=LINE ( 'NONE', #897, #102 );
#1409=ORIENTED_EDGE ( 'NONE', *, *, #826, .F. );
#1410=ORIENTED_EDGE ( 'NONE', *, *, #928, .F. );
#1411=EDGE_CURVE ( 'NONE', #1361, #480, #1105, .T. );
#1412=VERTEX_POINT ( 'NONE', #639 );
#1413=VECTOR ( 'NONE', #918, 39.37007874015748143 );
#1414=ORIENTED_EDGE ( 'NONE', *, *, #1278, .F. );
#1415=VERTEX_POINT ( 'NONE', #979 );
#1416=LINE ( 'NONE', #265, #665 );
#1417=STYLED_ITEM ( 'NONE', ( #46 ), #893 );
#1418=EDGE_LOOP ( 'NONE', ( #713, #1096, #186, #1432, #1379, #1338, #859, #1372, #431, #1216, #1022 ) );
#1419=EDGE_CURVE ( 'NONE', #1247, #873, #970, .T. );
#1420=EDGE_CURVE ( 'NONE', #1263, #614, #779, .T. );
#1421=ORIENTED_EDGE ( 'NONE', *, *, #1146, .F. );
#1422=CIRCLE ( 'NONE', #1262, 0.1274667598525994205 );
#1423=EDGE_LOOP ( 'NONE', ( #1240, #310, #802, #379, #877, #84, #577, #1088 ) );
#1424=PRESENTATION_LAYER_ASSIGNMENT (  '', '', ( #1003 ) );
#1425=ADVANCED_FACE ( 'NONE', ( #994 ), #85, .T. );
#1426=PRESENTATION_LAYER_ASSIGNMENT (  '', '', ( #916 ) );
#1427=ADVANCED_FACE ( 'NONE', ( #339 ), #1203, .T. );
#1428=CARTESIAN_POINT ( 'NONE',  ( 0.1125194221171509357, 0.0000000000000000000, 0.03097423203251988347 ) );
#1429=ORIENTED_EDGE ( 'NONE', *, *, #460, .F. );
#1430=ORIENTED_EDGE ( 'NONE', *, *, #250, .F. );
#1431=FACE_OUTER_BOUND ( 'NONE', #469, .T. );
#1432=ORIENTED_EDGE ( 'NONE', *, *, #1306, .F. );
#1433=ADVANCED_FACE ( 'NONE', ( #1331 ), #1001, .F. );
#1434=B_SPLINE_CURVE_WITH_KNOTS ( 'NONE', 3,( #613, #823, #1210, #97, #1006, #756 ),.UNSPECIFIED., .F., .F.,( 4, 2, 4 ),( 0.002527724735356836911, 0.002539412247834333357, 0.002551099760311829803 ),.UNSPECIFIED. );
#1435=DIRECTION ( 'NONE',  ( -1.000000000000000000, 0.0000000000000000000, -1.251928832280966188E-16 ) );
#1436=ORIENTED_EDGE ( 'NONE', *, *, #1017, .T. );
#1437=VERTEX_POINT ( 'NONE', #93 );
#1438=PRODUCT_CONTEXT ( 'NONE', #931, 'mechanical' );
#1439=EDGE_CURVE ( 'NONE', #1086, #1309, #801, .T. );
#1440=VERTEX_POINT ( 'NONE', #892 );
#1441=ORIENTED_EDGE ( 'NONE', *, *, #191, .T. );
#1442=EDGE_CURVE ( 'NONE', #1039, #1117, #1093, .T. );
#1443=STYLED_ITEM ( 'NONE', ( #46 ), #1049 );
#1444=CARTESIAN_POINT ( 'NONE',  ( 0.03332323470526674103, 0.01574803149606299191, 0.03937007874015747977 ) );
#1445=EDGE_CURVE ( 'NONE', #189, #1263, #504, .T. );
#1446=LINE ( 'NONE', #521, #932 );
ENDSEC;
END-ISO-10303-21;
