ISO-10303-21;
HEADER;
/* Generated by software containing ST-Developer
 * from STEP Tools, Inc. (www.steptools.com) 
 */
/* OPTION: strings as raw bytes, not using required /X/ escapes */
FILE_DESCRIPTION(
/* description */ ('Unknown'),
/* implementation_level */ '2;1');
FILE_NAME(
/* name */ 'TO252-3L',
/* time_stamp */ '2018-03-15T09:40:12+08:00',
/* author */ ('Unknown'),
/* organization */ ('Unknown'),
/* preprocessor_version */ 'ST-DEVELOPER v16.7',
/* originating_system */ 'DEX',
/* authorisation */ $);
FILE_SCHEMA (('AUTOMOTIVE_DESIGN {1 0 10303 214 3 1 1}'));
ENDSEC;
DATA;
#1=PROPERTY_DEFINITION_REPRESENTATION(#5,#3);
#2=PROPERTY_DEFINITION_REPRESENTATION(#5,#4);
#3=REPRESENTATION('',(#6),#2655);
#4=REPRESENTATION('',(#7),#2655);
#5=PROPERTY_DEFINITION('pmi validation property','',#2663);
#6=VALUE_REPRESENTATION_ITEM('number of annotations',COUNT_MEASURE(0.));
#7=VALUE_REPRESENTATION_ITEM('number of views',COUNT_MEASURE(0.));
#8=CONTEXT_DEPENDENT_SHAPE_REPRESENTATION(#14,#2665);
#9=CONTEXT_DEPENDENT_SHAPE_REPRESENTATION(#15,#2667);
#10=CONTEXT_DEPENDENT_SHAPE_REPRESENTATION(#16,#2669);
#11=NEXT_ASSEMBLY_USAGE_OCCURRENCE('CPD','CPD','CPD',#2670,#2671,'');
#12=NEXT_ASSEMBLY_USAGE_OCCURRENCE('EP','EP','EP',#2670,#2672,'');
#13=NEXT_ASSEMBLY_USAGE_OCCURRENCE('LEAD','LEAD','LEAD',#2670,#2673,'');
#14=(REPRESENTATION_RELATIONSHIP(' ',' ',#1913,#1914)REPRESENTATION_RELATIONSHIP_WITH_TRANSFORMATION(#17)SHAPE_REPRESENTATION_RELATIONSHIP());
#15=(REPRESENTATION_RELATIONSHIP(' ',' ',#1915,#1914)REPRESENTATION_RELATIONSHIP_WITH_TRANSFORMATION(#18)SHAPE_REPRESENTATION_RELATIONSHIP());
#16=(REPRESENTATION_RELATIONSHIP(' ',' ',#1916,#1914)REPRESENTATION_RELATIONSHIP_WITH_TRANSFORMATION(#19)SHAPE_REPRESENTATION_RELATIONSHIP());
#17=ITEM_DEFINED_TRANSFORMATION(' ',' ',#1917,#1956);
#18=ITEM_DEFINED_TRANSFORMATION(' ',' ',#1917,#1991);
#19=ITEM_DEFINED_TRANSFORMATION(' ',' ',#1917,#2051);
#20=SHAPE_REPRESENTATION_RELATIONSHIP('','',#1913,#23);
#21=SHAPE_REPRESENTATION_RELATIONSHIP('','',#1915,#24);
#22=SHAPE_REPRESENTATION_RELATIONSHIP('','',#1916,#25);
#23=ADVANCED_BREP_SHAPE_REPRESENTATION('',(#1904),#2656);
#24=ADVANCED_BREP_SHAPE_REPRESENTATION('',(#1905),#2657);
#25=ADVANCED_BREP_SHAPE_REPRESENTATION('',(#1906,#1907,#1908),#2658);
#26=CYLINDRICAL_SURFACE('',#1935,0.323602484472049);
#27=CYLINDRICAL_SURFACE('',#1938,0.323602484472045);
#28=CYLINDRICAL_SURFACE('',#1941,0.323602484472076);
#29=CYLINDRICAL_SURFACE('',#1944,0.323602484472059);
#30=CYLINDRICAL_SURFACE('',#1983,0.323602484472049);
#31=CYLINDRICAL_SURFACE('',#1985,0.323602484472045);
#32=CYLINDRICAL_SURFACE('',#1987,0.323602484472076);
#33=CYLINDRICAL_SURFACE('',#1989,0.323602484472059);
#34=CYLINDRICAL_SURFACE('',#1994,0.508100694719092);
#35=CYLINDRICAL_SURFACE('',#1999,1.0162013894382);
#36=CYLINDRICAL_SURFACE('',#2003,1.01620138943827);
#37=CYLINDRICAL_SURFACE('',#2011,0.508100694719134);
#38=CIRCLE('',#1919,0.323602484472059);
#39=CIRCLE('',#1920,0.323602484472076);
#40=CIRCLE('',#1921,0.323602484472045);
#41=CIRCLE('',#1922,0.323602484472049);
#42=CIRCLE('',#1936,0.323602484472049);
#43=CIRCLE('',#1939,0.323602484472045);
#44=CIRCLE('',#1942,0.323602484472076);
#45=CIRCLE('',#1945,0.323602484472059);
#46=CIRCLE('',#1958,0.323602484472049);
#47=CIRCLE('',#1959,0.323602484472059);
#48=CIRCLE('',#1960,0.323602484472076);
#49=CIRCLE('',#1961,0.323602484472045);
#50=CIRCLE('',#1963,0.323602484472049);
#51=CIRCLE('',#1964,0.323602484472045);
#52=CIRCLE('',#1965,0.323602484472076);
#53=CIRCLE('',#1966,0.323602484472059);
#54=CIRCLE('',#1995,0.508100694719092);
#55=CIRCLE('',#1996,0.508100694719092);
#56=CIRCLE('',#2000,1.0162013894382);
#57=CIRCLE('',#2001,1.0162013894382);
#58=CIRCLE('',#2004,1.01620138943827);
#59=CIRCLE('',#2005,1.01620138943827);
#60=CIRCLE('',#2006,1.01620138943827);
#61=CIRCLE('',#2007,1.01620138943827);
#62=CIRCLE('',#2012,0.508100694719134);
#63=CIRCLE('',#2013,0.508100694719134);
#64=CIRCLE('',#2014,0.508100694719134);
#65=CIRCLE('',#2015,0.508100694719134);
#66=CIRCLE('',#2026,1.0162013894382);
#67=CIRCLE('',#2027,1.0162013894382);
#68=CIRCLE('',#2028,0.508100694719134);
#69=CIRCLE('',#2029,0.508100694719134);
#70=CIRCLE('',#2030,0.508100694719134);
#71=CIRCLE('',#2031,0.508100694719134);
#72=CIRCLE('',#2032,1.01620138943827);
#73=CIRCLE('',#2033,1.01620138943827);
#74=CIRCLE('',#2034,1.01620138943827);
#75=CIRCLE('',#2035,1.01620138943827);
#76=CIRCLE('',#2036,0.508100694719092);
#77=CIRCLE('',#2037,0.508100694719092);
#78=LINE('',#2249,#306);
#79=LINE('',#2250,#307);
#80=LINE('',#2251,#308);
#81=LINE('',#2252,#309);
#82=LINE('',#2253,#310);
#83=LINE('',#2254,#311);
#84=LINE('',#2255,#312);
#85=LINE('',#2256,#313);
#86=LINE('',#2257,#314);
#87=LINE('',#2258,#307);
#88=LINE('',#2259,#314);
#89=LINE('',#2260,#315);
#90=LINE('',#2264,#316);
#91=LINE('',#2267,#317);
#92=LINE('',#2271,#318);
#93=LINE('',#2273,#319);
#94=LINE('',#2273,#314);
#95=LINE('',#2275,#319);
#96=LINE('',#2276,#319);
#97=LINE('',#2276,#307);
#98=LINE('',#2278,#319);
#99=LINE('',#2279,#320);
#100=LINE('',#2280,#319);
#101=LINE('',#2280,#313);
#102=LINE('',#2281,#319);
#103=LINE('',#2282,#321);
#104=LINE('',#2283,#319);
#105=LINE('',#2283,#311);
#106=LINE('',#2285,#319);
#107=LINE('',#2287,#322);
#108=LINE('',#2288,#319);
#109=LINE('',#2290,#323);
#110=LINE('',#2291,#319);
#111=LINE('',#2293,#324);
#112=LINE('',#2294,#319);
#113=LINE('',#2296,#325);
#114=LINE('',#2297,#306);
#115=LINE('',#2302,#326);
#116=LINE('',#2301,#319);
#117=LINE('',#2305,#319);
#118=LINE('',#2309,#319);
#119=LINE('',#2310,#327);
#120=LINE('',#2312,#319);
#121=LINE('',#2316,#319);
#122=LINE('',#2318,#328);
#123=LINE('',#2320,#319);
#124=LINE('',#2324,#319);
#125=LINE('',#2325,#329);
#126=LINE('',#2327,#319);
#127=LINE('',#2331,#330);
#128=LINE('',#2333,#331);
#129=LINE('',#2335,#332);
#130=LINE('',#2337,#333);
#131=LINE('',#2339,#334);
#132=LINE('',#2341,#331);
#133=LINE('',#2343,#335);
#134=LINE('',#2333,#336);
#135=LINE('',#2345,#333);
#136=LINE('',#2347,#337);
#137=LINE('',#2349,#338);
#138=LINE('',#2351,#339);
#139=LINE('',#2352,#333);
#140=LINE('',#2342,#340);
#141=LINE('',#2355,#341);
#142=LINE('',#2357,#340);
#143=LINE('',#2357,#342);
#144=LINE('',#2360,#339);
#145=LINE('',#2361,#336);
#146=LINE('',#2363,#343);
#147=LINE('',#2372,#337);
#148=LINE('',#2374,#339);
#149=LINE('',#2346,#340);
#150=LINE('',#2376,#338);
#151=LINE('',#2384,#344);
#152=LINE('',#2385,#345);
#153=LINE('',#2386,#346);
#154=LINE('',#2387,#347);
#155=LINE('',#2388,#348);
#156=LINE('',#2389,#349);
#157=LINE('',#2390,#348);
#158=LINE('',#2391,#350);
#159=LINE('',#2392,#351);
#160=LINE('',#2393,#352);
#161=LINE('',#2394,#353);
#162=LINE('',#2395,#349);
#163=LINE('',#2396,#354);
#164=LINE('',#2397,#349);
#165=LINE('',#2398,#355);
#166=LINE('',#2399,#356);
#167=LINE('',#2403,#357);
#168=LINE('',#2407,#358);
#169=LINE('',#2411,#359);
#170=LINE('',#2415,#360);
#171=LINE('',#2417,#344);
#172=LINE('',#2419,#356);
#173=LINE('',#2420,#355);
#174=LINE('',#2421,#349);
#175=LINE('',#2422,#354);
#176=LINE('',#2423,#349);
#177=LINE('',#2424,#353);
#178=LINE('',#2426,#352);
#179=LINE('',#2427,#351);
#180=LINE('',#2428,#350);
#181=LINE('',#2429,#348);
#182=LINE('',#2430,#349);
#183=LINE('',#2431,#348);
#184=LINE('',#2432,#347);
#185=LINE('',#2433,#346);
#186=LINE('',#2418,#345);
#187=LINE('',#2434,#357);
#188=LINE('',#2438,#360);
#189=LINE('',#2442,#359);
#190=LINE('',#2445,#358);
#191=LINE('',#2385,#361);
#192=LINE('',#2384,#361);
#193=LINE('',#2386,#361);
#194=LINE('',#2387,#361);
#195=LINE('',#2388,#361);
#196=LINE('',#2389,#361);
#197=LINE('',#2390,#361);
#198=LINE('',#2391,#361);
#199=LINE('',#2392,#361);
#200=LINE('',#2393,#361);
#201=LINE('',#2394,#361);
#202=LINE('',#2395,#361);
#203=LINE('',#2396,#361);
#204=LINE('',#2397,#361);
#205=LINE('',#2398,#361);
#206=LINE('',#2399,#361);
#207=LINE('',#2449,#361);
#208=LINE('',#2450,#361);
#209=LINE('',#2451,#361);
#210=LINE('',#2453,#361);
#211=LINE('',#2455,#361);
#212=LINE('',#2457,#361);
#213=LINE('',#2458,#361);
#214=LINE('',#2460,#361);
#215=LINE('',#2462,#362);
#216=LINE('',#2464,#363);
#217=LINE('',#2466,#362);
#218=LINE('',#2463,#363);
#219=LINE('',#2465,#364);
#220=LINE('',#2469,#362);
#221=LINE('',#2467,#364);
#222=LINE('',#2474,#362);
#223=LINE('',#2478,#365);
#224=LINE('',#2480,#362);
#225=LINE('',#2482,#365);
#226=LINE('',#2484,#362);
#227=LINE('',#2487,#366);
#228=LINE('',#2489,#362);
#229=LINE('',#2491,#366);
#230=LINE('',#2495,#362);
#231=LINE('',#2494,#367);
#232=LINE('',#2499,#367);
#233=LINE('',#2503,#362);
#234=LINE('',#2507,#362);
#235=LINE('',#2511,#362);
#236=LINE('',#2515,#349);
#237=LINE('',#2517,#368);
#238=LINE('',#2519,#362);
#239=LINE('',#2521,#369);
#240=LINE('',#2522,#358);
#241=LINE('',#2523,#355);
#242=LINE('',#2524,#355);
#243=LINE('',#2525,#370);
#244=LINE('',#2527,#362);
#245=LINE('',#2529,#371);
#246=LINE('',#2530,#372);
#247=LINE('',#2532,#373);
#248=LINE('',#2534,#374);
#249=LINE('',#2536,#362);
#250=LINE('',#2538,#374);
#251=LINE('',#2532,#375);
#252=LINE('',#2528,#376);
#253=LINE('',#2542,#362);
#254=LINE('',#2548,#362);
#255=LINE('',#2553,#377);
#256=LINE('',#2554,#377);
#257=LINE('',#2555,#377);
#258=LINE('',#2556,#377);
#259=LINE('',#2557,#377);
#260=LINE('',#2558,#377);
#261=LINE('',#2559,#377);
#262=LINE('',#2560,#377);
#263=LINE('',#2563,#367);
#264=LINE('',#2566,#378);
#265=LINE('',#2573,#366);
#266=LINE('',#2574,#379);
#267=LINE('',#2580,#362);
#268=LINE('',#2587,#374);
#269=LINE('',#2590,#380);
#270=LINE('',#2591,#381);
#271=LINE('',#2593,#382);
#272=LINE('',#2586,#383);
#273=LINE('',#2597,#384);
#274=LINE('',#2598,#385);
#275=LINE('',#2599,#349);
#276=LINE('',#2601,#355);
#277=LINE('',#2602,#348);
#278=LINE('',#2603,#386);
#279=LINE('',#2604,#387);
#280=LINE('',#2600,#388);
#281=LINE('',#2615,#362);
#282=LINE('',#2620,#365);
#283=LINE('',#2621,#389);
#284=LINE('',#2627,#364);
#285=LINE('',#2626,#390);
#286=LINE('',#2564,#363);
#287=LINE('',#2565,#391);
#288=LINE('',#2628,#377);
#289=LINE('',#2630,#377);
#290=LINE('',#2632,#377);
#291=LINE('',#2631,#377);
#292=LINE('',#2634,#377);
#293=LINE('',#2635,#377);
#294=LINE('',#2636,#377);
#295=LINE('',#2637,#377);
#296=LINE('',#2639,#392);
#297=LINE('',#2641,#375);
#298=LINE('',#2638,#383);
#299=LINE('',#2645,#393);
#300=LINE('',#2646,#385);
#301=LINE('',#2647,#358);
#302=LINE('',#2649,#394);
#303=LINE('',#2648,#348);
#304=LINE('',#2651,#377);
#305=LINE('',#2652,#377);
#306=VECTOR('',#2056,1000.);
#307=VECTOR('',#2057,1000.);
#308=VECTOR('',#2055,1000.);
#309=VECTOR('',#2058,1000.);
#310=VECTOR('',#2059,1000.);
#311=VECTOR('',#2060,1000.);
#312=VECTOR('',#2061,1000.);
#313=VECTOR('',#2062,1000.);
#314=VECTOR('',#2063,1000.);
#315=VECTOR('',#2064,1000.);
#316=VECTOR('',#2066,1000.);
#317=VECTOR('',#2067,1000.);
#318=VECTOR('',#2068,1000.);
#319=VECTOR('',#2070,1000.);
#320=VECTOR('',#2073,1000.);
#321=VECTOR('',#2078,1000.);
#322=VECTOR('',#2083,1000.);
#323=VECTOR('',#2086,1000.);
#324=VECTOR('',#2088,1000.);
#325=VECTOR('',#2089,1000.);
#326=VECTOR('',#2094,1000.);
#327=VECTOR('',#2098,1000.);
#328=VECTOR('',#2101,1000.);
#329=VECTOR('',#2103,1000.);
#330=VECTOR('',#2105,1000.);
#331=VECTOR('',#2053,1000.);
#332=VECTOR('',#2106,1000.);
#333=VECTOR('',#2107,1000.);
#334=VECTOR('',#2109,1000.);
#335=VECTOR('',#2110,1000.);
#336=VECTOR('',#2112,1000.);
#337=VECTOR('',#2113,1000.);
#338=VECTOR('',#2114,1000.);
#339=VECTOR('',#2104,1000.);
#340=VECTOR('',#2115,1000.);
#341=VECTOR('',#2117,1000.);
#342=VECTOR('',#2119,1000.);
#343=VECTOR('',#2121,1000.);
#344=VECTOR('',#2125,1000.);
#345=VECTOR('',#2126,1000.);
#346=VECTOR('',#2127,1000.);
#347=VECTOR('',#2128,1000.);
#348=VECTOR('',#2129,1000.);
#349=VECTOR('',#2130,1000.);
#350=VECTOR('',#2131,1000.);
#351=VECTOR('',#2132,1000.);
#352=VECTOR('',#2133,1000.);
#353=VECTOR('',#2134,1000.);
#354=VECTOR('',#2135,1000.);
#355=VECTOR('',#2136,1000.);
#356=VECTOR('',#2137,1000.);
#357=VECTOR('',#2138,1000.);
#358=VECTOR('',#2139,1000.);
#359=VECTOR('',#2140,1000.);
#360=VECTOR('',#2141,1000.);
#361=VECTOR('',#2123,1000.);
#362=VECTOR('',#2179,1000.);
#363=VECTOR('',#2180,1000.);
#364=VECTOR('',#2183,1000.);
#365=VECTOR('',#2188,1000.);
#366=VECTOR('',#2191,1000.);
#367=VECTOR('',#2194,1000.);
#368=VECTOR('',#2195,1000.);
#369=VECTOR('',#2196,1000.);
#370=VECTOR('',#2199,1000.);
#371=VECTOR('',#2200,1000.);
#372=VECTOR('',#2201,1000.);
#373=VECTOR('',#2202,1000.);
#374=VECTOR('',#2203,1000.);
#375=VECTOR('',#2204,1000.);
#376=VECTOR('',#2205,1000.);
#377=VECTOR('',#2142,1000.);
#378=VECTOR('',#2214,1000.);
#379=VECTOR('',#2216,1000.);
#380=VECTOR('',#2221,1000.);
#381=VECTOR('',#2222,1000.);
#382=VECTOR('',#2223,1000.);
#383=VECTOR('',#2224,1000.);
#384=VECTOR('',#2225,1000.);
#385=VECTOR('',#2226,1000.);
#386=VECTOR('',#2227,1000.);
#387=VECTOR('',#2228,1000.);
#388=VECTOR('',#2229,1000.);
#389=VECTOR('',#2230,1000.);
#390=VECTOR('',#2231,1000.);
#391=VECTOR('',#2232,1000.);
#392=VECTOR('',#2235,1000.);
#393=VECTOR('',#2236,1000.);
#394=VECTOR('',#2237,1000.);
#395=ORIENTED_EDGE('',*,*,#977,.T.);
#396=ORIENTED_EDGE('',*,*,#978,.T.);
#397=ORIENTED_EDGE('',*,*,#979,.T.);
#398=ORIENTED_EDGE('',*,*,#980,.T.);
#399=ORIENTED_EDGE('',*,*,#981,.T.);
#400=ORIENTED_EDGE('',*,*,#982,.T.);
#401=ORIENTED_EDGE('',*,*,#983,.T.);
#402=ORIENTED_EDGE('',*,*,#984,.T.);
#403=ORIENTED_EDGE('',*,*,#985,.T.);
#404=ORIENTED_EDGE('',*,*,#986,.T.);
#405=ORIENTED_EDGE('',*,*,#987,.T.);
#406=ORIENTED_EDGE('',*,*,#988,.T.);
#407=ORIENTED_EDGE('',*,*,#989,.F.);
#408=ORIENTED_EDGE('',*,*,#990,.F.);
#409=ORIENTED_EDGE('',*,*,#991,.F.);
#410=ORIENTED_EDGE('',*,*,#992,.F.);
#411=ORIENTED_EDGE('',*,*,#993,.F.);
#412=ORIENTED_EDGE('',*,*,#994,.F.);
#413=ORIENTED_EDGE('',*,*,#995,.F.);
#414=ORIENTED_EDGE('',*,*,#996,.F.);
#415=ORIENTED_EDGE('',*,*,#988,.F.);
#416=ORIENTED_EDGE('',*,*,#997,.F.);
#417=ORIENTED_EDGE('',*,*,#998,.T.);
#418=ORIENTED_EDGE('',*,*,#999,.T.);
#419=ORIENTED_EDGE('',*,*,#987,.F.);
#420=ORIENTED_EDGE('',*,*,#1000,.F.);
#421=ORIENTED_EDGE('',*,*,#1001,.T.);
#422=ORIENTED_EDGE('',*,*,#997,.T.);
#423=ORIENTED_EDGE('',*,*,#986,.F.);
#424=ORIENTED_EDGE('',*,*,#1002,.F.);
#425=ORIENTED_EDGE('',*,*,#1003,.T.);
#426=ORIENTED_EDGE('',*,*,#1000,.T.);
#427=ORIENTED_EDGE('',*,*,#985,.F.);
#428=ORIENTED_EDGE('',*,*,#1004,.F.);
#429=ORIENTED_EDGE('',*,*,#1005,.T.);
#430=ORIENTED_EDGE('',*,*,#1002,.T.);
#431=ORIENTED_EDGE('',*,*,#984,.F.);
#432=ORIENTED_EDGE('',*,*,#1006,.F.);
#433=ORIENTED_EDGE('',*,*,#1007,.T.);
#434=ORIENTED_EDGE('',*,*,#1004,.T.);
#435=ORIENTED_EDGE('',*,*,#983,.F.);
#436=ORIENTED_EDGE('',*,*,#1008,.F.);
#437=ORIENTED_EDGE('',*,*,#1009,.T.);
#438=ORIENTED_EDGE('',*,*,#1006,.T.);
#439=ORIENTED_EDGE('',*,*,#982,.F.);
#440=ORIENTED_EDGE('',*,*,#1010,.F.);
#441=ORIENTED_EDGE('',*,*,#1011,.T.);
#442=ORIENTED_EDGE('',*,*,#1008,.T.);
#443=ORIENTED_EDGE('',*,*,#981,.F.);
#444=ORIENTED_EDGE('',*,*,#1012,.F.);
#445=ORIENTED_EDGE('',*,*,#1013,.T.);
#446=ORIENTED_EDGE('',*,*,#1010,.T.);
#447=ORIENTED_EDGE('',*,*,#980,.F.);
#448=ORIENTED_EDGE('',*,*,#1014,.F.);
#449=ORIENTED_EDGE('',*,*,#1015,.T.);
#450=ORIENTED_EDGE('',*,*,#1012,.T.);
#451=ORIENTED_EDGE('',*,*,#979,.F.);
#452=ORIENTED_EDGE('',*,*,#1016,.F.);
#453=ORIENTED_EDGE('',*,*,#1017,.T.);
#454=ORIENTED_EDGE('',*,*,#1014,.T.);
#455=ORIENTED_EDGE('',*,*,#978,.F.);
#456=ORIENTED_EDGE('',*,*,#1018,.F.);
#457=ORIENTED_EDGE('',*,*,#1019,.T.);
#458=ORIENTED_EDGE('',*,*,#1016,.T.);
#459=ORIENTED_EDGE('',*,*,#1020,.F.);
#460=ORIENTED_EDGE('',*,*,#1021,.T.);
#461=ORIENTED_EDGE('',*,*,#989,.T.);
#462=ORIENTED_EDGE('',*,*,#1022,.F.);
#463=ORIENTED_EDGE('',*,*,#1023,.F.);
#464=ORIENTED_EDGE('',*,*,#1022,.T.);
#465=ORIENTED_EDGE('',*,*,#996,.T.);
#466=ORIENTED_EDGE('',*,*,#1024,.F.);
#467=ORIENTED_EDGE('',*,*,#1025,.F.);
#468=ORIENTED_EDGE('',*,*,#1024,.T.);
#469=ORIENTED_EDGE('',*,*,#995,.T.);
#470=ORIENTED_EDGE('',*,*,#1026,.F.);
#471=ORIENTED_EDGE('',*,*,#1027,.F.);
#472=ORIENTED_EDGE('',*,*,#1026,.T.);
#473=ORIENTED_EDGE('',*,*,#994,.T.);
#474=ORIENTED_EDGE('',*,*,#1028,.F.);
#475=ORIENTED_EDGE('',*,*,#1029,.F.);
#476=ORIENTED_EDGE('',*,*,#1028,.T.);
#477=ORIENTED_EDGE('',*,*,#993,.T.);
#478=ORIENTED_EDGE('',*,*,#1030,.F.);
#479=ORIENTED_EDGE('',*,*,#1031,.F.);
#480=ORIENTED_EDGE('',*,*,#1030,.T.);
#481=ORIENTED_EDGE('',*,*,#992,.T.);
#482=ORIENTED_EDGE('',*,*,#1032,.F.);
#483=ORIENTED_EDGE('',*,*,#1033,.F.);
#484=ORIENTED_EDGE('',*,*,#1032,.T.);
#485=ORIENTED_EDGE('',*,*,#991,.T.);
#486=ORIENTED_EDGE('',*,*,#1034,.F.);
#487=ORIENTED_EDGE('',*,*,#1035,.F.);
#488=ORIENTED_EDGE('',*,*,#1034,.T.);
#489=ORIENTED_EDGE('',*,*,#990,.T.);
#490=ORIENTED_EDGE('',*,*,#1021,.F.);
#491=ORIENTED_EDGE('',*,*,#1036,.T.);
#492=ORIENTED_EDGE('',*,*,#1037,.T.);
#493=ORIENTED_EDGE('',*,*,#1038,.T.);
#494=ORIENTED_EDGE('',*,*,#1039,.T.);
#495=ORIENTED_EDGE('',*,*,#1039,.F.);
#496=ORIENTED_EDGE('',*,*,#1040,.T.);
#497=ORIENTED_EDGE('',*,*,#1041,.F.);
#498=ORIENTED_EDGE('',*,*,#1042,.T.);
#499=ORIENTED_EDGE('',*,*,#1037,.F.);
#500=ORIENTED_EDGE('',*,*,#1043,.T.);
#501=ORIENTED_EDGE('',*,*,#1044,.F.);
#502=ORIENTED_EDGE('',*,*,#1045,.T.);
#503=ORIENTED_EDGE('',*,*,#1046,.F.);
#504=ORIENTED_EDGE('',*,*,#1041,.T.);
#505=ORIENTED_EDGE('',*,*,#1047,.T.);
#506=ORIENTED_EDGE('',*,*,#1048,.T.);
#507=ORIENTED_EDGE('',*,*,#1049,.T.);
#508=ORIENTED_EDGE('',*,*,#1050,.F.);
#509=ORIENTED_EDGE('',*,*,#1051,.T.);
#510=ORIENTED_EDGE('',*,*,#1036,.F.);
#511=ORIENTED_EDGE('',*,*,#1042,.F.);
#512=ORIENTED_EDGE('',*,*,#1049,.F.);
#513=ORIENTED_EDGE('',*,*,#1052,.F.);
#514=ORIENTED_EDGE('',*,*,#1053,.F.);
#515=ORIENTED_EDGE('',*,*,#1043,.F.);
#516=ORIENTED_EDGE('',*,*,#1051,.F.);
#517=ORIENTED_EDGE('',*,*,#1054,.F.);
#518=ORIENTED_EDGE('',*,*,#1055,.T.);
#519=ORIENTED_EDGE('',*,*,#1018,.T.);
#520=ORIENTED_EDGE('',*,*,#1056,.T.);
#521=ORIENTED_EDGE('',*,*,#1057,.T.);
#522=ORIENTED_EDGE('',*,*,#1058,.F.);
#523=ORIENTED_EDGE('',*,*,#1059,.F.);
#524=ORIENTED_EDGE('',*,*,#1045,.F.);
#525=ORIENTED_EDGE('',*,*,#1060,.F.);
#526=ORIENTED_EDGE('',*,*,#1057,.F.);
#527=ORIENTED_EDGE('',*,*,#1046,.T.);
#528=ORIENTED_EDGE('',*,*,#1059,.T.);
#529=ORIENTED_EDGE('',*,*,#1061,.F.);
#530=ORIENTED_EDGE('',*,*,#1047,.F.);
#531=ORIENTED_EDGE('',*,*,#1040,.F.);
#532=ORIENTED_EDGE('',*,*,#1038,.F.);
#533=ORIENTED_EDGE('',*,*,#1061,.T.);
#534=ORIENTED_EDGE('',*,*,#1058,.T.);
#535=ORIENTED_EDGE('',*,*,#1056,.F.);
#536=ORIENTED_EDGE('',*,*,#977,.F.);
#537=ORIENTED_EDGE('',*,*,#1062,.F.);
#538=ORIENTED_EDGE('',*,*,#1054,.T.);
#539=ORIENTED_EDGE('',*,*,#1050,.T.);
#540=ORIENTED_EDGE('',*,*,#1048,.F.);
#541=ORIENTED_EDGE('',*,*,#998,.F.);
#542=ORIENTED_EDGE('',*,*,#1001,.F.);
#543=ORIENTED_EDGE('',*,*,#1003,.F.);
#544=ORIENTED_EDGE('',*,*,#1005,.F.);
#545=ORIENTED_EDGE('',*,*,#1007,.F.);
#546=ORIENTED_EDGE('',*,*,#1009,.F.);
#547=ORIENTED_EDGE('',*,*,#1011,.F.);
#548=ORIENTED_EDGE('',*,*,#1013,.F.);
#549=ORIENTED_EDGE('',*,*,#1015,.F.);
#550=ORIENTED_EDGE('',*,*,#1017,.F.);
#551=ORIENTED_EDGE('',*,*,#1019,.F.);
#552=ORIENTED_EDGE('',*,*,#1055,.F.);
#553=ORIENTED_EDGE('',*,*,#1060,.T.);
#554=ORIENTED_EDGE('',*,*,#1044,.T.);
#555=ORIENTED_EDGE('',*,*,#1053,.T.);
#556=ORIENTED_EDGE('',*,*,#1063,.F.);
#557=ORIENTED_EDGE('',*,*,#1020,.T.);
#558=ORIENTED_EDGE('',*,*,#1023,.T.);
#559=ORIENTED_EDGE('',*,*,#1025,.T.);
#560=ORIENTED_EDGE('',*,*,#1027,.T.);
#561=ORIENTED_EDGE('',*,*,#1029,.T.);
#562=ORIENTED_EDGE('',*,*,#1031,.T.);
#563=ORIENTED_EDGE('',*,*,#1033,.T.);
#564=ORIENTED_EDGE('',*,*,#1035,.T.);
#565=ORIENTED_EDGE('',*,*,#1063,.T.);
#566=ORIENTED_EDGE('',*,*,#1052,.T.);
#567=ORIENTED_EDGE('',*,*,#1062,.T.);
#568=ORIENTED_EDGE('',*,*,#999,.F.);
#569=ORIENTED_EDGE('',*,*,#1064,.T.);
#570=ORIENTED_EDGE('',*,*,#1065,.T.);
#571=ORIENTED_EDGE('',*,*,#1066,.T.);
#572=ORIENTED_EDGE('',*,*,#1067,.T.);
#573=ORIENTED_EDGE('',*,*,#1068,.T.);
#574=ORIENTED_EDGE('',*,*,#1069,.T.);
#575=ORIENTED_EDGE('',*,*,#1070,.T.);
#576=ORIENTED_EDGE('',*,*,#1071,.T.);
#577=ORIENTED_EDGE('',*,*,#1072,.T.);
#578=ORIENTED_EDGE('',*,*,#1073,.T.);
#579=ORIENTED_EDGE('',*,*,#1074,.T.);
#580=ORIENTED_EDGE('',*,*,#1075,.T.);
#581=ORIENTED_EDGE('',*,*,#1076,.T.);
#582=ORIENTED_EDGE('',*,*,#1077,.T.);
#583=ORIENTED_EDGE('',*,*,#1078,.T.);
#584=ORIENTED_EDGE('',*,*,#1079,.T.);
#585=ORIENTED_EDGE('',*,*,#1080,.F.);
#586=ORIENTED_EDGE('',*,*,#1081,.F.);
#587=ORIENTED_EDGE('',*,*,#1082,.F.);
#588=ORIENTED_EDGE('',*,*,#1083,.F.);
#589=ORIENTED_EDGE('',*,*,#1084,.F.);
#590=ORIENTED_EDGE('',*,*,#1085,.F.);
#591=ORIENTED_EDGE('',*,*,#1086,.F.);
#592=ORIENTED_EDGE('',*,*,#1087,.F.);
#593=ORIENTED_EDGE('',*,*,#1088,.F.);
#594=ORIENTED_EDGE('',*,*,#1089,.F.);
#595=ORIENTED_EDGE('',*,*,#1090,.F.);
#596=ORIENTED_EDGE('',*,*,#1091,.F.);
#597=ORIENTED_EDGE('',*,*,#1092,.F.);
#598=ORIENTED_EDGE('',*,*,#1093,.F.);
#599=ORIENTED_EDGE('',*,*,#1094,.F.);
#600=ORIENTED_EDGE('',*,*,#1095,.F.);
#601=ORIENTED_EDGE('',*,*,#1096,.F.);
#602=ORIENTED_EDGE('',*,*,#1097,.F.);
#603=ORIENTED_EDGE('',*,*,#1098,.F.);
#604=ORIENTED_EDGE('',*,*,#1099,.F.);
#605=ORIENTED_EDGE('',*,*,#1100,.F.);
#606=ORIENTED_EDGE('',*,*,#1101,.F.);
#607=ORIENTED_EDGE('',*,*,#1102,.F.);
#608=ORIENTED_EDGE('',*,*,#1103,.F.);
#609=ORIENTED_EDGE('',*,*,#1104,.T.);
#610=ORIENTED_EDGE('',*,*,#1105,.T.);
#611=ORIENTED_EDGE('',*,*,#1106,.T.);
#612=ORIENTED_EDGE('',*,*,#1107,.T.);
#613=ORIENTED_EDGE('',*,*,#1108,.T.);
#614=ORIENTED_EDGE('',*,*,#1109,.T.);
#615=ORIENTED_EDGE('',*,*,#1110,.T.);
#616=ORIENTED_EDGE('',*,*,#1111,.T.);
#617=ORIENTED_EDGE('',*,*,#1088,.T.);
#618=ORIENTED_EDGE('',*,*,#1112,.F.);
#619=ORIENTED_EDGE('',*,*,#1064,.F.);
#620=ORIENTED_EDGE('',*,*,#1113,.T.);
#621=ORIENTED_EDGE('',*,*,#1103,.T.);
#622=ORIENTED_EDGE('',*,*,#1114,.F.);
#623=ORIENTED_EDGE('',*,*,#1065,.F.);
#624=ORIENTED_EDGE('',*,*,#1112,.T.);
#625=ORIENTED_EDGE('',*,*,#1102,.T.);
#626=ORIENTED_EDGE('',*,*,#1115,.F.);
#627=ORIENTED_EDGE('',*,*,#1066,.F.);
#628=ORIENTED_EDGE('',*,*,#1114,.T.);
#629=ORIENTED_EDGE('',*,*,#1101,.T.);
#630=ORIENTED_EDGE('',*,*,#1116,.F.);
#631=ORIENTED_EDGE('',*,*,#1067,.F.);
#632=ORIENTED_EDGE('',*,*,#1115,.T.);
#633=ORIENTED_EDGE('',*,*,#1100,.T.);
#634=ORIENTED_EDGE('',*,*,#1117,.F.);
#635=ORIENTED_EDGE('',*,*,#1068,.F.);
#636=ORIENTED_EDGE('',*,*,#1116,.T.);
#637=ORIENTED_EDGE('',*,*,#1099,.T.);
#638=ORIENTED_EDGE('',*,*,#1118,.F.);
#639=ORIENTED_EDGE('',*,*,#1069,.F.);
#640=ORIENTED_EDGE('',*,*,#1117,.T.);
#641=ORIENTED_EDGE('',*,*,#1098,.T.);
#642=ORIENTED_EDGE('',*,*,#1119,.F.);
#643=ORIENTED_EDGE('',*,*,#1070,.F.);
#644=ORIENTED_EDGE('',*,*,#1118,.T.);
#645=ORIENTED_EDGE('',*,*,#1097,.T.);
#646=ORIENTED_EDGE('',*,*,#1120,.F.);
#647=ORIENTED_EDGE('',*,*,#1071,.F.);
#648=ORIENTED_EDGE('',*,*,#1119,.T.);
#649=ORIENTED_EDGE('',*,*,#1096,.T.);
#650=ORIENTED_EDGE('',*,*,#1121,.F.);
#651=ORIENTED_EDGE('',*,*,#1072,.F.);
#652=ORIENTED_EDGE('',*,*,#1120,.T.);
#653=ORIENTED_EDGE('',*,*,#1095,.T.);
#654=ORIENTED_EDGE('',*,*,#1122,.F.);
#655=ORIENTED_EDGE('',*,*,#1073,.F.);
#656=ORIENTED_EDGE('',*,*,#1121,.T.);
#657=ORIENTED_EDGE('',*,*,#1094,.T.);
#658=ORIENTED_EDGE('',*,*,#1123,.F.);
#659=ORIENTED_EDGE('',*,*,#1074,.F.);
#660=ORIENTED_EDGE('',*,*,#1122,.T.);
#661=ORIENTED_EDGE('',*,*,#1093,.T.);
#662=ORIENTED_EDGE('',*,*,#1124,.F.);
#663=ORIENTED_EDGE('',*,*,#1075,.F.);
#664=ORIENTED_EDGE('',*,*,#1123,.T.);
#665=ORIENTED_EDGE('',*,*,#1092,.T.);
#666=ORIENTED_EDGE('',*,*,#1125,.F.);
#667=ORIENTED_EDGE('',*,*,#1076,.F.);
#668=ORIENTED_EDGE('',*,*,#1124,.T.);
#669=ORIENTED_EDGE('',*,*,#1091,.T.);
#670=ORIENTED_EDGE('',*,*,#1126,.F.);
#671=ORIENTED_EDGE('',*,*,#1077,.F.);
#672=ORIENTED_EDGE('',*,*,#1125,.T.);
#673=ORIENTED_EDGE('',*,*,#1090,.T.);
#674=ORIENTED_EDGE('',*,*,#1127,.F.);
#675=ORIENTED_EDGE('',*,*,#1078,.F.);
#676=ORIENTED_EDGE('',*,*,#1126,.T.);
#677=ORIENTED_EDGE('',*,*,#1089,.T.);
#678=ORIENTED_EDGE('',*,*,#1113,.F.);
#679=ORIENTED_EDGE('',*,*,#1079,.F.);
#680=ORIENTED_EDGE('',*,*,#1127,.T.);
#681=ORIENTED_EDGE('',*,*,#1080,.T.);
#682=ORIENTED_EDGE('',*,*,#1128,.T.);
#683=ORIENTED_EDGE('',*,*,#1105,.F.);
#684=ORIENTED_EDGE('',*,*,#1129,.F.);
#685=ORIENTED_EDGE('',*,*,#1087,.T.);
#686=ORIENTED_EDGE('',*,*,#1130,.T.);
#687=ORIENTED_EDGE('',*,*,#1106,.F.);
#688=ORIENTED_EDGE('',*,*,#1128,.F.);
#689=ORIENTED_EDGE('',*,*,#1086,.T.);
#690=ORIENTED_EDGE('',*,*,#1131,.T.);
#691=ORIENTED_EDGE('',*,*,#1107,.F.);
#692=ORIENTED_EDGE('',*,*,#1130,.F.);
#693=ORIENTED_EDGE('',*,*,#1085,.T.);
#694=ORIENTED_EDGE('',*,*,#1132,.T.);
#695=ORIENTED_EDGE('',*,*,#1108,.F.);
#696=ORIENTED_EDGE('',*,*,#1131,.F.);
#697=ORIENTED_EDGE('',*,*,#1084,.T.);
#698=ORIENTED_EDGE('',*,*,#1133,.T.);
#699=ORIENTED_EDGE('',*,*,#1109,.F.);
#700=ORIENTED_EDGE('',*,*,#1132,.F.);
#701=ORIENTED_EDGE('',*,*,#1083,.T.);
#702=ORIENTED_EDGE('',*,*,#1134,.T.);
#703=ORIENTED_EDGE('',*,*,#1110,.F.);
#704=ORIENTED_EDGE('',*,*,#1133,.F.);
#705=ORIENTED_EDGE('',*,*,#1082,.T.);
#706=ORIENTED_EDGE('',*,*,#1135,.T.);
#707=ORIENTED_EDGE('',*,*,#1111,.F.);
#708=ORIENTED_EDGE('',*,*,#1134,.F.);
#709=ORIENTED_EDGE('',*,*,#1081,.T.);
#710=ORIENTED_EDGE('',*,*,#1129,.T.);
#711=ORIENTED_EDGE('',*,*,#1104,.F.);
#712=ORIENTED_EDGE('',*,*,#1135,.F.);
#713=ORIENTED_EDGE('',*,*,#1136,.T.);
#714=ORIENTED_EDGE('',*,*,#1137,.T.);
#715=ORIENTED_EDGE('',*,*,#1138,.F.);
#716=ORIENTED_EDGE('',*,*,#1139,.F.);
#717=ORIENTED_EDGE('',*,*,#1138,.T.);
#718=ORIENTED_EDGE('',*,*,#1140,.T.);
#719=ORIENTED_EDGE('',*,*,#1141,.F.);
#720=ORIENTED_EDGE('',*,*,#1142,.F.);
#721=ORIENTED_EDGE('',*,*,#1141,.T.);
#722=ORIENTED_EDGE('',*,*,#1143,.T.);
#723=ORIENTED_EDGE('',*,*,#1144,.F.);
#724=ORIENTED_EDGE('',*,*,#1145,.F.);
#725=ORIENTED_EDGE('',*,*,#1144,.T.);
#726=ORIENTED_EDGE('',*,*,#1146,.T.);
#727=ORIENTED_EDGE('',*,*,#1147,.F.);
#728=ORIENTED_EDGE('',*,*,#1148,.F.);
#729=ORIENTED_EDGE('',*,*,#1149,.T.);
#730=ORIENTED_EDGE('',*,*,#1150,.T.);
#731=ORIENTED_EDGE('',*,*,#1151,.F.);
#732=ORIENTED_EDGE('',*,*,#1152,.F.);
#733=ORIENTED_EDGE('',*,*,#1151,.T.);
#734=ORIENTED_EDGE('',*,*,#1153,.T.);
#735=ORIENTED_EDGE('',*,*,#1154,.F.);
#736=ORIENTED_EDGE('',*,*,#1155,.F.);
#737=ORIENTED_EDGE('',*,*,#1154,.T.);
#738=ORIENTED_EDGE('',*,*,#1156,.T.);
#739=ORIENTED_EDGE('',*,*,#1136,.F.);
#740=ORIENTED_EDGE('',*,*,#1157,.F.);
#741=ORIENTED_EDGE('',*,*,#1147,.T.);
#742=ORIENTED_EDGE('',*,*,#1158,.T.);
#743=ORIENTED_EDGE('',*,*,#1159,.T.);
#744=ORIENTED_EDGE('',*,*,#1160,.T.);
#745=ORIENTED_EDGE('',*,*,#1161,.F.);
#746=ORIENTED_EDGE('',*,*,#1162,.F.);
#747=ORIENTED_EDGE('',*,*,#1163,.F.);
#748=ORIENTED_EDGE('',*,*,#1164,.F.);
#749=ORIENTED_EDGE('',*,*,#1165,.F.);
#750=ORIENTED_EDGE('',*,*,#1166,.F.);
#751=ORIENTED_EDGE('',*,*,#1167,.F.);
#752=ORIENTED_EDGE('',*,*,#1168,.T.);
#753=ORIENTED_EDGE('',*,*,#1169,.T.);
#754=ORIENTED_EDGE('',*,*,#1170,.T.);
#755=ORIENTED_EDGE('',*,*,#1161,.T.);
#756=ORIENTED_EDGE('',*,*,#1171,.F.);
#757=ORIENTED_EDGE('',*,*,#1167,.T.);
#758=ORIENTED_EDGE('',*,*,#1172,.T.);
#759=ORIENTED_EDGE('',*,*,#1173,.F.);
#760=ORIENTED_EDGE('',*,*,#1174,.F.);
#761=ORIENTED_EDGE('',*,*,#1173,.T.);
#762=ORIENTED_EDGE('',*,*,#1175,.T.);
#763=ORIENTED_EDGE('',*,*,#1176,.T.);
#764=ORIENTED_EDGE('',*,*,#1177,.T.);
#765=ORIENTED_EDGE('',*,*,#1178,.F.);
#766=ORIENTED_EDGE('',*,*,#1179,.F.);
#767=ORIENTED_EDGE('',*,*,#1180,.F.);
#768=ORIENTED_EDGE('',*,*,#1181,.F.);
#769=ORIENTED_EDGE('',*,*,#1182,.T.);
#770=ORIENTED_EDGE('',*,*,#1183,.T.);
#771=ORIENTED_EDGE('',*,*,#1149,.F.);
#772=ORIENTED_EDGE('',*,*,#1184,.F.);
#773=ORIENTED_EDGE('',*,*,#1185,.F.);
#774=ORIENTED_EDGE('',*,*,#1186,.F.);
#775=ORIENTED_EDGE('',*,*,#1178,.T.);
#776=ORIENTED_EDGE('',*,*,#1187,.T.);
#777=ORIENTED_EDGE('',*,*,#1174,.T.);
#778=ORIENTED_EDGE('',*,*,#1181,.T.);
#779=ORIENTED_EDGE('',*,*,#1188,.T.);
#780=ORIENTED_EDGE('',*,*,#1168,.F.);
#781=ORIENTED_EDGE('',*,*,#1180,.T.);
#782=ORIENTED_EDGE('',*,*,#1189,.T.);
#783=ORIENTED_EDGE('',*,*,#1169,.F.);
#784=ORIENTED_EDGE('',*,*,#1188,.F.);
#785=ORIENTED_EDGE('',*,*,#1162,.T.);
#786=ORIENTED_EDGE('',*,*,#1170,.F.);
#787=ORIENTED_EDGE('',*,*,#1189,.F.);
#788=ORIENTED_EDGE('',*,*,#1179,.T.);
#789=ORIENTED_EDGE('',*,*,#1186,.T.);
#790=ORIENTED_EDGE('',*,*,#1190,.T.);
#791=ORIENTED_EDGE('',*,*,#1163,.T.);
#792=ORIENTED_EDGE('',*,*,#1190,.F.);
#793=ORIENTED_EDGE('',*,*,#1185,.T.);
#794=ORIENTED_EDGE('',*,*,#1191,.T.);
#795=ORIENTED_EDGE('',*,*,#1164,.T.);
#796=ORIENTED_EDGE('',*,*,#1191,.F.);
#797=ORIENTED_EDGE('',*,*,#1184,.T.);
#798=ORIENTED_EDGE('',*,*,#1152,.T.);
#799=ORIENTED_EDGE('',*,*,#1155,.T.);
#800=ORIENTED_EDGE('',*,*,#1157,.T.);
#801=ORIENTED_EDGE('',*,*,#1139,.T.);
#802=ORIENTED_EDGE('',*,*,#1142,.T.);
#803=ORIENTED_EDGE('',*,*,#1145,.T.);
#804=ORIENTED_EDGE('',*,*,#1148,.T.);
#805=ORIENTED_EDGE('',*,*,#1146,.F.);
#806=ORIENTED_EDGE('',*,*,#1143,.F.);
#807=ORIENTED_EDGE('',*,*,#1140,.F.);
#808=ORIENTED_EDGE('',*,*,#1137,.F.);
#809=ORIENTED_EDGE('',*,*,#1156,.F.);
#810=ORIENTED_EDGE('',*,*,#1153,.F.);
#811=ORIENTED_EDGE('',*,*,#1150,.F.);
#812=ORIENTED_EDGE('',*,*,#1183,.F.);
#813=ORIENTED_EDGE('',*,*,#1192,.T.);
#814=ORIENTED_EDGE('',*,*,#1158,.F.);
#815=ORIENTED_EDGE('',*,*,#1192,.F.);
#816=ORIENTED_EDGE('',*,*,#1182,.F.);
#817=ORIENTED_EDGE('',*,*,#1193,.T.);
#818=ORIENTED_EDGE('',*,*,#1159,.F.);
#819=ORIENTED_EDGE('',*,*,#1193,.F.);
#820=ORIENTED_EDGE('',*,*,#1187,.F.);
#821=ORIENTED_EDGE('',*,*,#1177,.F.);
#822=ORIENTED_EDGE('',*,*,#1194,.T.);
#823=ORIENTED_EDGE('',*,*,#1171,.T.);
#824=ORIENTED_EDGE('',*,*,#1160,.F.);
#825=ORIENTED_EDGE('',*,*,#1195,.T.);
#826=ORIENTED_EDGE('',*,*,#1165,.T.);
#827=ORIENTED_EDGE('',*,*,#1194,.F.);
#828=ORIENTED_EDGE('',*,*,#1176,.F.);
#829=ORIENTED_EDGE('',*,*,#1166,.T.);
#830=ORIENTED_EDGE('',*,*,#1195,.F.);
#831=ORIENTED_EDGE('',*,*,#1175,.F.);
#832=ORIENTED_EDGE('',*,*,#1172,.F.);
#833=ORIENTED_EDGE('',*,*,#1196,.T.);
#834=ORIENTED_EDGE('',*,*,#1197,.T.);
#835=ORIENTED_EDGE('',*,*,#1198,.F.);
#836=ORIENTED_EDGE('',*,*,#1199,.T.);
#837=ORIENTED_EDGE('',*,*,#1200,.T.);
#838=ORIENTED_EDGE('',*,*,#1201,.T.);
#839=ORIENTED_EDGE('',*,*,#1196,.F.);
#840=ORIENTED_EDGE('',*,*,#1202,.T.);
#841=ORIENTED_EDGE('',*,*,#1203,.T.);
#842=ORIENTED_EDGE('',*,*,#1204,.T.);
#843=ORIENTED_EDGE('',*,*,#1200,.F.);
#844=ORIENTED_EDGE('',*,*,#1205,.T.);
#845=ORIENTED_EDGE('',*,*,#1206,.T.);
#846=ORIENTED_EDGE('',*,*,#1207,.T.);
#847=ORIENTED_EDGE('',*,*,#1203,.F.);
#848=ORIENTED_EDGE('',*,*,#1208,.T.);
#849=ORIENTED_EDGE('',*,*,#1209,.T.);
#850=ORIENTED_EDGE('',*,*,#1210,.T.);
#851=ORIENTED_EDGE('',*,*,#1211,.T.);
#852=ORIENTED_EDGE('',*,*,#1212,.T.);
#853=ORIENTED_EDGE('',*,*,#1213,.T.);
#854=ORIENTED_EDGE('',*,*,#1214,.T.);
#855=ORIENTED_EDGE('',*,*,#1215,.T.);
#856=ORIENTED_EDGE('',*,*,#1216,.T.);
#857=ORIENTED_EDGE('',*,*,#1211,.F.);
#858=ORIENTED_EDGE('',*,*,#1217,.T.);
#859=ORIENTED_EDGE('',*,*,#1218,.T.);
#860=ORIENTED_EDGE('',*,*,#1219,.T.);
#861=ORIENTED_EDGE('',*,*,#1220,.T.);
#862=ORIENTED_EDGE('',*,*,#1221,.T.);
#863=ORIENTED_EDGE('',*,*,#1213,.F.);
#864=ORIENTED_EDGE('',*,*,#1222,.T.);
#865=ORIENTED_EDGE('',*,*,#1223,.F.);
#866=ORIENTED_EDGE('',*,*,#1224,.F.);
#867=ORIENTED_EDGE('',*,*,#1220,.F.);
#868=ORIENTED_EDGE('',*,*,#1225,.F.);
#869=ORIENTED_EDGE('',*,*,#1226,.F.);
#870=ORIENTED_EDGE('',*,*,#1227,.F.);
#871=ORIENTED_EDGE('',*,*,#1228,.T.);
#872=ORIENTED_EDGE('',*,*,#1229,.F.);
#873=ORIENTED_EDGE('',*,*,#1230,.T.);
#874=ORIENTED_EDGE('',*,*,#1231,.T.);
#875=ORIENTED_EDGE('',*,*,#1232,.T.);
#876=ORIENTED_EDGE('',*,*,#1233,.T.);
#877=ORIENTED_EDGE('',*,*,#1228,.F.);
#878=ORIENTED_EDGE('',*,*,#1234,.T.);
#879=ORIENTED_EDGE('',*,*,#1235,.T.);
#880=ORIENTED_EDGE('',*,*,#1236,.T.);
#881=ORIENTED_EDGE('',*,*,#1237,.T.);
#882=ORIENTED_EDGE('',*,*,#1238,.T.);
#883=ORIENTED_EDGE('',*,*,#1230,.F.);
#884=ORIENTED_EDGE('',*,*,#1239,.T.);
#885=ORIENTED_EDGE('',*,*,#1240,.T.);
#886=ORIENTED_EDGE('',*,*,#1241,.T.);
#887=ORIENTED_EDGE('',*,*,#1237,.F.);
#888=ORIENTED_EDGE('',*,*,#1242,.T.);
#889=ORIENTED_EDGE('',*,*,#1243,.T.);
#890=ORIENTED_EDGE('',*,*,#1244,.T.);
#891=ORIENTED_EDGE('',*,*,#1240,.F.);
#892=ORIENTED_EDGE('',*,*,#1245,.T.);
#893=ORIENTED_EDGE('',*,*,#1198,.T.);
#894=ORIENTED_EDGE('',*,*,#1246,.T.);
#895=ORIENTED_EDGE('',*,*,#1243,.F.);
#896=ORIENTED_EDGE('',*,*,#1247,.T.);
#897=ORIENTED_EDGE('',*,*,#1219,.F.);
#898=ORIENTED_EDGE('',*,*,#1248,.T.);
#899=ORIENTED_EDGE('',*,*,#1225,.T.);
#900=ORIENTED_EDGE('',*,*,#1222,.F.);
#901=ORIENTED_EDGE('',*,*,#1249,.F.);
#902=ORIENTED_EDGE('',*,*,#1208,.F.);
#903=ORIENTED_EDGE('',*,*,#1205,.F.);
#904=ORIENTED_EDGE('',*,*,#1202,.F.);
#905=ORIENTED_EDGE('',*,*,#1199,.F.);
#906=ORIENTED_EDGE('',*,*,#1247,.F.);
#907=ORIENTED_EDGE('',*,*,#1245,.F.);
#908=ORIENTED_EDGE('',*,*,#1242,.F.);
#909=ORIENTED_EDGE('',*,*,#1239,.F.);
#910=ORIENTED_EDGE('',*,*,#1236,.F.);
#911=ORIENTED_EDGE('',*,*,#1227,.T.);
#912=ORIENTED_EDGE('',*,*,#1250,.F.);
#913=ORIENTED_EDGE('',*,*,#1217,.F.);
#914=ORIENTED_EDGE('',*,*,#1210,.F.);
#915=ORIENTED_EDGE('',*,*,#1251,.T.);
#916=ORIENTED_EDGE('',*,*,#1234,.F.);
#917=ORIENTED_EDGE('',*,*,#1251,.F.);
#918=ORIENTED_EDGE('',*,*,#1209,.F.);
#919=ORIENTED_EDGE('',*,*,#1249,.T.);
#920=ORIENTED_EDGE('',*,*,#1235,.F.);
#921=ORIENTED_EDGE('',*,*,#1250,.T.);
#922=ORIENTED_EDGE('',*,*,#1226,.T.);
#923=ORIENTED_EDGE('',*,*,#1248,.F.);
#924=ORIENTED_EDGE('',*,*,#1218,.F.);
#925=ORIENTED_EDGE('',*,*,#1221,.F.);
#926=ORIENTED_EDGE('',*,*,#1224,.T.);
#927=ORIENTED_EDGE('',*,*,#1252,.F.);
#928=ORIENTED_EDGE('',*,*,#1214,.F.);
#929=ORIENTED_EDGE('',*,*,#1252,.T.);
#930=ORIENTED_EDGE('',*,*,#1223,.T.);
#931=ORIENTED_EDGE('',*,*,#1253,.F.);
#932=ORIENTED_EDGE('',*,*,#1215,.F.);
#933=ORIENTED_EDGE('',*,*,#1216,.F.);
#934=ORIENTED_EDGE('',*,*,#1253,.T.);
#935=ORIENTED_EDGE('',*,*,#1229,.T.);
#936=ORIENTED_EDGE('',*,*,#1233,.F.);
#937=ORIENTED_EDGE('',*,*,#1254,.F.);
#938=ORIENTED_EDGE('',*,*,#1212,.F.);
#939=ORIENTED_EDGE('',*,*,#1254,.T.);
#940=ORIENTED_EDGE('',*,*,#1232,.F.);
#941=ORIENTED_EDGE('',*,*,#1255,.F.);
#942=ORIENTED_EDGE('',*,*,#1206,.F.);
#943=ORIENTED_EDGE('',*,*,#1255,.T.);
#944=ORIENTED_EDGE('',*,*,#1231,.F.);
#945=ORIENTED_EDGE('',*,*,#1238,.F.);
#946=ORIENTED_EDGE('',*,*,#1241,.F.);
#947=ORIENTED_EDGE('',*,*,#1244,.F.);
#948=ORIENTED_EDGE('',*,*,#1246,.F.);
#949=ORIENTED_EDGE('',*,*,#1197,.F.);
#950=ORIENTED_EDGE('',*,*,#1201,.F.);
#951=ORIENTED_EDGE('',*,*,#1204,.F.);
#952=ORIENTED_EDGE('',*,*,#1207,.F.);
#953=ORIENTED_EDGE('',*,*,#1256,.T.);
#954=ORIENTED_EDGE('',*,*,#1257,.T.);
#955=ORIENTED_EDGE('',*,*,#1258,.T.);
#956=ORIENTED_EDGE('',*,*,#1259,.T.);
#957=ORIENTED_EDGE('',*,*,#1260,.T.);
#958=ORIENTED_EDGE('',*,*,#1261,.T.);
#959=ORIENTED_EDGE('',*,*,#1256,.F.);
#960=ORIENTED_EDGE('',*,*,#1262,.T.);
#961=ORIENTED_EDGE('',*,*,#1263,.F.);
#962=ORIENTED_EDGE('',*,*,#1264,.F.);
#963=ORIENTED_EDGE('',*,*,#1260,.F.);
#964=ORIENTED_EDGE('',*,*,#1265,.F.);
#965=ORIENTED_EDGE('',*,*,#1264,.T.);
#966=ORIENTED_EDGE('',*,*,#1266,.F.);
#967=ORIENTED_EDGE('',*,*,#1257,.F.);
#968=ORIENTED_EDGE('',*,*,#1261,.F.);
#969=ORIENTED_EDGE('',*,*,#1266,.T.);
#970=ORIENTED_EDGE('',*,*,#1263,.T.);
#971=ORIENTED_EDGE('',*,*,#1267,.F.);
#972=ORIENTED_EDGE('',*,*,#1258,.F.);
#973=ORIENTED_EDGE('',*,*,#1259,.F.);
#974=ORIENTED_EDGE('',*,*,#1267,.T.);
#975=ORIENTED_EDGE('',*,*,#1265,.T.);
#976=ORIENTED_EDGE('',*,*,#1262,.F.);
#977=EDGE_CURVE('',#1268,#1269,#1461,.T.);
#978=EDGE_CURVE('',#1269,#1270,#78,.T.);
#979=EDGE_CURVE('',#1270,#1271,#79,.T.);
#980=EDGE_CURVE('',#1271,#1272,#80,.T.);
#981=EDGE_CURVE('',#1272,#1273,#81,.T.);
#982=EDGE_CURVE('',#1273,#1274,#82,.T.);
#983=EDGE_CURVE('',#1274,#1275,#83,.T.);
#984=EDGE_CURVE('',#1275,#1276,#84,.T.);
#985=EDGE_CURVE('',#1276,#1277,#85,.T.);
#986=EDGE_CURVE('',#1277,#1278,#86,.T.);
#987=EDGE_CURVE('',#1278,#1279,#87,.T.);
#988=EDGE_CURVE('',#1279,#1268,#88,.T.);
#989=EDGE_CURVE('',#1280,#1281,#89,.T.);
#990=EDGE_CURVE('',#1282,#1280,#38,.T.);
#991=EDGE_CURVE('',#1283,#1282,#90,.T.);
#992=EDGE_CURVE('',#1284,#1283,#39,.T.);
#993=EDGE_CURVE('',#1285,#1284,#91,.T.);
#994=EDGE_CURVE('',#1286,#1285,#40,.T.);
#995=EDGE_CURVE('',#1287,#1286,#92,.T.);
#996=EDGE_CURVE('',#1281,#1287,#41,.T.);
#997=EDGE_CURVE('',#1288,#1279,#93,.T.);
#998=EDGE_CURVE('',#1288,#1289,#94,.T.);
#999=EDGE_CURVE('',#1289,#1268,#95,.T.);
#1000=EDGE_CURVE('',#1290,#1278,#96,.T.);
#1001=EDGE_CURVE('',#1290,#1288,#97,.T.);
#1002=EDGE_CURVE('',#1291,#1277,#98,.T.);
#1003=EDGE_CURVE('',#1291,#1290,#99,.T.);
#1004=EDGE_CURVE('',#1292,#1276,#100,.T.);
#1005=EDGE_CURVE('',#1292,#1291,#101,.T.);
#1006=EDGE_CURVE('',#1293,#1275,#102,.T.);
#1007=EDGE_CURVE('',#1293,#1292,#103,.T.);
#1008=EDGE_CURVE('',#1294,#1274,#104,.T.);
#1009=EDGE_CURVE('',#1294,#1293,#105,.T.);
#1010=EDGE_CURVE('',#1295,#1273,#106,.T.);
#1011=EDGE_CURVE('',#1295,#1294,#107,.T.);
#1012=EDGE_CURVE('',#1296,#1272,#108,.T.);
#1013=EDGE_CURVE('',#1296,#1295,#109,.T.);
#1014=EDGE_CURVE('',#1297,#1271,#110,.T.);
#1015=EDGE_CURVE('',#1297,#1296,#111,.T.);
#1016=EDGE_CURVE('',#1298,#1270,#112,.T.);
#1017=EDGE_CURVE('',#1298,#1297,#113,.T.);
#1018=EDGE_CURVE('',#1299,#1269,#1462,.T.);
#1019=EDGE_CURVE('',#1299,#1298,#114,.T.);
#1020=EDGE_CURVE('',#1300,#1301,#115,.T.);
#1021=EDGE_CURVE('',#1300,#1280,#116,.T.);
#1022=EDGE_CURVE('',#1301,#1281,#117,.T.);
#1023=EDGE_CURVE('',#1301,#1302,#42,.F.);
#1024=EDGE_CURVE('',#1302,#1287,#118,.T.);
#1025=EDGE_CURVE('',#1302,#1303,#119,.T.);
#1026=EDGE_CURVE('',#1303,#1286,#120,.T.);
#1027=EDGE_CURVE('',#1303,#1304,#43,.F.);
#1028=EDGE_CURVE('',#1304,#1285,#121,.T.);
#1029=EDGE_CURVE('',#1304,#1305,#122,.T.);
#1030=EDGE_CURVE('',#1305,#1284,#123,.T.);
#1031=EDGE_CURVE('',#1305,#1306,#44,.F.);
#1032=EDGE_CURVE('',#1306,#1283,#124,.T.);
#1033=EDGE_CURVE('',#1306,#1307,#125,.T.);
#1034=EDGE_CURVE('',#1307,#1282,#126,.T.);
#1035=EDGE_CURVE('',#1307,#1300,#45,.F.);
#1036=EDGE_CURVE('',#1308,#1309,#127,.T.);
#1037=EDGE_CURVE('',#1309,#1310,#128,.T.);
#1038=EDGE_CURVE('',#1310,#1311,#129,.T.);
#1039=EDGE_CURVE('',#1311,#1308,#130,.T.);
#1040=EDGE_CURVE('',#1311,#1312,#131,.T.);
#1041=EDGE_CURVE('',#1313,#1312,#132,.T.);
#1042=EDGE_CURVE('',#1313,#1308,#133,.T.);
#1043=EDGE_CURVE('',#1309,#1314,#134,.T.);
#1044=EDGE_CURVE('',#1315,#1314,#135,.T.);
#1045=EDGE_CURVE('',#1315,#1316,#136,.F.);
#1046=EDGE_CURVE('',#1310,#1316,#137,.T.);
#1047=EDGE_CURVE('',#1312,#1317,#138,.T.);
#1048=EDGE_CURVE('',#1317,#1318,#139,.T.);
#1049=EDGE_CURVE('',#1318,#1313,#140,.T.);
#1050=EDGE_CURVE('',#1319,#1318,#141,.T.);
#1051=EDGE_CURVE('',#1319,#1309,#142,.T.);
#1052=EDGE_CURVE('',#1320,#1321,#143,.F.);
#1053=EDGE_CURVE('',#1314,#1320,#144,.T.);
#1054=EDGE_CURVE('',#1321,#1319,#145,.F.);
#1055=EDGE_CURVE('',#1322,#1299,#1463,.T.);
#1056=EDGE_CURVE('',#1269,#1323,#1464,.T.);
#1057=EDGE_CURVE('',#1323,#1322,#146,.T.);
#1058=EDGE_CURVE('',#1324,#1323,#147,.T.);
#1059=EDGE_CURVE('',#1316,#1324,#148,.T.);
#1060=EDGE_CURVE('',#1322,#1315,#149,.T.);
#1061=EDGE_CURVE('',#1317,#1324,#150,.T.);
#1062=EDGE_CURVE('',#1321,#1268,#1465,.F.);
#1063=EDGE_CURVE('',#1289,#1320,#1466,.F.);
#1064=EDGE_CURVE('',#1325,#1326,#151,.T.);
#1065=EDGE_CURVE('',#1326,#1327,#152,.T.);
#1066=EDGE_CURVE('',#1327,#1328,#153,.T.);
#1067=EDGE_CURVE('',#1328,#1329,#154,.T.);
#1068=EDGE_CURVE('',#1329,#1330,#155,.T.);
#1069=EDGE_CURVE('',#1330,#1331,#156,.T.);
#1070=EDGE_CURVE('',#1331,#1332,#157,.T.);
#1071=EDGE_CURVE('',#1332,#1333,#158,.T.);
#1072=EDGE_CURVE('',#1333,#1334,#159,.T.);
#1073=EDGE_CURVE('',#1334,#1335,#160,.T.);
#1074=EDGE_CURVE('',#1335,#1336,#161,.T.);
#1075=EDGE_CURVE('',#1336,#1337,#162,.T.);
#1076=EDGE_CURVE('',#1337,#1338,#163,.T.);
#1077=EDGE_CURVE('',#1338,#1339,#164,.T.);
#1078=EDGE_CURVE('',#1339,#1340,#165,.T.);
#1079=EDGE_CURVE('',#1340,#1325,#166,.T.);
#1080=EDGE_CURVE('',#1341,#1342,#46,.F.);
#1081=EDGE_CURVE('',#1343,#1341,#167,.T.);
#1082=EDGE_CURVE('',#1344,#1343,#47,.F.);
#1083=EDGE_CURVE('',#1345,#1344,#168,.T.);
#1084=EDGE_CURVE('',#1346,#1345,#48,.F.);
#1085=EDGE_CURVE('',#1347,#1346,#169,.T.);
#1086=EDGE_CURVE('',#1348,#1347,#49,.F.);
#1087=EDGE_CURVE('',#1342,#1348,#170,.T.);
#1088=EDGE_CURVE('',#1349,#1350,#171,.T.);
#1089=EDGE_CURVE('',#1351,#1349,#172,.T.);
#1090=EDGE_CURVE('',#1352,#1351,#173,.T.);
#1091=EDGE_CURVE('',#1353,#1352,#174,.T.);
#1092=EDGE_CURVE('',#1354,#1353,#175,.T.);
#1093=EDGE_CURVE('',#1355,#1354,#176,.T.);
#1094=EDGE_CURVE('',#1356,#1355,#177,.T.);
#1095=EDGE_CURVE('',#1357,#1356,#178,.T.);
#1096=EDGE_CURVE('',#1358,#1357,#179,.T.);
#1097=EDGE_CURVE('',#1359,#1358,#180,.T.);
#1098=EDGE_CURVE('',#1360,#1359,#181,.T.);
#1099=EDGE_CURVE('',#1361,#1360,#182,.T.);
#1100=EDGE_CURVE('',#1362,#1361,#183,.T.);
#1101=EDGE_CURVE('',#1363,#1362,#184,.T.);
#1102=EDGE_CURVE('',#1364,#1363,#185,.T.);
#1103=EDGE_CURVE('',#1350,#1364,#186,.T.);
#1104=EDGE_CURVE('',#1365,#1366,#187,.T.);
#1105=EDGE_CURVE('',#1366,#1367,#50,.T.);
#1106=EDGE_CURVE('',#1367,#1368,#188,.T.);
#1107=EDGE_CURVE('',#1368,#1369,#51,.T.);
#1108=EDGE_CURVE('',#1369,#1370,#189,.T.);
#1109=EDGE_CURVE('',#1370,#1371,#52,.T.);
#1110=EDGE_CURVE('',#1371,#1372,#190,.T.);
#1111=EDGE_CURVE('',#1372,#1365,#53,.T.);
#1112=EDGE_CURVE('',#1326,#1350,#191,.T.);
#1113=EDGE_CURVE('',#1325,#1349,#192,.T.);
#1114=EDGE_CURVE('',#1327,#1364,#193,.T.);
#1115=EDGE_CURVE('',#1328,#1363,#194,.T.);
#1116=EDGE_CURVE('',#1329,#1362,#195,.T.);
#1117=EDGE_CURVE('',#1330,#1361,#196,.T.);
#1118=EDGE_CURVE('',#1331,#1360,#197,.T.);
#1119=EDGE_CURVE('',#1332,#1359,#198,.T.);
#1120=EDGE_CURVE('',#1333,#1358,#199,.T.);
#1121=EDGE_CURVE('',#1334,#1357,#200,.T.);
#1122=EDGE_CURVE('',#1335,#1356,#201,.T.);
#1123=EDGE_CURVE('',#1336,#1355,#202,.T.);
#1124=EDGE_CURVE('',#1337,#1354,#203,.T.);
#1125=EDGE_CURVE('',#1338,#1353,#204,.T.);
#1126=EDGE_CURVE('',#1339,#1352,#205,.T.);
#1127=EDGE_CURVE('',#1340,#1351,#206,.T.);
#1128=EDGE_CURVE('',#1342,#1367,#207,.T.);
#1129=EDGE_CURVE('',#1341,#1366,#208,.T.);
#1130=EDGE_CURVE('',#1348,#1368,#209,.T.);
#1131=EDGE_CURVE('',#1347,#1369,#210,.T.);
#1132=EDGE_CURVE('',#1346,#1370,#211,.T.);
#1133=EDGE_CURVE('',#1345,#1371,#212,.T.);
#1134=EDGE_CURVE('',#1344,#1372,#213,.T.);
#1135=EDGE_CURVE('',#1343,#1365,#214,.T.);
#1136=EDGE_CURVE('',#1373,#1374,#215,.T.);
#1137=EDGE_CURVE('',#1374,#1375,#216,.T.);
#1138=EDGE_CURVE('',#1376,#1375,#217,.T.);
#1139=EDGE_CURVE('',#1373,#1376,#218,.T.);
#1140=EDGE_CURVE('',#1375,#1377,#219,.T.);
#1141=EDGE_CURVE('',#1378,#1377,#220,.T.);
#1142=EDGE_CURVE('',#1376,#1378,#221,.T.);
#1143=EDGE_CURVE('',#1377,#1379,#54,.F.);
#1144=EDGE_CURVE('',#1380,#1379,#222,.T.);
#1145=EDGE_CURVE('',#1378,#1380,#55,.F.);
#1146=EDGE_CURVE('',#1379,#1381,#223,.T.);
#1147=EDGE_CURVE('',#1382,#1381,#224,.T.);
#1148=EDGE_CURVE('',#1380,#1382,#225,.T.);
#1149=EDGE_CURVE('',#1383,#1384,#226,.T.);
#1150=EDGE_CURVE('',#1384,#1385,#227,.T.);
#1151=EDGE_CURVE('',#1386,#1385,#228,.T.);
#1152=EDGE_CURVE('',#1383,#1386,#229,.T.);
#1153=EDGE_CURVE('',#1385,#1387,#56,.T.);
#1154=EDGE_CURVE('',#1388,#1387,#230,.T.);
#1155=EDGE_CURVE('',#1386,#1388,#57,.T.);
#1156=EDGE_CURVE('',#1387,#1374,#231,.T.);
#1157=EDGE_CURVE('',#1388,#1373,#232,.T.);
#1158=EDGE_CURVE('',#1381,#1389,#58,.T.);
#1159=EDGE_CURVE('',#1389,#1390,#233,.T.);
#1160=EDGE_CURVE('',#1390,#1391,#59,.T.);
#1161=EDGE_CURVE('',#1392,#1391,#234,.T.);
#1162=EDGE_CURVE('',#1393,#1392,#60,.T.);
#1163=EDGE_CURVE('',#1394,#1393,#235,.F.);
#1164=EDGE_CURVE('',#1382,#1394,#61,.T.);
#1165=EDGE_CURVE('',#1395,#1396,#236,.T.);
#1166=EDGE_CURVE('',#1397,#1395,#237,.T.);
#1167=EDGE_CURVE('',#1398,#1397,#238,.T.);
#1168=EDGE_CURVE('',#1398,#1399,#239,.T.);
#1169=EDGE_CURVE('',#1399,#1400,#240,.T.);
#1170=EDGE_CURVE('',#1400,#1392,#241,.T.);
#1171=EDGE_CURVE('',#1396,#1391,#242,.T.);
#1172=EDGE_CURVE('',#1397,#1401,#243,.T.);
#1173=EDGE_CURVE('',#1402,#1401,#244,.T.);
#1174=EDGE_CURVE('',#1398,#1402,#245,.T.);
#1175=EDGE_CURVE('',#1401,#1403,#246,.T.);
#1176=EDGE_CURVE('',#1403,#1404,#247,.T.);
#1177=EDGE_CURVE('',#1404,#1405,#248,.T.);
#1178=EDGE_CURVE('',#1406,#1405,#249,.T.);
#1179=EDGE_CURVE('',#1407,#1406,#250,.T.);
#1180=EDGE_CURVE('',#1408,#1407,#251,.T.);
#1181=EDGE_CURVE('',#1402,#1408,#252,.T.);
#1182=EDGE_CURVE('',#1409,#1410,#253,.F.);
#1183=EDGE_CURVE('',#1410,#1384,#62,.F.);
#1184=EDGE_CURVE('',#1411,#1383,#63,.F.);
#1185=EDGE_CURVE('',#1412,#1411,#254,.T.);
#1186=EDGE_CURVE('',#1406,#1412,#64,.F.);
#1187=EDGE_CURVE('',#1405,#1409,#65,.F.);
#1188=EDGE_CURVE('',#1408,#1399,#255,.T.);
#1189=EDGE_CURVE('',#1407,#1400,#256,.T.);
#1190=EDGE_CURVE('',#1412,#1393,#257,.T.);
#1191=EDGE_CURVE('',#1411,#1394,#258,.T.);
#1192=EDGE_CURVE('',#1410,#1389,#259,.T.);
#1193=EDGE_CURVE('',#1409,#1390,#260,.T.);
#1194=EDGE_CURVE('',#1404,#1396,#261,.T.);
#1195=EDGE_CURVE('',#1403,#1395,#262,.T.);
#1196=EDGE_CURVE('',#1413,#1414,#230,.T.);
#1197=EDGE_CURVE('',#1414,#1415,#263,.T.);
#1198=EDGE_CURVE('',#1416,#1415,#215,.T.);
#1199=EDGE_CURVE('',#1416,#1413,#264,.T.);
#1200=EDGE_CURVE('',#1417,#1418,#228,.T.);
#1201=EDGE_CURVE('',#1418,#1414,#66,.T.);
#1202=EDGE_CURVE('',#1413,#1417,#67,.T.);
#1203=EDGE_CURVE('',#1419,#1420,#226,.T.);
#1204=EDGE_CURVE('',#1420,#1418,#265,.T.);
#1205=EDGE_CURVE('',#1417,#1419,#266,.T.);
#1206=EDGE_CURVE('',#1421,#1422,#253,.F.);
#1207=EDGE_CURVE('',#1422,#1420,#68,.F.);
#1208=EDGE_CURVE('',#1419,#1423,#69,.F.);
#1209=EDGE_CURVE('',#1423,#1424,#267,.F.);
#1210=EDGE_CURVE('',#1424,#1425,#70,.F.);
#1211=EDGE_CURVE('',#1425,#1426,#249,.T.);
#1212=EDGE_CURVE('',#1426,#1421,#71,.F.);
#1213=EDGE_CURVE('',#1427,#1428,#244,.T.);
#1214=EDGE_CURVE('',#1428,#1429,#268,.T.);
#1215=EDGE_CURVE('',#1429,#1430,#247,.T.);
#1216=EDGE_CURVE('',#1430,#1426,#269,.T.);
#1217=EDGE_CURVE('',#1425,#1431,#270,.T.);
#1218=EDGE_CURVE('',#1431,#1432,#271,.T.);
#1219=EDGE_CURVE('',#1432,#1427,#272,.T.);
#1220=EDGE_CURVE('',#1433,#1434,#238,.T.);
#1221=EDGE_CURVE('',#1434,#1428,#273,.T.);
#1222=EDGE_CURVE('',#1427,#1433,#274,.T.);
#1223=EDGE_CURVE('',#1435,#1436,#275,.T.);
#1224=EDGE_CURVE('',#1434,#1435,#276,.T.);
#1225=EDGE_CURVE('',#1437,#1433,#277,.T.);
#1226=EDGE_CURVE('',#1438,#1437,#278,.T.);
#1227=EDGE_CURVE('',#1439,#1438,#279,.T.);
#1228=EDGE_CURVE('',#1439,#1440,#234,.T.);
#1229=EDGE_CURVE('',#1436,#1440,#280,.T.);
#1230=EDGE_CURVE('',#1441,#1442,#224,.T.);
#1231=EDGE_CURVE('',#1442,#1443,#72,.T.);
#1232=EDGE_CURVE('',#1443,#1444,#233,.T.);
#1233=EDGE_CURVE('',#1444,#1440,#73,.T.);
#1234=EDGE_CURVE('',#1439,#1445,#74,.T.);
#1235=EDGE_CURVE('',#1445,#1446,#281,.T.);
#1236=EDGE_CURVE('',#1446,#1441,#75,.T.);
#1237=EDGE_CURVE('',#1447,#1448,#222,.T.);
#1238=EDGE_CURVE('',#1448,#1442,#282,.T.);
#1239=EDGE_CURVE('',#1441,#1447,#283,.T.);
#1240=EDGE_CURVE('',#1449,#1450,#220,.T.);
#1241=EDGE_CURVE('',#1450,#1448,#76,.F.);
#1242=EDGE_CURVE('',#1447,#1449,#77,.F.);
#1243=EDGE_CURVE('',#1451,#1452,#217,.T.);
#1244=EDGE_CURVE('',#1452,#1450,#284,.T.);
#1245=EDGE_CURVE('',#1449,#1451,#285,.T.);
#1246=EDGE_CURVE('',#1415,#1452,#286,.T.);
#1247=EDGE_CURVE('',#1451,#1416,#287,.T.);
#1248=EDGE_CURVE('',#1432,#1437,#288,.T.);
#1249=EDGE_CURVE('',#1423,#1446,#289,.T.);
#1250=EDGE_CURVE('',#1431,#1438,#290,.T.);
#1251=EDGE_CURVE('',#1424,#1445,#291,.T.);
#1252=EDGE_CURVE('',#1429,#1435,#292,.T.);
#1253=EDGE_CURVE('',#1430,#1436,#293,.T.);
#1254=EDGE_CURVE('',#1421,#1444,#294,.T.);
#1255=EDGE_CURVE('',#1422,#1443,#295,.T.);
#1256=EDGE_CURVE('',#1453,#1454,#244,.T.);
#1257=EDGE_CURVE('',#1454,#1455,#296,.T.);
#1258=EDGE_CURVE('',#1455,#1456,#297,.T.);
#1259=EDGE_CURVE('',#1456,#1453,#298,.T.);
#1260=EDGE_CURVE('',#1457,#1458,#238,.T.);
#1261=EDGE_CURVE('',#1458,#1454,#299,.T.);
#1262=EDGE_CURVE('',#1453,#1457,#300,.T.);
#1263=EDGE_CURVE('',#1459,#1460,#301,.T.);
#1264=EDGE_CURVE('',#1458,#1459,#302,.T.);
#1265=EDGE_CURVE('',#1460,#1457,#303,.T.);
#1266=EDGE_CURVE('',#1455,#1459,#304,.T.);
#1267=EDGE_CURVE('',#1456,#1460,#305,.T.);
#1268=VERTEX_POINT('',#2244);
#1269=VERTEX_POINT('',#2248);
#1270=VERTEX_POINT('',#2250);
#1271=VERTEX_POINT('',#2251);
#1272=VERTEX_POINT('',#2252);
#1273=VERTEX_POINT('',#2253);
#1274=VERTEX_POINT('',#2254);
#1275=VERTEX_POINT('',#2255);
#1276=VERTEX_POINT('',#2256);
#1277=VERTEX_POINT('',#2257);
#1278=VERTEX_POINT('',#2258);
#1279=VERTEX_POINT('',#2259);
#1280=VERTEX_POINT('',#2260);
#1281=VERTEX_POINT('',#2261);
#1282=VERTEX_POINT('',#2263);
#1283=VERTEX_POINT('',#2264);
#1284=VERTEX_POINT('',#2266);
#1285=VERTEX_POINT('',#2268);
#1286=VERTEX_POINT('',#2270);
#1287=VERTEX_POINT('',#2271);
#1288=VERTEX_POINT('',#2273);
#1289=VERTEX_POINT('',#2274);
#1290=VERTEX_POINT('',#2277);
#1291=VERTEX_POINT('',#2278);
#1292=VERTEX_POINT('',#2280);
#1293=VERTEX_POINT('',#2281);
#1294=VERTEX_POINT('',#2284);
#1295=VERTEX_POINT('',#2286);
#1296=VERTEX_POINT('',#2289);
#1297=VERTEX_POINT('',#2292);
#1298=VERTEX_POINT('',#2295);
#1299=VERTEX_POINT('',#2300);
#1300=VERTEX_POINT('',#2303);
#1301=VERTEX_POINT('',#2304);
#1302=VERTEX_POINT('',#2308);
#1303=VERTEX_POINT('',#2311);
#1304=VERTEX_POINT('',#2315);
#1305=VERTEX_POINT('',#2319);
#1306=VERTEX_POINT('',#2323);
#1307=VERTEX_POINT('',#2326);
#1308=VERTEX_POINT('',#2332);
#1309=VERTEX_POINT('',#2333);
#1310=VERTEX_POINT('',#2334);
#1311=VERTEX_POINT('',#2336);
#1312=VERTEX_POINT('',#2340);
#1313=VERTEX_POINT('',#2342);
#1314=VERTEX_POINT('',#2344);
#1315=VERTEX_POINT('',#2346);
#1316=VERTEX_POINT('',#2348);
#1317=VERTEX_POINT('',#2351);
#1318=VERTEX_POINT('',#2353);
#1319=VERTEX_POINT('',#2356);
#1320=VERTEX_POINT('',#2358);
#1321=VERTEX_POINT('',#2359);
#1322=VERTEX_POINT('',#2363);
#1323=VERTEX_POINT('',#2370);
#1324=VERTEX_POINT('',#2373);
#1325=VERTEX_POINT('',#2384);
#1326=VERTEX_POINT('',#2385);
#1327=VERTEX_POINT('',#2386);
#1328=VERTEX_POINT('',#2387);
#1329=VERTEX_POINT('',#2388);
#1330=VERTEX_POINT('',#2389);
#1331=VERTEX_POINT('',#2390);
#1332=VERTEX_POINT('',#2391);
#1333=VERTEX_POINT('',#2392);
#1334=VERTEX_POINT('',#2393);
#1335=VERTEX_POINT('',#2394);
#1336=VERTEX_POINT('',#2395);
#1337=VERTEX_POINT('',#2396);
#1338=VERTEX_POINT('',#2397);
#1339=VERTEX_POINT('',#2398);
#1340=VERTEX_POINT('',#2399);
#1341=VERTEX_POINT('',#2401);
#1342=VERTEX_POINT('',#2402);
#1343=VERTEX_POINT('',#2404);
#1344=VERTEX_POINT('',#2406);
#1345=VERTEX_POINT('',#2408);
#1346=VERTEX_POINT('',#2410);
#1347=VERTEX_POINT('',#2412);
#1348=VERTEX_POINT('',#2414);
#1349=VERTEX_POINT('',#2417);
#1350=VERTEX_POINT('',#2418);
#1351=VERTEX_POINT('',#2419);
#1352=VERTEX_POINT('',#2420);
#1353=VERTEX_POINT('',#2421);
#1354=VERTEX_POINT('',#2422);
#1355=VERTEX_POINT('',#2423);
#1356=VERTEX_POINT('',#2425);
#1357=VERTEX_POINT('',#2426);
#1358=VERTEX_POINT('',#2427);
#1359=VERTEX_POINT('',#2428);
#1360=VERTEX_POINT('',#2429);
#1361=VERTEX_POINT('',#2430);
#1362=VERTEX_POINT('',#2431);
#1363=VERTEX_POINT('',#2432);
#1364=VERTEX_POINT('',#2433);
#1365=VERTEX_POINT('',#2435);
#1366=VERTEX_POINT('',#2436);
#1367=VERTEX_POINT('',#2438);
#1368=VERTEX_POINT('',#2439);
#1369=VERTEX_POINT('',#2441);
#1370=VERTEX_POINT('',#2443);
#1371=VERTEX_POINT('',#2445);
#1372=VERTEX_POINT('',#2446);
#1373=VERTEX_POINT('',#2463);
#1374=VERTEX_POINT('',#2464);
#1375=VERTEX_POINT('',#2465);
#1376=VERTEX_POINT('',#2467);
#1377=VERTEX_POINT('',#2468);
#1378=VERTEX_POINT('',#2470);
#1379=VERTEX_POINT('',#2473);
#1380=VERTEX_POINT('',#2475);
#1381=VERTEX_POINT('',#2479);
#1382=VERTEX_POINT('',#2481);
#1383=VERTEX_POINT('',#2485);
#1384=VERTEX_POINT('',#2486);
#1385=VERTEX_POINT('',#2488);
#1386=VERTEX_POINT('',#2490);
#1387=VERTEX_POINT('',#2494);
#1388=VERTEX_POINT('',#2496);
#1389=VERTEX_POINT('',#2502);
#1390=VERTEX_POINT('',#2504);
#1391=VERTEX_POINT('',#2506);
#1392=VERTEX_POINT('',#2508);
#1393=VERTEX_POINT('',#2510);
#1394=VERTEX_POINT('',#2512);
#1395=VERTEX_POINT('',#2515);
#1396=VERTEX_POINT('',#2516);
#1397=VERTEX_POINT('',#2518);
#1398=VERTEX_POINT('',#2520);
#1399=VERTEX_POINT('',#2522);
#1400=VERTEX_POINT('',#2523);
#1401=VERTEX_POINT('',#2526);
#1402=VERTEX_POINT('',#2528);
#1403=VERTEX_POINT('',#2531);
#1404=VERTEX_POINT('',#2533);
#1405=VERTEX_POINT('',#2535);
#1406=VERTEX_POINT('',#2537);
#1407=VERTEX_POINT('',#2539);
#1408=VERTEX_POINT('',#2540);
#1409=VERTEX_POINT('',#2543);
#1410=VERTEX_POINT('',#2544);
#1411=VERTEX_POINT('',#2547);
#1412=VERTEX_POINT('',#2549);
#1413=VERTEX_POINT('',#2562);
#1414=VERTEX_POINT('',#2563);
#1415=VERTEX_POINT('',#2564);
#1416=VERTEX_POINT('',#2565);
#1417=VERTEX_POINT('',#2567);
#1418=VERTEX_POINT('',#2568);
#1419=VERTEX_POINT('',#2571);
#1420=VERTEX_POINT('',#2572);
#1421=VERTEX_POINT('',#2575);
#1422=VERTEX_POINT('',#2576);
#1423=VERTEX_POINT('',#2579);
#1424=VERTEX_POINT('',#2581);
#1425=VERTEX_POINT('',#2583);
#1426=VERTEX_POINT('',#2584);
#1427=VERTEX_POINT('',#2586);
#1428=VERTEX_POINT('',#2587);
#1429=VERTEX_POINT('',#2588);
#1430=VERTEX_POINT('',#2589);
#1431=VERTEX_POINT('',#2592);
#1432=VERTEX_POINT('',#2594);
#1433=VERTEX_POINT('',#2595);
#1434=VERTEX_POINT('',#2596);
#1435=VERTEX_POINT('',#2599);
#1436=VERTEX_POINT('',#2600);
#1437=VERTEX_POINT('',#2602);
#1438=VERTEX_POINT('',#2603);
#1439=VERTEX_POINT('',#2605);
#1440=VERTEX_POINT('',#2606);
#1441=VERTEX_POINT('',#2607);
#1442=VERTEX_POINT('',#2608);
#1443=VERTEX_POINT('',#2610);
#1444=VERTEX_POINT('',#2611);
#1445=VERTEX_POINT('',#2614);
#1446=VERTEX_POINT('',#2616);
#1447=VERTEX_POINT('',#2618);
#1448=VERTEX_POINT('',#2619);
#1449=VERTEX_POINT('',#2622);
#1450=VERTEX_POINT('',#2623);
#1451=VERTEX_POINT('',#2626);
#1452=VERTEX_POINT('',#2627);
#1453=VERTEX_POINT('',#2638);
#1454=VERTEX_POINT('',#2639);
#1455=VERTEX_POINT('',#2640);
#1456=VERTEX_POINT('',#2642);
#1457=VERTEX_POINT('',#2643);
#1458=VERTEX_POINT('',#2644);
#1459=VERTEX_POINT('',#2647);
#1460=VERTEX_POINT('',#2648);
#1461=B_SPLINE_CURVE_WITH_KNOTS('',3,(#2244,#2245,#2246,#2247),.UNSPECIFIED.,.F.,.F.,(4,4),(0.,1.),.UNSPECIFIED.);
#1462=B_SPLINE_CURVE_WITH_KNOTS('',3,(#2297,#2298,#2299,#2249),.UNSPECIFIED.,.F.,.F.,(4,4),(0.,1.),.UNSPECIFIED.);
#1463=B_SPLINE_CURVE_WITH_KNOTS('',3,(#2363,#2364,#2365,#2366),.UNSPECIFIED.,.F.,.F.,(4,4),(0.,0.0855349711973951),.UNSPECIFIED.);
#1464=B_SPLINE_CURVE_WITH_KNOTS('',3,(#2367,#2368,#2369,#2370),.UNSPECIFIED.,.F.,.F.,(4,4),(0.906434123410731,1.),.UNSPECIFIED.);
#1465=B_SPLINE_CURVE_WITH_KNOTS('',3,(#2244,#2378,#2379,#2359),.UNSPECIFIED.,.F.,.F.,(4,4),(0.905309735842225,1.),.UNSPECIFIED.);
#1466=B_SPLINE_CURVE_WITH_KNOTS('',3,(#2358,#2380,#2381,#2274),.UNSPECIFIED.,.F.,.F.,(4,4),(0.,0.0866889916068352),.UNSPECIFIED.);
#1467=EDGE_LOOP('',(#395,#396,#397,#398,#399,#400,#401,#402,#403,#404,#405,#406));
#1468=EDGE_LOOP('',(#407,#408,#409,#410,#411,#412,#413,#414));
#1469=EDGE_LOOP('',(#415,#416,#417,#418));
#1470=EDGE_LOOP('',(#419,#420,#421,#422));
#1471=EDGE_LOOP('',(#423,#424,#425,#426));
#1472=EDGE_LOOP('',(#427,#428,#429,#430));
#1473=EDGE_LOOP('',(#431,#432,#433,#434));
#1474=EDGE_LOOP('',(#435,#436,#437,#438));
#1475=EDGE_LOOP('',(#439,#440,#441,#442));
#1476=EDGE_LOOP('',(#443,#444,#445,#446));
#1477=EDGE_LOOP('',(#447,#448,#449,#450));
#1478=EDGE_LOOP('',(#451,#452,#453,#454));
#1479=EDGE_LOOP('',(#455,#456,#457,#458));
#1480=EDGE_LOOP('',(#459,#460,#461,#462));
#1481=EDGE_LOOP('',(#463,#464,#465,#466));
#1482=EDGE_LOOP('',(#467,#468,#469,#470));
#1483=EDGE_LOOP('',(#471,#472,#473,#474));
#1484=EDGE_LOOP('',(#475,#476,#477,#478));
#1485=EDGE_LOOP('',(#479,#480,#481,#482));
#1486=EDGE_LOOP('',(#483,#484,#485,#486));
#1487=EDGE_LOOP('',(#487,#488,#489,#490));
#1488=EDGE_LOOP('',(#491,#492,#493,#494));
#1489=EDGE_LOOP('',(#495,#496,#497,#498));
#1490=EDGE_LOOP('',(#499,#500,#501,#502,#503));
#1491=EDGE_LOOP('',(#504,#505,#506,#507));
#1492=EDGE_LOOP('',(#508,#509,#510,#511,#512));
#1493=EDGE_LOOP('',(#513,#514,#515,#516,#517));
#1494=EDGE_LOOP('',(#518,#519,#520,#521));
#1495=EDGE_LOOP('',(#522,#523,#524,#525,#526));
#1496=EDGE_LOOP('',(#527,#528,#529,#530,#531,#532));
#1497=EDGE_LOOP('',(#533,#534,#535,#536,#537,#538,#539,#540));
#1498=EDGE_LOOP('',(#541,#542,#543,#544,#545,#546,#547,#548,#549,#550,#551,#552,#553,#554,#555,#556));
#1499=EDGE_LOOP('',(#557,#558,#559,#560,#561,#562,#563,#564));
#1500=EDGE_LOOP('',(#565,#566,#567,#568));
#1501=EDGE_LOOP('',(#569,#570,#571,#572,#573,#574,#575,#576,#577,#578,#579,#580,#581,#582,#583,#584));
#1502=EDGE_LOOP('',(#585,#586,#587,#588,#589,#590,#591,#592));
#1503=EDGE_LOOP('',(#593,#594,#595,#596,#597,#598,#599,#600,#601,#602,#603,#604,#605,#606,#607,#608));
#1504=EDGE_LOOP('',(#609,#610,#611,#612,#613,#614,#615,#616));
#1505=EDGE_LOOP('',(#617,#618,#619,#620));
#1506=EDGE_LOOP('',(#621,#622,#623,#624));
#1507=EDGE_LOOP('',(#625,#626,#627,#628));
#1508=EDGE_LOOP('',(#629,#630,#631,#632));
#1509=EDGE_LOOP('',(#633,#634,#635,#636));
#1510=EDGE_LOOP('',(#637,#638,#639,#640));
#1511=EDGE_LOOP('',(#641,#642,#643,#644));
#1512=EDGE_LOOP('',(#645,#646,#647,#648));
#1513=EDGE_LOOP('',(#649,#650,#651,#652));
#1514=EDGE_LOOP('',(#653,#654,#655,#656));
#1515=EDGE_LOOP('',(#657,#658,#659,#660));
#1516=EDGE_LOOP('',(#661,#662,#663,#664));
#1517=EDGE_LOOP('',(#665,#666,#667,#668));
#1518=EDGE_LOOP('',(#669,#670,#671,#672));
#1519=EDGE_LOOP('',(#673,#674,#675,#676));
#1520=EDGE_LOOP('',(#677,#678,#679,#680));
#1521=EDGE_LOOP('',(#681,#682,#683,#684));
#1522=EDGE_LOOP('',(#685,#686,#687,#688));
#1523=EDGE_LOOP('',(#689,#690,#691,#692));
#1524=EDGE_LOOP('',(#693,#694,#695,#696));
#1525=EDGE_LOOP('',(#697,#698,#699,#700));
#1526=EDGE_LOOP('',(#701,#702,#703,#704));
#1527=EDGE_LOOP('',(#705,#706,#707,#708));
#1528=EDGE_LOOP('',(#709,#710,#711,#712));
#1529=EDGE_LOOP('',(#713,#714,#715,#716));
#1530=EDGE_LOOP('',(#717,#718,#719,#720));
#1531=EDGE_LOOP('',(#721,#722,#723,#724));
#1532=EDGE_LOOP('',(#725,#726,#727,#728));
#1533=EDGE_LOOP('',(#729,#730,#731,#732));
#1534=EDGE_LOOP('',(#733,#734,#735,#736));
#1535=EDGE_LOOP('',(#737,#738,#739,#740));
#1536=EDGE_LOOP('',(#741,#742,#743,#744,#745,#746,#747,#748));
#1537=EDGE_LOOP('',(#749,#750,#751,#752,#753,#754,#755,#756));
#1538=EDGE_LOOP('',(#757,#758,#759,#760));
#1539=EDGE_LOOP('',(#761,#762,#763,#764,#765,#766,#767,#768));
#1540=EDGE_LOOP('',(#769,#770,#771,#772,#773,#774,#775,#776));
#1541=EDGE_LOOP('',(#777,#778,#779,#780));
#1542=EDGE_LOOP('',(#781,#782,#783,#784));
#1543=EDGE_LOOP('',(#785,#786,#787,#788,#789,#790));
#1544=EDGE_LOOP('',(#791,#792,#793,#794));
#1545=EDGE_LOOP('',(#795,#796,#797,#798,#799,#800,#801,#802,#803,#804));
#1546=EDGE_LOOP('',(#805,#806,#807,#808,#809,#810,#811,#812,#813,#814));
#1547=EDGE_LOOP('',(#815,#816,#817,#818));
#1548=EDGE_LOOP('',(#819,#820,#821,#822,#823,#824));
#1549=EDGE_LOOP('',(#825,#826,#827,#828));
#1550=EDGE_LOOP('',(#829,#830,#831,#832));
#1551=EDGE_LOOP('',(#833,#834,#835,#836));
#1552=EDGE_LOOP('',(#837,#838,#839,#840));
#1553=EDGE_LOOP('',(#841,#842,#843,#844));
#1554=EDGE_LOOP('',(#845,#846,#847,#848,#849,#850,#851,#852));
#1555=EDGE_LOOP('',(#853,#854,#855,#856,#857,#858,#859,#860));
#1556=EDGE_LOOP('',(#861,#862,#863,#864));
#1557=EDGE_LOOP('',(#865,#866,#867,#868,#869,#870,#871,#872));
#1558=EDGE_LOOP('',(#873,#874,#875,#876,#877,#878,#879,#880));
#1559=EDGE_LOOP('',(#881,#882,#883,#884));
#1560=EDGE_LOOP('',(#885,#886,#887,#888));
#1561=EDGE_LOOP('',(#889,#890,#891,#892));
#1562=EDGE_LOOP('',(#893,#894,#895,#896));
#1563=EDGE_LOOP('',(#897,#898,#899,#900));
#1564=EDGE_LOOP('',(#901,#902,#903,#904,#905,#906,#907,#908,#909,#910));
#1565=EDGE_LOOP('',(#911,#912,#913,#914,#915,#916));
#1566=EDGE_LOOP('',(#917,#918,#919,#920));
#1567=EDGE_LOOP('',(#921,#922,#923,#924));
#1568=EDGE_LOOP('',(#925,#926,#927,#928));
#1569=EDGE_LOOP('',(#929,#930,#931,#932));
#1570=EDGE_LOOP('',(#933,#934,#935,#936,#937,#938));
#1571=EDGE_LOOP('',(#939,#940,#941,#942));
#1572=EDGE_LOOP('',(#943,#944,#945,#946,#947,#948,#949,#950,#951,#952));
#1573=EDGE_LOOP('',(#953,#954,#955,#956));
#1574=EDGE_LOOP('',(#957,#958,#959,#960));
#1575=EDGE_LOOP('',(#961,#962,#963,#964));
#1576=EDGE_LOOP('',(#965,#966,#967,#968));
#1577=EDGE_LOOP('',(#969,#970,#971,#972));
#1578=EDGE_LOOP('',(#973,#974,#975,#976));
#1579=FACE_BOUND('',#1467,.T.);
#1580=FACE_BOUND('',#1468,.T.);
#1581=FACE_BOUND('',#1469,.T.);
#1582=FACE_BOUND('',#1470,.T.);
#1583=FACE_BOUND('',#1471,.T.);
#1584=FACE_BOUND('',#1472,.T.);
#1585=FACE_BOUND('',#1473,.T.);
#1586=FACE_BOUND('',#1474,.T.);
#1587=FACE_BOUND('',#1475,.T.);
#1588=FACE_BOUND('',#1476,.T.);
#1589=FACE_BOUND('',#1477,.T.);
#1590=FACE_BOUND('',#1478,.T.);
#1591=FACE_BOUND('',#1479,.T.);
#1592=FACE_BOUND('',#1480,.T.);
#1593=FACE_BOUND('',#1481,.T.);
#1594=FACE_BOUND('',#1482,.T.);
#1595=FACE_BOUND('',#1483,.T.);
#1596=FACE_BOUND('',#1484,.T.);
#1597=FACE_BOUND('',#1485,.T.);
#1598=FACE_BOUND('',#1486,.T.);
#1599=FACE_BOUND('',#1487,.T.);
#1600=FACE_BOUND('',#1488,.T.);
#1601=FACE_BOUND('',#1489,.T.);
#1602=FACE_BOUND('',#1490,.T.);
#1603=FACE_BOUND('',#1491,.T.);
#1604=FACE_BOUND('',#1492,.T.);
#1605=FACE_BOUND('',#1493,.T.);
#1606=FACE_BOUND('',#1494,.T.);
#1607=FACE_BOUND('',#1495,.T.);
#1608=FACE_BOUND('',#1496,.T.);
#1609=FACE_BOUND('',#1497,.T.);
#1610=FACE_BOUND('',#1498,.T.);
#1611=FACE_BOUND('',#1499,.T.);
#1612=FACE_BOUND('',#1500,.T.);
#1613=FACE_BOUND('',#1501,.T.);
#1614=FACE_BOUND('',#1502,.T.);
#1615=FACE_BOUND('',#1503,.T.);
#1616=FACE_BOUND('',#1504,.T.);
#1617=FACE_BOUND('',#1505,.T.);
#1618=FACE_BOUND('',#1506,.T.);
#1619=FACE_BOUND('',#1507,.T.);
#1620=FACE_BOUND('',#1508,.T.);
#1621=FACE_BOUND('',#1509,.T.);
#1622=FACE_BOUND('',#1510,.T.);
#1623=FACE_BOUND('',#1511,.T.);
#1624=FACE_BOUND('',#1512,.T.);
#1625=FACE_BOUND('',#1513,.T.);
#1626=FACE_BOUND('',#1514,.T.);
#1627=FACE_BOUND('',#1515,.T.);
#1628=FACE_BOUND('',#1516,.T.);
#1629=FACE_BOUND('',#1517,.T.);
#1630=FACE_BOUND('',#1518,.T.);
#1631=FACE_BOUND('',#1519,.T.);
#1632=FACE_BOUND('',#1520,.T.);
#1633=FACE_BOUND('',#1521,.T.);
#1634=FACE_BOUND('',#1522,.T.);
#1635=FACE_BOUND('',#1523,.T.);
#1636=FACE_BOUND('',#1524,.T.);
#1637=FACE_BOUND('',#1525,.T.);
#1638=FACE_BOUND('',#1526,.T.);
#1639=FACE_BOUND('',#1527,.T.);
#1640=FACE_BOUND('',#1528,.T.);
#1641=FACE_BOUND('',#1529,.T.);
#1642=FACE_BOUND('',#1530,.T.);
#1643=FACE_BOUND('',#1531,.T.);
#1644=FACE_BOUND('',#1532,.T.);
#1645=FACE_BOUND('',#1533,.T.);
#1646=FACE_BOUND('',#1534,.T.);
#1647=FACE_BOUND('',#1535,.T.);
#1648=FACE_BOUND('',#1536,.T.);
#1649=FACE_BOUND('',#1537,.T.);
#1650=FACE_BOUND('',#1538,.T.);
#1651=FACE_BOUND('',#1539,.T.);
#1652=FACE_BOUND('',#1540,.T.);
#1653=FACE_BOUND('',#1541,.T.);
#1654=FACE_BOUND('',#1542,.T.);
#1655=FACE_BOUND('',#1543,.T.);
#1656=FACE_BOUND('',#1544,.T.);
#1657=FACE_BOUND('',#1545,.T.);
#1658=FACE_BOUND('',#1546,.T.);
#1659=FACE_BOUND('',#1547,.T.);
#1660=FACE_BOUND('',#1548,.T.);
#1661=FACE_BOUND('',#1549,.T.);
#1662=FACE_BOUND('',#1550,.T.);
#1663=FACE_BOUND('',#1551,.T.);
#1664=FACE_BOUND('',#1552,.T.);
#1665=FACE_BOUND('',#1553,.T.);
#1666=FACE_BOUND('',#1554,.T.);
#1667=FACE_BOUND('',#1555,.T.);
#1668=FACE_BOUND('',#1556,.T.);
#1669=FACE_BOUND('',#1557,.T.);
#1670=FACE_BOUND('',#1558,.T.);
#1671=FACE_BOUND('',#1559,.T.);
#1672=FACE_BOUND('',#1560,.T.);
#1673=FACE_BOUND('',#1561,.T.);
#1674=FACE_BOUND('',#1562,.T.);
#1675=FACE_BOUND('',#1563,.T.);
#1676=FACE_BOUND('',#1564,.T.);
#1677=FACE_BOUND('',#1565,.T.);
#1678=FACE_BOUND('',#1566,.T.);
#1679=FACE_BOUND('',#1567,.T.);
#1680=FACE_BOUND('',#1568,.T.);
#1681=FACE_BOUND('',#1569,.T.);
#1682=FACE_BOUND('',#1570,.T.);
#1683=FACE_BOUND('',#1571,.T.);
#1684=FACE_BOUND('',#1572,.T.);
#1685=FACE_BOUND('',#1573,.T.);
#1686=FACE_BOUND('',#1574,.T.);
#1687=FACE_BOUND('',#1575,.T.);
#1688=FACE_BOUND('',#1576,.T.);
#1689=FACE_BOUND('',#1577,.T.);
#1690=FACE_BOUND('',#1578,.T.);
#1691=PLANE('',#1918);
#1692=PLANE('',#1923);
#1693=PLANE('',#1924);
#1694=PLANE('',#1925);
#1695=PLANE('',#1926);
#1696=PLANE('',#1927);
#1697=PLANE('',#1928);
#1698=PLANE('',#1929);
#1699=PLANE('',#1930);
#1700=PLANE('',#1931);
#1701=PLANE('',#1932);
#1702=PLANE('',#1933);
#1703=PLANE('',#1934);
#1704=PLANE('',#1937);
#1705=PLANE('',#1940);
#1706=PLANE('',#1943);
#1707=PLANE('',#1946);
#1708=PLANE('',#1947);
#1709=PLANE('',#1948);
#1710=PLANE('',#1949);
#1711=PLANE('',#1950);
#1712=PLANE('',#1951);
#1713=PLANE('',#1952);
#1714=PLANE('',#1953);
#1715=PLANE('',#1954);
#1716=PLANE('',#1955);
#1717=PLANE('',#1917);
#1718=PLANE('',#1957);
#1719=PLANE('',#1962);
#1720=PLANE('',#1967);
#1721=PLANE('',#1968);
#1722=PLANE('',#1969);
#1723=PLANE('',#1970);
#1724=PLANE('',#1971);
#1725=PLANE('',#1972);
#1726=PLANE('',#1973);
#1727=PLANE('',#1974);
#1728=PLANE('',#1975);
#1729=PLANE('',#1976);
#1730=PLANE('',#1977);
#1731=PLANE('',#1978);
#1732=PLANE('',#1979);
#1733=PLANE('',#1980);
#1734=PLANE('',#1981);
#1735=PLANE('',#1982);
#1736=PLANE('',#1984);
#1737=PLANE('',#1986);
#1738=PLANE('',#1988);
#1739=PLANE('',#1990);
#1740=PLANE('',#1992);
#1741=PLANE('',#1993);
#1742=PLANE('',#1997);
#1743=PLANE('',#1998);
#1744=PLANE('',#2002);
#1745=PLANE('',#2008);
#1746=PLANE('',#2009);
#1747=PLANE('',#2010);
#1748=PLANE('',#2016);
#1749=PLANE('',#2017);
#1750=PLANE('',#2018);
#1751=PLANE('',#2019);
#1752=PLANE('',#2020);
#1753=PLANE('',#2021);
#1754=PLANE('',#2022);
#1755=PLANE('',#2023);
#1756=PLANE('',#2024);
#1757=PLANE('',#2025);
#1758=PLANE('',#2038);
#1759=PLANE('',#2039);
#1760=PLANE('',#2040);
#1761=PLANE('',#2041);
#1762=PLANE('',#2042);
#1763=PLANE('',#2043);
#1764=PLANE('',#2044);
#1765=PLANE('',#2045);
#1766=PLANE('',#2046);
#1767=PLANE('',#2047);
#1768=PLANE('',#2048);
#1769=PLANE('',#2049);
#1770=PLANE('',#2050);
#1771=ADVANCED_FACE('',(#1579,#1580),#1691,.F.);
#1772=ADVANCED_FACE('',(#1581),#1692,.T.);
#1773=ADVANCED_FACE('',(#1582),#1693,.T.);
#1774=ADVANCED_FACE('',(#1583),#1694,.T.);
#1775=ADVANCED_FACE('',(#1584),#1695,.T.);
#1776=ADVANCED_FACE('',(#1585),#1696,.T.);
#1777=ADVANCED_FACE('',(#1586),#1697,.T.);
#1778=ADVANCED_FACE('',(#1587),#1698,.T.);
#1779=ADVANCED_FACE('',(#1588),#1699,.T.);
#1780=ADVANCED_FACE('',(#1589),#1700,.T.);
#1781=ADVANCED_FACE('',(#1590),#1701,.T.);
#1782=ADVANCED_FACE('',(#1591),#1702,.T.);
#1783=ADVANCED_FACE('',(#1592),#1703,.F.);
#1784=ADVANCED_FACE('',(#1593),#26,.T.);
#1785=ADVANCED_FACE('',(#1594),#1704,.F.);
#1786=ADVANCED_FACE('',(#1595),#27,.T.);
#1787=ADVANCED_FACE('',(#1596),#1705,.F.);
#1788=ADVANCED_FACE('',(#1597),#28,.T.);
#1789=ADVANCED_FACE('',(#1598),#1706,.F.);
#1790=ADVANCED_FACE('',(#1599),#29,.T.);
#1791=ADVANCED_FACE('',(#1600),#1707,.F.);
#1792=ADVANCED_FACE('',(#1601),#1708,.T.);
#1793=ADVANCED_FACE('',(#1602),#1709,.F.);
#1794=ADVANCED_FACE('',(#1603),#1710,.T.);
#1795=ADVANCED_FACE('',(#1604),#1711,.T.);
#1796=ADVANCED_FACE('',(#1605),#1712,.F.);
#1797=ADVANCED_FACE('',(#1606),#1713,.F.);
#1798=ADVANCED_FACE('',(#1607),#1714,.T.);
#1799=ADVANCED_FACE('',(#1608),#1715,.T.);
#1800=ADVANCED_FACE('',(#1609),#1716,.T.);
#1801=ADVANCED_FACE('',(#1610),#1717,.F.);
#1802=ADVANCED_FACE('',(#1611),#1717,.F.);
#1803=ADVANCED_FACE('',(#1612),#1713,.F.);
#1804=ADVANCED_FACE('',(#1613,#1614),#1718,.F.);
#1805=ADVANCED_FACE('',(#1615,#1616),#1719,.T.);
#1806=ADVANCED_FACE('',(#1617),#1720,.F.);
#1807=ADVANCED_FACE('',(#1618),#1721,.F.);
#1808=ADVANCED_FACE('',(#1619),#1722,.F.);
#1809=ADVANCED_FACE('',(#1620),#1723,.F.);
#1810=ADVANCED_FACE('',(#1621),#1724,.F.);
#1811=ADVANCED_FACE('',(#1622),#1725,.F.);
#1812=ADVANCED_FACE('',(#1623),#1726,.F.);
#1813=ADVANCED_FACE('',(#1624),#1727,.F.);
#1814=ADVANCED_FACE('',(#1625),#1728,.F.);
#1815=ADVANCED_FACE('',(#1626),#1729,.F.);
#1816=ADVANCED_FACE('',(#1627),#1730,.F.);
#1817=ADVANCED_FACE('',(#1628),#1731,.F.);
#1818=ADVANCED_FACE('',(#1629),#1732,.F.);
#1819=ADVANCED_FACE('',(#1630),#1733,.F.);
#1820=ADVANCED_FACE('',(#1631),#1734,.F.);
#1821=ADVANCED_FACE('',(#1632),#1735,.F.);
#1822=ADVANCED_FACE('',(#1633),#30,.F.);
#1823=ADVANCED_FACE('',(#1634),#1736,.T.);
#1824=ADVANCED_FACE('',(#1635),#31,.F.);
#1825=ADVANCED_FACE('',(#1636),#1737,.T.);
#1826=ADVANCED_FACE('',(#1637),#32,.F.);
#1827=ADVANCED_FACE('',(#1638),#1738,.T.);
#1828=ADVANCED_FACE('',(#1639),#33,.F.);
#1829=ADVANCED_FACE('',(#1640),#1739,.T.);
#1830=ADVANCED_FACE('',(#1641),#1740,.F.);
#1831=ADVANCED_FACE('',(#1642),#1741,.F.);
#1832=ADVANCED_FACE('',(#1643),#34,.F.);
#1833=ADVANCED_FACE('',(#1644),#1742,.F.);
#1834=ADVANCED_FACE('',(#1645),#1743,.F.);
#1835=ADVANCED_FACE('',(#1646),#35,.T.);
#1836=ADVANCED_FACE('',(#1647),#1744,.F.);
#1837=ADVANCED_FACE('',(#1648),#36,.T.);
#1838=ADVANCED_FACE('',(#1649),#1745,.F.);
#1839=ADVANCED_FACE('',(#1650),#1746,.F.);
#1840=ADVANCED_FACE('',(#1651),#1747,.F.);
#1841=ADVANCED_FACE('',(#1652),#37,.F.);
#1842=ADVANCED_FACE('',(#1653),#1748,.T.);
#1843=ADVANCED_FACE('',(#1654),#1749,.T.);
#1844=ADVANCED_FACE('',(#1655),#1750,.T.);
#1845=ADVANCED_FACE('',(#1656),#1751,.T.);
#1846=ADVANCED_FACE('',(#1657),#1752,.T.);
#1847=ADVANCED_FACE('',(#1658),#1753,.F.);
#1848=ADVANCED_FACE('',(#1659),#1754,.F.);
#1849=ADVANCED_FACE('',(#1660),#1755,.F.);
#1850=ADVANCED_FACE('',(#1661),#1756,.F.);
#1851=ADVANCED_FACE('',(#1662),#1757,.F.);
#1852=ADVANCED_FACE('',(#1663),#1744,.F.);
#1853=ADVANCED_FACE('',(#1664),#35,.T.);
#1854=ADVANCED_FACE('',(#1665),#1743,.F.);
#1855=ADVANCED_FACE('',(#1666),#37,.F.);
#1856=ADVANCED_FACE('',(#1667),#1747,.F.);
#1857=ADVANCED_FACE('',(#1668),#1746,.F.);
#1858=ADVANCED_FACE('',(#1669),#1745,.F.);
#1859=ADVANCED_FACE('',(#1670),#36,.T.);
#1860=ADVANCED_FACE('',(#1671),#1742,.F.);
#1861=ADVANCED_FACE('',(#1672),#34,.F.);
#1862=ADVANCED_FACE('',(#1673),#1741,.F.);
#1863=ADVANCED_FACE('',(#1674),#1740,.F.);
#1864=ADVANCED_FACE('',(#1675),#1758,.F.);
#1865=ADVANCED_FACE('',(#1676),#1759,.F.);
#1866=ADVANCED_FACE('',(#1677),#1760,.F.);
#1867=ADVANCED_FACE('',(#1678),#1761,.F.);
#1868=ADVANCED_FACE('',(#1679),#1762,.F.);
#1869=ADVANCED_FACE('',(#1680),#1763,.F.);
#1870=ADVANCED_FACE('',(#1681),#1764,.F.);
#1871=ADVANCED_FACE('',(#1682),#1765,.F.);
#1872=ADVANCED_FACE('',(#1683),#1766,.F.);
#1873=ADVANCED_FACE('',(#1684),#1767,.F.);
#1874=ADVANCED_FACE('',(#1685),#1747,.F.);
#1875=ADVANCED_FACE('',(#1686),#1746,.F.);
#1876=ADVANCED_FACE('',(#1687),#1745,.F.);
#1877=ADVANCED_FACE('',(#1688),#1768,.F.);
#1878=ADVANCED_FACE('',(#1689),#1769,.F.);
#1879=ADVANCED_FACE('',(#1690),#1770,.F.);
#1880=CLOSED_SHELL('',(#1771,#1772,#1773,#1774,#1775,#1776,#1777,#1778,#1779,#1780,#1781,#1782,#1783,#1784,#1785,#1786,#1787,#1788,#1789,#1790,#1791,#1792,#1793,#1794,#1795,#1796,#1797,#1798,#1799,#1800,#1801,#1802,#1803));
#1881=CLOSED_SHELL('',(#1804,#1805,#1806,#1807,#1808,#1809,#1810,#1811,#1812,#1813,#1814,#1815,#1816,#1817,#1818,#1819,#1820,#1821,#1822,#1823,#1824,#1825,#1826,#1827,#1828,#1829));
#1882=CLOSED_SHELL('',(#1830,#1831,#1832,#1833,#1834,#1835,#1836,#1837,#1838,#1839,#1840,#1841,#1842,#1843,#1844,#1845,#1846,#1847,#1848,#1849,#1850,#1851));
#1883=CLOSED_SHELL('',(#1852,#1853,#1854,#1855,#1856,#1857,#1858,#1859,#1860,#1861,#1862,#1863,#1864,#1865,#1866,#1867,#1868,#1869,#1870,#1871,#1872,#1873));
#1884=CLOSED_SHELL('',(#1874,#1875,#1876,#1877,#1878,#1879));
#1885=STYLED_ITEM('',(#1890),#1904);
#1886=STYLED_ITEM('',(#1891),#1905);
#1887=STYLED_ITEM('',(#1891),#1906);
#1888=STYLED_ITEM('',(#1891),#1907);
#1889=STYLED_ITEM('',(#1891),#1908);
#1890=PRESENTATION_STYLE_ASSIGNMENT((#1892));
#1891=PRESENTATION_STYLE_ASSIGNMENT((#1893));
#1892=SURFACE_STYLE_USAGE(.BOTH.,#1894);
#1893=SURFACE_STYLE_USAGE(.BOTH.,#1895);
#1894=SURFACE_SIDE_STYLE('',(#1896));
#1895=SURFACE_SIDE_STYLE('',(#1897));
#1896=SURFACE_STYLE_FILL_AREA(#1898);
#1897=SURFACE_STYLE_FILL_AREA(#1899);
#1898=FILL_AREA_STYLE('',(#1900));
#1899=FILL_AREA_STYLE('',(#1901));
#1900=FILL_AREA_STYLE_COLOUR('',#1902);
#1901=FILL_AREA_STYLE_COLOUR('',#1903);
#1902=COLOUR_RGB('',0.200000002980232,0.200000002980232,0.200000002980232);
#1903=COLOUR_RGB('',0.506983280181885,0.531564235687256,0.550000011920929);
#1904=MANIFOLD_SOLID_BREP('',#1880);
#1905=MANIFOLD_SOLID_BREP('',#1881);
#1906=MANIFOLD_SOLID_BREP('',#1882);
#1907=MANIFOLD_SOLID_BREP('',#1883);
#1908=MANIFOLD_SOLID_BREP('',#1884);
#1909=SHAPE_DEFINITION_REPRESENTATION(#2664,#1913);
#1910=SHAPE_DEFINITION_REPRESENTATION(#2663,#1914);
#1911=SHAPE_DEFINITION_REPRESENTATION(#2666,#1915);
#1912=SHAPE_DEFINITION_REPRESENTATION(#2668,#1916);
#1913=SHAPE_REPRESENTATION('CPD',(#1917),#2656);
#1914=SHAPE_REPRESENTATION('TO252-3L',(#1917,#1956,#1991,#2051),#2655);
#1915=SHAPE_REPRESENTATION('EP',(#1917),#2657);
#1916=SHAPE_REPRESENTATION('LEAD',(#1917),#2658);
#1917=AXIS2_PLACEMENT_3D('',#2242,#2052,#2053);
#1918=AXIS2_PLACEMENT_3D('',#2243,#2054,#2055);
#1919=AXIS2_PLACEMENT_3D('',#2262,#2065,#2057);
#1920=AXIS2_PLACEMENT_3D('',#2265,#2065,#2057);
#1921=AXIS2_PLACEMENT_3D('',#2269,#2065,#2066);
#1922=AXIS2_PLACEMENT_3D('',#2272,#2065,#2057);
#1923=AXIS2_PLACEMENT_3D('',#2273,#2066,#2069);
#1924=AXIS2_PLACEMENT_3D('',#2276,#2071,#2072);
#1925=AXIS2_PLACEMENT_3D('',#2278,#2066,#2069);
#1926=AXIS2_PLACEMENT_3D('',#2280,#2074,#2075);
#1927=AXIS2_PLACEMENT_3D('',#2281,#2076,#2077);
#1928=AXIS2_PLACEMENT_3D('',#2283,#2079,#2080);
#1929=AXIS2_PLACEMENT_3D('',#2285,#2081,#2082);
#1930=AXIS2_PLACEMENT_3D('',#2288,#2084,#2085);
#1931=AXIS2_PLACEMENT_3D('',#2291,#2057,#2087);
#1932=AXIS2_PLACEMENT_3D('',#2294,#2071,#2072);
#1933=AXIS2_PLACEMENT_3D('',#2297,#2090,#2091);
#1934=AXIS2_PLACEMENT_3D('',#2301,#2092,#2093);
#1935=AXIS2_PLACEMENT_3D('',#2306,#2070,#2095);
#1936=AXIS2_PLACEMENT_3D('',#2307,#2052,#2053);
#1937=AXIS2_PLACEMENT_3D('',#2309,#2096,#2097);
#1938=AXIS2_PLACEMENT_3D('',#2313,#2070,#2095);
#1939=AXIS2_PLACEMENT_3D('',#2314,#2052,#2053);
#1940=AXIS2_PLACEMENT_3D('',#2317,#2099,#2100);
#1941=AXIS2_PLACEMENT_3D('',#2321,#2070,#2095);
#1942=AXIS2_PLACEMENT_3D('',#2322,#2052,#2053);
#1943=AXIS2_PLACEMENT_3D('',#2324,#2095,#2102);
#1944=AXIS2_PLACEMENT_3D('',#2328,#2070,#2095);
#1945=AXIS2_PLACEMENT_3D('',#2329,#2052,#2053);
#1946=AXIS2_PLACEMENT_3D('',#2330,#2104,#2052);
#1947=AXIS2_PLACEMENT_3D('',#2338,#2108,#2107);
#1948=AXIS2_PLACEMENT_3D('',#2333,#2111,#2053);
#1949=AXIS2_PLACEMENT_3D('',#2350,#2052,#2053);
#1950=AXIS2_PLACEMENT_3D('',#2354,#2116,#2104);
#1951=AXIS2_PLACEMENT_3D('',#2357,#2118,#2115);
#1952=AXIS2_PLACEMENT_3D('',#2362,#2115,#2120);
#1953=AXIS2_PLACEMENT_3D('',#2371,#2122,#2104);
#1954=AXIS2_PLACEMENT_3D('',#2375,#2118,#2115);
#1955=AXIS2_PLACEMENT_3D('',#2377,#2111,#2053);
#1956=AXIS2_PLACEMENT_3D('',#2382,#2052,#2053);
#1957=AXIS2_PLACEMENT_3D('',#2383,#2123,#2124);
#1958=AXIS2_PLACEMENT_3D('',#2400,#2123,#2124);
#1959=AXIS2_PLACEMENT_3D('',#2405,#2123,#2124);
#1960=AXIS2_PLACEMENT_3D('',#2409,#2123,#2124);
#1961=AXIS2_PLACEMENT_3D('',#2413,#2123,#2124);
#1962=AXIS2_PLACEMENT_3D('',#2416,#2123,#2124);
#1963=AXIS2_PLACEMENT_3D('',#2437,#2142,#2130);
#1964=AXIS2_PLACEMENT_3D('',#2440,#2142,#2139);
#1965=AXIS2_PLACEMENT_3D('',#2444,#2142,#2130);
#1966=AXIS2_PLACEMENT_3D('',#2447,#2142,#2130);
#1967=AXIS2_PLACEMENT_3D('',#2384,#2143,#2144);
#1968=AXIS2_PLACEMENT_3D('',#2385,#2145,#2146);
#1969=AXIS2_PLACEMENT_3D('',#2386,#2147,#2148);
#1970=AXIS2_PLACEMENT_3D('',#2387,#2149,#2150);
#1971=AXIS2_PLACEMENT_3D('',#2388,#2151,#2152);
#1972=AXIS2_PLACEMENT_3D('',#2389,#2129,#2153);
#1973=AXIS2_PLACEMENT_3D('',#2390,#2151,#2152);
#1974=AXIS2_PLACEMENT_3D('',#2391,#2154,#2155);
#1975=AXIS2_PLACEMENT_3D('',#2392,#2156,#2157);
#1976=AXIS2_PLACEMENT_3D('',#2393,#2158,#2159);
#1977=AXIS2_PLACEMENT_3D('',#2394,#2160,#2161);
#1978=AXIS2_PLACEMENT_3D('',#2395,#2129,#2153);
#1979=AXIS2_PLACEMENT_3D('',#2396,#2162,#2163);
#1980=AXIS2_PLACEMENT_3D('',#2397,#2129,#2153);
#1981=AXIS2_PLACEMENT_3D('',#2398,#2164,#2165);
#1982=AXIS2_PLACEMENT_3D('',#2399,#2166,#2167);
#1983=AXIS2_PLACEMENT_3D('',#2448,#2123,#2124);
#1984=AXIS2_PLACEMENT_3D('',#2449,#2168,#2169);
#1985=AXIS2_PLACEMENT_3D('',#2452,#2123,#2124);
#1986=AXIS2_PLACEMENT_3D('',#2454,#2170,#2171);
#1987=AXIS2_PLACEMENT_3D('',#2456,#2123,#2124);
#1988=AXIS2_PLACEMENT_3D('',#2457,#2136,#2172);
#1989=AXIS2_PLACEMENT_3D('',#2459,#2123,#2124);
#1990=AXIS2_PLACEMENT_3D('',#2460,#2173,#2174);
#1991=AXIS2_PLACEMENT_3D('',#2461,#2175,#2176);
#1992=AXIS2_PLACEMENT_3D('',#2462,#2177,#2178);
#1993=AXIS2_PLACEMENT_3D('',#2466,#2181,#2182);
#1994=AXIS2_PLACEMENT_3D('',#2471,#2179,#2184);
#1995=AXIS2_PLACEMENT_3D('',#2472,#2185,#2152);
#1996=AXIS2_PLACEMENT_3D('',#2476,#2185,#2152);
#1997=AXIS2_PLACEMENT_3D('',#2477,#2186,#2187);
#1998=AXIS2_PLACEMENT_3D('',#2483,#2189,#2190);
#1999=AXIS2_PLACEMENT_3D('',#2492,#2179,#2184);
#2000=AXIS2_PLACEMENT_3D('',#2493,#2185,#2152);
#2001=AXIS2_PLACEMENT_3D('',#2497,#2185,#2152);
#2002=AXIS2_PLACEMENT_3D('',#2498,#2192,#2193);
#2003=AXIS2_PLACEMENT_3D('',#2500,#2179,#2184);
#2004=AXIS2_PLACEMENT_3D('',#2501,#2185,#2152);
#2005=AXIS2_PLACEMENT_3D('',#2505,#2185,#2152);
#2006=AXIS2_PLACEMENT_3D('',#2509,#2185,#2152);
#2007=AXIS2_PLACEMENT_3D('',#2513,#2185,#2152);
#2008=AXIS2_PLACEMENT_3D('',#2514,#2053,#2120);
#2009=AXIS2_PLACEMENT_3D('',#2519,#2197,#2198);
#2010=AXIS2_PLACEMENT_3D('',#2527,#2107,#2052);
#2011=AXIS2_PLACEMENT_3D('',#2541,#2179,#2184);
#2012=AXIS2_PLACEMENT_3D('',#2545,#2185,#2152);
#2013=AXIS2_PLACEMENT_3D('',#2546,#2185,#2152);
#2014=AXIS2_PLACEMENT_3D('',#2550,#2185,#2152);
#2015=AXIS2_PLACEMENT_3D('',#2551,#2185,#2152);
#2016=AXIS2_PLACEMENT_3D('',#2552,#2206,#2207);
#2017=AXIS2_PLACEMENT_3D('',#2553,#2208,#2153);
#2018=AXIS2_PLACEMENT_3D('',#2554,#2185,#2152);
#2019=AXIS2_PLACEMENT_3D('',#2555,#2209,#2210);
#2020=AXIS2_PLACEMENT_3D('',#2556,#2185,#2152);
#2021=AXIS2_PLACEMENT_3D('',#2557,#2185,#2152);
#2022=AXIS2_PLACEMENT_3D('',#2558,#2208,#2153);
#2023=AXIS2_PLACEMENT_3D('',#2559,#2185,#2152);
#2024=AXIS2_PLACEMENT_3D('',#2560,#2211,#2172);
#2025=AXIS2_PLACEMENT_3D('',#2561,#2212,#2213);
#2026=AXIS2_PLACEMENT_3D('',#2569,#2185,#2152);
#2027=AXIS2_PLACEMENT_3D('',#2570,#2215,#2165);
#2028=AXIS2_PLACEMENT_3D('',#2577,#2185,#2152);
#2029=AXIS2_PLACEMENT_3D('',#2578,#2215,#2165);
#2030=AXIS2_PLACEMENT_3D('',#2582,#2217,#2218);
#2031=AXIS2_PLACEMENT_3D('',#2585,#2219,#2220);
#2032=AXIS2_PLACEMENT_3D('',#2609,#2185,#2152);
#2033=AXIS2_PLACEMENT_3D('',#2612,#2219,#2220);
#2034=AXIS2_PLACEMENT_3D('',#2613,#2217,#2218);
#2035=AXIS2_PLACEMENT_3D('',#2617,#2215,#2165);
#2036=AXIS2_PLACEMENT_3D('',#2624,#2185,#2152);
#2037=AXIS2_PLACEMENT_3D('',#2625,#2215,#2165);
#2038=AXIS2_PLACEMENT_3D('',#2628,#2215,#2165);
#2039=AXIS2_PLACEMENT_3D('',#2629,#2215,#2165);
#2040=AXIS2_PLACEMENT_3D('',#2631,#2217,#2218);
#2041=AXIS2_PLACEMENT_3D('',#2630,#2208,#2153);
#2042=AXIS2_PLACEMENT_3D('',#2632,#2233,#2234);
#2043=AXIS2_PLACEMENT_3D('',#2633,#2185,#2152);
#2044=AXIS2_PLACEMENT_3D('',#2634,#2211,#2172);
#2045=AXIS2_PLACEMENT_3D('',#2635,#2219,#2220);
#2046=AXIS2_PLACEMENT_3D('',#2636,#2208,#2153);
#2047=AXIS2_PLACEMENT_3D('',#2637,#2185,#2152);
#2048=AXIS2_PLACEMENT_3D('',#2650,#2238,#2239);
#2049=AXIS2_PLACEMENT_3D('',#2651,#2208,#2153);
#2050=AXIS2_PLACEMENT_3D('',#2652,#2215,#2165);
#2051=AXIS2_PLACEMENT_3D('',#2653,#2240,#2241);
#2052=DIRECTION('',(0.,0.,1.));
#2053=DIRECTION('',(1.,0.,0.));
#2054=DIRECTION('',(6.93904102108968E-17,6.93958621342556E-18,1.));
#2055=DIRECTION('',(-1.24715492762269E-5,-0.99999999992223,6.94045161880611E-18));
#2056=DIRECTION('',(-1.2471549014091E-5,-0.99999999992223,6.94045161878793E-18));
#2057=DIRECTION('',(-0.99999999992223,1.24715492762269E-5,6.93903236581089E-17));
#2058=DIRECTION('',(0.99999999992223,-1.24715492536536E-5,-6.93903236581091E-17));
#2059=DIRECTION('',(-1.24715492772837E-5,-0.99999999992223,6.94045161880618E-18));
#2060=DIRECTION('',(-1.,8.00093769449256E-16,6.93904102108968E-17));
#2061=DIRECTION('',(1.24715492751701E-5,0.99999999992223,-6.94045161880603E-18));
#2062=DIRECTION('',(0.99999999992223,-1.24715493213736E-5,-6.93903236581086E-17));
#2063=DIRECTION('',(1.24715492762269E-5,0.99999999992223,-6.94045161880611E-18));
#2064=DIRECTION('',(-1.24715495190334E-5,-0.99999999992223,6.94045161882296E-18));
#2065=DIRECTION('',(-6.93904102108968E-17,-6.93958621342556E-18,-1.));
#2066=DIRECTION('',(0.99999999992223,-1.24715492762269E-5,-6.93903236581089E-17));
#2067=DIRECTION('',(1.24715489640472E-5,0.99999999992223,-6.94045161878444E-18));
#2068=DIRECTION('',(-0.99999999992223,1.247154925091E-5,6.93903236581091E-17));
#2069=DIRECTION('',(-6.93911738730419E-17,-6.81719261660312E-17,-1.));
#2070=DIRECTION('',(6.93904102108968E-17,6.93958621342554E-18,1.));
#2071=DIRECTION('',(1.24715492762269E-5,0.99999999992223,-6.94045161880609E-18));
#2072=DIRECTION('',(8.15807025829118E-18,6.94034987557062E-18,1.));
#2073=DIRECTION('',(1.24715492762269E-5,0.99999999992223,0.));
#2074=DIRECTION('',(-1.24715493213736E-5,-0.99999999992223,6.94045161880922E-18));
#2075=DIRECTION('',(0.99999999992223,-1.24715493213736E-5,-8.15798370073819E-18));
#2076=DIRECTION('',(0.99999999992223,-1.24715492751701E-5,-6.9390323658109E-17));
#2077=DIRECTION('',(1.24715492751701E-5,0.99999999992223,-6.81727915761738E-17));
#2078=DIRECTION('',(1.24715492751701E-5,0.99999999992223,0.));
#2079=DIRECTION('',(8.00093769449256E-16,1.,-6.93958621342562E-18));
#2080=DIRECTION('',(-1.,8.00093769449256E-16,8.1588339204362E-18));
#2081=DIRECTION('',(-0.99999999992223,1.24715492772837E-5,6.93903236581089E-17));
#2082=DIRECTION('',(-1.24715492772837E-5,-0.99999999992223,6.81727915761738E-17));
#2083=DIRECTION('',(-1.24715492772837E-5,-0.99999999992223,0.));
#2084=DIRECTION('',(-1.24715492536536E-5,-0.99999999992223,6.94045161880453E-18));
#2085=DIRECTION('',(0.99999999992223,-1.24715492536536E-5,-8.1579837007428E-18));
#2086=DIRECTION('',(0.99999999992223,-1.24715492536536E-5,0.));
#2087=DIRECTION('',(6.93911738730419E-17,6.81719261660312E-17,1.));
#2088=DIRECTION('',(-1.24715492762269E-5,-0.99999999992223,0.));
#2089=DIRECTION('',(-0.99999999992223,1.24715492762269E-5,0.));
#2090=DIRECTION('',(-0.99999999992223,1.2471549014091E-5,6.93903236581108E-17));
#2091=DIRECTION('',(-1.2471549014091E-5,-0.99999999992223,6.81727915761716E-17));
#2092=DIRECTION('',(-0.99999999992223,1.24715495190334E-5,6.93903236581072E-17));
#2093=DIRECTION('',(-1.24715495190334E-5,-0.99999999992223,6.81727915761758E-17));
#2094=DIRECTION('',(-1.24715495190334E-5,-0.99999999992223,0.));
#2095=DIRECTION('',(-1.24715492762269E-5,-0.99999999992223,6.94045161880609E-18));
#2096=DIRECTION('',(1.247154925091E-5,0.99999999992223,-6.94045161880433E-18));
#2097=DIRECTION('',(-0.99999999992223,1.247154925091E-5,8.15798370074299E-18));
#2098=DIRECTION('',(-0.99999999992223,1.247154925091E-5,0.));
#2099=DIRECTION('',(0.99999999992223,-1.24715489640472E-5,-6.93903236581111E-17));
#2100=DIRECTION('',(1.24715489640472E-5,0.99999999992223,-6.81727915761712E-17));
#2101=DIRECTION('',(1.24715489640472E-5,0.99999999992223,0.));
#2102=DIRECTION('',(-8.15807025829118E-18,-6.94034987557062E-18,-1.));
#2103=DIRECTION('',(0.99999999992223,-1.24715492762269E-5,0.));
#2104=DIRECTION('',(0.,1.,0.));
#2105=DIRECTION('',(-0.121869343405147,0.,-0.992546151641322));
#2106=DIRECTION('',(-0.121869343405147,0.,0.992546151641322));
#2107=DIRECTION('',(-1.,0.,0.));
#2108=DIRECTION('',(0.,-0.992546151641322,0.121869343405148));
#2109=DIRECTION('',(-0.120974291151354,0.120974291151355,0.985256536015293));
#2110=DIRECTION('',(-0.120974291151354,-0.120974291151355,-0.985256536015293));
#2111=DIRECTION('',(0.,0.992546151641322,0.121869343405147));
#2112=DIRECTION('',(0.120974291151355,0.120974291151355,-0.985256536015293));
#2113=DIRECTION('',(-0.121066648897579,0.120972918910069,-0.985245360006881));
#2114=DIRECTION('',(0.120974291151354,0.120974291151355,-0.985256536015293));
#2115=DIRECTION('',(0.,-1.,0.));
#2116=DIRECTION('',(-0.992546151641322,0.,0.121869343405147));
#2117=DIRECTION('',(0.120974291151354,-0.120974291151355,0.985256536015293));
#2118=DIRECTION('',(0.992546151641322,0.,0.121869343405147));
#2119=DIRECTION('',(0.121869343405147,0.,-0.992546151641322));
#2120=DIRECTION('',(0.,0.,-1.));
#2121=DIRECTION('',(-0.121962363931391,0.,-0.992534725732187));
#2122=DIRECTION('',(0.992534725732187,0.,-0.121962363931391));
#2123=DIRECTION('',(1.,6.12323399573677E-17,-6.12323399573677E-17));
#2124=DIRECTION('',(-6.12323399573677E-17,0.,-1.));
#2125=DIRECTION('',(-6.12323399573676E-17,-1.05678739056708E-15,-1.));
#2126=DIRECTION('',(6.12315762904606E-17,-0.99999999992223,-1.24715492754268E-5));
#2127=DIRECTION('',(6.12323399573677E-17,-1.05676892402229E-15,1.));
#2128=DIRECTION('',(-6.12323399573704E-17,1.,-4.51466994592837E-14));
#2129=DIRECTION('',(6.12323399573677E-17,3.74939945665464E-33,1.));
#2130=DIRECTION('',(6.12323399573677E-17,-1.,0.));
#2131=DIRECTION('',(6.12323399574053E-17,-1.,6.14576697339597E-13));
#2132=DIRECTION('',(6.12323399573675E-17,3.21245130002793E-15,1.));
#2133=DIRECTION('',(-6.12315762904606E-17,0.99999999992223,1.24715492761714E-5));
#2134=DIRECTION('',(-6.12323399573679E-17,3.21225643833542E-15,-1.));
#2135=DIRECTION('',(-6.12323399573837E-17,2.62135952368863E-13,-1.));
#2136=DIRECTION('',(-6.12323399573677E-17,-3.74939945665464E-33,-1.));
#2137=DIRECTION('',(-6.12323399573663E-17,1.,2.25733497296459E-14));
#2138=DIRECTION('',(-6.12323399573528E-17,-2.42806446106913E-13,-1.));
#2139=DIRECTION('',(-6.12323399573677E-17,1.,0.));
#2140=DIRECTION('',(6.12323399573868E-17,-3.12179716423152E-13,1.));
#2141=DIRECTION('',(6.12323399573661E-17,-1.,-2.5316900079632E-14));
#2142=DIRECTION('',(-1.,-6.12323399573677E-17,6.12323399573677E-17));
#2143=DIRECTION('',(6.12323399573677E-17,-1.,1.05678739056708E-15));
#2144=DIRECTION('',(0.,-1.05678739056708E-15,-1.));
#2145=DIRECTION('',(6.12331036147507E-17,-1.24715492754268E-5,0.99999999992223));
#2146=DIRECTION('',(0.,-0.99999999992223,-1.24715492754268E-5));
#2147=DIRECTION('',(-6.12323399573676E-17,1.,1.05676892402229E-15));
#2148=DIRECTION('',(0.,-1.05676892402229E-15,1.));
#2149=DIRECTION('',(-6.12323399573649E-17,-4.51466994592837E-14,-1.));
#2150=DIRECTION('',(0.,1.,-4.51466994592837E-14));
#2151=DIRECTION('',(-6.12323399573677E-17,1.,6.57668481814025E-49));
#2152=DIRECTION('',(-1.,-6.12323399573677E-17,0.));
#2153=DIRECTION('',(1.,0.,-6.12323399573677E-17));
#2154=DIRECTION('',(6.123233995733E-17,6.14576697339597E-13,1.));
#2155=DIRECTION('',(0.,-1.,6.14576697339597E-13));
#2156=DIRECTION('',(-6.12323399573679E-17,1.,-3.21245130002793E-15));
#2157=DIRECTION('',(0.,3.21245130002793E-15,1.));
#2158=DIRECTION('',(-6.12331036147507E-17,1.24715492761714E-5,-0.99999999992223));
#2159=DIRECTION('',(0.,0.99999999992223,1.24715492761714E-5));
#2160=DIRECTION('',(6.12323399573675E-17,-1.,-3.21225643833542E-15));
#2161=DIRECTION('',(0.,3.21225643833542E-15,-1.));
#2162=DIRECTION('',(6.12323399573516E-17,-1.,-2.62135952368863E-13));
#2163=DIRECTION('',(0.,2.62135952368863E-13,-1.));
#2164=DIRECTION('',(6.12323399573677E-17,-1.,-6.57668481814025E-49));
#2165=DIRECTION('',(1.,6.12323399573677E-17,0.));
#2166=DIRECTION('',(-6.12323399573691E-17,2.25733497296459E-14,-1.));
#2167=DIRECTION('',(0.,1.,2.25733497296459E-14));
#2168=DIRECTION('',(6.12323399573692E-17,-2.5316900079632E-14,1.));
#2169=DIRECTION('',(0.,-1.,-2.5316900079632E-14));
#2170=DIRECTION('',(-6.12323399573486E-17,1.,3.12179716423152E-13));
#2171=DIRECTION('',(0.,-3.12179716423152E-13,1.));
#2172=DIRECTION('',(-1.,0.,6.12323399573677E-17));
#2173=DIRECTION('',(6.12323399573825E-17,-1.,2.42806446106913E-13));
#2174=DIRECTION('',(0.,-2.42806446106913E-13,-1.));
#2175=DIRECTION('',(1.24715492762269E-5,0.99999999992223,-6.81727915761738E-17));
#2176=DIRECTION('',(8.15883392043626E-18,6.81726898281763E-17,1.));
#2177=DIRECTION('',(-0.087155742747646,6.09993324172811E-17,0.996194698091747));
#2178=DIRECTION('',(0.996194698091747,0.,0.087155742747646));
#2179=DIRECTION('',(0.,-1.,6.12323399573677E-17));
#2180=DIRECTION('',(-0.996194698091747,-6.09993324172811E-17,-0.087155742747646));
#2181=DIRECTION('',(0.995531484625816,5.78218225346457E-18,0.0944302023651285));
#2182=DIRECTION('',(0.0944302023651285,0.,-0.995531484625816));
#2183=DIRECTION('',(-0.0944302023651285,-5.78218225346457E-18,0.995531484625816));
#2184=DIRECTION('',(0.,-6.12323399573677E-17,-1.));
#2185=DIRECTION('',(-6.12323399573677E-17,1.,7.02174802628881E-49));
#2186=DIRECTION('',(0.438371146789077,5.50352625946486E-17,0.898794046299167));
#2187=DIRECTION('',(0.898794046299167,0.,-0.438371146789077));
#2188=DIRECTION('',(-0.898794046299167,-5.50352625946487E-17,0.438371146789077));
#2189=DIRECTION('',(-0.43837114678909,-5.50352625946483E-17,-0.898794046299161));
#2190=DIRECTION('',(-0.898794046299161,0.,0.43837114678909));
#2191=DIRECTION('',(0.898794046299161,5.50352625946483E-17,-0.43837114678909));
#2192=DIRECTION('',(-0.996267897670027,-5.28526830509354E-18,-0.0863149817363399));
#2193=DIRECTION('',(-0.0863149817363399,0.,0.996267897670027));
#2194=DIRECTION('',(0.0863149817363399,5.28526830509355E-18,-0.996267897670027));
#2195=DIRECTION('',(-6.12323399573691E-17,2.31296463463564E-14,-1.));
#2196=DIRECTION('',(-6.12323399573677E-17,9.63735264431517E-16,-1.));
#2197=DIRECTION('',(-0.000328287650331753,-6.12323366577778E-17,-0.999999946113608));
#2198=DIRECTION('',(-0.999999946113608,0.,0.000328287650331753));
#2199=DIRECTION('',(0.999999946113608,6.88255139098261E-17,-0.000328287650331753));
#2200=DIRECTION('',(0.999999946113608,6.15487190432798E-17,-0.000328287650331753));
#2201=DIRECTION('',(0.,2.31296463463564E-14,-1.));
#2202=DIRECTION('',(0.,-1.,3.74939945665465E-33));
#2203=DIRECTION('',(0.,7.02174802628881E-49,-1.));
#2204=DIRECTION('',(0.,1.,-3.74939945665465E-33));
#2205=DIRECTION('',(0.,9.63735264431517E-16,-1.));
#2206=DIRECTION('',(-6.12323399573676E-17,1.,9.63735264431517E-16));
#2207=DIRECTION('',(0.,-9.63735264431517E-16,1.));
#2208=DIRECTION('',(6.12323399573677E-17,3.74939945665465E-33,1.));
#2209=DIRECTION('',(-6.12323399573498E-17,-2.92163953848729E-13,-1.));
#2210=DIRECTION('',(0.,1.,-2.92163953848729E-13));
#2211=DIRECTION('',(-6.12323399573677E-17,-3.74939945665465E-33,-1.));
#2212=DIRECTION('',(-6.12323399573663E-17,1.,2.31296463463564E-14));
#2213=DIRECTION('',(0.,-2.31296463463564E-14,1.));
#2214=DIRECTION('',(-0.0863149817363399,-5.28526830509355E-18,0.996267897670027));
#2215=DIRECTION('',(6.12323399573677E-17,-1.,-7.02174802628881E-49));
#2216=DIRECTION('',(-0.898794046299161,-5.50352625946483E-17,0.43837114678909));
#2217=DIRECTION('',(6.12323399573659E-17,-1.,-2.89120579329704E-14));
#2218=DIRECTION('',(0.,2.89120579329704E-14,-1.));
#2219=DIRECTION('',(-6.12323399573686E-17,1.,-1.44560289664865E-14));
#2220=DIRECTION('',(0.,1.44560289664865E-14,1.));
#2221=DIRECTION('',(0.,-1.44560289664865E-14,-1.));
#2222=DIRECTION('',(0.,-2.89120579329704E-14,1.));
#2223=DIRECTION('',(0.,-1.,-2.92163953848753E-13));
#2224=DIRECTION('',(0.,-7.02174802628881E-49,1.));
#2225=DIRECTION('',(0.999999946113608,6.12323366577778E-17,-0.000328287650331753));
#2226=DIRECTION('',(-0.999999946113608,-6.12323366577778E-17,0.000328287650331753));
#2227=DIRECTION('',(6.12323399573498E-17,-1.,-2.92163953848753E-13));
#2228=DIRECTION('',(6.12323399573694E-17,-2.89120579329704E-14,1.));
#2229=DIRECTION('',(-6.12323399573668E-17,-1.44560289664865E-14,-1.));
#2230=DIRECTION('',(0.898794046299167,5.50352625946487E-17,-0.438371146789077));
#2231=DIRECTION('',(0.0944302023651285,5.78218225346457E-18,-0.995531484625816));
#2232=DIRECTION('',(0.996194698091747,6.09993324172811E-17,0.087155742747646));
#2233=DIRECTION('',(-6.12323399573856E-17,2.92163953848753E-13,-1.));
#2234=DIRECTION('',(0.,1.,2.92163953848753E-13));
#2235=DIRECTION('',(0.,-1.04501414215468E-15,-1.));
#2236=DIRECTION('',(0.999999946113608,6.08892714204864E-17,-0.000328287650331753));
#2237=DIRECTION('',(-6.12323399573676E-17,-1.04501414215468E-15,-1.));
#2238=DIRECTION('',(-6.12323399573677E-17,1.,-1.04501414215468E-15));
#2239=DIRECTION('',(0.,1.04501414215468E-15,1.));
#2240=DIRECTION('',(-2.27799063028834E-18,0.999999946113608,0.000328287650331717));
#2241=DIRECTION('',(-1.11022297667278E-16,0.000328287650331717,-0.999999946113608));
#2242=CARTESIAN_POINT('',(0.,0.,0.));
#2243=CARTESIAN_POINT('',(0.00441918668148654,1.48000203652273,0.508));
#2244=CARTESIAN_POINT('',(-2.61084420662948,3.05,0.508));
#2245=CARTESIAN_POINT('',(-0.867313244973251,3.05,0.508));
#2246=CARTESIAN_POINT('',(0.876217716682979,3.05,0.508));
#2247=CARTESIAN_POINT('',(2.61974867833921,3.05,0.508));
#2248=CARTESIAN_POINT('',(2.61974867874599,3.04996738320152,0.508));
#2249=CARTESIAN_POINT('',(2.61974867833921,3.04993476640305,0.508));
#2250=CARTESIAN_POINT('',(2.61974587224026,2.82493473246787,0.508));
#2251=CARTESIAN_POINT('',(1.9970562430773,2.82494249837226,0.508));
#2252=CARTESIAN_POINT('',(1.99704736426377,2.11301703258912,0.508));
#2253=CARTESIAN_POINT('',(2.30444055076346,2.11301319891985,0.508));
#2254=CARTESIAN_POINT('',(2.30439960650256,-1.17,0.508));
#2255=CARTESIAN_POINT('',(-2.29560039385517,-1.17,0.508));
#2256=CARTESIAN_POINT('',(-2.29555944887881,2.11307056804656,0.508));
#2257=CARTESIAN_POINT('',(-1.98816626237907,2.11306673437727,0.508));
#2258=CARTESIAN_POINT('',(-1.98815738356554,2.82499220016042,0.508));
#2259=CARTESIAN_POINT('',(-2.61084701272849,2.82499996606481,0.508));
#2260=CARTESIAN_POINT('',(0.876209950778601,2.42726688177234,0.508));
#2261=CARTESIAN_POINT('',(0.876208703341966,2.3272442956706,0.508));
#2262=CARTESIAN_POINT('',(0.552607466331709,2.42727091759675,0.508));
#2263=CARTESIAN_POINT('',(0.55261150215604,2.75087340204364,0.508));
#2264=CARTESIAN_POINT('',(-0.543714490606426,2.75088707492728,0.508));
#2265=CARTESIAN_POINT('',(-0.543718526430756,2.42728459048037,0.508));
#2266=CARTESIAN_POINT('',(-0.867321010877666,2.4272886263046,0.508));
#2267=CARTESIAN_POINT('',(-0.867322258314246,2.32726604020285,0.508));
#2268=CARTESIAN_POINT('',(-0.867322258314246,2.32726604020295,0.508));
#2269=CARTESIAN_POINT('',(-0.543719773867368,2.32726200437862,0.508));
#2270=CARTESIAN_POINT('',(-0.543723809691699,2.00365951993174,0.508));
#2271=CARTESIAN_POINT('',(0.552602183070753,2.00364584704813,0.508));
#2272=CARTESIAN_POINT('',(0.552606218895084,2.32724833149501,0.508));
#2273=CARTESIAN_POINT('',(-2.61084701272849,2.82499996606481,-1.0842021724855E-16));
#2274=CARTESIAN_POINT('',(-2.61084560967899,3.05,0.));
#2275=CARTESIAN_POINT('',(-2.61084420662948,3.04999999999999,-1.0842021724855E-16));
#2276=CARTESIAN_POINT('',(-1.98815738356554,2.82499220016042,-1.0842021724855E-16));
#2277=CARTESIAN_POINT('',(-1.98815738356554,2.82499220016042,0.));
#2278=CARTESIAN_POINT('',(-1.98816626237907,2.11306673437727,-1.0842021724855E-16));
#2279=CARTESIAN_POINT('',(-1.98819261528573,2.47958421740948E-5,0.));
#2280=CARTESIAN_POINT('',(-2.29555944887881,2.11307056804656,0.));
#2281=CARTESIAN_POINT('',(-2.29560039385517,-1.17,0.));
#2282=CARTESIAN_POINT('',(-2.29558580178547,2.86295114445749E-5,0.));
#2283=CARTESIAN_POINT('',(2.30439960650256,-1.17,-3.25260651745651E-16));
#2284=CARTESIAN_POINT('',(2.30439960650256,-1.17,0.));
#2285=CARTESIAN_POINT('',(2.30444055076346,2.11301319891985,-3.25260651745651E-16));
#2286=CARTESIAN_POINT('',(2.30444055076346,2.11301319891985,0.));
#2287=CARTESIAN_POINT('',(2.30441419785679,-2.87396152260782E-5,0.));
#2288=CARTESIAN_POINT('',(1.99704736426377,2.11301703258912,-3.25260651745651E-16));
#2289=CARTESIAN_POINT('',(1.99704736426377,2.11301703258912,0.));
#2290=CARTESIAN_POINT('',(2.63529066135246E-5,2.11304193853503,0.));
#2291=CARTESIAN_POINT('',(1.9970562430773,2.82494249837226,-3.25260651745651E-16));
#2292=CARTESIAN_POINT('',(1.9970562430773,2.82494249837226,0.));
#2293=CARTESIAN_POINT('',(1.99702101135711,-2.49059459507377E-5,0.));
#2294=CARTESIAN_POINT('',(2.61974587224026,2.82493473246787,-4.33680868994202E-16));
#2295=CARTESIAN_POINT('',(2.61974587224026,2.82493473246787,0.));
#2296=CARTESIAN_POINT('',(3.52317201894294E-5,2.82496740431821,0.));
#2297=CARTESIAN_POINT('',(2.61974867833921,3.04993476640305,-4.33680868994202E-16));
#2298=CARTESIAN_POINT('',(2.61974867833921,3.04993476640305,0.169333333333333));
#2299=CARTESIAN_POINT('',(2.61974867833921,3.04993476640305,0.338666666666666));
#2300=CARTESIAN_POINT('',(2.61974867874599,3.04996738320152,-2.1684043449566E-16));
#2301=CARTESIAN_POINT('',(0.876209950778601,2.42726688177234,-4.48392990681264));
#2302=CARTESIAN_POINT('',(0.876179678863206,-1.0927318253363E-5,0.));
#2303=CARTESIAN_POINT('',(0.876209950778601,2.42726688177234,0.));
#2304=CARTESIAN_POINT('',(0.876208703341966,2.3272442956706,0.));
#2305=CARTESIAN_POINT('',(0.876208703341965,2.3272442956706,-4.48392990681264));
#2306=CARTESIAN_POINT('',(0.552606218895083,2.32724833149501,-4.48392990681264));
#2307=CARTESIAN_POINT('',(0.552606218895084,2.32724833149501,0.));
#2308=CARTESIAN_POINT('',(0.552602183070753,2.00364584704813,0.));
#2309=CARTESIAN_POINT('',(0.552602183070752,2.00364584704813,-4.48392990681264));
#2310=CARTESIAN_POINT('',(2.49886538123885E-5,2.00365273854182,0.));
#2311=CARTESIAN_POINT('',(-0.543723809691699,2.00365951993174,0.));
#2312=CARTESIAN_POINT('',(-0.543723809691699,2.00365951993174,-4.48392990681264));
#2313=CARTESIAN_POINT('',(-0.543719773867368,2.32726200437862,-4.48392990681264));
#2314=CARTESIAN_POINT('',(-0.543719773867368,2.32726200437862,0.));
#2315=CARTESIAN_POINT('',(-0.867322258314246,2.32726604020295,0.));
#2316=CARTESIAN_POINT('',(-0.867322258314247,2.32726604020295,-4.48392990681264));
#2317=CARTESIAN_POINT('',(-0.867322258314247,2.32726604020285,-4.48392990681264));
#2318=CARTESIAN_POINT('',(-0.867351282791714,1.08172139932073E-5,0.));
#2319=CARTESIAN_POINT('',(-0.867321010877666,2.4272886263046,0.));
#2320=CARTESIAN_POINT('',(-0.867321010877667,2.4272886263046,-4.48392990681264));
#2321=CARTESIAN_POINT('',(-0.543718526430757,2.42728459048037,-4.48392990681264));
#2322=CARTESIAN_POINT('',(-0.543718526430756,2.42728459048037,0.));
#2323=CARTESIAN_POINT('',(-0.543714490606426,2.75088707492728,0.));
#2324=CARTESIAN_POINT('',(-0.543714490606426,2.75088707492728,-4.48392990681264));
#2325=CARTESIAN_POINT('',(3.43077391365207E-5,2.75088029353735,0.));
#2326=CARTESIAN_POINT('',(0.55261150215604,2.75087340204364,0.));
#2327=CARTESIAN_POINT('',(0.552611502156039,2.75087340204364,-4.48392990681264));
#2328=CARTESIAN_POINT('',(0.552607466331708,2.42727091759675,-4.48392990681264));
#2329=CARTESIAN_POINT('',(0.552607466331709,2.42727091759675,0.));
#2330=CARTESIAN_POINT('',(-3.29,-3.05,1.067));
#2331=CARTESIAN_POINT('',(-3.14020283569846,-3.05,2.29));
#2332=CARTESIAN_POINT('',(-3.22762544306132,-3.05,1.578));
#2333=CARTESIAN_POINT('',(-3.29,-3.05,1.07));
#2334=CARTESIAN_POINT('',(3.29,-3.05,1.07));
#2335=CARTESIAN_POINT('',(3.14020283569846,-3.05,2.29));
#2336=CARTESIAN_POINT('',(3.22762544306132,-3.05,1.578));
#2337=CARTESIAN_POINT('',(-3.29,-3.05,1.578));
#2338=CARTESIAN_POINT('',(0.,-2.96257739263713,2.29));
#2339=CARTESIAN_POINT('',(3.09424666080735,-2.91662121774603,2.66428300881773));
#2340=CARTESIAN_POINT('',(3.14020283569846,-2.96257739263713,2.29));
#2341=CARTESIAN_POINT('',(3.29,-2.96257739263713,2.29));
#2342=CARTESIAN_POINT('',(-3.14020283569846,-2.96257739263713,2.29));
#2343=CARTESIAN_POINT('',(-3.09424666080735,-2.91662121774603,2.66428300881773));
#2344=CARTESIAN_POINT('',(-3.15862051983389,-2.91862051983389,0.));
#2345=CARTESIAN_POINT('',(0.,-2.91862051983389,0.));
#2346=CARTESIAN_POINT('',(3.16023150510666,-2.91862051983389,0.));
#2347=CARTESIAN_POINT('',(3.19524373559131,-2.95360564379535,0.284930969367749));
#2348=CARTESIAN_POINT('',(3.290856057502,-3.049143942498,1.06302797114141));
#2349=CARTESIAN_POINT('',(3.19370315339321,-3.14629684660679,1.85427487868721));
#2350=CARTESIAN_POINT('',(0.,0.,2.29));
#2351=CARTESIAN_POINT('',(3.14020283569846,2.83119791247102,2.29));
#2352=CARTESIAN_POINT('',(-3.29,2.83119791247102,2.29));
#2353=CARTESIAN_POINT('',(-3.14020283569846,2.83119791247102,2.29));
#2354=CARTESIAN_POINT('',(-3.14020283569846,0.,2.29));
#2355=CARTESIAN_POINT('',(-3.09424666080735,2.78524173757992,2.66428300881773));
#2356=CARTESIAN_POINT('',(-3.29,2.98099507677257,1.07));
#2357=CARTESIAN_POINT('',(-3.29,3.05,1.07));
#2358=CARTESIAN_POINT('',(-3.15862051983389,3.05,0.));
#2359=CARTESIAN_POINT('',(-3.22099507677257,3.05,0.508));
#2360=CARTESIAN_POINT('',(-3.15862051983389,0.,0.));
#2361=CARTESIAN_POINT('',(-3.38945649258586,2.88153858418671,1.88000813013051));
#2362=CARTESIAN_POINT('',(3.29,3.05,1.067));
#2363=CARTESIAN_POINT('',(3.16023150510666,3.05,0.));
#2364=CARTESIAN_POINT('',(2.98007056312203,3.05,0.));
#2365=CARTESIAN_POINT('',(2.7999096211374,3.05,0.));
#2366=CARTESIAN_POINT('',(2.61974867915277,3.05,0.));
#2367=CARTESIAN_POINT('',(2.61974867915277,3.05,0.508));
#2368=CARTESIAN_POINT('',(2.82071724941507,3.05,0.508));
#2369=CARTESIAN_POINT('',(3.02168581967738,3.05,0.508));
#2370=CARTESIAN_POINT('',(3.22265438993968,3.05,0.508));
#2371=CARTESIAN_POINT('',(3.16023150510666,0.,0.));
#2372=CARTESIAN_POINT('',(3.39118163389684,2.88160323009672,1.87948163144426));
#2373=CARTESIAN_POINT('',(3.290856057502,2.98185113427457,1.06302797114142));
#2374=CARTESIAN_POINT('',(3.290856057502,0.,1.06302797114141));
#2375=CARTESIAN_POINT('',(3.14020283569846,0.,2.29));
#2376=CARTESIAN_POINT('',(3.09424666080735,2.78524173757992,2.66428300881773));
#2377=CARTESIAN_POINT('',(0.,2.83119791247102,2.29));
#2378=CARTESIAN_POINT('',(-2.81422783001051,3.05,0.508));
#2379=CARTESIAN_POINT('',(-3.01761145339154,3.05,0.508));
#2380=CARTESIAN_POINT('',(-2.97602888311559,3.05,0.));
#2381=CARTESIAN_POINT('',(-2.79343724639729,3.05,0.));
#2382=CARTESIAN_POINT('',(0.,-1.08,0.));
#2383=CARTESIAN_POINT('',(-0.508,-3.11060286983428E-17,3.11060286983428E-17));
#2384=CARTESIAN_POINT('',(-0.508,2.30001346927319,0.63303984717767));
#2385=CARTESIAN_POINT('',(-0.508,2.30001346927319,-2.64997335199751));
#2386=CARTESIAN_POINT('',(-0.508,-2.29998653072681,-2.65003072112418));
#2387=CARTESIAN_POINT('',(-0.508,-2.29998653072681,0.633039847177705));
#2388=CARTESIAN_POINT('',(-0.508,-1.99259334420317,0.633039847177691));
#2389=CARTESIAN_POINT('',(-0.508,-1.99259334420317,1.3449653130162));
#2390=CARTESIAN_POINT('',(-0.508,-2.61528297341454,1.3449653130162));
#2391=CARTESIAN_POINT('',(-0.508,-2.61528297341454,1.56996534696888));
#2392=CARTESIAN_POINT('',(-0.508,-2.6265734989648,1.56996534696888));
#2393=CARTESIAN_POINT('',(-0.508,-2.6265734989648,2.64996520624253));
#2394=CARTESIAN_POINT('',(-0.508,2.6265734989648,2.65003072112418));
#2395=CARTESIAN_POINT('',(-0.508,2.6265734989648,1.56996534696885));
#2396=CARTESIAN_POINT('',(-0.508,2.61530991196093,1.56996534696885));
#2397=CARTESIAN_POINT('',(-0.508,2.61530991196099,1.34496531301617));
#2398=CARTESIAN_POINT('',(-0.508,1.99262028274961,1.34496531301617));
#2399=CARTESIAN_POINT('',(-0.508,1.99262028274961,0.633039847177663));
#2400=CARTESIAN_POINT('',(-0.508,0.548176465697048,0.847253131647969));
#2401=CARTESIAN_POINT('',(-0.508,0.871778950169096,0.847253131647891));
#2402=CARTESIAN_POINT('',(-0.508,0.548176465697048,0.523650647175924));
#2403=CARTESIAN_POINT('',(-0.508,0.871778950168891,-2.11642442652626E-13));
#2404=CARTESIAN_POINT('',(-0.508,0.871778950169121,0.947275717757411));
#2405=CARTESIAN_POINT('',(-0.508,0.548176465697062,0.94727571775749));
#2406=CARTESIAN_POINT('',(-0.508,0.548176465697062,1.27087820222955));
#2407=CARTESIAN_POINT('',(-0.508,-3.11060286983428E-17,1.27087820222955));
#2408=CARTESIAN_POINT('',(-0.508,-0.548149527150665,1.27087820222955));
#2409=CARTESIAN_POINT('',(-0.508,-0.548149527150665,0.947275717757469));
#2410=CARTESIAN_POINT('',(-0.508,-0.871752011622741,0.947275717757368));
#2411=CARTESIAN_POINT('',(-0.508,-0.871752011622445,-2.72112189750909E-13));
#2412=CARTESIAN_POINT('',(-0.508,-0.87175201162271,0.847253131647942));
#2413=CARTESIAN_POINT('',(-0.508,-0.548149527150665,0.847253131647942));
#2414=CARTESIAN_POINT('',(-0.508,-0.548149527150665,0.523650647175897));
#2415=CARTESIAN_POINT('',(-0.508,-1.32883171398855E-14,0.523650647175911));
#2416=CARTESIAN_POINT('',(3.61111864572607E-32,2.21117244541488E-48,-2.21117244541488E-48));
#2417=CARTESIAN_POINT('',(-1.02072695528118E-16,2.30001346927319,0.63303984717767));
#2418=CARTESIAN_POINT('',(-3.03099275824537E-16,2.30001346927319,-2.64997335199751));
#2419=CARTESIAN_POINT('',(-8.32502914303272E-17,1.99262028274961,0.633039847177663));
#2420=CARTESIAN_POINT('',(-3.96574292817963E-17,1.99262028274961,1.34496531301617));
#2421=CARTESIAN_POINT('',(-7.77861723455947E-17,2.61530991196099,1.34496531301617));
#2422=CARTESIAN_POINT('',(-6.40088937761815E-17,2.61530991196093,1.56996534696885));
#2423=CARTESIAN_POINT('',(-6.46985895647423E-17,2.6265734989648,1.56996534696885));
#2424=CARTESIAN_POINT('',(1.43634060171857E-18,2.6265734989648,2.65003072112418));
#2425=CARTESIAN_POINT('',(1.4363406017186E-18,2.6265734989648,2.65003072112418));
#2426=CARTESIAN_POINT('',(3.23094811795464E-16,-2.6265734989648,2.64996520624253));
#2427=CARTESIAN_POINT('',(2.56963893258511E-16,-2.6265734989648,1.56996534696888));
#2428=CARTESIAN_POINT('',(2.5627254795972E-16,-2.61528297341454,1.56996534696888));
#2429=CARTESIAN_POINT('',(2.4249526939031E-16,-2.61528297341454,1.3449653130162));
#2430=CARTESIAN_POINT('',(2.04366526326512E-16,-1.99259334420317,1.3449653130162));
#2431=CARTESIAN_POINT('',(1.60773664177981E-16,-1.99259334420317,0.633039847177691));
#2432=CARTESIAN_POINT('',(1.79596068275776E-16,-2.29998653072681,0.633039847177705));
#2433=CARTESIAN_POINT('',(-2.14340248665134E-17,-2.29998653072681,-2.65003072112418));
#2434=CARTESIAN_POINT('',(4.62284373864858E-18,0.871778950169121,0.947275717757411));
#2435=CARTESIAN_POINT('',(4.62284373864859E-18,0.871778950169121,0.947275717757411));
#2436=CARTESIAN_POINT('',(-1.50177325742312E-18,0.871778950169096,0.847253131647891));
#2437=CARTESIAN_POINT('',(1.83131640828229E-17,0.548176465697048,0.847253131647969));
#2438=CARTESIAN_POINT('',(-1.50177325741813E-18,0.548176465697048,0.523650647175924));
#2439=CARTESIAN_POINT('',(6.56288326407299E-17,-0.548149527150665,0.523650647175897));
#2440=CARTESIAN_POINT('',(8.5443769980971E-17,-0.548149527150665,0.847253131647942));
#2441=CARTESIAN_POINT('',(1.05258707321212E-16,-0.87175201162271,0.847253131647942));
#2442=CARTESIAN_POINT('',(1.05258707321206E-16,-0.87175201162271,0.847253131647841));
#2443=CARTESIAN_POINT('',(1.11383324317281E-16,-0.871752011622741,0.947275717757368));
#2444=CARTESIAN_POINT('',(9.15683869770446E-17,-0.548149527150665,0.947275717757469));
#2445=CARTESIAN_POINT('',(1.11383324317288E-16,-0.548149527150665,1.27087820222955));
#2446=CARTESIAN_POINT('',(4.42527184191372E-17,0.548176465697062,1.27087820222955));
#2447=CARTESIAN_POINT('',(2.44377810788953E-17,0.548176465697062,0.94727571775749));
#2448=CARTESIAN_POINT('',(-4.99192990681264,0.548176465697047,0.84725313164797));
#2449=CARTESIAN_POINT('',(-4.99192990681264,0.548176465697047,0.523650647175925));
#2450=CARTESIAN_POINT('',(-4.99192990681264,0.871778950169096,0.847253131647891));
#2451=CARTESIAN_POINT('',(-4.99192990681264,-0.548149527150665,0.523650647175897));
#2452=CARTESIAN_POINT('',(-4.99192990681264,-0.548149527150665,0.847253131647942));
#2453=CARTESIAN_POINT('',(-4.99192990681264,-0.87175201162271,0.847253131647942));
#2454=CARTESIAN_POINT('',(-4.99192990681264,-0.87175201162271,0.847253131647841));
#2455=CARTESIAN_POINT('',(-4.99192990681264,-0.871752011622741,0.947275717757368));
#2456=CARTESIAN_POINT('',(-4.99192990681264,-0.548149527150665,0.947275717757469));
#2457=CARTESIAN_POINT('',(-4.99192990681264,-0.548149527150665,1.27087820222955));
#2458=CARTESIAN_POINT('',(-4.99192990681264,0.548176465697061,1.27087820222955));
#2459=CARTESIAN_POINT('',(-4.99192990681264,0.548176465697061,0.94727571775749));
#2460=CARTESIAN_POINT('',(-4.99192990681264,0.87177895016912,0.947275717757411));
#2461=CARTESIAN_POINT('',(0.00441918668148654,0.400002036522733,0.508));
#2462=CARTESIAN_POINT('',(1.66459565060006,2.8725,-1.50441287381867));
#2463=CARTESIAN_POINT('',(1.66459565060006,2.6775,-1.50441287381867));
#2464=CARTESIAN_POINT('',(1.66459565060006,1.8945,-1.50441287381867));
#2465=CARTESIAN_POINT('',(1.14353241401482,1.8945,-1.55));
#2466=CARTESIAN_POINT('',(1.14353241401482,2.8725,-1.55));
#2467=CARTESIAN_POINT('',(1.14353241401482,2.6775,-1.55));
#2468=CARTESIAN_POINT('',(1.06733121771267,1.8945,-0.746648019543446));
#2469=CARTESIAN_POINT('',(1.06733121771267,2.8725,-0.746648019543446));
#2470=CARTESIAN_POINT('',(1.06733121771267,2.6775,-0.746648019543446));
#2471=CARTESIAN_POINT('',(0.561500978759567,2.8725,-0.794628070967654));
#2472=CARTESIAN_POINT('',(0.561500978759567,1.8945,-0.794628070967654));
#2473=CARTESIAN_POINT('',(0.784237662987893,1.8945,-0.33795019163366));
#2474=CARTESIAN_POINT('',(0.784237662987893,2.8725,-0.33795019163366));
#2475=CARTESIAN_POINT('',(0.784237662987893,2.6775,-0.33795019163366));
#2476=CARTESIAN_POINT('',(0.561500978759567,2.6775,-0.794628070967654));
#2477=CARTESIAN_POINT('',(0.784237662987895,2.8725,-0.337950191633657));
#2478=CARTESIAN_POINT('',(0.784237662987895,1.8945,-0.337950191633657));
#2479=CARTESIAN_POINT('',(0.570728020981563,1.8945,-0.233814581254139));
#2480=CARTESIAN_POINT('',(0.570728020981563,2.8725,-0.233814581254139));
#2481=CARTESIAN_POINT('',(0.570728020981563,2.6775,-0.233814581254139));
#2482=CARTESIAN_POINT('',(0.784237662987895,2.6775,-0.337950191633657));
#2483=CARTESIAN_POINT('',(0.816379050265866,2.8725,0.211687225250471));
#2484=CARTESIAN_POINT('',(0.816379050265867,2.8725,0.211687225250473));
#2485=CARTESIAN_POINT('',(0.816379050265867,2.6775,0.211687225250471));
#2486=CARTESIAN_POINT('',(0.816379050265867,1.8945,0.211687225250471));
#2487=CARTESIAN_POINT('',(0.816379050265866,1.8945,0.211687225250471));
#2488=CARTESIAN_POINT('',(1.02951894032934,1.8945,0.107731954943166));
#2489=CARTESIAN_POINT('',(1.02951894032934,2.8725,0.107731954943165));
#2490=CARTESIAN_POINT('',(1.02951894032934,2.6775,0.107731954943166));
#2491=CARTESIAN_POINT('',(0.816379050265866,2.6775,0.211687225250471));
#2492=CARTESIAN_POINT('',(0.584045571872682,2.8725,-0.805623803724842));
#2493=CARTESIAN_POINT('',(0.584045571872682,1.8945,-0.805623803724842));
#2494=CARTESIAN_POINT('',(1.59645439373765,1.8945,-0.717910399355042));
#2495=CARTESIAN_POINT('',(1.59645439373764,2.8725,-0.717910399355042));
#2496=CARTESIAN_POINT('',(1.59645439373764,2.6775,-0.717910399355042));
#2497=CARTESIAN_POINT('',(0.584045571872682,2.6775,-0.805623803724842));
#2498=CARTESIAN_POINT('',(1.59645439373765,2.8725,-0.717910399355042));
#2499=CARTESIAN_POINT('',(1.59645439373765,2.6775,-0.717910399355042));
#2500=CARTESIAN_POINT('',(1.01620138943827,2.8725,0.679541177413922));
#2501=CARTESIAN_POINT('',(1.01620138943827,1.8945,0.679541177413922));
#2502=CARTESIAN_POINT('',(0.0159862978158321,1.8945,0.500000000000521));
#2503=CARTESIAN_POINT('',(0.0159862978158321,2.8725,0.500000000000521));
#2504=CARTESIAN_POINT('',(0.0159862978158321,1.7995,0.500000000000521));
#2505=CARTESIAN_POINT('',(1.01620138943827,1.7995,0.679541177413922));
#2506=CARTESIAN_POINT('',(-6.85776993628441E-17,1.7995,0.679541177413922));
#2507=CARTESIAN_POINT('',(-8.67361737988404E-16,2.8725,0.679541177413922));
#2508=CARTESIAN_POINT('',(-1.28156766141362E-16,2.7725,0.679541177413922));
#2509=CARTESIAN_POINT('',(1.01620138943827,2.7725,0.679541177413922));
#2510=CARTESIAN_POINT('',(0.0159862978158425,2.7725,0.500000000000493));
#2511=CARTESIAN_POINT('',(0.0159862978158425,2.87249999999995,0.500000000000464));
#2512=CARTESIAN_POINT('',(0.0159862978158425,2.6775,0.500000000000521));
#2513=CARTESIAN_POINT('',(1.01620138943827,2.6775,0.679541177413922));
#2514=CARTESIAN_POINT('',(2.60208521396521E-15,2.8725,0.679541177413922));
#2515=CARTESIAN_POINT('',(-4.86490940961308E-17,1.89450000000001,1.09999999999998));
#2516=CARTESIAN_POINT('',(-4.28320218001803E-17,1.7995,1.09999999999998));
#2517=CARTESIAN_POINT('',(-2.10945411153136E-17,1.8945,1.55));
#2518=CARTESIAN_POINT('',(-4.30661315034273E-17,1.89450000000001,1.19117669840135));
#2519=CARTESIAN_POINT('',(2.60208521396521E-15,2.8725,1.19117669840135));
#2520=CARTESIAN_POINT('',(-9.10110536900458E-17,2.67750000000001,1.19117669840135));
#2521=CARTESIAN_POINT('',(-6.90394633019326E-17,2.6775,1.55));
#2522=CARTESIAN_POINT('',(-9.65940162827493E-17,2.67750000000001,1.09999999999998));
#2523=CARTESIAN_POINT('',(-1.02411088578699E-16,2.7725,1.09999999999998));
#2524=CARTESIAN_POINT('',(-4.28320218001804E-17,1.7995,1.09999999999998));
#2525=CARTESIAN_POINT('',(2.66941622252174E-15,1.89450000000001,1.19117669840135));
#2526=CARTESIAN_POINT('',(0.531015039775093,1.89450000000001,1.19100237271226));
#2527=CARTESIAN_POINT('',(0.531015039775093,2.8725,1.19100237271226));
#2528=CARTESIAN_POINT('',(0.531015039775093,2.67750000000001,1.19100237271226));
#2529=CARTESIAN_POINT('',(2.61409113338679E-15,2.67750000000001,1.19117669840135));
#2530=CARTESIAN_POINT('',(0.531015039775093,1.89450000000001,1.19100237271224));
#2531=CARTESIAN_POINT('',(0.531015039775093,1.89450000000001,1.09999999999998));
#2532=CARTESIAN_POINT('',(0.531015039775093,2.8725,1.09999999999998));
#2533=CARTESIAN_POINT('',(0.531015039775093,1.7995,1.09999999999998));
#2534=CARTESIAN_POINT('',(0.531015039775093,1.7995,1.19100237271226));
#2535=CARTESIAN_POINT('',(0.531015039775093,1.7995,0.668365104584498));
#2536=CARTESIAN_POINT('',(0.531015039775093,2.8725,0.668365104584498));
#2537=CARTESIAN_POINT('',(0.531015039775093,2.7725,0.668365104584498));
#2538=CARTESIAN_POINT('',(0.531015039775093,2.7725,1.19100237271226));
#2539=CARTESIAN_POINT('',(0.531015039775093,2.7725,1.09999999999998));
#2540=CARTESIAN_POINT('',(0.531015039775093,2.67750000000001,1.09999999999998));
#2541=CARTESIAN_POINT('',(1.03911573449423,2.8725,0.668365104584498));
#2542=CARTESIAN_POINT('',(0.559720795500819,2.8725,0.500000000000521));
#2543=CARTESIAN_POINT('',(0.559720795500819,1.7995,0.500000000000521));
#2544=CARTESIAN_POINT('',(0.559720795500819,1.8945,0.500000000000521));
#2545=CARTESIAN_POINT('',(1.03911573449423,1.8945,0.668365104584498));
#2546=CARTESIAN_POINT('',(1.03911573449423,2.6775,0.668365104584498));
#2547=CARTESIAN_POINT('',(0.559720795500839,2.6775,0.500000000000521));
#2548=CARTESIAN_POINT('',(0.559720795500839,2.87249999999996,0.500000000000464));
#2549=CARTESIAN_POINT('',(0.559720795500839,2.7725,0.500000000000493));
#2550=CARTESIAN_POINT('',(1.03911573449423,2.7725,0.668365104584498));
#2551=CARTESIAN_POINT('',(1.03911573449423,1.7995,0.668365104584498));
#2552=CARTESIAN_POINT('',(1.90320465793247,2.6775,1.55));
#2553=CARTESIAN_POINT('',(1.90320465793247,2.67750000000001,1.09999999999998));
#2554=CARTESIAN_POINT('',(1.90320465793247,2.7725,1.09999999999998));
#2555=CARTESIAN_POINT('',(1.90320465793247,2.7725,0.500000000000493));
#2556=CARTESIAN_POINT('',(1.90320465793247,2.6775,0.500000000000521));
#2557=CARTESIAN_POINT('',(1.90320465793247,1.8945,0.500000000000521));
#2558=CARTESIAN_POINT('',(1.90320465793247,1.7995,0.500000000000521));
#2559=CARTESIAN_POINT('',(1.90320465793247,1.7995,1.09999999999998));
#2560=CARTESIAN_POINT('',(1.90320465793247,1.89450000000001,1.09999999999998));
#2561=CARTESIAN_POINT('',(1.90320465793247,1.8945,1.55));
#2562=CARTESIAN_POINT('',(1.59645439373764,-1.89450000000001,-0.717910399355042));
#2563=CARTESIAN_POINT('',(1.59645439373765,-2.6775,-0.717910399355042));
#2564=CARTESIAN_POINT('',(1.66459565060006,-2.6775,-1.50441287381867));
#2565=CARTESIAN_POINT('',(1.66459565060006,-1.89450000000001,-1.50441287381867));
#2566=CARTESIAN_POINT('',(1.59645439373765,-1.89450000000001,-0.717910399355042));
#2567=CARTESIAN_POINT('',(1.02951894032934,-1.89450000000001,0.107731954943166));
#2568=CARTESIAN_POINT('',(1.02951894032934,-2.6775,0.107731954943166));
#2569=CARTESIAN_POINT('',(0.584045571872682,-2.6775,-0.805623803724842));
#2570=CARTESIAN_POINT('',(0.584045571872682,-1.89450000000001,-0.805623803724842));
#2571=CARTESIAN_POINT('',(0.816379050265867,-1.89450000000001,0.211687225250471));
#2572=CARTESIAN_POINT('',(0.816379050265867,-2.6775,0.211687225250471));
#2573=CARTESIAN_POINT('',(0.816379050265866,-2.6775,0.211687225250471));
#2574=CARTESIAN_POINT('',(0.816379050265866,-1.89450000000001,0.211687225250471));
#2575=CARTESIAN_POINT('',(0.559720795500819,-2.7725,0.500000000000521));
#2576=CARTESIAN_POINT('',(0.559720795500819,-2.6775,0.500000000000521));
#2577=CARTESIAN_POINT('',(1.03911573449423,-2.6775,0.668365104584498));
#2578=CARTESIAN_POINT('',(1.03911573449423,-1.89450000000001,0.668365104584498));
#2579=CARTESIAN_POINT('',(0.559720795500829,-1.89450000000001,0.500000000000493));
#2580=CARTESIAN_POINT('',(0.559720795500829,2.8725,0.500000000000493));
#2581=CARTESIAN_POINT('',(0.559720795500829,-1.7995,0.500000000000493));
#2582=CARTESIAN_POINT('',(1.03911573449423,-1.79950000000001,0.668365104584498));
#2583=CARTESIAN_POINT('',(0.531015039775093,-1.79950000000001,0.668365104584498));
#2584=CARTESIAN_POINT('',(0.531015039775093,-2.7725,0.668365104584498));
#2585=CARTESIAN_POINT('',(1.03911573449423,-2.7725,0.668365104584498));
#2586=CARTESIAN_POINT('',(0.531015039775093,-1.89450000000001,1.19100237271226));
#2587=CARTESIAN_POINT('',(0.531015039775093,-2.6775,1.19100237271226));
#2588=CARTESIAN_POINT('',(0.531015039775093,-2.6775,1.09999999999998));
#2589=CARTESIAN_POINT('',(0.531015039775093,-2.7725,1.09999999999998));
#2590=CARTESIAN_POINT('',(0.531015039775093,-2.77249999999999,1.19100237271234));
#2591=CARTESIAN_POINT('',(0.531015039775093,-1.79950000000002,1.19100237271212));
#2592=CARTESIAN_POINT('',(0.531015039775093,-1.79950000000002,1.1));
#2593=CARTESIAN_POINT('',(0.531015039775093,2.87250000000003,1.10000000000137));
#2594=CARTESIAN_POINT('',(0.531015039775093,-1.89450000000001,1.09999999999998));
#2595=CARTESIAN_POINT('',(1.8894320459504E-16,-1.89450000000001,1.19117669840135));
#2596=CARTESIAN_POINT('',(2.36888126781659E-16,-2.6775,1.19117669840135));
#2597=CARTESIAN_POINT('',(2.94203622920374E-15,-2.6775,1.19117669840135));
#2598=CARTESIAN_POINT('',(2.89407557245928E-15,-1.89450000000001,1.19117669840135));
#2599=CARTESIAN_POINT('',(2.31305164188955E-16,-2.6775,1.09999999999998));
#2600=CARTESIAN_POINT('',(2.37122236484905E-16,-2.7725,1.09999999999998));
#2601=CARTESIAN_POINT('',(2.58859717169772E-16,-2.6775,1.55));
#2602=CARTESIAN_POINT('',(1.83360242002337E-16,-1.89450000000001,1.09999999999998));
#2603=CARTESIAN_POINT('',(1.77543169706389E-16,-1.79950000000002,1.1));
#2604=CARTESIAN_POINT('',(1.40803765731997E-16,-1.7995,0.500000000000493));
#2605=CARTESIAN_POINT('',(1.51797492143723E-16,-1.79950000000001,0.679541177413922));
#2606=CARTESIAN_POINT('',(2.11376558922241E-16,-2.7725,0.679541177413923));
#2607=CARTESIAN_POINT('',(0.570728020981563,-1.89450000000001,-0.233814581254139));
#2608=CARTESIAN_POINT('',(0.570728020981563,-2.6775,-0.233814581254138));
#2609=CARTESIAN_POINT('',(1.01620138943827,-2.6775,0.679541177413923));
#2610=CARTESIAN_POINT('',(0.0159862978158321,-2.6775,0.500000000000521));
#2611=CARTESIAN_POINT('',(0.0159862978158321,-2.7725,0.500000000000521));
#2612=CARTESIAN_POINT('',(1.01620138943827,-2.7725,0.679541177413923));
#2613=CARTESIAN_POINT('',(1.01620138943827,-1.79950000000001,0.679541177413923));
#2614=CARTESIAN_POINT('',(0.0159862978158373,-1.7995,0.500000000000493));
#2615=CARTESIAN_POINT('',(0.015986297815837,2.8725,0.500000000000493));
#2616=CARTESIAN_POINT('',(0.015986297815837,-1.89450000000001,0.500000000000493));
#2617=CARTESIAN_POINT('',(1.01620138943827,-1.89450000000001,0.679541177413923));
#2618=CARTESIAN_POINT('',(0.784237662987894,-1.89450000000001,-0.33795019163366));
#2619=CARTESIAN_POINT('',(0.784237662987893,-2.6775,-0.33795019163366));
#2620=CARTESIAN_POINT('',(0.784237662987895,-2.6775,-0.337950191633657));
#2621=CARTESIAN_POINT('',(0.784237662987895,-1.89450000000001,-0.337950191633657));
#2622=CARTESIAN_POINT('',(1.06733121771267,-1.89450000000001,-0.746648019543446));
#2623=CARTESIAN_POINT('',(1.06733121771267,-2.6775,-0.746648019543446));
#2624=CARTESIAN_POINT('',(0.561500978759567,-2.6775,-0.794628070967654));
#2625=CARTESIAN_POINT('',(0.561500978759567,-1.89450000000001,-0.794628070967654));
#2626=CARTESIAN_POINT('',(1.14353241401482,-1.89450000000001,-1.55));
#2627=CARTESIAN_POINT('',(1.14353241401482,-2.6775,-1.55));
#2628=CARTESIAN_POINT('',(1.90320465793247,-1.89450000000001,1.09999999999998));
#2629=CARTESIAN_POINT('',(1.90320465793247,-1.89450000000001,-1.55));
#2630=CARTESIAN_POINT('',(1.90320465793247,-1.89450000000001,0.500000000000493));
#2631=CARTESIAN_POINT('',(1.90320465793247,-1.7995,0.500000000000493));
#2632=CARTESIAN_POINT('',(1.90320465793247,-1.79950000000002,1.1));
#2633=CARTESIAN_POINT('',(1.90320465793247,-2.6775,1.55));
#2634=CARTESIAN_POINT('',(1.90320465793247,-2.6775,1.09999999999998));
#2635=CARTESIAN_POINT('',(1.90320465793247,-2.7725,1.09999999999998));
#2636=CARTESIAN_POINT('',(1.90320465793247,-2.7725,0.500000000000521));
#2637=CARTESIAN_POINT('',(1.90320465793247,-2.6775,0.500000000000521));
#2638=CARTESIAN_POINT('',(0.531015039775093,0.391499999999984,1.19100237271226));
#2639=CARTESIAN_POINT('',(0.531015039775093,-0.391500000000001,1.19100237271226));
#2640=CARTESIAN_POINT('',(0.531015039775093,-0.391500000000001,0.719999999999985));
#2641=CARTESIAN_POINT('',(0.531015039775093,2.8725,0.719999999999985));
#2642=CARTESIAN_POINT('',(0.531015039775093,0.391499999999984,0.719999999999985));
#2643=CARTESIAN_POINT('',(4.8966075452498E-17,0.391499999999984,1.19117669840135));
#2644=CARTESIAN_POINT('',(9.69109976391159E-17,-0.391500000000001,1.19117669840135));
#2645=CARTESIAN_POINT('',(2.8008933975124E-15,-0.391500000000001,1.19117669840135));
#2646=CARTESIAN_POINT('',(2.75405250564211E-15,0.391499999999984,1.19117669840135));
#2647=CARTESIAN_POINT('',(6.80597458626133E-17,-0.391500000000001,0.719999999999985));
#2648=CARTESIAN_POINT('',(2.01148236759953E-17,0.391499999999984,0.719999999999985));
#2649=CARTESIAN_POINT('',(1.1888258802723E-16,-0.3915,1.55));
#2650=CARTESIAN_POINT('',(1.90320465793247,-0.3915,1.55));
#2651=CARTESIAN_POINT('',(1.90320465793247,-0.391500000000001,0.719999999999984));
#2652=CARTESIAN_POINT('',(1.90320465793247,0.391499999999984,0.719999999999984));
#2653=CARTESIAN_POINT('',(0.00258331872484037,-5.32117663421314,1.57760895140055));
#2654=MECHANICAL_DESIGN_GEOMETRIC_PRESENTATION_REPRESENTATION('',(#1885,#1886,#1887,#1888,#1889),#2655);
#2655=(GEOMETRIC_REPRESENTATION_CONTEXT(3)GLOBAL_UNCERTAINTY_ASSIGNED_CONTEXT((#2659))GLOBAL_UNIT_ASSIGNED_CONTEXT((#2662,#2661,#2660))REPRESENTATION_CONTEXT('TO252-3L','TOP_LEVEL_ASSEMBLY_PART'));
#2656=(GEOMETRIC_REPRESENTATION_CONTEXT(3)GLOBAL_UNCERTAINTY_ASSIGNED_CONTEXT((#2659))GLOBAL_UNIT_ASSIGNED_CONTEXT((#2662,#2661,#2660))REPRESENTATION_CONTEXT('CPD','COMPONENT_PART'));
#2657=(GEOMETRIC_REPRESENTATION_CONTEXT(3)GLOBAL_UNCERTAINTY_ASSIGNED_CONTEXT((#2659))GLOBAL_UNIT_ASSIGNED_CONTEXT((#2662,#2661,#2660))REPRESENTATION_CONTEXT('EP','COMPONENT_PART'));
#2658=(GEOMETRIC_REPRESENTATION_CONTEXT(3)GLOBAL_UNCERTAINTY_ASSIGNED_CONTEXT((#2659))GLOBAL_UNIT_ASSIGNED_CONTEXT((#2662,#2661,#2660))REPRESENTATION_CONTEXT('LEAD','COMPONENT_PART'));
#2659=UNCERTAINTY_MEASURE_WITH_UNIT(LENGTH_MEASURE(0.005),#2662,'DISTANCE_ACCURACY_VALUE','Maximum Tolerance applied to model');
#2660=(NAMED_UNIT(*)SI_UNIT($,.STERADIAN.)SOLID_ANGLE_UNIT());
#2661=(NAMED_UNIT(*)PLANE_ANGLE_UNIT()SI_UNIT($,.RADIAN.));
#2662=(LENGTH_UNIT()NAMED_UNIT(*)SI_UNIT(.MILLI.,.METRE.));
#2663=PRODUCT_DEFINITION_SHAPE('','',#2670);
#2664=PRODUCT_DEFINITION_SHAPE('','',#2671);
#2665=PRODUCT_DEFINITION_SHAPE(' ','NAUO PRDDFN',#11);
#2666=PRODUCT_DEFINITION_SHAPE('','',#2672);
#2667=PRODUCT_DEFINITION_SHAPE(' ','NAUO PRDDFN',#12);
#2668=PRODUCT_DEFINITION_SHAPE('','',#2673);
#2669=PRODUCT_DEFINITION_SHAPE(' ','NAUO PRDDFN',#13);
#2670=PRODUCT_DEFINITION('','',#2678,#2674);
#2671=PRODUCT_DEFINITION('','',#2679,#2675);
#2672=PRODUCT_DEFINITION('','',#2680,#2676);
#2673=PRODUCT_DEFINITION('','',#2681,#2677);
#2674=PRODUCT_DEFINITION_CONTEXT('',#2693,'design');
#2675=PRODUCT_DEFINITION_CONTEXT('',#2693,'design');
#2676=PRODUCT_DEFINITION_CONTEXT('',#2693,'design');
#2677=PRODUCT_DEFINITION_CONTEXT('',#2693,'design');
#2678=PRODUCT_DEFINITION_FORMATION_WITH_SPECIFIED_SOURCE('','',#2686,.NOT_KNOWN.);
#2679=PRODUCT_DEFINITION_FORMATION_WITH_SPECIFIED_SOURCE('','',#2687,.NOT_KNOWN.);
#2680=PRODUCT_DEFINITION_FORMATION_WITH_SPECIFIED_SOURCE('','',#2688,.NOT_KNOWN.);
#2681=PRODUCT_DEFINITION_FORMATION_WITH_SPECIFIED_SOURCE('','',#2689,.NOT_KNOWN.);
#2682=PRODUCT_RELATED_PRODUCT_CATEGORY('','',(#2686));
#2683=PRODUCT_RELATED_PRODUCT_CATEGORY('','',(#2687));
#2684=PRODUCT_RELATED_PRODUCT_CATEGORY('','',(#2688));
#2685=PRODUCT_RELATED_PRODUCT_CATEGORY('','',(#2689));
#2686=PRODUCT('TO252-3L','TO252-3L','TO252-3L',(#2691));
#2687=PRODUCT('CPD','CPD','CPD',(#2691));
#2688=PRODUCT('EP','EP','EP',(#2691));
#2689=PRODUCT('LEAD','LEAD','LEAD',(#2691));
#2690=PRODUCT_CATEGORY('','');
#2691=PRODUCT_CONTEXT('',#2693,'mechanical');
#2692=APPLICATION_PROTOCOL_DEFINITION('international standard','automotive_design',2010,#2693);
#2693=APPLICATION_CONTEXT('core data for automotive mechanical design processes');
ENDSEC;
END-ISO-10303-21;
